event_id,category,tags,city,performers,venue_name,venue_lat,venue_lng,title,description,start_time,gates_open,end_time,price_band,hotness
1,festival,food festivals,Bengaluru,Riya Project,Garden Auditorium,13.0144,77.5718,Bengaluru Food Festivals Fest,An evening of food festivals in Bengaluru. weekend pe plans chahiye,2026-09-30 21:00:00,2026-09-30 19:30:00,2026-10-01 00:00:00,2,0.5010494023146147
2,theatre,musicals,Hyderabad,Blue Lantern Band,Harbour Grounds,17.4499,78.5754,Blue Lantern Band presents a musicals evening,An evening of musicals in Hyderabad. weekend pe plans chahiye,2026-07-06 17:00:00,2026-07-06 15:30:00,2026-07-06 20:00:00,3,0.6612256310973897
3,movie,anime,Hyderabad,The Monsoon Collective,Harbour Grounds,17.3915,78.5249,Anime Marathon: The Monsoon Collective Premiere,An evening of anime in Hyderabad.,2026-09-05 21:00:00,2026-09-05 19:30:00,2026-09-06 00:00:00,3,2.3477316836556685
4,sports,cricket,Delhi,Aarav Trio,Garden Hall,28.6247,77.1649,Delhi Tigers vs Strikers (cricket),An evening of cricket in Delhi.,2027-01-17 21:00:00,2027-01-17 19:30:00,2027-01-18 00:00:00,3,0.7309146147092436
5,comedy,stand-up comedy,Bengaluru,Riya Express,Harbour Club,13.0273,77.5959,Comedy Night ft. Riya Express,"An evening of stand-up comedy in Bengaluru. new city, new friends",2027-01-18 19:00:00,2027-01-18 17:30:00,2027-01-18 22:00:00,1,1.2779561323502266
6,workshop,coding,Delhi,Saffron Sessions,Riverside Grounds,28.5907,77.1862,Coding Workshop with Saffron Sessions,An evening of coding in Delhi. always up for a good show,2026-06-26 17:00:00,2026-06-26 15:30:00,2026-06-26 20:00:00,1,6.936177376934702
7,theatre,theatre,Pune,Blue Lantern Project,Skyline Arena,18.5144,73.8568,Blue Lantern Project presents a theatre evening,An evening of theatre in Pune. ekdum mast vibe,2026-10-01 19:00:00,2026-10-01 17:30:00,2026-10-01 22:00:00,3,2.385373821775072
8,workshop,photography,Delhi,Static Tides Live,Royal Arena,28.6274,77.2426,Photography Workshop with Static Tides Live,An evening of photography in Delhi. always up for a good show,2026-07-23 18:00:00,2026-07-23 16:30:00,2026-07-23 21:00:00,1,1.8176180754470976
9,workshop,coding,Delhi,Blue Lantern Collective,Garden Hall,28.6247,77.1649,Coding Workshop with Blue Lantern Collective,An evening of coding in Delhi. ekdum mast vibe,2026-08-01 17:00:00,2026-08-01 15:30:00,2026-08-01 20:00:00,1,1.251304022047147
10,workshop,pottery,Hyderabad,Blue Lantern Collective,Royal Hall,17.4405,78.5003,Pottery Workshop with Blue Lantern Collective,An evening of pottery in Hyderabad. chalo saath chalte hain,2026-11-15 17:00:00,2026-11-15 15:30:00,2026-11-15 20:00:00,3,0.5955666065171945
11,festival,music festivals,Pune,DJ Neon Express,Sunrise Hall,18.5595,73.9874,Pune Music Festivals Carnival,An evening of music festivals in Pune. always up for a good show,2026-10-15 19:00:00,2026-10-15 17:30:00,2026-10-15 22:00:00,1,0.6936441763766421
12,sports,football,Hyderabad,Midnight Chai Collective,Harbour Grounds,17.3915,78.5249,Hyderabad Tigers vs Titans (football),An evening of football in Hyderabad. ekdum mast vibe,2027-01-19 19:00:00,2027-01-19 17:30:00,2027-01-19 22:00:00,2,0.7419188425923429
13,concert,bollywood music,Delhi,Mehfil Live,Garden Hall,28.6247,77.1649,Mehfil Live - Bollywood Music Night,An evening of bollywood music in Delhi. ekdum mast vibe,2026-09-09 17:00:00,2026-09-09 15:30:00,2026-09-09 20:00:00,1,0.649552191265229
14,theatre,theatre,Mumbai,Static Tides Band,Royal Hall,19.1697,72.8776,Static Tides Band presents a theatre evening,An evening of theatre in Mumbai. weekend pe plans chahiye,2026-09-20 21:00:00,2026-09-20 19:30:00,2026-09-21 00:00:00,2,1.195530893342895
15,conference,ai,Delhi,Kavya Band,Royal Arena,28.6274,77.2426,Delhi Ai Summit 2026,An evening of ai in Delhi. chalo saath chalte hain,2026-08-18 18:00:00,2026-08-18 16:30:00,2026-08-18 21:00:00,3,3.353440243757572
16,conference,ai,Mumbai,Riya Band,Metro Club,19.1581,72.9795,Mumbai Ai Summit 2026,An evening of ai in Mumbai. chalo saath chalte hain,2026-06-26 21:00:00,2026-06-26 19:30:00,2026-06-27 00:00:00,2,0.8878187451790696
17,concert,rock,Bengaluru,Static Tides Sessions,Harbour Club,13.0273,77.5959,Static Tides Sessions - Rock Night,An evening of rock in Bengaluru. chalo saath chalte hain,2026-07-02 18:00:00,2026-07-02 16:30:00,2026-07-02 21:00:00,2,1.597536916333193
18,comedy,stand-up comedy,Delhi,Mehfil Project,Sunrise Grounds,28.5718,77.2247,Comedy Night ft. Mehfil Project,An evening of stand-up comedy in Delhi.,2026-10-29 19:00:00,2026-10-29 17:30:00,2026-10-29 22:00:00,1,1.6461983295297251
19,theatre,theatre,Delhi,Blue Lantern Express,Royal Grounds,28.571,77.1801,Blue Lantern Express presents a theatre evening,An evening of theatre in Delhi. weekend pe plans chahiye,2026-09-19 20:00:00,2026-09-19 18:30:00,2026-09-19 23:00:00,2,2.742028579813897
20,sports,cricket,Mumbai,DJ Neon Live,Metro Hall,19.067,72.8295,Mumbai Dynamos vs Titans (cricket),An evening of cricket in Mumbai.,2026-12-13 20:00:00,2026-12-13 18:30:00,2026-12-13 23:00:00,2,0.9747147215006676
21,festival,food festivals,Mumbai,The Monsoon Sessions,Metro Club,19.1581,72.9795,Mumbai Food Festivals Fest,"An evening of food festivals in Mumbai. new city, new friends",2026-08-05 21:00:00,2026-08-05 19:30:00,2026-08-06 00:00:00,3,0.5798568020895849
22,sports,football,Mumbai,Midnight Chai Collective,Metro Hall,19.1081,72.9657,Mumbai Strikers vs Mavericks (football),An evening of football in Mumbai. ekdum mast vibe,2026-06-16 17:00:00,2026-06-16 15:30:00,2026-06-16 20:00:00,3,1.5156478977819845
23,sports,football,Pune,Blue Lantern Collective,Skyline Arena,18.5144,73.8568,Pune Dynamos vs Mavericks (football),An evening of football in Pune. chalo saath chalte hain,2026-07-03 19:00:00,2026-07-03 17:30:00,2026-07-03 22:00:00,1,1.2148594271065594
24,sports,cricket,Mumbai,Kavya Trio,Royal Hall,19.103,72.9041,Mumbai Royals vs Titans (cricket),An evening of cricket in Mumbai. ekdum mast vibe,2026-08-08 19:00:00,2026-08-08 17:30:00,2026-08-08 22:00:00,1,1.4149912147910353
25,movie,anime,Mumbai,Blue Lantern Band,Royal Auditorium,19.0901,72.8287,Anime Marathon: Blue Lantern Band Premiere,"An evening of anime in Mumbai. new city, new friends",2026-08-24 19:00:00,2026-08-24 17:30:00,2026-08-24 22:00:00,1,1.0434831981407122
26,conference,ai,Hyderabad,The Monsoon Band,Harbour Grounds,17.3915,78.5249,Hyderabad Ai Summit 2026,"An evening of ai in Hyderabad. new city, new friends",2026-08-20 18:00:00,2026-08-20 16:30:00,2026-08-20 21:00:00,1,0.5072135649629731
27,festival,music festivals,Mumbai,Blue Lantern Sessions,Sunrise Auditorium,18.9995,72.9009,Mumbai Music Festivals Fest,An evening of music festivals in Mumbai. always up for a good show,2026-11-10 17:00:00,2026-11-10 15:30:00,2026-11-10 20:00:00,2,0.5435290376802872
28,festival,food festivals,Delhi,Saffron Collective,Sunrise Grounds,28.5718,77.2247,Delhi Food Festivals Carnival,An evening of food festivals in Delhi. chalo saath chalte hain,2026-08-10 19:00:00,2026-08-10 17:30:00,2026-08-10 22:00:00,2,0.2925092243547862
29,sports,cricket,Bengaluru,The Monsoon Trio,Skyline Grounds,13.0283,77.6532,Bengaluru Tigers vs Royals (cricket),An evening of cricket in Bengaluru. ekdum mast vibe,2026-12-14 19:00:00,2026-12-14 17:30:00,2026-12-14 22:00:00,3,0.7571624010362465
30,sports,cricket,Bengaluru,Kavya Live,Skyline Grounds,13.0283,77.6532,Bengaluru Mavericks vs Tigers (cricket),An evening of cricket in Bengaluru. ekdum mast vibe,2026-12-27 21:00:00,2026-12-27 19:30:00,2026-12-28 00:00:00,3,0.331914222254647
31,concert,indie music,Hyderabad,Midnight Chai Sessions,Harbour Grounds,17.3915,78.5249,Midnight Chai Sessions - Indie Music Night,An evening of indie music in Hyderabad.,2026-09-16 17:00:00,2026-09-16 15:30:00,2026-09-16 20:00:00,2,1.3861138862181204
32,sports,kabaddi,Pune,Mehfil Express,Lotus Grounds,18.4833,73.9283,Pune Mavericks vs Strikers (kabaddi),An evening of kabaddi in Pune. weekend pe plans chahiye,2027-01-21 21:00:00,2027-01-21 19:30:00,2027-01-22 00:00:00,2,0.8820503771861222
33,workshop,coding,Bengaluru,Static Tides Band,Harbour Arena,13.0493,77.5864,Coding Workshop with Static Tides Band,An evening of coding in Bengaluru. ekdum mast vibe,2026-08-11 17:00:00,2026-08-11 15:30:00,2026-08-11 20:00:00,3,0.6539771375688362
34,concert,bollywood music,Bengaluru,Kavya Project,Harbour Club,13.0273,77.5959,Kavya Project Live in Bengaluru,An evening of bollywood music in Bengaluru. weekend pe plans chahiye,2026-10-26 19:00:00,2026-10-26 17:30:00,2026-10-26 22:00:00,3,0.3318583737317915
35,workshop,coding,Bengaluru,Midnight Chai Live,Sunrise Grounds,12.9731,77.5858,Coding Workshop with Midnight Chai Live,An evening of coding in Bengaluru. always up for a good show,2026-08-16 19:00:00,2026-08-16 17:30:00,2026-08-16 22:00:00,1,0.6900259317453178
36,theatre,theatre,Mumbai,Static Tides Band,Harbour Club,19.0259,72.9696,Static Tides Band presents a theatre evening,An evening of theatre in Mumbai. ekdum mast vibe,2026-07-16 17:00:00,2026-07-16 15:30:00,2026-07-16 20:00:00,1,2.361504245587036
37,concert,bollywood music,Pune,Mehfil Live,Lotus Grounds,18.4833,73.9283,Mehfil Live - Bollywood Music Night,An evening of bollywood music in Pune. ekdum mast vibe,2026-07-14 19:00:00,2026-07-14 17:30:00,2026-07-14 22:00:00,1,0.2771286053351267
38,workshop,coding,Bengaluru,Saffron Band,Garden Grounds,13.0428,77.5678,Coding Workshop with Saffron Band,An evening of coding in Bengaluru.,2027-01-14 20:00:00,2027-01-14 18:30:00,2027-01-14 23:00:00,2,0.3819260617689218
39,sports,cricket,Bengaluru,DJ Neon Live,Skyline Grounds,13.0283,77.6532,Bengaluru Dynamos vs Dynamos (cricket),An evening of cricket in Bengaluru. ekdum mast vibe,2026-08-31 21:00:00,2026-08-31 19:30:00,2026-09-01 00:00:00,3,2.107999728307467
40,sports,cricket,Bengaluru,The Monsoon Band,Sunrise Grounds,12.9731,77.5858,Bengaluru Royals vs Dynamos (cricket),An evening of cricket in Bengaluru. chalo saath chalte hain,2026-11-21 19:00:00,2026-11-21 17:30:00,2026-11-21 22:00:00,2,12.924872139191873
41,conference,ai,Hyderabad,DJ Neon Trio,Royal Hall,17.4405,78.5003,Hyderabad Ai Summit 2026,"An evening of ai in Hyderabad. new city, new friends",2026-12-11 17:00:00,2026-12-11 15:30:00,2026-12-11 20:00:00,2,0.2934231348552726
42,comedy,stand-up comedy,Hyderabad,DJ Neon Express,Lotus Auditorium,17.3933,78.5429,DJ Neon Express: Stand-up Special,An evening of stand-up comedy in Hyderabad. always up for a good show,2026-11-14 21:00:00,2026-11-14 19:30:00,2026-11-15 00:00:00,1,0.3401965295952915
43,concert,sufi,Delhi,The Monsoon Project,Metro Arena,28.6022,77.2427,The Monsoon Project - Sufi Night,An evening of sufi in Delhi. ekdum mast vibe,2026-11-18 21:00:00,2026-11-18 19:30:00,2026-11-19 00:00:00,2,0.7818191436052798
44,festival,food festivals,Mumbai,Midnight Chai Express,Metro Hall,19.067,72.8295,Mumbai Food Festivals Fest,"An evening of food festivals in Mumbai. new city, new friends",2026-07-02 19:00:00,2026-07-02 17:30:00,2026-07-02 22:00:00,3,0.635286514190039
45,movie,anime,Mumbai,Static Tides Express,Sunrise Auditorium,18.9995,72.9009,Anime Marathon: Static Tides Express Premiere,An evening of anime in Mumbai. weekend pe plans chahiye,2026-07-31 19:00:00,2026-07-31 17:30:00,2026-07-31 22:00:00,3,0.3052644077964166
46,conference,startups,Hyderabad,Kavya Sessions,Sunrise Auditorium,17.3123,78.5082,Hyderabad Startups Summit 2026,"An evening of startups in Hyderabad. new city, new friends",2026-10-08 19:00:00,2026-10-08 17:30:00,2026-10-08 22:00:00,1,1.0440305733531368
47,movie,anime,Hyderabad,Blue Lantern Collective,Sunrise Auditorium,17.3123,78.5082,Anime Marathon: Blue Lantern Collective Premiere,An evening of anime in Hyderabad.,2026-12-29 21:00:00,2026-12-29 19:30:00,2026-12-30 00:00:00,1,0.8413867639089299
48,comedy,improv,Delhi,Riya Project,Metro Arena,28.6348,77.258,Comedy Night ft. Riya Project,An evening of improv in Delhi. weekend pe plans chahiye,2026-08-17 19:00:00,2026-08-17 17:30:00,2026-08-17 22:00:00,1,0.4975412435702334
49,comedy,stand-up comedy,Delhi,Blue Lantern Collective,Royal Arena,28.6274,77.2426,Blue Lantern Collective: Stand-up Special,An evening of stand-up comedy in Delhi. chalo saath chalte hain,2026-09-07 18:00:00,2026-09-07 16:30:00,2026-09-07 21:00:00,2,0.8031403403463805
50,sports,football,Hyderabad,Static Tides Trio,Royal Hall,17.4405,78.5003,Hyderabad Strikers vs Strikers (football),An evening of football in Hyderabad. always up for a good show,2026-06-07 21:00:00,2026-06-07 19:30:00,2026-06-08 00:00:00,1,1.5547308590781448
51,comedy,stand-up comedy,Pune,Mehfil Collective,Metro Auditorium,18.4675,73.8723,Mehfil Collective: Stand-up Special,An evening of stand-up comedy in Pune. weekend pe plans chahiye,2026-09-20 19:00:00,2026-09-20 17:30:00,2026-09-20 22:00:00,2,1.4125256581102508
52,sports,football,Hyderabad,Saffron Project,Riverside Auditorium,17.3312,78.4836,Hyderabad Tigers vs Royals (football),"An evening of football in Hyderabad. new city, new friends",2026-12-18 20:00:00,2026-12-18 18:30:00,2026-12-18 23:00:00,2,0.6169652738402165
53,movie,anime,Bengaluru,Riya Collective,Garden Auditorium,13.0144,77.5718,Anime Marathon: Riya Collective Premiere,An evening of anime in Bengaluru. chalo saath chalte hain,2026-10-28 20:00:00,2026-10-28 18:30:00,2026-10-28 23:00:00,2,2.618512945047671
54,festival,music festivals,Delhi,Mehfil Sessions,Sunrise Grounds,28.5718,77.2247,Delhi Music Festivals Fest,An evening of music festivals in Delhi. chalo saath chalte hain,2026-06-06 19:00:00,2026-06-06 17:30:00,2026-06-06 22:00:00,1,0.6385387653390768
55,sports,football,Bengaluru,Mehfil Band,Harbour Club,13.0273,77.5959,Bengaluru Strikers vs Titans (football),An evening of football in Bengaluru. ekdum mast vibe,2026-11-09 17:00:00,2026-11-09 15:30:00,2026-11-09 20:00:00,1,0.7246122994635769
56,concert,rock,Bengaluru,Kavya Sessions,Metro Club,13.0421,77.6685,Kavya Sessions - Rock Night,An evening of rock in Bengaluru. always up for a good show,2026-09-27 21:00:00,2026-09-27 19:30:00,2026-09-28 00:00:00,2,0.7134575440605695
57,festival,music festivals,Mumbai,Static Tides Sessions,Metro Hall,19.067,72.8295,Mumbai Music Festivals Carnival,An evening of music festivals in Mumbai. chalo saath chalte hain,2026-11-11 21:00:00,2026-11-11 19:30:00,2026-11-12 00:00:00,1,0.7093728835791133
58,workshop,coding,Hyderabad,Saffron Band,Harbour Grounds,17.4499,78.5754,Coding Workshop with Saffron Band,An evening of coding in Hyderabad. weekend pe plans chahiye,2026-11-24 20:00:00,2026-11-24 18:30:00,2026-11-24 23:00:00,2,0.3973145508804038
59,festival,music festivals,Delhi,Riya Live,Riverside Grounds,28.5907,77.1862,Delhi Music Festivals Fest,An evening of music festivals in Delhi. always up for a good show,2026-08-14 20:00:00,2026-08-14 18:30:00,2026-08-14 23:00:00,1,0.3190123969541508
60,theatre,theatre,Bengaluru,Midnight Chai Project,Skyline Club,12.928,77.6909,Midnight Chai Project presents a theatre evening,An evening of theatre in Bengaluru. weekend pe plans chahiye,2026-09-04 21:00:00,2026-09-04 19:30:00,2026-09-05 00:00:00,1,1.8427114699239109
61,concert,indie music,Pune,Riya Project,Lotus Grounds,18.4833,73.9283,Riya Project - Indie Music Night,An evening of indie music in Pune. weekend pe plans chahiye,2026-08-01 17:00:00,2026-08-01 15:30:00,2026-08-01 20:00:00,2,1.6647345482327869
62,sports,football,Hyderabad,Midnight Chai Live,Harbour Grounds,17.4499,78.5754,Hyderabad Mavericks vs Royals (football),An evening of football in Hyderabad.,2026-06-06 21:00:00,2026-06-06 19:30:00,2026-06-07 00:00:00,3,0.785670896717036
63,concert,edm,Pune,Static Tides Live,Skyline Arena,18.5144,73.8568,Static Tides Live Live in Pune,"An evening of edm in Pune. new city, new friends",2026-12-03 21:00:00,2026-12-03 19:30:00,2026-12-04 00:00:00,2,4.073648943803277
64,workshop,pottery,Delhi,Kavya Trio,Metro Arena,28.6022,77.2427,Pottery Workshop with Kavya Trio,An evening of pottery in Delhi. weekend pe plans chahiye,2026-10-28 18:00:00,2026-10-28 16:30:00,2026-10-28 21:00:00,1,0.4772667149377909
65,workshop,coding,Pune,DJ Neon Live,Riverside Auditorium,18.5683,73.8686,Coding Workshop with DJ Neon Live,An evening of coding in Pune. chalo saath chalte hain,2026-11-17 18:00:00,2026-11-17 16:30:00,2026-11-17 21:00:00,3,2.662872687370109
66,comedy,improv,Hyderabad,Riya Live,Lotus Auditorium,17.3933,78.5429,Comedy Night ft. Riya Live,"An evening of improv in Hyderabad. new city, new friends",2026-10-03 21:00:00,2026-10-03 19:30:00,2026-10-04 00:00:00,3,0.2073606730723942
67,conference,ai,Mumbai,Static Tides Trio,Harbour Club,19.0259,72.9696,Mumbai Ai Summit 2026,An evening of ai in Mumbai. weekend pe plans chahiye,2026-06-03 20:00:00,2026-06-03 18:30:00,2026-06-03 23:00:00,3,1.4383989355838611
68,movie,hollywood films,Bengaluru,The Monsoon Collective,Sunrise Grounds,12.9731,77.5858,Hollywood Films Marathon: The Monsoon Collective Premiere,"An evening of hollywood films in Bengaluru. new city, new friends",2026-06-25 20:00:00,2026-06-25 18:30:00,2026-06-25 23:00:00,1,1.45154417633719
69,concert,rock,Pune,Midnight Chai Trio,Skyline Arena,18.5144,73.8568,Midnight Chai Trio - Rock Night,An evening of rock in Pune. always up for a good show,2026-09-05 20:00:00,2026-09-05 18:30:00,2026-09-05 23:00:00,3,1.087766278299934
70,sports,cricket,Mumbai,Midnight Chai Live,Sunrise Auditorium,18.9995,72.9009,Mumbai Dynamos vs Tigers (cricket),An evening of cricket in Mumbai. ekdum mast vibe,2026-08-27 19:00:00,2026-08-27 17:30:00,2026-08-27 22:00:00,3,0.785045115362832
71,sports,cricket,Mumbai,Midnight Chai Collective,Metro Hall,19.067,72.8295,Mumbai Strikers vs Mavericks (cricket),An evening of cricket in Mumbai. always up for a good show,2026-09-15 18:00:00,2026-09-15 16:30:00,2026-09-15 21:00:00,3,0.6434792832944632
72,theatre,musicals,Pune,Static Tides Band,Skyline Arena,18.5144,73.8568,Static Tides Band presents a musicals evening,An evening of musicals in Pune. chalo saath chalte hain,2026-10-03 21:00:00,2026-10-03 19:30:00,2026-10-04 00:00:00,2,0.2327883795910409
73,sports,cricket,Delhi,Midnight Chai Project,Garden Hall,28.6247,77.1649,Delhi Dynamos vs Tigers (cricket),An evening of cricket in Delhi.,2026-12-10 21:00:00,2026-12-10 19:30:00,2026-12-11 00:00:00,1,0.3327961171718819
74,workshop,photography,Mumbai,Mehfil Project,Royal Hall,19.1697,72.8776,Photography Workshop with Mehfil Project,An evening of photography in Mumbai. weekend pe plans chahiye,2026-08-12 19:00:00,2026-08-12 17:30:00,2026-08-12 22:00:00,1,0.7898121425349498
75,comedy,improv,Delhi,Riya Trio,Royal Arena,28.6274,77.2426,Comedy Night ft. Riya Trio,"An evening of improv in Delhi. new city, new friends",2026-12-16 18:00:00,2026-12-16 16:30:00,2026-12-16 21:00:00,1,1.726703345329203
76,workshop,coding,Bengaluru,Static Tides Band,Garden Auditorium,13.0144,77.5718,Coding Workshop with Static Tides Band,An evening of coding in Bengaluru. ekdum mast vibe,2027-01-26 17:00:00,2027-01-26 15:30:00,2027-01-26 20:00:00,1,1.0519190933257878
77,workshop,photography,Bengaluru,Saffron Project,Sunrise Grounds,12.9731,77.5858,Photography Workshop with Saffron Project,An evening of photography in Bengaluru. always up for a good show,2026-11-11 18:00:00,2026-11-11 16:30:00,2026-11-11 21:00:00,2,2.51389663456997
78,comedy,stand-up comedy,Bengaluru,Static Tides Sessions,Harbour Arena,13.0493,77.5864,Comedy Night ft. Static Tides Sessions,An evening of stand-up comedy in Bengaluru. chalo saath chalte hain,2027-01-23 19:00:00,2027-01-23 17:30:00,2027-01-23 22:00:00,1,2.4695401445998715
79,conference,startups,Bengaluru,Riya Collective,Skyline Club,12.928,77.6909,Bengaluru Startups Summit 2026,An evening of startups in Bengaluru. always up for a good show,2026-06-23 19:00:00,2026-06-23 17:30:00,2026-06-23 22:00:00,2,0.2405298212646386
80,theatre,theatre,Pune,Midnight Chai Live,Sunrise Hall,18.5595,73.9874,Midnight Chai Live presents a theatre evening,"An evening of theatre in Pune. new city, new friends",2026-06-14 20:00:00,2026-06-14 18:30:00,2026-06-14 23:00:00,1,0.8353310668392943
81,movie,bollywood films,Bengaluru,Riya Live,Harbour Club,13.0273,77.5959,Bollywood Films Marathon: Riya Live Premiere,An evening of bollywood films in Bengaluru. always up for a good show,2026-06-06 20:00:00,2026-06-06 18:30:00,2026-06-06 23:00:00,3,1.2360089588192849
82,comedy,stand-up comedy,Delhi,Static Tides Live,Garden Hall,28.6247,77.1649,Comedy Night ft. Static Tides Live,"An evening of stand-up comedy in Delhi. new city, new friends",2026-06-19 21:00:00,2026-06-19 19:30:00,2026-06-20 00:00:00,3,2.5247451532422103
83,sports,kabaddi,Mumbai,Kavya Trio,Sunrise Auditorium,18.9995,72.9009,Mumbai Mavericks vs Tigers (kabaddi),An evening of kabaddi in Mumbai. ekdum mast vibe,2026-10-04 19:00:00,2026-10-04 17:30:00,2026-10-04 22:00:00,3,1.939110880413861
84,workshop,coding,Mumbai,Kavya Project,Sunrise Auditorium,18.9995,72.9009,Coding Workshop with Kavya Project,An evening of coding in Mumbai. chalo saath chalte hain,2026-06-12 20:00:00,2026-06-12 18:30:00,2026-06-12 23:00:00,3,0.2749363819738907
85,movie,hollywood films,Hyderabad,DJ Neon Live,Lotus Hall,17.3848,78.4976,Hollywood Films Marathon: DJ Neon Live Premiere,An evening of hollywood films in Hyderabad. ekdum mast vibe,2026-08-03 18:00:00,2026-08-03 16:30:00,2026-08-03 21:00:00,2,0.715775734042911
86,theatre,musicals,Pune,DJ Neon Express,Riverside Arena,18.4933,73.8493,DJ Neon Express presents a musicals evening,"An evening of musicals in Pune. new city, new friends",2026-09-28 20:00:00,2026-09-28 18:30:00,2026-09-28 23:00:00,3,2.049225791468334
87,festival,food festivals,Bengaluru,Blue Lantern Sessions,Harbour Club,13.0273,77.5959,Bengaluru Food Festivals Carnival,An evening of food festivals in Bengaluru. always up for a good show,2027-01-06 21:00:00,2027-01-06 19:30:00,2027-01-07 00:00:00,2,0.9077029385198544
88,festival,music festivals,Bengaluru,Mehfil Live,Harbour Arena,13.0493,77.5864,Bengaluru Music Festivals Carnival,An evening of music festivals in Bengaluru. always up for a good show,2026-06-12 20:00:00,2026-06-12 18:30:00,2026-06-12 23:00:00,3,3.8770032698974863
89,movie,anime,Mumbai,Midnight Chai Collective,Royal Auditorium,19.0901,72.8287,Anime Marathon: Midnight Chai Collective Premiere,An evening of anime in Mumbai.,2026-12-07 20:00:00,2026-12-07 18:30:00,2026-12-07 23:00:00,3,2.910445488098311
90,theatre,musicals,Delhi,Saffron Band,Riverside Grounds,28.5907,77.1862,Saffron Band presents a musicals evening,An evening of musicals in Delhi. ekdum mast vibe,2026-10-20 18:00:00,2026-10-20 16:30:00,2026-10-20 21:00:00,1,0.7314303894828983
91,workshop,pottery,Bengaluru,Static Tides Collective,Garden Auditorium,13.0144,77.5718,Pottery Workshop with Static Tides Collective,An evening of pottery in Bengaluru. always up for a good show,2026-09-01 17:00:00,2026-09-01 15:30:00,2026-09-01 20:00:00,1,0.8693517226283364
92,conference,ai,Hyderabad,Kavya Band,Royal Hall,17.4405,78.5003,Hyderabad Ai Summit 2026,An evening of ai in Hyderabad. chalo saath chalte hain,2026-12-24 21:00:00,2026-12-24 19:30:00,2026-12-25 00:00:00,1,2.2705140398250023
93,theatre,musicals,Bengaluru,Aarav Sessions,Sunrise Grounds,12.9731,77.5858,Aarav Sessions presents a musicals evening,"An evening of musicals in Bengaluru. new city, new friends",2026-11-01 19:00:00,2026-11-01 17:30:00,2026-11-01 22:00:00,3,0.2715996308866827
94,comedy,stand-up comedy,Delhi,The Monsoon Collective,Garden Hall,28.6247,77.1649,Comedy Night ft. The Monsoon Collective,"An evening of stand-up comedy in Delhi. new city, new friends",2026-07-19 18:00:00,2026-07-19 16:30:00,2026-07-19 21:00:00,3,0.2842274926449137
95,movie,anime,Pune,Aarav Band,Sunrise Hall,18.5595,73.9874,Anime Marathon: Aarav Band Premiere,An evening of anime in Pune. weekend pe plans chahiye,2026-08-11 21:00:00,2026-08-11 19:30:00,2026-08-12 00:00:00,3,2.8467459031519757
96,conference,startups,Hyderabad,Midnight Chai Band,Lotus Hall,17.3848,78.4976,Hyderabad Startups Summit 2026,An evening of startups in Hyderabad. ekdum mast vibe,2026-10-09 19:00:00,2026-10-09 17:30:00,2026-10-09 22:00:00,1,0.8227824916490672
97,workshop,photography,Bengaluru,Riya Express,Harbour Arena,13.0493,77.5864,Photography Workshop with Riya Express,An evening of photography in Bengaluru. weekend pe plans chahiye,2026-11-14 19:00:00,2026-11-14 17:30:00,2026-11-14 22:00:00,3,2.4746571445106884
98,comedy,stand-up comedy,Hyderabad,Mehfil Project,Lotus Auditorium,17.3933,78.5429,Mehfil Project: Stand-up Special,An evening of stand-up comedy in Hyderabad. chalo saath chalte hain,2026-09-18 17:00:00,2026-09-18 15:30:00,2026-09-18 20:00:00,2,2.9504576728991307
99,sports,kabaddi,Bengaluru,DJ Neon Collective,Garden Auditorium,13.0144,77.5718,Bengaluru Royals vs Mavericks (kabaddi),"An evening of kabaddi in Bengaluru. new city, new friends",2026-07-24 21:00:00,2026-07-24 19:30:00,2026-07-25 00:00:00,1,0.3694771628155641
100,comedy,stand-up comedy,Mumbai,Midnight Chai Project,Metro Hall,19.1081,72.9657,Comedy Night ft. Midnight Chai Project,An evening of stand-up comedy in Mumbai. ekdum mast vibe,2027-01-25 17:00:00,2027-01-25 15:30:00,2027-01-25 20:00:00,3,0.7439558255378758
101,festival,food festivals,Bengaluru,Blue Lantern Trio,Metro Club,13.0421,77.6685,Bengaluru Food Festivals Fest,An evening of food festivals in Bengaluru.,2026-12-17 17:00:00,2026-12-17 15:30:00,2026-12-17 20:00:00,3,2.134156857009626
102,workshop,coding,Hyderabad,Mehfil Collective,Sunrise Auditorium,17.3123,78.5082,Coding Workshop with Mehfil Collective,An evening of coding in Hyderabad.,2026-08-20 17:00:00,2026-08-20 15:30:00,2026-08-20 20:00:00,2,1.4932470518737904
103,concert,sufi,Bengaluru,Saffron Project,Garden Auditorium,13.0144,77.5718,Saffron Project - Sufi Night,An evening of sufi in Bengaluru. weekend pe plans chahiye,2026-08-03 19:00:00,2026-08-03 17:30:00,2026-08-03 22:00:00,3,0.3429358275684527
104,workshop,pottery,Pune,Mehfil Trio,Skyline Grounds,18.5213,73.7946,Pottery Workshop with Mehfil Trio,An evening of pottery in Pune. always up for a good show,2026-12-01 21:00:00,2026-12-01 19:30:00,2026-12-02 00:00:00,2,0.1323449294290952
105,theatre,theatre,Pune,Kavya Sessions,Garden Auditorium,18.4743,73.8858,Kavya Sessions presents a theatre evening,An evening of theatre in Pune. weekend pe plans chahiye,2026-07-10 21:00:00,2026-07-10 19:30:00,2026-07-11 00:00:00,2,6.686526402962674
106,sports,kabaddi,Hyderabad,Saffron Trio,Sunrise Auditorium,17.3123,78.5082,Hyderabad Dynamos vs Tigers (kabaddi),"An evening of kabaddi in Hyderabad. new city, new friends",2026-12-04 21:00:00,2026-12-04 19:30:00,2026-12-05 00:00:00,1,0.3697735550673755
107,comedy,improv,Bengaluru,DJ Neon Sessions,Skyline Club,12.928,77.6909,DJ Neon Sessions: Stand-up Special,An evening of improv in Bengaluru. chalo saath chalte hain,2026-12-06 19:00:00,2026-12-06 17:30:00,2026-12-06 22:00:00,1,1.175552203459583
108,movie,hollywood films,Hyderabad,Saffron Sessions,Harbour Grounds,17.4499,78.5754,Hollywood Films Marathon: Saffron Sessions Premiere,An evening of hollywood films in Hyderabad. ekdum mast vibe,2026-07-27 20:00:00,2026-07-27 18:30:00,2026-07-27 23:00:00,3,0.7633161360551184
109,concert,indie music,Pune,The Monsoon Band,Skyline Grounds,18.5213,73.7946,The Monsoon Band Live in Pune,An evening of indie music in Pune. ekdum mast vibe,2027-01-03 18:00:00,2027-01-03 16:30:00,2027-01-03 21:00:00,3,0.5905910212776985
110,comedy,improv,Bengaluru,Riya Project,Skyline Club,12.928,77.6909,Comedy Night ft. Riya Project,"An evening of improv in Bengaluru. new city, new friends",2026-08-31 20:00:00,2026-08-31 18:30:00,2026-08-31 23:00:00,3,0.2766457369895667
111,concert,rock,Pune,Aarav Express,Riverside Auditorium,18.5683,73.8686,Aarav Express Live in Pune,"An evening of rock in Pune. new city, new friends",2026-07-09 21:00:00,2026-07-09 19:30:00,2026-07-10 00:00:00,3,0.8421672124225028
112,conference,startups,Bengaluru,DJ Neon Sessions,Garden Auditorium,13.0144,77.5718,Bengaluru Startups Summit 2026,An evening of startups in Bengaluru. ekdum mast vibe,2026-07-01 21:00:00,2026-07-01 19:30:00,2026-07-02 00:00:00,3,0.4566532459921425
113,conference,tech,Pune,Blue Lantern Project,Skyline Arena,18.5144,73.8568,Pune Tech Summit 2026,An evening of tech in Pune.,2026-12-07 17:00:00,2026-12-07 15:30:00,2026-12-07 20:00:00,2,1.2494691394871382
114,concert,indie music,Bengaluru,Mehfil Live,Harbour Club,13.0273,77.5959,Mehfil Live Live in Bengaluru,An evening of indie music in Bengaluru. always up for a good show,2026-11-01 20:00:00,2026-11-01 18:30:00,2026-11-01 23:00:00,1,0.9770243451492512
115,workshop,coding,Delhi,Blue Lantern Trio,Garden Hall,28.6247,77.1649,Coding Workshop with Blue Lantern Trio,An evening of coding in Delhi. weekend pe plans chahiye,2026-11-05 17:00:00,2026-11-05 15:30:00,2026-11-05 20:00:00,1,1.345159667381828
116,movie,anime,Mumbai,Mehfil Project,Metro Hall,19.067,72.8295,Anime Marathon: Mehfil Project Premiere,An evening of anime in Mumbai. weekend pe plans chahiye,2026-10-04 21:00:00,2026-10-04 19:30:00,2026-10-05 00:00:00,3,0.4853583162677077
117,sports,kabaddi,Delhi,Kavya Band,Metro Arena,28.6348,77.258,Delhi Mavericks vs Tigers (kabaddi),An evening of kabaddi in Delhi.,2026-09-21 17:00:00,2026-09-21 15:30:00,2026-09-21 20:00:00,3,0.8443821721898719
118,sports,cricket,Mumbai,Midnight Chai Trio,Metro Hall,19.067,72.8295,Mumbai Mavericks vs Tigers (cricket),An evening of cricket in Mumbai. weekend pe plans chahiye,2026-08-20 21:00:00,2026-08-20 19:30:00,2026-08-21 00:00:00,1,4.584926554353655
119,concert,bollywood music,Pune,DJ Neon Live,Skyline Arena,18.5144,73.8568,DJ Neon Live Live in Pune,"An evening of bollywood music in Pune. new city, new friends",2027-01-01 20:00:00,2027-01-01 18:30:00,2027-01-01 23:00:00,2,0.3970295646947185
120,comedy,stand-up comedy,Hyderabad,Mehfil Band,Riverside Auditorium,17.3312,78.4836,Mehfil Band: Stand-up Special,An evening of stand-up comedy in Hyderabad. weekend pe plans chahiye,2026-08-22 21:00:00,2026-08-22 19:30:00,2026-08-23 00:00:00,3,1.7621277830852
121,conference,tech,Pune,Mehfil Trio,Skyline Arena,18.5144,73.8568,Pune Tech Summit 2026,An evening of tech in Pune. always up for a good show,2026-07-17 18:00:00,2026-07-17 16:30:00,2026-07-17 21:00:00,2,0.2067289915532966
122,theatre,theatre,Delhi,The Monsoon Band,Riverside Grounds,28.5907,77.1862,The Monsoon Band presents a theatre evening,"An evening of theatre in Delhi. new city, new friends",2026-07-21 17:00:00,2026-07-21 15:30:00,2026-07-21 20:00:00,1,1.5234460674065686
123,concert,bollywood music,Delhi,Saffron Live,Riverside Grounds,28.5907,77.1862,Saffron Live - Bollywood Music Night,An evening of bollywood music in Delhi. weekend pe plans chahiye,2026-10-22 20:00:00,2026-10-22 18:30:00,2026-10-22 23:00:00,1,0.3069274623422562
124,conference,tech,Delhi,Riya Express,Metro Arena,28.6348,77.258,Delhi Tech Summit 2026,"An evening of tech in Delhi. new city, new friends",2026-10-02 20:00:00,2026-10-02 18:30:00,2026-10-02 23:00:00,1,0.3994626047218263
125,workshop,photography,Pune,Kavya Project,Riverside Auditorium,18.5683,73.8686,Photography Workshop with Kavya Project,An evening of photography in Pune. weekend pe plans chahiye,2026-11-24 19:00:00,2026-11-24 17:30:00,2026-11-24 22:00:00,1,0.3858552773406657
126,workshop,pottery,Pune,The Monsoon Project,Metro Auditorium,18.4675,73.8723,Pottery Workshop with The Monsoon Project,"An evening of pottery in Pune. new city, new friends",2026-12-03 18:00:00,2026-12-03 16:30:00,2026-12-03 21:00:00,3,0.4736315928347364
127,concert,bollywood music,Pune,Mehfil Trio,Skyline Grounds,18.5213,73.7946,Mehfil Trio Live in Pune,An evening of bollywood music in Pune. ekdum mast vibe,2026-08-30 20:00:00,2026-08-30 18:30:00,2026-08-30 23:00:00,2,0.7496567142556636
128,sports,cricket,Mumbai,Static Tides Sessions,Royal Auditorium,19.0901,72.8287,Mumbai Titans vs Royals (cricket),An evening of cricket in Mumbai. weekend pe plans chahiye,2026-06-19 17:00:00,2026-06-19 15:30:00,2026-06-19 20:00:00,2,0.6073654279549499
129,festival,music festivals,Delhi,DJ Neon Project,Royal Arena,28.6274,77.2426,Delhi Music Festivals Carnival,An evening of music festivals in Delhi. weekend pe plans chahiye,2026-07-20 17:00:00,2026-07-20 15:30:00,2026-07-20 20:00:00,2,3.3141298566714945
130,conference,tech,Hyderabad,Static Tides Sessions,Skyline Arena,17.3149,78.4586,Hyderabad Tech Summit 2026,An evening of tech in Hyderabad. chalo saath chalte hain,2026-10-18 18:00:00,2026-10-18 16:30:00,2026-10-18 21:00:00,2,1.4958976248939693
131,movie,hollywood films,Mumbai,Blue Lantern Sessions,Royal Hall,19.1697,72.8776,Hollywood Films Marathon: Blue Lantern Sessions Premiere,An evening of hollywood films in Mumbai. ekdum mast vibe,2026-10-17 19:00:00,2026-10-17 17:30:00,2026-10-17 22:00:00,3,0.333005863944823
132,comedy,improv,Mumbai,Midnight Chai Collective,Royal Hall,19.1697,72.8776,Comedy Night ft. Midnight Chai Collective,"An evening of improv in Mumbai. new city, new friends",2026-10-05 18:00:00,2026-10-05 16:30:00,2026-10-05 21:00:00,2,2.5499067562091
133,theatre,musicals,Pune,Kavya Trio,Riverside Arena,18.4933,73.8493,Kavya Trio presents a musicals evening,An evening of musicals in Pune.,2026-07-19 19:00:00,2026-07-19 17:30:00,2026-07-19 22:00:00,3,0.7087674684137927
134,workshop,pottery,Mumbai,Kavya Trio,Royal Auditorium,19.0901,72.8287,Pottery Workshop with Kavya Trio,An evening of pottery in Mumbai.,2026-08-20 20:00:00,2026-08-20 18:30:00,2026-08-20 23:00:00,1,0.3299263531777846
135,concert,sufi,Delhi,Midnight Chai Sessions,Riverside Grounds,28.5907,77.1862,Midnight Chai Sessions - Sufi Night,An evening of sufi in Delhi. ekdum mast vibe,2026-12-31 20:00:00,2026-12-31 18:30:00,2026-12-31 23:00:00,1,1.1977918305507198
136,comedy,stand-up comedy,Hyderabad,Midnight Chai Live,Royal Hall,17.4405,78.5003,Midnight Chai Live: Stand-up Special,An evening of stand-up comedy in Hyderabad.,2026-09-09 21:00:00,2026-09-09 19:30:00,2026-09-10 00:00:00,2,1.447908233059745
137,theatre,musicals,Bengaluru,Static Tides Trio,Metro Club,13.0421,77.6685,Static Tides Trio presents a musicals evening,An evening of musicals in Bengaluru. weekend pe plans chahiye,2026-11-30 20:00:00,2026-11-30 18:30:00,2026-11-30 23:00:00,3,1.1574082850204308
138,concert,hip hop,Hyderabad,Aarav Trio,Harbour Grounds,17.4499,78.5754,Aarav Trio - Hip Hop Night,An evening of hip hop in Hyderabad. always up for a good show,2026-11-16 18:00:00,2026-11-16 16:30:00,2026-11-16 21:00:00,2,2.3696399437518303
139,comedy,stand-up comedy,Hyderabad,Riya Band,Lotus Hall,17.3848,78.4976,Riya Band: Stand-up Special,An evening of stand-up comedy in Hyderabad. weekend pe plans chahiye,2026-09-23 19:00:00,2026-09-23 17:30:00,2026-09-23 22:00:00,1,0.7703517211104882
140,festival,food festivals,Pune,Blue Lantern Sessions,Lotus Grounds,18.4833,73.9283,Pune Food Festivals Carnival,"An evening of food festivals in Pune. new city, new friends",2026-11-01 19:00:00,2026-11-01 17:30:00,2026-11-01 22:00:00,3,0.9407370647418272
141,festival,music festivals,Pune,Static Tides Collective,Garden Auditorium,18.4743,73.8858,Pune Music Festivals Carnival,An evening of music festivals in Pune. chalo saath chalte hain,2026-09-30 18:00:00,2026-09-30 16:30:00,2026-09-30 21:00:00,2,2.330696064498309
142,theatre,musicals,Delhi,The Monsoon Collective,Royal Arena,28.6274,77.2426,The Monsoon Collective presents a musicals evening,An evening of musicals in Delhi.,2026-08-11 18:00:00,2026-08-11 16:30:00,2026-08-11 21:00:00,2,0.2604734761718246
143,sports,cricket,Bengaluru,The Monsoon Collective,Garden Auditorium,13.0144,77.5718,Bengaluru Mavericks vs Mavericks (cricket),"An evening of cricket in Bengaluru. new city, new friends",2027-01-11 19:00:00,2027-01-11 17:30:00,2027-01-11 22:00:00,3,0.496783996519349
144,festival,food festivals,Bengaluru,Riya Collective,Garden Grounds,13.0428,77.5678,Bengaluru Food Festivals Fest,An evening of food festivals in Bengaluru. weekend pe plans chahiye,2026-09-17 21:00:00,2026-09-17 19:30:00,2026-09-18 00:00:00,3,2.225415360461445
145,theatre,theatre,Pune,The Monsoon Live,Garden Auditorium,18.4743,73.8858,The Monsoon Live presents a theatre evening,An evening of theatre in Pune. ekdum mast vibe,2026-08-21 21:00:00,2026-08-21 19:30:00,2026-08-22 00:00:00,3,1.100870700635216
146,sports,kabaddi,Pune,Riya Express,Skyline Grounds,18.5213,73.7946,Pune Strikers vs Mavericks (kabaddi),An evening of kabaddi in Pune. chalo saath chalte hain,2026-07-18 18:00:00,2026-07-18 16:30:00,2026-07-18 21:00:00,2,1.557507141778095
147,comedy,improv,Pune,Saffron Collective,Skyline Arena,18.5144,73.8568,Saffron Collective: Stand-up Special,An evening of improv in Pune.,2026-11-09 18:00:00,2026-11-09 16:30:00,2026-11-09 21:00:00,1,0.3382064673771311
148,movie,bollywood films,Pune,DJ Neon Express,Sunrise Hall,18.5595,73.9874,Bollywood Films Marathon: DJ Neon Express Premiere,An evening of bollywood films in Pune. chalo saath chalte hain,2026-11-27 20:00:00,2026-11-27 18:30:00,2026-11-27 23:00:00,1,1.4773171652271242
149,comedy,improv,Bengaluru,Static Tides Collective,Garden Auditorium,13.0144,77.5718,Static Tides Collective: Stand-up Special,An evening of improv in Bengaluru.,2026-10-04 21:00:00,2026-10-04 19:30:00,2026-10-05 00:00:00,3,0.6629126128412126
150,concert,bollywood music,Bengaluru,Midnight Chai Sessions,Harbour Club,13.0273,77.5959,Midnight Chai Sessions Live in Bengaluru,An evening of bollywood music in Bengaluru. always up for a good show,2026-11-23 19:00:00,2026-11-23 17:30:00,2026-11-23 22:00:00,3,0.229540362366051
151,workshop,pottery,Hyderabad,Aarav Live,Harbour Grounds,17.4499,78.5754,Pottery Workshop with Aarav Live,An evening of pottery in Hyderabad.,2027-01-26 18:00:00,2027-01-26 16:30:00,2027-01-26 21:00:00,2,2.5086958247454705
152,concert,bollywood music,Mumbai,Aarav Express,Royal Hall,19.1697,72.8776,Aarav Express Live in Mumbai,An evening of bollywood music in Mumbai.,2026-12-05 21:00:00,2026-12-05 19:30:00,2026-12-06 00:00:00,2,2.716606869121517
153,sports,cricket,Delhi,Mehfil Sessions,Royal Grounds,28.571,77.1801,Delhi Dynamos vs Strikers (cricket),An evening of cricket in Delhi. weekend pe plans chahiye,2026-11-22 19:00:00,2026-11-22 17:30:00,2026-11-22 22:00:00,1,1.877864914506892
154,workshop,coding,Mumbai,Aarav Express,Metro Club,19.1581,72.9795,Coding Workshop with Aarav Express,An evening of coding in Mumbai.,2026-10-03 18:00:00,2026-10-03 16:30:00,2026-10-03 21:00:00,2,1.4586742913435171
155,movie,hollywood films,Bengaluru,Blue Lantern Band,Skyline Grounds,13.0283,77.6532,Hollywood Films Marathon: Blue Lantern Band Premiere,An evening of hollywood films in Bengaluru. ekdum mast vibe,2026-06-21 20:00:00,2026-06-21 18:30:00,2026-06-21 23:00:00,3,3.0261303079291566
156,comedy,stand-up comedy,Hyderabad,DJ Neon Live,Harbour Grounds,17.3915,78.5249,Comedy Night ft. DJ Neon Live,An evening of stand-up comedy in Hyderabad.,2026-06-14 20:00:00,2026-06-14 18:30:00,2026-06-14 23:00:00,2,2.025808580865523
157,workshop,pottery,Hyderabad,Aarav Express,Lotus Hall,17.3848,78.4976,Pottery Workshop with Aarav Express,"An evening of pottery in Hyderabad. new city, new friends",2026-12-22 21:00:00,2026-12-22 19:30:00,2026-12-23 00:00:00,3,0.2026681631609735
158,sports,cricket,Mumbai,Saffron Trio,Metro Hall,19.1081,72.9657,Mumbai Mavericks vs Dynamos (cricket),"An evening of cricket in Mumbai. new city, new friends",2026-08-14 17:00:00,2026-08-14 15:30:00,2026-08-14 20:00:00,2,5.272011797200301
159,sports,football,Mumbai,DJ Neon Express,Metro Hall,19.067,72.8295,Mumbai Dynamos vs Royals (football),An evening of football in Mumbai. weekend pe plans chahiye,2026-06-12 17:00:00,2026-06-12 15:30:00,2026-06-12 20:00:00,1,0.4501988395036877
160,workshop,photography,Delhi,Aarav Live,Metro Arena,28.6022,77.2427,Photography Workshop with Aarav Live,An evening of photography in Delhi. always up for a good show,2026-10-10 18:00:00,2026-10-10 16:30:00,2026-10-10 21:00:00,1,0.8233840264800412
161,workshop,photography,Bengaluru,Saffron Express,Skyline Club,12.928,77.6909,Photography Workshop with Saffron Express,An evening of photography in Bengaluru. always up for a good show,2026-11-28 17:00:00,2026-11-28 15:30:00,2026-11-28 20:00:00,3,1.5897794093482762
162,festival,food festivals,Bengaluru,The Monsoon Project,Garden Grounds,13.0428,77.5678,Bengaluru Food Festivals Carnival,An evening of food festivals in Bengaluru. always up for a good show,2026-09-17 19:00:00,2026-09-17 17:30:00,2026-09-17 22:00:00,3,0.3757365188953279
163,movie,anime,Bengaluru,Kavya Band,Metro Club,13.0421,77.6685,Anime Marathon: Kavya Band Premiere,An evening of anime in Bengaluru. always up for a good show,2026-09-28 21:00:00,2026-09-28 19:30:00,2026-09-29 00:00:00,3,0.2896009853904909
164,festival,food festivals,Delhi,DJ Neon Express,Sunrise Grounds,28.5718,77.2247,Delhi Food Festivals Carnival,An evening of food festivals in Delhi. always up for a good show,2026-08-30 19:00:00,2026-08-30 17:30:00,2026-08-30 22:00:00,1,0.4094948417776976
165,concert,hip hop,Pune,Saffron Band,Riverside Auditorium,18.5683,73.8686,Saffron Band - Hip Hop Night,"An evening of hip hop in Pune. new city, new friends",2026-06-27 21:00:00,2026-06-27 19:30:00,2026-06-28 00:00:00,3,0.4149465387583413
166,conference,startups,Hyderabad,Static Tides Sessions,Riverside Auditorium,17.3312,78.4836,Hyderabad Startups Summit 2026,An evening of startups in Hyderabad.,2026-08-26 17:00:00,2026-08-26 15:30:00,2026-08-26 20:00:00,2,0.6906341602126491
167,sports,kabaddi,Mumbai,Midnight Chai Project,Royal Auditorium,19.0901,72.8287,Mumbai Mavericks vs Royals (kabaddi),"An evening of kabaddi in Mumbai. new city, new friends",2026-12-16 21:00:00,2026-12-16 19:30:00,2026-12-17 00:00:00,2,0.8745377042927228
168,conference,startups,Delhi,Blue Lantern Band,Royal Arena,28.6274,77.2426,Delhi Startups Summit 2026,An evening of startups in Delhi.,2026-08-09 17:00:00,2026-08-09 15:30:00,2026-08-09 20:00:00,3,0.8270795009370348
169,festival,music festivals,Hyderabad,DJ Neon Collective,Skyline Arena,17.3149,78.4586,Hyderabad Music Festivals Carnival,"An evening of music festivals in Hyderabad. new city, new friends",2026-07-08 17:00:00,2026-07-08 15:30:00,2026-07-08 20:00:00,2,1.1030409355250554
170,workshop,photography,Bengaluru,Mehfil Sessions,Skyline Club,12.928,77.6909,Photography Workshop with Mehfil Sessions,An evening of photography in Bengaluru. chalo saath chalte hain,2026-08-14 17:00:00,2026-08-14 15:30:00,2026-08-14 20:00:00,3,2.072800673597342
171,comedy,stand-up comedy,Mumbai,Blue Lantern Live,Metro Club,19.1581,72.9795,Blue Lantern Live: Stand-up Special,An evening of stand-up comedy in Mumbai.,2026-11-21 20:00:00,2026-11-21 18:30:00,2026-11-21 23:00:00,3,0.5307896660595955
172,festival,food festivals,Bengaluru,Midnight Chai Express,Harbour Club,13.0273,77.5959,Bengaluru Food Festivals Carnival,"An evening of food festivals in Bengaluru. new city, new friends",2026-10-15 20:00:00,2026-10-15 18:30:00,2026-10-15 23:00:00,3,0.3328211788506353
173,festival,food festivals,Pune,Aarav Sessions,Riverside Auditorium,18.5683,73.8686,Pune Food Festivals Fest,An evening of food festivals in Pune. ekdum mast vibe,2026-08-12 18:00:00,2026-08-12 16:30:00,2026-08-12 21:00:00,1,2.221394808877578
174,comedy,stand-up comedy,Bengaluru,Blue Lantern Express,Skyline Club,12.928,77.6909,Blue Lantern Express: Stand-up Special,An evening of stand-up comedy in Bengaluru. weekend pe plans chahiye,2026-08-11 20:00:00,2026-08-11 18:30:00,2026-08-11 23:00:00,2,1.980390143817402
175,comedy,improv,Mumbai,Mehfil Express,Metro Hall,19.1081,72.9657,Mehfil Express: Stand-up Special,An evening of improv in Mumbai. weekend pe plans chahiye,2026-09-21 17:00:00,2026-09-21 15:30:00,2026-09-21 20:00:00,3,0.6683424284112749
176,festival,food festivals,Mumbai,Kavya Project,Royal Auditorium,19.0901,72.8287,Mumbai Food Festivals Fest,An evening of food festivals in Mumbai. weekend pe plans chahiye,2026-07-06 19:00:00,2026-07-06 17:30:00,2026-07-06 22:00:00,1,2.270280486650739
177,comedy,improv,Mumbai,Blue Lantern Band,Metro Hall,19.067,72.8295,Blue Lantern Band: Stand-up Special,An evening of improv in Mumbai.,2026-06-03 20:00:00,2026-06-03 18:30:00,2026-06-03 23:00:00,3,3.571996379292389
178,comedy,improv,Hyderabad,The Monsoon Sessions,Sunrise Auditorium,17.3123,78.5082,Comedy Night ft. The Monsoon Sessions,An evening of improv in Hyderabad.,2026-06-03 20:00:00,2026-06-03 18:30:00,2026-06-03 23:00:00,2,1.0624193321935231
179,theatre,theatre,Hyderabad,Riya Sessions,Harbour Grounds,17.4499,78.5754,Riya Sessions presents a theatre evening,An evening of theatre in Hyderabad. weekend pe plans chahiye,2026-09-15 18:00:00,2026-09-15 16:30:00,2026-09-15 21:00:00,3,0.5187816183832265
180,movie,hollywood films,Bengaluru,Midnight Chai Live,Harbour Club,13.0273,77.5959,Hollywood Films Marathon: Midnight Chai Live Premiere,"An evening of hollywood films in Bengaluru. new city, new friends",2026-11-03 19:00:00,2026-11-03 17:30:00,2026-11-03 22:00:00,1,0.9694716874084038
181,conference,ai,Mumbai,Kavya Sessions,Metro Club,19.1581,72.9795,Mumbai Ai Summit 2026,An evening of ai in Mumbai. weekend pe plans chahiye,2026-11-15 18:00:00,2026-11-15 16:30:00,2026-11-15 21:00:00,3,0.6210238269194251
182,festival,food festivals,Pune,Static Tides Express,Garden Auditorium,18.4743,73.8858,Pune Food Festivals Fest,An evening of food festivals in Pune.,2026-08-26 20:00:00,2026-08-26 18:30:00,2026-08-26 23:00:00,1,1.27927392102394
183,festival,music festivals,Pune,DJ Neon Live,Riverside Arena,18.4933,73.8493,Pune Music Festivals Fest,An evening of music festivals in Pune. always up for a good show,2027-01-16 19:00:00,2027-01-16 17:30:00,2027-01-16 22:00:00,1,1.1629279487427056
184,festival,food festivals,Mumbai,Aarav Live,Royal Hall,19.1697,72.8776,Mumbai Food Festivals Fest,An evening of food festivals in Mumbai. weekend pe plans chahiye,2026-11-15 18:00:00,2026-11-15 16:30:00,2026-11-15 21:00:00,1,1.0478951555148823
185,sports,kabaddi,Bengaluru,Blue Lantern Sessions,Skyline Club,12.928,77.6909,Bengaluru Strikers vs Dynamos (kabaddi),An evening of kabaddi in Bengaluru. weekend pe plans chahiye,2026-10-31 18:00:00,2026-10-31 16:30:00,2026-10-31 21:00:00,1,1.3970619449187889
186,festival,food festivals,Pune,Static Tides Band,Riverside Auditorium,18.5683,73.8686,Pune Food Festivals Carnival,An evening of food festivals in Pune. weekend pe plans chahiye,2026-12-03 19:00:00,2026-12-03 17:30:00,2026-12-03 22:00:00,3,0.9920113982524604
187,festival,music festivals,Bengaluru,Saffron Live,Sunrise Grounds,12.9731,77.5858,Bengaluru Music Festivals Fest,An evening of music festivals in Bengaluru. weekend pe plans chahiye,2027-01-17 20:00:00,2027-01-17 18:30:00,2027-01-17 23:00:00,3,0.5297428889771989
188,workshop,photography,Mumbai,Aarav Sessions,Royal Hall,19.103,72.9041,Photography Workshop with Aarav Sessions,An evening of photography in Mumbai. weekend pe plans chahiye,2026-07-13 21:00:00,2026-07-13 19:30:00,2026-07-14 00:00:00,3,2.3780328158235444
189,movie,bollywood films,Bengaluru,Static Tides Sessions,Harbour Arena,13.0493,77.5864,Bollywood Films Marathon: Static Tides Sessions Premiere,"An evening of bollywood films in Bengaluru. new city, new friends",2026-06-27 18:00:00,2026-06-27 16:30:00,2026-06-27 21:00:00,3,0.6776006976343346
190,movie,anime,Delhi,Static Tides Sessions,Riverside Grounds,28.5907,77.1862,Anime Marathon: Static Tides Sessions Premiere,An evening of anime in Delhi. chalo saath chalte hain,2026-07-10 19:00:00,2026-07-10 17:30:00,2026-07-10 22:00:00,3,1.3553437552433865
191,comedy,improv,Hyderabad,The Monsoon Band,Royal Hall,17.4405,78.5003,The Monsoon Band: Stand-up Special,An evening of improv in Hyderabad. weekend pe plans chahiye,2026-12-16 20:00:00,2026-12-16 18:30:00,2026-12-16 23:00:00,3,1.590530063673011
192,festival,music festivals,Bengaluru,Aarav Trio,Garden Grounds,13.0428,77.5678,Bengaluru Music Festivals Carnival,An evening of music festivals in Bengaluru. ekdum mast vibe,2026-11-25 18:00:00,2026-11-25 16:30:00,2026-11-25 21:00:00,3,4.510008062344944
193,theatre,theatre,Mumbai,Midnight Chai Project,Metro Hall,19.067,72.8295,Midnight Chai Project presents a theatre evening,An evening of theatre in Mumbai. ekdum mast vibe,2026-06-25 19:00:00,2026-06-25 17:30:00,2026-06-25 22:00:00,3,0.5146834136097078
194,conference,ai,Hyderabad,DJ Neon Band,Sunrise Auditorium,17.3123,78.5082,Hyderabad Ai Summit 2026,An evening of ai in Hyderabad.,2026-07-18 19:00:00,2026-07-18 17:30:00,2026-07-18 22:00:00,3,4.305907568530787
195,comedy,stand-up comedy,Hyderabad,Riya Trio,Royal Hall,17.4405,78.5003,Riya Trio: Stand-up Special,"An evening of stand-up comedy in Hyderabad. new city, new friends",2026-12-30 21:00:00,2026-12-30 19:30:00,2026-12-31 00:00:00,1,2.6466438536839045
196,conference,ai,Mumbai,Midnight Chai Band,Sunrise Auditorium,18.9995,72.9009,Mumbai Ai Summit 2026,An evening of ai in Mumbai. ekdum mast vibe,2027-01-26 21:00:00,2027-01-26 19:30:00,2027-01-27 00:00:00,3,1.301130406699872
197,movie,anime,Pune,Kavya Band,Garden Auditorium,18.4743,73.8858,Anime Marathon: Kavya Band Premiere,An evening of anime in Pune. always up for a good show,2026-07-22 18:00:00,2026-07-22 16:30:00,2026-07-22 21:00:00,3,0.5525129509557206
198,conference,startups,Delhi,Midnight Chai Project,Metro Arena,28.6022,77.2427,Delhi Startups Summit 2026,An evening of startups in Delhi. weekend pe plans chahiye,2026-06-12 17:00:00,2026-06-12 15:30:00,2026-06-12 20:00:00,3,3.211998977791116
199,conference,tech,Bengaluru,Aarav Sessions,Garden Grounds,13.0428,77.5678,Bengaluru Tech Summit 2026,An evening of tech in Bengaluru. ekdum mast vibe,2026-07-28 20:00:00,2026-07-28 18:30:00,2026-07-28 23:00:00,2,1.4640946240888864
200,comedy,improv,Bengaluru,Blue Lantern Live,Skyline Club,12.928,77.6909,Blue Lantern Live: Stand-up Special,An evening of improv in Bengaluru. chalo saath chalte hain,2026-11-05 20:00:00,2026-11-05 18:30:00,2026-11-05 23:00:00,1,0.3487308376013815
201,workshop,coding,Pune,Saffron Project,Lotus Grounds,18.4833,73.9283,Coding Workshop with Saffron Project,An evening of coding in Pune.,2026-11-08 17:00:00,2026-11-08 15:30:00,2026-11-08 20:00:00,3,0.7216302807251354
202,festival,food festivals,Pune,Static Tides Live,Lotus Grounds,18.4833,73.9283,Pune Food Festivals Carnival,An evening of food festivals in Pune. chalo saath chalte hain,2026-07-30 17:00:00,2026-07-30 15:30:00,2026-07-30 20:00:00,1,0.6137914706883538
203,sports,cricket,Pune,Blue Lantern Collective,Riverside Auditorium,18.5683,73.8686,Pune Titans vs Dynamos (cricket),An evening of cricket in Pune. ekdum mast vibe,2026-12-29 19:00:00,2026-12-29 17:30:00,2026-12-29 22:00:00,1,0.8248187341891379
204,festival,music festivals,Pune,Midnight Chai Live,Lotus Grounds,18.4833,73.9283,Pune Music Festivals Carnival,"An evening of music festivals in Pune. new city, new friends",2026-09-14 20:00:00,2026-09-14 18:30:00,2026-09-14 23:00:00,3,0.7576423458896946
205,concert,rock,Mumbai,Static Tides Live,Metro Hall,19.1081,72.9657,Static Tides Live - Rock Night,An evening of rock in Mumbai. chalo saath chalte hain,2027-01-01 21:00:00,2027-01-01 19:30:00,2027-01-02 00:00:00,1,1.0912004664384818
206,movie,hollywood films,Mumbai,The Monsoon Express,Sunrise Auditorium,18.9995,72.9009,Hollywood Films Marathon: The Monsoon Express Premiere,An evening of hollywood films in Mumbai.,2026-10-31 20:00:00,2026-10-31 18:30:00,2026-10-31 23:00:00,3,1.834986244326368
207,comedy,improv,Hyderabad,Saffron Band,Riverside Auditorium,17.3312,78.4836,Comedy Night ft. Saffron Band,An evening of improv in Hyderabad. always up for a good show,2027-01-11 20:00:00,2027-01-11 18:30:00,2027-01-11 23:00:00,2,0.4540557159126106
208,conference,tech,Pune,Riya Express,Riverside Arena,18.4933,73.8493,Pune Tech Summit 2026,An evening of tech in Pune. weekend pe plans chahiye,2026-10-07 19:00:00,2026-10-07 17:30:00,2026-10-07 22:00:00,2,0.7968510902696344
209,concert,indie music,Hyderabad,Kavya Sessions,Harbour Grounds,17.4499,78.5754,Kavya Sessions Live in Hyderabad,An evening of indie music in Hyderabad. always up for a good show,2026-08-23 19:00:00,2026-08-23 17:30:00,2026-08-23 22:00:00,1,0.7199075990067892
210,movie,bollywood films,Mumbai,Kavya Express,Royal Hall,19.1697,72.8776,Bollywood Films Marathon: Kavya Express Premiere,An evening of bollywood films in Mumbai. always up for a good show,2026-07-13 21:00:00,2026-07-13 19:30:00,2026-07-14 00:00:00,1,0.9965461978688528
211,workshop,coding,Pune,Mehfil Project,Riverside Auditorium,18.5683,73.8686,Coding Workshop with Mehfil Project,An evening of coding in Pune. chalo saath chalte hain,2026-07-20 18:00:00,2026-07-20 16:30:00,2026-07-20 21:00:00,3,0.2673016533171666
212,sports,kabaddi,Hyderabad,DJ Neon Band,Harbour Grounds,17.3915,78.5249,Hyderabad Royals vs Royals (kabaddi),An evening of kabaddi in Hyderabad. weekend pe plans chahiye,2027-01-01 19:00:00,2027-01-01 17:30:00,2027-01-01 22:00:00,1,1.8858463420927705
213,workshop,photography,Mumbai,Mehfil Project,Royal Hall,19.103,72.9041,Photography Workshop with Mehfil Project,An evening of photography in Mumbai.,2026-09-05 19:00:00,2026-09-05 17:30:00,2026-09-05 22:00:00,2,0.530453520843027
214,festival,food festivals,Mumbai,Kavya Express,Metro Hall,19.1081,72.9657,Mumbai Food Festivals Fest,An evening of food festivals in Mumbai. always up for a good show,2026-10-27 19:00:00,2026-10-27 17:30:00,2026-10-27 22:00:00,3,27.68783418533319
215,concert,bollywood music,Pune,The Monsoon Collective,Riverside Arena,18.4933,73.8493,The Monsoon Collective Live in Pune,An evening of bollywood music in Pune. chalo saath chalte hain,2026-11-27 18:00:00,2026-11-27 16:30:00,2026-11-27 21:00:00,3,1.5219301768865734
216,concert,bollywood music,Bengaluru,Blue Lantern Collective,Harbour Club,13.0273,77.5959,Blue Lantern Collective - Bollywood Music Night,An evening of bollywood music in Bengaluru. always up for a good show,2026-10-18 20:00:00,2026-10-18 18:30:00,2026-10-18 23:00:00,3,2.216965273020125
217,movie,bollywood films,Pune,Mehfil Band,Lotus Grounds,18.4833,73.9283,Bollywood Films Marathon: Mehfil Band Premiere,"An evening of bollywood films in Pune. new city, new friends",2026-12-25 18:00:00,2026-12-25 16:30:00,2026-12-25 21:00:00,3,0.3610194440913731
218,movie,anime,Mumbai,Midnight Chai Band,Royal Hall,19.103,72.9041,Anime Marathon: Midnight Chai Band Premiere,An evening of anime in Mumbai. weekend pe plans chahiye,2026-06-10 19:00:00,2026-06-10 17:30:00,2026-06-10 22:00:00,3,0.9551076293687404
219,movie,anime,Hyderabad,Kavya Trio,Lotus Auditorium,17.3933,78.5429,Anime Marathon: Kavya Trio Premiere,An evening of anime in Hyderabad. ekdum mast vibe,2026-10-27 19:00:00,2026-10-27 17:30:00,2026-10-27 22:00:00,2,0.4063366673975023
220,comedy,improv,Delhi,The Monsoon Band,Sunrise Grounds,28.5718,77.2247,The Monsoon Band: Stand-up Special,An evening of improv in Delhi. always up for a good show,2026-08-30 17:00:00,2026-08-30 15:30:00,2026-08-30 20:00:00,1,0.6087540418593109
221,festival,music festivals,Delhi,Kavya Live,Royal Grounds,28.571,77.1801,Delhi Music Festivals Carnival,An evening of music festivals in Delhi. chalo saath chalte hain,2026-11-18 20:00:00,2026-11-18 18:30:00,2026-11-18 23:00:00,2,0.42103253621413
222,workshop,photography,Pune,Static Tides Sessions,Garden Auditorium,18.4743,73.8858,Photography Workshop with Static Tides Sessions,An evening of photography in Pune. chalo saath chalte hain,2026-10-20 19:00:00,2026-10-20 17:30:00,2026-10-20 22:00:00,2,1.6968555319213028
223,festival,food festivals,Delhi,Static Tides Project,Metro Arena,28.6022,77.2427,Delhi Food Festivals Fest,An evening of food festivals in Delhi. ekdum mast vibe,2026-11-30 18:00:00,2026-11-30 16:30:00,2026-11-30 21:00:00,3,4.414293969912545
224,comedy,improv,Bengaluru,Mehfil Project,Harbour Club,13.0273,77.5959,Comedy Night ft. Mehfil Project,"An evening of improv in Bengaluru. new city, new friends",2026-09-04 21:00:00,2026-09-04 19:30:00,2026-09-05 00:00:00,1,1.4067896356056917
225,movie,bollywood films,Delhi,Blue Lantern Collective,Sunrise Grounds,28.5718,77.2247,Bollywood Films Marathon: Blue Lantern Collective Premiere,An evening of bollywood films in Delhi. chalo saath chalte hain,2026-06-30 17:00:00,2026-06-30 15:30:00,2026-06-30 20:00:00,1,1.266647280509166
226,comedy,stand-up comedy,Delhi,Midnight Chai Band,Sunrise Grounds,28.5718,77.2247,Midnight Chai Band: Stand-up Special,An evening of stand-up comedy in Delhi. chalo saath chalte hain,2026-09-25 18:00:00,2026-09-25 16:30:00,2026-09-25 21:00:00,2,1.3857754866205534
227,theatre,musicals,Mumbai,Saffron Live,Royal Auditorium,19.0901,72.8287,Saffron Live presents a musicals evening,An evening of musicals in Mumbai. ekdum mast vibe,2027-01-22 17:00:00,2027-01-22 15:30:00,2027-01-22 20:00:00,3,0.2874395740624499
228,sports,football,Delhi,Kavya Live,Metro Arena,28.6348,77.258,Delhi Mavericks vs Royals (football),An evening of football in Delhi. chalo saath chalte hain,2026-07-10 20:00:00,2026-07-10 18:30:00,2026-07-10 23:00:00,1,0.9292698155183086
229,movie,bollywood films,Delhi,Aarav Project,Riverside Grounds,28.5907,77.1862,Bollywood Films Marathon: Aarav Project Premiere,An evening of bollywood films in Delhi. chalo saath chalte hain,2026-12-13 21:00:00,2026-12-13 19:30:00,2026-12-14 00:00:00,2,2.3470210137768523
230,sports,cricket,Mumbai,Blue Lantern Trio,Royal Hall,19.1697,72.8776,Mumbai Mavericks vs Strikers (cricket),An evening of cricket in Mumbai. chalo saath chalte hain,2026-06-25 18:00:00,2026-06-25 16:30:00,2026-06-25 21:00:00,2,0.7861713515884594
231,workshop,pottery,Delhi,The Monsoon Trio,Lotus Grounds,28.6181,77.1774,Pottery Workshop with The Monsoon Trio,An evening of pottery in Delhi. always up for a good show,2027-01-24 18:00:00,2027-01-24 16:30:00,2027-01-24 21:00:00,2,0.2245993761671747
232,workshop,coding,Mumbai,Kavya Trio,Royal Hall,19.1697,72.8776,Coding Workshop with Kavya Trio,An evening of coding in Mumbai. always up for a good show,2026-11-19 21:00:00,2026-11-19 19:30:00,2026-11-20 00:00:00,3,0.7519226102716047
233,workshop,photography,Pune,Saffron Sessions,Lotus Grounds,18.4833,73.9283,Photography Workshop with Saffron Sessions,An evening of photography in Pune. chalo saath chalte hain,2026-06-01 20:00:00,2026-06-01 18:30:00,2026-06-01 23:00:00,1,2.535231723811428
234,festival,food festivals,Delhi,Mehfil Trio,Metro Arena,28.6022,77.2427,Delhi Food Festivals Fest,"An evening of food festivals in Delhi. new city, new friends",2027-01-01 18:00:00,2027-01-01 16:30:00,2027-01-01 21:00:00,3,0.9036180467540964
235,sports,kabaddi,Hyderabad,Midnight Chai Sessions,Harbour Grounds,17.4499,78.5754,Hyderabad Mavericks vs Dynamos (kabaddi),An evening of kabaddi in Hyderabad.,2026-08-24 21:00:00,2026-08-24 19:30:00,2026-08-25 00:00:00,3,1.1242472889676691
236,comedy,stand-up comedy,Bengaluru,Midnight Chai Band,Harbour Club,13.0273,77.5959,Comedy Night ft. Midnight Chai Band,An evening of stand-up comedy in Bengaluru.,2026-12-13 20:00:00,2026-12-13 18:30:00,2026-12-13 23:00:00,3,4.706206832947885
237,sports,cricket,Hyderabad,Aarav Collective,Royal Hall,17.4405,78.5003,Hyderabad Strikers vs Royals (cricket),An evening of cricket in Hyderabad.,2026-10-17 19:00:00,2026-10-17 17:30:00,2026-10-17 22:00:00,2,0.4305190685013442
238,sports,football,Pune,Midnight Chai Express,Lotus Grounds,18.4833,73.9283,Pune Dynamos vs Mavericks (football),An evening of football in Pune.,2026-11-25 21:00:00,2026-11-25 19:30:00,2026-11-26 00:00:00,3,1.0217743975725757
239,theatre,musicals,Hyderabad,Mehfil Collective,Royal Hall,17.4405,78.5003,Mehfil Collective presents a musicals evening,An evening of musicals in Hyderabad. weekend pe plans chahiye,2026-12-30 17:00:00,2026-12-30 15:30:00,2026-12-30 20:00:00,3,0.7530021374148639
240,festival,music festivals,Pune,Blue Lantern Collective,Skyline Grounds,18.5213,73.7946,Pune Music Festivals Carnival,"An evening of music festivals in Pune. new city, new friends",2026-08-23 19:00:00,2026-08-23 17:30:00,2026-08-23 22:00:00,3,1.5166542153528983
241,concert,indie music,Bengaluru,Static Tides Express,Metro Club,13.0421,77.6685,Static Tides Express - Indie Music Night,An evening of indie music in Bengaluru.,2026-06-19 21:00:00,2026-06-19 19:30:00,2026-06-20 00:00:00,2,0.5451898903527351
242,workshop,coding,Hyderabad,Static Tides Collective,Lotus Auditorium,17.3933,78.5429,Coding Workshop with Static Tides Collective,An evening of coding in Hyderabad. always up for a good show,2026-12-07 19:00:00,2026-12-07 17:30:00,2026-12-07 22:00:00,1,1.0346750116544643
243,sports,cricket,Hyderabad,Saffron Trio,Harbour Grounds,17.4499,78.5754,Hyderabad Tigers vs Tigers (cricket),An evening of cricket in Hyderabad.,2026-12-18 21:00:00,2026-12-18 19:30:00,2026-12-19 00:00:00,2,0.9438798209305
244,workshop,coding,Bengaluru,Mehfil Trio,Sunrise Grounds,12.9731,77.5858,Coding Workshop with Mehfil Trio,An evening of coding in Bengaluru. weekend pe plans chahiye,2026-11-02 21:00:00,2026-11-02 19:30:00,2026-11-03 00:00:00,3,0.3501357692316879
245,comedy,stand-up comedy,Bengaluru,Kavya Sessions,Garden Grounds,13.0428,77.5678,Comedy Night ft. Kavya Sessions,An evening of stand-up comedy in Bengaluru. ekdum mast vibe,2026-11-29 20:00:00,2026-11-29 18:30:00,2026-11-29 23:00:00,1,0.7292490856108853
246,theatre,theatre,Mumbai,Kavya Sessions,Harbour Club,19.0259,72.9696,Kavya Sessions presents a theatre evening,"An evening of theatre in Mumbai. new city, new friends",2026-10-08 18:00:00,2026-10-08 16:30:00,2026-10-08 21:00:00,1,0.3399118171506713
247,sports,kabaddi,Mumbai,Mehfil Express,Metro Hall,19.067,72.8295,Mumbai Dynamos vs Titans (kabaddi),An evening of kabaddi in Mumbai. weekend pe plans chahiye,2026-08-12 17:00:00,2026-08-12 15:30:00,2026-08-12 20:00:00,2,0.7845333452465345
248,sports,football,Pune,Aarav Sessions,Garden Auditorium,18.4743,73.8858,Pune Royals vs Tigers (football),An evening of football in Pune. ekdum mast vibe,2026-10-30 21:00:00,2026-10-30 19:30:00,2026-10-31 00:00:00,2,0.7812982308084268
249,sports,cricket,Pune,The Monsoon Project,Skyline Arena,18.5144,73.8568,Pune Mavericks vs Titans (cricket),"An evening of cricket in Pune. new city, new friends",2026-09-30 19:00:00,2026-09-30 17:30:00,2026-09-30 22:00:00,3,4.25701976737723
250,movie,bollywood films,Bengaluru,Static Tides Live,Harbour Club,13.0273,77.5959,Bollywood Films Marathon: Static Tides Live Premiere,An evening of bollywood films in Bengaluru. weekend pe plans chahiye,2026-12-23 18:00:00,2026-12-23 16:30:00,2026-12-23 21:00:00,1,0.896440724169118
251,comedy,stand-up comedy,Pune,The Monsoon Trio,Garden Auditorium,18.4743,73.8858,The Monsoon Trio: Stand-up Special,An evening of stand-up comedy in Pune. chalo saath chalte hain,2026-10-14 20:00:00,2026-10-14 18:30:00,2026-10-14 23:00:00,1,1.124793571444212
252,festival,music festivals,Pune,Saffron Sessions,Sunrise Hall,18.5595,73.9874,Pune Music Festivals Carnival,An evening of music festivals in Pune. chalo saath chalte hain,2026-07-01 19:00:00,2026-07-01 17:30:00,2026-07-01 22:00:00,1,2.1154658305218725
253,movie,anime,Hyderabad,The Monsoon Project,Harbour Grounds,17.3915,78.5249,Anime Marathon: The Monsoon Project Premiere,An evening of anime in Hyderabad. chalo saath chalte hain,2026-09-04 17:00:00,2026-09-04 15:30:00,2026-09-04 20:00:00,1,0.3617086225883537
254,festival,food festivals,Pune,Kavya Sessions,Riverside Auditorium,18.5683,73.8686,Pune Food Festivals Carnival,An evening of food festivals in Pune. weekend pe plans chahiye,2026-11-28 19:00:00,2026-11-28 17:30:00,2026-11-28 22:00:00,1,0.2199027573092532
255,concert,sufi,Hyderabad,Aarav Express,Harbour Grounds,17.4499,78.5754,Aarav Express Live in Hyderabad,An evening of sufi in Hyderabad.,2027-01-14 20:00:00,2027-01-14 18:30:00,2027-01-14 23:00:00,3,1.2580918325610155
256,comedy,improv,Bengaluru,Aarav Project,Skyline Club,12.928,77.6909,Comedy Night ft. Aarav Project,An evening of improv in Bengaluru.,2026-08-11 17:00:00,2026-08-11 15:30:00,2026-08-11 20:00:00,1,1.5801597863587904
257,festival,music festivals,Pune,The Monsoon Trio,Riverside Auditorium,18.5683,73.8686,Pune Music Festivals Fest,"An evening of music festivals in Pune. new city, new friends",2026-11-20 18:00:00,2026-11-20 16:30:00,2026-11-20 21:00:00,2,2.4597083641305724
258,concert,edm,Pune,Riya Band,Sunrise Hall,18.5595,73.9874,Riya Band - Edm Night,An evening of edm in Pune. weekend pe plans chahiye,2027-01-12 17:00:00,2027-01-12 15:30:00,2027-01-12 20:00:00,1,0.5568443810227363
259,comedy,improv,Hyderabad,Kavya Band,Lotus Auditorium,17.3933,78.5429,Kavya Band: Stand-up Special,An evening of improv in Hyderabad. always up for a good show,2026-07-14 17:00:00,2026-07-14 15:30:00,2026-07-14 20:00:00,3,0.997061562433781
260,theatre,musicals,Bengaluru,Riya Collective,Sunrise Grounds,12.9731,77.5858,Riya Collective presents a musicals evening,An evening of musicals in Bengaluru. ekdum mast vibe,2026-09-21 20:00:00,2026-09-21 18:30:00,2026-09-21 23:00:00,3,0.8196043839959853
261,festival,music festivals,Pune,Kavya Band,Garden Auditorium,18.4743,73.8858,Pune Music Festivals Carnival,An evening of music festivals in Pune. ekdum mast vibe,2026-07-21 18:00:00,2026-07-21 16:30:00,2026-07-21 21:00:00,2,0.4148290003332993
262,festival,food festivals,Bengaluru,Kavya Collective,Metro Club,13.0421,77.6685,Bengaluru Food Festivals Fest,An evening of food festivals in Bengaluru. weekend pe plans chahiye,2026-09-17 19:00:00,2026-09-17 17:30:00,2026-09-17 22:00:00,1,1.5210222300447065
263,workshop,photography,Hyderabad,Midnight Chai Trio,Harbour Grounds,17.3915,78.5249,Photography Workshop with Midnight Chai Trio,An evening of photography in Hyderabad. ekdum mast vibe,2026-08-09 17:00:00,2026-08-09 15:30:00,2026-08-09 20:00:00,2,0.5885152444200862
264,workshop,coding,Hyderabad,The Monsoon Live,Lotus Hall,17.3848,78.4976,Coding Workshop with The Monsoon Live,An evening of coding in Hyderabad.,2026-07-16 21:00:00,2026-07-16 19:30:00,2026-07-17 00:00:00,3,0.7455537226901354
265,festival,food festivals,Bengaluru,Saffron Express,Metro Club,13.0421,77.6685,Bengaluru Food Festivals Carnival,An evening of food festivals in Bengaluru. chalo saath chalte hain,2026-11-11 18:00:00,2026-11-11 16:30:00,2026-11-11 21:00:00,2,6.428423783063521
266,movie,hollywood films,Mumbai,Saffron Project,Royal Hall,19.103,72.9041,Hollywood Films Marathon: Saffron Project Premiere,An evening of hollywood films in Mumbai. always up for a good show,2026-12-23 17:00:00,2026-12-23 15:30:00,2026-12-23 20:00:00,1,1.4906327851715937
267,sports,kabaddi,Pune,Saffron Live,Skyline Grounds,18.5213,73.7946,Pune Titans vs Tigers (kabaddi),"An evening of kabaddi in Pune. new city, new friends",2026-10-11 17:00:00,2026-10-11 15:30:00,2026-10-11 20:00:00,3,4.618859088073259
268,workshop,coding,Hyderabad,The Monsoon Collective,Lotus Hall,17.3848,78.4976,Coding Workshop with The Monsoon Collective,An evening of coding in Hyderabad. weekend pe plans chahiye,2026-09-06 18:00:00,2026-09-06 16:30:00,2026-09-06 21:00:00,2,1.2497176611789007
269,theatre,musicals,Mumbai,Static Tides Trio,Metro Club,19.1581,72.9795,Static Tides Trio presents a musicals evening,An evening of musicals in Mumbai. always up for a good show,2026-10-26 18:00:00,2026-10-26 16:30:00,2026-10-26 21:00:00,3,0.6002100665407765
270,concert,edm,Mumbai,Blue Lantern Trio,Royal Auditorium,19.0901,72.8287,Blue Lantern Trio - Edm Night,An evening of edm in Mumbai. ekdum mast vibe,2026-06-19 19:00:00,2026-06-19 17:30:00,2026-06-19 22:00:00,1,1.0287591669809946
271,concert,rock,Pune,Blue Lantern Project,Riverside Arena,18.4933,73.8493,Blue Lantern Project - Rock Night,An evening of rock in Pune. ekdum mast vibe,2026-10-05 18:00:00,2026-10-05 16:30:00,2026-10-05 21:00:00,2,0.9303150560297198
272,sports,football,Pune,Mehfil Express,Riverside Arena,18.4933,73.8493,Pune Royals vs Mavericks (football),"An evening of football in Pune. new city, new friends",2027-01-04 17:00:00,2027-01-04 15:30:00,2027-01-04 20:00:00,2,3.355413384064145
273,festival,music festivals,Delhi,Mehfil Sessions,Sunrise Grounds,28.5718,77.2247,Delhi Music Festivals Carnival,An evening of music festivals in Delhi. ekdum mast vibe,2026-07-31 17:00:00,2026-07-31 15:30:00,2026-07-31 20:00:00,3,0.6226471262796369
274,theatre,theatre,Hyderabad,Saffron Project,Riverside Auditorium,17.3312,78.4836,Saffron Project presents a theatre evening,"An evening of theatre in Hyderabad. new city, new friends",2027-01-01 19:00:00,2027-01-01 17:30:00,2027-01-01 22:00:00,2,2.847710319747759
275,sports,cricket,Mumbai,The Monsoon Band,Metro Club,19.1581,72.9795,Mumbai Royals vs Strikers (cricket),An evening of cricket in Mumbai. weekend pe plans chahiye,2026-08-16 21:00:00,2026-08-16 19:30:00,2026-08-17 00:00:00,1,2.387853901965709
276,festival,music festivals,Delhi,The Monsoon Sessions,Royal Arena,28.6274,77.2426,Delhi Music Festivals Fest,An evening of music festivals in Delhi. always up for a good show,2027-01-06 21:00:00,2027-01-06 19:30:00,2027-01-07 00:00:00,1,1.2203001601735486
277,movie,anime,Hyderabad,Static Tides Sessions,Skyline Arena,17.3149,78.4586,Anime Marathon: Static Tides Sessions Premiere,An evening of anime in Hyderabad. always up for a good show,2026-08-23 19:00:00,2026-08-23 17:30:00,2026-08-23 22:00:00,2,1.122086487484501
278,workshop,photography,Delhi,DJ Neon Trio,Royal Grounds,28.571,77.1801,Photography Workshop with DJ Neon Trio,An evening of photography in Delhi. ekdum mast vibe,2026-08-17 20:00:00,2026-08-17 18:30:00,2026-08-17 23:00:00,2,0.2329029185807837
279,festival,music festivals,Delhi,Blue Lantern Express,Metro Arena,28.6022,77.2427,Delhi Music Festivals Carnival,An evening of music festivals in Delhi. chalo saath chalte hain,2026-11-27 21:00:00,2026-11-27 19:30:00,2026-11-28 00:00:00,1,0.2724731174543515
280,concert,bollywood music,Bengaluru,Mehfil Live,Garden Auditorium,13.0144,77.5718,Mehfil Live - Bollywood Music Night,An evening of bollywood music in Bengaluru. weekend pe plans chahiye,2026-09-23 21:00:00,2026-09-23 19:30:00,2026-09-24 00:00:00,2,0.4101374727228384
281,workshop,coding,Pune,The Monsoon Band,Skyline Grounds,18.5213,73.7946,Coding Workshop with The Monsoon Band,An evening of coding in Pune.,2026-09-08 20:00:00,2026-09-08 18:30:00,2026-09-08 23:00:00,2,1.1577050966976714
282,movie,bollywood films,Delhi,Riya Express,Lotus Grounds,28.6181,77.1774,Bollywood Films Marathon: Riya Express Premiere,An evening of bollywood films in Delhi. always up for a good show,2026-12-02 18:00:00,2026-12-02 16:30:00,2026-12-02 21:00:00,1,2.0522687858462696
283,festival,music festivals,Delhi,Midnight Chai Express,Lotus Grounds,28.6181,77.1774,Delhi Music Festivals Carnival,"An evening of music festivals in Delhi. new city, new friends",2026-09-22 19:00:00,2026-09-22 17:30:00,2026-09-22 22:00:00,1,0.3839850378224368
284,sports,kabaddi,Hyderabad,Midnight Chai Project,Royal Hall,17.4405,78.5003,Hyderabad Mavericks vs Mavericks (kabaddi),An evening of kabaddi in Hyderabad. weekend pe plans chahiye,2026-10-06 21:00:00,2026-10-06 19:30:00,2026-10-07 00:00:00,2,2.405687165906539
285,sports,football,Bengaluru,Riya Project,Harbour Arena,13.0493,77.5864,Bengaluru Royals vs Titans (football),"An evening of football in Bengaluru. new city, new friends",2026-11-13 21:00:00,2026-11-13 19:30:00,2026-11-14 00:00:00,2,0.6463290416604572
286,comedy,improv,Delhi,Kavya Live,Metro Arena,28.6348,77.258,Comedy Night ft. Kavya Live,An evening of improv in Delhi. chalo saath chalte hain,2027-01-08 20:00:00,2027-01-08 18:30:00,2027-01-08 23:00:00,1,0.5914782692540625
287,workshop,photography,Mumbai,Kavya Live,Metro Club,19.1581,72.9795,Photography Workshop with Kavya Live,An evening of photography in Mumbai.,2026-09-13 20:00:00,2026-09-13 18:30:00,2026-09-13 23:00:00,3,1.659490651014666
288,theatre,theatre,Mumbai,Static Tides Project,Royal Hall,19.103,72.9041,Static Tides Project presents a theatre evening,An evening of theatre in Mumbai. weekend pe plans chahiye,2026-08-31 19:00:00,2026-08-31 17:30:00,2026-08-31 22:00:00,3,0.9300796734491136
289,sports,football,Pune,Kavya Project,Riverside Auditorium,18.5683,73.8686,Pune Mavericks vs Dynamos (football),An evening of football in Pune. always up for a good show,2026-10-20 17:00:00,2026-10-20 15:30:00,2026-10-20 20:00:00,1,0.6130716477050453
290,concert,sufi,Delhi,Blue Lantern Express,Metro Arena,28.6348,77.258,Blue Lantern Express - Sufi Night,"An evening of sufi in Delhi. new city, new friends",2026-06-22 21:00:00,2026-06-22 19:30:00,2026-06-23 00:00:00,3,0.5082321728542301
291,festival,food festivals,Bengaluru,Static Tides Express,Garden Auditorium,13.0144,77.5718,Bengaluru Food Festivals Fest,An evening of food festivals in Bengaluru.,2026-07-19 18:00:00,2026-07-19 16:30:00,2026-07-19 21:00:00,3,0.8975480368813927
292,theatre,theatre,Bengaluru,Midnight Chai Collective,Skyline Grounds,13.0283,77.6532,Midnight Chai Collective presents a theatre evening,An evening of theatre in Bengaluru. ekdum mast vibe,2027-01-05 19:00:00,2027-01-05 17:30:00,2027-01-05 22:00:00,2,2.772398763217734
293,conference,startups,Delhi,Kavya Live,Metro Arena,28.6022,77.2427,Delhi Startups Summit 2026,An evening of startups in Delhi. ekdum mast vibe,2026-06-11 20:00:00,2026-06-11 18:30:00,2026-06-11 23:00:00,1,1.6791164601185955
294,festival,music festivals,Mumbai,Aarav Collective,Royal Hall,19.1697,72.8776,Mumbai Music Festivals Carnival,An evening of music festivals in Mumbai. weekend pe plans chahiye,2026-11-16 17:00:00,2026-11-16 15:30:00,2026-11-16 20:00:00,1,0.6912368157961706
295,workshop,pottery,Delhi,Aarav Live,Metro Arena,28.6348,77.258,Pottery Workshop with Aarav Live,An evening of pottery in Delhi. ekdum mast vibe,2026-10-13 17:00:00,2026-10-13 15:30:00,2026-10-13 20:00:00,3,3.222359561321792
296,festival,music festivals,Hyderabad,DJ Neon Band,Skyline Arena,17.3149,78.4586,Hyderabad Music Festivals Carnival,An evening of music festivals in Hyderabad. chalo saath chalte hain,2027-01-18 21:00:00,2027-01-18 19:30:00,2027-01-19 00:00:00,2,0.5004947369502197
297,festival,music festivals,Delhi,Kavya Collective,Garden Hall,28.6247,77.1649,Delhi Music Festivals Carnival,"An evening of music festivals in Delhi. new city, new friends",2026-11-20 17:00:00,2026-11-20 15:30:00,2026-11-20 20:00:00,2,0.7778933862448408
298,festival,music festivals,Hyderabad,Kavya Band,Royal Hall,17.4405,78.5003,Hyderabad Music Festivals Fest,An evening of music festivals in Hyderabad.,2026-08-27 17:00:00,2026-08-27 15:30:00,2026-08-27 20:00:00,2,0.3464252162726238
299,concert,edm,Delhi,Kavya Collective,Metro Arena,28.6348,77.258,Kavya Collective - Edm Night,An evening of edm in Delhi. always up for a good show,2026-10-21 19:00:00,2026-10-21 17:30:00,2026-10-21 22:00:00,1,0.9783494205454276
300,comedy,improv,Hyderabad,Kavya Collective,Sunrise Auditorium,17.3123,78.5082,Comedy Night ft. Kavya Collective,"An evening of improv in Hyderabad. new city, new friends",2027-01-24 19:00:00,2027-01-24 17:30:00,2027-01-24 22:00:00,2,1.4162148042814482
301,movie,bollywood films,Bengaluru,Saffron Live,Metro Club,13.0421,77.6685,Bollywood Films Marathon: Saffron Live Premiere,An evening of bollywood films in Bengaluru. chalo saath chalte hain,2026-08-04 21:00:00,2026-08-04 19:30:00,2026-08-05 00:00:00,1,0.5932482169283766
302,festival,food festivals,Bengaluru,Blue Lantern Band,Sunrise Grounds,12.9731,77.5858,Bengaluru Food Festivals Fest,An evening of food festivals in Bengaluru. weekend pe plans chahiye,2026-08-17 21:00:00,2026-08-17 19:30:00,2026-08-18 00:00:00,3,1.2196321240155437
303,workshop,photography,Hyderabad,Mehfil Project,Lotus Auditorium,17.3933,78.5429,Photography Workshop with Mehfil Project,An evening of photography in Hyderabad. weekend pe plans chahiye,2026-07-04 20:00:00,2026-07-04 18:30:00,2026-07-04 23:00:00,3,0.2952707973386355
304,comedy,improv,Bengaluru,Riya Trio,Harbour Arena,13.0493,77.5864,Riya Trio: Stand-up Special,An evening of improv in Bengaluru. weekend pe plans chahiye,2026-07-07 20:00:00,2026-07-07 18:30:00,2026-07-07 23:00:00,2,1.0027364444546416
305,theatre,theatre,Delhi,DJ Neon Project,Riverside Grounds,28.5907,77.1862,DJ Neon Project presents a theatre evening,An evening of theatre in Delhi. ekdum mast vibe,2026-12-08 18:00:00,2026-12-08 16:30:00,2026-12-08 21:00:00,2,1.2953316931837704
306,concert,hip hop,Hyderabad,Midnight Chai Sessions,Sunrise Auditorium,17.3123,78.5082,Midnight Chai Sessions - Hip Hop Night,An evening of hip hop in Hyderabad. chalo saath chalte hain,2026-08-10 18:00:00,2026-08-10 16:30:00,2026-08-10 21:00:00,2,1.1679771298454298
307,concert,edm,Hyderabad,The Monsoon Live,Skyline Arena,17.3149,78.4586,The Monsoon Live Live in Hyderabad,"An evening of edm in Hyderabad. new city, new friends",2026-10-28 18:00:00,2026-10-28 16:30:00,2026-10-28 21:00:00,2,3.396050347153429
308,conference,startups,Pune,Mehfil Band,Sunrise Hall,18.5595,73.9874,Pune Startups Summit 2026,An evening of startups in Pune.,2026-06-28 19:00:00,2026-06-28 17:30:00,2026-06-28 22:00:00,2,1.4073334356752902
309,workshop,pottery,Hyderabad,The Monsoon Project,Skyline Arena,17.3149,78.4586,Pottery Workshop with The Monsoon Project,An evening of pottery in Hyderabad. always up for a good show,2027-01-20 19:00:00,2027-01-20 17:30:00,2027-01-20 22:00:00,3,0.3200923231716158
310,festival,music festivals,Mumbai,Mehfil Band,Royal Hall,19.103,72.9041,Mumbai Music Festivals Carnival,An evening of music festivals in Mumbai. weekend pe plans chahiye,2026-09-09 17:00:00,2026-09-09 15:30:00,2026-09-09 20:00:00,2,0.8007248934845173
311,theatre,theatre,Bengaluru,Aarav Project,Metro Club,13.0421,77.6685,Aarav Project presents a theatre evening,An evening of theatre in Bengaluru. always up for a good show,2026-06-17 20:00:00,2026-06-17 18:30:00,2026-06-17 23:00:00,1,0.6681053218524942
312,workshop,pottery,Mumbai,The Monsoon Trio,Metro Hall,19.067,72.8295,Pottery Workshop with The Monsoon Trio,An evening of pottery in Mumbai. weekend pe plans chahiye,2026-06-25 17:00:00,2026-06-25 15:30:00,2026-06-25 20:00:00,1,1.9603697545042864
313,conference,startups,Mumbai,Saffron Project,Royal Auditorium,19.0901,72.8287,Mumbai Startups Summit 2026,"An evening of startups in Mumbai. new city, new friends",2026-07-18 19:00:00,2026-07-18 17:30:00,2026-07-18 22:00:00,3,1.7441814469935326
314,comedy,stand-up comedy,Hyderabad,Blue Lantern Collective,Riverside Auditorium,17.3312,78.4836,Blue Lantern Collective: Stand-up Special,An evening of stand-up comedy in Hyderabad. chalo saath chalte hain,2026-11-24 21:00:00,2026-11-24 19:30:00,2026-11-25 00:00:00,2,0.7685705196893335
315,theatre,musicals,Pune,Static Tides Live,Skyline Arena,18.5144,73.8568,Static Tides Live presents a musicals evening,An evening of musicals in Pune. always up for a good show,2026-06-27 18:00:00,2026-06-27 16:30:00,2026-06-27 21:00:00,1,1.1661838271613565
316,festival,food festivals,Delhi,DJ Neon Project,Sunrise Grounds,28.5718,77.2247,Delhi Food Festivals Fest,An evening of food festivals in Delhi. always up for a good show,2026-11-20 19:00:00,2026-11-20 17:30:00,2026-11-20 22:00:00,2,0.795589628910038
317,concert,sufi,Hyderabad,DJ Neon Trio,Harbour Grounds,17.3915,78.5249,DJ Neon Trio Live in Hyderabad,An evening of sufi in Hyderabad. weekend pe plans chahiye,2026-10-07 20:00:00,2026-10-07 18:30:00,2026-10-07 23:00:00,1,2.3613409820293403
318,theatre,musicals,Pune,Aarav Project,Skyline Grounds,18.5213,73.7946,Aarav Project presents a musicals evening,An evening of musicals in Pune. chalo saath chalte hain,2026-07-18 19:00:00,2026-07-18 17:30:00,2026-07-18 22:00:00,3,3.1939867375301367
319,comedy,stand-up comedy,Bengaluru,Aarav Band,Metro Club,13.0421,77.6685,Comedy Night ft. Aarav Band,An evening of stand-up comedy in Bengaluru. always up for a good show,2027-01-24 18:00:00,2027-01-24 16:30:00,2027-01-24 21:00:00,1,0.4118898115397916
320,concert,sufi,Pune,The Monsoon Project,Riverside Arena,18.4933,73.8493,The Monsoon Project - Sufi Night,An evening of sufi in Pune.,2026-11-07 20:00:00,2026-11-07 18:30:00,2026-11-07 23:00:00,3,1.2428449686603678
321,theatre,musicals,Bengaluru,Static Tides Band,Sunrise Grounds,12.9731,77.5858,Static Tides Band presents a musicals evening,An evening of musicals in Bengaluru. ekdum mast vibe,2026-06-19 17:00:00,2026-06-19 15:30:00,2026-06-19 20:00:00,2,0.5806430609416883
322,comedy,stand-up comedy,Delhi,Saffron Sessions,Metro Arena,28.6348,77.258,Saffron Sessions: Stand-up Special,"An evening of stand-up comedy in Delhi. new city, new friends",2026-08-18 18:00:00,2026-08-18 16:30:00,2026-08-18 21:00:00,3,1.205508031497349
323,festival,music festivals,Mumbai,Static Tides Live,Metro Club,19.1581,72.9795,Mumbai Music Festivals Fest,"An evening of music festivals in Mumbai. new city, new friends",2026-11-22 19:00:00,2026-11-22 17:30:00,2026-11-22 22:00:00,2,2.2007351509030766
324,workshop,photography,Pune,Saffron Express,Skyline Arena,18.5144,73.8568,Photography Workshop with Saffron Express,An evening of photography in Pune.,2026-11-28 20:00:00,2026-11-28 18:30:00,2026-11-28 23:00:00,3,1.1016087028174428
325,festival,food festivals,Delhi,Blue Lantern Live,Metro Arena,28.6022,77.2427,Delhi Food Festivals Fest,An evening of food festivals in Delhi. always up for a good show,2026-10-16 20:00:00,2026-10-16 18:30:00,2026-10-16 23:00:00,3,1.3681646907704377
326,conference,tech,Hyderabad,The Monsoon Live,Riverside Auditorium,17.3312,78.4836,Hyderabad Tech Summit 2026,"An evening of tech in Hyderabad. new city, new friends",2026-12-23 21:00:00,2026-12-23 19:30:00,2026-12-24 00:00:00,2,2.042792739483715
327,comedy,improv,Delhi,DJ Neon Collective,Lotus Grounds,28.6181,77.1774,Comedy Night ft. DJ Neon Collective,An evening of improv in Delhi. chalo saath chalte hain,2026-06-26 19:00:00,2026-06-26 17:30:00,2026-06-26 22:00:00,3,2.283968073134523
328,theatre,musicals,Hyderabad,Midnight Chai Collective,Lotus Hall,17.3848,78.4976,Midnight Chai Collective presents a musicals evening,An evening of musicals in Hyderabad. weekend pe plans chahiye,2026-12-03 18:00:00,2026-12-03 16:30:00,2026-12-03 21:00:00,2,1.218628057893292
329,festival,food festivals,Bengaluru,Kavya Collective,Metro Club,13.0421,77.6685,Bengaluru Food Festivals Carnival,An evening of food festivals in Bengaluru.,2026-09-16 21:00:00,2026-09-16 19:30:00,2026-09-17 00:00:00,1,0.7399358201218542
330,concert,rock,Pune,Midnight Chai Express,Skyline Arena,18.5144,73.8568,Midnight Chai Express - Rock Night,"An evening of rock in Pune. new city, new friends",2026-12-14 20:00:00,2026-12-14 18:30:00,2026-12-14 23:00:00,3,5.022311017294986
331,sports,kabaddi,Delhi,Riya Sessions,Lotus Grounds,28.6181,77.1774,Delhi Strikers vs Titans (kabaddi),"An evening of kabaddi in Delhi. new city, new friends",2026-08-10 21:00:00,2026-08-10 19:30:00,2026-08-11 00:00:00,1,0.2918919484683724
332,workshop,coding,Delhi,Saffron Sessions,Riverside Grounds,28.5907,77.1862,Coding Workshop with Saffron Sessions,An evening of coding in Delhi. ekdum mast vibe,2026-11-19 17:00:00,2026-11-19 15:30:00,2026-11-19 20:00:00,3,0.7731760917444438
333,movie,hollywood films,Hyderabad,The Monsoon Band,Sunrise Auditorium,17.3123,78.5082,Hollywood Films Marathon: The Monsoon Band Premiere,An evening of hollywood films in Hyderabad. weekend pe plans chahiye,2026-06-05 20:00:00,2026-06-05 18:30:00,2026-06-05 23:00:00,3,0.2688213625533149
334,theatre,theatre,Delhi,Riya Sessions,Sunrise Grounds,28.5718,77.2247,Riya Sessions presents a theatre evening,An evening of theatre in Delhi. weekend pe plans chahiye,2026-07-12 18:00:00,2026-07-12 16:30:00,2026-07-12 21:00:00,1,5.603316119545106
335,workshop,photography,Pune,The Monsoon Trio,Skyline Grounds,18.5213,73.7946,Photography Workshop with The Monsoon Trio,An evening of photography in Pune. weekend pe plans chahiye,2026-06-28 19:00:00,2026-06-28 17:30:00,2026-06-28 22:00:00,3,1.1982901720751835
336,sports,kabaddi,Hyderabad,Saffron Band,Royal Hall,17.4405,78.5003,Hyderabad Mavericks vs Dynamos (kabaddi),"An evening of kabaddi in Hyderabad. new city, new friends",2027-01-25 18:00:00,2027-01-25 16:30:00,2027-01-25 21:00:00,2,1.0597387782163543
337,comedy,stand-up comedy,Mumbai,The Monsoon Collective,Royal Auditorium,19.0901,72.8287,The Monsoon Collective: Stand-up Special,An evening of stand-up comedy in Mumbai. chalo saath chalte hain,2026-12-02 21:00:00,2026-12-02 19:30:00,2026-12-03 00:00:00,1,0.6949149616379021
338,sports,kabaddi,Delhi,Midnight Chai Live,Royal Grounds,28.571,77.1801,Delhi Dynamos vs Mavericks (kabaddi),An evening of kabaddi in Delhi. always up for a good show,2026-08-09 17:00:00,2026-08-09 15:30:00,2026-08-09 20:00:00,3,2.557291883601057
339,concert,bollywood music,Hyderabad,The Monsoon Collective,Sunrise Auditorium,17.3123,78.5082,The Monsoon Collective - Bollywood Music Night,An evening of bollywood music in Hyderabad. chalo saath chalte hain,2026-09-06 19:00:00,2026-09-06 17:30:00,2026-09-06 22:00:00,1,0.669298990799696
340,theatre,theatre,Mumbai,Aarav Express,Sunrise Auditorium,18.9995,72.9009,Aarav Express presents a theatre evening,An evening of theatre in Mumbai. weekend pe plans chahiye,2026-12-31 19:00:00,2026-12-31 17:30:00,2026-12-31 22:00:00,2,2.418020757575956
341,concert,sufi,Hyderabad,Static Tides Live,Royal Hall,17.4405,78.5003,Static Tides Live - Sufi Night,An evening of sufi in Hyderabad. chalo saath chalte hain,2026-06-26 21:00:00,2026-06-26 19:30:00,2026-06-27 00:00:00,2,1.0847190345618056
342,theatre,musicals,Pune,Kavya Sessions,Riverside Auditorium,18.5683,73.8686,Kavya Sessions presents a musicals evening,"An evening of musicals in Pune. new city, new friends",2027-01-10 19:00:00,2027-01-10 17:30:00,2027-01-10 22:00:00,2,1.290545126115641
343,conference,tech,Bengaluru,Saffron Project,Garden Grounds,13.0428,77.5678,Bengaluru Tech Summit 2026,An evening of tech in Bengaluru. chalo saath chalte hain,2026-07-04 17:00:00,2026-07-04 15:30:00,2026-07-04 20:00:00,2,0.7635955687052027
344,festival,food festivals,Pune,Aarav Trio,Garden Auditorium,18.4743,73.8858,Pune Food Festivals Fest,An evening of food festivals in Pune. ekdum mast vibe,2026-07-12 18:00:00,2026-07-12 16:30:00,2026-07-12 21:00:00,1,0.8249628372522637
345,workshop,photography,Bengaluru,The Monsoon Project,Garden Auditorium,13.0144,77.5718,Photography Workshop with The Monsoon Project,An evening of photography in Bengaluru. always up for a good show,2026-08-09 17:00:00,2026-08-09 15:30:00,2026-08-09 20:00:00,2,0.943246008459423
346,movie,anime,Mumbai,Riya Sessions,Royal Hall,19.103,72.9041,Anime Marathon: Riya Sessions Premiere,"An evening of anime in Mumbai. new city, new friends",2026-06-21 19:00:00,2026-06-21 17:30:00,2026-06-21 22:00:00,1,0.7571836382376791
347,conference,ai,Mumbai,Kavya Collective,Sunrise Auditorium,18.9995,72.9009,Mumbai Ai Summit 2026,"An evening of ai in Mumbai. new city, new friends",2026-10-12 17:00:00,2026-10-12 15:30:00,2026-10-12 20:00:00,3,0.7197469563135265
348,workshop,pottery,Pune,The Monsoon Express,Skyline Arena,18.5144,73.8568,Pottery Workshop with The Monsoon Express,An evening of pottery in Pune. ekdum mast vibe,2026-08-01 20:00:00,2026-08-01 18:30:00,2026-08-01 23:00:00,3,0.5340576163892492
349,comedy,improv,Pune,Midnight Chai Express,Garden Auditorium,18.4743,73.8858,Midnight Chai Express: Stand-up Special,An evening of improv in Pune.,2026-08-02 20:00:00,2026-08-02 18:30:00,2026-08-02 23:00:00,2,0.486654923846647
350,festival,music festivals,Bengaluru,Mehfil Collective,Garden Grounds,13.0428,77.5678,Bengaluru Music Festivals Fest,An evening of music festivals in Bengaluru. ekdum mast vibe,2026-10-29 18:00:00,2026-10-29 16:30:00,2026-10-29 21:00:00,2,1.2326448237203187
351,workshop,coding,Hyderabad,Aarav Express,Riverside Auditorium,17.3312,78.4836,Coding Workshop with Aarav Express,An evening of coding in Hyderabad.,2026-06-09 19:00:00,2026-06-09 17:30:00,2026-06-09 22:00:00,1,0.893542026792316
352,conference,tech,Delhi,Riya Sessions,Garden Hall,28.6247,77.1649,Delhi Tech Summit 2026,An evening of tech in Delhi. weekend pe plans chahiye,2026-08-18 20:00:00,2026-08-18 18:30:00,2026-08-18 23:00:00,3,0.7132562777134368
353,comedy,stand-up comedy,Delhi,Mehfil Band,Metro Arena,28.6022,77.2427,Comedy Night ft. Mehfil Band,An evening of stand-up comedy in Delhi. ekdum mast vibe,2026-06-15 20:00:00,2026-06-15 18:30:00,2026-06-15 23:00:00,3,0.5775284496042767
354,conference,tech,Delhi,Mehfil Sessions,Garden Hall,28.6247,77.1649,Delhi Tech Summit 2026,"An evening of tech in Delhi. new city, new friends",2026-12-25 17:00:00,2026-12-25 15:30:00,2026-12-25 20:00:00,1,0.6501232961923542
355,sports,football,Delhi,Saffron Sessions,Royal Arena,28.6274,77.2426,Delhi Royals vs Royals (football),An evening of football in Delhi. chalo saath chalte hain,2026-09-28 18:00:00,2026-09-28 16:30:00,2026-09-28 21:00:00,1,0.6904913083206569
356,sports,football,Pune,Mehfil Express,Skyline Grounds,18.5213,73.7946,Pune Titans vs Royals (football),An evening of football in Pune.,2027-01-23 18:00:00,2027-01-23 16:30:00,2027-01-23 21:00:00,3,1.1706789087050855
357,sports,cricket,Delhi,Kavya Project,Garden Hall,28.6247,77.1649,Delhi Titans vs Mavericks (cricket),An evening of cricket in Delhi. always up for a good show,2026-07-05 20:00:00,2026-07-05 18:30:00,2026-07-05 23:00:00,1,1.5207016622095852
358,movie,bollywood films,Delhi,Aarav Collective,Riverside Grounds,28.5907,77.1862,Bollywood Films Marathon: Aarav Collective Premiere,"An evening of bollywood films in Delhi. new city, new friends",2026-11-21 19:00:00,2026-11-21 17:30:00,2026-11-21 22:00:00,1,0.9252267133357772
359,sports,kabaddi,Mumbai,Midnight Chai Sessions,Metro Club,19.1581,72.9795,Mumbai Tigers vs Tigers (kabaddi),An evening of kabaddi in Mumbai. ekdum mast vibe,2026-11-21 19:00:00,2026-11-21 17:30:00,2026-11-21 22:00:00,2,3.4384795587596626
360,festival,food festivals,Pune,Saffron Live,Metro Auditorium,18.4675,73.8723,Pune Food Festivals Fest,An evening of food festivals in Pune. weekend pe plans chahiye,2026-12-28 17:00:00,2026-12-28 15:30:00,2026-12-28 20:00:00,2,0.5953404219810301
361,concert,sufi,Pune,Blue Lantern Collective,Skyline Arena,18.5144,73.8568,Blue Lantern Collective Live in Pune,An evening of sufi in Pune. ekdum mast vibe,2026-10-24 17:00:00,2026-10-24 15:30:00,2026-10-24 20:00:00,3,1.5323112402112455
362,conference,startups,Pune,Blue Lantern Collective,Riverside Arena,18.4933,73.8493,Pune Startups Summit 2026,An evening of startups in Pune. always up for a good show,2026-06-18 21:00:00,2026-06-18 19:30:00,2026-06-19 00:00:00,3,0.8593988599173178
363,festival,music festivals,Pune,Riya Project,Garden Auditorium,18.4743,73.8858,Pune Music Festivals Carnival,An evening of music festivals in Pune. weekend pe plans chahiye,2026-11-16 18:00:00,2026-11-16 16:30:00,2026-11-16 21:00:00,3,1.1392494826645665
364,workshop,coding,Bengaluru,Mehfil Live,Skyline Grounds,13.0283,77.6532,Coding Workshop with Mehfil Live,An evening of coding in Bengaluru.,2027-01-19 19:00:00,2027-01-19 17:30:00,2027-01-19 22:00:00,3,9.873070130125932
365,concert,sufi,Pune,The Monsoon Collective,Skyline Arena,18.5144,73.8568,The Monsoon Collective - Sufi Night,An evening of sufi in Pune. always up for a good show,2026-06-24 19:00:00,2026-06-24 17:30:00,2026-06-24 22:00:00,3,0.3319930019198525
366,workshop,coding,Delhi,Riya Trio,Metro Arena,28.6348,77.258,Coding Workshop with Riya Trio,An evening of coding in Delhi. ekdum mast vibe,2026-12-15 18:00:00,2026-12-15 16:30:00,2026-12-15 21:00:00,2,0.7557639586073612
367,concert,bollywood music,Delhi,Blue Lantern Sessions,Metro Arena,28.6348,77.258,Blue Lantern Sessions - Bollywood Music Night,An evening of bollywood music in Delhi. chalo saath chalte hain,2026-10-06 20:00:00,2026-10-06 18:30:00,2026-10-06 23:00:00,2,1.6816493455674435
368,conference,startups,Bengaluru,Mehfil Collective,Metro Club,13.0421,77.6685,Bengaluru Startups Summit 2026,An evening of startups in Bengaluru.,2026-10-05 19:00:00,2026-10-05 17:30:00,2026-10-05 22:00:00,1,1.015925823827719
369,theatre,theatre,Bengaluru,The Monsoon Live,Garden Grounds,13.0428,77.5678,The Monsoon Live presents a theatre evening,An evening of theatre in Bengaluru. ekdum mast vibe,2026-12-27 20:00:00,2026-12-27 18:30:00,2026-12-27 23:00:00,3,1.3088082790195676
370,festival,music festivals,Bengaluru,Kavya Collective,Harbour Club,13.0273,77.5959,Bengaluru Music Festivals Fest,An evening of music festivals in Bengaluru. weekend pe plans chahiye,2026-06-06 19:00:00,2026-06-06 17:30:00,2026-06-06 22:00:00,3,2.400224323340169
371,sports,kabaddi,Hyderabad,DJ Neon Band,Royal Hall,17.4405,78.5003,Hyderabad Dynamos vs Tigers (kabaddi),An evening of kabaddi in Hyderabad. weekend pe plans chahiye,2026-12-21 17:00:00,2026-12-21 15:30:00,2026-12-21 20:00:00,3,0.89097994294979
372,comedy,stand-up comedy,Pune,Kavya Collective,Riverside Auditorium,18.5683,73.8686,Comedy Night ft. Kavya Collective,An evening of stand-up comedy in Pune.,2026-08-14 20:00:00,2026-08-14 18:30:00,2026-08-14 23:00:00,2,0.2394950892042251
373,sports,football,Pune,Static Tides Express,Riverside Arena,18.4933,73.8493,Pune Royals vs Royals (football),An evening of football in Pune. ekdum mast vibe,2026-10-29 19:00:00,2026-10-29 17:30:00,2026-10-29 22:00:00,2,3.3739975348123834
374,movie,hollywood films,Hyderabad,The Monsoon Band,Riverside Auditorium,17.3312,78.4836,Hollywood Films Marathon: The Monsoon Band Premiere,An evening of hollywood films in Hyderabad. always up for a good show,2026-07-19 21:00:00,2026-07-19 19:30:00,2026-07-20 00:00:00,1,1.083685158526155
375,comedy,stand-up comedy,Bengaluru,Saffron Band,Garden Auditorium,13.0144,77.5718,Comedy Night ft. Saffron Band,"An evening of stand-up comedy in Bengaluru. new city, new friends",2026-11-16 17:00:00,2026-11-16 15:30:00,2026-11-16 20:00:00,1,1.2768866456834989
376,festival,music festivals,Hyderabad,Mehfil Sessions,Harbour Grounds,17.4499,78.5754,Hyderabad Music Festivals Fest,An evening of music festivals in Hyderabad. weekend pe plans chahiye,2026-06-12 20:00:00,2026-06-12 18:30:00,2026-06-12 23:00:00,3,0.41239485593817
377,conference,tech,Delhi,DJ Neon Project,Metro Arena,28.6348,77.258,Delhi Tech Summit 2026,An evening of tech in Delhi. always up for a good show,2027-01-08 18:00:00,2027-01-08 16:30:00,2027-01-08 21:00:00,1,0.4062591247987586
378,sports,cricket,Mumbai,Midnight Chai Band,Royal Hall,19.103,72.9041,Mumbai Titans vs Royals (cricket),An evening of cricket in Mumbai. chalo saath chalte hain,2026-07-04 18:00:00,2026-07-04 16:30:00,2026-07-04 21:00:00,2,0.716018855057647
379,workshop,pottery,Hyderabad,Midnight Chai Band,Sunrise Auditorium,17.3123,78.5082,Pottery Workshop with Midnight Chai Band,An evening of pottery in Hyderabad. chalo saath chalte hain,2026-11-12 20:00:00,2026-11-12 18:30:00,2026-11-12 23:00:00,2,0.902012752625242
380,conference,startups,Bengaluru,The Monsoon Project,Harbour Arena,13.0493,77.5864,Bengaluru Startups Summit 2026,"An evening of startups in Bengaluru. new city, new friends",2026-10-06 21:00:00,2026-10-06 19:30:00,2026-10-07 00:00:00,1,0.4739099139817829
381,sports,football,Mumbai,DJ Neon Trio,Sunrise Auditorium,18.9995,72.9009,Mumbai Tigers vs Tigers (football),An evening of football in Mumbai. ekdum mast vibe,2026-11-08 21:00:00,2026-11-08 19:30:00,2026-11-09 00:00:00,2,1.0493689026225372
382,sports,football,Bengaluru,DJ Neon Sessions,Skyline Club,12.928,77.6909,Bengaluru Mavericks vs Dynamos (football),An evening of football in Bengaluru. ekdum mast vibe,2026-08-06 17:00:00,2026-08-06 15:30:00,2026-08-06 20:00:00,1,0.3294921170306494
383,festival,music festivals,Mumbai,Midnight Chai Sessions,Royal Auditorium,19.0901,72.8287,Mumbai Music Festivals Carnival,An evening of music festivals in Mumbai. weekend pe plans chahiye,2026-07-06 20:00:00,2026-07-06 18:30:00,2026-07-06 23:00:00,1,0.3128569024644917
384,movie,hollywood films,Delhi,Mehfil Band,Metro Arena,28.6022,77.2427,Hollywood Films Marathon: Mehfil Band Premiere,An evening of hollywood films in Delhi. weekend pe plans chahiye,2027-01-12 18:00:00,2027-01-12 16:30:00,2027-01-12 21:00:00,3,0.6032426621932612
385,sports,cricket,Bengaluru,Static Tides Live,Harbour Arena,13.0493,77.5864,Bengaluru Royals vs Tigers (cricket),An evening of cricket in Bengaluru. ekdum mast vibe,2026-10-11 18:00:00,2026-10-11 16:30:00,2026-10-11 21:00:00,3,1.265930075588702
386,theatre,theatre,Hyderabad,DJ Neon Sessions,Sunrise Auditorium,17.3123,78.5082,DJ Neon Sessions presents a theatre evening,An evening of theatre in Hyderabad. chalo saath chalte hain,2026-10-29 19:00:00,2026-10-29 17:30:00,2026-10-29 22:00:00,3,0.1195369445906082
387,workshop,photography,Hyderabad,DJ Neon Collective,Harbour Grounds,17.4499,78.5754,Photography Workshop with DJ Neon Collective,An evening of photography in Hyderabad. chalo saath chalte hain,2026-09-07 18:00:00,2026-09-07 16:30:00,2026-09-07 21:00:00,2,1.3388128786206008
388,workshop,photography,Pune,Midnight Chai Sessions,Skyline Grounds,18.5213,73.7946,Photography Workshop with Midnight Chai Sessions,"An evening of photography in Pune. new city, new friends",2026-07-05 20:00:00,2026-07-05 18:30:00,2026-07-05 23:00:00,2,0.9580250373917166
389,workshop,pottery,Delhi,The Monsoon Band,Riverside Grounds,28.5907,77.1862,Pottery Workshop with The Monsoon Band,An evening of pottery in Delhi. ekdum mast vibe,2026-10-23 19:00:00,2026-10-23 17:30:00,2026-10-23 22:00:00,3,0.9845991956787934
390,theatre,musicals,Delhi,Blue Lantern Project,Metro Arena,28.6022,77.2427,Blue Lantern Project presents a musicals evening,"An evening of musicals in Delhi. new city, new friends",2026-11-08 21:00:00,2026-11-08 19:30:00,2026-11-09 00:00:00,1,2.3477521633291984
391,concert,rock,Delhi,Kavya Project,Riverside Grounds,28.5907,77.1862,Kavya Project Live in Delhi,An evening of rock in Delhi.,2027-01-10 20:00:00,2027-01-10 18:30:00,2027-01-10 23:00:00,2,0.7555766996316948
392,conference,startups,Bengaluru,Riya Band,Garden Grounds,13.0428,77.5678,Bengaluru Startups Summit 2026,"An evening of startups in Bengaluru. new city, new friends",2026-08-24 21:00:00,2026-08-24 19:30:00,2026-08-25 00:00:00,2,1.5398189604864263
393,festival,music festivals,Hyderabad,Blue Lantern Project,Skyline Arena,17.3149,78.4586,Hyderabad Music Festivals Carnival,An evening of music festivals in Hyderabad.,2026-06-03 19:00:00,2026-06-03 17:30:00,2026-06-03 22:00:00,2,2.0566673185238304
394,theatre,theatre,Hyderabad,Kavya Collective,Sunrise Auditorium,17.3123,78.5082,Kavya Collective presents a theatre evening,An evening of theatre in Hyderabad.,2026-11-09 17:00:00,2026-11-09 15:30:00,2026-11-09 20:00:00,3,1.476849666427592
395,festival,music festivals,Delhi,Saffron Sessions,Royal Grounds,28.571,77.1801,Delhi Music Festivals Fest,An evening of music festivals in Delhi. always up for a good show,2026-06-10 19:00:00,2026-06-10 17:30:00,2026-06-10 22:00:00,2,3.565980159506305
396,movie,anime,Mumbai,Saffron Collective,Royal Hall,19.103,72.9041,Anime Marathon: Saffron Collective Premiere,An evening of anime in Mumbai. always up for a good show,2026-12-24 18:00:00,2026-12-24 16:30:00,2026-12-24 21:00:00,2,2.70936786034545
397,sports,football,Delhi,Midnight Chai Sessions,Metro Arena,28.6348,77.258,Delhi Strikers vs Royals (football),An evening of football in Delhi. always up for a good show,2026-11-29 18:00:00,2026-11-29 16:30:00,2026-11-29 21:00:00,3,0.6371170914203158
398,sports,cricket,Delhi,Kavya Collective,Royal Grounds,28.571,77.1801,Delhi Strikers vs Royals (cricket),An evening of cricket in Delhi. ekdum mast vibe,2026-09-04 17:00:00,2026-09-04 15:30:00,2026-09-04 20:00:00,2,1.2887288719237553
399,sports,cricket,Pune,The Monsoon Express,Garden Auditorium,18.4743,73.8858,Pune Tigers vs Titans (cricket),An evening of cricket in Pune. weekend pe plans chahiye,2026-09-29 18:00:00,2026-09-29 16:30:00,2026-09-29 21:00:00,3,0.9554476578508324
400,theatre,musicals,Pune,Aarav Project,Metro Auditorium,18.4675,73.8723,Aarav Project presents a musicals evening,An evening of musicals in Pune. ekdum mast vibe,2026-10-13 18:00:00,2026-10-13 16:30:00,2026-10-13 21:00:00,2,1.4862379084291062
401,comedy,stand-up comedy,Pune,Riya Live,Skyline Grounds,18.5213,73.7946,Comedy Night ft. Riya Live,An evening of stand-up comedy in Pune. always up for a good show,2026-07-07 18:00:00,2026-07-07 16:30:00,2026-07-07 21:00:00,1,0.2298594321270543
402,concert,hip hop,Hyderabad,Midnight Chai Live,Harbour Grounds,17.4499,78.5754,Midnight Chai Live - Hip Hop Night,"An evening of hip hop in Hyderabad. new city, new friends",2026-06-21 17:00:00,2026-06-21 15:30:00,2026-06-21 20:00:00,1,1.0898750402028436
403,theatre,musicals,Pune,Static Tides Project,Skyline Grounds,18.5213,73.7946,Static Tides Project presents a musicals evening,An evening of musicals in Pune. weekend pe plans chahiye,2026-11-19 20:00:00,2026-11-19 18:30:00,2026-11-19 23:00:00,1,0.0925950448402515
404,sports,cricket,Hyderabad,DJ Neon Collective,Sunrise Auditorium,17.3123,78.5082,Hyderabad Titans vs Tigers (cricket),"An evening of cricket in Hyderabad. new city, new friends",2026-10-27 20:00:00,2026-10-27 18:30:00,2026-10-27 23:00:00,3,2.107907227960522
405,comedy,stand-up comedy,Hyderabad,DJ Neon Live,Sunrise Auditorium,17.3123,78.5082,DJ Neon Live: Stand-up Special,An evening of stand-up comedy in Hyderabad. always up for a good show,2026-10-07 19:00:00,2026-10-07 17:30:00,2026-10-07 22:00:00,3,0.8076945112667226
406,festival,food festivals,Mumbai,Riya Live,Metro Hall,19.067,72.8295,Mumbai Food Festivals Fest,An evening of food festivals in Mumbai. always up for a good show,2026-07-07 20:00:00,2026-07-07 18:30:00,2026-07-07 23:00:00,3,0.3990071352181122
407,movie,bollywood films,Bengaluru,Aarav Live,Garden Grounds,13.0428,77.5678,Bollywood Films Marathon: Aarav Live Premiere,An evening of bollywood films in Bengaluru. weekend pe plans chahiye,2026-11-22 21:00:00,2026-11-22 19:30:00,2026-11-23 00:00:00,3,0.4733030399118654
408,festival,music festivals,Bengaluru,Static Tides Live,Metro Club,13.0421,77.6685,Bengaluru Music Festivals Carnival,An evening of music festivals in Bengaluru.,2026-09-29 20:00:00,2026-09-29 18:30:00,2026-09-29 23:00:00,2,0.2905136476041194
409,conference,tech,Pune,Blue Lantern Express,Riverside Arena,18.4933,73.8493,Pune Tech Summit 2026,An evening of tech in Pune. chalo saath chalte hain,2026-11-04 19:00:00,2026-11-04 17:30:00,2026-11-04 22:00:00,2,5.557528808669094
410,workshop,pottery,Mumbai,Riya Express,Sunrise Auditorium,18.9995,72.9009,Pottery Workshop with Riya Express,"An evening of pottery in Mumbai. new city, new friends",2027-01-12 21:00:00,2027-01-12 19:30:00,2027-01-13 00:00:00,3,0.1783562763855399
411,conference,ai,Hyderabad,Static Tides Band,Lotus Auditorium,17.3933,78.5429,Hyderabad Ai Summit 2026,"An evening of ai in Hyderabad. new city, new friends",2026-07-21 17:00:00,2026-07-21 15:30:00,2026-07-21 20:00:00,1,1.872487268649223
412,movie,bollywood films,Mumbai,DJ Neon Band,Metro Hall,19.1081,72.9657,Bollywood Films Marathon: DJ Neon Band Premiere,An evening of bollywood films in Mumbai. ekdum mast vibe,2026-10-06 20:00:00,2026-10-06 18:30:00,2026-10-06 23:00:00,2,3.0818129895773505
413,movie,anime,Bengaluru,Blue Lantern Trio,Harbour Arena,13.0493,77.5864,Anime Marathon: Blue Lantern Trio Premiere,"An evening of anime in Bengaluru. new city, new friends",2026-07-25 21:00:00,2026-07-25 19:30:00,2026-07-26 00:00:00,2,3.6664428636383946
414,comedy,stand-up comedy,Hyderabad,Riya Live,Riverside Auditorium,17.3312,78.4836,Riya Live: Stand-up Special,An evening of stand-up comedy in Hyderabad.,2027-01-08 18:00:00,2027-01-08 16:30:00,2027-01-08 21:00:00,2,0.5906534639455531
415,theatre,musicals,Pune,Aarav Trio,Skyline Arena,18.5144,73.8568,Aarav Trio presents a musicals evening,An evening of musicals in Pune.,2026-08-02 21:00:00,2026-08-02 19:30:00,2026-08-03 00:00:00,3,0.6893431626661061
416,festival,music festivals,Mumbai,Saffron Collective,Harbour Club,19.0259,72.9696,Mumbai Music Festivals Carnival,"An evening of music festivals in Mumbai. new city, new friends",2026-07-16 19:00:00,2026-07-16 17:30:00,2026-07-16 22:00:00,1,1.7941390780881512
417,movie,bollywood films,Bengaluru,Midnight Chai Trio,Metro Club,13.0421,77.6685,Bollywood Films Marathon: Midnight Chai Trio Premiere,An evening of bollywood films in Bengaluru. weekend pe plans chahiye,2026-07-27 17:00:00,2026-07-27 15:30:00,2026-07-27 20:00:00,1,0.2771995252846037
418,festival,food festivals,Mumbai,Mehfil Sessions,Royal Hall,19.1697,72.8776,Mumbai Food Festivals Carnival,An evening of food festivals in Mumbai.,2026-06-19 18:00:00,2026-06-19 16:30:00,2026-06-19 21:00:00,3,1.0598216961285245
419,sports,cricket,Delhi,Aarav Project,Royal Arena,28.6274,77.2426,Delhi Mavericks vs Royals (cricket),An evening of cricket in Delhi.,2026-06-15 20:00:00,2026-06-15 18:30:00,2026-06-15 23:00:00,1,1.3645020263837222
420,theatre,theatre,Hyderabad,Saffron Project,Sunrise Auditorium,17.3123,78.5082,Saffron Project presents a theatre evening,An evening of theatre in Hyderabad. always up for a good show,2026-09-10 21:00:00,2026-09-10 19:30:00,2026-09-11 00:00:00,1,0.5357349870559317
421,theatre,musicals,Delhi,Midnight Chai Express,Lotus Grounds,28.6181,77.1774,Midnight Chai Express presents a musicals evening,An evening of musicals in Delhi. chalo saath chalte hain,2026-09-29 18:00:00,2026-09-29 16:30:00,2026-09-29 21:00:00,2,0.537465110299517
422,comedy,improv,Mumbai,The Monsoon Band,Metro Club,19.1581,72.9795,The Monsoon Band: Stand-up Special,An evening of improv in Mumbai. always up for a good show,2026-07-16 20:00:00,2026-07-16 18:30:00,2026-07-16 23:00:00,3,0.9700608451723756
423,comedy,improv,Mumbai,Aarav Sessions,Royal Auditorium,19.0901,72.8287,Comedy Night ft. Aarav Sessions,An evening of improv in Mumbai.,2026-10-21 18:00:00,2026-10-21 16:30:00,2026-10-21 21:00:00,2,1.0255568597605165
424,theatre,theatre,Pune,Aarav Project,Riverside Arena,18.4933,73.8493,Aarav Project presents a theatre evening,An evening of theatre in Pune.,2026-10-03 17:00:00,2026-10-03 15:30:00,2026-10-03 20:00:00,1,0.3869308903800626
425,movie,bollywood films,Mumbai,Saffron Sessions,Royal Hall,19.1697,72.8776,Bollywood Films Marathon: Saffron Sessions Premiere,An evening of bollywood films in Mumbai.,2026-07-16 18:00:00,2026-07-16 16:30:00,2026-07-16 21:00:00,1,5.269839283137168
426,sports,cricket,Hyderabad,Saffron Trio,Lotus Auditorium,17.3933,78.5429,Hyderabad Mavericks vs Royals (cricket),An evening of cricket in Hyderabad. always up for a good show,2026-07-24 20:00:00,2026-07-24 18:30:00,2026-07-24 23:00:00,2,0.389981021243719
427,festival,music festivals,Mumbai,Kavya Band,Metro Hall,19.067,72.8295,Mumbai Music Festivals Fest,An evening of music festivals in Mumbai. ekdum mast vibe,2026-06-13 20:00:00,2026-06-13 18:30:00,2026-06-13 23:00:00,1,1.254981052052877
428,sports,cricket,Delhi,Mehfil Live,Riverside Grounds,28.5907,77.1862,Delhi Dynamos vs Titans (cricket),An evening of cricket in Delhi. always up for a good show,2026-11-04 20:00:00,2026-11-04 18:30:00,2026-11-04 23:00:00,3,0.2539091499057613
429,movie,hollywood films,Pune,Mehfil Express,Metro Auditorium,18.4675,73.8723,Hollywood Films Marathon: Mehfil Express Premiere,An evening of hollywood films in Pune. chalo saath chalte hain,2026-10-08 19:00:00,2026-10-08 17:30:00,2026-10-08 22:00:00,3,1.259103304327867
430,sports,kabaddi,Bengaluru,Saffron Project,Skyline Club,12.928,77.6909,Bengaluru Mavericks vs Royals (kabaddi),An evening of kabaddi in Bengaluru. ekdum mast vibe,2026-07-20 20:00:00,2026-07-20 18:30:00,2026-07-20 23:00:00,2,1.1889615253849153
431,movie,hollywood films,Mumbai,Aarav Sessions,Metro Club,19.1581,72.9795,Hollywood Films Marathon: Aarav Sessions Premiere,An evening of hollywood films in Mumbai. always up for a good show,2026-06-23 20:00:00,2026-06-23 18:30:00,2026-06-23 23:00:00,3,0.8027233514292204
432,concert,bollywood music,Hyderabad,Blue Lantern Trio,Sunrise Auditorium,17.3123,78.5082,Blue Lantern Trio Live in Hyderabad,An evening of bollywood music in Hyderabad.,2027-01-06 17:00:00,2027-01-06 15:30:00,2027-01-06 20:00:00,2,4.0333879287462056
433,festival,music festivals,Bengaluru,Kavya Trio,Skyline Grounds,13.0283,77.6532,Bengaluru Music Festivals Carnival,"An evening of music festivals in Bengaluru. new city, new friends",2026-10-10 21:00:00,2026-10-10 19:30:00,2026-10-11 00:00:00,3,1.0857897536706973
434,concert,bollywood music,Delhi,The Monsoon Collective,Sunrise Grounds,28.5718,77.2247,The Monsoon Collective - Bollywood Music Night,An evening of bollywood music in Delhi. chalo saath chalte hain,2026-06-01 19:00:00,2026-06-01 17:30:00,2026-06-01 22:00:00,1,0.7058978283754521
435,theatre,musicals,Hyderabad,Riya Collective,Sunrise Auditorium,17.3123,78.5082,Riya Collective presents a musicals evening,An evening of musicals in Hyderabad. always up for a good show,2026-09-09 18:00:00,2026-09-09 16:30:00,2026-09-09 21:00:00,3,0.8901084732898501
436,movie,bollywood films,Mumbai,Midnight Chai Band,Metro Hall,19.1081,72.9657,Bollywood Films Marathon: Midnight Chai Band Premiere,An evening of bollywood films in Mumbai. chalo saath chalte hain,2026-09-24 21:00:00,2026-09-24 19:30:00,2026-09-25 00:00:00,1,1.0902526339236729
437,movie,bollywood films,Bengaluru,DJ Neon Band,Sunrise Grounds,12.9731,77.5858,Bollywood Films Marathon: DJ Neon Band Premiere,An evening of bollywood films in Bengaluru. weekend pe plans chahiye,2027-01-02 20:00:00,2027-01-02 18:30:00,2027-01-02 23:00:00,1,0.2005477813786865
438,sports,kabaddi,Mumbai,The Monsoon Live,Metro Hall,19.1081,72.9657,Mumbai Dynamos vs Strikers (kabaddi),An evening of kabaddi in Mumbai.,2026-12-31 19:00:00,2026-12-31 17:30:00,2026-12-31 22:00:00,2,1.1009209691670492
439,festival,music festivals,Mumbai,The Monsoon Express,Royal Auditorium,19.0901,72.8287,Mumbai Music Festivals Carnival,An evening of music festivals in Mumbai. ekdum mast vibe,2026-06-14 21:00:00,2026-06-14 19:30:00,2026-06-15 00:00:00,1,0.3266911138163089
440,comedy,improv,Delhi,Midnight Chai Project,Lotus Grounds,28.6181,77.1774,Comedy Night ft. Midnight Chai Project,"An evening of improv in Delhi. new city, new friends",2026-06-28 21:00:00,2026-06-28 19:30:00,2026-06-29 00:00:00,3,0.955143874694943
441,festival,food festivals,Mumbai,Riya Sessions,Metro Hall,19.067,72.8295,Mumbai Food Festivals Carnival,An evening of food festivals in Mumbai.,2027-01-14 17:00:00,2027-01-14 15:30:00,2027-01-14 20:00:00,3,0.7225606669146224
442,workshop,pottery,Bengaluru,Midnight Chai Sessions,Skyline Grounds,13.0283,77.6532,Pottery Workshop with Midnight Chai Sessions,An evening of pottery in Bengaluru. ekdum mast vibe,2026-06-05 21:00:00,2026-06-05 19:30:00,2026-06-06 00:00:00,2,0.5542271771869308
443,festival,food festivals,Delhi,Midnight Chai Band,Lotus Grounds,28.6181,77.1774,Delhi Food Festivals Fest,An evening of food festivals in Delhi. weekend pe plans chahiye,2026-08-17 20:00:00,2026-08-17 18:30:00,2026-08-17 23:00:00,2,0.2264225818324993
444,sports,cricket,Mumbai,Static Tides Trio,Royal Hall,19.1697,72.8776,Mumbai Titans vs Mavericks (cricket),An evening of cricket in Mumbai. ekdum mast vibe,2026-09-12 17:00:00,2026-09-12 15:30:00,2026-09-12 20:00:00,2,0.8224347549568565
445,sports,football,Mumbai,Aarav Sessions,Harbour Club,19.0259,72.9696,Mumbai Strikers vs Strikers (football),An evening of football in Mumbai. weekend pe plans chahiye,2026-08-21 20:00:00,2026-08-21 18:30:00,2026-08-21 23:00:00,2,1.8525918413983005
446,comedy,improv,Mumbai,Midnight Chai Express,Metro Hall,19.1081,72.9657,Midnight Chai Express: Stand-up Special,An evening of improv in Mumbai. ekdum mast vibe,2026-10-24 21:00:00,2026-10-24 19:30:00,2026-10-25 00:00:00,2,1.1131455556286594
447,movie,anime,Hyderabad,Kavya Collective,Skyline Arena,17.3149,78.4586,Anime Marathon: Kavya Collective Premiere,An evening of anime in Hyderabad. ekdum mast vibe,2026-09-15 21:00:00,2026-09-15 19:30:00,2026-09-16 00:00:00,2,0.4136034457189301
448,sports,cricket,Delhi,Midnight Chai Trio,Metro Arena,28.6022,77.2427,Delhi Mavericks vs Titans (cricket),An evening of cricket in Delhi. weekend pe plans chahiye,2026-11-13 20:00:00,2026-11-13 18:30:00,2026-11-13 23:00:00,2,1.0070748223449404
449,comedy,stand-up comedy,Bengaluru,Blue Lantern Collective,Skyline Club,12.928,77.6909,Blue Lantern Collective: Stand-up Special,An evening of stand-up comedy in Bengaluru. chalo saath chalte hain,2026-07-09 18:00:00,2026-07-09 16:30:00,2026-07-09 21:00:00,3,0.533405164514664
450,sports,kabaddi,Pune,Blue Lantern Collective,Sunrise Hall,18.5595,73.9874,Pune Tigers vs Strikers (kabaddi),An evening of kabaddi in Pune. chalo saath chalte hain,2026-09-05 20:00:00,2026-09-05 18:30:00,2026-09-05 23:00:00,1,2.0355448951074275
451,sports,cricket,Bengaluru,Static Tides Trio,Skyline Grounds,13.0283,77.6532,Bengaluru Royals vs Strikers (cricket),An evening of cricket in Bengaluru. weekend pe plans chahiye,2026-12-01 18:00:00,2026-12-01 16:30:00,2026-12-01 21:00:00,3,0.4673732190069818
452,sports,football,Hyderabad,Saffron Collective,Sunrise Auditorium,17.3123,78.5082,Hyderabad Titans vs Mavericks (football),An evening of football in Hyderabad. ekdum mast vibe,2026-07-01 20:00:00,2026-07-01 18:30:00,2026-07-01 23:00:00,3,1.2322098832695774
453,festival,music festivals,Pune,Aarav Express,Skyline Grounds,18.5213,73.7946,Pune Music Festivals Fest,An evening of music festivals in Pune. chalo saath chalte hain,2026-08-22 18:00:00,2026-08-22 16:30:00,2026-08-22 21:00:00,1,2.8847162848641466
454,festival,food festivals,Bengaluru,Saffron Trio,Skyline Grounds,13.0283,77.6532,Bengaluru Food Festivals Carnival,An evening of food festivals in Bengaluru. always up for a good show,2026-06-28 20:00:00,2026-06-28 18:30:00,2026-06-28 23:00:00,1,0.2131317488926316
455,festival,food festivals,Bengaluru,Static Tides Project,Harbour Club,13.0273,77.5959,Bengaluru Food Festivals Carnival,An evening of food festivals in Bengaluru. always up for a good show,2026-10-08 18:00:00,2026-10-08 16:30:00,2026-10-08 21:00:00,3,0.7962046195546103
456,workshop,photography,Delhi,Mehfil Express,Metro Arena,28.6348,77.258,Photography Workshop with Mehfil Express,An evening of photography in Delhi. always up for a good show,2026-07-22 19:00:00,2026-07-22 17:30:00,2026-07-22 22:00:00,2,1.6373336880715876
457,festival,music festivals,Delhi,Blue Lantern Live,Sunrise Grounds,28.5718,77.2247,Delhi Music Festivals Carnival,An evening of music festivals in Delhi.,2026-08-31 20:00:00,2026-08-31 18:30:00,2026-08-31 23:00:00,1,1.4816439315459375
458,movie,bollywood films,Bengaluru,Saffron Trio,Harbour Club,13.0273,77.5959,Bollywood Films Marathon: Saffron Trio Premiere,An evening of bollywood films in Bengaluru. weekend pe plans chahiye,2026-10-15 18:00:00,2026-10-15 16:30:00,2026-10-15 21:00:00,2,2.8411122894939504
459,sports,kabaddi,Pune,Blue Lantern Express,Riverside Auditorium,18.5683,73.8686,Pune Tigers vs Dynamos (kabaddi),An evening of kabaddi in Pune. always up for a good show,2027-01-18 20:00:00,2027-01-18 18:30:00,2027-01-18 23:00:00,3,1.90359069568477
460,workshop,coding,Pune,Mehfil Project,Skyline Grounds,18.5213,73.7946,Coding Workshop with Mehfil Project,An evening of coding in Pune. chalo saath chalte hain,2026-06-21 20:00:00,2026-06-21 18:30:00,2026-06-21 23:00:00,2,0.8402181824602245
461,conference,ai,Delhi,Saffron Project,Lotus Grounds,28.6181,77.1774,Delhi Ai Summit 2026,An evening of ai in Delhi. weekend pe plans chahiye,2026-12-21 17:00:00,2026-12-21 15:30:00,2026-12-21 20:00:00,2,1.07066695219024
462,festival,food festivals,Pune,The Monsoon Collective,Sunrise Hall,18.5595,73.9874,Pune Food Festivals Fest,An evening of food festivals in Pune. always up for a good show,2026-09-13 21:00:00,2026-09-13 19:30:00,2026-09-14 00:00:00,1,0.999576478905697
463,concert,rock,Delhi,DJ Neon Band,Metro Arena,28.6022,77.2427,DJ Neon Band - Rock Night,"An evening of rock in Delhi. new city, new friends",2027-01-22 18:00:00,2027-01-22 16:30:00,2027-01-22 21:00:00,2,0.2378767753160725
464,sports,football,Bengaluru,DJ Neon Collective,Harbour Club,13.0273,77.5959,Bengaluru Strikers vs Dynamos (football),An evening of football in Bengaluru. always up for a good show,2026-09-26 20:00:00,2026-09-26 18:30:00,2026-09-26 23:00:00,2,2.80244927044672
465,festival,food festivals,Bengaluru,Kavya Express,Skyline Club,12.928,77.6909,Bengaluru Food Festivals Carnival,An evening of food festivals in Bengaluru. always up for a good show,2026-06-16 19:00:00,2026-06-16 17:30:00,2026-06-16 22:00:00,2,0.513447640924528
466,movie,bollywood films,Hyderabad,Riya Collective,Royal Hall,17.4405,78.5003,Bollywood Films Marathon: Riya Collective Premiere,"An evening of bollywood films in Hyderabad. new city, new friends",2026-09-02 19:00:00,2026-09-02 17:30:00,2026-09-02 22:00:00,1,0.2320777085700047
467,comedy,stand-up comedy,Delhi,Saffron Express,Metro Arena,28.6348,77.258,Comedy Night ft. Saffron Express,An evening of stand-up comedy in Delhi. always up for a good show,2026-09-08 17:00:00,2026-09-08 15:30:00,2026-09-08 20:00:00,1,1.099033400770635
468,concert,rock,Hyderabad,Blue Lantern Band,Lotus Auditorium,17.3933,78.5429,Blue Lantern Band Live in Hyderabad,An evening of rock in Hyderabad. weekend pe plans chahiye,2026-07-29 17:00:00,2026-07-29 15:30:00,2026-07-29 20:00:00,2,0.6813543379972199
469,sports,football,Hyderabad,DJ Neon Trio,Lotus Hall,17.3848,78.4976,Hyderabad Titans vs Royals (football),An evening of football in Hyderabad. weekend pe plans chahiye,2026-10-27 20:00:00,2026-10-27 18:30:00,2026-10-27 23:00:00,3,0.6551979959555387
470,movie,bollywood films,Delhi,Aarav Collective,Riverside Grounds,28.5907,77.1862,Bollywood Films Marathon: Aarav Collective Premiere,An evening of bollywood films in Delhi.,2026-09-30 18:00:00,2026-09-30 16:30:00,2026-09-30 21:00:00,3,1.0710218097369004
471,theatre,theatre,Bengaluru,Mehfil Live,Harbour Arena,13.0493,77.5864,Mehfil Live presents a theatre evening,An evening of theatre in Bengaluru. always up for a good show,2027-01-09 18:00:00,2027-01-09 16:30:00,2027-01-09 21:00:00,2,0.6139410589790826
472,conference,ai,Delhi,DJ Neon Band,Metro Arena,28.6022,77.2427,Delhi Ai Summit 2026,"An evening of ai in Delhi. new city, new friends",2026-08-01 19:00:00,2026-08-01 17:30:00,2026-08-01 22:00:00,2,0.1938818712844519
473,comedy,stand-up comedy,Mumbai,Kavya Project,Metro Hall,19.1081,72.9657,Comedy Night ft. Kavya Project,"An evening of stand-up comedy in Mumbai. new city, new friends",2027-01-18 19:00:00,2027-01-18 17:30:00,2027-01-18 22:00:00,1,0.4738955755022984
474,concert,sufi,Mumbai,Blue Lantern Band,Metro Hall,19.067,72.8295,Blue Lantern Band Live in Mumbai,An evening of sufi in Mumbai. chalo saath chalte hain,2026-08-18 18:00:00,2026-08-18 16:30:00,2026-08-18 21:00:00,1,0.7202278913910363
475,theatre,theatre,Mumbai,Midnight Chai Collective,Royal Auditorium,19.0901,72.8287,Midnight Chai Collective presents a theatre evening,"An evening of theatre in Mumbai. new city, new friends",2026-12-28 19:00:00,2026-12-28 17:30:00,2026-12-28 22:00:00,2,0.4759225589603005
476,comedy,improv,Hyderabad,Blue Lantern Live,Royal Hall,17.4405,78.5003,Blue Lantern Live: Stand-up Special,An evening of improv in Hyderabad. weekend pe plans chahiye,2027-01-12 18:00:00,2027-01-12 16:30:00,2027-01-12 21:00:00,2,0.6743055275367166
477,comedy,improv,Mumbai,Kavya Sessions,Royal Auditorium,19.0901,72.8287,Comedy Night ft. Kavya Sessions,An evening of improv in Mumbai. always up for a good show,2026-06-18 20:00:00,2026-06-18 18:30:00,2026-06-18 23:00:00,2,1.0770565353016637
478,concert,indie music,Hyderabad,Aarav Project,Royal Hall,17.4405,78.5003,Aarav Project Live in Hyderabad,An evening of indie music in Hyderabad. chalo saath chalte hain,2026-06-03 20:00:00,2026-06-03 18:30:00,2026-06-03 23:00:00,1,0.6205614000288598
479,sports,football,Mumbai,Saffron Trio,Royal Auditorium,19.0901,72.8287,Mumbai Strikers vs Tigers (football),An evening of football in Mumbai. ekdum mast vibe,2026-10-16 19:00:00,2026-10-16 17:30:00,2026-10-16 22:00:00,1,0.5042263740177181
480,comedy,stand-up comedy,Hyderabad,The Monsoon Express,Royal Hall,17.4405,78.5003,Comedy Night ft. The Monsoon Express,An evening of stand-up comedy in Hyderabad. weekend pe plans chahiye,2026-08-30 20:00:00,2026-08-30 18:30:00,2026-08-30 23:00:00,1,2.679265418472578
481,theatre,theatre,Delhi,DJ Neon Band,Royal Arena,28.6274,77.2426,DJ Neon Band presents a theatre evening,An evening of theatre in Delhi. weekend pe plans chahiye,2026-07-27 18:00:00,2026-07-27 16:30:00,2026-07-27 21:00:00,1,0.606362895784057
482,workshop,photography,Bengaluru,Saffron Live,Harbour Arena,13.0493,77.5864,Photography Workshop with Saffron Live,"An evening of photography in Bengaluru. new city, new friends",2026-10-09 18:00:00,2026-10-09 16:30:00,2026-10-09 21:00:00,2,1.694991843074546
483,theatre,musicals,Bengaluru,Midnight Chai Collective,Skyline Grounds,13.0283,77.6532,Midnight Chai Collective presents a musicals evening,An evening of musicals in Bengaluru.,2026-07-12 19:00:00,2026-07-12 17:30:00,2026-07-12 22:00:00,1,1.3248520584689
484,workshop,pottery,Pune,Riya Live,Sunrise Hall,18.5595,73.9874,Pottery Workshop with Riya Live,"An evening of pottery in Pune. new city, new friends",2026-06-20 18:00:00,2026-06-20 16:30:00,2026-06-20 21:00:00,2,0.944448428728192
485,movie,bollywood films,Mumbai,DJ Neon Live,Sunrise Auditorium,18.9995,72.9009,Bollywood Films Marathon: DJ Neon Live Premiere,An evening of bollywood films in Mumbai. ekdum mast vibe,2026-09-16 21:00:00,2026-09-16 19:30:00,2026-09-17 00:00:00,1,4.527810982872601
486,workshop,pottery,Hyderabad,Kavya Sessions,Harbour Grounds,17.4499,78.5754,Pottery Workshop with Kavya Sessions,An evening of pottery in Hyderabad. always up for a good show,2026-07-18 20:00:00,2026-07-18 18:30:00,2026-07-18 23:00:00,2,1.5326848770219252
487,sports,football,Pune,Midnight Chai Trio,Lotus Grounds,18.4833,73.9283,Pune Tigers vs Strikers (football),An evening of football in Pune. always up for a good show,2026-06-20 18:00:00,2026-06-20 16:30:00,2026-06-20 21:00:00,3,0.8761972023128669
488,concert,sufi,Mumbai,Aarav Sessions,Harbour Club,19.0259,72.9696,Aarav Sessions - Sufi Night,"An evening of sufi in Mumbai. new city, new friends",2026-10-29 19:00:00,2026-10-29 17:30:00,2026-10-29 22:00:00,3,1.307493518044315
489,festival,food festivals,Bengaluru,Static Tides Trio,Harbour Arena,13.0493,77.5864,Bengaluru Food Festivals Carnival,An evening of food festivals in Bengaluru. always up for a good show,2027-01-08 17:00:00,2027-01-08 15:30:00,2027-01-08 20:00:00,1,2.250919073219226
490,concert,sufi,Bengaluru,Riya Collective,Sunrise Grounds,12.9731,77.5858,Riya Collective Live in Bengaluru,An evening of sufi in Bengaluru. ekdum mast vibe,2026-08-12 19:00:00,2026-08-12 17:30:00,2026-08-12 22:00:00,1,0.8332020027825182
491,comedy,stand-up comedy,Bengaluru,Kavya Collective,Skyline Grounds,13.0283,77.6532,Kavya Collective: Stand-up Special,An evening of stand-up comedy in Bengaluru. chalo saath chalte hain,2026-09-28 18:00:00,2026-09-28 16:30:00,2026-09-28 21:00:00,3,2.7683643072425257
492,concert,hip hop,Bengaluru,Midnight Chai Sessions,Metro Club,13.0421,77.6685,Midnight Chai Sessions Live in Bengaluru,An evening of hip hop in Bengaluru. weekend pe plans chahiye,2026-11-27 20:00:00,2026-11-27 18:30:00,2026-11-27 23:00:00,2,1.184387817664313
493,concert,edm,Mumbai,Static Tides Band,Metro Hall,19.067,72.8295,Static Tides Band - Edm Night,An evening of edm in Mumbai.,2026-06-12 19:00:00,2026-06-12 17:30:00,2026-06-12 22:00:00,3,2.8608226426856214
494,comedy,stand-up comedy,Bengaluru,Midnight Chai Collective,Harbour Arena,13.0493,77.5864,Comedy Night ft. Midnight Chai Collective,An evening of stand-up comedy in Bengaluru. weekend pe plans chahiye,2026-08-24 21:00:00,2026-08-24 19:30:00,2026-08-25 00:00:00,2,0.8377961041957769
495,festival,music festivals,Mumbai,Riya Live,Sunrise Auditorium,18.9995,72.9009,Mumbai Music Festivals Fest,An evening of music festivals in Mumbai. ekdum mast vibe,2026-11-19 21:00:00,2026-11-19 19:30:00,2026-11-20 00:00:00,3,3.992451566378981
496,concert,bollywood music,Mumbai,DJ Neon Live,Metro Hall,19.1081,72.9657,DJ Neon Live - Bollywood Music Night,"An evening of bollywood music in Mumbai. new city, new friends",2026-10-29 20:00:00,2026-10-29 18:30:00,2026-10-29 23:00:00,2,1.35215383308563
497,workshop,photography,Hyderabad,Aarav Band,Royal Hall,17.4405,78.5003,Photography Workshop with Aarav Band,"An evening of photography in Hyderabad. new city, new friends",2026-11-18 19:00:00,2026-11-18 17:30:00,2026-11-18 22:00:00,1,0.7494437022947907
498,concert,indie music,Mumbai,The Monsoon Trio,Royal Auditorium,19.0901,72.8287,The Monsoon Trio Live in Mumbai,An evening of indie music in Mumbai.,2027-01-22 17:00:00,2027-01-22 15:30:00,2027-01-22 20:00:00,2,0.5916504039972463
499,movie,hollywood films,Hyderabad,Kavya Project,Royal Hall,17.4405,78.5003,Hollywood Films Marathon: Kavya Project Premiere,"An evening of hollywood films in Hyderabad. new city, new friends",2026-07-29 17:00:00,2026-07-29 15:30:00,2026-07-29 20:00:00,1,0.9898939704986168
500,concert,edm,Bengaluru,Midnight Chai Trio,Garden Auditorium,13.0144,77.5718,Midnight Chai Trio - Edm Night,An evening of edm in Bengaluru. ekdum mast vibe,2026-10-23 19:00:00,2026-10-23 17:30:00,2026-10-23 22:00:00,2,0.2533360716628345
501,concert,rock,Hyderabad,Mehfil Express,Sunrise Auditorium,17.3123,78.5082,Mehfil Express Live in Hyderabad,An evening of rock in Hyderabad. weekend pe plans chahiye,2026-09-08 17:00:00,2026-09-08 15:30:00,2026-09-08 20:00:00,2,1.0497408011309055
502,festival,food festivals,Mumbai,Midnight Chai Trio,Royal Hall,19.103,72.9041,Mumbai Food Festivals Carnival,An evening of food festivals in Mumbai. chalo saath chalte hain,2026-09-21 20:00:00,2026-09-21 18:30:00,2026-09-21 23:00:00,3,1.1124069195597386
503,conference,tech,Mumbai,Midnight Chai Collective,Royal Hall,19.103,72.9041,Mumbai Tech Summit 2026,An evening of tech in Mumbai.,2027-01-03 21:00:00,2027-01-03 19:30:00,2027-01-04 00:00:00,1,3.6122398405520015
504,comedy,improv,Hyderabad,Kavya Band,Lotus Hall,17.3848,78.4976,Kavya Band: Stand-up Special,An evening of improv in Hyderabad. always up for a good show,2026-12-05 21:00:00,2026-12-05 19:30:00,2026-12-06 00:00:00,2,3.878153660433936
505,festival,food festivals,Hyderabad,Aarav Band,Sunrise Auditorium,17.3123,78.5082,Hyderabad Food Festivals Carnival,An evening of food festivals in Hyderabad. weekend pe plans chahiye,2026-12-05 21:00:00,2026-12-05 19:30:00,2026-12-06 00:00:00,3,0.7298257827137931
506,theatre,theatre,Delhi,Aarav Collective,Royal Arena,28.6274,77.2426,Aarav Collective presents a theatre evening,An evening of theatre in Delhi. chalo saath chalte hain,2026-09-10 21:00:00,2026-09-10 19:30:00,2026-09-11 00:00:00,2,2.6588694406470976
507,comedy,improv,Delhi,DJ Neon Express,Riverside Grounds,28.5907,77.1862,Comedy Night ft. DJ Neon Express,An evening of improv in Delhi. chalo saath chalte hain,2027-01-16 21:00:00,2027-01-16 19:30:00,2027-01-17 00:00:00,1,0.5849804362488434
508,workshop,pottery,Pune,Mehfil Project,Skyline Arena,18.5144,73.8568,Pottery Workshop with Mehfil Project,An evening of pottery in Pune. weekend pe plans chahiye,2027-01-07 17:00:00,2027-01-07 15:30:00,2027-01-07 20:00:00,1,1.0129674155994992
509,sports,football,Delhi,Riya Project,Sunrise Grounds,28.5718,77.2247,Delhi Dynamos vs Titans (football),"An evening of football in Delhi. new city, new friends",2026-10-17 20:00:00,2026-10-17 18:30:00,2026-10-17 23:00:00,2,0.4644481369146075
510,workshop,coding,Hyderabad,Midnight Chai Collective,Harbour Grounds,17.4499,78.5754,Coding Workshop with Midnight Chai Collective,"An evening of coding in Hyderabad. new city, new friends",2027-01-04 18:00:00,2027-01-04 16:30:00,2027-01-04 21:00:00,3,0.7480617428427581
511,festival,food festivals,Mumbai,The Monsoon Sessions,Metro Hall,19.1081,72.9657,Mumbai Food Festivals Fest,An evening of food festivals in Mumbai. always up for a good show,2027-01-07 17:00:00,2027-01-07 15:30:00,2027-01-07 20:00:00,3,1.679914912231408
512,sports,cricket,Pune,Kavya Live,Skyline Arena,18.5144,73.8568,Pune Mavericks vs Tigers (cricket),An evening of cricket in Pune. always up for a good show,2026-07-01 21:00:00,2026-07-01 19:30:00,2026-07-02 00:00:00,1,0.5171513026392134
513,conference,ai,Delhi,Midnight Chai Express,Lotus Grounds,28.6181,77.1774,Delhi Ai Summit 2026,An evening of ai in Delhi. always up for a good show,2026-06-27 19:00:00,2026-06-27 17:30:00,2026-06-27 22:00:00,3,1.2229791428609824
514,concert,rock,Delhi,Midnight Chai Sessions,Royal Arena,28.6274,77.2426,Midnight Chai Sessions Live in Delhi,"An evening of rock in Delhi. new city, new friends",2026-09-23 19:00:00,2026-09-23 17:30:00,2026-09-23 22:00:00,3,1.7412747774008912
515,concert,edm,Hyderabad,The Monsoon Collective,Harbour Grounds,17.3915,78.5249,The Monsoon Collective Live in Hyderabad,An evening of edm in Hyderabad. weekend pe plans chahiye,2026-12-05 20:00:00,2026-12-05 18:30:00,2026-12-05 23:00:00,2,1.549376275894914
516,movie,anime,Delhi,Midnight Chai Live,Garden Hall,28.6247,77.1649,Anime Marathon: Midnight Chai Live Premiere,"An evening of anime in Delhi. new city, new friends",2026-12-02 18:00:00,2026-12-02 16:30:00,2026-12-02 21:00:00,3,0.3390081109977522
517,concert,bollywood music,Mumbai,Kavya Express,Metro Hall,19.067,72.8295,Kavya Express - Bollywood Music Night,An evening of bollywood music in Mumbai. ekdum mast vibe,2026-09-17 19:00:00,2026-09-17 17:30:00,2026-09-17 22:00:00,3,0.7310879769849936
518,workshop,pottery,Bengaluru,DJ Neon Live,Metro Club,13.0421,77.6685,Pottery Workshop with DJ Neon Live,An evening of pottery in Bengaluru.,2026-08-05 17:00:00,2026-08-05 15:30:00,2026-08-05 20:00:00,3,0.5562613737881785
519,conference,ai,Hyderabad,Blue Lantern Project,Skyline Arena,17.3149,78.4586,Hyderabad Ai Summit 2026,An evening of ai in Hyderabad.,2026-11-03 20:00:00,2026-11-03 18:30:00,2026-11-03 23:00:00,3,0.3209997016656307
520,movie,bollywood films,Pune,Riya Sessions,Riverside Arena,18.4933,73.8493,Bollywood Films Marathon: Riya Sessions Premiere,An evening of bollywood films in Pune. always up for a good show,2027-01-15 18:00:00,2027-01-15 16:30:00,2027-01-15 21:00:00,1,2.068066581046887
521,theatre,theatre,Pune,DJ Neon Live,Garden Auditorium,18.4743,73.8858,DJ Neon Live presents a theatre evening,An evening of theatre in Pune. weekend pe plans chahiye,2026-11-13 17:00:00,2026-11-13 15:30:00,2026-11-13 20:00:00,3,0.7019156352928871
522,conference,startups,Pune,Saffron Band,Riverside Auditorium,18.5683,73.8686,Pune Startups Summit 2026,An evening of startups in Pune.,2026-12-06 17:00:00,2026-12-06 15:30:00,2026-12-06 20:00:00,2,0.3872713104856642
523,festival,food festivals,Delhi,Mehfil Collective,Metro Arena,28.6022,77.2427,Delhi Food Festivals Fest,An evening of food festivals in Delhi. always up for a good show,2026-10-16 19:00:00,2026-10-16 17:30:00,2026-10-16 22:00:00,2,1.2784422257464867
524,comedy,stand-up comedy,Delhi,Blue Lantern Project,Royal Arena,28.6274,77.2426,Comedy Night ft. Blue Lantern Project,An evening of stand-up comedy in Delhi. weekend pe plans chahiye,2026-08-17 19:00:00,2026-08-17 17:30:00,2026-08-17 22:00:00,2,1.1595463347530792
525,festival,music festivals,Pune,Midnight Chai Collective,Skyline Grounds,18.5213,73.7946,Pune Music Festivals Carnival,An evening of music festivals in Pune. weekend pe plans chahiye,2026-10-30 17:00:00,2026-10-30 15:30:00,2026-10-30 20:00:00,3,1.4912072426000405
526,workshop,coding,Delhi,Kavya Trio,Lotus Grounds,28.6181,77.1774,Coding Workshop with Kavya Trio,An evening of coding in Delhi. weekend pe plans chahiye,2026-08-17 21:00:00,2026-08-17 19:30:00,2026-08-18 00:00:00,2,1.1585571715514795
527,comedy,improv,Delhi,Blue Lantern Project,Riverside Grounds,28.5907,77.1862,Blue Lantern Project: Stand-up Special,An evening of improv in Delhi. chalo saath chalte hain,2026-11-04 20:00:00,2026-11-04 18:30:00,2026-11-04 23:00:00,2,1.6773591073641725
528,movie,anime,Hyderabad,Blue Lantern Express,Skyline Arena,17.3149,78.4586,Anime Marathon: Blue Lantern Express Premiere,An evening of anime in Hyderabad. chalo saath chalte hain,2026-06-25 17:00:00,2026-06-25 15:30:00,2026-06-25 20:00:00,1,1.5702566733293717
529,festival,music festivals,Hyderabad,Kavya Trio,Lotus Auditorium,17.3933,78.5429,Hyderabad Music Festivals Fest,An evening of music festivals in Hyderabad.,2026-07-11 17:00:00,2026-07-11 15:30:00,2026-07-11 20:00:00,1,0.4176032059948418
530,conference,startups,Bengaluru,Midnight Chai Collective,Sunrise Grounds,12.9731,77.5858,Bengaluru Startups Summit 2026,An evening of startups in Bengaluru.,2026-11-23 18:00:00,2026-11-23 16:30:00,2026-11-23 21:00:00,1,0.3249469847987095
531,concert,rock,Bengaluru,Saffron Trio,Skyline Grounds,13.0283,77.6532,Saffron Trio - Rock Night,An evening of rock in Bengaluru. chalo saath chalte hain,2026-10-20 18:00:00,2026-10-20 16:30:00,2026-10-20 21:00:00,2,0.6044117392312081
532,comedy,stand-up comedy,Pune,Aarav Band,Lotus Grounds,18.4833,73.9283,Aarav Band: Stand-up Special,An evening of stand-up comedy in Pune.,2026-10-12 17:00:00,2026-10-12 15:30:00,2026-10-12 20:00:00,1,2.065506642199032
533,festival,music festivals,Pune,Saffron Band,Riverside Arena,18.4933,73.8493,Pune Music Festivals Fest,An evening of music festivals in Pune. ekdum mast vibe,2026-07-24 17:00:00,2026-07-24 15:30:00,2026-07-24 20:00:00,2,1.9718412268124303
534,theatre,musicals,Bengaluru,The Monsoon Band,Sunrise Grounds,12.9731,77.5858,The Monsoon Band presents a musicals evening,"An evening of musicals in Bengaluru. new city, new friends",2026-11-15 18:00:00,2026-11-15 16:30:00,2026-11-15 21:00:00,3,0.8490184345044445
535,sports,kabaddi,Pune,Saffron Live,Metro Auditorium,18.4675,73.8723,Pune Dynamos vs Titans (kabaddi),An evening of kabaddi in Pune. always up for a good show,2026-10-02 21:00:00,2026-10-02 19:30:00,2026-10-03 00:00:00,2,0.6555251152541839
536,sports,football,Pune,Kavya Live,Riverside Arena,18.4933,73.8493,Pune Titans vs Mavericks (football),"An evening of football in Pune. new city, new friends",2026-07-04 21:00:00,2026-07-04 19:30:00,2026-07-05 00:00:00,1,1.6159456824461556
537,movie,hollywood films,Bengaluru,DJ Neon Collective,Skyline Grounds,13.0283,77.6532,Hollywood Films Marathon: DJ Neon Collective Premiere,An evening of hollywood films in Bengaluru. weekend pe plans chahiye,2026-09-08 17:00:00,2026-09-08 15:30:00,2026-09-08 20:00:00,1,4.201546585683237
538,sports,cricket,Delhi,Riya Trio,Riverside Grounds,28.5907,77.1862,Delhi Tigers vs Strikers (cricket),An evening of cricket in Delhi. ekdum mast vibe,2026-11-05 19:00:00,2026-11-05 17:30:00,2026-11-05 22:00:00,2,0.2298381964396554
539,workshop,photography,Hyderabad,The Monsoon Trio,Harbour Grounds,17.4499,78.5754,Photography Workshop with The Monsoon Trio,An evening of photography in Hyderabad. weekend pe plans chahiye,2026-12-30 18:00:00,2026-12-30 16:30:00,2026-12-30 21:00:00,3,0.8033588377602069
540,theatre,musicals,Hyderabad,Blue Lantern Collective,Skyline Arena,17.3149,78.4586,Blue Lantern Collective presents a musicals evening,An evening of musicals in Hyderabad. chalo saath chalte hain,2026-06-09 17:00:00,2026-06-09 15:30:00,2026-06-09 20:00:00,1,0.4870598842386939
541,comedy,improv,Pune,Riya Project,Riverside Auditorium,18.5683,73.8686,Riya Project: Stand-up Special,An evening of improv in Pune.,2026-11-01 20:00:00,2026-11-01 18:30:00,2026-11-01 23:00:00,1,0.7293210872016155
542,sports,kabaddi,Pune,The Monsoon Project,Skyline Grounds,18.5213,73.7946,Pune Dynamos vs Mavericks (kabaddi),An evening of kabaddi in Pune.,2026-08-11 20:00:00,2026-08-11 18:30:00,2026-08-11 23:00:00,2,2.69602474517184
543,theatre,musicals,Delhi,Aarav Sessions,Metro Arena,28.6348,77.258,Aarav Sessions presents a musicals evening,An evening of musicals in Delhi.,2027-01-08 19:00:00,2027-01-08 17:30:00,2027-01-08 22:00:00,1,1.62647053062271
544,festival,food festivals,Hyderabad,Static Tides Live,Skyline Arena,17.3149,78.4586,Hyderabad Food Festivals Fest,An evening of food festivals in Hyderabad.,2027-01-11 20:00:00,2027-01-11 18:30:00,2027-01-11 23:00:00,2,0.9247229076638518
545,movie,hollywood films,Mumbai,Aarav Live,Sunrise Auditorium,18.9995,72.9009,Hollywood Films Marathon: Aarav Live Premiere,"An evening of hollywood films in Mumbai. new city, new friends",2026-08-20 20:00:00,2026-08-20 18:30:00,2026-08-20 23:00:00,3,0.5749285925243164
546,workshop,pottery,Bengaluru,DJ Neon Sessions,Harbour Arena,13.0493,77.5864,Pottery Workshop with DJ Neon Sessions,An evening of pottery in Bengaluru. weekend pe plans chahiye,2026-12-03 17:00:00,2026-12-03 15:30:00,2026-12-03 20:00:00,2,2.5783542276036258
547,movie,hollywood films,Mumbai,DJ Neon Project,Metro Hall,19.067,72.8295,Hollywood Films Marathon: DJ Neon Project Premiere,An evening of hollywood films in Mumbai. chalo saath chalte hain,2026-07-30 20:00:00,2026-07-30 18:30:00,2026-07-30 23:00:00,2,0.951832811011364
548,concert,hip hop,Mumbai,Static Tides Express,Royal Auditorium,19.0901,72.8287,Static Tides Express Live in Mumbai,An evening of hip hop in Mumbai. weekend pe plans chahiye,2026-11-08 18:00:00,2026-11-08 16:30:00,2026-11-08 21:00:00,3,0.2520251242177751
549,theatre,theatre,Bengaluru,DJ Neon Band,Harbour Club,13.0273,77.5959,DJ Neon Band presents a theatre evening,An evening of theatre in Bengaluru.,2026-09-11 17:00:00,2026-09-11 15:30:00,2026-09-11 20:00:00,3,0.9695887400672004
550,movie,hollywood films,Delhi,Aarav Live,Lotus Grounds,28.6181,77.1774,Hollywood Films Marathon: Aarav Live Premiere,An evening of hollywood films in Delhi. chalo saath chalte hain,2026-08-22 17:00:00,2026-08-22 15:30:00,2026-08-22 20:00:00,2,0.181932655242703
551,concert,indie music,Mumbai,DJ Neon Trio,Metro Hall,19.067,72.8295,DJ Neon Trio - Indie Music Night,An evening of indie music in Mumbai. always up for a good show,2026-12-27 20:00:00,2026-12-27 18:30:00,2026-12-27 23:00:00,2,0.5874689635075773
552,conference,ai,Bengaluru,DJ Neon Live,Harbour Arena,13.0493,77.5864,Bengaluru Ai Summit 2026,An evening of ai in Bengaluru. always up for a good show,2026-10-02 21:00:00,2026-10-02 19:30:00,2026-10-03 00:00:00,1,1.1457933666782498
553,movie,hollywood films,Mumbai,DJ Neon Project,Royal Hall,19.103,72.9041,Hollywood Films Marathon: DJ Neon Project Premiere,An evening of hollywood films in Mumbai. weekend pe plans chahiye,2026-12-28 20:00:00,2026-12-28 18:30:00,2026-12-28 23:00:00,1,2.60571820062276
554,comedy,improv,Pune,Midnight Chai Live,Riverside Arena,18.4933,73.8493,Midnight Chai Live: Stand-up Special,An evening of improv in Pune. always up for a good show,2026-09-04 21:00:00,2026-09-04 19:30:00,2026-09-05 00:00:00,1,0.4995361246186807
555,concert,sufi,Bengaluru,Midnight Chai Live,Harbour Arena,13.0493,77.5864,Midnight Chai Live Live in Bengaluru,An evening of sufi in Bengaluru.,2026-11-14 17:00:00,2026-11-14 15:30:00,2026-11-14 20:00:00,3,0.3749153276508637
556,comedy,improv,Pune,Riya Express,Metro Auditorium,18.4675,73.8723,Comedy Night ft. Riya Express,An evening of improv in Pune. ekdum mast vibe,2027-01-20 21:00:00,2027-01-20 19:30:00,2027-01-21 00:00:00,1,4.253552956896547
557,sports,football,Delhi,Saffron Express,Metro Arena,28.6348,77.258,Delhi Strikers vs Titans (football),An evening of football in Delhi. chalo saath chalte hain,2026-07-04 20:00:00,2026-07-04 18:30:00,2026-07-04 23:00:00,2,1.213671988095231
558,concert,bollywood music,Bengaluru,Saffron Trio,Skyline Club,12.928,77.6909,Saffron Trio - Bollywood Music Night,An evening of bollywood music in Bengaluru. ekdum mast vibe,2026-09-13 18:00:00,2026-09-13 16:30:00,2026-09-13 21:00:00,3,0.6353281994610229
559,workshop,photography,Delhi,Kavya Trio,Royal Grounds,28.571,77.1801,Photography Workshop with Kavya Trio,An evening of photography in Delhi. chalo saath chalte hain,2026-09-03 18:00:00,2026-09-03 16:30:00,2026-09-03 21:00:00,2,1.4744616528280536
560,workshop,photography,Bengaluru,Kavya Band,Harbour Arena,13.0493,77.5864,Photography Workshop with Kavya Band,An evening of photography in Bengaluru. ekdum mast vibe,2026-12-24 21:00:00,2026-12-24 19:30:00,2026-12-25 00:00:00,3,1.7305123853799078
561,concert,hip hop,Pune,The Monsoon Live,Skyline Grounds,18.5213,73.7946,The Monsoon Live - Hip Hop Night,An evening of hip hop in Pune. ekdum mast vibe,2026-07-05 21:00:00,2026-07-05 19:30:00,2026-07-06 00:00:00,2,0.5480984793605647
562,sports,football,Pune,Riya Express,Riverside Arena,18.4933,73.8493,Pune Royals vs Tigers (football),An evening of football in Pune. chalo saath chalte hain,2026-08-22 21:00:00,2026-08-22 19:30:00,2026-08-23 00:00:00,3,1.1981205914514244
563,sports,kabaddi,Pune,Blue Lantern Project,Riverside Auditorium,18.5683,73.8686,Pune Strikers vs Mavericks (kabaddi),An evening of kabaddi in Pune. weekend pe plans chahiye,2026-07-11 18:00:00,2026-07-11 16:30:00,2026-07-11 21:00:00,2,0.5224709004650071
564,concert,indie music,Bengaluru,Blue Lantern Band,Skyline Grounds,13.0283,77.6532,Blue Lantern Band - Indie Music Night,An evening of indie music in Bengaluru. chalo saath chalte hain,2026-10-18 21:00:00,2026-10-18 19:30:00,2026-10-19 00:00:00,1,4.892759042935289
565,conference,ai,Pune,DJ Neon Sessions,Riverside Arena,18.4933,73.8493,Pune Ai Summit 2026,An evening of ai in Pune. weekend pe plans chahiye,2027-01-22 18:00:00,2027-01-22 16:30:00,2027-01-22 21:00:00,3,0.4039305845861611
566,festival,music festivals,Hyderabad,Midnight Chai Sessions,Sunrise Auditorium,17.3123,78.5082,Hyderabad Music Festivals Carnival,An evening of music festivals in Hyderabad. weekend pe plans chahiye,2026-09-06 18:00:00,2026-09-06 16:30:00,2026-09-06 21:00:00,3,0.9674676637821996
567,festival,food festivals,Delhi,Aarav Project,Riverside Grounds,28.5907,77.1862,Delhi Food Festivals Carnival,An evening of food festivals in Delhi. ekdum mast vibe,2026-10-18 19:00:00,2026-10-18 17:30:00,2026-10-18 22:00:00,2,0.5308858562831342
568,festival,music festivals,Delhi,Mehfil Collective,Royal Grounds,28.571,77.1801,Delhi Music Festivals Fest,An evening of music festivals in Delhi. chalo saath chalte hain,2026-07-06 17:00:00,2026-07-06 15:30:00,2026-07-06 20:00:00,3,8.563434064273512
569,movie,anime,Mumbai,The Monsoon Band,Metro Club,19.1581,72.9795,Anime Marathon: The Monsoon Band Premiere,An evening of anime in Mumbai. weekend pe plans chahiye,2027-01-02 18:00:00,2027-01-02 16:30:00,2027-01-02 21:00:00,2,0.5874404557645726
570,comedy,improv,Pune,DJ Neon Band,Sunrise Hall,18.5595,73.9874,DJ Neon Band: Stand-up Special,An evening of improv in Pune.,2026-08-31 19:00:00,2026-08-31 17:30:00,2026-08-31 22:00:00,3,1.7984978435438357
571,sports,football,Mumbai,Static Tides Project,Metro Hall,19.067,72.8295,Mumbai Tigers vs Royals (football),An evening of football in Mumbai.,2026-12-11 19:00:00,2026-12-11 17:30:00,2026-12-11 22:00:00,3,2.6397050471550627
572,theatre,musicals,Bengaluru,Static Tides Sessions,Metro Club,13.0421,77.6685,Static Tides Sessions presents a musicals evening,An evening of musicals in Bengaluru. chalo saath chalte hain,2026-11-20 19:00:00,2026-11-20 17:30:00,2026-11-20 22:00:00,1,1.858572255351551
573,conference,tech,Hyderabad,DJ Neon Band,Skyline Arena,17.3149,78.4586,Hyderabad Tech Summit 2026,An evening of tech in Hyderabad. always up for a good show,2026-10-30 18:00:00,2026-10-30 16:30:00,2026-10-30 21:00:00,1,0.8817458922190095
574,movie,anime,Hyderabad,Saffron Sessions,Sunrise Auditorium,17.3123,78.5082,Anime Marathon: Saffron Sessions Premiere,An evening of anime in Hyderabad. weekend pe plans chahiye,2026-10-23 19:00:00,2026-10-23 17:30:00,2026-10-23 22:00:00,2,0.8900930475691966
575,conference,ai,Delhi,Saffron Band,Metro Arena,28.6348,77.258,Delhi Ai Summit 2026,An evening of ai in Delhi. chalo saath chalte hain,2026-07-27 20:00:00,2026-07-27 18:30:00,2026-07-27 23:00:00,1,1.4216143847089937
576,sports,kabaddi,Pune,Aarav Project,Lotus Grounds,18.4833,73.9283,Pune Titans vs Titans (kabaddi),An evening of kabaddi in Pune. weekend pe plans chahiye,2026-06-07 20:00:00,2026-06-07 18:30:00,2026-06-07 23:00:00,1,1.8664657491653367
577,festival,food festivals,Mumbai,Saffron Sessions,Metro Hall,19.1081,72.9657,Mumbai Food Festivals Fest,"An evening of food festivals in Mumbai. new city, new friends",2026-08-22 17:00:00,2026-08-22 15:30:00,2026-08-22 20:00:00,1,0.8359289823756217
578,workshop,pottery,Delhi,Riya Project,Royal Arena,28.6274,77.2426,Pottery Workshop with Riya Project,An evening of pottery in Delhi. ekdum mast vibe,2026-09-21 19:00:00,2026-09-21 17:30:00,2026-09-21 22:00:00,1,0.3652307137856513
579,workshop,pottery,Delhi,Mehfil Express,Metro Arena,28.6348,77.258,Pottery Workshop with Mehfil Express,An evening of pottery in Delhi.,2026-11-01 19:00:00,2026-11-01 17:30:00,2026-11-01 22:00:00,2,5.51055081363647
580,concert,hip hop,Mumbai,DJ Neon Live,Royal Auditorium,19.0901,72.8287,DJ Neon Live - Hip Hop Night,"An evening of hip hop in Mumbai. new city, new friends",2026-09-30 19:00:00,2026-09-30 17:30:00,2026-09-30 22:00:00,2,1.4861950553125778
581,concert,indie music,Hyderabad,Midnight Chai Express,Lotus Auditorium,17.3933,78.5429,Midnight Chai Express - Indie Music Night,"An evening of indie music in Hyderabad. new city, new friends",2026-12-23 20:00:00,2026-12-23 18:30:00,2026-12-23 23:00:00,2,1.1375839615014034
582,concert,hip hop,Delhi,Aarav Express,Metro Arena,28.6022,77.2427,Aarav Express Live in Delhi,An evening of hip hop in Delhi. ekdum mast vibe,2026-12-04 18:00:00,2026-12-04 16:30:00,2026-12-04 21:00:00,2,0.7510794563416922
583,festival,music festivals,Delhi,Static Tides Sessions,Metro Arena,28.6022,77.2427,Delhi Music Festivals Carnival,"An evening of music festivals in Delhi. new city, new friends",2026-07-17 19:00:00,2026-07-17 17:30:00,2026-07-17 22:00:00,3,2.052943886654204
584,comedy,improv,Hyderabad,Riya Express,Harbour Grounds,17.4499,78.5754,Comedy Night ft. Riya Express,An evening of improv in Hyderabad. weekend pe plans chahiye,2026-06-01 18:00:00,2026-06-01 16:30:00,2026-06-01 21:00:00,2,2.39266117454743
585,comedy,stand-up comedy,Bengaluru,Blue Lantern Project,Harbour Club,13.0273,77.5959,Comedy Night ft. Blue Lantern Project,"An evening of stand-up comedy in Bengaluru. new city, new friends",2026-09-23 19:00:00,2026-09-23 17:30:00,2026-09-23 22:00:00,1,0.6051127695288175
586,theatre,theatre,Mumbai,Aarav Collective,Harbour Club,19.0259,72.9696,Aarav Collective presents a theatre evening,An evening of theatre in Mumbai.,2026-10-31 17:00:00,2026-10-31 15:30:00,2026-10-31 20:00:00,2,0.3083843516084006
587,concert,sufi,Mumbai,Riya Trio,Royal Hall,19.103,72.9041,Riya Trio - Sufi Night,An evening of sufi in Mumbai. always up for a good show,2026-10-24 17:00:00,2026-10-24 15:30:00,2026-10-24 20:00:00,2,3.944557884725143
588,sports,kabaddi,Hyderabad,Saffron Collective,Lotus Auditorium,17.3933,78.5429,Hyderabad Mavericks vs Mavericks (kabaddi),An evening of kabaddi in Hyderabad.,2026-10-31 18:00:00,2026-10-31 16:30:00,2026-10-31 21:00:00,3,0.5006323978148803
589,sports,football,Pune,Mehfil Collective,Lotus Grounds,18.4833,73.9283,Pune Strikers vs Strikers (football),"An evening of football in Pune. new city, new friends",2026-10-07 21:00:00,2026-10-07 19:30:00,2026-10-08 00:00:00,3,1.9144139748841784
590,concert,hip hop,Delhi,Saffron Project,Royal Grounds,28.571,77.1801,Saffron Project - Hip Hop Night,An evening of hip hop in Delhi. always up for a good show,2026-08-10 17:00:00,2026-08-10 15:30:00,2026-08-10 20:00:00,2,1.5427820922882705
591,theatre,theatre,Bengaluru,Kavya Band,Sunrise Grounds,12.9731,77.5858,Kavya Band presents a theatre evening,An evening of theatre in Bengaluru. always up for a good show,2026-12-26 18:00:00,2026-12-26 16:30:00,2026-12-26 21:00:00,3,0.2786478674445552
592,workshop,coding,Pune,Aarav Project,Riverside Auditorium,18.5683,73.8686,Coding Workshop with Aarav Project,An evening of coding in Pune. chalo saath chalte hain,2026-07-20 21:00:00,2026-07-20 19:30:00,2026-07-21 00:00:00,3,0.410661190454068
593,concert,bollywood music,Bengaluru,Riya Project,Sunrise Grounds,12.9731,77.5858,Riya Project - Bollywood Music Night,"An evening of bollywood music in Bengaluru. new city, new friends",2026-12-02 18:00:00,2026-12-02 16:30:00,2026-12-02 21:00:00,3,0.9115012438063114
594,comedy,stand-up comedy,Hyderabad,Saffron Band,Harbour Grounds,17.3915,78.5249,Comedy Night ft. Saffron Band,An evening of stand-up comedy in Hyderabad. chalo saath chalte hain,2026-10-06 20:00:00,2026-10-06 18:30:00,2026-10-06 23:00:00,1,1.226891418142032
595,festival,food festivals,Mumbai,The Monsoon Project,Sunrise Auditorium,18.9995,72.9009,Mumbai Food Festivals Fest,"An evening of food festivals in Mumbai. new city, new friends",2026-10-04 20:00:00,2026-10-04 18:30:00,2026-10-04 23:00:00,3,3.084406036488953
596,conference,ai,Pune,Riya Project,Metro Auditorium,18.4675,73.8723,Pune Ai Summit 2026,An evening of ai in Pune. weekend pe plans chahiye,2026-12-19 21:00:00,2026-12-19 19:30:00,2026-12-20 00:00:00,1,3.9390492667434978
597,comedy,stand-up comedy,Delhi,The Monsoon Project,Sunrise Grounds,28.5718,77.2247,The Monsoon Project: Stand-up Special,"An evening of stand-up comedy in Delhi. new city, new friends",2026-10-02 17:00:00,2026-10-02 15:30:00,2026-10-02 20:00:00,2,1.4091345735465484
598,concert,rock,Hyderabad,Kavya Collective,Harbour Grounds,17.3915,78.5249,Kavya Collective Live in Hyderabad,An evening of rock in Hyderabad. weekend pe plans chahiye,2026-08-29 17:00:00,2026-08-29 15:30:00,2026-08-29 20:00:00,1,1.1560249158297724
599,concert,rock,Delhi,The Monsoon Sessions,Metro Arena,28.6022,77.2427,The Monsoon Sessions - Rock Night,An evening of rock in Delhi. ekdum mast vibe,2026-12-28 18:00:00,2026-12-28 16:30:00,2026-12-28 21:00:00,2,1.391364909182337
600,festival,music festivals,Delhi,Mehfil Trio,Riverside Grounds,28.5907,77.1862,Delhi Music Festivals Carnival,An evening of music festivals in Delhi. weekend pe plans chahiye,2026-07-01 20:00:00,2026-07-01 18:30:00,2026-07-01 23:00:00,1,0.981475219075872
601,movie,anime,Hyderabad,Midnight Chai Trio,Skyline Arena,17.3149,78.4586,Anime Marathon: Midnight Chai Trio Premiere,An evening of anime in Hyderabad. ekdum mast vibe,2026-09-15 23:00:00,2026-09-15 21:30:00,2026-09-16 02:00:00,2,0.4136034457189301
602,comedy,stand-up comedy,Hyderabad,DJ Neon Sessions,Sunrise Auditorium,17.3123,78.5082,Comedy Night ft. DJ Neon Sessions,An evening of stand-up comedy in Hyderabad. always up for a good show,2026-10-07 21:00:00,2026-10-07 19:30:00,2026-10-08 00:00:00,3,0.8076945112667226
603,workshop,coding,Hyderabad,Aarav Band,Harbour Grounds,17.4499,78.5754,Coding Workshop with Aarav Band,"An evening of coding in Hyderabad. new city, new friends",2027-01-04 20:00:00,2027-01-04 18:30:00,2027-01-04 23:00:00,3,0.7480617428427581
604,workshop,photography,Delhi,Saffron Express,Metro Arena,28.6348,77.258,Photography Workshop with Saffron Express,An evening of photography in Delhi. always up for a good show,2026-07-22 21:00:00,2026-07-22 19:30:00,2026-07-23 00:00:00,2,1.6373336880715876
605,festival,food festivals,Pune,Mehfil Band,Lotus Grounds,18.4833,73.9283,Pune Food Festivals Fest,An evening of food festivals in Pune. chalo saath chalte hain,2026-07-30 19:00:00,2026-07-30 17:30:00,2026-07-30 22:00:00,1,0.6137914706883538
606,sports,cricket,Mumbai,Saffron Express,Royal Hall,19.103,72.9041,Mumbai Tigers vs Mavericks (cricket),An evening of cricket in Mumbai. ekdum mast vibe,2026-08-08 21:00:00,2026-08-08 19:30:00,2026-08-09 00:00:00,1,1.4149912147910353
607,festival,music festivals,Mumbai,Riya Band,Harbour Club,19.0259,72.9696,Mumbai Music Festivals Fest,"An evening of music festivals in Mumbai. new city, new friends",2026-07-16 21:00:00,2026-07-16 19:30:00,2026-07-17 00:00:00,1,1.7941390780881512
608,theatre,theatre,Bengaluru,The Monsoon Express,Harbour Club,13.0273,77.5959,The Monsoon Express presents a theatre evening,An evening of theatre in Bengaluru.,2026-09-11 19:00:00,2026-09-11 17:30:00,2026-09-11 22:00:00,3,0.9695887400672004
609,conference,ai,Mumbai,Saffron Live,Harbour Club,19.0259,72.9696,Mumbai Ai Summit 2026,An evening of ai in Mumbai. weekend pe plans chahiye,2026-06-03 22:00:00,2026-06-03 20:30:00,2026-06-04 01:00:00,3,1.4383989355838611
610,conference,startups,Hyderabad,Riya Sessions,Riverside Auditorium,17.3312,78.4836,Hyderabad Startups Summit 2026,An evening of startups in Hyderabad.,2026-08-26 19:00:00,2026-08-26 17:30:00,2026-08-26 22:00:00,2,0.6906341602126491
611,workshop,photography,Pune,Blue Lantern Band,Skyline Grounds,18.5213,73.7946,Photography Workshop with Blue Lantern Band,An evening of photography in Pune. weekend pe plans chahiye,2026-06-28 21:00:00,2026-06-28 19:30:00,2026-06-29 00:00:00,3,1.1982901720751835
612,concert,rock,Pune,Aarav Band,Skyline Arena,18.5144,73.8568,Aarav Band Live in Pune,"An evening of rock in Pune. new city, new friends",2026-12-14 22:00:00,2026-12-14 20:30:00,2026-12-15 01:00:00,3,5.022311017294986
613,festival,food festivals,Bengaluru,Midnight Chai Collective,Garden Auditorium,13.0144,77.5718,Bengaluru Food Festivals Carnival,An evening of food festivals in Bengaluru. weekend pe plans chahiye,2026-09-30 23:00:00,2026-09-30 21:30:00,2026-10-01 02:00:00,2,0.5010494023146147
614,comedy,stand-up comedy,Pune,Aarav Band,Lotus Grounds,18.4833,73.9283,Aarav Band: Stand-up Special,An evening of stand-up comedy in Pune.,2026-10-12 19:00:00,2026-10-12 17:30:00,2026-10-12 22:00:00,1,2.065506642199032
615,workshop,photography,Pune,DJ Neon Band,Lotus Grounds,18.4833,73.9283,Photography Workshop with DJ Neon Band,An evening of photography in Pune. chalo saath chalte hain,2026-06-01 22:00:00,2026-06-01 20:30:00,2026-06-02 01:00:00,1,2.535231723811428
616,workshop,coding,Pune,Saffron Express,Lotus Grounds,18.4833,73.9283,Coding Workshop with Saffron Express,An evening of coding in Pune.,2026-11-08 19:00:00,2026-11-08 17:30:00,2026-11-08 22:00:00,3,0.7216302807251354
617,movie,bollywood films,Pune,Saffron Live,Sunrise Hall,18.5595,73.9874,Bollywood Films Marathon: Saffron Live Premiere,An evening of bollywood films in Pune. chalo saath chalte hain,2026-11-27 22:00:00,2026-11-27 20:30:00,2026-11-28 01:00:00,1,1.4773171652271242
618,concert,sufi,Mumbai,Static Tides Express,Metro Hall,19.067,72.8295,Static Tides Express Live in Mumbai,An evening of sufi in Mumbai. chalo saath chalte hain,2026-08-18 20:00:00,2026-08-18 18:30:00,2026-08-18 23:00:00,1,0.7202278913910363
619,sports,football,Hyderabad,Saffron Band,Sunrise Auditorium,17.3123,78.5082,Hyderabad Tigers vs Tigers (football),An evening of football in Hyderabad. ekdum mast vibe,2026-07-01 22:00:00,2026-07-01 20:30:00,2026-07-02 01:00:00,3,1.2322098832695774
620,workshop,photography,Hyderabad,Static Tides Collective,Royal Hall,17.4405,78.5003,Photography Workshop with Static Tides Collective,"An evening of photography in Hyderabad. new city, new friends",2026-11-18 21:00:00,2026-11-18 19:30:00,2026-11-19 00:00:00,1,0.7494437022947907
621,theatre,theatre,Mumbai,Aarav Live,Royal Hall,19.1697,72.8776,Aarav Live presents a theatre evening,An evening of theatre in Mumbai. weekend pe plans chahiye,2026-09-20 23:00:00,2026-09-20 21:30:00,2026-09-21 02:00:00,2,1.195530893342895
622,festival,food festivals,Mumbai,Blue Lantern Sessions,Metro Hall,19.1081,72.9657,Mumbai Food Festivals Fest,An evening of food festivals in Mumbai. always up for a good show,2027-01-07 19:00:00,2027-01-07 17:30:00,2027-01-07 22:00:00,3,1.679914912231408
623,theatre,musicals,Mumbai,Aarav Live,Metro Club,19.1581,72.9795,Aarav Live presents a musicals evening,An evening of musicals in Mumbai. always up for a good show,2026-10-26 20:00:00,2026-10-26 18:30:00,2026-10-26 23:00:00,3,0.6002100665407765
624,sports,kabaddi,Mumbai,Blue Lantern Express,Metro Club,19.1581,72.9795,Mumbai Titans vs Titans (kabaddi),An evening of kabaddi in Mumbai. ekdum mast vibe,2026-11-21 21:00:00,2026-11-21 19:30:00,2026-11-22 00:00:00,2,3.4384795587596626
625,concert,sufi,Delhi,Midnight Chai Express,Metro Arena,28.6348,77.258,Midnight Chai Express - Sufi Night,"An evening of sufi in Delhi. new city, new friends",2026-06-22 23:00:00,2026-06-22 21:30:00,2026-06-23 02:00:00,3,0.5082321728542301
626,workshop,pottery,Pune,Static Tides Trio,Sunrise Hall,18.5595,73.9874,Pottery Workshop with Static Tides Trio,"An evening of pottery in Pune. new city, new friends",2026-06-20 20:00:00,2026-06-20 18:30:00,2026-06-20 23:00:00,2,0.944448428728192
627,sports,kabaddi,Bengaluru,Kavya Sessions,Skyline Club,12.928,77.6909,Bengaluru Mavericks vs Royals (kabaddi),An evening of kabaddi in Bengaluru. ekdum mast vibe,2026-07-20 22:00:00,2026-07-20 20:30:00,2026-07-21 01:00:00,2,1.1889615253849153
628,comedy,improv,Delhi,Saffron Sessions,Metro Arena,28.6348,77.258,Saffron Sessions: Stand-up Special,An evening of improv in Delhi. weekend pe plans chahiye,2026-08-17 21:00:00,2026-08-17 19:30:00,2026-08-18 00:00:00,1,0.4975412435702334
629,comedy,improv,Bengaluru,Riya Collective,Harbour Club,13.0273,77.5959,Riya Collective: Stand-up Special,"An evening of improv in Bengaluru. new city, new friends",2026-09-04 23:00:00,2026-09-04 21:30:00,2026-09-05 02:00:00,1,1.4067896356056917
630,festival,food festivals,Pune,Saffron Trio,Riverside Auditorium,18.5683,73.8686,Pune Food Festivals Fest,An evening of food festivals in Pune. weekend pe plans chahiye,2026-12-03 21:00:00,2026-12-03 19:30:00,2026-12-04 00:00:00,3,0.9920113982524604
631,movie,hollywood films,Mumbai,Aarav Live,Metro Club,19.1581,72.9795,Hollywood Films Marathon: Aarav Live Premiere,An evening of hollywood films in Mumbai. always up for a good show,2026-06-23 22:00:00,2026-06-23 20:30:00,2026-06-24 01:00:00,3,0.8027233514292204
632,workshop,pottery,Hyderabad,Midnight Chai Collective,Skyline Arena,17.3149,78.4586,Pottery Workshop with Midnight Chai Collective,An evening of pottery in Hyderabad. always up for a good show,2027-01-20 21:00:00,2027-01-20 19:30:00,2027-01-21 00:00:00,3,0.3200923231716158
633,conference,tech,Pune,Kavya Project,Skyline Arena,18.5144,73.8568,Pune Tech Summit 2026,An evening of tech in Pune. always up for a good show,2026-07-17 20:00:00,2026-07-17 18:30:00,2026-07-17 23:00:00,2,0.2067289915532966
634,comedy,stand-up comedy,Pune,Riya Trio,Garden Auditorium,18.4743,73.8858,Comedy Night ft. Riya Trio,An evening of stand-up comedy in Pune. chalo saath chalte hain,2026-10-14 22:00:00,2026-10-14 20:30:00,2026-10-15 01:00:00,1,1.124793571444212
635,conference,startups,Bengaluru,Midnight Chai Live,Garden Auditorium,13.0144,77.5718,Bengaluru Startups Summit 2026,An evening of startups in Bengaluru. ekdum mast vibe,2026-07-01 23:00:00,2026-07-01 21:30:00,2026-07-02 02:00:00,3,0.4566532459921425
636,festival,music festivals,Mumbai,Riya Project,Royal Hall,19.1697,72.8776,Mumbai Music Festivals Fest,An evening of music festivals in Mumbai. weekend pe plans chahiye,2026-11-16 19:00:00,2026-11-16 17:30:00,2026-11-16 22:00:00,1,0.6912368157961706
637,comedy,improv,Hyderabad,Static Tides Live,Lotus Auditorium,17.3933,78.5429,Comedy Night ft. Static Tides Live,"An evening of improv in Hyderabad. new city, new friends",2026-10-03 23:00:00,2026-10-03 21:30:00,2026-10-04 02:00:00,3,0.2073606730723942
638,concert,indie music,Hyderabad,Aarav Collective,Royal Hall,17.4405,78.5003,Aarav Collective Live in Hyderabad,An evening of indie music in Hyderabad. chalo saath chalte hain,2026-06-03 22:00:00,2026-06-03 20:30:00,2026-06-04 01:00:00,1,0.6205614000288598
639,movie,anime,Hyderabad,Kavya Sessions,Sunrise Auditorium,17.3123,78.5082,Anime Marathon: Kavya Sessions Premiere,An evening of anime in Hyderabad. weekend pe plans chahiye,2026-10-23 21:00:00,2026-10-23 19:30:00,2026-10-24 00:00:00,2,0.8900930475691966
640,sports,kabaddi,Pune,Saffron Sessions,Sunrise Hall,18.5595,73.9874,Pune Dynamos vs Royals (kabaddi),An evening of kabaddi in Pune. chalo saath chalte hain,2026-09-05 22:00:00,2026-09-05 20:30:00,2026-09-06 01:00:00,1,2.0355448951074275
641,sports,kabaddi,Hyderabad,Mehfil Live,Royal Hall,17.4405,78.5003,Hyderabad Tigers vs Royals (kabaddi),"An evening of kabaddi in Hyderabad. new city, new friends",2027-01-25 20:00:00,2027-01-25 18:30:00,2027-01-25 23:00:00,2,1.0597387782163543
642,conference,tech,Pune,Blue Lantern Express,Riverside Arena,18.4933,73.8493,Pune Tech Summit 2026,An evening of tech in Pune. weekend pe plans chahiye,2026-10-07 21:00:00,2026-10-07 19:30:00,2026-10-08 00:00:00,2,0.7968510902696344
643,theatre,theatre,Hyderabad,Aarav Band,Sunrise Auditorium,17.3123,78.5082,Aarav Band presents a theatre evening,An evening of theatre in Hyderabad. always up for a good show,2026-09-10 23:00:00,2026-09-10 21:30:00,2026-09-11 02:00:00,1,0.5357349870559317
644,theatre,musicals,Pune,Blue Lantern Sessions,Riverside Arena,18.4933,73.8493,Blue Lantern Sessions presents a musicals evening,An evening of musicals in Pune.,2026-07-19 21:00:00,2026-07-19 19:30:00,2026-07-20 00:00:00,3,0.7087674684137927
645,sports,football,Hyderabad,Saffron Live,Royal Hall,17.4405,78.5003,Hyderabad Mavericks vs Titans (football),An evening of football in Hyderabad. always up for a good show,2026-06-07 23:00:00,2026-06-07 21:30:00,2026-06-08 02:00:00,1,1.5547308590781448
646,festival,food festivals,Delhi,Midnight Chai Sessions,Sunrise Grounds,28.5718,77.2247,Delhi Food Festivals Fest,An evening of food festivals in Delhi. always up for a good show,2026-11-20 21:00:00,2026-11-20 19:30:00,2026-11-21 00:00:00,2,0.795589628910038
647,concert,edm,Pune,Static Tides Project,Sunrise Hall,18.5595,73.9874,Static Tides Project - Edm Night,An evening of edm in Pune. weekend pe plans chahiye,2027-01-12 19:00:00,2027-01-12 17:30:00,2027-01-12 22:00:00,1,0.5568443810227363
648,sports,kabaddi,Pune,Midnight Chai Project,Riverside Auditorium,18.5683,73.8686,Pune Dynamos vs Royals (kabaddi),An evening of kabaddi in Pune. always up for a good show,2027-01-18 22:00:00,2027-01-18 20:30:00,2027-01-19 01:00:00,3,1.90359069568477
649,theatre,theatre,Bengaluru,Aarav Band,Skyline Club,12.928,77.6909,Aarav Band presents a theatre evening,An evening of theatre in Bengaluru. weekend pe plans chahiye,2026-09-04 23:00:00,2026-09-04 21:30:00,2026-09-05 02:00:00,1,1.8427114699239109
650,theatre,theatre,Pune,The Monsoon Band,Riverside Arena,18.4933,73.8493,The Monsoon Band presents a theatre evening,An evening of theatre in Pune.,2026-10-03 19:00:00,2026-10-03 17:30:00,2026-10-03 22:00:00,1,0.3869308903800626
651,concert,bollywood music,Delhi,The Monsoon Live,Sunrise Grounds,28.5718,77.2247,The Monsoon Live Live in Delhi,An evening of bollywood music in Delhi. chalo saath chalte hain,2026-06-01 21:00:00,2026-06-01 19:30:00,2026-06-02 00:00:00,1,0.7058978283754521
652,movie,anime,Bengaluru,Kavya Live,Metro Club,13.0421,77.6685,Anime Marathon: Kavya Live Premiere,An evening of anime in Bengaluru. always up for a good show,2026-09-28 23:00:00,2026-09-28 21:30:00,2026-09-29 02:00:00,3,0.2896009853904909
653,comedy,stand-up comedy,Hyderabad,Aarav Trio,Lotus Auditorium,17.3933,78.5429,Comedy Night ft. Aarav Trio,An evening of stand-up comedy in Hyderabad. always up for a good show,2026-11-14 23:00:00,2026-11-14 21:30:00,2026-11-15 02:00:00,1,0.3401965295952915
654,comedy,improv,Pune,Riya Collective,Riverside Arena,18.4933,73.8493,Riya Collective: Stand-up Special,An evening of improv in Pune. always up for a good show,2026-09-04 23:00:00,2026-09-04 21:30:00,2026-09-05 02:00:00,1,0.4995361246186807
655,theatre,musicals,Hyderabad,The Monsoon Project,Skyline Arena,17.3149,78.4586,The Monsoon Project presents a musicals evening,An evening of musicals in Hyderabad. chalo saath chalte hain,2026-06-09 19:00:00,2026-06-09 17:30:00,2026-06-09 22:00:00,1,0.4870598842386939
656,sports,football,Pune,Riya Collective,Lotus Grounds,18.4833,73.9283,Pune Tigers vs Dynamos (football),"An evening of football in Pune. new city, new friends",2026-10-07 23:00:00,2026-10-07 21:30:00,2026-10-08 02:00:00,3,1.9144139748841784
657,workshop,pottery,Bengaluru,Aarav Collective,Harbour Arena,13.0493,77.5864,Pottery Workshop with Aarav Collective,An evening of pottery in Bengaluru. weekend pe plans chahiye,2026-12-03 19:00:00,2026-12-03 17:30:00,2026-12-03 22:00:00,2,2.5783542276036258
658,comedy,stand-up comedy,Hyderabad,Mehfil Sessions,Royal Hall,17.4405,78.5003,Mehfil Sessions: Stand-up Special,An evening of stand-up comedy in Hyderabad.,2026-09-09 23:00:00,2026-09-09 21:30:00,2026-09-10 02:00:00,2,1.447908233059745
659,concert,edm,Pune,Blue Lantern Live,Skyline Arena,18.5144,73.8568,Blue Lantern Live Live in Pune,"An evening of edm in Pune. new city, new friends",2026-12-03 23:00:00,2026-12-03 21:30:00,2026-12-04 02:00:00,2,4.073648943803277
660,movie,anime,Mumbai,The Monsoon Express,Royal Hall,19.103,72.9041,Anime Marathon: The Monsoon Express Premiere,An evening of anime in Mumbai. always up for a good show,2026-12-24 20:00:00,2026-12-24 18:30:00,2026-12-24 23:00:00,2,2.70936786034545
9001,concert,bollywood music,Mumbai,Midnight Echoes,NSCI Dome,18.9985,72.8175,Midnight Echoes Live at NSCI Dome,"A late-night Bollywood and indie set at NSCI Dome, Worli. bhai chalo saath chalte hain",2026-10-07 19:00:00,2026-10-07 17:30:00,2026-10-07 22:45:00,3,99.0
