event_id,user_id,status,ts
660,1,looking_for_buddy,2026-12-02 20:00:00
287,1,going,2026-08-26 20:00:00
214,1,interested,2026-09-28 19:00:00
580,1,looking_for_buddy,2026-09-25 19:00:00
188,1,interested,2026-07-05 21:00:00
154,1,looking_for_buddy,2026-09-14 18:00:00
232,1,looking_for_buddy,2026-10-25 21:00:00
498,1,going,2026-12-30 17:00:00
334,2,interested,2026-07-06 18:00:00
506,2,looking_for_buddy,2026-09-06 21:00:00
223,2,interested,2026-11-18 18:00:00
122,2,looking_for_buddy,2026-07-10 17:00:00
225,2,interested,2026-06-24 17:00:00
390,2,going,2026-11-02 21:00:00
19,2,looking_for_buddy,2026-09-05 20:00:00
82,2,going,2026-06-15 21:00:00
53,3,going,2026-10-14 20:00:00
489,3,looking_for_buddy,2026-12-15 17:00:00
492,3,looking_for_buddy,2026-11-21 20:00:00
464,3,going,2026-09-07 20:00:00
55,3,looking_for_buddy,2026-11-06 17:00:00
40,3,interested,2026-11-04 19:00:00
491,3,looking_for_buddy,2026-09-27 18:00:00
170,3,going,2026-08-06 17:00:00
502,4,looking_for_buddy,2026-08-23 20:00:00
607,4,interested,2026-07-07 21:00:00
214,4,looking_for_buddy,2026-10-21 19:00:00
595,4,going,2026-09-06 20:00:00
495,4,interested,2026-10-24 21:00:00
479,4,going,2026-10-07 19:00:00
36,4,going,2026-07-12 17:00:00
416,4,looking_for_buddy,2026-06-19 19:00:00
158,5,going,2026-08-03 17:00:00
607,5,going,2026-07-02 21:00:00
118,5,interested,2026-08-17 21:00:00
323,5,looking_for_buddy,2026-11-14 19:00:00
44,5,looking_for_buddy,2026-06-19 19:00:00
70,5,looking_for_buddy,2026-08-04 19:00:00
294,5,going,2026-11-14 17:00:00
214,5,going,2026-10-14 19:00:00
524,6,looking_for_buddy,2026-07-24 19:00:00
325,6,interested,2026-09-30 20:00:00
322,6,looking_for_buddy,2026-08-14 18:00:00
94,6,looking_for_buddy,2026-07-11 18:00:00
327,6,interested,2026-06-04 19:00:00
527,6,looking_for_buddy,2026-10-10 20:00:00
226,6,going,2026-09-18 18:00:00
48,6,interested,2026-07-25 19:00:00
340,7,interested,2026-12-13 19:00:00
545,7,looking_for_buddy,2026-07-26 20:00:00
396,7,looking_for_buddy,2026-11-28 18:00:00
116,7,looking_for_buddy,2026-09-14 21:00:00
25,7,looking_for_buddy,2026-08-20 19:00:00
227,7,looking_for_buddy,2026-12-29 17:00:00
36,7,looking_for_buddy,2026-07-08 17:00:00
266,7,going,2026-12-01 17:00:00
274,8,looking_for_buddy,2026-12-27 19:00:00
432,8,interested,2026-12-31 17:00:00
603,8,looking_for_buddy,2026-12-10 20:00:00
10,8,looking_for_buddy,2026-10-20 17:00:00
394,8,interested,2026-10-20 17:00:00
179,8,looking_for_buddy,2026-08-30 18:00:00
328,8,going,2026-11-06 18:00:00
300,8,looking_for_buddy,2027-01-01 19:00:00
334,9,going,2026-06-26 18:00:00
395,9,looking_for_buddy,2026-05-27 19:00:00
543,9,looking_for_buddy,2027-01-03 19:00:00
325,9,looking_for_buddy,2026-09-20 20:00:00
646,9,going,2026-11-02 21:00:00
223,9,looking_for_buddy,2026-11-26 18:00:00
160,9,looking_for_buddy,2026-09-25 18:00:00
129,9,looking_for_buddy,2026-07-09 17:00:00
40,10,interested,2026-11-06 19:00:00
78,10,looking_for_buddy,2027-01-09 19:00:00
5,10,going,2027-01-06 19:00:00
304,10,interested,2026-06-09 20:00:00
572,10,going,2026-11-18 19:00:00
375,10,interested,2026-10-29 17:00:00
55,10,looking_for_buddy,2026-11-07 17:00:00
629,10,interested,2026-08-30 23:00:00
81,11,going,2026-05-21 20:00:00
224,11,looking_for_buddy,2026-08-07 21:00:00
155,11,looking_for_buddy,2026-06-20 20:00:00
5,11,interested,2026-12-26 19:00:00
265,11,looking_for_buddy,2026-11-06 18:00:00
256,11,going,2026-07-23 17:00:00
192,11,looking_for_buddy,2026-11-03 18:00:00
585,11,looking_for_buddy,2026-09-06 19:00:00
31,12,looking_for_buddy,2026-08-25 17:00:00
584,12,looking_for_buddy,2026-05-13 18:00:00
300,12,going,2027-01-11 19:00:00
504,12,looking_for_buddy,2026-11-24 21:00:00
480,12,interested,2026-08-21 20:00:00
658,12,looking_for_buddy,2026-08-15 23:00:00
255,12,going,2026-12-18 20:00:00
209,12,interested,2026-08-08 19:00:00
242,13,looking_for_buddy,2026-11-22 19:00:00
309,13,interested,2026-12-29 19:00:00
3,13,looking_for_buddy,2026-08-26 21:00:00
102,13,looking_for_buddy,2026-07-27 17:00:00
499,13,looking_for_buddy,2026-07-18 17:00:00
98,13,looking_for_buddy,2026-09-15 17:00:00
274,13,looking_for_buddy,2026-12-17 19:00:00
486,13,interested,2026-07-14 20:00:00
412,14,going,2026-09-11 20:00:00
660,14,going,2026-12-05 20:00:00
425,14,looking_for_buddy,2026-07-01 18:00:00
116,14,interested,2026-09-15 21:00:00
340,14,looking_for_buddy,2026-12-03 19:00:00
623,14,looking_for_buddy,2026-10-11 20:00:00
587,14,interested,2026-10-22 17:00:00
89,14,looking_for_buddy,2026-12-03 20:00:00
105,15,going,2026-06-26 21:00:00
520,15,going,2027-01-07 18:00:00
400,15,interested,2026-09-30 18:00:00
7,15,going,2026-09-19 19:00:00
429,15,interested,2026-09-26 19:00:00
148,15,looking_for_buddy,2026-11-03 20:00:00
644,15,looking_for_buddy,2026-07-05 21:00:00
86,15,looking_for_buddy,2026-09-02 20:00:00
63,16,looking_for_buddy,2026-11-10 21:00:00
182,16,looking_for_buddy,2026-07-28 20:00:00
562,16,interested,2026-08-17 21:00:00
173,16,looking_for_buddy,2026-07-29 18:00:00
204,16,looking_for_buddy,2026-09-12 20:00:00
409,16,looking_for_buddy,2026-10-20 19:00:00
215,16,looking_for_buddy,2026-10-29 18:00:00
308,16,looking_for_buddy,2026-05-31 19:00:00
617,17,looking_for_buddy,2026-11-20 22:00:00
222,17,looking_for_buddy,2026-09-21 19:00:00
238,17,looking_for_buddy,2026-11-05 21:00:00
409,17,going,2026-10-24 19:00:00
249,17,interested,2026-09-16 19:00:00
148,17,looking_for_buddy,2026-11-02 20:00:00
140,17,looking_for_buddy,2026-10-03 19:00:00
536,17,looking_for_buddy,2026-06-09 21:00:00
338,18,interested,2026-08-02 17:00:00
229,18,interested,2026-12-07 21:00:00
282,18,going,2026-11-21 18:00:00
557,18,going,2026-06-16 20:00:00
443,18,going,2026-07-22 20:00:00
228,18,going,2026-06-20 20:00:00
355,18,looking_for_buddy,2026-09-04 18:00:00
293,18,looking_for_buddy,2026-05-25 20:00:00
542,19,going,2026-08-02 20:00:00
522,19,looking_for_buddy,2026-11-29 17:00:00
233,19,looking_for_buddy,2026-05-22 20:00:00
556,19,interested,2027-01-10 21:00:00
409,19,looking_for_buddy,2026-10-13 19:00:00
576,19,interested,2026-05-29 20:00:00
201,19,interested,2026-11-06 17:00:00
113,19,interested,2026-11-30 17:00:00
127,20,interested,2026-08-25 20:00:00
542,20,looking_for_buddy,2026-07-31 20:00:00
32,20,looking_for_buddy,2027-01-05 21:00:00
267,20,looking_for_buddy,2026-10-01 17:00:00
215,20,going,2026-11-01 18:00:00
535,20,looking_for_buddy,2026-09-13 21:00:00
532,20,looking_for_buddy,2026-09-13 17:00:00
61,20,looking_for_buddy,2026-07-09 17:00:00
432,21,looking_for_buddy,2027-01-05 17:00:00
594,21,interested,2026-10-05 20:00:00
274,21,looking_for_buddy,2026-12-24 19:00:00
638,21,going,2026-05-05 22:00:00
405,21,interested,2026-10-01 19:00:00
645,21,going,2026-05-09 23:00:00
277,21,interested,2026-08-06 19:00:00
402,21,going,2026-05-29 17:00:00
285,22,looking_for_buddy,2026-11-12 21:00:00
40,22,looking_for_buddy,2026-10-24 19:00:00
29,22,looking_for_buddy,2026-11-27 19:00:00
88,22,going,2026-06-02 20:00:00
430,22,going,2026-07-06 20:00:00
552,22,interested,2026-10-01 21:00:00
572,22,looking_for_buddy,2026-11-19 19:00:00
385,22,looking_for_buddy,2026-10-02 18:00:00
295,23,going,2026-10-09 17:00:00
568,23,looking_for_buddy,2026-06-09 17:00:00
8,23,looking_for_buddy,2026-06-29 18:00:00
160,23,looking_for_buddy,2026-09-25 18:00:00
6,23,looking_for_buddy,2026-06-13 17:00:00
578,23,looking_for_buddy,2026-09-07 19:00:00
604,23,looking_for_buddy,2026-07-08 21:00:00
514,23,looking_for_buddy,2026-09-11 19:00:00
494,24,going,2026-07-28 21:00:00
413,24,going,2026-07-04 21:00:00
17,24,interested,2026-06-10 18:00:00
78,24,going,2027-01-01 19:00:00
40,24,interested,2026-11-15 19:00:00
88,24,looking_for_buddy,2026-05-26 20:00:00
492,24,looking_for_buddy,2026-11-14 20:00:00
491,24,looking_for_buddy,2026-09-15 18:00:00
105,25,going,2026-06-21 21:00:00
7,25,going,2026-09-30 19:00:00
145,25,looking_for_buddy,2026-07-29 21:00:00
630,25,interested,2026-11-13 21:00:00
183,25,interested,2026-12-23 19:00:00
133,25,going,2026-07-13 19:00:00
186,25,interested,2026-11-20 19:00:00
400,25,looking_for_buddy,2026-09-17 18:00:00
240,26,interested,2026-08-01 19:00:00
105,26,interested,2026-06-16 21:00:00
7,26,interested,2026-09-07 19:00:00
342,26,looking_for_buddy,2027-01-06 19:00:00
204,26,interested,2026-09-13 20:00:00
140,26,looking_for_buddy,2026-10-27 19:00:00
521,26,going,2026-10-17 17:00:00
252,26,looking_for_buddy,2026-06-24 19:00:00
214,27,looking_for_buddy,2026-09-30 19:00:00
158,27,looking_for_buddy,2026-07-21 17:00:00
359,27,going,2026-10-25 19:00:00
25,27,looking_for_buddy,2026-08-16 19:00:00
230,27,looking_for_buddy,2026-06-22 18:00:00
83,27,looking_for_buddy,2026-09-08 19:00:00
340,27,looking_for_buddy,2026-12-23 19:00:00
36,27,looking_for_buddy,2026-06-30 17:00:00
428,28,looking_for_buddy,2026-10-08 20:00:00
600,28,going,2026-06-20 20:00:00
338,28,interested,2026-08-04 17:00:00
229,28,looking_for_buddy,2026-11-28 21:00:00
579,28,looking_for_buddy,2026-10-23 19:00:00
153,28,looking_for_buddy,2026-11-12 19:00:00
582,28,interested,2026-11-27 18:00:00
568,28,looking_for_buddy,2026-07-02 17:00:00
503,29,going,2026-12-24 21:00:00
214,29,going,2026-10-21 19:00:00
177,29,looking_for_buddy,2026-05-31 20:00:00
571,29,going,2026-11-17 19:00:00
132,29,looking_for_buddy,2026-09-26 18:00:00
100,29,looking_for_buddy,2027-01-23 17:00:00
423,29,going,2026-09-30 18:00:00
313,29,going,2026-07-10 19:00:00
36,30,looking_for_buddy,2026-07-07 17:00:00
118,30,looking_for_buddy,2026-08-02 21:00:00
381,30,going,2026-10-23 21:00:00
71,30,interested,2026-08-24 18:00:00
340,30,looking_for_buddy,2026-12-15 19:00:00
378,30,looking_for_buddy,2026-06-29 18:00:00
24,30,looking_for_buddy,2026-07-13 19:00:00
83,30,interested,2026-09-22 19:00:00
192,31,going,2026-11-06 18:00:00
93,31,looking_for_buddy,2026-10-19 19:00:00
291,31,looking_for_buddy,2026-07-05 18:00:00
649,31,going,2026-09-01 23:00:00
101,31,interested,2026-11-29 17:00:00
465,31,going,2026-06-07 19:00:00
489,31,looking_for_buddy,2027-01-07 17:00:00
262,31,going,2026-09-13 19:00:00
125,32,interested,2026-11-15 19:00:00
592,32,looking_for_buddy,2026-07-10 21:00:00
233,32,looking_for_buddy,2026-05-03 20:00:00
612,32,going,2026-11-27 22:00:00
318,32,interested,2026-07-17 19:00:00
570,32,looking_for_buddy,2026-08-15 19:00:00
460,32,looking_for_buddy,2026-05-27 20:00:00
204,32,going,2026-09-11 20:00:00
60,33,going,2026-09-01 21:00:00
304,33,looking_for_buddy,2026-06-10 20:00:00
464,33,interested,2026-09-23 20:00:00
40,33,interested,2026-11-17 19:00:00
107,33,looking_for_buddy,2026-12-01 19:00:00
564,33,looking_for_buddy,2026-10-10 21:00:00
285,33,interested,2026-11-08 21:00:00
236,33,looking_for_buddy,2026-11-14 20:00:00
166,34,going,2026-08-21 17:00:00
151,34,interested,2026-12-28 18:00:00
85,34,going,2026-07-30 18:00:00
510,34,looking_for_buddy,2027-01-03 18:00:00
3,34,interested,2026-08-21 21:00:00
639,34,going,2026-10-12 21:00:00
603,34,going,2026-12-24 20:00:00
47,34,looking_for_buddy,2026-12-16 21:00:00
305,35,looking_for_buddy,2026-12-06 18:00:00
527,35,interested,2026-10-06 20:00:00
226,35,looking_for_buddy,2026-09-19 18:00:00
19,35,looking_for_buddy,2026-09-08 20:00:00
597,35,going,2026-09-25 17:00:00
395,35,going,2026-05-22 19:00:00
334,35,interested,2026-06-29 18:00:00
513,35,interested,2026-06-13 19:00:00
520,36,going,2026-12-17 18:00:00
409,36,looking_for_buddy,2026-10-17 19:00:00
95,36,looking_for_buddy,2026-08-05 21:00:00
105,36,looking_for_buddy,2026-07-03 21:00:00
596,36,going,2026-12-01 21:00:00
197,36,interested,2026-07-21 18:00:00
617,36,looking_for_buddy,2026-11-09 22:00:00
208,36,interested,2026-09-28 19:00:00
376,37,going,2026-06-02 20:00:00
393,37,going,2026-05-16 19:00:00
499,37,interested,2026-07-21 17:00:00
544,37,looking_for_buddy,2026-12-13 20:00:00
108,37,going,2026-07-01 20:00:00
85,37,looking_for_buddy,2026-07-13 18:00:00
645,37,interested,2026-05-22 23:00:00
3,37,looking_for_buddy,2026-08-22 21:00:00
615,38,looking_for_buddy,2026-05-22 22:00:00
648,38,looking_for_buddy,2026-12-27 22:00:00
146,38,looking_for_buddy,2026-07-16 18:00:00
563,38,interested,2026-07-04 18:00:00
249,38,going,2026-09-08 19:00:00
23,38,looking_for_buddy,2026-06-10 19:00:00
267,38,looking_for_buddy,2026-09-25 17:00:00
233,38,looking_for_buddy,2026-05-08 20:00:00
40,39,interested,2026-11-04 19:00:00
53,39,going,2026-10-19 20:00:00
564,39,interested,2026-10-07 21:00:00
149,39,going,2026-09-15 21:00:00
185,39,interested,2026-10-21 18:00:00
413,39,looking_for_buddy,2026-06-28 21:00:00
560,39,looking_for_buddy,2026-12-15 21:00:00
174,39,interested,2026-07-26 20:00:00
267,40,looking_for_buddy,2026-09-12 17:00:00
249,40,going,2026-09-25 19:00:00
356,40,looking_for_buddy,2027-01-13 18:00:00
140,40,looking_for_buddy,2026-10-20 19:00:00
182,40,looking_for_buddy,2026-08-09 20:00:00
173,40,looking_for_buddy,2026-07-23 18:00:00
32,40,looking_for_buddy,2026-12-23 21:00:00
512,40,looking_for_buddy,2026-06-25 21:00:00
101,41,interested,2026-12-06 17:00:00
192,41,looking_for_buddy,2026-11-23 18:00:00
144,41,interested,2026-09-01 21:00:00
87,41,looking_for_buddy,2027-01-01 21:00:00
458,41,going,2026-10-04 18:00:00
88,41,looking_for_buddy,2026-05-14 20:00:00
265,41,going,2026-11-03 18:00:00
161,41,going,2026-11-23 17:00:00
82,42,looking_for_buddy,2026-05-27 21:00:00
357,42,looking_for_buddy,2026-06-15 20:00:00
15,42,interested,2026-07-26 18:00:00
327,42,looking_for_buddy,2026-06-08 19:00:00
461,42,looking_for_buddy,2026-12-02 17:00:00
507,42,interested,2026-12-25 21:00:00
527,42,interested,2026-10-15 20:00:00
628,42,looking_for_buddy,2026-08-02 21:00:00
634,43,going,2026-09-18 22:00:00
556,43,going,2027-01-01 21:00:00
532,43,interested,2026-09-19 17:00:00
541,43,looking_for_buddy,2026-10-29 20:00:00
614,43,interested,2026-09-17 19:00:00
596,43,looking_for_buddy,2026-11-21 21:00:00
281,43,looking_for_buddy,2026-09-06 20:00:00
65,43,looking_for_buddy,2026-11-04 18:00:00
334,44,looking_for_buddy,2026-07-02 18:00:00
223,44,going,2026-11-12 18:00:00
467,44,interested,2026-08-17 17:00:00
456,44,looking_for_buddy,2026-07-11 19:00:00
276,44,interested,2026-12-28 21:00:00
226,44,going,2026-09-20 18:00:00
297,44,looking_for_buddy,2026-11-12 17:00:00
597,44,going,2026-09-03 17:00:00
6,45,looking_for_buddy,2026-06-17 17:00:00
527,45,looking_for_buddy,2026-10-16 20:00:00
456,45,going,2026-07-14 19:00:00
293,45,looking_for_buddy,2026-06-09 20:00:00
9,45,looking_for_buddy,2026-07-22 17:00:00
332,45,looking_for_buddy,2026-11-01 17:00:00
198,45,interested,2026-06-01 17:00:00
575,45,going,2026-07-23 20:00:00
334,46,going,2026-06-18 18:00:00
18,46,interested,2026-10-14 19:00:00
220,46,going,2026-08-15 17:00:00
353,46,looking_for_buddy,2026-05-21 20:00:00
597,46,interested,2026-09-25 17:00:00
19,46,interested,2026-08-21 20:00:00
440,46,looking_for_buddy,2026-06-26 21:00:00
481,46,looking_for_buddy,2026-07-02 18:00:00
432,47,going,2026-12-27 17:00:00
268,47,interested,2026-08-14 18:00:00
307,47,looking_for_buddy,2026-10-24 18:00:00
10,47,going,2026-10-31 17:00:00
157,47,looking_for_buddy,2026-11-25 21:00:00
58,47,going,2026-11-06 20:00:00
309,47,going,2027-01-05 19:00:00
529,47,looking_for_buddy,2026-06-19 17:00:00
411,48,going,2026-07-16 17:00:00
98,48,looking_for_buddy,2026-08-22 17:00:00
519,48,going,2026-10-28 20:00:00
166,48,looking_for_buddy,2026-08-01 17:00:00
274,48,interested,2026-12-27 19:00:00
179,48,looking_for_buddy,2026-09-02 18:00:00
194,48,looking_for_buddy,2026-06-30 19:00:00
92,48,going,2026-12-20 21:00:00
566,49,looking_for_buddy,2026-09-01 18:00:00
62,49,looking_for_buddy,2026-05-14 21:00:00
619,49,going,2026-06-06 22:00:00
296,49,looking_for_buddy,2027-01-12 21:00:00
371,49,looking_for_buddy,2026-12-05 17:00:00
393,49,going,2026-05-19 19:00:00
194,49,interested,2026-07-03 19:00:00
98,49,going,2026-08-22 17:00:00
206,50,looking_for_buddy,2026-10-17 20:00:00
580,50,looking_for_buddy,2026-09-13 19:00:00
571,50,going,2026-11-24 19:00:00
553,50,going,2026-12-09 20:00:00
425,50,looking_for_buddy,2026-07-13 18:00:00
496,50,looking_for_buddy,2026-10-01 20:00:00
412,50,looking_for_buddy,2026-09-07 20:00:00
266,50,looking_for_buddy,2026-12-09 17:00:00
412,51,interested,2026-09-18 20:00:00
14,51,going,2026-08-29 21:00:00
495,51,looking_for_buddy,2026-10-30 21:00:00
36,51,going,2026-06-17 17:00:00
660,51,going,2026-11-26 20:00:00
340,51,looking_for_buddy,2026-12-19 19:00:00
323,51,going,2026-11-12 19:00:00
177,51,interested,2026-05-16 20:00:00
318,52,interested,2026-07-04 19:00:00
342,52,going,2026-12-31 19:00:00
267,52,looking_for_buddy,2026-10-10 17:00:00
521,52,interested,2026-11-11 17:00:00
563,52,interested,2026-06-20 18:00:00
248,52,interested,2026-10-29 21:00:00
450,52,looking_for_buddy,2026-08-29 20:00:00
640,52,interested,2026-08-09 22:00:00
581,53,interested,2026-12-05 20:00:00
515,53,interested,2026-11-29 20:00:00
643,53,looking_for_buddy,2026-08-23 23:00:00
394,53,interested,2026-10-15 17:00:00
239,53,looking_for_buddy,2026-12-15 17:00:00
307,53,looking_for_buddy,2026-10-07 18:00:00
478,53,interested,2026-05-10 20:00:00
179,53,looking_for_buddy,2026-08-22 18:00:00
14,54,going,2026-09-15 21:00:00
214,54,interested,2026-10-19 19:00:00
74,54,going,2026-08-04 19:00:00
475,54,looking_for_buddy,2026-11-29 19:00:00
154,54,looking_for_buddy,2026-09-29 18:00:00
621,54,interested,2026-08-22 23:00:00
623,54,looking_for_buddy,2026-10-22 20:00:00
595,54,looking_for_buddy,2026-09-12 20:00:00
343,55,going,2026-06-24 17:00:00
216,55,looking_for_buddy,2026-09-28 20:00:00
137,55,looking_for_buddy,2026-11-05 20:00:00
170,55,interested,2026-07-20 17:00:00
224,55,interested,2026-08-08 21:00:00
144,55,going,2026-08-20 21:00:00
241,55,interested,2026-06-09 21:00:00
370,55,interested,2026-05-24 19:00:00
597,56,looking_for_buddy,2026-09-25 17:00:00
506,56,looking_for_buddy,2026-08-20 21:00:00
322,56,going,2026-07-20 18:00:00
295,56,going,2026-10-02 17:00:00
142,56,going,2026-07-26 18:00:00
286,56,interested,2026-12-17 20:00:00
507,56,looking_for_buddy,2027-01-05 21:00:00
440,56,looking_for_buddy,2026-06-07 21:00:00
412,57,going,2026-09-20 20:00:00
425,57,interested,2026-06-20 18:00:00
436,57,looking_for_buddy,2026-09-23 21:00:00
553,57,interested,2026-11-29 20:00:00
214,57,looking_for_buddy,2026-10-22 19:00:00
545,57,looking_for_buddy,2026-08-18 20:00:00
218,57,interested,2026-05-27 19:00:00
485,57,interested,2026-08-19 21:00:00
373,58,looking_for_buddy,2026-10-12 19:00:00
105,58,going,2026-06-27 21:00:00
409,58,interested,2026-10-21 19:00:00
203,58,going,2026-12-07 19:00:00
146,58,going,2026-07-04 18:00:00
238,58,going,2026-11-04 21:00:00
267,58,looking_for_buddy,2026-10-10 17:00:00
596,58,looking_for_buddy,2026-12-02 21:00:00
287,59,going,2026-09-01 20:00:00
213,59,looking_for_buddy,2026-08-26 19:00:00
266,59,looking_for_buddy,2026-12-12 17:00:00
340,59,looking_for_buddy,2026-12-16 19:00:00
425,59,looking_for_buddy,2026-07-07 18:00:00
412,59,interested,2026-09-19 20:00:00
154,59,going,2026-09-16 18:00:00
214,59,looking_for_buddy,2026-10-26 19:00:00
444,60,interested,2026-09-07 17:00:00
158,60,interested,2026-08-04 17:00:00
609,60,looking_for_buddy,2026-05-28 22:00:00
312,60,going,2026-06-13 17:00:00
67,60,interested,2026-05-27 20:00:00
154,60,looking_for_buddy,2026-09-20 18:00:00
606,60,looking_for_buddy,2026-08-04 21:00:00
631,60,looking_for_buddy,2026-06-11 22:00:00
493,61,interested,2026-05-18 19:00:00
25,61,going,2026-08-14 19:00:00
425,61,interested,2026-07-04 18:00:00
214,61,interested,2026-10-18 19:00:00
396,61,interested,2026-12-17 18:00:00
313,61,going,2026-06-23 19:00:00
412,61,going,2026-09-17 20:00:00
485,61,going,2026-09-02 21:00:00
600,62,looking_for_buddy,2026-06-23 20:00:00
164,62,going,2026-08-03 19:00:00
568,62,interested,2026-06-19 17:00:00
332,62,looking_for_buddy,2026-11-11 17:00:00
115,62,interested,2026-10-09 17:00:00
457,62,looking_for_buddy,2026-08-29 20:00:00
395,62,interested,2026-05-23 19:00:00
579,62,interested,2026-10-10 19:00:00
415,63,going,2026-07-15 21:00:00
626,63,going,2026-05-29 20:00:00
315,63,interested,2026-06-20 18:00:00
342,63,looking_for_buddy,2026-12-16 19:00:00
589,63,going,2026-09-21 21:00:00
400,63,looking_for_buddy,2026-09-26 18:00:00
86,63,looking_for_buddy,2026-09-03 20:00:00
222,63,interested,2026-10-04 19:00:00
207,64,looking_for_buddy,2027-01-05 20:00:00
26,64,going,2026-08-07 18:00:00
253,64,interested,2026-08-25 17:00:00
528,64,interested,2026-06-23 17:00:00
326,64,going,2026-12-09 21:00:00
166,64,interested,2026-07-31 17:00:00
574,64,interested,2026-10-07 19:00:00
85,64,looking_for_buddy,2026-07-28 18:00:00
633,65,looking_for_buddy,2026-06-19 20:00:00
409,65,interested,2026-10-28 19:00:00
612,65,going,2026-11-15 22:00:00
596,65,looking_for_buddy,2026-12-16 21:00:00
556,65,looking_for_buddy,2027-01-11 21:00:00
105,65,interested,2026-06-30 21:00:00
450,65,going,2026-08-11 20:00:00
654,65,looking_for_buddy,2026-08-13 23:00:00
409,66,interested,2026-10-17 19:00:00
281,66,interested,2026-09-01 20:00:00
614,66,looking_for_buddy,2026-10-03 19:00:00
634,66,looking_for_buddy,2026-10-08 22:00:00
642,66,interested,2026-09-18 21:00:00
51,66,going,2026-09-03 19:00:00
556,66,looking_for_buddy,2027-01-09 21:00:00
348,66,looking_for_buddy,2026-07-30 20:00:00
499,67,looking_for_buddy,2026-06-30 17:00:00
212,67,looking_for_buddy,2026-12-11 19:00:00
243,67,interested,2026-11-24 21:00:00
374,67,looking_for_buddy,2026-06-21 21:00:00
371,67,looking_for_buddy,2026-11-30 17:00:00
284,67,interested,2026-09-23 21:00:00
3,67,going,2026-08-27 21:00:00
466,67,looking_for_buddy,2026-08-15 19:00:00
92,68,interested,2026-12-18 21:00:00
411,68,going,2026-07-09 17:00:00
393,68,going,2026-05-16 19:00:00
544,68,going,2027-01-05 20:00:00
326,68,looking_for_buddy,2026-11-25 21:00:00
573,68,looking_for_buddy,2026-10-16 18:00:00
515,68,going,2026-11-29 20:00:00
566,68,going,2026-08-16 18:00:00
148,69,interested,2026-11-14 20:00:00
344,69,interested,2026-06-29 18:00:00
141,69,looking_for_buddy,2026-09-25 18:00:00
217,69,looking_for_buddy,2026-12-14 18:00:00
240,69,going,2026-08-08 19:00:00
556,69,going,2026-12-23 21:00:00
252,69,going,2026-06-14 19:00:00
363,69,interested,2026-11-07 18:00:00
390,70,looking_for_buddy,2026-10-12 21:00:00
231,70,looking_for_buddy,2026-12-27 18:00:00
646,70,going,2026-11-10 21:00:00
325,70,going,2026-09-25 20:00:00
295,70,going,2026-10-07 17:00:00
8,70,going,2026-07-06 18:00:00
198,70,interested,2026-05-31 17:00:00
578,70,looking_for_buddy,2026-09-11 19:00:00
442,71,looking_for_buddy,2026-05-11 21:00:00
292,71,looking_for_buddy,2027-01-03 19:00:00
114,71,looking_for_buddy,2026-10-16 20:00:00
657,71,looking_for_buddy,2026-11-08 19:00:00
137,71,looking_for_buddy,2026-11-26 20:00:00
192,71,looking_for_buddy,2026-11-07 18:00:00
369,71,looking_for_buddy,2026-12-22 20:00:00
60,71,looking_for_buddy,2026-08-23 21:00:00
181,72,interested,2026-10-30 18:00:00
16,72,interested,2026-06-21 21:00:00
503,72,looking_for_buddy,2026-12-23 21:00:00
609,72,looking_for_buddy,2026-05-20 22:00:00
477,72,looking_for_buddy,2026-06-12 20:00:00
347,72,going,2026-09-13 17:00:00
89,72,looking_for_buddy,2026-11-22 20:00:00
545,72,interested,2026-07-28 20:00:00
595,73,interested,2026-10-01 20:00:00
323,73,going,2026-11-07 19:00:00
214,73,looking_for_buddy,2026-10-05 19:00:00
184,73,looking_for_buddy,2026-10-25 18:00:00
213,73,looking_for_buddy,2026-08-25 19:00:00
313,73,going,2026-06-29 19:00:00
210,73,looking_for_buddy,2026-06-14 21:00:00
441,73,looking_for_buddy,2027-01-04 17:00:00
395,74,looking_for_buddy,2026-05-29 19:00:00
322,74,looking_for_buddy,2026-07-28 18:00:00
327,74,looking_for_buddy,2026-06-02 19:00:00
527,74,going,2026-10-08 20:00:00
467,74,interested,2026-08-31 17:00:00
82,74,looking_for_buddy,2026-05-24 21:00:00
390,74,going,2026-10-19 21:00:00
49,74,going,2026-08-27 18:00:00
192,75,looking_for_buddy,2026-11-19 18:00:00
5,75,going,2026-12-22 19:00:00
40,75,looking_for_buddy,2026-11-13 19:00:00
490,75,looking_for_buddy,2026-07-15 19:00:00
430,75,looking_for_buddy,2026-06-29 20:00:00
537,75,looking_for_buddy,2026-09-04 17:00:00
464,75,looking_for_buddy,2026-09-18 20:00:00
236,75,looking_for_buddy,2026-11-22 20:00:00
485,76,going,2026-09-12 21:00:00
553,76,looking_for_buddy,2026-12-24 20:00:00
609,76,going,2026-05-08 22:00:00
25,76,going,2026-08-14 19:00:00
89,76,going,2026-11-30 20:00:00
214,76,going,2026-10-08 19:00:00
431,76,interested,2026-06-22 20:00:00
196,76,looking_for_buddy,2026-12-30 21:00:00
313,77,going,2026-07-03 19:00:00
495,77,looking_for_buddy,2026-11-15 21:00:00
214,77,looking_for_buddy,2026-10-01 19:00:00
323,77,looking_for_buddy,2026-10-25 19:00:00
423,77,looking_for_buddy,2026-10-06 18:00:00
503,77,looking_for_buddy,2026-12-29 21:00:00
218,77,looking_for_buddy,2026-06-08 19:00:00
595,77,looking_for_buddy,2026-09-10 20:00:00
571,78,interested,2026-11-16 19:00:00
22,78,looking_for_buddy,2026-06-06 17:00:00
359,78,interested,2026-11-19 19:00:00
553,78,interested,2026-12-07 20:00:00
479,78,interested,2026-09-20 19:00:00
167,78,going,2026-12-07 21:00:00
474,78,interested,2026-08-12 18:00:00
152,78,looking_for_buddy,2026-11-27 21:00:00
579,79,going,2026-10-07 19:00:00
129,79,interested,2026-06-23 17:00:00
583,79,interested,2026-07-13 19:00:00
353,79,going,2026-05-27 20:00:00
568,79,going,2026-07-02 17:00:00
457,79,going,2026-08-13 20:00:00
523,79,looking_for_buddy,2026-09-27 19:00:00
59,79,going,2026-08-11 20:00:00
234,80,looking_for_buddy,2026-12-28 18:00:00
229,80,looking_for_buddy,2026-12-06 21:00:00
221,80,going,2026-11-12 20:00:00
568,80,interested,2026-06-27 17:00:00
600,80,going,2026-06-21 20:00:00
457,80,interested,2026-08-20 20:00:00
583,80,interested,2026-06-23 19:00:00
164,80,interested,2026-08-07 19:00:00
585,81,looking_for_buddy,2026-09-22 19:00:00
265,81,interested,2026-10-29 18:00:00
489,81,going,2026-12-19 17:00:00
87,81,looking_for_buddy,2026-12-17 21:00:00
60,81,interested,2026-08-22 21:00:00
88,81,looking_for_buddy,2026-06-07 20:00:00
33,81,going,2026-07-21 17:00:00
192,81,interested,2026-10-29 18:00:00
450,82,looking_for_buddy,2026-08-08 20:00:00
400,82,looking_for_buddy,2026-10-06 18:00:00
315,82,looking_for_buddy,2026-06-22 18:00:00
342,82,going,2027-01-03 19:00:00
86,82,looking_for_buddy,2026-09-09 20:00:00
105,82,looking_for_buddy,2026-07-06 21:00:00
648,82,interested,2027-01-08 22:00:00
644,82,looking_for_buddy,2026-07-09 21:00:00
484,83,interested,2026-06-12 18:00:00
596,83,looking_for_buddy,2026-11-22 21:00:00
267,83,going,2026-09-22 17:00:00
565,83,looking_for_buddy,2027-01-16 18:00:00
248,83,going,2026-10-12 21:00:00
409,83,going,2026-10-13 19:00:00
626,83,interested,2026-06-09 20:00:00
648,83,interested,2027-01-01 22:00:00
537,84,looking_for_buddy,2026-08-26 17:00:00
155,84,looking_for_buddy,2026-05-28 20:00:00
364,84,looking_for_buddy,2027-01-01 19:00:00
458,84,looking_for_buddy,2026-09-24 18:00:00
629,84,looking_for_buddy,2026-08-29 23:00:00
39,84,going,2026-08-13 21:00:00
185,84,interested,2026-10-21 18:00:00
180,84,interested,2026-10-12 19:00:00
233,85,looking_for_buddy,2026-05-16 20:00:00
589,85,going,2026-09-18 21:00:00
532,85,going,2026-10-07 17:00:00
561,85,interested,2026-06-25 21:00:00
484,85,going,2026-06-16 18:00:00
63,85,going,2026-11-12 21:00:00
614,85,going,2026-10-05 19:00:00
612,85,interested,2026-12-09 22:00:00
87,86,interested,2026-12-08 21:00:00
430,86,looking_for_buddy,2026-07-10 20:00:00
458,86,looking_for_buddy,2026-09-29 18:00:00
265,86,looking_for_buddy,2026-10-23 18:00:00
40,86,interested,2026-11-15 19:00:00
161,86,looking_for_buddy,2026-11-13 17:00:00
39,86,looking_for_buddy,2026-08-23 21:00:00
88,86,interested,2026-06-10 20:00:00
184,87,interested,2026-10-29 18:00:00
214,87,going,2026-09-29 19:00:00
607,87,looking_for_buddy,2026-07-05 21:00:00
176,87,looking_for_buddy,2026-06-09 19:00:00
427,87,going,2026-06-09 20:00:00
495,87,interested,2026-10-27 21:00:00
152,87,interested,2026-11-20 21:00:00
595,87,going,2026-10-01 20:00:00
218,88,going,2026-06-07 19:00:00
503,88,looking_for_buddy,2027-01-02 21:00:00
485,88,looking_for_buddy,2026-08-23 21:00:00
214,88,looking_for_buddy,2026-10-17 19:00:00
545,88,going,2026-08-01 20:00:00
425,88,looking_for_buddy,2026-06-25 18:00:00
631,88,going,2026-06-14 22:00:00
431,88,looking_for_buddy,2026-05-27 20:00:00
453,89,going,2026-08-20 18:00:00
65,89,going,2026-11-12 18:00:00
281,89,going,2026-08-26 20:00:00
462,89,interested,2026-09-09 21:00:00
204,89,looking_for_buddy,2026-09-03 20:00:00
556,89,looking_for_buddy,2026-12-29 21:00:00
173,89,looking_for_buddy,2026-07-20 18:00:00
508,89,going,2026-12-16 17:00:00
151,90,interested,2027-01-01 18:00:00
486,90,looking_for_buddy,2026-06-24 20:00:00
277,90,looking_for_buddy,2026-08-10 19:00:00
195,90,interested,2026-12-02 21:00:00
501,90,looking_for_buddy,2026-09-03 17:00:00
374,90,looking_for_buddy,2026-07-11 21:00:00
499,90,interested,2026-07-19 17:00:00
309,90,interested,2026-12-24 19:00:00
208,91,looking_for_buddy,2026-09-10 19:00:00
596,91,looking_for_buddy,2026-11-25 21:00:00
65,91,looking_for_buddy,2026-10-26 18:00:00
318,91,looking_for_buddy,2026-07-12 19:00:00
308,91,looking_for_buddy,2026-05-31 19:00:00
409,91,looking_for_buddy,2026-10-14 19:00:00
429,91,looking_for_buddy,2026-09-15 19:00:00
148,91,looking_for_buddy,2026-11-02 20:00:00
514,92,looking_for_buddy,2026-09-20 19:00:00
135,92,interested,2026-12-18 20:00:00
599,92,interested,2026-12-26 18:00:00
6,92,going,2026-06-11 17:00:00
397,92,interested,2026-11-25 18:00:00
461,92,interested,2026-11-28 17:00:00
434,92,interested,2026-05-18 19:00:00
568,92,going,2026-06-23 17:00:00
214,93,going,2026-10-19 19:00:00
167,93,going,2026-12-15 21:00:00
547,93,looking_for_buddy,2026-07-06 20:00:00
381,93,looking_for_buddy,2026-10-12 21:00:00
83,93,interested,2026-09-16 19:00:00
438,93,looking_for_buddy,2026-12-30 19:00:00
495,93,looking_for_buddy,2026-11-03 21:00:00
571,93,interested,2026-11-19 19:00:00
345,94,interested,2026-08-06 17:00:00
161,94,looking_for_buddy,2026-11-25 17:00:00
17,94,interested,2026-06-05 18:00:00
413,94,going,2026-07-12 21:00:00
170,94,interested,2026-08-11 17:00:00
572,94,interested,2026-11-13 19:00:00
265,94,looking_for_buddy,2026-11-10 18:00:00
546,94,looking_for_buddy,2026-11-15 17:00:00
389,95,looking_for_buddy,2026-09-25 19:00:00
8,95,looking_for_buddy,2026-07-15 18:00:00
13,95,going,2026-09-06 17:00:00
334,95,going,2026-06-20 18:00:00
295,95,looking_for_buddy,2026-09-30 17:00:00
448,95,going,2026-10-19 20:00:00
115,95,going,2026-11-01 17:00:00
122,95,looking_for_buddy,2026-07-14 17:00:00
277,96,going,2026-08-16 19:00:00
98,96,going,2026-09-09 17:00:00
432,96,interested,2026-12-25 17:00:00
130,96,going,2026-09-22 18:00:00
47,96,looking_for_buddy,2026-12-27 21:00:00
46,96,interested,2026-09-17 19:00:00
253,96,looking_for_buddy,2026-08-29 17:00:00
3,96,interested,2026-09-02 21:00:00
6,97,interested,2026-06-12 17:00:00
538,97,looking_for_buddy,2026-10-25 19:00:00
568,97,interested,2026-06-09 17:00:00
434,97,interested,2026-05-19 19:00:00
357,97,looking_for_buddy,2026-07-02 20:00:00
579,97,looking_for_buddy,2026-10-28 19:00:00
526,97,going,2026-07-30 21:00:00
295,97,looking_for_buddy,2026-09-18 17:00:00
146,98,looking_for_buddy,2026-06-30 18:00:00
348,98,looking_for_buddy,2026-07-31 20:00:00
272,98,interested,2026-12-30 17:00:00
542,98,interested,2026-08-03 20:00:00
399,98,looking_for_buddy,2026-09-04 18:00:00
267,98,interested,2026-09-27 17:00:00
373,98,looking_for_buddy,2026-10-28 19:00:00
554,98,looking_for_buddy,2026-08-28 21:00:00
464,99,looking_for_buddy,2026-09-08 20:00:00
321,99,looking_for_buddy,2026-05-23 17:00:00
549,99,going,2026-08-17 17:00:00
311,99,interested,2026-06-15 20:00:00
292,99,looking_for_buddy,2027-01-04 19:00:00
236,99,interested,2026-11-26 20:00:00
137,99,going,2026-11-07 20:00:00
572,99,interested,2026-11-14 19:00:00
330,100,looking_for_buddy,2026-11-30 20:00:00
37,100,looking_for_buddy,2026-06-18 19:00:00
612,100,looking_for_buddy,2026-12-01 22:00:00
520,100,looking_for_buddy,2027-01-11 18:00:00
148,100,interested,2026-11-17 20:00:00
429,100,going,2026-09-22 19:00:00
186,100,interested,2026-11-28 19:00:00
111,100,interested,2026-06-28 21:00:00
656,101,going,2026-09-30 23:00:00
561,101,going,2026-06-09 21:00:00
542,101,looking_for_buddy,2026-07-28 20:00:00
356,101,interested,2027-01-02 18:00:00
589,101,going,2026-09-13 21:00:00
69,101,interested,2026-08-11 20:00:00
562,101,interested,2026-08-18 21:00:00
272,101,looking_for_buddy,2026-12-25 17:00:00
511,102,interested,2026-12-31 17:00:00
595,102,looking_for_buddy,2026-09-23 20:00:00
214,102,looking_for_buddy,2026-10-09 19:00:00
495,102,looking_for_buddy,2026-10-26 21:00:00
577,102,looking_for_buddy,2026-07-26 17:00:00
323,102,interested,2026-11-12 19:00:00
89,102,looking_for_buddy,2026-11-27 20:00:00
294,102,looking_for_buddy,2026-11-03 17:00:00
229,103,interested,2026-11-15 21:00:00
470,103,going,2026-09-08 18:00:00
282,103,interested,2026-11-19 18:00:00
568,103,looking_for_buddy,2026-06-15 17:00:00
527,103,looking_for_buddy,2026-10-28 20:00:00
15,103,going,2026-07-29 18:00:00
225,103,interested,2026-06-05 17:00:00
550,103,looking_for_buddy,2026-08-08 17:00:00
102,104,looking_for_buddy,2026-08-18 17:00:00
486,104,going,2026-07-03 20:00:00
10,104,interested,2026-11-02 17:00:00
504,104,looking_for_buddy,2026-12-02 21:00:00
46,104,going,2026-09-10 19:00:00
194,104,interested,2026-06-19 19:00:00
435,104,interested,2026-08-12 18:00:00
510,104,going,2026-12-20 18:00:00
588,105,looking_for_buddy,2026-10-11 18:00:00
469,105,going,2026-10-12 20:00:00
499,105,interested,2026-07-04 17:00:00
610,105,looking_for_buddy,2026-08-02 19:00:00
62,105,looking_for_buddy,2026-05-18 21:00:00
212,105,interested,2026-12-31 19:00:00
645,105,looking_for_buddy,2026-05-13 23:00:00
339,105,going,2026-08-18 19:00:00
452,106,interested,2026-06-06 20:00:00
393,106,interested,2026-05-29 19:00:00
528,106,looking_for_buddy,2026-06-20 17:00:00
3,106,looking_for_buddy,2026-08-20 21:00:00
277,106,going,2026-07-30 19:00:00
259,106,interested,2026-07-07 17:00:00
566,106,going,2026-09-01 18:00:00
253,106,going,2026-08-07 17:00:00
369,107,going,2026-12-19 20:00:00
546,107,looking_for_buddy,2026-11-19 17:00:00
149,107,looking_for_buddy,2026-09-06 21:00:00
370,107,looking_for_buddy,2026-05-12 19:00:00
236,107,looking_for_buddy,2026-11-16 20:00:00
491,107,interested,2026-08-30 18:00:00
5,107,looking_for_buddy,2026-12-23 19:00:00
256,107,looking_for_buddy,2026-07-26 17:00:00
491,108,interested,2026-09-06 18:00:00
262,108,looking_for_buddy,2026-09-11 19:00:00
216,108,looking_for_buddy,2026-10-06 20:00:00
155,108,looking_for_buddy,2026-05-29 20:00:00
265,108,interested,2026-10-20 18:00:00
88,108,going,2026-05-28 20:00:00
433,108,going,2026-09-20 21:00:00
329,108,looking_for_buddy,2026-09-14 21:00:00
503,109,interested,2026-12-22 21:00:00
347,109,looking_for_buddy,2026-09-14 17:00:00
425,109,interested,2026-06-29 18:00:00
624,109,interested,2026-11-19 21:00:00
22,109,interested,2026-05-20 17:00:00
359,109,going,2026-11-14 19:00:00
247,109,interested,2026-08-10 17:00:00
67,109,looking_for_buddy,2026-05-24 20:00:00
365,110,going,2026-06-10 19:00:00
65,110,going,2026-11-13 18:00:00
126,110,looking_for_buddy,2026-11-11 18:00:00
484,110,looking_for_buddy,2026-05-31 18:00:00
240,110,interested,2026-07-28 19:00:00
324,110,interested,2026-11-26 20:00:00
86,110,looking_for_buddy,2026-09-13 20:00:00
145,110,going,2026-08-19 21:00:00
188,111,looking_for_buddy,2026-07-05 21:00:00
287,111,looking_for_buddy,2026-09-10 20:00:00
493,111,looking_for_buddy,2026-05-15 19:00:00
381,111,going,2026-10-30 21:00:00
621,111,interested,2026-08-25 23:00:00
74,111,looking_for_buddy,2026-07-15 19:00:00
580,111,looking_for_buddy,2026-09-15 19:00:00
213,111,looking_for_buddy,2026-08-18 19:00:00
281,112,interested,2026-08-28 20:00:00
460,112,looking_for_buddy,2026-05-30 20:00:00
596,112,going,2026-12-17 21:00:00
222,112,looking_for_buddy,2026-09-30 19:00:00
533,112,looking_for_buddy,2026-06-28 17:00:00
508,112,interested,2026-12-25 17:00:00
611,112,looking_for_buddy,2026-06-09 21:00:00
233,112,looking_for_buddy,2026-05-17 20:00:00
413,113,looking_for_buddy,2026-07-11 21:00:00
368,113,looking_for_buddy,2026-09-20 19:00:00
392,113,interested,2026-08-06 21:00:00
155,113,going,2026-06-01 20:00:00
490,113,going,2026-08-09 19:00:00
68,113,going,2026-06-16 20:00:00
537,113,interested,2026-09-07 17:00:00
552,113,interested,2026-09-29 21:00:00
594,114,interested,2026-09-10 20:00:00
645,114,looking_for_buddy,2026-05-31 23:00:00
510,114,looking_for_buddy,2026-12-20 18:00:00
191,114,looking_for_buddy,2026-11-25 20:00:00
387,114,looking_for_buddy,2026-08-13 18:00:00
102,114,looking_for_buddy,2026-08-15 17:00:00
504,114,interested,2026-11-28 21:00:00
120,114,looking_for_buddy,2026-08-07 21:00:00
214,115,going,2026-10-01 19:00:00
27,115,looking_for_buddy,2026-10-15 17:00:00
184,115,interested,2026-10-26 18:00:00
44,115,interested,2026-06-06 19:00:00
177,115,interested,2026-05-10 20:00:00
495,115,interested,2026-11-15 21:00:00
118,115,interested,2026-08-09 21:00:00
511,115,looking_for_buddy,2026-12-31 17:00:00
599,116,looking_for_buddy,2026-12-12 18:00:00
153,116,looking_for_buddy,2026-11-18 19:00:00
523,116,looking_for_buddy,2026-10-11 19:00:00
338,116,looking_for_buddy,2026-07-11 17:00:00
514,116,looking_for_buddy,2026-09-05 19:00:00
117,116,looking_for_buddy,2026-08-28 17:00:00
384,116,looking_for_buddy,2026-12-24 18:00:00
568,116,looking_for_buddy,2026-06-16 17:00:00
515,117,looking_for_buddy,2026-11-12 20:00:00
432,117,looking_for_buddy,2026-12-23 17:00:00
307,117,going,2026-10-20 18:00:00
529,117,looking_for_buddy,2026-06-23 17:00:00
480,117,looking_for_buddy,2026-08-01 20:00:00
339,117,looking_for_buddy,2026-08-10 19:00:00
393,117,looking_for_buddy,2026-05-10 19:00:00
505,117,going,2026-12-02 21:00:00
222,118,looking_for_buddy,2026-10-18 19:00:00
612,118,going,2026-11-17 22:00:00
429,118,looking_for_buddy,2026-10-05 19:00:00
11,118,going,2026-09-16 19:00:00
335,118,looking_for_buddy,2026-05-30 19:00:00
215,118,interested,2026-11-11 18:00:00
61,118,looking_for_buddy,2026-07-29 17:00:00
361,118,looking_for_buddy,2026-10-11 17:00:00
188,119,looking_for_buddy,2026-06-14 21:00:00
154,119,looking_for_buddy,2026-09-13 18:00:00
412,119,interested,2026-09-13 20:00:00
587,119,going,2026-10-10 17:00:00
496,119,interested,2026-10-28 20:00:00
132,119,interested,2026-09-15 18:00:00
214,119,interested,2026-10-06 19:00:00
20,119,looking_for_buddy,2026-11-26 20:00:00
177,120,interested,2026-05-09 20:00:00
477,120,looking_for_buddy,2026-06-10 20:00:00
84,120,interested,2026-06-11 20:00:00
511,120,looking_for_buddy,2026-12-13 17:00:00
422,120,going,2026-07-15 20:00:00
571,120,looking_for_buddy,2026-12-04 19:00:00
74,120,going,2026-08-07 19:00:00
176,120,looking_for_buddy,2026-07-02 19:00:00
238,121,looking_for_buddy,2026-11-07 21:00:00
563,121,looking_for_buddy,2026-07-02 18:00:00
363,121,looking_for_buddy,2026-10-29 18:00:00
197,121,going,2026-07-02 18:00:00
630,121,interested,2026-11-16 21:00:00
542,121,looking_for_buddy,2026-08-04 20:00:00
240,121,looking_for_buddy,2026-08-13 19:00:00
640,121,interested,2026-08-31 22:00:00
562,122,looking_for_buddy,2026-07-24 21:00:00
589,122,looking_for_buddy,2026-09-17 21:00:00
576,122,going,2026-05-31 20:00:00
267,122,going,2026-10-10 17:00:00
233,122,looking_for_buddy,2026-05-29 20:00:00
399,122,going,2026-09-03 18:00:00
596,122,looking_for_buddy,2026-12-18 21:00:00
289,122,interested,2026-09-27 17:00:00
459,123,looking_for_buddy,2026-12-20 20:00:00
640,123,going,2026-08-08 22:00:00
542,123,looking_for_buddy,2026-07-30 20:00:00
208,123,looking_for_buddy,2026-09-10 19:00:00
267,123,going,2026-09-19 17:00:00
361,123,interested,2026-10-10 17:00:00
648,123,looking_for_buddy,2027-01-08 22:00:00
409,123,going,2026-10-25 19:00:00
619,124,going,2026-06-09 22:00:00
62,124,looking_for_buddy,2026-05-14 21:00:00
195,124,interested,2026-12-22 21:00:00
645,124,interested,2026-06-05 23:00:00
469,124,looking_for_buddy,2026-10-22 20:00:00
274,124,looking_for_buddy,2026-12-28 19:00:00
284,124,looking_for_buddy,2026-09-20 21:00:00
404,124,going,2026-10-15 20:00:00
615,125,going,2026-05-03 22:00:00
335,125,looking_for_buddy,2026-06-24 19:00:00
348,125,interested,2026-07-23 20:00:00
233,125,going,2026-05-28 20:00:00
611,125,looking_for_buddy,2026-06-21 21:00:00
95,125,going,2026-07-16 21:00:00
222,125,looking_for_buddy,2026-10-12 19:00:00
197,125,looking_for_buddy,2026-06-26 18:00:00
237,126,interested,2026-09-22 19:00:00
432,126,interested,2026-12-31 17:00:00
452,126,interested,2026-06-14 20:00:00
243,126,looking_for_buddy,2026-11-28 21:00:00
277,126,looking_for_buddy,2026-07-25 19:00:00
62,126,going,2026-06-03 21:00:00
645,126,interested,2026-05-12 23:00:00
300,126,looking_for_buddy,2027-01-13 19:00:00
153,127,going,2026-11-12 19:00:00
338,127,interested,2026-07-27 17:00:00
419,127,going,2026-06-01 20:00:00
15,127,interested,2026-08-09 18:00:00
357,127,interested,2026-07-01 20:00:00
286,127,interested,2027-01-05 20:00:00
117,127,interested,2026-09-06 17:00:00
428,127,going,2026-10-31 20:00:00
25,128,going,2026-07-26 19:00:00
425,128,going,2026-07-05 18:00:00
624,128,going,2026-10-29 21:00:00
359,128,looking_for_buddy,2026-10-31 19:00:00
412,128,going,2026-09-11 20:00:00
205,128,going,2026-12-13 21:00:00
503,128,going,2026-12-15 21:00:00
118,128,looking_for_buddy,2026-07-25 21:00:00
36,129,going,2026-06-25 17:00:00
607,129,looking_for_buddy,2026-07-05 21:00:00
44,129,looking_for_buddy,2026-06-08 19:00:00
595,129,looking_for_buddy,2026-09-06 20:00:00
310,129,interested,2026-08-25 17:00:00
230,129,looking_for_buddy,2026-06-10 18:00:00
495,129,interested,2026-11-12 21:00:00
381,129,going,2026-11-06 21:00:00
328,130,interested,2026-12-02 18:00:00
50,130,looking_for_buddy,2026-05-22 21:00:00
179,130,going,2026-09-06 18:00:00
432,130,going,2026-12-22 17:00:00
499,130,looking_for_buddy,2026-07-06 17:00:00
404,130,looking_for_buddy,2026-10-25 20:00:00
243,130,going,2026-12-01 21:00:00
92,130,looking_for_buddy,2026-12-04 21:00:00
120,131,going,2026-08-05 21:00:00
497,131,looking_for_buddy,2026-11-13 19:00:00
3,131,going,2026-08-15 21:00:00
374,131,going,2026-07-18 21:00:00
268,131,interested,2026-08-12 18:00:00
156,131,looking_for_buddy,2026-05-17 20:00:00
339,131,looking_for_buddy,2026-08-11 19:00:00
130,131,interested,2026-10-09 18:00:00
194,132,going,2026-07-01 19:00:00
166,132,looking_for_buddy,2026-08-10 17:00:00
480,132,interested,2026-08-09 20:00:00
46,132,interested,2026-09-16 19:00:00
300,132,going,2027-01-21 19:00:00
195,132,looking_for_buddy,2026-12-22 21:00:00
405,132,looking_for_buddy,2026-10-03 19:00:00
151,132,looking_for_buddy,2027-01-24 18:00:00
204,133,interested,2026-08-27 20:00:00
11,133,looking_for_buddy,2026-09-20 19:00:00
533,133,looking_for_buddy,2026-07-14 17:00:00
141,133,looking_for_buddy,2026-09-12 18:00:00
257,133,interested,2026-10-25 18:00:00
484,133,interested,2026-05-31 18:00:00
342,133,interested,2027-01-06 19:00:00
362,133,interested,2026-06-01 21:00:00
430,134,going,2026-07-11 20:00:00
81,134,looking_for_buddy,2026-05-21 20:00:00
537,134,looking_for_buddy,2026-08-22 17:00:00
482,134,looking_for_buddy,2026-09-15 18:00:00
657,134,going,2026-11-08 19:00:00
97,134,going,2026-10-23 19:00:00
155,134,looking_for_buddy,2026-06-05 20:00:00
53,134,interested,2026-10-27 20:00:00
139,135,looking_for_buddy,2026-09-22 19:00:00
263,135,interested,2026-07-17 17:00:00
603,135,interested,2026-12-08 20:00:00
264,135,looking_for_buddy,2026-06-17 21:00:00
242,135,going,2026-12-03 19:00:00
620,135,interested,2026-11-14 21:00:00
102,135,interested,2026-07-27 17:00:00
169,135,interested,2026-06-29 17:00:00
313,136,looking_for_buddy,2026-06-29 19:00:00
67,136,going,2026-05-13 20:00:00
312,136,looking_for_buddy,2026-06-20 17:00:00
618,136,interested,2026-08-15 20:00:00
181,136,looking_for_buddy,2026-10-28 18:00:00
14,136,interested,2026-08-31 21:00:00
621,136,looking_for_buddy,2026-09-16 23:00:00
214,136,interested,2026-10-02 19:00:00
617,137,looking_for_buddy,2026-11-11 22:00:00
182,137,interested,2026-08-05 20:00:00
204,137,interested,2026-08-22 20:00:00
453,137,interested,2026-08-11 18:00:00
615,137,looking_for_buddy,2026-05-30 22:00:00
650,137,going,2026-09-18 19:00:00
252,137,going,2026-06-11 19:00:00
342,137,going,2026-12-19 19:00:00
62,138,looking_for_buddy,2026-06-01 21:00:00
120,138,looking_for_buddy,2026-08-06 21:00:00
393,138,looking_for_buddy,2026-05-17 19:00:00
480,138,looking_for_buddy,2026-08-21 20:00:00
317,138,going,2026-09-14 20:00:00
195,138,looking_for_buddy,2026-12-22 21:00:00
50,138,interested,2026-05-19 21:00:00
504,138,going,2026-11-23 21:00:00
249,139,looking_for_buddy,2026-09-16 19:00:00
186,139,interested,2026-11-19 19:00:00
11,139,looking_for_buddy,2026-10-08 19:00:00
533,139,going,2026-06-25 17:00:00
257,139,looking_for_buddy,2026-11-03 18:00:00
462,139,going,2026-09-12 21:00:00
617,139,looking_for_buddy,2026-11-09 22:00:00
429,139,looking_for_buddy,2026-10-01 19:00:00
51,140,looking_for_buddy,2026-08-24 19:00:00
659,140,going,2026-11-21 23:00:00
362,140,looking_for_buddy,2026-06-15 21:00:00
409,140,looking_for_buddy,2026-10-14 19:00:00
570,140,interested,2026-08-12 19:00:00
556,140,going,2026-12-30 21:00:00
614,140,looking_for_buddy,2026-09-26 19:00:00
634,140,going,2026-09-15 22:00:00
559,141,looking_for_buddy,2026-08-20 18:00:00
578,141,looking_for_buddy,2026-08-29 19:00:00
8,141,looking_for_buddy,2026-07-02 18:00:00
122,141,going,2026-07-20 17:00:00
461,141,interested,2026-12-05 17:00:00
456,141,going,2026-07-12 19:00:00
295,141,going,2026-09-24 17:00:00
604,141,going,2026-07-11 21:00:00
194,142,going,2026-07-12 19:00:00
544,142,interested,2027-01-07 20:00:00
411,142,interested,2026-07-17 17:00:00
92,142,going,2026-12-03 21:00:00
504,142,going,2026-12-04 21:00:00
573,142,looking_for_buddy,2026-10-17 18:00:00
386,142,interested,2026-10-27 19:00:00
26,142,looking_for_buddy,2026-08-10 18:00:00
235,143,interested,2026-08-19 21:00:00
655,143,going,2026-06-06 19:00:00
619,143,interested,2026-06-30 22:00:00
274,143,interested,2026-12-21 19:00:00
529,143,looking_for_buddy,2026-06-15 17:00:00
328,143,going,2026-11-04 18:00:00
643,143,looking_for_buddy,2026-08-29 23:00:00
566,143,looking_for_buddy,2026-08-23 18:00:00
195,144,interested,2026-12-02 21:00:00
594,144,going,2026-09-07 20:00:00
151,144,interested,2027-01-19 18:00:00
620,144,looking_for_buddy,2026-11-17 21:00:00
102,144,looking_for_buddy,2026-08-09 17:00:00
480,144,going,2026-08-06 20:00:00
653,144,going,2026-10-30 23:00:00
476,144,looking_for_buddy,2026-12-15 18:00:00
621,145,looking_for_buddy,2026-09-17 23:00:00
158,145,looking_for_buddy,2026-08-12 17:00:00
214,145,looking_for_buddy,2026-10-09 19:00:00
340,145,interested,2026-12-21 19:00:00
416,145,interested,2026-06-26 19:00:00
495,145,looking_for_buddy,2026-10-26 21:00:00
511,145,going,2027-01-05 17:00:00
83,145,looking_for_buddy,2026-09-29 19:00:00
296,146,looking_for_buddy,2027-01-13 21:00:00
602,146,looking_for_buddy,2026-09-10 21:00:00
480,146,going,2026-08-08 20:00:00
178,146,going,2026-05-31 20:00:00
637,146,going,2026-09-23 23:00:00
98,146,interested,2026-08-23 17:00:00
544,146,going,2026-12-29 20:00:00
169,146,looking_for_buddy,2026-06-26 17:00:00
393,147,going,2026-05-26 19:00:00
306,147,looking_for_buddy,2026-08-05 18:00:00
92,147,going,2026-12-23 21:00:00
573,147,going,2026-10-22 18:00:00
194,147,looking_for_buddy,2026-07-10 19:00:00
3,147,looking_for_buddy,2026-08-29 21:00:00
566,147,looking_for_buddy,2026-08-22 18:00:00
326,147,interested,2026-12-15 21:00:00
328,148,interested,2026-11-22 18:00:00
151,148,going,2027-01-09 18:00:00
274,148,interested,2026-12-13 19:00:00
540,148,interested,2026-05-29 17:00:00
420,148,going,2026-08-17 21:00:00
387,148,looking_for_buddy,2026-08-31 18:00:00
239,148,going,2026-12-15 17:00:00
102,148,going,2026-08-11 17:00:00
520,149,looking_for_buddy,2026-12-17 18:00:00
335,149,going,2026-06-21 19:00:00
429,149,looking_for_buddy,2026-09-18 19:00:00
484,149,looking_for_buddy,2026-06-12 18:00:00
348,149,going,2026-07-25 20:00:00
616,149,looking_for_buddy,2026-10-22 19:00:00
65,149,looking_for_buddy,2026-10-20 18:00:00
640,149,interested,2026-08-29 22:00:00
68,150,looking_for_buddy,2026-06-03 20:00:00
304,150,looking_for_buddy,2026-06-30 20:00:00
236,150,looking_for_buddy,2026-11-17 20:00:00
291,150,interested,2026-06-21 18:00:00
627,150,looking_for_buddy,2026-06-21 22:00:00
192,150,going,2026-11-09 18:00:00
464,150,looking_for_buddy,2026-09-13 20:00:00
375,150,going,2026-11-03 17:00:00
139,151,going,2026-09-13 19:00:00
314,151,going,2026-10-27 21:00:00
136,151,interested,2026-08-23 21:00:00
3,151,interested,2026-08-07 21:00:00
501,151,interested,2026-08-16 17:00:00
504,151,looking_for_buddy,2026-11-16 21:00:00
658,151,interested,2026-08-29 23:00:00
120,151,looking_for_buddy,2026-07-28 21:00:00
212,152,looking_for_buddy,2026-12-31 19:00:00
194,152,interested,2026-07-10 19:00:00
610,152,going,2026-07-30 19:00:00
136,152,looking_for_buddy,2026-08-26 21:00:00
333,152,interested,2026-05-18 20:00:00
50,152,going,2026-05-15 21:00:00
645,152,looking_for_buddy,2026-05-19 23:00:00
336,152,going,2026-12-27 18:00:00
214,153,looking_for_buddy,2026-10-06 19:00:00
660,153,interested,2026-12-13 20:00:00
624,153,looking_for_buddy,2026-11-14 21:00:00
444,153,looking_for_buddy,2026-08-18 17:00:00
502,153,looking_for_buddy,2026-09-04 20:00:00
275,153,looking_for_buddy,2026-08-14 21:00:00
118,153,looking_for_buddy,2026-08-14 21:00:00
359,153,going,2026-11-11 19:00:00
364,154,going,2027-01-09 19:00:00
77,154,looking_for_buddy,2026-11-01 18:00:00
170,154,going,2026-08-13 17:00:00
97,154,looking_for_buddy,2026-11-05 19:00:00
494,154,interested,2026-08-23 21:00:00
491,154,looking_for_buddy,2026-09-22 18:00:00
564,154,interested,2026-09-30 21:00:00
552,154,looking_for_buddy,2026-09-23 21:00:00
40,155,looking_for_buddy,2026-10-31 19:00:00
262,155,going,2026-09-12 19:00:00
627,155,interested,2026-06-28 22:00:00
464,155,interested,2026-08-30 20:00:00
343,155,going,2026-06-06 17:00:00
185,155,interested,2026-10-08 18:00:00
216,155,looking_for_buddy,2026-09-24 20:00:00
442,155,looking_for_buddy,2026-05-24 21:00:00
652,156,interested,2026-09-02 23:00:00
537,156,looking_for_buddy,2026-08-13 17:00:00
491,156,looking_for_buddy,2026-09-07 18:00:00
174,156,looking_for_buddy,2026-07-28 20:00:00
585,156,interested,2026-08-30 19:00:00
33,156,looking_for_buddy,2026-08-01 17:00:00
107,156,looking_for_buddy,2026-11-09 19:00:00
319,156,interested,2027-01-03 18:00:00
174,157,looking_for_buddy,2026-08-10 20:00:00
137,157,looking_for_buddy,2026-11-24 20:00:00
649,157,looking_for_buddy,2026-08-14 23:00:00
392,157,looking_for_buddy,2026-08-17 21:00:00
292,157,looking_for_buddy,2026-12-18 19:00:00
144,157,looking_for_buddy,2026-09-02 21:00:00
534,157,interested,2026-10-27 18:00:00
114,157,interested,2026-10-24 20:00:00
615,158,interested,2026-05-03 22:00:00
626,158,looking_for_buddy,2026-05-28 20:00:00
105,158,looking_for_buddy,2026-07-02 21:00:00
342,158,interested,2027-01-08 19:00:00
80,158,going,2026-06-11 20:00:00
335,158,going,2026-06-08 19:00:00
484,158,looking_for_buddy,2026-06-16 18:00:00
183,158,interested,2026-12-19 19:00:00
411,159,looking_for_buddy,2026-07-16 17:00:00
296,159,looking_for_buddy,2027-01-10 21:00:00
50,159,interested,2026-06-02 21:00:00
41,159,looking_for_buddy,2026-11-18 17:00:00
96,159,going,2026-09-29 19:00:00
376,159,looking_for_buddy,2026-05-26 20:00:00
504,159,looking_for_buddy,2026-11-17 21:00:00
573,159,looking_for_buddy,2026-10-21 18:00:00
374,160,looking_for_buddy,2026-06-28 21:00:00
253,160,going,2026-08-13 17:00:00
466,160,looking_for_buddy,2026-08-19 19:00:00
386,160,going,2026-10-28 19:00:00
328,160,going,2026-11-09 18:00:00
639,160,looking_for_buddy,2026-10-03 21:00:00
268,160,going,2026-08-20 18:00:00
404,160,looking_for_buddy,2026-10-10 20:00:00
326,161,looking_for_buddy,2026-11-24 21:00:00
544,161,looking_for_buddy,2026-12-17 20:00:00
306,161,looking_for_buddy,2026-08-06 18:00:00
307,161,looking_for_buddy,2026-09-29 18:00:00
637,161,interested,2026-09-20 23:00:00
573,161,looking_for_buddy,2026-10-15 18:00:00
166,161,interested,2026-08-23 17:00:00
574,161,interested,2026-10-07 19:00:00
587,162,looking_for_buddy,2026-10-22 17:00:00
21,162,looking_for_buddy,2026-07-30 21:00:00
214,162,going,2026-10-17 19:00:00
83,162,interested,2026-10-01 19:00:00
495,162,interested,2026-11-10 21:00:00
118,162,interested,2026-08-17 21:00:00
444,162,interested,2026-09-08 17:00:00
323,162,interested,2026-11-20 19:00:00
249,163,going,2026-09-25 19:00:00
453,163,looking_for_buddy,2026-08-14 18:00:00
203,163,looking_for_buddy,2026-12-01 19:00:00
589,163,going,2026-09-09 21:00:00
612,163,looking_for_buddy,2026-12-03 22:00:00
656,163,interested,2026-09-08 23:00:00
659,163,looking_for_buddy,2026-11-09 23:00:00
65,163,going,2026-11-03 18:00:00
364,164,interested,2027-01-11 19:00:00
236,164,looking_for_buddy,2026-12-06 20:00:00
39,164,looking_for_buddy,2026-08-18 21:00:00
200,164,looking_for_buddy,2026-10-15 20:00:00
174,164,looking_for_buddy,2026-07-23 20:00:00
375,164,interested,2026-10-21 17:00:00
245,164,going,2026-11-12 20:00:00
78,164,interested,2027-01-09 19:00:00
634,165,looking_for_buddy,2026-10-11 22:00:00
556,165,interested,2027-01-10 21:00:00
563,165,going,2026-07-04 18:00:00
614,165,going,2026-10-06 19:00:00
640,165,looking_for_buddy,2026-09-03 22:00:00
95,165,going,2026-07-27 21:00:00
659,165,going,2026-11-26 23:00:00
462,165,looking_for_buddy,2026-09-08 21:00:00
94,166,going,2026-07-09 18:00:00
395,166,going,2026-06-07 19:00:00
597,166,going,2026-09-28 17:00:00
527,166,looking_for_buddy,2026-10-25 20:00:00
524,166,going,2026-08-06 19:00:00
226,166,looking_for_buddy,2026-09-23 18:00:00
49,166,interested,2026-08-20 18:00:00
590,166,looking_for_buddy,2026-07-12 17:00:00
18,167,going,2026-09-30 19:00:00
334,167,looking_for_buddy,2026-06-15 18:00:00
122,167,looking_for_buddy,2026-07-10 17:00:00
527,167,looking_for_buddy,2026-10-09 20:00:00
440,167,looking_for_buddy,2026-06-09 21:00:00
305,167,looking_for_buddy,2026-12-06 18:00:00
506,167,going,2026-08-28 21:00:00
226,167,looking_for_buddy,2026-09-13 18:00:00
235,168,interested,2026-08-16 21:00:00
379,168,interested,2026-11-02 20:00:00
619,168,looking_for_buddy,2026-06-28 22:00:00
510,168,looking_for_buddy,2026-12-21 18:00:00
102,168,looking_for_buddy,2026-08-02 17:00:00
212,168,going,2026-12-21 19:00:00
31,168,looking_for_buddy,2026-08-19 17:00:00
242,168,interested,2026-11-12 19:00:00
334,169,going,2026-07-07 18:00:00
579,169,looking_for_buddy,2026-10-17 19:00:00
19,169,looking_for_buddy,2026-09-18 20:00:00
225,169,interested,2026-06-18 17:00:00
295,169,looking_for_buddy,2026-10-07 17:00:00
543,169,interested,2027-01-03 19:00:00
229,169,going,2026-12-02 21:00:00
506,169,going,2026-08-13 21:00:00
432,170,looking_for_buddy,2026-12-13 17:00:00
371,170,looking_for_buddy,2026-11-30 17:00:00
452,170,looking_for_buddy,2026-06-20 20:00:00
307,170,looking_for_buddy,2026-10-24 18:00:00
52,170,looking_for_buddy,2026-12-09 20:00:00
645,170,looking_for_buddy,2026-05-16 23:00:00
466,170,interested,2026-08-12 19:00:00
404,170,looking_for_buddy,2026-09-30 20:00:00
364,171,looking_for_buddy,2027-01-08 19:00:00
262,171,looking_for_buddy,2026-08-29 19:00:00
489,171,looking_for_buddy,2027-01-07 17:00:00
265,171,looking_for_buddy,2026-11-07 18:00:00
192,171,interested,2026-11-11 18:00:00
161,171,looking_for_buddy,2026-11-06 17:00:00
101,171,looking_for_buddy,2026-11-22 17:00:00
464,171,going,2026-09-23 20:00:00
503,172,interested,2026-12-13 21:00:00
177,172,looking_for_buddy,2026-05-23 20:00:00
175,172,looking_for_buddy,2026-08-24 17:00:00
132,172,looking_for_buddy,2026-09-12 18:00:00
67,172,interested,2026-05-10 20:00:00
214,172,interested,2026-10-12 19:00:00
477,172,interested,2026-05-25 20:00:00
446,172,going,2026-10-10 21:00:00
321,173,going,2026-06-05 17:00:00
549,173,looking_for_buddy,2026-08-31 17:00:00
560,173,looking_for_buddy,2026-12-09 21:00:00
364,173,going,2027-01-03 19:00:00
170,173,looking_for_buddy,2026-08-03 17:00:00
657,173,going,2026-11-25 19:00:00
370,173,interested,2026-06-01 19:00:00
649,173,looking_for_buddy,2026-08-06 23:00:00
579,174,looking_for_buddy,2026-10-06 19:00:00
135,174,looking_for_buddy,2026-12-22 20:00:00
117,174,looking_for_buddy,2026-08-29 17:00:00
516,174,looking_for_buddy,2026-11-09 18:00:00
338,174,going,2026-07-24 17:00:00
557,174,going,2026-06-17 20:00:00
228,174,looking_for_buddy,2026-07-07 20:00:00
397,174,interested,2026-11-09 18:00:00
98,175,looking_for_buddy,2026-08-22 17:00:00
504,175,interested,2026-11-11 21:00:00
50,175,looking_for_buddy,2026-06-05 21:00:00
274,175,looking_for_buddy,2026-12-27 19:00:00
309,175,interested,2026-12-28 19:00:00
102,175,looking_for_buddy,2026-08-08 17:00:00
12,175,interested,2027-01-04 19:00:00
404,175,looking_for_buddy,2026-10-12 20:00:00
519,176,looking_for_buddy,2026-10-13 20:00:00
581,176,going,2026-12-16 20:00:00
328,176,looking_for_buddy,2026-11-14 18:00:00
274,176,interested,2026-12-31 19:00:00
255,176,looking_for_buddy,2026-12-30 20:00:00
432,176,going,2027-01-04 17:00:00
643,176,interested,2026-08-24 23:00:00
501,176,looking_for_buddy,2026-08-19 17:00:00
284,177,looking_for_buddy,2026-09-08 21:00:00
619,177,looking_for_buddy,2026-06-28 22:00:00
46,177,looking_for_buddy,2026-09-28 19:00:00
371,177,interested,2026-11-28 17:00:00
452,177,looking_for_buddy,2026-06-27 20:00:00
435,177,interested,2026-08-16 18:00:00
62,177,looking_for_buddy,2026-05-27 21:00:00
191,177,interested,2026-11-24 20:00:00
555,178,looking_for_buddy,2026-11-02 17:00:00
364,178,going,2026-12-25 19:00:00
572,178,looking_for_buddy,2026-10-29 19:00:00
531,178,looking_for_buddy,2026-10-13 18:00:00
192,178,looking_for_buddy,2026-10-30 18:00:00
114,178,looking_for_buddy,2026-10-13 20:00:00
292,178,interested,2026-12-18 19:00:00
150,178,looking_for_buddy,2026-11-14 19:00:00
489,179,interested,2027-01-06 17:00:00
192,179,looking_for_buddy,2026-11-04 18:00:00
88,179,going,2026-05-29 20:00:00
302,179,looking_for_buddy,2026-07-28 21:00:00
455,179,going,2026-09-18 18:00:00
291,179,going,2026-07-11 18:00:00
492,179,looking_for_buddy,2026-11-17 20:00:00
311,179,looking_for_buddy,2026-06-16 20:00:00
141,180,looking_for_buddy,2026-09-23 18:00:00
32,180,going,2027-01-06 21:00:00
271,180,going,2026-09-23 18:00:00
238,180,going,2026-11-14 21:00:00
630,180,looking_for_buddy,2026-11-09 21:00:00
525,180,interested,2026-10-05 17:00:00
240,180,looking_for_buddy,2026-08-02 19:00:00
249,180,interested,2026-09-07 19:00:00
313,181,going,2026-07-13 19:00:00
132,181,looking_for_buddy,2026-09-15 18:00:00
493,181,going,2026-05-27 19:00:00
214,181,looking_for_buddy,2026-10-08 19:00:00
171,181,going,2026-11-14 20:00:00
423,181,interested,2026-09-23 18:00:00
624,181,looking_for_buddy,2026-11-13 21:00:00
177,181,going,2026-05-23 20:00:00
564,182,interested,2026-10-16 21:00:00
558,182,going,2026-09-05 18:00:00
236,182,going,2026-11-22 20:00:00
174,182,interested,2026-08-06 20:00:00
375,182,going,2026-11-13 17:00:00
364,182,interested,2027-01-14 19:00:00
224,182,looking_for_buddy,2026-08-17 21:00:00
491,182,looking_for_buddy,2026-09-22 18:00:00
506,183,looking_for_buddy,2026-08-27 21:00:00
568,183,going,2026-06-17 17:00:00
295,183,looking_for_buddy,2026-09-14 17:00:00
19,183,looking_for_buddy,2026-09-04 20:00:00
390,183,going,2026-10-10 21:00:00
286,183,looking_for_buddy,2027-01-04 20:00:00
322,183,going,2026-07-22 18:00:00
226,183,going,2026-09-17 18:00:00
214,184,looking_for_buddy,2026-10-09 19:00:00
396,184,going,2026-12-08 18:00:00
193,184,looking_for_buddy,2026-06-12 19:00:00
496,184,interested,2026-10-17 20:00:00
606,184,going,2026-07-29 21:00:00
176,184,interested,2026-06-07 19:00:00
607,184,interested,2026-06-23 21:00:00
595,184,going,2026-09-12 20:00:00
566,185,looking_for_buddy,2026-08-14 18:00:00
394,185,going,2026-10-20 17:00:00
130,185,looking_for_buddy,2026-10-01 18:00:00
393,185,going,2026-05-26 19:00:00
169,185,looking_for_buddy,2026-06-11 17:00:00
641,185,interested,2026-12-31 20:00:00
239,185,interested,2026-12-25 17:00:00
328,185,looking_for_buddy,2026-11-23 18:00:00
580,186,interested,2026-09-14 19:00:00
624,186,looking_for_buddy,2026-11-16 21:00:00
71,186,interested,2026-09-08 18:00:00
444,186,looking_for_buddy,2026-08-23 17:00:00
205,186,going,2026-12-09 21:00:00
118,186,going,2026-08-18 21:00:00
660,186,interested,2026-12-05 20:00:00
587,186,looking_for_buddy,2026-10-23 17:00:00
214,187,going,2026-10-03 19:00:00
230,187,going,2026-06-04 18:00:00
158,187,going,2026-08-06 17:00:00
22,187,looking_for_buddy,2026-06-03 17:00:00
438,187,looking_for_buddy,2026-12-03 19:00:00
132,187,looking_for_buddy,2026-09-21 18:00:00
359,187,looking_for_buddy,2026-10-27 19:00:00
196,187,looking_for_buddy,2027-01-04 21:00:00
620,188,interested,2026-10-27 21:00:00
411,188,interested,2026-07-02 17:00:00
26,188,looking_for_buddy,2026-07-25 18:00:00
452,188,going,2026-06-04 20:00:00
243,188,looking_for_buddy,2026-11-26 21:00:00
632,188,going,2026-12-22 21:00:00
581,188,interested,2026-11-26 20:00:00
387,188,going,2026-09-06 18:00:00
409,189,interested,2026-10-20 19:00:00
7,189,going,2026-09-16 19:00:00
429,189,looking_for_buddy,2026-09-19 19:00:00
342,189,interested,2026-12-30 19:00:00
105,189,looking_for_buddy,2026-07-06 21:00:00
400,189,looking_for_buddy,2026-10-01 18:00:00
86,189,going,2026-09-01 20:00:00
520,189,looking_for_buddy,2026-12-22 18:00:00
295,190,looking_for_buddy,2026-10-12 17:00:00
19,190,interested,2026-09-11 20:00:00
122,190,looking_for_buddy,2026-06-28 17:00:00
334,190,interested,2026-06-18 18:00:00
514,190,interested,2026-09-04 19:00:00
390,190,looking_for_buddy,2026-11-05 21:00:00
456,190,interested,2026-06-23 19:00:00
582,190,looking_for_buddy,2026-11-20 18:00:00
392,191,going,2026-08-17 21:00:00
68,191,looking_for_buddy,2026-06-23 20:00:00
437,191,going,2027-01-01 20:00:00
552,191,looking_for_buddy,2026-09-25 21:00:00
458,191,going,2026-10-06 18:00:00
311,191,going,2026-06-08 20:00:00
564,191,looking_for_buddy,2026-09-30 21:00:00
53,191,interested,2026-10-08 20:00:00
65,192,interested,2026-10-22 18:00:00
592,192,looking_for_buddy,2026-07-07 21:00:00
125,192,looking_for_buddy,2026-11-21 19:00:00
233,192,interested,2026-05-16 20:00:00
201,192,looking_for_buddy,2026-10-29 17:00:00
561,192,looking_for_buddy,2026-06-29 21:00:00
611,192,interested,2026-06-01 21:00:00
659,192,going,2026-11-19 23:00:00
236,193,looking_for_buddy,2026-11-27 20:00:00
192,193,interested,2026-11-04 18:00:00
375,193,going,2026-10-31 17:00:00
370,193,interested,2026-05-16 19:00:00
162,193,interested,2026-08-27 19:00:00
88,193,looking_for_buddy,2026-06-04 20:00:00
1,193,looking_for_buddy,2026-09-07 21:00:00
78,193,looking_for_buddy,2026-12-28 19:00:00
194,194,going,2026-07-02 19:00:00
274,194,interested,2026-12-25 19:00:00
328,194,interested,2026-11-19 18:00:00
317,194,interested,2026-09-12 20:00:00
411,194,looking_for_buddy,2026-07-19 17:00:00
478,194,looking_for_buddy,2026-05-27 20:00:00
46,194,interested,2026-09-27 19:00:00
573,194,interested,2026-10-06 18:00:00
515,195,looking_for_buddy,2026-11-22 20:00:00
394,195,going,2026-10-14 17:00:00
195,195,going,2026-12-19 21:00:00
239,195,looking_for_buddy,2026-12-18 17:00:00
317,195,looking_for_buddy,2026-10-01 20:00:00
468,195,interested,2026-07-13 17:00:00
598,195,interested,2026-08-21 17:00:00
420,195,looking_for_buddy,2026-08-15 21:00:00
564,196,looking_for_buddy,2026-10-05 21:00:00
88,196,looking_for_buddy,2026-05-26 20:00:00
68,196,looking_for_buddy,2026-05-27 20:00:00
417,196,going,2026-07-13 17:00:00
537,196,going,2026-08-28 17:00:00
458,196,looking_for_buddy,2026-10-02 18:00:00
107,196,going,2026-12-05 19:00:00
144,196,looking_for_buddy,2026-08-28 21:00:00
40,197,looking_for_buddy,2026-10-24 19:00:00
657,197,looking_for_buddy,2026-11-09 19:00:00
537,197,going,2026-08-24 17:00:00
91,197,looking_for_buddy,2026-08-23 17:00:00
413,197,looking_for_buddy,2026-07-01 21:00:00
77,197,going,2026-10-13 18:00:00
560,197,interested,2026-12-09 21:00:00
180,197,interested,2026-11-02 19:00:00
214,198,interested,2026-10-26 19:00:00
427,198,going,2026-06-05 20:00:00
416,198,interested,2026-06-17 19:00:00
57,198,looking_for_buddy,2026-10-20 21:00:00
89,198,going,2026-11-30 20:00:00
496,198,looking_for_buddy,2026-10-13 20:00:00
176,198,interested,2026-07-01 19:00:00
21,198,looking_for_buddy,2026-07-08 21:00:00
248,199,looking_for_buddy,2026-10-04 21:00:00
562,199,looking_for_buddy,2026-07-27 21:00:00
450,199,looking_for_buddy,2026-09-03 20:00:00
576,199,looking_for_buddy,2026-05-23 20:00:00
238,199,going,2026-11-20 21:00:00
51,199,looking_for_buddy,2026-09-11 19:00:00
556,199,looking_for_buddy,2027-01-03 21:00:00
656,199,interested,2026-09-12 23:00:00
282,200,looking_for_buddy,2026-11-12 18:00:00
583,200,looking_for_buddy,2026-07-16 19:00:00
153,200,interested,2026-10-30 19:00:00
428,200,looking_for_buddy,2026-10-27 20:00:00
338,200,looking_for_buddy,2026-07-25 17:00:00
470,200,going,2026-09-18 18:00:00
225,200,looking_for_buddy,2026-06-02 17:00:00
229,200,interested,2026-11-20 21:00:00
105,201,looking_for_buddy,2026-06-15 21:00:00
484,201,going,2026-06-05 18:00:00
125,201,looking_for_buddy,2026-11-11 19:00:00
173,201,going,2026-07-16 18:00:00
617,201,looking_for_buddy,2026-11-23 22:00:00
592,201,going,2026-06-24 21:00:00
133,201,looking_for_buddy,2026-07-10 19:00:00
267,201,interested,2026-09-25 17:00:00
604,202,looking_for_buddy,2026-07-08 21:00:00
295,202,going,2026-09-26 17:00:00
559,202,going,2026-08-15 18:00:00
579,202,interested,2026-10-30 19:00:00
651,202,looking_for_buddy,2026-05-16 21:00:00
8,202,looking_for_buddy,2026-06-29 18:00:00
389,202,looking_for_buddy,2026-10-02 19:00:00
6,202,interested,2026-05-29 17:00:00
252,203,looking_for_buddy,2026-06-14 19:00:00
204,203,interested,2026-09-11 20:00:00
453,203,looking_for_buddy,2026-07-28 18:00:00
654,203,looking_for_buddy,2026-08-07 23:00:00
240,203,looking_for_buddy,2026-08-22 19:00:00
630,203,going,2026-11-06 21:00:00
251,203,looking_for_buddy,2026-09-18 20:00:00
533,203,looking_for_buddy,2026-07-06 17:00:00
503,204,interested,2026-12-14 21:00:00
100,204,going,2027-01-22 17:00:00
337,204,looking_for_buddy,2026-11-18 21:00:00
446,204,going,2026-09-25 21:00:00
545,204,going,2026-08-19 20:00:00
196,204,interested,2026-12-30 21:00:00
175,204,going,2026-09-01 17:00:00
132,204,going,2026-09-11 18:00:00
307,205,going,2026-10-13 18:00:00
31,205,looking_for_buddy,2026-09-05 17:00:00
505,205,looking_for_buddy,2026-11-14 21:00:00
138,205,going,2026-11-05 18:00:00
219,205,going,2026-09-30 19:00:00
515,205,looking_for_buddy,2026-11-10 20:00:00
169,205,going,2026-06-26 17:00:00
529,205,interested,2026-07-01 17:00:00
98,206,looking_for_buddy,2026-08-31 17:00:00
328,206,interested,2026-11-28 18:00:00
195,206,going,2026-12-15 21:00:00
655,206,looking_for_buddy,2026-06-01 19:00:00
120,206,interested,2026-08-20 21:00:00
432,206,looking_for_buddy,2026-12-11 17:00:00
394,206,going,2026-10-24 17:00:00
207,206,looking_for_buddy,2027-01-06 20:00:00
547,207,looking_for_buddy,2026-07-18 20:00:00
571,207,looking_for_buddy,2026-11-26 19:00:00
24,207,interested,2026-07-11 19:00:00
445,207,looking_for_buddy,2026-08-18 20:00:00
498,207,interested,2027-01-12 17:00:00
503,207,looking_for_buddy,2026-12-24 21:00:00
275,207,looking_for_buddy,2026-08-14 21:00:00
606,207,looking_for_buddy,2026-07-18 21:00:00
284,208,going,2026-09-18 21:00:00
376,208,going,2026-06-09 20:00:00
619,208,going,2026-06-16 22:00:00
505,208,looking_for_buddy,2026-11-26 21:00:00
212,208,looking_for_buddy,2026-12-25 19:00:00
566,208,looking_for_buddy,2026-08-19 18:00:00
544,208,going,2026-12-14 20:00:00
432,208,looking_for_buddy,2026-12-13 17:00:00
78,209,looking_for_buddy,2027-01-21 19:00:00
81,209,looking_for_buddy,2026-05-22 20:00:00
224,209,looking_for_buddy,2026-08-27 21:00:00
491,209,going,2026-09-08 18:00:00
364,209,looking_for_buddy,2027-01-11 19:00:00
649,209,going,2026-08-31 23:00:00
114,209,going,2026-10-08 20:00:00
375,209,looking_for_buddy,2026-10-30 17:00:00
349,210,looking_for_buddy,2026-07-05 20:00:00
596,210,looking_for_buddy,2026-12-09 21:00:00
51,210,looking_for_buddy,2026-09-07 19:00:00
532,210,interested,2026-09-14 17:00:00
556,210,looking_for_buddy,2027-01-19 21:00:00
183,210,looking_for_buddy,2026-12-20 19:00:00
554,210,going,2026-08-16 21:00:00
640,210,looking_for_buddy,2026-08-16 22:00:00
368,211,looking_for_buddy,2026-09-27 19:00:00
407,211,looking_for_buddy,2026-11-14 21:00:00
81,211,looking_for_buddy,2026-05-13 20:00:00
652,211,going,2026-09-16 23:00:00
97,211,looking_for_buddy,2026-11-11 19:00:00
38,211,interested,2026-12-19 20:00:00
560,211,looking_for_buddy,2026-12-11 21:00:00
292,211,interested,2026-12-08 19:00:00
568,212,interested,2026-06-08 17:00:00
419,212,going,2026-06-14 20:00:00
153,212,interested,2026-11-01 19:00:00
557,212,looking_for_buddy,2026-06-30 20:00:00
338,212,going,2026-08-03 17:00:00
440,212,going,2026-06-03 21:00:00
122,212,looking_for_buddy,2026-07-13 17:00:00
225,212,looking_for_buddy,2026-06-26 17:00:00
289,213,looking_for_buddy,2026-10-14 17:00:00
173,213,looking_for_buddy,2026-07-26 18:00:00
612,213,looking_for_buddy,2026-12-10 22:00:00
61,213,looking_for_buddy,2026-07-12 17:00:00
409,213,looking_for_buddy,2026-10-10 19:00:00
111,213,looking_for_buddy,2026-07-08 21:00:00
330,213,going,2026-12-02 20:00:00
271,213,looking_for_buddy,2026-09-19 18:00:00
458,214,looking_for_buddy,2026-09-17 18:00:00
657,214,interested,2026-11-29 19:00:00
369,214,looking_for_buddy,2026-12-10 20:00:00
321,214,looking_for_buddy,2026-05-23 17:00:00
471,214,going,2026-12-19 18:00:00
591,214,looking_for_buddy,2026-12-18 18:00:00
649,214,looking_for_buddy,2026-08-07 23:00:00
17,214,looking_for_buddy,2026-06-10 18:00:00
357,215,interested,2026-06-10 20:00:00
543,215,looking_for_buddy,2027-01-03 19:00:00
597,215,going,2026-09-20 17:00:00
575,215,going,2026-07-07 20:00:00
559,215,interested,2026-08-24 18:00:00
391,215,looking_for_buddy,2026-12-25 20:00:00
590,215,going,2026-07-16 17:00:00
599,215,going,2026-12-27 18:00:00
571,216,going,2026-12-05 19:00:00
20,216,looking_for_buddy,2026-12-05 20:00:00
503,216,interested,2026-12-06 21:00:00
89,216,going,2026-11-15 20:00:00
485,216,interested,2026-08-30 21:00:00
412,216,looking_for_buddy,2026-10-05 20:00:00
214,216,going,2026-10-26 19:00:00
218,216,looking_for_buddy,2026-05-28 19:00:00
476,217,looking_for_buddy,2027-01-06 18:00:00
31,217,going,2026-09-15 17:00:00
328,217,looking_for_buddy,2026-11-18 18:00:00
394,217,looking_for_buddy,2026-11-03 17:00:00
274,217,looking_for_buddy,2026-12-12 19:00:00
2,217,looking_for_buddy,2026-06-26 17:00:00
581,217,interested,2026-12-09 20:00:00
638,217,looking_for_buddy,2026-05-19 22:00:00
132,218,looking_for_buddy,2026-09-24 18:00:00
496,218,going,2026-10-20 20:00:00
67,218,looking_for_buddy,2026-05-13 20:00:00
167,218,looking_for_buddy,2026-12-06 21:00:00
337,218,interested,2026-11-12 21:00:00
422,218,looking_for_buddy,2026-07-14 20:00:00
446,218,interested,2026-09-30 21:00:00
181,218,going,2026-10-24 18:00:00
405,219,looking_for_buddy,2026-09-19 19:00:00
169,219,interested,2026-06-27 17:00:00
529,219,looking_for_buddy,2026-06-13 17:00:00
274,219,looking_for_buddy,2026-12-04 19:00:00
643,219,going,2026-08-23 23:00:00
259,219,looking_for_buddy,2026-06-26 17:00:00
394,219,going,2026-10-16 17:00:00
393,219,going,2026-05-12 19:00:00
425,220,going,2026-06-26 18:00:00
396,220,going,2026-12-02 18:00:00
67,220,going,2026-05-25 20:00:00
116,220,looking_for_buddy,2026-09-11 21:00:00
609,220,going,2026-05-20 22:00:00
25,220,interested,2026-08-16 19:00:00
431,220,interested,2026-06-15 20:00:00
206,220,looking_for_buddy,2026-10-27 20:00:00
334,221,interested,2026-06-20 18:00:00
600,221,interested,2026-06-28 20:00:00
82,221,looking_for_buddy,2026-06-06 21:00:00
395,221,looking_for_buddy,2026-05-23 19:00:00
273,221,going,2026-07-10 17:00:00
506,221,going,2026-09-02 21:00:00
513,221,looking_for_buddy,2026-06-18 19:00:00
223,221,interested,2026-11-19 18:00:00
371,222,looking_for_buddy,2026-12-13 17:00:00
393,222,going,2026-05-23 19:00:00
447,222,interested,2026-09-09 21:00:00
307,222,looking_for_buddy,2026-10-22 18:00:00
566,222,looking_for_buddy,2026-09-01 18:00:00
296,222,going,2026-12-26 21:00:00
603,222,looking_for_buddy,2026-12-18 20:00:00
574,222,interested,2026-10-07 19:00:00
608,223,looking_for_buddy,2026-08-30 19:00:00
101,223,looking_for_buddy,2026-12-05 17:00:00
192,223,looking_for_buddy,2026-11-01 18:00:00
329,223,looking_for_buddy,2026-09-04 21:00:00
88,223,looking_for_buddy,2026-05-21 20:00:00
137,223,interested,2026-11-04 20:00:00
465,223,looking_for_buddy,2026-06-10 19:00:00
321,223,looking_for_buddy,2026-05-31 17:00:00
527,224,looking_for_buddy,2026-10-31 20:00:00
582,224,going,2026-11-28 18:00:00
440,224,interested,2026-06-05 21:00:00
283,224,going,2026-09-04 19:00:00
82,224,interested,2026-05-25 21:00:00
327,224,going,2026-06-25 19:00:00
75,224,looking_for_buddy,2026-12-13 18:00:00
514,224,interested,2026-09-17 19:00:00
177,225,looking_for_buddy,2026-05-31 20:00:00
158,225,going,2026-08-10 17:00:00
118,225,interested,2026-08-14 21:00:00
660,225,looking_for_buddy,2026-12-14 20:00:00
571,225,interested,2026-12-08 19:00:00
70,225,looking_for_buddy,2026-08-22 19:00:00
275,225,going,2026-07-28 21:00:00
493,225,looking_for_buddy,2026-06-05 19:00:00
203,226,going,2026-12-18 19:00:00
113,226,going,2026-11-29 17:00:00
399,226,looking_for_buddy,2026-09-20 18:00:00
596,226,interested,2026-11-29 21:00:00
208,226,looking_for_buddy,2026-09-14 19:00:00
536,226,looking_for_buddy,2026-06-06 21:00:00
356,226,looking_for_buddy,2027-01-01 18:00:00
63,226,interested,2026-11-27 21:00:00
304,227,interested,2026-06-21 20:00:00
613,227,interested,2026-09-24 23:00:00
350,227,interested,2026-10-23 18:00:00
236,227,looking_for_buddy,2026-11-23 20:00:00
491,227,looking_for_buddy,2026-09-17 18:00:00
585,227,interested,2026-08-26 19:00:00
408,227,going,2026-09-20 20:00:00
265,227,going,2026-10-14 18:00:00
572,228,going,2026-11-03 19:00:00
107,228,interested,2026-12-03 19:00:00
110,228,looking_for_buddy,2026-08-17 20:00:00
292,228,going,2026-12-14 19:00:00
236,228,looking_for_buddy,2026-12-11 20:00:00
256,228,looking_for_buddy,2026-08-03 17:00:00
494,228,looking_for_buddy,2026-08-09 21:00:00
60,228,looking_for_buddy,2026-08-29 21:00:00
570,229,looking_for_buddy,2026-08-03 19:00:00
233,229,going,2026-05-24 20:00:00
238,229,looking_for_buddy,2026-11-10 21:00:00
267,229,going,2026-09-16 17:00:00
373,229,going,2026-10-24 19:00:00
542,229,interested,2026-07-27 20:00:00
459,229,looking_for_buddy,2026-12-24 20:00:00
409,229,interested,2026-10-22 19:00:00
414,230,looking_for_buddy,2026-12-21 18:00:00
259,230,looking_for_buddy,2026-06-17 17:00:00
156,230,interested,2026-05-21 20:00:00
504,230,looking_for_buddy,2026-11-14 21:00:00
3,230,interested,2026-08-10 21:00:00
42,230,looking_for_buddy,2026-10-16 21:00:00
658,230,looking_for_buddy,2026-09-07 23:00:00
339,230,looking_for_buddy,2026-08-13 19:00:00
256,231,going,2026-07-17 17:00:00
149,231,going,2026-09-19 21:00:00
491,231,looking_for_buddy,2026-08-31 18:00:00
392,231,going,2026-08-13 21:00:00
629,231,looking_for_buddy,2026-08-07 23:00:00
236,231,looking_for_buddy,2026-11-22 20:00:00
245,231,looking_for_buddy,2026-11-13 20:00:00
319,231,looking_for_buddy,2027-01-03 18:00:00
560,232,looking_for_buddy,2026-12-07 21:00:00
652,232,looking_for_buddy,2026-09-08 23:00:00
285,232,going,2026-11-04 21:00:00
199,232,going,2026-07-22 20:00:00
68,232,looking_for_buddy,2026-06-08 20:00:00
369,232,looking_for_buddy,2026-12-01 20:00:00
77,232,going,2026-10-27 18:00:00
657,232,going,2026-11-06 19:00:00
338,233,looking_for_buddy,2026-08-07 17:00:00
331,233,going,2026-08-09 21:00:00
276,233,going,2026-12-25 21:00:00
568,233,looking_for_buddy,2026-06-08 17:00:00
223,233,looking_for_buddy,2026-11-16 18:00:00
507,233,looking_for_buddy,2027-01-06 21:00:00
228,233,going,2026-06-12 20:00:00
557,233,going,2026-06-26 20:00:00
571,234,looking_for_buddy,2026-11-27 19:00:00
205,234,looking_for_buddy,2026-12-22 21:00:00
381,234,interested,2026-10-15 21:00:00
118,234,interested,2026-08-12 21:00:00
493,234,looking_for_buddy,2026-05-22 19:00:00
152,234,looking_for_buddy,2026-11-28 21:00:00
275,234,looking_for_buddy,2026-08-01 21:00:00
158,234,looking_for_buddy,2026-07-20 17:00:00
503,235,looking_for_buddy,2026-12-30 21:00:00
100,235,going,2027-01-02 17:00:00
177,235,interested,2026-05-16 20:00:00
132,235,going,2026-09-22 18:00:00
446,235,looking_for_buddy,2026-10-09 21:00:00
313,235,looking_for_buddy,2026-06-19 19:00:00
551,235,interested,2026-12-23 20:00:00
184,235,interested,2026-11-08 18:00:00
534,236,looking_for_buddy,2026-10-28 18:00:00
537,236,looking_for_buddy,2026-08-19 17:00:00
265,236,looking_for_buddy,2026-10-28 18:00:00
489,236,going,2026-12-14 17:00:00
302,236,interested,2026-08-10 21:00:00
329,236,looking_for_buddy,2026-09-09 21:00:00
144,236,going,2026-09-10 21:00:00
262,236,going,2026-09-05 19:00:00
214,237,interested,2026-10-14 19:00:00
310,237,going,2026-08-24 17:00:00
427,237,looking_for_buddy,2026-06-08 20:00:00
587,237,looking_for_buddy,2026-09-27 17:00:00
27,237,looking_for_buddy,2026-10-12 17:00:00
511,237,looking_for_buddy,2026-12-22 17:00:00
118,237,going,2026-08-01 21:00:00
418,237,looking_for_buddy,2026-06-12 18:00:00
485,238,interested,2026-08-19 21:00:00
266,238,looking_for_buddy,2026-12-05 17:00:00
425,238,looking_for_buddy,2026-07-14 18:00:00
154,238,interested,2026-09-13 18:00:00
477,238,interested,2026-05-28 20:00:00
553,238,looking_for_buddy,2026-12-01 20:00:00
22,238,going,2026-06-10 17:00:00
312,238,looking_for_buddy,2026-06-22 17:00:00
63,239,looking_for_buddy,2026-11-18 21:00:00
659,239,going,2026-11-09 23:00:00
361,239,interested,2026-10-23 17:00:00
315,239,looking_for_buddy,2026-06-16 18:00:00
240,239,looking_for_buddy,2026-07-30 19:00:00
409,239,looking_for_buddy,2026-10-07 19:00:00
7,239,looking_for_buddy,2026-09-16 19:00:00
308,239,interested,2026-05-31 19:00:00
85,240,going,2026-07-22 18:00:00
499,240,interested,2026-07-07 17:00:00
264,240,interested,2026-07-11 21:00:00
277,240,looking_for_buddy,2026-08-01 19:00:00
639,240,interested,2026-10-20 21:00:00
102,240,looking_for_buddy,2026-08-06 17:00:00
3,240,going,2026-08-29 21:00:00
379,240,going,2026-10-31 20:00:00
212,241,going,2026-12-09 19:00:00
151,241,looking_for_buddy,2027-01-03 18:00:00
603,241,looking_for_buddy,2027-01-01 20:00:00
277,241,interested,2026-08-20 19:00:00
639,241,looking_for_buddy,2026-09-29 21:00:00
255,241,looking_for_buddy,2026-12-30 20:00:00
242,241,going,2026-11-18 19:00:00
574,241,interested,2026-10-11 19:00:00
143,242,interested,2026-12-20 19:00:00
40,242,looking_for_buddy,2026-10-30 19:00:00
29,242,looking_for_buddy,2026-11-26 19:00:00
382,242,looking_for_buddy,2026-07-08 17:00:00
464,242,going,2026-08-29 20:00:00
150,242,interested,2026-10-26 19:00:00
88,242,going,2026-06-07 20:00:00
560,242,interested,2026-12-09 21:00:00
293,243,going,2026-05-19 20:00:00
543,243,interested,2026-12-31 19:00:00
295,243,interested,2026-09-24 17:00:00
472,243,going,2026-07-06 19:00:00
334,243,interested,2026-07-01 18:00:00
198,243,looking_for_buddy,2026-05-17 17:00:00
15,243,interested,2026-08-04 18:00:00
509,243,interested,2026-10-01 20:00:00
378,244,going,2026-07-02 18:00:00
310,244,looking_for_buddy,2026-08-31 17:00:00
188,244,looking_for_buddy,2026-07-08 21:00:00
14,244,going,2026-09-01 21:00:00
167,244,interested,2026-12-05 21:00:00
340,244,looking_for_buddy,2026-12-21 19:00:00
503,244,interested,2026-12-16 21:00:00
132,244,looking_for_buddy,2026-09-06 18:00:00
528,245,looking_for_buddy,2026-05-30 17:00:00
499,245,interested,2026-07-11 17:00:00
574,245,looking_for_buddy,2026-10-11 19:00:00
307,245,going,2026-10-09 18:00:00
47,245,interested,2026-12-11 21:00:00
50,245,looking_for_buddy,2026-05-13 21:00:00
339,245,going,2026-08-28 19:00:00
3,245,interested,2026-08-11 21:00:00
288,246,looking_for_buddy,2026-08-21 19:00:00
83,246,going,2026-09-18 19:00:00
275,246,interested,2026-07-28 21:00:00
359,246,looking_for_buddy,2026-11-05 19:00:00
118,246,interested,2026-07-31 21:00:00
624,246,looking_for_buddy,2026-11-04 21:00:00
621,246,interested,2026-09-06 23:00:00
158,246,looking_for_buddy,2026-08-10 17:00:00
338,247,looking_for_buddy,2026-07-15 17:00:00
366,247,interested,2026-12-02 18:00:00
332,247,interested,2026-11-13 17:00:00
579,247,looking_for_buddy,2026-10-10 19:00:00
115,247,interested,2026-10-11 17:00:00
600,247,going,2026-06-19 20:00:00
6,247,going,2026-06-18 17:00:00
122,247,going,2026-07-15 17:00:00
608,248,looking_for_buddy,2026-08-16 19:00:00
174,248,interested,2026-08-04 20:00:00
483,248,interested,2026-06-20 19:00:00
629,248,interested,2026-08-17 23:00:00
236,248,going,2026-12-10 20:00:00
256,248,looking_for_buddy,2026-07-14 17:00:00
534,248,looking_for_buddy,2026-11-05 18:00:00
292,248,looking_for_buddy,2026-12-10 19:00:00
115,249,interested,2026-11-03 17:00:00
461,249,looking_for_buddy,2026-12-08 17:00:00
334,249,going,2026-06-26 18:00:00
75,249,looking_for_buddy,2026-12-11 18:00:00
160,249,looking_for_buddy,2026-09-11 18:00:00
6,249,looking_for_buddy,2026-06-07 17:00:00
9,249,looking_for_buddy,2026-07-12 17:00:00
357,249,interested,2026-06-17 20:00:00
423,250,looking_for_buddy,2026-09-22 18:00:00
621,250,going,2026-08-30 23:00:00
418,250,looking_for_buddy,2026-06-16 18:00:00
177,250,looking_for_buddy,2026-05-19 20:00:00
132,250,going,2026-09-14 18:00:00
36,250,looking_for_buddy,2026-07-01 17:00:00
175,250,looking_for_buddy,2026-08-28 17:00:00
100,250,going,2026-12-27 17:00:00
520,251,looking_for_buddy,2027-01-02 18:00:00
23,251,going,2026-06-23 19:00:00
202,251,looking_for_buddy,2026-07-24 17:00:00
335,251,looking_for_buddy,2026-05-31 19:00:00
630,251,interested,2026-11-25 21:00:00
186,251,interested,2026-11-24 19:00:00
308,251,interested,2026-06-21 19:00:00
656,251,interested,2026-09-12 23:00:00
378,252,looking_for_buddy,2026-06-12 18:00:00
74,252,going,2026-07-20 19:00:00
22,252,interested,2026-05-28 17:00:00
158,252,looking_for_buddy,2026-07-22 17:00:00
188,252,looking_for_buddy,2026-06-26 21:00:00
154,252,going,2026-09-04 18:00:00
381,252,interested,2026-11-07 21:00:00
609,252,going,2026-05-10 22:00:00
439,253,going,2026-06-13 21:00:00
595,253,going,2026-09-09 20:00:00
214,253,looking_for_buddy,2026-10-12 19:00:00
57,253,going,2026-10-31 21:00:00
502,253,going,2026-09-14 20:00:00
569,253,interested,2026-12-08 18:00:00
294,253,looking_for_buddy,2026-11-01 17:00:00
188,253,looking_for_buddy,2026-07-06 21:00:00
224,254,looking_for_buddy,2026-08-14 21:00:00
236,254,looking_for_buddy,2026-12-12 20:00:00
40,254,interested,2026-10-23 19:00:00
60,254,looking_for_buddy,2026-08-08 21:00:00
549,254,looking_for_buddy,2026-09-09 17:00:00
78,254,interested,2027-01-18 19:00:00
537,254,looking_for_buddy,2026-08-21 17:00:00
256,254,interested,2026-08-04 17:00:00
584,255,interested,2026-05-04 18:00:00
411,255,looking_for_buddy,2026-07-19 17:00:00
120,255,looking_for_buddy,2026-08-16 21:00:00
194,255,looking_for_buddy,2026-06-27 19:00:00
139,255,looking_for_buddy,2026-09-21 19:00:00
504,255,going,2026-11-12 21:00:00
594,255,going,2026-09-19 20:00:00
195,255,going,2026-12-09 21:00:00
342,256,going,2027-01-06 19:00:00
113,256,interested,2026-11-20 17:00:00
7,256,looking_for_buddy,2026-09-10 19:00:00
271,256,looking_for_buddy,2026-09-27 18:00:00
23,256,going,2026-06-13 19:00:00
315,256,interested,2026-06-21 18:00:00
86,256,looking_for_buddy,2026-09-11 20:00:00
612,256,going,2026-11-29 22:00:00
221,257,looking_for_buddy,2026-11-07 20:00:00
472,257,going,2026-07-27 19:00:00
421,257,looking_for_buddy,2026-09-21 18:00:00
506,257,looking_for_buddy,2026-08-12 21:00:00
390,257,looking_for_buddy,2026-10-12 21:00:00
334,257,looking_for_buddy,2026-07-05 18:00:00
461,257,looking_for_buddy,2026-12-13 17:00:00
122,257,looking_for_buddy,2026-06-30 17:00:00
214,258,interested,2026-10-23 19:00:00
176,258,interested,2026-06-26 19:00:00
607,258,interested,2026-07-07 21:00:00
502,258,looking_for_buddy,2026-09-13 20:00:00
595,258,interested,2026-10-01 20:00:00
21,258,going,2026-07-30 21:00:00
427,258,looking_for_buddy,2026-06-05 20:00:00
323,258,going,2026-11-16 19:00:00
563,259,looking_for_buddy,2026-06-28 18:00:00
556,259,looking_for_buddy,2026-12-30 21:00:00
542,259,interested,2026-07-19 20:00:00
267,259,looking_for_buddy,2026-09-30 17:00:00
399,259,interested,2026-09-09 18:00:00
251,259,interested,2026-09-26 20:00:00
532,259,looking_for_buddy,2026-09-30 17:00:00
248,259,going,2026-10-19 21:00:00
214,260,looking_for_buddy,2026-10-08 19:00:00
396,260,looking_for_buddy,2026-12-10 18:00:00
177,260,going,2026-05-05 20:00:00
181,260,looking_for_buddy,2026-10-22 18:00:00
89,260,looking_for_buddy,2026-12-06 20:00:00
503,260,looking_for_buddy,2026-12-12 21:00:00
206,260,going,2026-10-18 20:00:00
660,260,looking_for_buddy,2026-12-02 20:00:00
435,261,looking_for_buddy,2026-08-28 18:00:00
501,261,looking_for_buddy,2026-09-07 17:00:00
120,261,looking_for_buddy,2026-07-29 21:00:00
195,261,looking_for_buddy,2026-12-26 21:00:00
259,261,going,2026-07-01 17:00:00
504,261,looking_for_buddy,2026-11-17 21:00:00
317,261,going,2026-09-21 20:00:00
300,261,looking_for_buddy,2027-01-19 19:00:00
597,262,looking_for_buddy,2026-09-22 17:00:00
334,262,going,2026-06-26 18:00:00
19,262,looking_for_buddy,2026-08-23 20:00:00
282,262,interested,2026-11-05 18:00:00
390,262,looking_for_buddy,2026-11-04 21:00:00
225,262,looking_for_buddy,2026-06-27 17:00:00
568,262,going,2026-06-24 17:00:00
305,262,looking_for_buddy,2026-11-20 18:00:00
607,263,looking_for_buddy,2026-06-19 21:00:00
214,263,interested,2026-10-13 19:00:00
495,263,looking_for_buddy,2026-10-24 21:00:00
502,263,looking_for_buddy,2026-08-30 20:00:00
176,263,looking_for_buddy,2026-06-08 19:00:00
595,263,looking_for_buddy,2026-10-02 20:00:00
310,263,going,2026-08-11 17:00:00
511,263,looking_for_buddy,2026-12-27 17:00:00
88,264,interested,2026-06-07 20:00:00
329,264,interested,2026-09-13 21:00:00
483,264,looking_for_buddy,2026-07-02 19:00:00
649,264,looking_for_buddy,2026-08-15 23:00:00
40,264,going,2026-11-14 19:00:00
265,264,interested,2026-11-08 18:00:00
187,264,interested,2027-01-05 20:00:00
370,264,going,2026-05-21 19:00:00
265,265,going,2026-10-26 18:00:00
489,265,looking_for_buddy,2026-12-15 17:00:00
107,265,looking_for_buddy,2026-11-08 19:00:00
491,265,looking_for_buddy,2026-09-26 18:00:00
101,265,looking_for_buddy,2026-12-11 17:00:00
88,265,interested,2026-06-08 20:00:00
649,265,going,2026-08-15 23:00:00
78,265,interested,2026-12-29 19:00:00
635,266,interested,2026-06-27 23:00:00
534,266,looking_for_buddy,2026-10-31 18:00:00
260,266,looking_for_buddy,2026-09-04 20:00:00
572,266,looking_for_buddy,2026-10-26 19:00:00
368,266,looking_for_buddy,2026-09-23 19:00:00
216,266,interested,2026-09-25 20:00:00
292,266,going,2026-12-28 19:00:00
343,266,looking_for_buddy,2026-06-15 17:00:00
579,267,looking_for_buddy,2026-10-31 19:00:00
390,267,looking_for_buddy,2026-10-13 21:00:00
506,267,going,2026-09-08 21:00:00
19,267,looking_for_buddy,2026-09-14 20:00:00
456,267,interested,2026-07-13 19:00:00
305,267,interested,2026-12-07 18:00:00
334,267,looking_for_buddy,2026-07-09 18:00:00
543,267,looking_for_buddy,2026-12-18 19:00:00
361,268,going,2026-09-25 17:00:00
589,268,looking_for_buddy,2026-09-15 21:00:00
320,268,looking_for_buddy,2026-10-16 20:00:00
215,268,going,2026-10-30 18:00:00
462,268,going,2026-09-10 21:00:00
429,268,looking_for_buddy,2026-09-09 19:00:00
140,268,looking_for_buddy,2026-10-08 19:00:00
363,268,going,2026-10-24 18:00:00
537,269,looking_for_buddy,2026-08-30 17:00:00
350,269,going,2026-10-20 18:00:00
174,269,looking_for_buddy,2026-08-10 20:00:00
192,269,interested,2026-10-27 18:00:00
87,269,looking_for_buddy,2026-12-21 21:00:00
88,269,looking_for_buddy,2026-05-17 20:00:00
265,269,looking_for_buddy,2026-11-06 18:00:00
187,269,interested,2027-01-08 20:00:00
420,270,interested,2026-08-22 21:00:00
212,270,going,2026-12-22 19:00:00
435,270,going,2026-09-04 18:00:00
452,270,looking_for_buddy,2026-06-21 20:00:00
394,270,going,2026-11-08 17:00:00
529,270,interested,2026-06-16 17:00:00
404,270,going,2026-10-15 20:00:00
50,270,looking_for_buddy,2026-05-31 21:00:00
470,271,looking_for_buddy,2026-09-20 18:00:00
273,271,looking_for_buddy,2026-07-07 17:00:00
456,271,interested,2026-07-13 19:00:00
190,271,looking_for_buddy,2026-06-22 19:00:00
6,271,going,2026-06-25 17:00:00
353,271,going,2026-05-29 20:00:00
352,271,going,2026-07-21 20:00:00
367,271,interested,2026-10-03 20:00:00
233,272,looking_for_buddy,2026-05-27 20:00:00
186,272,looking_for_buddy,2026-12-02 19:00:00
525,272,looking_for_buddy,2026-10-02 17:00:00
656,272,looking_for_buddy,2026-09-24 23:00:00
252,272,looking_for_buddy,2026-06-23 19:00:00
222,272,looking_for_buddy,2026-10-17 19:00:00
126,272,looking_for_buddy,2026-11-11 18:00:00
86,272,looking_for_buddy,2026-09-23 20:00:00
619,273,interested,2026-06-12 22:00:00
130,273,going,2026-09-20 18:00:00
62,273,going,2026-05-22 21:00:00
404,273,interested,2026-10-15 20:00:00
326,273,going,2026-11-30 21:00:00
46,273,looking_for_buddy,2026-09-28 19:00:00
504,273,going,2026-11-06 21:00:00
452,273,interested,2026-06-15 20:00:00
81,274,interested,2026-05-11 20:00:00
537,274,going,2026-09-01 17:00:00
33,274,going,2026-08-07 17:00:00
364,274,interested,2027-01-18 19:00:00
350,274,interested,2026-10-08 18:00:00
180,274,interested,2026-10-10 19:00:00
107,274,going,2026-11-14 19:00:00
68,274,looking_for_buddy,2026-05-27 20:00:00
47,275,looking_for_buddy,2026-12-28 21:00:00
499,275,interested,2026-07-09 17:00:00
166,275,interested,2026-08-21 17:00:00
432,275,interested,2026-12-30 17:00:00
195,275,going,2026-12-09 21:00:00
191,275,looking_for_buddy,2026-11-22 20:00:00
594,275,looking_for_buddy,2026-09-29 20:00:00
98,275,going,2026-09-02 17:00:00
113,276,going,2026-11-11 17:00:00
520,276,going,2026-12-18 18:00:00
556,276,looking_for_buddy,2026-12-26 21:00:00
400,276,interested,2026-09-24 18:00:00
409,276,looking_for_buddy,2026-11-01 19:00:00
330,276,looking_for_buddy,2026-11-25 20:00:00
614,276,interested,2026-09-16 19:00:00
532,276,interested,2026-09-23 17:00:00
364,277,looking_for_buddy,2026-12-31 19:00:00
40,277,going,2026-11-11 19:00:00
265,277,looking_for_buddy,2026-10-27 18:00:00
465,277,interested,2026-06-01 19:00:00
112,277,looking_for_buddy,2026-06-23 21:00:00
78,277,looking_for_buddy,2027-01-03 19:00:00
407,277,looking_for_buddy,2026-11-12 21:00:00
53,277,going,2026-10-11 20:00:00
626,278,looking_for_buddy,2026-06-15 20:00:00
215,278,going,2026-11-25 18:00:00
63,278,going,2026-11-21 21:00:00
330,278,going,2026-11-18 20:00:00
409,278,looking_for_buddy,2026-10-29 19:00:00
165,278,looking_for_buddy,2026-06-21 21:00:00
596,278,interested,2026-12-08 21:00:00
308,278,interested,2026-06-04 19:00:00
549,279,looking_for_buddy,2026-09-05 17:00:00
78,279,interested,2026-12-28 19:00:00
482,279,interested,2026-09-25 18:00:00
483,279,looking_for_buddy,2026-07-11 19:00:00
149,279,going,2026-09-29 21:00:00
292,279,looking_for_buddy,2026-12-26 19:00:00
392,279,interested,2026-08-07 21:00:00
585,279,looking_for_buddy,2026-09-22 19:00:00
599,280,looking_for_buddy,2026-12-27 18:00:00
295,280,looking_for_buddy,2026-09-24 17:00:00
579,280,looking_for_buddy,2026-10-18 19:00:00
282,280,looking_for_buddy,2026-11-24 18:00:00
64,280,going,2026-10-12 18:00:00
559,280,going,2026-09-02 18:00:00
590,280,looking_for_buddy,2026-07-13 17:00:00
6,280,going,2026-06-13 17:00:00
195,281,going,2026-12-23 21:00:00
602,281,looking_for_buddy,2026-09-24 21:00:00
469,281,looking_for_buddy,2026-10-18 20:00:00
598,281,looking_for_buddy,2026-08-28 17:00:00
351,281,going,2026-05-21 19:00:00
307,281,looking_for_buddy,2026-09-30 18:00:00
237,281,looking_for_buddy,2026-09-22 19:00:00
404,281,looking_for_buddy,2026-10-18 20:00:00
425,282,looking_for_buddy,2026-06-25 18:00:00
20,282,looking_for_buddy,2026-11-14 20:00:00
622,282,looking_for_buddy,2026-12-31 19:00:00
503,282,looking_for_buddy,2026-12-06 21:00:00
232,282,looking_for_buddy,2026-11-03 21:00:00
580,282,looking_for_buddy,2026-09-28 19:00:00
312,282,looking_for_buddy,2026-06-13 17:00:00
636,282,going,2026-11-03 19:00:00
485,283,going,2026-09-11 21:00:00
14,283,going,2026-09-17 21:00:00
503,283,interested,2026-12-31 21:00:00
423,283,going,2026-10-13 18:00:00
621,283,interested,2026-09-17 23:00:00
36,283,looking_for_buddy,2026-06-30 17:00:00
412,283,going,2026-09-12 20:00:00
623,283,looking_for_buddy,2026-10-08 20:00:00
480,284,looking_for_buddy,2026-08-29 20:00:00
374,284,looking_for_buddy,2026-07-03 21:00:00
544,284,going,2027-01-10 20:00:00
505,284,looking_for_buddy,2026-11-15 21:00:00
528,284,looking_for_buddy,2026-06-22 17:00:00
393,284,looking_for_buddy,2026-05-30 19:00:00
169,284,looking_for_buddy,2026-06-24 17:00:00
499,284,interested,2026-07-03 17:00:00
625,285,going,2026-05-24 23:00:00
43,285,looking_for_buddy,2026-10-21 21:00:00
198,285,interested,2026-06-04 17:00:00
290,285,looking_for_buddy,2026-06-01 21:00:00
354,285,interested,2026-11-26 17:00:00
367,285,interested,2026-09-11 20:00:00
434,285,looking_for_buddy,2026-05-24 19:00:00
293,285,going,2026-06-06 20:00:00
15,286,looking_for_buddy,2026-08-15 18:00:00
223,286,going,2026-11-20 18:00:00
4,286,looking_for_buddy,2026-12-21 21:00:00
419,286,looking_for_buddy,2026-05-28 20:00:00
338,286,going,2026-07-25 17:00:00
75,286,looking_for_buddy,2026-11-29 18:00:00
117,286,going,2026-09-08 17:00:00
327,286,looking_for_buddy,2026-06-03 19:00:00
323,287,going,2026-10-31 19:00:00
495,287,looking_for_buddy,2026-11-11 21:00:00
176,287,interested,2026-07-05 19:00:00
595,287,interested,2026-09-22 20:00:00
214,287,looking_for_buddy,2026-10-02 19:00:00
441,287,looking_for_buddy,2027-01-07 17:00:00
636,287,going,2026-11-13 19:00:00
422,287,looking_for_buddy,2026-07-13 20:00:00
629,288,looking_for_buddy,2026-08-22 23:00:00
482,288,looking_for_buddy,2026-09-12 18:00:00
464,288,looking_for_buddy,2026-09-15 20:00:00
40,288,interested,2026-11-15 19:00:00
185,288,going,2026-10-23 18:00:00
17,288,looking_for_buddy,2026-06-10 18:00:00
216,288,interested,2026-10-15 20:00:00
627,288,going,2026-07-03 22:00:00
571,289,looking_for_buddy,2026-11-29 19:00:00
493,289,looking_for_buddy,2026-05-26 19:00:00
83,289,interested,2026-09-06 19:00:00
587,289,looking_for_buddy,2026-10-04 17:00:00
205,289,going,2026-12-20 21:00:00
660,289,interested,2026-12-01 20:00:00
313,289,looking_for_buddy,2026-07-07 19:00:00
118,289,looking_for_buddy,2026-07-24 21:00:00
556,290,looking_for_buddy,2027-01-16 21:00:00
570,290,interested,2026-08-02 19:00:00
520,290,going,2026-12-22 18:00:00
51,290,looking_for_buddy,2026-09-04 19:00:00
400,290,looking_for_buddy,2026-09-21 18:00:00
148,290,looking_for_buddy,2026-11-22 20:00:00
614,290,looking_for_buddy,2026-10-05 19:00:00
249,290,looking_for_buddy,2026-09-12 19:00:00
78,291,interested,2026-12-25 19:00:00
537,291,looking_for_buddy,2026-08-25 17:00:00
68,291,looking_for_buddy,2026-05-30 20:00:00
413,291,looking_for_buddy,2026-07-10 21:00:00
224,291,going,2026-08-22 21:00:00
292,291,going,2026-12-20 19:00:00
5,291,interested,2026-12-20 19:00:00
1,291,interested,2026-09-18 21:00:00
325,292,interested,2026-09-30 20:00:00
467,292,going,2026-08-12 17:00:00
443,292,looking_for_buddy,2026-07-25 20:00:00
15,292,looking_for_buddy,2026-07-29 18:00:00
628,292,going,2026-08-02 21:00:00
597,292,going,2026-09-14 17:00:00
223,292,looking_for_buddy,2026-11-07 18:00:00
395,292,going,2026-05-26 19:00:00
266,293,going,2026-11-27 17:00:00
206,293,looking_for_buddy,2026-10-28 20:00:00
210,293,looking_for_buddy,2026-06-26 21:00:00
553,293,going,2026-12-03 20:00:00
412,293,interested,2026-09-07 20:00:00
436,293,interested,2026-09-03 21:00:00
425,293,interested,2026-06-21 18:00:00
547,293,looking_for_buddy,2026-07-11 20:00:00
141,294,interested,2026-09-17 18:00:00
356,294,looking_for_buddy,2027-01-06 18:00:00
462,294,looking_for_buddy,2026-08-19 21:00:00
330,294,looking_for_buddy,2026-11-27 20:00:00
202,294,looking_for_buddy,2026-07-06 17:00:00
453,294,going,2026-08-04 18:00:00
257,294,looking_for_buddy,2026-10-26 18:00:00
186,294,going,2026-11-17 19:00:00
214,295,looking_for_buddy,2026-10-06 19:00:00
547,295,interested,2026-07-02 20:00:00
660,295,interested,2026-12-01 20:00:00
495,295,looking_for_buddy,2026-11-14 21:00:00
425,295,looking_for_buddy,2026-07-02 18:00:00
545,295,looking_for_buddy,2026-07-29 20:00:00
595,295,looking_for_buddy,2026-09-12 20:00:00
416,295,looking_for_buddy,2026-06-29 19:00:00
537,296,interested,2026-08-18 17:00:00
199,296,looking_for_buddy,2026-07-12 20:00:00
572,296,going,2026-11-16 19:00:00
292,296,looking_for_buddy,2026-12-30 19:00:00
430,296,looking_for_buddy,2026-07-18 20:00:00
369,296,looking_for_buddy,2026-12-12 20:00:00
260,296,looking_for_buddy,2026-09-18 20:00:00
311,296,looking_for_buddy,2026-06-15 20:00:00
337,297,looking_for_buddy,2026-11-27 21:00:00
416,297,looking_for_buddy,2026-06-27 19:00:00
132,297,looking_for_buddy,2026-09-23 18:00:00
176,297,going,2026-07-03 19:00:00
214,297,looking_for_buddy,2026-10-19 19:00:00
495,297,looking_for_buddy,2026-10-30 21:00:00
206,297,looking_for_buddy,2026-10-12 20:00:00
158,297,interested,2026-08-07 17:00:00
14,298,going,2026-09-08 21:00:00
36,298,looking_for_buddy,2026-06-30 17:00:00
580,298,interested,2026-09-16 19:00:00
205,298,interested,2026-12-06 21:00:00
193,298,looking_for_buddy,2026-06-01 19:00:00
477,298,going,2026-05-28 20:00:00
246,298,interested,2026-09-29 18:00:00
587,298,interested,2026-10-16 17:00:00
394,299,interested,2026-10-11 17:00:00
539,299,going,2026-12-04 18:00:00
510,299,interested,2026-12-06 18:00:00
264,299,looking_for_buddy,2026-07-12 21:00:00
151,299,going,2027-01-16 18:00:00
486,299,looking_for_buddy,2026-06-25 20:00:00
102,299,looking_for_buddy,2026-07-27 17:00:00
351,299,looking_for_buddy,2026-05-19 19:00:00
544,300,going,2026-12-15 20:00:00
374,300,interested,2026-07-14 21:00:00
387,300,looking_for_buddy,2026-08-19 18:00:00
505,300,going,2026-11-17 21:00:00
435,300,looking_for_buddy,2026-08-28 18:00:00
274,300,interested,2026-12-17 19:00:00
574,300,going,2026-10-12 19:00:00
195,300,interested,2026-12-01 21:00:00
461,301,going,2026-11-25 17:00:00
390,301,going,2026-10-28 21:00:00
579,301,going,2026-10-15 19:00:00
357,301,going,2026-06-26 20:00:00
293,301,looking_for_buddy,2026-06-06 20:00:00
295,301,looking_for_buddy,2026-09-20 17:00:00
15,301,interested,2026-07-27 18:00:00
389,301,interested,2026-10-14 19:00:00
496,302,looking_for_buddy,2026-10-09 20:00:00
171,302,looking_for_buddy,2026-11-14 20:00:00
618,302,looking_for_buddy,2026-08-17 20:00:00
412,302,looking_for_buddy,2026-09-18 20:00:00
422,302,going,2026-07-12 20:00:00
587,302,looking_for_buddy,2026-10-22 17:00:00
488,302,going,2026-10-11 19:00:00
621,302,going,2026-09-16 23:00:00
413,303,going,2026-06-29 21:00:00
265,303,interested,2026-10-21 18:00:00
458,303,going,2026-09-27 18:00:00
534,303,going,2026-10-23 18:00:00
53,303,looking_for_buddy,2026-10-11 20:00:00
370,303,going,2026-06-05 19:00:00
144,303,going,2026-09-16 21:00:00
199,303,looking_for_buddy,2026-07-24 20:00:00
179,304,looking_for_buddy,2026-08-30 18:00:00
328,304,going,2026-11-18 18:00:00
268,304,going,2026-08-20 18:00:00
151,304,looking_for_buddy,2027-01-16 18:00:00
2,304,interested,2026-07-05 17:00:00
242,304,looking_for_buddy,2026-11-09 19:00:00
307,304,going,2026-10-03 18:00:00
603,304,looking_for_buddy,2027-01-03 20:00:00
65,305,looking_for_buddy,2026-11-06 18:00:00
460,305,interested,2026-06-07 20:00:00
133,305,looking_for_buddy,2026-07-18 19:00:00
95,305,interested,2026-08-04 21:00:00
37,305,going,2026-07-03 19:00:00
233,305,looking_for_buddy,2026-05-18 20:00:00
324,305,looking_for_buddy,2026-11-21 20:00:00
429,305,interested,2026-10-06 19:00:00
334,306,going,2026-06-24 18:00:00
18,306,interested,2026-10-02 19:00:00
75,306,interested,2026-11-25 18:00:00
129,306,looking_for_buddy,2026-06-21 17:00:00
94,306,looking_for_buddy,2026-07-02 18:00:00
327,306,going,2026-06-21 19:00:00
226,306,going,2026-08-27 18:00:00
527,306,interested,2026-11-01 20:00:00
559,307,going,2026-08-31 18:00:00
456,307,interested,2026-07-11 19:00:00
334,307,looking_for_buddy,2026-07-11 18:00:00
90,307,looking_for_buddy,2026-09-23 18:00:00
421,307,looking_for_buddy,2026-09-26 18:00:00
295,307,going,2026-09-14 17:00:00
122,307,going,2026-07-17 17:00:00
389,307,looking_for_buddy,2026-10-01 19:00:00
568,308,going,2026-06-27 17:00:00
129,308,interested,2026-07-07 17:00:00
583,308,looking_for_buddy,2026-07-02 19:00:00
523,308,interested,2026-09-22 19:00:00
457,308,looking_for_buddy,2026-08-11 20:00:00
390,308,going,2026-11-06 21:00:00
276,308,looking_for_buddy,2026-12-29 21:00:00
506,308,looking_for_buddy,2026-08-12 21:00:00
179,309,looking_for_buddy,2026-09-01 18:00:00
26,309,interested,2026-07-25 18:00:00
411,309,going,2026-07-12 17:00:00
326,309,interested,2026-12-05 21:00:00
469,309,interested,2026-10-21 20:00:00
643,309,looking_for_buddy,2026-08-21 23:00:00
92,309,looking_for_buddy,2026-12-22 21:00:00
515,309,interested,2026-11-23 20:00:00
362,310,looking_for_buddy,2026-06-15 21:00:00
521,310,looking_for_buddy,2026-11-03 17:00:00
7,310,looking_for_buddy,2026-09-19 19:00:00
596,310,looking_for_buddy,2026-12-05 21:00:00
249,310,looking_for_buddy,2026-09-29 19:00:00
415,310,looking_for_buddy,2026-07-12 21:00:00
318,310,looking_for_buddy,2026-07-15 19:00:00
252,310,looking_for_buddy,2026-06-06 19:00:00
432,311,interested,2026-12-26 17:00:00
594,311,looking_for_buddy,2026-10-02 20:00:00
504,311,going,2026-11-23 21:00:00
341,311,going,2026-06-18 21:00:00
540,311,looking_for_buddy,2026-05-12 17:00:00
139,311,looking_for_buddy,2026-09-14 19:00:00
317,311,interested,2026-09-26 20:00:00
584,311,interested,2026-05-06 18:00:00
626,312,looking_for_buddy,2026-06-16 20:00:00
634,312,going,2026-09-17 22:00:00
484,312,looking_for_buddy,2026-05-27 18:00:00
65,312,interested,2026-10-23 18:00:00
592,312,going,2026-07-14 21:00:00
556,312,looking_for_buddy,2027-01-02 21:00:00
349,312,looking_for_buddy,2026-07-06 20:00:00
648,312,looking_for_buddy,2027-01-17 22:00:00
295,313,going,2026-09-18 17:00:00
334,313,going,2026-07-06 18:00:00
82,313,interested,2026-06-06 21:00:00
190,313,interested,2026-06-28 19:00:00
550,313,going,2026-08-19 17:00:00
600,313,looking_for_buddy,2026-06-22 20:00:00
506,313,interested,2026-09-07 21:00:00
19,313,looking_for_buddy,2026-09-05 20:00:00
120,314,looking_for_buddy,2026-08-02 21:00:00
653,314,interested,2026-11-07 23:00:00
169,314,going,2026-06-30 17:00:00
480,314,looking_for_buddy,2026-08-15 20:00:00
191,314,looking_for_buddy,2026-11-27 20:00:00
207,314,looking_for_buddy,2026-12-19 20:00:00
505,314,interested,2026-11-29 21:00:00
300,314,looking_for_buddy,2026-12-30 19:00:00
612,315,looking_for_buddy,2026-11-20 22:00:00
520,315,looking_for_buddy,2026-12-18 18:00:00
484,315,looking_for_buddy,2026-06-18 18:00:00
95,315,looking_for_buddy,2026-07-17 21:00:00
617,315,interested,2026-11-08 22:00:00
217,315,looking_for_buddy,2026-11-28 18:00:00
561,315,going,2026-06-15 21:00:00
127,315,interested,2026-08-01 20:00:00
317,316,looking_for_buddy,2026-09-14 20:00:00
371,316,looking_for_buddy,2026-12-13 17:00:00
336,316,looking_for_buddy,2027-01-05 18:00:00
212,316,looking_for_buddy,2026-12-03 19:00:00
341,316,looking_for_buddy,2026-06-10 21:00:00
255,316,looking_for_buddy,2026-12-16 20:00:00
284,316,looking_for_buddy,2026-09-12 21:00:00
573,316,interested,2026-10-06 18:00:00
249,317,interested,2026-09-26 19:00:00
556,317,looking_for_buddy,2027-01-11 21:00:00
542,317,going,2026-07-16 20:00:00
267,317,going,2026-10-09 17:00:00
576,317,going,2026-05-21 20:00:00
532,317,looking_for_buddy,2026-09-25 17:00:00
648,317,interested,2027-01-04 22:00:00
640,317,going,2026-08-18 22:00:00
485,318,interested,2026-09-06 21:00:00
36,318,looking_for_buddy,2026-06-22 17:00:00
551,318,looking_for_buddy,2026-12-06 20:00:00
488,318,looking_for_buddy,2026-10-06 19:00:00
154,318,looking_for_buddy,2026-09-28 18:00:00
193,318,going,2026-06-21 19:00:00
214,318,interested,2026-10-13 19:00:00
14,318,interested,2026-09-15 21:00:00
530,319,looking_for_buddy,2026-11-21 18:00:00
652,319,looking_for_buddy,2026-09-21 23:00:00
458,319,looking_for_buddy,2026-09-27 18:00:00
491,319,looking_for_buddy,2026-09-20 18:00:00
413,319,going,2026-07-07 21:00:00
53,319,looking_for_buddy,2026-10-24 20:00:00
380,319,looking_for_buddy,2026-09-19 21:00:00
60,319,looking_for_buddy,2026-08-21 21:00:00
651,320,looking_for_buddy,2026-05-08 21:00:00
115,320,interested,2026-10-23 17:00:00
82,320,interested,2026-06-06 21:00:00
327,320,looking_for_buddy,2026-06-09 19:00:00
579,320,going,2026-10-12 19:00:00
295,320,interested,2026-09-15 17:00:00
9,320,looking_for_buddy,2026-07-13 17:00:00
332,320,looking_for_buddy,2026-11-13 17:00:00
596,321,interested,2026-12-09 21:00:00
532,321,looking_for_buddy,2026-10-09 17:00:00
409,321,looking_for_buddy,2026-11-01 19:00:00
360,321,interested,2026-12-07 17:00:00
614,321,looking_for_buddy,2026-09-27 19:00:00
318,321,going,2026-06-25 19:00:00
556,321,interested,2027-01-14 21:00:00
570,321,looking_for_buddy,2026-08-17 19:00:00
432,322,looking_for_buddy,2026-12-26 17:00:00
505,322,going,2026-12-03 21:00:00
411,322,interested,2026-07-03 17:00:00
539,322,looking_for_buddy,2026-12-20 18:00:00
194,322,looking_for_buddy,2026-07-17 19:00:00
404,322,looking_for_buddy,2026-10-15 20:00:00
166,322,going,2026-08-20 17:00:00
92,322,going,2026-11-27 21:00:00
476,323,looking_for_buddy,2026-12-29 18:00:00
480,323,looking_for_buddy,2026-08-23 20:00:00
136,323,interested,2026-08-24 21:00:00
195,323,going,2026-12-21 21:00:00
120,323,looking_for_buddy,2026-08-15 21:00:00
274,323,looking_for_buddy,2026-12-28 19:00:00
588,323,interested,2026-10-02 18:00:00
300,323,going,2027-01-17 19:00:00
117,324,looking_for_buddy,2026-09-17 17:00:00
357,324,looking_for_buddy,2026-06-21 20:00:00
390,324,looking_for_buddy,2026-10-14 21:00:00
225,324,going,2026-06-17 17:00:00
506,324,interested,2026-09-07 21:00:00
338,324,going,2026-07-19 17:00:00
122,324,interested,2026-07-09 17:00:00
305,324,going,2026-11-29 18:00:00
14,325,going,2026-09-12 21:00:00
36,325,looking_for_buddy,2026-06-22 17:00:00
412,325,interested,2026-10-01 20:00:00
89,325,looking_for_buddy,2026-11-26 20:00:00
475,325,going,2026-12-20 19:00:00
425,325,looking_for_buddy,2026-07-08 18:00:00
266,325,looking_for_buddy,2026-12-04 17:00:00
485,325,interested,2026-08-22 21:00:00
627,326,looking_for_buddy,2026-06-21 22:00:00
155,326,going,2026-06-20 20:00:00
262,326,going,2026-09-16 19:00:00
489,326,looking_for_buddy,2027-01-01 17:00:00
174,326,interested,2026-07-23 20:00:00
187,326,going,2026-12-29 20:00:00
413,326,going,2026-07-02 21:00:00
458,326,looking_for_buddy,2026-09-17 18:00:00
105,327,looking_for_buddy,2026-06-11 21:00:00
197,327,looking_for_buddy,2026-06-30 18:00:00
522,327,interested,2026-11-08 17:00:00
86,327,going,2026-09-16 20:00:00
409,327,looking_for_buddy,2026-10-27 19:00:00
315,327,going,2026-06-19 18:00:00
208,327,going,2026-09-21 19:00:00
576,327,going,2026-05-15 20:00:00
387,328,looking_for_buddy,2026-08-27 18:00:00
584,328,going,2026-05-29 18:00:00
259,328,going,2026-07-09 17:00:00
594,328,looking_for_buddy,2026-10-05 20:00:00
195,328,looking_for_buddy,2026-12-17 21:00:00
191,328,looking_for_buddy,2026-12-07 20:00:00
504,328,looking_for_buddy,2026-11-23 21:00:00
10,328,going,2026-10-21 17:00:00
215,329,going,2026-11-26 18:00:00
61,329,looking_for_buddy,2026-07-04 17:00:00
251,329,interested,2026-10-08 20:00:00
330,329,going,2026-12-08 20:00:00
614,329,looking_for_buddy,2026-09-30 19:00:00
556,329,looking_for_buddy,2027-01-02 21:00:00
409,329,going,2026-10-22 19:00:00
86,329,going,2026-09-10 20:00:00
506,330,looking_for_buddy,2026-09-07 21:00:00
54,330,looking_for_buddy,2026-05-16 19:00:00
129,330,looking_for_buddy,2026-07-16 17:00:00
124,330,interested,2026-09-21 20:00:00
334,330,interested,2026-07-08 18:00:00
316,330,looking_for_buddy,2026-10-24 19:00:00
600,330,looking_for_buddy,2026-06-17 20:00:00
481,330,looking_for_buddy,2026-07-02 18:00:00
338,331,interested,2026-07-27 17:00:00
579,331,interested,2026-10-09 19:00:00
122,331,looking_for_buddy,2026-07-09 17:00:00
334,331,looking_for_buddy,2026-06-27 18:00:00
516,331,looking_for_buddy,2026-11-09 18:00:00
390,331,interested,2026-10-10 21:00:00
557,331,going,2026-06-30 20:00:00
160,331,looking_for_buddy,2026-09-12 18:00:00
586,332,looking_for_buddy,2026-10-22 17:00:00
425,332,going,2026-07-14 18:00:00
495,332,interested,2026-11-01 21:00:00
266,332,interested,2026-11-24 17:00:00
89,332,looking_for_buddy,2026-11-11 20:00:00
511,332,looking_for_buddy,2026-12-12 17:00:00
547,332,interested,2026-07-17 20:00:00
631,332,looking_for_buddy,2026-06-06 22:00:00
457,333,looking_for_buddy,2026-08-09 20:00:00
568,333,looking_for_buddy,2026-06-27 17:00:00
223,333,looking_for_buddy,2026-11-24 18:00:00
129,333,looking_for_buddy,2026-07-10 17:00:00
600,333,looking_for_buddy,2026-06-08 20:00:00
514,333,looking_for_buddy,2026-09-04 19:00:00
135,333,looking_for_buddy,2026-12-24 20:00:00
395,333,interested,2026-05-25 19:00:00
539,334,looking_for_buddy,2026-12-20 18:00:00
300,334,interested,2027-01-12 19:00:00
499,334,looking_for_buddy,2026-07-06 17:00:00
566,334,interested,2026-08-21 18:00:00
480,334,going,2026-08-01 20:00:00
317,334,interested,2026-09-30 20:00:00
98,334,looking_for_buddy,2026-09-13 17:00:00
178,334,looking_for_buddy,2026-06-01 20:00:00
178,335,looking_for_buddy,2026-06-02 20:00:00
510,335,interested,2026-12-09 18:00:00
156,335,going,2026-06-08 20:00:00
515,335,going,2026-12-03 20:00:00
85,335,going,2026-07-21 18:00:00
602,335,going,2026-09-20 21:00:00
98,335,interested,2026-08-31 17:00:00
637,335,going,2026-09-04 23:00:00
156,336,going,2026-05-16 20:00:00
169,336,looking_for_buddy,2026-07-04 17:00:00
435,336,looking_for_buddy,2026-08-21 18:00:00
655,336,going,2026-05-21 19:00:00
328,336,looking_for_buddy,2026-12-02 18:00:00
274,336,interested,2026-12-22 19:00:00
298,336,interested,2026-08-18 17:00:00
658,336,looking_for_buddy,2026-08-23 23:00:00
657,337,interested,2026-11-11 19:00:00
364,337,looking_for_buddy,2026-12-22 19:00:00
613,337,going,2026-09-08 23:00:00
76,337,looking_for_buddy,2027-01-06 17:00:00
114,337,going,2026-10-07 20:00:00
35,337,interested,2026-08-09 19:00:00
489,337,interested,2026-12-26 17:00:00
91,337,interested,2026-08-05 17:00:00
173,338,looking_for_buddy,2026-07-30 18:00:00
233,338,going,2026-05-09 20:00:00
453,338,going,2026-08-05 18:00:00
222,338,going,2026-10-07 19:00:00
271,338,looking_for_buddy,2026-09-07 18:00:00
460,338,looking_for_buddy,2026-06-01 20:00:00
318,338,interested,2026-07-03 19:00:00
373,338,going,2026-10-05 19:00:00
477,339,looking_for_buddy,2026-06-04 20:00:00
396,339,going,2026-12-05 18:00:00
100,339,interested,2027-01-19 17:00:00
423,339,looking_for_buddy,2026-10-18 18:00:00
636,339,interested,2026-10-26 19:00:00
22,339,going,2026-06-05 17:00:00
154,339,looking_for_buddy,2026-10-02 18:00:00
340,339,looking_for_buddy,2026-12-24 19:00:00
258,340,looking_for_buddy,2026-12-14 17:00:00
409,340,looking_for_buddy,2026-10-14 19:00:00
596,340,looking_for_buddy,2026-11-20 21:00:00
565,340,interested,2027-01-07 18:00:00
127,340,looking_for_buddy,2026-08-10 20:00:00
37,340,looking_for_buddy,2026-06-23 19:00:00
202,340,looking_for_buddy,2026-07-04 17:00:00
208,340,looking_for_buddy,2026-09-26 19:00:00
225,341,looking_for_buddy,2026-06-02 17:00:00
568,341,looking_for_buddy,2026-06-17 17:00:00
48,341,going,2026-08-10 19:00:00
600,341,looking_for_buddy,2026-06-07 20:00:00
226,341,interested,2026-09-14 18:00:00
367,341,interested,2026-10-04 20:00:00
527,341,interested,2026-10-31 20:00:00
54,341,interested,2026-05-17 19:00:00
475,342,looking_for_buddy,2026-12-05 19:00:00
25,342,interested,2026-08-17 19:00:00
14,342,looking_for_buddy,2026-09-06 21:00:00
214,342,looking_for_buddy,2026-10-17 19:00:00
340,342,interested,2026-12-22 19:00:00
227,342,going,2027-01-15 17:00:00
416,342,looking_for_buddy,2026-06-25 19:00:00
188,342,going,2026-07-11 21:00:00
448,343,looking_for_buddy,2026-11-06 20:00:00
506,343,going,2026-08-19 21:00:00
223,343,looking_for_buddy,2026-11-29 18:00:00
604,343,looking_for_buddy,2026-07-21 21:00:00
390,343,looking_for_buddy,2026-11-03 21:00:00
600,343,looking_for_buddy,2026-06-06 20:00:00
129,343,looking_for_buddy,2026-07-19 17:00:00
325,343,looking_for_buddy,2026-10-05 20:00:00
610,344,looking_for_buddy,2026-08-09 19:00:00
191,344,looking_for_buddy,2026-12-05 20:00:00
584,344,going,2026-05-30 18:00:00
411,344,looking_for_buddy,2026-07-10 17:00:00
376,344,looking_for_buddy,2026-05-17 20:00:00
326,344,looking_for_buddy,2026-12-10 21:00:00
12,344,interested,2027-01-05 19:00:00
566,344,interested,2026-08-27 18:00:00
526,345,going,2026-07-29 21:00:00
568,345,looking_for_buddy,2026-06-11 17:00:00
583,345,going,2026-07-16 19:00:00
223,345,looking_for_buddy,2026-11-23 18:00:00
395,345,looking_for_buddy,2026-05-16 19:00:00
54,345,looking_for_buddy,2026-05-20 19:00:00
129,345,looking_for_buddy,2026-07-03 17:00:00
276,345,going,2027-01-05 21:00:00
573,346,interested,2026-10-09 18:00:00
50,346,going,2026-05-13 21:00:00
469,346,interested,2026-10-04 20:00:00
387,346,interested,2026-09-03 18:00:00
284,346,looking_for_buddy,2026-09-24 21:00:00
47,346,looking_for_buddy,2026-12-03 21:00:00
641,346,looking_for_buddy,2027-01-23 20:00:00
235,346,interested,2026-08-11 21:00:00
334,347,looking_for_buddy,2026-06-20 18:00:00
506,347,interested,2026-08-25 21:00:00
18,347,going,2026-10-09 19:00:00
82,347,looking_for_buddy,2026-05-26 21:00:00
305,347,going,2026-11-27 18:00:00
395,347,going,2026-06-05 19:00:00
597,347,interested,2026-09-09 17:00:00
419,347,looking_for_buddy,2026-05-19 20:00:00
502,348,looking_for_buddy,2026-09-19 20:00:00
184,348,going,2026-11-13 18:00:00
214,348,going,2026-10-12 19:00:00
427,348,looking_for_buddy,2026-06-04 20:00:00
418,348,interested,2026-06-18 18:00:00
495,348,going,2026-10-24 21:00:00
493,348,interested,2026-06-07 19:00:00
511,348,going,2026-12-09 17:00:00
191,349,interested,2026-11-24 20:00:00
405,349,interested,2026-09-16 19:00:00
638,349,interested,2026-05-16 22:00:00
452,349,interested,2026-06-29 20:00:00
12,349,looking_for_buddy,2027-01-14 19:00:00
639,349,interested,2026-09-27 21:00:00
499,349,interested,2026-07-17 17:00:00
284,349,interested,2026-09-13 21:00:00
194,350,interested,2026-07-16 19:00:00
235,350,interested,2026-08-08 21:00:00
92,350,looking_for_buddy,2026-12-08 21:00:00
426,350,going,2026-07-21 20:00:00
336,350,going,2027-01-04 18:00:00
326,350,looking_for_buddy,2026-12-21 21:00:00
284,350,going,2026-09-10 21:00:00
653,350,looking_for_buddy,2026-11-12 23:00:00
300,351,looking_for_buddy,2027-01-13 19:00:00
602,351,interested,2026-09-09 21:00:00
195,351,looking_for_buddy,2026-12-21 21:00:00
136,351,interested,2026-09-01 21:00:00
2,351,going,2026-07-01 17:00:00
120,351,looking_for_buddy,2026-07-25 21:00:00
504,351,interested,2026-12-02 21:00:00
274,351,looking_for_buddy,2026-12-29 19:00:00
409,352,interested,2026-11-03 19:00:00
399,352,going,2026-09-27 18:00:00
7,352,going,2026-09-10 19:00:00
95,352,going,2026-08-09 21:00:00
424,352,looking_for_buddy,2026-09-08 17:00:00
86,352,interested,2026-09-03 20:00:00
105,352,interested,2026-06-23 21:00:00
145,352,interested,2026-08-09 21:00:00
384,353,interested,2026-12-28 18:00:00
295,353,looking_for_buddy,2026-09-22 17:00:00
73,353,interested,2026-11-27 21:00:00
19,353,going,2026-08-29 20:00:00
190,353,looking_for_buddy,2026-06-11 19:00:00
550,353,interested,2026-08-14 17:00:00
651,353,looking_for_buddy,2026-05-07 21:00:00
122,353,looking_for_buddy,2026-07-20 17:00:00
205,354,interested,2026-12-14 21:00:00
158,354,looking_for_buddy,2026-07-22 17:00:00
587,354,interested,2026-10-14 17:00:00
571,354,looking_for_buddy,2026-11-17 19:00:00
275,354,going,2026-07-30 21:00:00
214,354,interested,2026-10-03 19:00:00
118,354,looking_for_buddy,2026-08-06 21:00:00
152,354,looking_for_buddy,2026-11-28 21:00:00
214,355,looking_for_buddy,2026-10-18 19:00:00
184,355,interested,2026-10-21 18:00:00
427,355,going,2026-06-08 20:00:00
294,355,looking_for_buddy,2026-10-18 17:00:00
416,355,looking_for_buddy,2026-07-05 19:00:00
159,355,looking_for_buddy,2026-05-18 17:00:00
587,355,looking_for_buddy,2026-09-27 17:00:00
607,355,looking_for_buddy,2026-07-14 21:00:00
95,356,looking_for_buddy,2026-07-28 21:00:00
147,356,interested,2026-10-31 18:00:00
642,356,looking_for_buddy,2026-10-05 21:00:00
238,356,interested,2026-11-23 21:00:00
612,356,looking_for_buddy,2026-11-24 22:00:00
51,356,looking_for_buddy,2026-08-31 19:00:00
251,356,looking_for_buddy,2026-10-11 20:00:00
617,356,going,2026-11-13 22:00:00
128,357,interested,2026-06-07 17:00:00
571,357,interested,2026-11-26 19:00:00
445,357,interested,2026-07-31 20:00:00
275,357,looking_for_buddy,2026-08-15 21:00:00
196,357,going,2027-01-09 21:00:00
313,357,interested,2026-07-02 19:00:00
425,357,looking_for_buddy,2026-06-29 18:00:00
67,357,interested,2026-05-15 20:00:00
646,358,looking_for_buddy,2026-11-03 21:00:00
4,358,interested,2027-01-08 21:00:00
600,358,going,2026-06-23 20:00:00
129,358,going,2026-06-29 17:00:00
395,358,looking_for_buddy,2026-05-14 19:00:00
223,358,looking_for_buddy,2026-11-29 18:00:00
398,358,looking_for_buddy,2026-08-31 17:00:00
48,358,looking_for_buddy,2026-07-20 19:00:00
495,359,interested,2026-11-11 21:00:00
503,359,interested,2026-12-15 21:00:00
609,359,interested,2026-06-01 22:00:00
193,359,looking_for_buddy,2026-06-07 19:00:00
621,359,looking_for_buddy,2026-08-26 23:00:00
347,359,going,2026-09-16 17:00:00
340,359,interested,2026-12-11 19:00:00
67,359,going,2026-05-22 20:00:00
506,360,looking_for_buddy,2026-08-15 21:00:00
456,360,looking_for_buddy,2026-07-17 19:00:00
282,360,interested,2026-11-24 18:00:00
18,360,interested,2026-10-18 19:00:00
470,360,looking_for_buddy,2026-09-06 18:00:00
305,360,looking_for_buddy,2026-12-05 18:00:00
334,360,looking_for_buddy,2026-07-09 18:00:00
117,360,interested,2026-08-31 17:00:00
542,361,going,2026-07-25 20:00:00
562,361,looking_for_buddy,2026-08-01 21:00:00
615,361,interested,2026-05-07 22:00:00
561,361,going,2026-07-03 21:00:00
450,361,interested,2026-08-13 20:00:00
536,361,interested,2026-06-25 21:00:00
272,361,interested,2026-12-06 17:00:00
65,361,interested,2026-10-26 18:00:00
453,362,interested,2026-08-06 18:00:00
257,362,going,2026-11-14 18:00:00
252,362,going,2026-06-19 19:00:00
204,362,going,2026-09-08 20:00:00
141,362,looking_for_buddy,2026-09-29 18:00:00
240,362,looking_for_buddy,2026-07-26 19:00:00
525,362,interested,2026-10-05 17:00:00
630,362,going,2026-11-06 21:00:00
185,363,looking_for_buddy,2026-10-20 18:00:00
199,363,looking_for_buddy,2026-07-03 20:00:00
649,363,looking_for_buddy,2026-08-10 23:00:00
60,363,going,2026-09-03 21:00:00
88,363,looking_for_buddy,2026-05-16 20:00:00
546,363,looking_for_buddy,2026-11-07 17:00:00
534,363,looking_for_buddy,2026-10-29 18:00:00
137,363,interested,2026-11-02 20:00:00
429,364,looking_for_buddy,2026-10-04 19:00:00
605,364,going,2026-07-01 19:00:00
141,364,looking_for_buddy,2026-09-23 18:00:00
252,364,looking_for_buddy,2026-06-19 19:00:00
148,364,looking_for_buddy,2026-11-04 20:00:00
462,364,going,2026-08-31 21:00:00
525,364,looking_for_buddy,2026-10-03 17:00:00
11,364,looking_for_buddy,2026-09-30 19:00:00
92,365,going,2026-12-09 21:00:00
274,365,looking_for_buddy,2026-12-03 19:00:00
584,365,going,2026-05-07 18:00:00
435,365,going,2026-08-25 18:00:00
179,365,looking_for_buddy,2026-09-02 18:00:00
307,365,looking_for_buddy,2026-10-09 18:00:00
371,365,going,2026-12-02 17:00:00
284,365,looking_for_buddy,2026-09-16 21:00:00
658,366,looking_for_buddy,2026-08-15 23:00:00
573,366,looking_for_buddy,2026-10-27 18:00:00
314,366,interested,2026-10-31 21:00:00
120,366,looking_for_buddy,2026-08-11 21:00:00
336,366,looking_for_buddy,2027-01-11 18:00:00
326,366,looking_for_buddy,2026-12-03 21:00:00
476,366,looking_for_buddy,2026-12-30 18:00:00
602,366,looking_for_buddy,2026-10-03 21:00:00
95,367,going,2026-08-01 21:00:00
61,367,looking_for_buddy,2026-07-03 17:00:00
556,367,going,2027-01-05 21:00:00
109,367,looking_for_buddy,2026-12-07 18:00:00
541,367,interested,2026-10-10 20:00:00
51,367,going,2026-09-04 19:00:00
349,367,interested,2026-07-06 20:00:00
315,367,interested,2026-06-26 18:00:00
269,368,looking_for_buddy,2026-10-22 18:00:00
287,368,looking_for_buddy,2026-09-04 20:00:00
214,368,looking_for_buddy,2026-10-16 19:00:00
188,368,interested,2026-06-28 21:00:00
83,368,interested,2026-10-03 19:00:00
587,368,looking_for_buddy,2026-10-09 17:00:00
312,368,going,2026-06-24 17:00:00
495,368,going,2026-11-01 21:00:00
425,369,interested,2026-06-26 18:00:00
25,369,going,2026-08-15 19:00:00
89,369,looking_for_buddy,2026-11-30 20:00:00
631,369,looking_for_buddy,2026-06-19 22:00:00
503,369,going,2026-12-30 21:00:00
609,369,interested,2026-05-09 22:00:00
347,369,going,2026-10-02 17:00:00
214,369,interested,2026-10-11 19:00:00
40,370,going,2026-10-27 19:00:00
471,370,looking_for_buddy,2026-12-25 18:00:00
369,370,interested,2026-12-16 20:00:00
256,370,looking_for_buddy,2026-08-01 17:00:00
17,370,going,2026-06-08 18:00:00
97,370,looking_for_buddy,2026-11-04 19:00:00
189,370,looking_for_buddy,2026-05-29 18:00:00
560,370,interested,2026-12-16 21:00:00
568,371,going,2026-06-23 17:00:00
646,371,interested,2026-10-31 21:00:00
600,371,going,2026-06-17 20:00:00
273,371,looking_for_buddy,2026-07-13 17:00:00
305,371,going,2026-12-06 18:00:00
523,371,going,2026-09-24 19:00:00
6,371,interested,2026-06-05 17:00:00
4,371,looking_for_buddy,2027-01-14 21:00:00
641,372,going,2027-01-02 20:00:00
212,372,looking_for_buddy,2026-12-20 19:00:00
336,372,interested,2027-01-07 18:00:00
300,372,interested,2027-01-04 19:00:00
610,372,interested,2026-07-31 19:00:00
130,372,going,2026-10-02 18:00:00
573,372,going,2026-10-24 18:00:00
371,372,going,2026-11-26 17:00:00
18,373,looking_for_buddy,2026-10-21 19:00:00
583,373,interested,2026-07-05 19:00:00
390,373,interested,2026-11-04 21:00:00
527,373,looking_for_buddy,2026-11-03 20:00:00
226,373,looking_for_buddy,2026-09-24 18:00:00
286,373,looking_for_buddy,2027-01-01 20:00:00
440,373,going,2026-06-02 21:00:00
507,373,looking_for_buddy,2026-12-28 21:00:00
334,374,looking_for_buddy,2026-07-01 18:00:00
599,374,looking_for_buddy,2026-12-05 18:00:00
506,374,looking_for_buddy,2026-08-23 21:00:00
299,374,looking_for_buddy,2026-09-22 19:00:00
543,374,looking_for_buddy,2026-12-12 19:00:00
282,374,interested,2026-11-27 18:00:00
390,374,looking_for_buddy,2026-10-21 21:00:00
395,374,going,2026-06-04 19:00:00
415,375,looking_for_buddy,2026-07-21 21:00:00
257,375,looking_for_buddy,2026-11-17 18:00:00
644,375,interested,2026-07-14 21:00:00
7,375,interested,2026-09-23 19:00:00
318,375,looking_for_buddy,2026-07-11 19:00:00
173,375,interested,2026-07-14 18:00:00
533,375,looking_for_buddy,2026-07-18 17:00:00
252,375,interested,2026-06-28 19:00:00
19,376,interested,2026-09-14 20:00:00
234,376,going,2026-12-12 18:00:00
509,376,interested,2026-09-27 20:00:00
582,376,going,2026-11-20 18:00:00
506,376,going,2026-08-20 21:00:00
568,376,looking_for_buddy,2026-06-28 17:00:00
367,376,interested,2026-09-18 20:00:00
322,376,going,2026-08-06 18:00:00
338,377,looking_for_buddy,2026-08-02 17:00:00
506,377,interested,2026-09-08 21:00:00
421,377,interested,2026-09-09 18:00:00
19,377,looking_for_buddy,2026-08-28 20:00:00
331,377,interested,2026-07-14 21:00:00
398,377,interested,2026-08-16 17:00:00
117,377,looking_for_buddy,2026-08-29 17:00:00
334,377,going,2026-07-06 18:00:00
547,378,interested,2026-07-18 20:00:00
132,378,looking_for_buddy,2026-09-20 18:00:00
177,378,going,2026-05-31 20:00:00
396,378,looking_for_buddy,2026-12-06 18:00:00
660,378,looking_for_buddy,2026-12-01 20:00:00
503,378,interested,2026-12-11 21:00:00
587,378,looking_for_buddy,2026-10-01 17:00:00
438,378,looking_for_buddy,2026-12-04 19:00:00
129,379,looking_for_buddy,2026-07-01 17:00:00
198,379,going,2026-06-05 17:00:00
325,379,looking_for_buddy,2026-10-06 20:00:00
527,379,going,2026-10-15 20:00:00
568,379,going,2026-07-03 17:00:00
377,379,looking_for_buddy,2027-01-03 18:00:00
600,379,looking_for_buddy,2026-06-02 20:00:00
293,379,going,2026-05-18 20:00:00
406,380,looking_for_buddy,2026-06-10 20:00:00
418,380,looking_for_buddy,2026-06-15 18:00:00
214,380,looking_for_buddy,2026-09-29 19:00:00
71,380,looking_for_buddy,2026-09-09 18:00:00
184,380,looking_for_buddy,2026-10-20 18:00:00
176,380,looking_for_buddy,2026-06-07 19:00:00
132,380,looking_for_buddy,2026-09-25 18:00:00
571,380,looking_for_buddy,2026-11-26 19:00:00
338,381,looking_for_buddy,2026-08-06 17:00:00
334,381,looking_for_buddy,2026-06-22 18:00:00
543,381,looking_for_buddy,2026-12-25 19:00:00
557,381,looking_for_buddy,2026-06-24 20:00:00
398,381,going,2026-09-03 17:00:00
142,381,looking_for_buddy,2026-07-24 18:00:00
305,381,looking_for_buddy,2026-11-09 18:00:00
506,381,looking_for_buddy,2026-08-16 21:00:00
464,382,looking_for_buddy,2026-09-20 20:00:00
364,382,interested,2026-12-26 19:00:00
39,382,looking_for_buddy,2026-08-07 21:00:00
370,382,looking_for_buddy,2026-05-17 19:00:00
369,382,going,2026-12-24 20:00:00
60,382,interested,2026-08-21 21:00:00
549,382,looking_for_buddy,2026-09-07 17:00:00
185,382,interested,2026-10-20 18:00:00
15,383,looking_for_buddy,2026-08-17 18:00:00
82,383,looking_for_buddy,2026-06-02 21:00:00
198,383,looking_for_buddy,2026-05-31 17:00:00
322,383,interested,2026-07-25 18:00:00
6,383,interested,2026-06-07 17:00:00
293,383,looking_for_buddy,2026-05-14 20:00:00
354,383,going,2026-11-26 17:00:00
575,383,interested,2026-07-22 20:00:00
334,384,looking_for_buddy,2026-07-01 18:00:00
223,384,interested,2026-11-28 18:00:00
506,384,interested,2026-08-20 21:00:00
338,384,looking_for_buddy,2026-07-12 17:00:00
568,384,looking_for_buddy,2026-06-18 17:00:00
543,384,looking_for_buddy,2026-12-12 19:00:00
305,384,looking_for_buddy,2026-12-07 18:00:00
390,384,interested,2026-10-29 21:00:00
381,385,interested,2026-11-04 21:00:00
196,385,looking_for_buddy,2027-01-13 21:00:00
67,385,looking_for_buddy,2026-05-16 20:00:00
503,385,interested,2026-12-05 21:00:00
445,385,looking_for_buddy,2026-08-16 20:00:00
359,385,looking_for_buddy,2026-11-03 19:00:00
167,385,interested,2026-11-17 21:00:00
22,385,going,2026-05-18 17:00:00
579,386,interested,2026-10-29 19:00:00
327,386,interested,2026-06-21 19:00:00
295,386,looking_for_buddy,2026-10-08 17:00:00
467,386,interested,2026-08-19 17:00:00
559,386,interested,2026-08-06 18:00:00
82,386,looking_for_buddy,2026-05-26 21:00:00
48,386,looking_for_buddy,2026-07-19 19:00:00
75,386,interested,2026-11-24 18:00:00
515,387,looking_for_buddy,2026-11-20 20:00:00
298,387,looking_for_buddy,2026-08-01 17:00:00
307,387,looking_for_buddy,2026-10-19 18:00:00
598,387,looking_for_buddy,2026-08-04 17:00:00
402,387,looking_for_buddy,2026-06-09 17:00:00
466,387,interested,2026-08-13 19:00:00
566,387,looking_for_buddy,2026-08-27 18:00:00
544,387,going,2026-12-21 20:00:00
272,388,going,2026-12-14 17:00:00
536,388,going,2026-07-01 21:00:00
373,388,interested,2026-10-19 19:00:00
561,388,looking_for_buddy,2026-06-29 21:00:00
656,388,going,2026-09-18 23:00:00
562,388,interested,2026-08-10 21:00:00
69,388,looking_for_buddy,2026-08-27 20:00:00
512,388,interested,2026-06-08 21:00:00
207,389,looking_for_buddy,2027-01-03 20:00:00
314,389,looking_for_buddy,2026-10-30 21:00:00
120,389,going,2026-08-20 21:00:00
130,389,interested,2026-10-15 18:00:00
136,389,looking_for_buddy,2026-08-19 21:00:00
504,389,going,2026-11-20 21:00:00
405,389,looking_for_buddy,2026-09-09 19:00:00
66,389,looking_for_buddy,2026-09-11 21:00:00
86,390,looking_for_buddy,2026-09-13 20:00:00
320,390,interested,2026-11-03 20:00:00
542,390,going,2026-07-14 20:00:00
37,390,going,2026-07-02 19:00:00
460,390,looking_for_buddy,2026-06-10 20:00:00
415,390,going,2026-07-07 21:00:00
61,390,looking_for_buddy,2026-07-04 17:00:00
105,390,looking_for_buddy,2026-06-24 21:00:00
658,391,looking_for_buddy,2026-09-01 23:00:00
259,391,going,2026-06-18 17:00:00
594,391,looking_for_buddy,2026-09-07 20:00:00
333,391,looking_for_buddy,2026-05-23 20:00:00
499,391,looking_for_buddy,2026-07-04 17:00:00
393,391,looking_for_buddy,2026-05-13 19:00:00
98,391,interested,2026-09-06 17:00:00
602,391,looking_for_buddy,2026-09-23 21:00:00
40,392,interested,2026-11-13 19:00:00
250,392,looking_for_buddy,2026-12-22 18:00:00
53,392,going,2026-10-15 20:00:00
285,392,interested,2026-10-30 21:00:00
189,392,interested,2026-06-16 18:00:00
155,392,going,2026-05-30 20:00:00
174,392,looking_for_buddy,2026-08-08 20:00:00
81,392,interested,2026-06-04 20:00:00
190,393,interested,2026-07-09 19:00:00
82,393,interested,2026-06-06 21:00:00
332,393,interested,2026-10-29 17:00:00
506,393,interested,2026-08-29 21:00:00
305,393,looking_for_buddy,2026-11-15 18:00:00
8,393,looking_for_buddy,2026-07-20 18:00:00
590,393,going,2026-08-08 17:00:00
6,393,going,2026-06-25 17:00:00
654,394,looking_for_buddy,2026-09-01 23:00:00
589,394,looking_for_buddy,2026-09-30 21:00:00
233,394,looking_for_buddy,2026-05-12 20:00:00
365,394,looking_for_buddy,2026-06-21 19:00:00
165,394,looking_for_buddy,2026-06-08 21:00:00
258,394,interested,2027-01-05 17:00:00
630,394,interested,2026-11-26 21:00:00
659,394,looking_for_buddy,2026-11-17 23:00:00
511,395,interested,2027-01-01 17:00:00
214,395,looking_for_buddy,2026-10-10 19:00:00
595,395,interested,2026-09-14 20:00:00
36,395,going,2026-07-13 17:00:00
607,395,looking_for_buddy,2026-07-03 21:00:00
184,395,interested,2026-10-23 18:00:00
502,395,looking_for_buddy,2026-09-05 20:00:00
21,395,interested,2026-07-14 21:00:00
388,396,looking_for_buddy,2026-06-30 20:00:00
145,396,interested,2026-08-20 21:00:00
267,396,going,2026-09-28 17:00:00
105,396,going,2026-06-12 21:00:00
252,396,looking_for_buddy,2026-06-10 19:00:00
520,396,going,2026-12-25 18:00:00
335,396,looking_for_buddy,2026-06-03 19:00:00
400,396,looking_for_buddy,2026-09-22 18:00:00
330,397,looking_for_buddy,2026-11-30 20:00:00
51,397,interested,2026-09-15 19:00:00
556,397,interested,2027-01-04 21:00:00
570,397,going,2026-08-28 19:00:00
272,397,looking_for_buddy,2026-12-14 17:00:00
596,397,looking_for_buddy,2026-12-18 21:00:00
409,397,looking_for_buddy,2026-10-09 19:00:00
111,397,looking_for_buddy,2026-07-02 21:00:00
91,398,looking_for_buddy,2026-08-20 17:00:00
187,398,going,2027-01-06 20:00:00
302,398,interested,2026-08-04 21:00:00
76,398,looking_for_buddy,2026-12-28 17:00:00
265,398,looking_for_buddy,2026-11-04 18:00:00
657,398,looking_for_buddy,2026-11-10 19:00:00
39,398,going,2026-08-14 21:00:00
364,398,looking_for_buddy,2026-12-25 19:00:00
282,399,looking_for_buddy,2026-11-16 18:00:00
6,399,interested,2026-06-13 17:00:00
604,399,looking_for_buddy,2026-07-13 21:00:00
115,399,looking_for_buddy,2026-10-08 17:00:00
278,399,looking_for_buddy,2026-07-25 20:00:00
160,399,interested,2026-09-12 18:00:00
9,399,looking_for_buddy,2026-07-06 17:00:00
168,399,interested,2026-07-28 17:00:00
53,400,looking_for_buddy,2026-10-23 20:00:00
155,400,going,2026-05-30 20:00:00
364,400,looking_for_buddy,2027-01-07 19:00:00
458,400,interested,2026-09-29 18:00:00
345,400,looking_for_buddy,2026-08-02 17:00:00
560,400,looking_for_buddy,2026-12-23 21:00:00
68,400,going,2026-06-14 20:00:00
413,400,looking_for_buddy,2026-07-05 21:00:00
168,401,interested,2026-08-03 17:00:00
377,401,interested,2026-12-30 18:00:00
198,401,looking_for_buddy,2026-05-19 17:00:00
59,401,interested,2026-07-18 20:00:00
293,401,interested,2026-06-08 20:00:00
338,401,interested,2026-08-07 17:00:00
575,401,going,2026-07-19 20:00:00
124,401,looking_for_buddy,2026-09-22 20:00:00
265,402,looking_for_buddy,2026-10-17 18:00:00
489,402,looking_for_buddy,2026-12-17 17:00:00
370,402,interested,2026-05-15 19:00:00
144,402,interested,2026-08-20 21:00:00
40,402,interested,2026-10-23 19:00:00
291,402,looking_for_buddy,2026-07-04 18:00:00
430,402,interested,2026-07-11 20:00:00
192,402,interested,2026-11-16 18:00:00
225,403,going,2026-06-02 17:00:00
579,403,going,2026-10-14 19:00:00
384,403,looking_for_buddy,2026-12-23 18:00:00
338,403,interested,2026-08-08 17:00:00
456,403,going,2026-07-11 19:00:00
295,403,looking_for_buddy,2026-10-09 17:00:00
153,403,looking_for_buddy,2026-10-27 19:00:00
8,403,going,2026-06-29 18:00:00
556,404,looking_for_buddy,2027-01-06 21:00:00
614,404,interested,2026-09-23 19:00:00
409,404,looking_for_buddy,2026-10-06 19:00:00
654,404,interested,2026-08-21 23:00:00
554,404,going,2026-08-15 21:00:00
532,404,looking_for_buddy,2026-09-24 17:00:00
596,404,looking_for_buddy,2026-12-05 21:00:00
141,404,looking_for_buddy,2026-09-19 18:00:00
571,405,looking_for_buddy,2026-11-12 19:00:00
547,405,interested,2026-07-20 20:00:00
116,405,looking_for_buddy,2026-09-16 21:00:00
214,405,going,2026-10-10 19:00:00
553,405,going,2026-12-22 20:00:00
89,405,looking_for_buddy,2026-11-22 20:00:00
288,405,looking_for_buddy,2026-08-06 19:00:00
158,405,interested,2026-07-30 17:00:00
265,406,looking_for_buddy,2026-10-31 18:00:00
649,406,interested,2026-08-07 23:00:00
465,406,going,2026-06-10 19:00:00
455,406,interested,2026-10-01 18:00:00
558,406,looking_for_buddy,2026-08-22 18:00:00
302,406,looking_for_buddy,2026-07-31 21:00:00
369,406,interested,2026-12-16 20:00:00
482,406,looking_for_buddy,2026-09-11 18:00:00
547,407,looking_for_buddy,2026-07-18 20:00:00
607,407,looking_for_buddy,2026-07-02 21:00:00
83,407,going,2026-09-05 19:00:00
177,407,interested,2026-06-02 20:00:00
287,407,going,2026-09-07 20:00:00
571,407,looking_for_buddy,2026-11-15 19:00:00
381,407,going,2026-10-16 21:00:00
89,407,going,2026-11-14 20:00:00
125,408,going,2026-11-06 19:00:00
65,408,looking_for_buddy,2026-11-14 18:00:00
541,408,interested,2026-10-28 20:00:00
409,408,interested,2026-10-24 19:00:00
616,408,looking_for_buddy,2026-11-04 19:00:00
614,408,interested,2026-10-06 19:00:00
556,408,interested,2026-12-24 21:00:00
654,408,looking_for_buddy,2026-08-09 23:00:00
198,409,looking_for_buddy,2026-05-16 17:00:00
357,409,interested,2026-06-15 20:00:00
575,409,looking_for_buddy,2026-07-03 20:00:00
135,409,going,2026-12-23 20:00:00
299,409,going,2026-10-05 19:00:00
15,409,going,2026-07-28 18:00:00
461,409,looking_for_buddy,2026-12-07 17:00:00
651,409,looking_for_buddy,2026-05-05 21:00:00
311,410,looking_for_buddy,2026-05-31 20:00:00
608,410,going,2026-08-30 19:00:00
107,410,interested,2026-11-20 19:00:00
174,410,looking_for_buddy,2026-07-31 20:00:00
364,410,looking_for_buddy,2026-12-29 19:00:00
236,410,interested,2026-11-24 20:00:00
489,410,interested,2026-12-11 17:00:00
321,410,going,2026-05-22 17:00:00
568,411,interested,2026-06-13 17:00:00
190,411,interested,2026-06-26 19:00:00
325,411,interested,2026-09-23 20:00:00
299,411,looking_for_buddy,2026-10-02 19:00:00
506,411,interested,2026-09-02 21:00:00
509,411,going,2026-09-24 20:00:00
575,411,interested,2026-07-02 20:00:00
582,411,going,2026-11-26 18:00:00
155,412,looking_for_buddy,2026-05-30 20:00:00
262,412,looking_for_buddy,2026-09-14 19:00:00
163,412,looking_for_buddy,2026-09-25 21:00:00
161,412,going,2026-10-31 17:00:00
189,412,looking_for_buddy,2026-06-10 18:00:00
17,412,looking_for_buddy,2026-06-16 18:00:00
458,412,going,2026-10-07 18:00:00
107,412,looking_for_buddy,2026-11-07 19:00:00
113,413,going,2026-11-12 17:00:00
409,413,going,2026-10-17 19:00:00
109,413,going,2026-12-26 18:00:00
532,413,interested,2026-09-23 17:00:00
145,413,going,2026-08-17 21:00:00
596,413,interested,2026-12-07 21:00:00
61,413,looking_for_buddy,2026-07-07 17:00:00
208,413,looking_for_buddy,2026-09-14 19:00:00
236,414,looking_for_buddy,2026-11-24 20:00:00
489,414,interested,2027-01-05 17:00:00
304,414,going,2026-06-26 20:00:00
78,414,looking_for_buddy,2027-01-10 19:00:00
491,414,looking_for_buddy,2026-09-10 18:00:00
652,414,looking_for_buddy,2026-09-12 23:00:00
40,414,looking_for_buddy,2026-11-10 19:00:00
216,414,looking_for_buddy,2026-09-28 20:00:00
371,415,looking_for_buddy,2026-11-24 17:00:00
619,415,looking_for_buddy,2026-06-17 22:00:00
235,415,looking_for_buddy,2026-08-15 21:00:00
255,415,looking_for_buddy,2026-12-29 20:00:00
277,415,looking_for_buddy,2026-08-21 19:00:00
574,415,looking_for_buddy,2026-10-14 19:00:00
341,415,looking_for_buddy,2026-06-21 21:00:00
641,415,looking_for_buddy,2027-01-06 20:00:00
589,416,going,2026-09-21 21:00:00
146,416,looking_for_buddy,2026-07-14 18:00:00
63,416,looking_for_buddy,2026-11-19 21:00:00
659,416,going,2026-11-10 23:00:00
656,416,looking_for_buddy,2026-10-01 23:00:00
330,416,looking_for_buddy,2026-12-09 20:00:00
356,416,going,2027-01-16 18:00:00
640,416,going,2026-08-10 22:00:00
504,417,looking_for_buddy,2026-11-20 21:00:00
156,417,interested,2026-05-19 20:00:00
405,417,looking_for_buddy,2026-09-08 19:00:00
259,417,interested,2026-07-09 17:00:00
85,417,looking_for_buddy,2026-08-01 18:00:00
300,417,looking_for_buddy,2027-01-15 19:00:00
584,417,looking_for_buddy,2026-05-21 18:00:00
42,417,interested,2026-10-26 21:00:00
308,418,looking_for_buddy,2026-06-26 19:00:00
633,418,looking_for_buddy,2026-07-04 20:00:00
409,418,looking_for_buddy,2026-10-31 19:00:00
173,418,interested,2026-08-02 18:00:00
182,418,interested,2026-08-02 20:00:00
462,418,looking_for_buddy,2026-09-10 21:00:00
183,418,looking_for_buddy,2026-12-27 19:00:00
267,418,interested,2026-10-02 17:00:00
257,419,looking_for_buddy,2026-10-29 18:00:00
533,419,interested,2026-07-09 17:00:00
109,419,interested,2026-12-26 18:00:00
630,419,going,2026-11-18 21:00:00
462,419,looking_for_buddy,2026-09-07 21:00:00
453,419,going,2026-08-15 18:00:00
612,419,looking_for_buddy,2026-12-02 22:00:00
252,419,interested,2026-06-26 19:00:00
265,420,interested,2026-11-01 18:00:00
97,420,looking_for_buddy,2026-10-28 19:00:00
101,420,interested,2026-12-02 17:00:00
364,420,looking_for_buddy,2027-01-05 19:00:00
454,420,looking_for_buddy,2026-06-24 20:00:00
91,420,going,2026-08-18 17:00:00
370,420,interested,2026-05-29 19:00:00
455,420,looking_for_buddy,2026-09-26 18:00:00
630,421,interested,2026-11-20 21:00:00
186,421,interested,2026-11-30 19:00:00
11,421,going,2026-09-22 19:00:00
596,421,looking_for_buddy,2026-12-18 21:00:00
453,421,looking_for_buddy,2026-08-04 18:00:00
257,421,looking_for_buddy,2026-10-23 18:00:00
409,421,going,2026-10-08 19:00:00
533,421,interested,2026-07-23 17:00:00
345,422,interested,2026-08-01 17:00:00
572,422,looking_for_buddy,2026-10-24 19:00:00
364,422,looking_for_buddy,2026-12-30 19:00:00
483,422,looking_for_buddy,2026-06-18 19:00:00
608,422,interested,2026-08-30 19:00:00
560,422,looking_for_buddy,2026-12-16 21:00:00
35,422,interested,2026-08-06 19:00:00
343,422,looking_for_buddy,2026-06-22 17:00:00
239,423,looking_for_buddy,2026-12-13 17:00:00
645,423,going,2026-05-24 23:00:00
336,423,looking_for_buddy,2027-01-08 18:00:00
655,423,looking_for_buddy,2026-05-24 19:00:00
274,423,going,2026-12-10 19:00:00
207,423,interested,2026-12-19 20:00:00
284,423,interested,2026-09-11 21:00:00
26,423,looking_for_buddy,2026-08-13 18:00:00
562,424,interested,2026-08-02 21:00:00
648,424,looking_for_buddy,2026-12-28 22:00:00
373,424,looking_for_buddy,2026-10-28 19:00:00
330,424,going,2026-11-27 20:00:00
536,424,interested,2026-06-22 21:00:00
656,424,looking_for_buddy,2026-10-02 23:00:00
272,424,going,2026-12-13 17:00:00
197,424,looking_for_buddy,2026-07-18 18:00:00
340,425,interested,2026-12-13 19:00:00
196,425,interested,2027-01-20 21:00:00
503,425,looking_for_buddy,2026-12-22 21:00:00
16,425,looking_for_buddy,2026-06-09 21:00:00
425,425,looking_for_buddy,2026-06-18 18:00:00
337,425,looking_for_buddy,2026-11-27 21:00:00
606,425,looking_for_buddy,2026-08-02 21:00:00
67,425,going,2026-06-02 20:00:00
425,426,going,2026-06-20 18:00:00
67,426,going,2026-05-05 20:00:00
609,426,interested,2026-06-02 22:00:00
485,426,going,2026-08-31 21:00:00
214,426,going,2026-10-20 19:00:00
422,426,looking_for_buddy,2026-06-24 20:00:00
431,426,looking_for_buddy,2026-06-06 20:00:00
553,426,looking_for_buddy,2026-12-21 20:00:00
593,427,going,2026-11-23 18:00:00
564,427,looking_for_buddy,2026-09-22 21:00:00
114,427,looking_for_buddy,2026-10-15 20:00:00
321,427,looking_for_buddy,2026-05-29 17:00:00
216,427,interested,2026-10-03 20:00:00
608,427,looking_for_buddy,2026-08-20 19:00:00
292,427,looking_for_buddy,2027-01-04 19:00:00
649,427,interested,2026-08-11 23:00:00
229,428,looking_for_buddy,2026-12-12 21:00:00
461,428,interested,2026-11-29 17:00:00
117,428,looking_for_buddy,2026-08-25 17:00:00
557,428,interested,2026-06-27 20:00:00
419,428,going,2026-05-30 20:00:00
15,428,interested,2026-08-04 18:00:00
448,428,looking_for_buddy,2026-10-20 20:00:00
428,428,looking_for_buddy,2026-10-11 20:00:00
40,429,interested,2026-11-12 19:00:00
629,429,looking_for_buddy,2026-08-28 23:00:00
491,429,looking_for_buddy,2026-09-22 18:00:00
149,429,going,2026-09-20 21:00:00
537,429,looking_for_buddy,2026-09-06 17:00:00
78,429,going,2027-01-04 19:00:00
114,429,looking_for_buddy,2026-10-14 20:00:00
375,429,looking_for_buddy,2026-10-21 17:00:00
89,430,looking_for_buddy,2026-11-24 20:00:00
337,430,looking_for_buddy,2026-11-21 21:00:00
396,430,going,2026-12-21 18:00:00
177,430,looking_for_buddy,2026-05-14 20:00:00
660,430,going,2026-11-27 20:00:00
547,430,looking_for_buddy,2026-07-07 20:00:00
569,430,looking_for_buddy,2026-12-29 18:00:00
412,430,looking_for_buddy,2026-09-12 20:00:00
106,431,going,2026-11-29 21:00:00
12,431,interested,2027-01-08 19:00:00
432,431,looking_for_buddy,2026-12-13 17:00:00
404,431,interested,2026-10-17 20:00:00
317,431,looking_for_buddy,2026-10-01 20:00:00
195,431,going,2026-12-26 21:00:00
598,431,going,2026-08-13 17:00:00
645,431,looking_for_buddy,2026-05-20 23:00:00
518,432,looking_for_buddy,2026-07-12 17:00:00
97,432,looking_for_buddy,2026-11-01 19:00:00
657,432,looking_for_buddy,2026-11-22 19:00:00
40,432,interested,2026-11-15 19:00:00
413,432,going,2026-07-11 21:00:00
91,432,looking_for_buddy,2026-08-27 17:00:00
101,432,looking_for_buddy,2026-12-07 17:00:00
170,432,looking_for_buddy,2026-08-07 17:00:00
325,433,looking_for_buddy,2026-09-28 20:00:00
600,433,going,2026-06-27 20:00:00
568,433,looking_for_buddy,2026-06-16 17:00:00
59,433,looking_for_buddy,2026-07-16 20:00:00
129,433,looking_for_buddy,2026-07-02 17:00:00
19,433,going,2026-09-05 20:00:00
390,433,looking_for_buddy,2026-10-30 21:00:00
122,433,looking_for_buddy,2026-07-06 17:00:00
173,434,looking_for_buddy,2026-08-10 18:00:00
7,434,going,2026-09-17 19:00:00
344,434,looking_for_buddy,2026-06-13 18:00:00
318,434,going,2026-07-11 19:00:00
342,434,looking_for_buddy,2026-12-23 19:00:00
605,434,interested,2026-07-23 19:00:00
252,434,looking_for_buddy,2026-06-03 19:00:00
533,434,looking_for_buddy,2026-07-23 17:00:00
603,435,interested,2026-12-13 20:00:00
639,435,interested,2026-10-12 21:00:00
394,435,looking_for_buddy,2026-10-14 17:00:00
195,435,looking_for_buddy,2026-12-17 21:00:00
274,435,going,2026-12-23 19:00:00
264,435,looking_for_buddy,2026-06-20 21:00:00
497,435,interested,2026-10-23 19:00:00
351,435,looking_for_buddy,2026-05-28 19:00:00
191,436,interested,2026-12-13 20:00:00
66,436,looking_for_buddy,2026-09-23 21:00:00
581,436,looking_for_buddy,2026-11-27 20:00:00
98,436,looking_for_buddy,2026-08-22 17:00:00
195,436,interested,2026-12-03 21:00:00
169,436,going,2026-06-14 17:00:00
504,436,interested,2026-11-16 21:00:00
602,436,looking_for_buddy,2026-09-27 21:00:00
181,437,going,2026-11-05 18:00:00
132,437,going,2026-09-13 18:00:00
477,437,looking_for_buddy,2026-06-07 20:00:00
214,437,going,2026-10-02 19:00:00
503,437,interested,2026-12-14 21:00:00
158,437,going,2026-07-21 17:00:00
177,437,looking_for_buddy,2026-05-25 20:00:00
67,437,looking_for_buddy,2026-05-09 20:00:00
295,438,looking_for_buddy,2026-09-14 17:00:00
160,438,going,2026-09-17 18:00:00
6,438,looking_for_buddy,2026-06-12 17:00:00
9,438,interested,2026-07-03 17:00:00
557,438,looking_for_buddy,2026-06-25 20:00:00
389,438,looking_for_buddy,2026-09-28 19:00:00
579,438,interested,2026-10-27 19:00:00
513,438,looking_for_buddy,2026-06-08 19:00:00
475,439,looking_for_buddy,2026-12-26 19:00:00
246,439,looking_for_buddy,2026-09-18 18:00:00
36,439,looking_for_buddy,2026-06-28 17:00:00
436,439,interested,2026-08-27 21:00:00
425,439,going,2026-07-12 18:00:00
227,439,interested,2027-01-05 17:00:00
340,439,interested,2026-12-15 19:00:00
14,439,looking_for_buddy,2026-09-17 21:00:00
97,440,looking_for_buddy,2026-10-28 19:00:00
78,440,interested,2027-01-20 19:00:00
163,440,looking_for_buddy,2026-09-27 21:00:00
302,440,looking_for_buddy,2026-07-26 21:00:00
413,440,going,2026-06-29 21:00:00
489,440,interested,2026-12-13 17:00:00
250,440,looking_for_buddy,2026-12-14 18:00:00
88,440,looking_for_buddy,2026-05-16 20:00:00
596,441,looking_for_buddy,2026-12-17 21:00:00
32,441,looking_for_buddy,2027-01-01 21:00:00
409,441,going,2026-11-03 19:00:00
556,441,going,2027-01-16 21:00:00
267,441,looking_for_buddy,2026-10-05 17:00:00
249,441,going,2026-09-21 19:00:00
7,441,interested,2026-09-23 19:00:00
233,441,looking_for_buddy,2026-05-03 20:00:00
624,442,interested,2026-11-16 21:00:00
381,442,going,2026-10-22 21:00:00
22,442,looking_for_buddy,2026-06-12 17:00:00
83,442,looking_for_buddy,2026-09-07 19:00:00
571,442,looking_for_buddy,2026-12-06 19:00:00
89,442,looking_for_buddy,2026-11-23 20:00:00
158,442,going,2026-08-02 17:00:00
359,442,looking_for_buddy,2026-11-01 19:00:00
5,443,interested,2026-12-28 19:00:00
68,443,looking_for_buddy,2026-05-29 20:00:00
1,443,going,2026-09-07 21:00:00
537,443,interested,2026-09-04 17:00:00
350,443,looking_for_buddy,2026-10-22 18:00:00
81,443,looking_for_buddy,2026-05-16 20:00:00
78,443,interested,2026-12-28 19:00:00
491,443,interested,2026-09-21 18:00:00
154,444,looking_for_buddy,2026-09-23 18:00:00
503,444,looking_for_buddy,2027-01-01 21:00:00
425,444,looking_for_buddy,2026-07-14 18:00:00
275,444,going,2026-08-10 21:00:00
188,444,looking_for_buddy,2026-07-02 21:00:00
232,444,interested,2026-10-23 21:00:00
214,444,looking_for_buddy,2026-10-26 19:00:00
313,444,going,2026-06-23 19:00:00
394,445,looking_for_buddy,2026-10-20 17:00:00
195,445,interested,2026-12-23 21:00:00
452,445,looking_for_buddy,2026-06-21 20:00:00
136,445,looking_for_buddy,2026-09-06 21:00:00
317,445,interested,2026-09-23 20:00:00
120,445,going,2026-08-01 21:00:00
274,445,interested,2026-12-28 19:00:00
411,445,interested,2026-07-01 17:00:00
363,446,interested,2026-11-02 18:00:00
596,446,going,2026-11-26 21:00:00
342,446,interested,2026-12-12 19:00:00
105,446,looking_for_buddy,2026-06-18 21:00:00
7,446,looking_for_buddy,2026-09-15 19:00:00
86,446,looking_for_buddy,2026-09-16 20:00:00
318,446,looking_for_buddy,2026-06-27 19:00:00
644,446,looking_for_buddy,2026-07-10 21:00:00
219,447,going,2026-10-05 19:00:00
544,447,looking_for_buddy,2026-12-23 20:00:00
274,447,looking_for_buddy,2026-12-24 19:00:00
435,447,looking_for_buddy,2026-08-18 18:00:00
106,447,looking_for_buddy,2026-11-17 21:00:00
655,447,looking_for_buddy,2026-05-14 19:00:00
432,447,going,2026-12-21 17:00:00
540,447,looking_for_buddy,2026-06-03 17:00:00
193,448,looking_for_buddy,2026-06-07 19:00:00
340,448,looking_for_buddy,2026-12-08 19:00:00
571,448,looking_for_buddy,2026-12-07 19:00:00
621,448,interested,2026-08-22 23:00:00
154,448,going,2026-09-26 18:00:00
214,448,interested,2026-10-07 19:00:00
36,448,going,2026-06-26 17:00:00
74,448,looking_for_buddy,2026-07-20 19:00:00
186,449,going,2026-11-29 19:00:00
533,449,interested,2026-06-25 17:00:00
453,449,interested,2026-08-20 18:00:00
222,449,looking_for_buddy,2026-09-30 19:00:00
388,449,going,2026-06-16 20:00:00
211,449,going,2026-07-10 18:00:00
521,449,going,2026-11-11 17:00:00
126,449,looking_for_buddy,2026-11-17 18:00:00
252,450,looking_for_buddy,2026-06-25 19:00:00
251,450,going,2026-09-19 20:00:00
183,450,interested,2026-12-22 19:00:00
271,450,going,2026-09-09 18:00:00
141,450,looking_for_buddy,2026-09-13 18:00:00
614,450,looking_for_buddy,2026-09-26 19:00:00
140,450,interested,2026-10-14 19:00:00
570,450,looking_for_buddy,2026-08-05 19:00:00
318,451,looking_for_buddy,2026-07-07 19:00:00
105,451,going,2026-07-07 21:00:00
330,451,interested,2026-12-03 20:00:00
203,451,looking_for_buddy,2026-12-25 19:00:00
521,451,looking_for_buddy,2026-10-27 17:00:00
415,451,looking_for_buddy,2026-07-24 21:00:00
400,451,going,2026-10-07 18:00:00
95,451,interested,2026-07-30 21:00:00
233,452,going,2026-05-04 20:00:00
324,452,interested,2026-11-25 20:00:00
222,452,looking_for_buddy,2026-09-27 19:00:00
105,452,going,2026-06-14 21:00:00
388,452,looking_for_buddy,2026-07-04 20:00:00
616,452,looking_for_buddy,2026-10-17 19:00:00
7,452,going,2026-09-03 19:00:00
335,452,going,2026-06-04 19:00:00
178,453,looking_for_buddy,2026-05-25 20:00:00
317,453,looking_for_buddy,2026-09-23 20:00:00
393,453,interested,2026-05-22 19:00:00
499,453,interested,2026-07-05 17:00:00
447,453,looking_for_buddy,2026-08-24 21:00:00
296,453,interested,2026-12-27 21:00:00
528,453,looking_for_buddy,2026-06-16 17:00:00
504,453,looking_for_buddy,2026-12-03 21:00:00
406,454,looking_for_buddy,2026-06-26 20:00:00
214,454,interested,2026-10-02 19:00:00
270,454,going,2026-06-03 19:00:00
495,454,looking_for_buddy,2026-11-06 21:00:00
551,454,looking_for_buddy,2026-12-01 20:00:00
587,454,looking_for_buddy,2026-10-20 17:00:00
493,454,looking_for_buddy,2026-06-10 19:00:00
595,454,interested,2026-10-02 20:00:00
420,455,looking_for_buddy,2026-09-03 21:00:00
540,455,looking_for_buddy,2026-05-29 17:00:00
277,455,looking_for_buddy,2026-07-25 19:00:00
179,455,interested,2026-09-11 18:00:00
239,455,looking_for_buddy,2026-12-04 17:00:00
574,455,looking_for_buddy,2026-10-15 19:00:00
47,455,interested,2026-11-30 21:00:00
435,455,going,2026-08-21 18:00:00
338,456,looking_for_buddy,2026-08-01 17:00:00
523,456,going,2026-10-11 19:00:00
117,456,looking_for_buddy,2026-08-28 17:00:00
506,456,looking_for_buddy,2026-08-22 21:00:00
19,456,looking_for_buddy,2026-08-31 20:00:00
90,456,interested,2026-10-05 18:00:00
122,456,looking_for_buddy,2026-06-28 17:00:00
305,456,interested,2026-11-19 18:00:00
373,457,interested,2026-10-13 19:00:00
203,457,interested,2026-12-11 19:00:00
173,457,interested,2026-08-11 18:00:00
363,457,going,2026-11-03 18:00:00
462,457,going,2026-08-23 21:00:00
525,457,going,2026-10-20 17:00:00
453,457,looking_for_buddy,2026-08-14 18:00:00
11,457,going,2026-10-12 19:00:00
409,458,looking_for_buddy,2026-10-30 19:00:00
596,458,looking_for_buddy,2026-11-30 21:00:00
532,458,looking_for_buddy,2026-09-13 17:00:00
576,458,looking_for_buddy,2026-05-26 20:00:00
642,458,interested,2026-10-04 21:00:00
356,458,looking_for_buddy,2027-01-04 18:00:00
570,458,interested,2026-08-06 19:00:00
533,458,going,2026-07-06 17:00:00
368,459,looking_for_buddy,2026-09-21 19:00:00
40,459,interested,2026-10-29 19:00:00
155,459,looking_for_buddy,2026-06-15 20:00:00
490,459,going,2026-07-20 19:00:00
30,459,looking_for_buddy,2026-12-09 21:00:00
530,459,going,2026-11-14 18:00:00
241,459,looking_for_buddy,2026-06-18 21:00:00
392,459,interested,2026-08-22 21:00:00
386,460,interested,2026-10-08 19:00:00
468,460,looking_for_buddy,2026-07-07 17:00:00
394,460,looking_for_buddy,2026-10-24 17:00:00
328,460,going,2026-11-29 18:00:00
12,460,looking_for_buddy,2027-01-12 19:00:00
274,460,looking_for_buddy,2026-12-19 19:00:00
643,460,interested,2026-09-07 23:00:00
317,460,looking_for_buddy,2026-09-26 20:00:00
249,461,looking_for_buddy,2026-09-18 19:00:00
86,461,interested,2026-09-02 20:00:00
173,461,interested,2026-07-20 18:00:00
556,461,going,2027-01-19 21:00:00
415,461,interested,2026-07-04 21:00:00
315,461,looking_for_buddy,2026-06-11 18:00:00
7,461,looking_for_buddy,2026-09-24 19:00:00
570,461,looking_for_buddy,2026-08-28 19:00:00
17,462,going,2026-06-09 18:00:00
375,462,going,2026-11-04 17:00:00
236,462,looking_for_buddy,2026-11-15 20:00:00
81,462,looking_for_buddy,2026-05-20 20:00:00
5,462,interested,2026-12-27 19:00:00
537,462,looking_for_buddy,2026-08-24 17:00:00
291,462,going,2026-07-13 18:00:00
458,462,looking_for_buddy,2026-10-12 18:00:00
503,463,looking_for_buddy,2026-12-07 21:00:00
431,463,looking_for_buddy,2026-06-15 20:00:00
214,463,looking_for_buddy,2026-10-22 19:00:00
16,463,looking_for_buddy,2026-06-12 21:00:00
288,463,looking_for_buddy,2026-08-08 19:00:00
287,463,interested,2026-08-28 20:00:00
20,463,looking_for_buddy,2026-11-15 20:00:00
74,463,going,2026-08-02 19:00:00
166,464,looking_for_buddy,2026-08-18 17:00:00
307,464,looking_for_buddy,2026-10-21 18:00:00
504,464,interested,2026-11-19 21:00:00
515,464,going,2026-11-26 20:00:00
610,464,going,2026-08-09 19:00:00
326,464,interested,2026-11-29 21:00:00
645,464,looking_for_buddy,2026-05-24 23:00:00
432,464,going,2026-12-27 17:00:00
499,465,looking_for_buddy,2026-07-05 17:00:00
404,465,looking_for_buddy,2026-10-09 20:00:00
336,465,looking_for_buddy,2027-01-07 18:00:00
504,465,going,2026-11-30 21:00:00
284,465,looking_for_buddy,2026-09-18 21:00:00
102,465,looking_for_buddy,2026-08-11 17:00:00
566,465,looking_for_buddy,2026-08-29 18:00:00
539,465,going,2026-12-13 18:00:00
434,466,looking_for_buddy,2026-05-28 19:00:00
286,466,going,2026-12-17 20:00:00
322,466,going,2026-08-13 18:00:00
49,466,looking_for_buddy,2026-08-18 18:00:00
327,466,going,2026-06-09 19:00:00
568,466,going,2026-06-21 17:00:00
316,466,looking_for_buddy,2026-11-11 19:00:00
597,466,interested,2026-09-26 17:00:00
307,467,looking_for_buddy,2026-10-22 18:00:00
194,467,interested,2026-06-30 19:00:00
468,467,looking_for_buddy,2026-07-16 17:00:00
501,467,going,2026-08-27 17:00:00
598,467,going,2026-08-06 17:00:00
394,467,looking_for_buddy,2026-10-21 17:00:00
306,467,looking_for_buddy,2026-07-15 18:00:00
85,467,looking_for_buddy,2026-07-20 18:00:00
422,468,interested,2026-06-19 20:00:00
118,468,interested,2026-08-16 21:00:00
177,468,looking_for_buddy,2026-05-22 20:00:00
606,468,interested,2026-07-27 21:00:00
214,468,going,2026-10-24 19:00:00
128,468,looking_for_buddy,2026-06-11 17:00:00
571,468,looking_for_buddy,2026-11-24 19:00:00
132,468,going,2026-09-27 18:00:00
326,469,going,2026-11-30 21:00:00
573,469,looking_for_buddy,2026-10-20 18:00:00
505,469,looking_for_buddy,2026-11-27 21:00:00
317,469,looking_for_buddy,2026-09-20 20:00:00
376,469,interested,2026-05-23 20:00:00
264,469,looking_for_buddy,2026-06-30 21:00:00
130,469,going,2026-10-14 18:00:00
544,469,interested,2026-12-15 20:00:00
399,470,looking_for_buddy,2026-08-31 18:00:00
289,470,looking_for_buddy,2026-10-12 17:00:00
542,470,going,2026-07-13 20:00:00
576,470,going,2026-05-27 20:00:00
656,470,going,2026-10-05 23:00:00
373,470,going,2026-10-24 19:00:00
554,470,looking_for_buddy,2026-08-10 21:00:00
272,470,interested,2027-01-03 17:00:00
20,471,looking_for_buddy,2026-11-22 20:00:00
158,471,looking_for_buddy,2026-08-07 17:00:00
340,471,interested,2026-12-17 19:00:00
378,471,looking_for_buddy,2026-06-12 18:00:00
312,471,looking_for_buddy,2026-06-24 17:00:00
247,471,going,2026-08-05 17:00:00
621,471,looking_for_buddy,2026-08-24 23:00:00
36,471,looking_for_buddy,2026-06-19 17:00:00
334,472,going,2026-07-06 18:00:00
582,472,looking_for_buddy,2026-11-28 18:00:00
543,472,going,2027-01-07 19:00:00
305,472,looking_for_buddy,2026-11-23 18:00:00
463,472,going,2027-01-18 18:00:00
419,472,interested,2026-06-01 20:00:00
506,472,looking_for_buddy,2026-09-01 21:00:00
597,472,going,2026-09-11 17:00:00
117,473,looking_for_buddy,2026-09-01 17:00:00
338,473,looking_for_buddy,2026-07-13 17:00:00
19,473,looking_for_buddy,2026-09-08 20:00:00
568,473,looking_for_buddy,2026-06-20 17:00:00
527,473,interested,2026-10-28 20:00:00
59,473,going,2026-07-25 20:00:00
357,473,going,2026-06-13 20:00:00
597,473,going,2026-09-12 17:00:00
390,474,interested,2026-11-02 21:00:00
506,474,looking_for_buddy,2026-08-19 21:00:00
334,474,interested,2026-07-06 18:00:00
198,474,interested,2026-05-15 17:00:00
305,474,looking_for_buddy,2026-11-18 18:00:00
293,474,looking_for_buddy,2026-05-31 20:00:00
122,474,going,2026-07-06 17:00:00
15,474,going,2026-07-30 18:00:00
568,475,looking_for_buddy,2026-07-04 17:00:00
583,475,interested,2026-07-03 19:00:00
395,475,looking_for_buddy,2026-06-08 19:00:00
575,475,looking_for_buddy,2026-07-20 20:00:00
273,475,going,2026-07-10 17:00:00
124,475,looking_for_buddy,2026-09-26 20:00:00
73,475,interested,2026-12-02 21:00:00
646,475,going,2026-11-10 21:00:00
148,476,looking_for_buddy,2026-11-01 20:00:00
373,476,interested,2026-10-24 19:00:00
450,476,looking_for_buddy,2026-08-22 20:00:00
344,476,going,2026-06-25 18:00:00
272,476,looking_for_buddy,2026-12-16 17:00:00
249,476,looking_for_buddy,2026-09-21 19:00:00
487,476,going,2026-06-12 18:00:00
203,476,looking_for_buddy,2026-12-18 19:00:00
638,477,going,2026-05-16 22:00:00
469,477,looking_for_buddy,2026-10-11 20:00:00
31,477,looking_for_buddy,2026-09-04 17:00:00
106,477,looking_for_buddy,2026-11-13 21:00:00
50,477,going,2026-05-16 21:00:00
641,477,interested,2027-01-23 20:00:00
212,477,going,2026-12-16 19:00:00
497,477,looking_for_buddy,2026-11-02 19:00:00
274,478,going,2026-12-17 19:00:00
106,478,looking_for_buddy,2026-11-21 21:00:00
404,478,going,2026-10-04 20:00:00
52,478,interested,2026-11-30 20:00:00
2,478,interested,2026-07-04 17:00:00
31,478,interested,2026-08-23 17:00:00
235,478,interested,2026-08-20 21:00:00
371,478,going,2026-12-04 17:00:00
556,479,looking_for_buddy,2027-01-03 21:00:00
147,479,going,2026-10-24 18:00:00
342,479,looking_for_buddy,2026-12-25 19:00:00
615,479,looking_for_buddy,2026-05-31 22:00:00
532,479,looking_for_buddy,2026-10-03 17:00:00
51,479,going,2026-09-08 19:00:00
400,479,looking_for_buddy,2026-10-05 18:00:00
95,479,going,2026-07-15 21:00:00
169,480,interested,2026-07-07 17:00:00
326,480,looking_for_buddy,2026-11-27 21:00:00
98,480,looking_for_buddy,2026-08-27 17:00:00
26,480,looking_for_buddy,2026-08-08 18:00:00
566,480,going,2026-08-15 18:00:00
469,480,interested,2026-10-19 20:00:00
505,480,looking_for_buddy,2026-11-17 21:00:00
402,480,looking_for_buddy,2026-05-29 17:00:00
5,481,looking_for_buddy,2027-01-16 19:00:00
549,481,interested,2026-08-14 17:00:00
256,481,looking_for_buddy,2026-07-24 17:00:00
483,481,interested,2026-06-22 19:00:00
572,481,looking_for_buddy,2026-11-17 19:00:00
40,481,interested,2026-11-20 19:00:00
174,481,going,2026-07-16 20:00:00
78,481,looking_for_buddy,2027-01-18 19:00:00
182,482,looking_for_buddy,2026-07-28 20:00:00
453,482,going,2026-08-16 18:00:00
459,482,going,2027-01-07 20:00:00
252,482,interested,2026-06-22 19:00:00
542,482,interested,2026-07-21 20:00:00
344,482,looking_for_buddy,2026-07-08 18:00:00
525,482,going,2026-10-27 17:00:00
272,482,interested,2027-01-01 17:00:00
425,483,interested,2026-07-07 18:00:00
36,483,looking_for_buddy,2026-07-10 17:00:00
347,483,interested,2026-09-26 17:00:00
193,483,looking_for_buddy,2026-06-14 19:00:00
396,483,interested,2026-12-10 18:00:00
210,483,interested,2026-06-20 21:00:00
493,483,looking_for_buddy,2026-06-03 19:00:00
473,483,looking_for_buddy,2027-01-01 19:00:00
251,484,going,2026-10-13 20:00:00
95,484,looking_for_buddy,2026-07-27 21:00:00
611,484,looking_for_buddy,2026-06-20 21:00:00
233,484,interested,2026-05-13 20:00:00
335,484,interested,2026-06-15 19:00:00
612,484,looking_for_buddy,2026-12-03 22:00:00
536,484,looking_for_buddy,2026-06-24 21:00:00
105,484,interested,2026-06-11 21:00:00
604,485,interested,2026-06-30 21:00:00
282,485,interested,2026-11-11 18:00:00
15,485,looking_for_buddy,2026-08-02 18:00:00
327,485,looking_for_buddy,2026-06-04 19:00:00
94,485,looking_for_buddy,2026-07-04 18:00:00
82,485,looking_for_buddy,2026-06-07 21:00:00
6,485,interested,2026-05-29 17:00:00
226,485,looking_for_buddy,2026-08-31 18:00:00
312,486,looking_for_buddy,2026-06-01 17:00:00
158,486,looking_for_buddy,2026-08-11 17:00:00
118,486,looking_for_buddy,2026-08-16 21:00:00
410,486,going,2027-01-01 21:00:00
425,486,looking_for_buddy,2026-07-03 18:00:00
89,486,interested,2026-12-02 20:00:00
230,486,interested,2026-06-02 18:00:00
20,486,looking_for_buddy,2026-12-09 20:00:00
80,487,looking_for_buddy,2026-05-20 20:00:00
659,487,interested,2026-11-24 23:00:00
258,487,interested,2026-12-23 17:00:00
63,487,going,2026-11-12 21:00:00
570,487,going,2026-08-21 19:00:00
165,487,going,2026-06-16 21:00:00
251,487,looking_for_buddy,2026-10-05 20:00:00
373,487,looking_for_buddy,2026-10-24 19:00:00
514,488,going,2026-09-02 19:00:00
434,488,looking_for_buddy,2026-05-19 19:00:00
391,488,interested,2026-12-15 20:00:00
397,488,interested,2026-11-17 18:00:00
568,488,interested,2026-06-27 17:00:00
153,488,looking_for_buddy,2026-10-28 19:00:00
357,488,looking_for_buddy,2026-06-15 20:00:00
538,488,looking_for_buddy,2026-10-28 19:00:00
214,489,going,2026-10-21 19:00:00
416,489,looking_for_buddy,2026-06-19 19:00:00
441,489,looking_for_buddy,2027-01-03 17:00:00
14,489,interested,2026-08-24 21:00:00
580,489,going,2026-09-26 19:00:00
323,489,looking_for_buddy,2026-11-15 19:00:00
495,489,interested,2026-10-28 21:00:00
474,489,looking_for_buddy,2026-07-28 18:00:00
40,490,looking_for_buddy,2026-11-07 19:00:00
370,490,looking_for_buddy,2026-06-03 19:00:00
265,490,looking_for_buddy,2026-10-22 18:00:00
491,490,looking_for_buddy,2026-09-04 18:00:00
144,490,looking_for_buddy,2026-08-27 21:00:00
88,490,looking_for_buddy,2026-05-23 20:00:00
87,490,going,2026-12-11 21:00:00
192,490,going,2026-10-31 18:00:00
295,491,looking_for_buddy,2026-10-02 17:00:00
557,491,looking_for_buddy,2026-06-09 20:00:00
597,491,interested,2026-09-23 17:00:00
526,491,looking_for_buddy,2026-07-19 21:00:00
160,491,looking_for_buddy,2026-09-13 18:00:00
355,491,looking_for_buddy,2026-08-31 18:00:00
332,491,interested,2026-10-31 17:00:00
82,491,looking_for_buddy,2026-06-17 21:00:00
169,492,looking_for_buddy,2026-07-05 17:00:00
212,492,going,2026-12-08 19:00:00
641,492,interested,2027-01-10 20:00:00
52,492,interested,2026-11-29 20:00:00
469,492,looking_for_buddy,2026-10-16 20:00:00
645,492,going,2026-05-16 23:00:00
253,492,looking_for_buddy,2026-08-12 17:00:00
528,492,interested,2026-05-29 17:00:00
562,493,going,2026-08-15 21:00:00
249,493,interested,2026-09-19 19:00:00
536,493,interested,2026-06-14 21:00:00
238,493,interested,2026-11-14 21:00:00
656,493,going,2026-10-03 23:00:00
7,493,looking_for_buddy,2026-09-18 19:00:00
356,493,looking_for_buddy,2026-12-29 18:00:00
86,493,going,2026-09-26 20:00:00
364,494,interested,2027-01-15 19:00:00
285,494,interested,2026-10-22 21:00:00
627,494,looking_for_buddy,2026-07-17 22:00:00
30,494,looking_for_buddy,2026-12-10 21:00:00
546,494,going,2026-11-19 17:00:00
464,494,looking_for_buddy,2026-09-04 20:00:00
345,494,looking_for_buddy,2026-08-07 17:00:00
60,494,looking_for_buddy,2026-09-02 21:00:00
191,495,interested,2026-11-28 20:00:00
98,495,interested,2026-09-07 17:00:00
212,495,looking_for_buddy,2026-12-16 19:00:00
452,495,looking_for_buddy,2026-06-27 20:00:00
504,495,interested,2026-12-03 21:00:00
259,495,going,2026-06-28 17:00:00
195,495,interested,2026-12-24 21:00:00
300,495,looking_for_buddy,2027-01-09 19:00:00
499,496,going,2026-06-30 17:00:00
169,496,looking_for_buddy,2026-06-30 17:00:00
393,496,going,2026-05-20 19:00:00
544,496,looking_for_buddy,2026-12-30 20:00:00
374,496,interested,2026-07-14 21:00:00
277,496,looking_for_buddy,2026-08-19 19:00:00
108,496,interested,2026-07-10 20:00:00
259,496,interested,2026-07-10 17:00:00
486,497,looking_for_buddy,2026-07-12 20:00:00
387,497,going,2026-08-16 18:00:00
274,497,looking_for_buddy,2026-12-12 19:00:00
307,497,looking_for_buddy,2026-10-02 18:00:00
515,497,interested,2026-11-25 20:00:00
98,497,looking_for_buddy,2026-09-15 17:00:00
501,497,going,2026-08-29 17:00:00
497,497,looking_for_buddy,2026-11-14 19:00:00
51,498,interested,2026-08-30 19:00:00
596,498,interested,2026-11-27 21:00:00
556,498,interested,2026-12-31 21:00:00
554,498,interested,2026-08-21 21:00:00
415,498,looking_for_buddy,2026-08-01 21:00:00
361,498,looking_for_buddy,2026-10-20 17:00:00
642,498,looking_for_buddy,2026-09-24 21:00:00
612,498,going,2026-12-01 22:00:00
334,499,interested,2026-06-19 18:00:00
516,499,going,2026-11-30 18:00:00
305,499,looking_for_buddy,2026-11-18 18:00:00
273,499,interested,2026-07-18 17:00:00
390,499,looking_for_buddy,2026-10-19 21:00:00
506,499,interested,2026-09-05 21:00:00
229,499,looking_for_buddy,2026-11-29 21:00:00
6,499,going,2026-06-18 17:00:00
373,500,looking_for_buddy,2026-10-12 19:00:00
536,500,going,2026-06-23 21:00:00
344,500,looking_for_buddy,2026-07-06 18:00:00
349,500,interested,2026-07-15 20:00:00
272,500,interested,2026-12-12 17:00:00
614,500,going,2026-09-27 19:00:00
23,500,looking_for_buddy,2026-06-08 19:00:00
640,500,looking_for_buddy,2026-08-13 22:00:00
100,501,interested,2027-01-24 17:00:00
427,501,looking_for_buddy,2026-06-05 20:00:00
177,501,looking_for_buddy,2026-06-01 20:00:00
493,501,looking_for_buddy,2026-05-30 19:00:00
132,501,interested,2026-09-15 18:00:00
24,501,interested,2026-08-05 19:00:00
488,501,going,2026-10-12 19:00:00
422,501,looking_for_buddy,2026-06-25 20:00:00
36,502,looking_for_buddy,2026-07-02 17:00:00
218,502,looking_for_buddy,2026-06-01 19:00:00
340,502,going,2026-12-03 19:00:00
396,502,going,2026-12-06 18:00:00
214,502,looking_for_buddy,2026-10-04 19:00:00
206,502,interested,2026-10-29 20:00:00
660,502,looking_for_buddy,2026-12-18 20:00:00
89,502,looking_for_buddy,2026-11-27 20:00:00
505,503,looking_for_buddy,2026-11-27 21:00:00
169,503,interested,2026-06-12 17:00:00
581,503,going,2026-12-16 20:00:00
307,503,looking_for_buddy,2026-10-20 18:00:00
638,503,interested,2026-05-31 22:00:00
296,503,looking_for_buddy,2026-12-22 21:00:00
510,503,looking_for_buddy,2026-12-16 18:00:00
544,503,looking_for_buddy,2027-01-07 20:00:00
182,504,looking_for_buddy,2026-08-24 20:00:00
596,504,going,2026-11-27 21:00:00
65,504,looking_for_buddy,2026-11-01 18:00:00
615,504,looking_for_buddy,2026-05-06 22:00:00
648,504,looking_for_buddy,2027-01-04 22:00:00
165,504,looking_for_buddy,2026-05-29 21:00:00
271,504,looking_for_buddy,2026-09-23 18:00:00
324,504,looking_for_buddy,2026-11-21 20:00:00
364,505,looking_for_buddy,2027-01-18 19:00:00
483,505,interested,2026-06-17 19:00:00
321,505,going,2026-05-29 17:00:00
33,505,looking_for_buddy,2026-07-28 17:00:00
657,505,looking_for_buddy,2026-11-13 19:00:00
546,505,looking_for_buddy,2026-12-02 17:00:00
534,505,looking_for_buddy,2026-11-08 18:00:00
137,505,going,2026-11-17 20:00:00
241,506,looking_for_buddy,2026-06-11 21:00:00
185,506,interested,2026-10-11 18:00:00
40,506,looking_for_buddy,2026-11-14 19:00:00
161,506,interested,2026-11-06 17:00:00
627,506,interested,2026-07-17 22:00:00
81,506,looking_for_buddy,2026-06-05 20:00:00
564,506,interested,2026-10-01 21:00:00
385,506,interested,2026-09-19 18:00:00
128,507,looking_for_buddy,2026-06-04 17:00:00
445,507,interested,2026-08-14 20:00:00
477,507,looking_for_buddy,2026-05-27 20:00:00
571,507,going,2026-11-28 19:00:00
381,507,interested,2026-10-10 21:00:00
67,507,looking_for_buddy,2026-05-14 20:00:00
378,507,looking_for_buddy,2026-06-20 18:00:00
312,507,looking_for_buddy,2026-06-15 17:00:00
485,508,interested,2026-09-14 21:00:00
247,508,going,2026-07-20 17:00:00
89,508,looking_for_buddy,2026-11-15 20:00:00
25,508,looking_for_buddy,2026-07-30 19:00:00
20,508,looking_for_buddy,2026-12-09 20:00:00
396,508,going,2026-12-15 18:00:00
175,508,looking_for_buddy,2026-09-02 17:00:00
660,508,looking_for_buddy,2026-12-16 20:00:00
214,509,interested,2026-10-03 19:00:00
16,509,going,2026-06-20 21:00:00
313,509,looking_for_buddy,2026-07-12 19:00:00
323,509,looking_for_buddy,2026-10-28 19:00:00
412,509,interested,2026-09-27 20:00:00
503,509,going,2026-12-15 21:00:00
27,509,looking_for_buddy,2026-10-28 17:00:00
495,509,looking_for_buddy,2026-11-01 21:00:00
216,510,going,2026-09-30 20:00:00
174,510,interested,2026-08-03 20:00:00
329,510,going,2026-09-14 21:00:00
370,510,looking_for_buddy,2026-05-15 19:00:00
555,510,looking_for_buddy,2026-10-30 17:00:00
144,510,going,2026-09-08 21:00:00
489,510,looking_for_buddy,2026-12-25 17:00:00
465,510,looking_for_buddy,2026-05-21 19:00:00
76,511,interested,2027-01-04 17:00:00
170,511,going,2026-08-06 17:00:00
78,511,going,2027-01-22 19:00:00
224,511,looking_for_buddy,2026-08-10 21:00:00
364,511,interested,2026-12-22 19:00:00
649,511,looking_for_buddy,2026-08-07 23:00:00
97,511,looking_for_buddy,2026-10-27 19:00:00
149,511,looking_for_buddy,2026-09-22 21:00:00
609,512,looking_for_buddy,2026-06-02 22:00:00
132,512,looking_for_buddy,2026-09-14 18:00:00
175,512,looking_for_buddy,2026-09-13 17:00:00
16,512,interested,2026-06-09 21:00:00
359,512,going,2026-11-01 19:00:00
503,512,looking_for_buddy,2026-12-14 21:00:00
422,512,looking_for_buddy,2026-06-26 20:00:00
423,512,going,2026-10-05 18:00:00
404,513,going,2026-10-08 20:00:00
333,513,looking_for_buddy,2026-05-15 20:00:00
130,513,looking_for_buddy,2026-10-11 18:00:00
108,513,interested,2026-07-20 20:00:00
50,513,looking_for_buddy,2026-05-17 21:00:00
402,513,looking_for_buddy,2026-06-05 17:00:00
610,513,going,2026-08-05 19:00:00
326,513,interested,2026-12-16 21:00:00
177,514,going,2026-05-17 20:00:00
624,514,going,2026-11-04 21:00:00
412,514,going,2026-09-20 20:00:00
230,514,looking_for_buddy,2026-06-14 18:00:00
446,514,looking_for_buddy,2026-10-18 21:00:00
359,514,looking_for_buddy,2026-11-04 19:00:00
118,514,looking_for_buddy,2026-08-05 21:00:00
445,514,looking_for_buddy,2026-07-29 20:00:00
148,515,looking_for_buddy,2026-11-15 20:00:00
533,515,interested,2026-07-19 17:00:00
453,515,looking_for_buddy,2026-08-01 18:00:00
520,515,going,2026-12-31 18:00:00
238,515,interested,2026-11-20 21:00:00
409,515,going,2026-10-26 19:00:00
617,515,interested,2026-11-15 22:00:00
186,515,going,2026-11-27 19:00:00
67,516,interested,2026-05-31 20:00:00
175,516,looking_for_buddy,2026-09-12 17:00:00
177,516,looking_for_buddy,2026-05-06 20:00:00
132,516,interested,2026-09-10 18:00:00
503,516,looking_for_buddy,2026-12-08 21:00:00
214,516,going,2026-10-22 19:00:00
196,516,going,2027-01-07 21:00:00
473,516,looking_for_buddy,2027-01-08 19:00:00
362,517,looking_for_buddy,2026-05-27 21:00:00
570,517,interested,2026-08-23 19:00:00
654,517,going,2026-08-12 23:00:00
252,517,going,2026-06-21 19:00:00
614,517,looking_for_buddy,2026-09-19 19:00:00
532,517,interested,2026-10-05 17:00:00
565,517,looking_for_buddy,2027-01-02 18:00:00
554,517,looking_for_buddy,2026-08-27 21:00:00
602,518,looking_for_buddy,2026-09-08 21:00:00
139,518,looking_for_buddy,2026-09-02 19:00:00
195,518,looking_for_buddy,2026-12-18 21:00:00
98,518,going,2026-08-20 17:00:00
2,518,going,2026-06-20 17:00:00
136,518,interested,2026-08-25 21:00:00
480,518,looking_for_buddy,2026-08-27 20:00:00
191,518,interested,2026-12-14 20:00:00
22,519,looking_for_buddy,2026-06-05 17:00:00
396,519,going,2026-12-06 18:00:00
16,519,looking_for_buddy,2026-06-15 21:00:00
206,519,interested,2026-10-21 20:00:00
425,519,looking_for_buddy,2026-07-07 18:00:00
132,519,interested,2026-10-02 18:00:00
177,519,looking_for_buddy,2026-05-27 20:00:00
485,519,looking_for_buddy,2026-08-23 21:00:00
282,520,looking_for_buddy,2026-11-19 18:00:00
334,520,going,2026-06-15 18:00:00
6,520,going,2026-06-20 17:00:00
506,520,looking_for_buddy,2026-08-28 21:00:00
90,520,looking_for_buddy,2026-10-17 18:00:00
524,520,looking_for_buddy,2026-08-12 19:00:00
325,520,looking_for_buddy,2026-10-05 20:00:00
295,520,going,2026-10-11 17:00:00
265,521,looking_for_buddy,2026-10-15 18:00:00
250,521,looking_for_buddy,2026-12-21 18:00:00
413,521,looking_for_buddy,2026-06-27 21:00:00
301,521,looking_for_buddy,2026-08-03 21:00:00
1,521,looking_for_buddy,2026-09-18 21:00:00
489,521,looking_for_buddy,2026-12-26 17:00:00
81,521,looking_for_buddy,2026-05-16 20:00:00
302,521,looking_for_buddy,2026-08-03 21:00:00
370,522,looking_for_buddy,2026-05-25 19:00:00
635,522,going,2026-06-23 23:00:00
53,522,going,2026-10-08 20:00:00
192,522,interested,2026-11-02 18:00:00
489,522,looking_for_buddy,2026-12-21 17:00:00
302,522,interested,2026-08-04 21:00:00
613,522,interested,2026-09-11 23:00:00
413,522,going,2026-07-01 21:00:00
655,523,looking_for_buddy,2026-06-08 19:00:00
284,523,looking_for_buddy,2026-09-20 21:00:00
169,523,looking_for_buddy,2026-06-14 17:00:00
328,523,going,2026-11-20 18:00:00
529,523,going,2026-07-06 17:00:00
394,523,interested,2026-10-11 17:00:00
274,523,looking_for_buddy,2026-12-17 19:00:00
447,523,looking_for_buddy,2026-09-11 21:00:00
97,524,interested,2026-11-05 19:00:00
101,524,going,2026-11-18 17:00:00
489,524,looking_for_buddy,2026-12-26 17:00:00
492,524,interested,2026-11-20 20:00:00
370,524,looking_for_buddy,2026-05-17 19:00:00
455,524,looking_for_buddy,2026-09-25 18:00:00
192,524,looking_for_buddy,2026-10-30 18:00:00
464,524,interested,2026-09-22 20:00:00
214,525,going,2026-10-25 19:00:00
310,525,looking_for_buddy,2026-08-28 17:00:00
477,525,going,2026-06-02 20:00:00
595,525,going,2026-09-25 20:00:00
502,525,looking_for_buddy,2026-09-13 20:00:00
511,525,interested,2026-12-21 17:00:00
416,525,looking_for_buddy,2026-06-17 19:00:00
427,525,going,2026-06-06 20:00:00
169,526,going,2026-06-15 17:00:00
212,526,looking_for_buddy,2026-12-22 19:00:00
452,526,going,2026-06-14 20:00:00
52,526,looking_for_buddy,2026-11-30 20:00:00
393,526,looking_for_buddy,2026-05-27 19:00:00
85,526,going,2026-07-19 18:00:00
284,526,interested,2026-09-19 21:00:00
641,526,going,2027-01-07 20:00:00
295,527,looking_for_buddy,2026-09-29 17:00:00
297,527,looking_for_buddy,2026-10-25 17:00:00
358,527,looking_for_buddy,2026-11-10 19:00:00
64,527,looking_for_buddy,2026-10-02 18:00:00
579,527,going,2026-10-14 19:00:00
225,527,interested,2026-06-16 17:00:00
334,527,interested,2026-06-14 18:00:00
470,527,interested,2026-09-20 18:00:00
40,528,looking_for_buddy,2026-11-06 19:00:00
185,528,interested,2026-10-20 18:00:00
385,528,looking_for_buddy,2026-09-24 18:00:00
311,528,interested,2026-06-04 20:00:00
216,528,going,2026-09-21 20:00:00
458,528,looking_for_buddy,2026-10-09 18:00:00
99,528,looking_for_buddy,2026-06-27 21:00:00
560,528,looking_for_buddy,2026-12-15 21:00:00
504,529,interested,2026-11-07 21:00:00
130,529,looking_for_buddy,2026-09-24 18:00:00
499,529,looking_for_buddy,2026-07-25 17:00:00
619,529,interested,2026-06-23 22:00:00
151,529,looking_for_buddy,2027-01-08 18:00:00
610,529,looking_for_buddy,2026-08-11 19:00:00
98,529,looking_for_buddy,2026-08-23 17:00:00
374,529,looking_for_buddy,2026-07-07 21:00:00
400,530,interested,2026-10-10 18:00:00
267,530,looking_for_buddy,2026-09-16 17:00:00
315,530,looking_for_buddy,2026-06-15 18:00:00
318,530,going,2026-07-07 19:00:00
145,530,looking_for_buddy,2026-08-10 21:00:00
415,530,looking_for_buddy,2026-07-04 21:00:00
105,530,interested,2026-07-04 21:00:00
7,530,looking_for_buddy,2026-09-29 19:00:00
274,531,looking_for_buddy,2026-12-29 19:00:00
655,531,looking_for_buddy,2026-05-18 19:00:00
328,531,looking_for_buddy,2026-11-20 18:00:00
169,531,going,2026-06-17 17:00:00
120,531,going,2026-07-30 21:00:00
2,531,looking_for_buddy,2026-06-30 17:00:00
393,531,going,2026-05-15 19:00:00
566,531,looking_for_buddy,2026-08-19 18:00:00
144,532,going,2026-09-15 21:00:00
489,532,looking_for_buddy,2027-01-06 17:00:00
40,532,going,2026-11-14 19:00:00
364,532,interested,2027-01-09 19:00:00
149,532,looking_for_buddy,2026-09-16 21:00:00
304,532,looking_for_buddy,2026-07-02 20:00:00
321,532,interested,2026-05-28 17:00:00
629,532,going,2026-08-15 23:00:00
158,533,going,2026-08-06 17:00:00
606,533,looking_for_buddy,2026-08-01 21:00:00
571,533,going,2026-11-20 19:00:00
167,533,looking_for_buddy,2026-12-14 21:00:00
423,533,looking_for_buddy,2026-09-28 18:00:00
275,533,looking_for_buddy,2026-07-23 21:00:00
177,533,looking_for_buddy,2026-05-09 20:00:00
438,533,looking_for_buddy,2026-12-08 19:00:00
464,534,looking_for_buddy,2026-09-23 20:00:00
236,534,looking_for_buddy,2026-12-08 20:00:00
492,534,looking_for_buddy,2026-11-01 20:00:00
88,534,looking_for_buddy,2026-05-17 20:00:00
40,534,interested,2026-11-04 19:00:00
103,534,interested,2026-08-01 19:00:00
608,534,looking_for_buddy,2026-09-06 19:00:00
185,534,interested,2026-10-28 18:00:00
162,535,looking_for_buddy,2026-09-09 19:00:00
546,535,looking_for_buddy,2026-11-17 17:00:00
437,535,going,2026-12-20 20:00:00
649,535,looking_for_buddy,2026-08-25 23:00:00
489,535,interested,2026-12-29 17:00:00
144,535,looking_for_buddy,2026-08-23 21:00:00
265,535,looking_for_buddy,2026-11-01 18:00:00
370,535,looking_for_buddy,2026-05-15 19:00:00
394,536,looking_for_buddy,2026-10-13 17:00:00
528,536,looking_for_buddy,2026-06-09 17:00:00
239,536,looking_for_buddy,2026-12-06 17:00:00
3,536,looking_for_buddy,2026-08-19 21:00:00
263,536,looking_for_buddy,2026-07-28 17:00:00
50,536,looking_for_buddy,2026-06-02 21:00:00
643,536,going,2026-08-31 23:00:00
466,536,going,2026-08-04 19:00:00
604,537,interested,2026-06-24 21:00:00
327,537,interested,2026-06-22 19:00:00
94,537,looking_for_buddy,2026-07-04 18:00:00
527,537,interested,2026-10-25 20:00:00
15,537,looking_for_buddy,2026-07-29 18:00:00
18,537,interested,2026-10-09 19:00:00
597,537,interested,2026-09-06 17:00:00
357,537,looking_for_buddy,2026-07-04 20:00:00
566,538,looking_for_buddy,2026-08-22 18:00:00
393,538,interested,2026-05-17 19:00:00
374,538,looking_for_buddy,2026-07-14 21:00:00
85,538,going,2026-07-24 18:00:00
31,538,looking_for_buddy,2026-08-27 17:00:00
584,538,going,2026-05-21 18:00:00
505,538,looking_for_buddy,2026-11-07 21:00:00
169,538,looking_for_buddy,2026-06-19 17:00:00
547,539,looking_for_buddy,2026-07-28 20:00:00
571,539,going,2026-11-29 19:00:00
479,539,going,2026-09-28 19:00:00
412,539,looking_for_buddy,2026-09-26 20:00:00
214,539,going,2026-10-23 19:00:00
359,539,going,2026-10-25 19:00:00
83,539,looking_for_buddy,2026-09-17 19:00:00
503,539,looking_for_buddy,2026-12-09 21:00:00
172,540,going,2026-09-29 20:00:00
88,540,going,2026-05-21 20:00:00
236,540,looking_for_buddy,2026-12-05 20:00:00
291,540,going,2026-07-03 18:00:00
262,540,looking_for_buddy,2026-09-11 19:00:00
433,540,looking_for_buddy,2026-09-15 21:00:00
265,540,looking_for_buddy,2026-10-31 18:00:00
144,540,interested,2026-08-26 21:00:00
508,541,interested,2027-01-05 17:00:00
362,541,looking_for_buddy,2026-06-11 21:00:00
640,541,looking_for_buddy,2026-08-30 22:00:00
308,541,going,2026-06-13 19:00:00
318,541,interested,2026-07-05 19:00:00
484,541,interested,2026-05-31 18:00:00
344,541,looking_for_buddy,2026-07-02 18:00:00
460,541,looking_for_buddy,2026-06-14 20:00:00
528,542,looking_for_buddy,2026-06-10 17:00:00
102,542,looking_for_buddy,2026-08-13 17:00:00
268,542,going,2026-08-09 18:00:00
242,542,going,2026-11-20 19:00:00
447,542,interested,2026-09-03 21:00:00
601,542,going,2026-09-09 23:00:00
58,542,going,2026-11-20 20:00:00
387,542,looking_for_buddy,2026-09-04 18:00:00
31,543,interested,2026-09-13 17:00:00
98,543,going,2026-09-06 17:00:00
156,543,going,2026-06-02 20:00:00
139,543,interested,2026-08-27 19:00:00
594,543,looking_for_buddy,2026-09-07 20:00:00
588,543,looking_for_buddy,2026-10-10 18:00:00
402,543,looking_for_buddy,2026-06-02 17:00:00
504,543,going,2026-11-19 21:00:00
160,544,interested,2026-10-05 18:00:00
278,544,looking_for_buddy,2026-07-21 20:00:00
568,544,going,2026-06-25 17:00:00
142,544,looking_for_buddy,2026-07-18 18:00:00
579,544,going,2026-10-11 19:00:00
389,544,going,2026-09-28 19:00:00
457,544,interested,2026-08-03 20:00:00
64,544,interested,2026-10-26 18:00:00
638,545,going,2026-05-10 22:00:00
108,545,interested,2026-07-10 20:00:00
307,545,looking_for_buddy,2026-10-17 18:00:00
404,545,going,2026-09-29 20:00:00
581,545,interested,2026-12-05 20:00:00
300,545,going,2027-01-20 19:00:00
515,545,interested,2026-11-23 20:00:00
259,545,looking_for_buddy,2026-06-21 17:00:00
322,546,looking_for_buddy,2026-07-31 18:00:00
49,546,interested,2026-09-03 18:00:00
75,546,looking_for_buddy,2026-11-20 18:00:00
507,546,going,2027-01-12 21:00:00
599,546,looking_for_buddy,2026-12-15 18:00:00
440,546,going,2026-06-16 21:00:00
48,546,looking_for_buddy,2026-07-19 19:00:00
82,546,looking_for_buddy,2026-06-02 21:00:00
457,547,looking_for_buddy,2026-08-22 20:00:00
198,547,looking_for_buddy,2026-05-27 17:00:00
273,547,looking_for_buddy,2026-07-12 17:00:00
54,547,going,2026-05-15 19:00:00
129,547,interested,2026-06-26 17:00:00
223,547,looking_for_buddy,2026-11-29 18:00:00
28,547,going,2026-07-21 19:00:00
646,547,looking_for_buddy,2026-11-10 21:00:00
166,548,interested,2026-08-08 17:00:00
92,548,interested,2026-12-09 21:00:00
519,548,looking_for_buddy,2026-10-30 20:00:00
584,548,interested,2026-05-14 18:00:00
411,548,interested,2026-07-02 17:00:00
194,548,looking_for_buddy,2026-06-20 19:00:00
504,548,going,2026-11-26 21:00:00
405,548,going,2026-09-28 19:00:00
173,549,interested,2026-07-24 18:00:00
252,549,looking_for_buddy,2026-06-16 19:00:00
615,549,going,2026-05-24 22:00:00
533,549,looking_for_buddy,2026-07-21 17:00:00
257,549,looking_for_buddy,2026-11-12 18:00:00
141,549,going,2026-09-25 18:00:00
240,549,going,2026-07-30 19:00:00
65,549,interested,2026-11-02 18:00:00
489,550,interested,2026-12-15 17:00:00
385,550,interested,2026-09-22 18:00:00
546,550,going,2026-11-28 17:00:00
413,550,looking_for_buddy,2026-07-05 21:00:00
88,550,looking_for_buddy,2026-05-15 20:00:00
40,550,looking_for_buddy,2026-11-20 19:00:00
329,550,going,2026-08-23 21:00:00
433,550,interested,2026-10-08 21:00:00
327,551,going,2026-06-04 19:00:00
440,551,looking_for_buddy,2026-06-04 21:00:00
75,551,interested,2026-11-20 18:00:00
527,551,looking_for_buddy,2026-10-24 20:00:00
357,551,looking_for_buddy,2026-07-02 20:00:00
398,551,looking_for_buddy,2026-08-24 17:00:00
355,551,interested,2026-09-02 18:00:00
353,551,interested,2026-05-29 20:00:00
60,552,looking_for_buddy,2026-09-02 21:00:00
392,552,looking_for_buddy,2026-08-11 21:00:00
68,552,going,2026-05-28 20:00:00
343,552,interested,2026-06-18 17:00:00
292,552,interested,2026-12-22 19:00:00
483,552,interested,2026-07-01 19:00:00
534,552,interested,2026-10-31 18:00:00
199,552,interested,2026-07-23 20:00:00
366,553,interested,2026-12-02 18:00:00
434,553,looking_for_buddy,2026-05-07 19:00:00
568,553,looking_for_buddy,2026-07-03 17:00:00
463,553,interested,2026-12-28 18:00:00
514,553,interested,2026-09-06 19:00:00
334,553,looking_for_buddy,2026-06-28 18:00:00
628,553,going,2026-08-16 21:00:00
398,553,interested,2026-08-23 17:00:00
392,554,looking_for_buddy,2026-08-22 21:00:00
250,554,looking_for_buddy,2026-12-08 18:00:00
364,554,looking_for_buddy,2027-01-03 19:00:00
546,554,going,2026-11-16 17:00:00
112,554,looking_for_buddy,2026-06-18 21:00:00
343,554,interested,2026-06-25 17:00:00
189,554,interested,2026-06-10 18:00:00
437,554,looking_for_buddy,2026-12-31 20:00:00
573,555,looking_for_buddy,2026-10-17 18:00:00
98,555,interested,2026-08-31 17:00:00
645,555,going,2026-05-20 23:00:00
435,555,going,2026-09-07 18:00:00
92,555,going,2026-12-14 21:00:00
643,555,interested,2026-09-04 23:00:00
194,555,going,2026-07-14 19:00:00
326,555,interested,2026-12-22 21:00:00
236,556,going,2026-11-28 20:00:00
155,556,going,2026-05-31 20:00:00
77,556,interested,2026-11-05 18:00:00
216,556,looking_for_buddy,2026-10-09 20:00:00
174,556,looking_for_buddy,2026-07-26 20:00:00
491,556,looking_for_buddy,2026-09-18 18:00:00
375,556,looking_for_buddy,2026-10-31 17:00:00
78,556,interested,2027-01-06 19:00:00
492,557,looking_for_buddy,2026-11-10 20:00:00
464,557,interested,2026-09-18 20:00:00
292,557,looking_for_buddy,2026-12-16 19:00:00
216,557,looking_for_buddy,2026-10-05 20:00:00
185,557,looking_for_buddy,2026-10-29 18:00:00
40,557,looking_for_buddy,2026-10-30 19:00:00
407,557,looking_for_buddy,2026-10-24 21:00:00
350,557,looking_for_buddy,2026-09-30 18:00:00
340,558,going,2026-12-04 19:00:00
132,558,going,2026-09-10 18:00:00
177,558,interested,2026-05-07 20:00:00
36,558,looking_for_buddy,2026-07-04 17:00:00
422,558,looking_for_buddy,2026-06-22 20:00:00
270,558,interested,2026-06-06 19:00:00
423,558,looking_for_buddy,2026-09-29 18:00:00
14,558,interested,2026-09-10 21:00:00
105,559,interested,2026-06-28 21:00:00
342,559,looking_for_buddy,2027-01-06 19:00:00
626,559,interested,2026-06-11 20:00:00
86,559,interested,2026-09-09 20:00:00
400,559,interested,2026-10-05 18:00:00
315,559,looking_for_buddy,2026-06-17 18:00:00
644,559,looking_for_buddy,2026-07-07 21:00:00
659,559,looking_for_buddy,2026-11-12 23:00:00
20,560,going,2026-11-22 20:00:00
340,560,looking_for_buddy,2026-12-03 19:00:00
214,560,looking_for_buddy,2026-10-12 19:00:00
269,560,going,2026-10-24 18:00:00
287,560,looking_for_buddy,2026-08-15 20:00:00
45,560,going,2026-07-03 19:00:00
347,560,interested,2026-09-22 17:00:00
571,560,going,2026-11-28 19:00:00
365,561,going,2026-05-29 19:00:00
532,561,interested,2026-10-07 17:00:00
570,561,interested,2026-08-04 19:00:00
249,561,going,2026-09-29 19:00:00
614,561,looking_for_buddy,2026-09-30 19:00:00
556,561,looking_for_buddy,2027-01-10 21:00:00
61,561,interested,2026-07-07 17:00:00
51,561,looking_for_buddy,2026-08-25 19:00:00
182,562,going,2026-08-19 20:00:00
252,562,interested,2026-06-13 19:00:00
261,562,looking_for_buddy,2026-06-25 18:00:00
105,562,looking_for_buddy,2026-06-24 21:00:00
525,562,going,2026-10-14 17:00:00
612,562,looking_for_buddy,2026-12-09 22:00:00
249,562,looking_for_buddy,2026-09-17 19:00:00
533,562,looking_for_buddy,2026-07-12 17:00:00
152,563,going,2026-11-15 21:00:00
580,563,going,2026-09-29 19:00:00
359,563,looking_for_buddy,2026-10-26 19:00:00
214,563,looking_for_buddy,2026-10-11 19:00:00
36,563,interested,2026-07-09 17:00:00
340,563,looking_for_buddy,2026-12-15 19:00:00
269,563,interested,2026-09-27 18:00:00
475,563,going,2026-12-26 19:00:00
214,564,interested,2026-10-21 19:00:00
74,564,looking_for_buddy,2026-08-06 19:00:00
175,564,going,2026-09-17 17:00:00
100,564,interested,2027-01-23 17:00:00
422,564,looking_for_buddy,2026-06-30 20:00:00
359,564,looking_for_buddy,2026-10-27 19:00:00
118,564,looking_for_buddy,2026-08-15 21:00:00
132,564,interested,2026-09-24 18:00:00
318,565,going,2026-07-13 19:00:00
61,565,going,2026-07-23 17:00:00
642,565,looking_for_buddy,2026-09-18 21:00:00
105,565,looking_for_buddy,2026-06-25 21:00:00
32,565,going,2027-01-08 21:00:00
542,565,looking_for_buddy,2026-07-19 20:00:00
145,565,looking_for_buddy,2026-08-19 21:00:00
648,565,interested,2027-01-07 22:00:00
612,566,looking_for_buddy,2026-12-02 22:00:00
654,566,looking_for_buddy,2026-08-14 23:00:00
647,566,looking_for_buddy,2026-12-21 19:00:00
556,566,going,2026-12-24 21:00:00
271,566,looking_for_buddy,2026-09-10 18:00:00
148,566,looking_for_buddy,2026-11-19 20:00:00
69,566,interested,2026-08-09 20:00:00
272,566,interested,2026-12-28 17:00:00
105,567,looking_for_buddy,2026-06-11 21:00:00
400,567,looking_for_buddy,2026-09-16 18:00:00
7,567,looking_for_buddy,2026-09-27 19:00:00
146,567,looking_for_buddy,2026-07-10 18:00:00
659,567,interested,2026-11-07 23:00:00
342,567,looking_for_buddy,2027-01-01 19:00:00
113,567,interested,2026-12-01 17:00:00
415,567,looking_for_buddy,2026-07-26 21:00:00
513,568,going,2026-06-03 19:00:00
8,568,looking_for_buddy,2026-06-30 18:00:00
568,568,interested,2026-07-02 17:00:00
395,568,interested,2026-06-07 19:00:00
198,568,looking_for_buddy,2026-06-06 17:00:00
316,568,looking_for_buddy,2026-10-26 19:00:00
221,568,looking_for_buddy,2026-10-31 20:00:00
390,568,interested,2026-10-28 21:00:00
556,569,going,2026-12-26 21:00:00
508,569,looking_for_buddy,2026-12-28 17:00:00
272,569,looking_for_buddy,2026-12-11 17:00:00
409,569,looking_for_buddy,2026-10-27 19:00:00
148,569,going,2026-11-03 20:00:00
173,569,looking_for_buddy,2026-07-21 18:00:00
520,569,interested,2026-12-24 18:00:00
233,569,looking_for_buddy,2026-05-06 20:00:00
261,570,looking_for_buddy,2026-07-11 18:00:00
596,570,interested,2026-11-28 21:00:00
182,570,looking_for_buddy,2026-08-03 20:00:00
252,570,looking_for_buddy,2026-06-29 19:00:00
630,570,going,2026-11-28 21:00:00
453,570,interested,2026-08-01 18:00:00
525,570,looking_for_buddy,2026-10-15 17:00:00
533,570,looking_for_buddy,2026-07-05 17:00:00
620,571,interested,2026-11-15 21:00:00
386,571,going,2026-10-21 19:00:00
486,571,looking_for_buddy,2026-07-02 20:00:00
263,571,going,2026-08-07 17:00:00
102,571,looking_for_buddy,2026-08-09 17:00:00
58,571,going,2026-11-11 20:00:00
497,571,looking_for_buddy,2026-10-23 19:00:00
151,571,going,2027-01-09 18:00:00
53,572,looking_for_buddy,2026-10-21 20:00:00
170,572,interested,2026-08-10 17:00:00
29,572,looking_for_buddy,2026-12-02 19:00:00
413,572,interested,2026-07-24 21:00:00
537,572,interested,2026-08-20 17:00:00
392,572,going,2026-08-08 21:00:00
17,572,interested,2026-07-01 18:00:00
224,572,looking_for_buddy,2026-08-13 21:00:00
455,573,looking_for_buddy,2026-09-30 18:00:00
265,573,interested,2026-11-03 18:00:00
144,573,looking_for_buddy,2026-08-26 21:00:00
1,573,going,2026-09-07 21:00:00
192,573,going,2026-11-17 18:00:00
78,573,looking_for_buddy,2027-01-18 19:00:00
53,573,going,2026-10-03 20:00:00
537,573,looking_for_buddy,2026-09-07 17:00:00
198,574,looking_for_buddy,2026-06-08 17:00:00
395,574,interested,2026-06-01 19:00:00
293,574,looking_for_buddy,2026-05-18 20:00:00
461,574,interested,2026-12-09 17:00:00
15,574,going,2026-07-23 18:00:00
575,574,going,2026-07-23 20:00:00
513,574,interested,2026-06-19 19:00:00
168,574,going,2026-07-30 17:00:00
419,575,going,2026-05-17 20:00:00
357,575,looking_for_buddy,2026-06-23 20:00:00
646,575,looking_for_buddy,2026-10-28 21:00:00
428,575,looking_for_buddy,2026-11-03 20:00:00
568,575,going,2026-06-07 17:00:00
129,575,going,2026-07-15 17:00:00
54,575,interested,2026-05-21 19:00:00
600,575,interested,2026-06-02 20:00:00
244,576,interested,2026-10-10 21:00:00
265,576,looking_for_buddy,2026-11-05 18:00:00
91,576,going,2026-08-23 17:00:00
492,576,looking_for_buddy,2026-11-06 20:00:00
364,576,looking_for_buddy,2027-01-17 19:00:00
345,576,interested,2026-07-17 17:00:00
101,576,looking_for_buddy,2026-11-27 17:00:00
88,576,looking_for_buddy,2026-05-20 20:00:00
446,577,looking_for_buddy,2026-10-21 21:00:00
347,577,going,2026-10-09 17:00:00
503,577,looking_for_buddy,2026-12-15 21:00:00
479,577,looking_for_buddy,2026-09-21 19:00:00
177,577,looking_for_buddy,2026-05-25 20:00:00
132,577,looking_for_buddy,2026-10-01 18:00:00
71,577,going,2026-09-06 18:00:00
423,577,looking_for_buddy,2026-10-10 18:00:00
572,578,looking_for_buddy,2026-11-14 19:00:00
87,578,interested,2027-01-05 21:00:00
187,578,looking_for_buddy,2027-01-06 20:00:00
482,578,looking_for_buddy,2026-09-15 18:00:00
364,578,looking_for_buddy,2026-12-31 19:00:00
170,578,interested,2026-07-20 17:00:00
560,578,looking_for_buddy,2026-12-17 21:00:00
265,578,going,2026-11-06 18:00:00
364,579,looking_for_buddy,2026-12-28 19:00:00
114,579,looking_for_buddy,2026-10-14 20:00:00
657,579,looking_for_buddy,2026-11-22 19:00:00
91,579,going,2026-08-06 17:00:00
199,579,looking_for_buddy,2026-07-04 20:00:00
265,579,going,2026-11-10 18:00:00
79,579,interested,2026-06-20 19:00:00
369,579,interested,2026-12-08 20:00:00
127,580,going,2026-08-15 20:00:00
644,580,going,2026-06-27 21:00:00
215,580,looking_for_buddy,2026-11-03 18:00:00
222,580,interested,2026-10-11 19:00:00
335,580,going,2026-06-22 19:00:00
23,580,looking_for_buddy,2026-06-18 19:00:00
318,580,looking_for_buddy,2026-07-07 19:00:00
201,580,going,2026-10-28 17:00:00
611,581,looking_for_buddy,2026-06-01 21:00:00
659,581,looking_for_buddy,2026-11-24 23:00:00
271,581,going,2026-10-02 18:00:00
281,581,looking_for_buddy,2026-08-31 20:00:00
536,581,looking_for_buddy,2026-06-16 21:00:00
222,581,interested,2026-09-26 19:00:00
324,581,interested,2026-11-11 20:00:00
388,581,looking_for_buddy,2026-06-11 20:00:00
56,582,interested,2026-09-23 21:00:00
319,582,interested,2027-01-08 18:00:00
345,582,going,2026-07-13 17:00:00
531,582,interested,2026-09-27 18:00:00
97,582,looking_for_buddy,2026-11-04 19:00:00
657,582,interested,2026-11-22 19:00:00
114,582,going,2026-10-19 20:00:00
375,582,looking_for_buddy,2026-10-29 17:00:00
101,583,looking_for_buddy,2026-12-14 17:00:00
262,583,looking_for_buddy,2026-09-09 19:00:00
560,583,looking_for_buddy,2026-12-05 21:00:00
187,583,interested,2026-12-24 20:00:00
170,583,interested,2026-08-04 17:00:00
88,583,looking_for_buddy,2026-05-17 20:00:00
265,583,interested,2026-11-03 18:00:00
370,583,interested,2026-05-23 19:00:00
411,584,going,2026-06-29 17:00:00
195,584,looking_for_buddy,2026-12-14 21:00:00
179,584,looking_for_buddy,2026-09-03 18:00:00
120,584,looking_for_buddy,2026-08-09 21:00:00
274,584,looking_for_buddy,2026-12-24 19:00:00
300,584,looking_for_buddy,2027-01-23 19:00:00
658,584,interested,2026-08-26 23:00:00
92,584,looking_for_buddy,2026-11-30 21:00:00
441,585,looking_for_buddy,2026-12-25 17:00:00
595,585,looking_for_buddy,2026-09-29 20:00:00
214,585,interested,2026-10-03 19:00:00
44,585,going,2026-06-11 19:00:00
517,585,going,2026-08-28 19:00:00
493,585,looking_for_buddy,2026-06-07 19:00:00
406,585,interested,2026-06-27 20:00:00
587,585,going,2026-09-27 17:00:00
88,586,looking_for_buddy,2026-06-07 20:00:00
593,586,looking_for_buddy,2026-11-16 18:00:00
192,586,looking_for_buddy,2026-11-22 18:00:00
189,586,interested,2026-06-20 18:00:00
87,586,interested,2026-12-18 21:00:00
33,586,going,2026-07-31 17:00:00
302,586,interested,2026-07-28 21:00:00
144,586,interested,2026-09-16 21:00:00
265,587,looking_for_buddy,2026-11-10 18:00:00
144,587,interested,2026-09-12 21:00:00
413,587,interested,2026-07-06 21:00:00
68,587,looking_for_buddy,2026-05-29 20:00:00
546,587,interested,2026-11-16 17:00:00
537,587,going,2026-08-10 17:00:00
350,587,interested,2026-10-10 18:00:00
88,587,looking_for_buddy,2026-05-30 20:00:00
148,588,interested,2026-11-14 20:00:00
65,588,going,2026-10-19 18:00:00
95,588,going,2026-07-24 21:00:00
565,588,interested,2027-01-04 18:00:00
318,588,looking_for_buddy,2026-07-17 19:00:00
554,588,looking_for_buddy,2026-08-12 21:00:00
617,588,looking_for_buddy,2026-11-25 22:00:00
409,588,interested,2026-10-13 19:00:00
596,589,going,2026-12-17 21:00:00
605,589,interested,2026-07-10 19:00:00
522,589,looking_for_buddy,2026-11-20 17:00:00
363,589,going,2026-10-23 18:00:00
612,589,interested,2026-12-13 22:00:00
182,589,going,2026-08-15 20:00:00
140,589,interested,2026-10-04 19:00:00
257,589,looking_for_buddy,2026-11-05 18:00:00
15,590,going,2026-08-12 18:00:00
352,590,interested,2026-07-21 20:00:00
395,590,going,2026-06-05 19:00:00
358,590,looking_for_buddy,2026-11-11 19:00:00
461,590,going,2026-11-27 17:00:00
516,590,looking_for_buddy,2026-11-19 18:00:00
526,590,looking_for_buddy,2026-07-31 21:00:00
513,590,looking_for_buddy,2026-05-30 19:00:00
504,591,looking_for_buddy,2026-12-02 21:00:00
619,591,interested,2026-06-10 22:00:00
404,591,going,2026-10-25 20:00:00
50,591,looking_for_buddy,2026-05-10 21:00:00
566,591,interested,2026-08-13 18:00:00
371,591,looking_for_buddy,2026-11-28 17:00:00
239,591,interested,2026-12-11 17:00:00
341,591,looking_for_buddy,2026-05-30 21:00:00
494,592,looking_for_buddy,2026-08-02 21:00:00
149,592,looking_for_buddy,2026-09-10 21:00:00
39,592,looking_for_buddy,2026-08-15 21:00:00
137,592,looking_for_buddy,2026-11-07 20:00:00
292,592,looking_for_buddy,2026-12-14 19:00:00
60,592,looking_for_buddy,2026-08-06 21:00:00
107,592,looking_for_buddy,2026-11-11 19:00:00
629,592,looking_for_buddy,2026-08-16 23:00:00
460,593,interested,2026-05-29 20:00:00
257,593,looking_for_buddy,2026-10-28 18:00:00
141,593,looking_for_buddy,2026-09-25 18:00:00
252,593,looking_for_buddy,2026-06-24 19:00:00
400,593,looking_for_buddy,2026-10-02 18:00:00
616,593,interested,2026-10-29 19:00:00
484,593,looking_for_buddy,2026-06-15 18:00:00
222,593,interested,2026-10-13 19:00:00
256,594,looking_for_buddy,2026-07-15 17:00:00
78,594,looking_for_buddy,2027-01-08 19:00:00
304,594,going,2026-06-23 20:00:00
265,594,going,2026-10-30 18:00:00
471,594,looking_for_buddy,2027-01-08 18:00:00
489,594,looking_for_buddy,2026-12-22 17:00:00
375,594,interested,2026-11-03 17:00:00
364,594,going,2027-01-08 19:00:00
275,595,interested,2026-08-07 21:00:00
158,595,going,2026-07-20 17:00:00
445,595,going,2026-07-27 20:00:00
571,595,looking_for_buddy,2026-11-24 19:00:00
423,595,going,2026-10-16 18:00:00
606,595,going,2026-07-29 21:00:00
159,595,going,2026-05-26 17:00:00
444,595,looking_for_buddy,2026-09-01 17:00:00
194,596,going,2026-07-14 19:00:00
420,596,looking_for_buddy,2026-08-13 21:00:00
300,596,looking_for_buddy,2027-01-11 19:00:00
47,596,going,2026-12-26 21:00:00
296,596,looking_for_buddy,2027-01-15 21:00:00
169,596,going,2026-07-02 17:00:00
253,596,looking_for_buddy,2026-08-20 17:00:00
499,596,going,2026-07-13 17:00:00
515,597,looking_for_buddy,2026-11-13 20:00:00
268,597,interested,2026-08-17 18:00:00
242,597,looking_for_buddy,2026-11-12 19:00:00
351,597,interested,2026-05-23 19:00:00
85,597,looking_for_buddy,2026-07-08 18:00:00
58,597,looking_for_buddy,2026-11-02 20:00:00
303,597,interested,2026-06-28 20:00:00
151,597,looking_for_buddy,2027-01-25 18:00:00
629,598,interested,2026-08-17 23:00:00
449,598,looking_for_buddy,2026-07-04 18:00:00
114,598,looking_for_buddy,2026-10-10 20:00:00
500,598,going,2026-10-19 19:00:00
564,598,looking_for_buddy,2026-10-10 21:00:00
245,598,looking_for_buddy,2026-11-27 20:00:00
107,598,looking_for_buddy,2026-11-21 19:00:00
174,598,looking_for_buddy,2026-08-10 20:00:00
504,599,looking_for_buddy,2026-11-26 21:00:00
46,599,going,2026-09-09 19:00:00
191,599,interested,2026-11-25 20:00:00
387,599,interested,2026-08-09 18:00:00
480,599,looking_for_buddy,2026-08-08 20:00:00
658,599,looking_for_buddy,2026-08-14 23:00:00
2,599,looking_for_buddy,2026-06-25 17:00:00
85,599,interested,2026-07-18 18:00:00
477,600,interested,2026-06-12 20:00:00
337,600,looking_for_buddy,2026-11-03 21:00:00
485,600,looking_for_buddy,2026-09-02 21:00:00
396,600,interested,2026-12-21 18:00:00
425,600,going,2026-07-06 18:00:00
214,600,looking_for_buddy,2026-10-10 19:00:00
159,600,looking_for_buddy,2026-05-23 17:00:00
210,600,going,2026-06-16 21:00:00
148,601,looking_for_buddy,2026-11-06 20:00:00
145,601,looking_for_buddy,2026-07-29 21:00:00
61,601,looking_for_buddy,2026-07-19 17:00:00
520,601,going,2027-01-12 18:00:00
272,601,looking_for_buddy,2026-12-27 17:00:00
361,601,looking_for_buddy,2026-10-01 17:00:00
271,601,going,2026-09-24 18:00:00
617,601,looking_for_buddy,2026-11-26 22:00:00
393,602,looking_for_buddy,2026-06-01 19:00:00
85,602,going,2026-07-22 18:00:00
307,602,looking_for_buddy,2026-10-15 18:00:00
499,602,looking_for_buddy,2026-07-20 17:00:00
120,602,looking_for_buddy,2026-07-27 21:00:00
296,602,looking_for_buddy,2026-12-26 21:00:00
169,602,looking_for_buddy,2026-07-01 17:00:00
243,602,looking_for_buddy,2026-11-23 21:00:00
214,603,going,2026-10-09 19:00:00
493,603,looking_for_buddy,2026-05-16 19:00:00
406,603,interested,2026-07-04 20:00:00
609,603,looking_for_buddy,2026-05-18 22:00:00
595,603,interested,2026-09-22 20:00:00
418,603,looking_for_buddy,2026-06-03 18:00:00
196,603,looking_for_buddy,2026-12-28 21:00:00
67,603,looking_for_buddy,2026-05-29 20:00:00
390,604,interested,2026-10-23 21:00:00
543,604,looking_for_buddy,2026-12-10 19:00:00
398,604,interested,2026-08-12 17:00:00
506,604,interested,2026-08-27 21:00:00
13,604,going,2026-09-05 17:00:00
295,604,interested,2026-09-15 17:00:00
305,604,looking_for_buddy,2026-11-27 18:00:00
367,604,going,2026-09-07 20:00:00
15,605,looking_for_buddy,2026-07-29 18:00:00
6,605,looking_for_buddy,2026-05-31 17:00:00
419,605,interested,2026-06-10 20:00:00
295,605,interested,2026-09-22 17:00:00
198,605,going,2026-05-31 17:00:00
579,605,looking_for_buddy,2026-10-17 19:00:00
9,605,going,2026-07-14 17:00:00
526,605,going,2026-08-01 21:00:00
82,606,looking_for_buddy,2026-06-02 21:00:00
384,606,going,2027-01-04 18:00:00
334,606,interested,2026-06-13 18:00:00
390,606,looking_for_buddy,2026-11-07 21:00:00
434,606,looking_for_buddy,2026-05-22 19:00:00
367,606,looking_for_buddy,2026-09-13 20:00:00
514,606,interested,2026-09-18 19:00:00
543,606,interested,2026-12-19 19:00:00
631,607,looking_for_buddy,2026-06-08 22:00:00
312,607,looking_for_buddy,2026-05-28 17:00:00
485,607,looking_for_buddy,2026-09-11 21:00:00
493,607,going,2026-05-15 19:00:00
503,607,going,2026-12-07 21:00:00
313,607,looking_for_buddy,2026-07-08 19:00:00
134,607,looking_for_buddy,2026-08-09 20:00:00
622,607,looking_for_buddy,2026-12-20 19:00:00
214,608,interested,2026-10-23 19:00:00
323,608,looking_for_buddy,2026-11-14 19:00:00
571,608,interested,2026-12-01 19:00:00
547,608,interested,2026-07-08 20:00:00
412,608,going,2026-09-13 20:00:00
631,608,looking_for_buddy,2026-06-03 22:00:00
312,608,interested,2026-06-15 17:00:00
347,608,looking_for_buddy,2026-10-04 17:00:00
631,609,going,2026-06-05 22:00:00
20,609,looking_for_buddy,2026-12-06 20:00:00
24,609,going,2026-07-13 19:00:00
266,609,interested,2026-12-21 17:00:00
553,609,looking_for_buddy,2026-12-15 20:00:00
131,609,going,2026-09-22 19:00:00
340,609,going,2026-12-11 19:00:00
485,609,looking_for_buddy,2026-08-24 21:00:00
212,610,going,2026-12-08 19:00:00
336,610,going,2027-01-11 18:00:00
486,610,looking_for_buddy,2026-06-24 20:00:00
528,610,looking_for_buddy,2026-06-21 17:00:00
277,610,looking_for_buddy,2026-08-01 19:00:00
130,610,looking_for_buddy,2026-10-04 18:00:00
235,610,interested,2026-07-30 21:00:00
619,610,interested,2026-06-06 22:00:00
130,611,looking_for_buddy,2026-09-29 18:00:00
326,611,looking_for_buddy,2026-11-25 21:00:00
46,611,interested,2026-10-03 19:00:00
166,611,looking_for_buddy,2026-08-07 17:00:00
393,611,looking_for_buddy,2026-05-25 19:00:00
307,611,interested,2026-10-20 18:00:00
468,611,looking_for_buddy,2026-07-05 17:00:00
528,611,looking_for_buddy,2026-06-01 17:00:00
638,612,looking_for_buddy,2026-05-21 22:00:00
191,612,interested,2026-11-20 20:00:00
432,612,interested,2026-12-25 17:00:00
486,612,looking_for_buddy,2026-07-17 20:00:00
151,612,interested,2027-01-25 18:00:00
50,612,going,2026-05-16 21:00:00
379,612,interested,2026-10-20 20:00:00
510,612,interested,2027-01-02 18:00:00
480,613,interested,2026-08-21 20:00:00
581,613,looking_for_buddy,2026-12-13 20:00:00
528,613,interested,2026-06-23 17:00:00
351,613,interested,2026-05-20 19:00:00
58,613,interested,2026-11-01 20:00:00
603,613,looking_for_buddy,2026-12-19 20:00:00
510,613,interested,2026-12-08 18:00:00
268,613,going,2026-08-22 18:00:00
360,614,interested,2026-12-02 17:00:00
11,614,going,2026-10-11 19:00:00
113,614,going,2026-11-27 17:00:00
409,614,going,2026-10-22 19:00:00
462,614,interested,2026-09-03 21:00:00
261,614,looking_for_buddy,2026-07-14 18:00:00
173,614,looking_for_buddy,2026-08-04 18:00:00
257,614,interested,2026-10-29 18:00:00
411,615,going,2026-06-30 17:00:00
610,615,looking_for_buddy,2026-08-13 19:00:00
452,615,going,2026-06-10 20:00:00
169,615,interested,2026-06-16 17:00:00
166,615,looking_for_buddy,2026-08-11 17:00:00
393,615,looking_for_buddy,2026-05-09 19:00:00
404,615,looking_for_buddy,2026-10-21 20:00:00
326,615,interested,2026-11-29 21:00:00
640,616,looking_for_buddy,2026-08-17 22:00:00
146,616,going,2026-07-09 18:00:00
267,616,looking_for_buddy,2026-09-12 17:00:00
576,616,going,2026-05-17 20:00:00
612,616,looking_for_buddy,2026-12-01 22:00:00
360,616,interested,2026-12-17 17:00:00
32,616,going,2026-12-24 21:00:00
356,616,looking_for_buddy,2026-12-28 18:00:00
344,617,looking_for_buddy,2026-06-23 18:00:00
617,617,interested,2026-11-09 22:00:00
140,617,interested,2026-10-13 19:00:00
173,617,looking_for_buddy,2026-07-30 18:00:00
605,617,interested,2026-07-24 19:00:00
240,617,looking_for_buddy,2026-07-30 19:00:00
182,617,looking_for_buddy,2026-08-16 20:00:00
659,617,looking_for_buddy,2026-11-18 23:00:00
510,618,looking_for_buddy,2026-12-16 18:00:00
603,618,going,2026-12-21 20:00:00
264,618,looking_for_buddy,2026-06-27 21:00:00
504,618,looking_for_buddy,2026-11-13 21:00:00
435,618,looking_for_buddy,2026-08-28 18:00:00
643,618,looking_for_buddy,2026-08-24 23:00:00
268,618,looking_for_buddy,2026-09-03 18:00:00
581,618,interested,2026-12-17 20:00:00
469,619,going,2026-09-29 20:00:00
328,619,going,2026-11-20 18:00:00
394,619,interested,2026-11-05 17:00:00
212,619,looking_for_buddy,2026-12-20 19:00:00
50,619,going,2026-05-12 21:00:00
336,619,looking_for_buddy,2027-01-21 18:00:00
641,619,going,2027-01-11 20:00:00
235,619,looking_for_buddy,2026-08-21 21:00:00
281,620,going,2026-08-24 20:00:00
615,620,looking_for_buddy,2026-05-23 22:00:00
248,620,going,2026-10-09 21:00:00
272,620,looking_for_buddy,2026-12-27 17:00:00
487,620,going,2026-06-16 18:00:00
589,620,looking_for_buddy,2026-10-02 21:00:00
249,620,looking_for_buddy,2026-09-08 19:00:00
388,620,interested,2026-06-09 20:00:00
229,621,going,2026-11-16 21:00:00
604,621,interested,2026-06-26 21:00:00
358,621,looking_for_buddy,2026-11-20 19:00:00
43,621,interested,2026-11-10 21:00:00
135,621,looking_for_buddy,2026-12-23 20:00:00
516,621,looking_for_buddy,2026-11-24 18:00:00
568,621,going,2026-06-14 17:00:00
190,621,going,2026-07-06 19:00:00
649,622,going,2026-08-17 23:00:00
364,622,looking_for_buddy,2026-12-23 19:00:00
657,622,looking_for_buddy,2026-11-04 19:00:00
546,622,going,2026-11-10 17:00:00
369,622,looking_for_buddy,2026-12-18 20:00:00
593,622,going,2026-11-06 18:00:00
77,622,looking_for_buddy,2026-11-07 18:00:00
572,622,looking_for_buddy,2026-10-30 19:00:00
334,623,interested,2026-06-24 18:00:00
75,623,going,2026-12-10 18:00:00
122,623,interested,2026-07-01 17:00:00
579,623,looking_for_buddy,2026-10-09 19:00:00
19,623,interested,2026-09-02 20:00:00
506,623,looking_for_buddy,2026-08-13 21:00:00
390,623,going,2026-10-10 21:00:00
82,623,looking_for_buddy,2026-06-08 21:00:00
270,624,going,2026-05-31 19:00:00
159,624,looking_for_buddy,2026-06-08 17:00:00
485,624,looking_for_buddy,2026-08-29 21:00:00
154,624,looking_for_buddy,2026-09-15 18:00:00
20,624,going,2026-12-04 20:00:00
232,624,looking_for_buddy,2026-10-31 21:00:00
84,624,looking_for_buddy,2026-05-15 20:00:00
287,624,looking_for_buddy,2026-09-03 20:00:00
229,625,looking_for_buddy,2026-11-19 21:00:00
568,625,going,2026-06-12 17:00:00
153,625,looking_for_buddy,2026-11-04 19:00:00
225,625,looking_for_buddy,2026-06-21 17:00:00
470,625,going,2026-09-20 18:00:00
557,625,going,2026-07-01 20:00:00
295,625,looking_for_buddy,2026-09-29 17:00:00
357,625,looking_for_buddy,2026-06-12 20:00:00
579,626,interested,2026-10-23 19:00:00
395,626,going,2026-05-16 19:00:00
389,626,looking_for_buddy,2026-09-29 19:00:00
295,626,interested,2026-09-26 17:00:00
223,626,looking_for_buddy,2026-11-11 18:00:00
279,626,looking_for_buddy,2026-11-18 21:00:00
568,626,looking_for_buddy,2026-06-15 17:00:00
164,626,looking_for_buddy,2026-08-27 19:00:00
423,627,interested,2026-10-05 18:00:00
313,627,looking_for_buddy,2026-06-22 19:00:00
177,627,interested,2026-05-27 20:00:00
503,627,interested,2026-12-16 21:00:00
132,627,looking_for_buddy,2026-09-16 18:00:00
171,627,looking_for_buddy,2026-11-03 20:00:00
412,627,looking_for_buddy,2026-09-07 20:00:00
83,627,looking_for_buddy,2026-09-08 19:00:00
328,628,interested,2026-11-28 18:00:00
169,628,looking_for_buddy,2026-06-16 17:00:00
566,628,looking_for_buddy,2026-08-24 18:00:00
277,628,looking_for_buddy,2026-07-30 19:00:00
108,628,going,2026-07-21 20:00:00
404,628,interested,2026-10-13 20:00:00
120,628,looking_for_buddy,2026-08-16 21:00:00
499,628,looking_for_buddy,2026-07-01 17:00:00
495,629,looking_for_buddy,2026-10-28 21:00:00
214,629,going,2026-10-21 19:00:00
20,629,interested,2026-11-20 20:00:00
609,629,looking_for_buddy,2026-05-28 22:00:00
587,629,looking_for_buddy,2026-10-23 17:00:00
511,629,looking_for_buddy,2026-12-24 17:00:00
406,629,looking_for_buddy,2026-07-01 20:00:00
188,629,looking_for_buddy,2026-07-09 21:00:00
449,630,interested,2026-07-03 18:00:00
657,630,looking_for_buddy,2026-12-01 19:00:00
112,630,looking_for_buddy,2026-06-23 21:00:00
174,630,looking_for_buddy,2026-07-27 20:00:00
302,630,interested,2026-08-08 21:00:00
546,630,interested,2026-11-13 17:00:00
364,630,interested,2026-12-27 19:00:00
368,630,interested,2026-09-20 19:00:00
542,631,going,2026-07-15 20:00:00
267,631,going,2026-09-21 17:00:00
459,631,looking_for_buddy,2027-01-12 20:00:00
648,631,looking_for_buddy,2026-12-28 22:00:00
535,631,looking_for_buddy,2026-09-23 21:00:00
222,631,going,2026-10-16 19:00:00
576,631,looking_for_buddy,2026-05-21 20:00:00
249,631,interested,2026-09-19 19:00:00
292,632,interested,2026-12-21 19:00:00
572,632,interested,2026-11-05 19:00:00
321,632,looking_for_buddy,2026-06-04 17:00:00
137,632,looking_for_buddy,2026-11-11 20:00:00
537,632,interested,2026-08-18 17:00:00
250,632,looking_for_buddy,2026-12-16 18:00:00
649,632,going,2026-08-13 23:00:00
155,632,interested,2026-06-07 20:00:00
556,633,looking_for_buddy,2027-01-10 21:00:00
95,633,going,2026-08-05 21:00:00
612,633,looking_for_buddy,2026-11-21 22:00:00
330,633,looking_for_buddy,2026-11-15 20:00:00
217,633,looking_for_buddy,2026-12-24 18:00:00
634,633,looking_for_buddy,2026-09-19 22:00:00
542,633,looking_for_buddy,2026-07-18 20:00:00
61,633,interested,2026-07-16 17:00:00
123,634,going,2026-10-15 20:00:00
322,634,looking_for_buddy,2026-08-03 18:00:00
82,634,looking_for_buddy,2026-05-28 21:00:00
367,634,looking_for_buddy,2026-09-21 20:00:00
225,634,looking_for_buddy,2026-06-14 17:00:00
327,634,looking_for_buddy,2026-06-15 19:00:00
597,634,looking_for_buddy,2026-09-05 17:00:00
507,634,interested,2026-12-31 21:00:00
97,635,interested,2026-10-21 19:00:00
458,635,going,2026-09-20 18:00:00
33,635,interested,2026-08-04 17:00:00
657,635,going,2026-11-28 19:00:00
364,635,looking_for_buddy,2026-12-21 19:00:00
413,635,interested,2026-07-15 21:00:00
155,635,interested,2026-06-16 20:00:00
91,635,going,2026-08-05 17:00:00
296,636,looking_for_buddy,2026-12-24 21:00:00
505,636,looking_for_buddy,2026-11-21 21:00:00
52,636,interested,2026-11-30 20:00:00
566,636,looking_for_buddy,2026-08-31 18:00:00
12,636,looking_for_buddy,2026-12-28 19:00:00
544,636,looking_for_buddy,2027-01-07 20:00:00
469,636,interested,2026-10-04 20:00:00
50,636,interested,2026-05-17 21:00:00
279,637,going,2026-10-31 21:00:00
198,637,looking_for_buddy,2026-05-22 17:00:00
15,637,going,2026-07-21 18:00:00
325,637,looking_for_buddy,2026-10-05 20:00:00
6,637,looking_for_buddy,2026-06-25 17:00:00
440,637,looking_for_buddy,2026-06-27 21:00:00
129,637,going,2026-07-04 17:00:00
461,637,looking_for_buddy,2026-11-28 17:00:00
176,638,looking_for_buddy,2026-07-03 19:00:00
214,638,interested,2026-09-28 19:00:00
622,638,going,2026-12-15 19:00:00
89,638,interested,2026-11-09 20:00:00
495,638,looking_for_buddy,2026-11-06 21:00:00
57,638,going,2026-10-19 21:00:00
383,638,going,2026-06-23 20:00:00
511,638,interested,2026-12-22 17:00:00
551,639,looking_for_buddy,2026-12-25 20:00:00
177,639,looking_for_buddy,2026-05-25 20:00:00
445,639,interested,2026-07-28 20:00:00
425,639,looking_for_buddy,2026-07-05 18:00:00
498,639,interested,2027-01-17 17:00:00
270,639,going,2026-06-10 19:00:00
171,639,interested,2026-10-28 20:00:00
100,639,looking_for_buddy,2027-01-14 17:00:00
170,640,going,2026-08-01 17:00:00
244,640,interested,2026-10-06 21:00:00
364,640,looking_for_buddy,2027-01-10 19:00:00
343,640,going,2026-06-20 17:00:00
35,640,going,2026-08-01 19:00:00
78,640,looking_for_buddy,2026-12-25 19:00:00
265,640,looking_for_buddy,2026-10-22 18:00:00
5,640,interested,2027-01-07 19:00:00
384,641,interested,2027-01-05 18:00:00
568,641,going,2026-06-20 17:00:00
457,641,going,2026-08-15 20:00:00
625,641,interested,2026-05-30 23:00:00
293,641,interested,2026-05-16 20:00:00
600,641,interested,2026-06-18 20:00:00
579,641,interested,2026-10-16 19:00:00
559,641,looking_for_buddy,2026-08-15 18:00:00
482,642,interested,2026-09-16 18:00:00
454,642,interested,2026-06-16 20:00:00
262,642,looking_for_buddy,2026-09-10 19:00:00
265,642,going,2026-11-06 18:00:00
370,642,looking_for_buddy,2026-05-09 19:00:00
172,642,interested,2026-10-11 20:00:00
155,642,going,2026-05-27 20:00:00
537,642,looking_for_buddy,2026-08-31 17:00:00
556,643,looking_for_buddy,2027-01-03 21:00:00
401,643,interested,2026-06-19 18:00:00
459,643,looking_for_buddy,2026-12-24 20:00:00
615,643,going,2026-05-26 22:00:00
484,643,interested,2026-05-22 18:00:00
614,643,looking_for_buddy,2026-10-09 19:00:00
659,643,looking_for_buddy,2026-11-26 23:00:00
349,643,going,2026-07-05 20:00:00
332,644,interested,2026-10-30 17:00:00
568,644,looking_for_buddy,2026-06-20 17:00:00
334,644,interested,2026-06-16 18:00:00
579,644,going,2026-10-16 19:00:00
64,644,looking_for_buddy,2026-10-03 18:00:00
6,644,going,2026-05-28 17:00:00
295,644,interested,2026-10-08 17:00:00
19,644,going,2026-08-27 20:00:00
3,645,going,2026-08-23 21:00:00
404,645,interested,2026-10-04 20:00:00
47,645,interested,2026-12-13 21:00:00
641,645,going,2027-01-11 20:00:00
212,645,interested,2026-12-14 19:00:00
243,645,looking_for_buddy,2026-12-09 21:00:00
336,645,looking_for_buddy,2027-01-02 18:00:00
284,645,going,2026-09-14 21:00:00
214,646,going,2026-10-22 19:00:00
210,646,interested,2026-06-26 21:00:00
116,646,going,2026-09-28 21:00:00
323,646,looking_for_buddy,2026-11-09 19:00:00
495,646,going,2026-11-13 21:00:00
607,646,going,2026-06-19 21:00:00
577,646,looking_for_buddy,2026-08-11 17:00:00
636,646,interested,2026-10-29 19:00:00
446,647,going,2026-10-14 21:00:00
246,647,interested,2026-09-16 18:00:00
177,647,interested,2026-05-09 20:00:00
586,647,looking_for_buddy,2026-10-29 17:00:00
132,647,looking_for_buddy,2026-09-06 18:00:00
485,647,going,2026-08-26 21:00:00
623,647,looking_for_buddy,2026-09-27 20:00:00
288,647,looking_for_buddy,2026-08-07 19:00:00
192,648,interested,2026-10-27 18:00:00
199,648,going,2026-07-02 20:00:00
370,648,looking_for_buddy,2026-05-24 19:00:00
5,648,looking_for_buddy,2027-01-06 19:00:00
489,648,looking_for_buddy,2026-12-21 17:00:00
343,648,looking_for_buddy,2026-06-13 17:00:00
265,648,interested,2026-10-15 18:00:00
144,648,going,2026-09-03 21:00:00
634,649,looking_for_buddy,2026-09-16 22:00:00
349,649,looking_for_buddy,2026-07-26 20:00:00
111,649,going,2026-06-15 21:00:00
532,649,looking_for_buddy,2026-10-05 17:00:00
459,649,interested,2027-01-16 20:00:00
612,649,looking_for_buddy,2026-12-04 22:00:00
570,649,looking_for_buddy,2026-08-22 19:00:00
654,649,looking_for_buddy,2026-08-30 23:00:00
214,650,looking_for_buddy,2026-10-07 19:00:00
495,650,going,2026-10-25 21:00:00
441,650,looking_for_buddy,2027-01-07 17:00:00
439,650,interested,2026-06-10 21:00:00
595,650,going,2026-09-30 20:00:00
337,650,interested,2026-11-27 21:00:00
118,650,going,2026-07-25 21:00:00
44,650,looking_for_buddy,2026-06-18 19:00:00
425,651,going,2026-06-29 18:00:00
214,651,looking_for_buddy,2026-10-12 19:00:00
660,651,looking_for_buddy,2026-11-29 20:00:00
477,651,looking_for_buddy,2026-05-26 20:00:00
25,651,looking_for_buddy,2026-07-30 19:00:00
67,651,looking_for_buddy,2026-05-21 20:00:00
473,651,going,2026-12-25 19:00:00
132,651,going,2026-09-06 18:00:00
323,652,interested,2026-10-31 19:00:00
214,652,looking_for_buddy,2026-10-21 19:00:00
631,652,interested,2026-05-28 22:00:00
580,652,looking_for_buddy,2026-09-02 19:00:00
511,652,looking_for_buddy,2027-01-05 17:00:00
176,652,interested,2026-06-12 19:00:00
294,652,going,2026-11-14 17:00:00
71,652,going,2026-09-02 18:00:00
416,653,looking_for_buddy,2026-07-09 19:00:00
83,653,looking_for_buddy,2026-09-24 19:00:00
177,653,interested,2026-05-20 20:00:00
496,653,interested,2026-10-23 20:00:00
359,653,going,2026-11-01 19:00:00
84,653,interested,2026-05-17 20:00:00
378,653,interested,2026-06-19 18:00:00
288,653,looking_for_buddy,2026-08-06 19:00:00
107,654,going,2026-11-12 19:00:00
185,654,interested,2026-10-15 18:00:00
430,654,going,2026-07-18 20:00:00
216,654,looking_for_buddy,2026-09-25 20:00:00
34,654,looking_for_buddy,2026-10-17 19:00:00
464,654,looking_for_buddy,2026-09-04 20:00:00
40,654,interested,2026-11-18 19:00:00
150,654,looking_for_buddy,2026-10-26 19:00:00
547,655,looking_for_buddy,2026-07-27 20:00:00
313,655,interested,2026-06-29 19:00:00
206,655,going,2026-10-24 20:00:00
310,655,looking_for_buddy,2026-08-12 17:00:00
496,655,going,2026-10-08 20:00:00
660,655,interested,2026-12-15 20:00:00
503,655,looking_for_buddy,2026-12-13 21:00:00
196,655,interested,2027-01-20 21:00:00
234,656,interested,2026-12-16 18:00:00
526,656,interested,2026-08-02 21:00:00
646,656,going,2026-11-09 21:00:00
297,656,interested,2026-11-13 17:00:00
366,656,looking_for_buddy,2026-12-06 18:00:00
600,656,interested,2026-06-05 20:00:00
568,656,interested,2026-07-02 17:00:00
129,656,looking_for_buddy,2026-07-18 17:00:00
138,657,looking_for_buddy,2026-10-27 18:00:00
195,657,going,2026-12-09 21:00:00
414,657,going,2026-12-17 18:00:00
300,657,interested,2027-01-04 19:00:00
653,657,interested,2026-10-26 23:00:00
178,657,looking_for_buddy,2026-06-01 20:00:00
259,657,interested,2026-06-24 17:00:00
480,657,going,2026-08-29 20:00:00
285,658,looking_for_buddy,2026-10-20 21:00:00
40,658,looking_for_buddy,2026-10-28 19:00:00
413,658,interested,2026-07-12 21:00:00
39,658,looking_for_buddy,2026-08-08 21:00:00
458,658,going,2026-09-19 18:00:00
451,658,interested,2026-11-04 18:00:00
385,658,going,2026-09-24 18:00:00
265,658,going,2026-11-06 18:00:00
482,659,looking_for_buddy,2026-09-17 18:00:00
392,659,looking_for_buddy,2026-08-08 21:00:00
155,659,looking_for_buddy,2026-06-09 20:00:00
572,659,looking_for_buddy,2026-11-16 19:00:00
364,659,looking_for_buddy,2026-12-26 19:00:00
161,659,going,2026-11-16 17:00:00
114,659,looking_for_buddy,2026-10-14 20:00:00
292,659,looking_for_buddy,2026-12-15 19:00:00
334,660,looking_for_buddy,2026-06-30 18:00:00
19,660,interested,2026-09-15 20:00:00
384,660,interested,2026-12-27 18:00:00
506,660,looking_for_buddy,2026-08-31 21:00:00
305,660,interested,2026-11-27 18:00:00
190,660,looking_for_buddy,2026-07-01 19:00:00
579,660,looking_for_buddy,2026-10-16 19:00:00
122,660,looking_for_buddy,2026-07-08 17:00:00
354,661,looking_for_buddy,2026-11-30 17:00:00
440,661,looking_for_buddy,2026-06-21 21:00:00
322,661,looking_for_buddy,2026-08-08 18:00:00
9,661,looking_for_buddy,2026-07-12 17:00:00
18,661,interested,2026-10-02 19:00:00
527,661,looking_for_buddy,2026-10-17 20:00:00
82,661,interested,2026-05-23 21:00:00
229,661,looking_for_buddy,2026-11-15 21:00:00
354,662,looking_for_buddy,2026-12-21 17:00:00
295,662,interested,2026-09-30 17:00:00
15,662,interested,2026-07-25 18:00:00
198,662,looking_for_buddy,2026-05-30 17:00:00
223,662,looking_for_buddy,2026-11-25 18:00:00
557,662,looking_for_buddy,2026-06-05 20:00:00
276,662,looking_for_buddy,2026-12-15 21:00:00
282,662,looking_for_buddy,2026-11-19 18:00:00
272,663,interested,2026-12-25 17:00:00
648,663,going,2026-12-30 22:00:00
95,663,going,2026-08-04 21:00:00
267,663,going,2026-09-21 17:00:00
248,663,going,2026-10-14 21:00:00
252,663,going,2026-06-17 19:00:00
542,663,looking_for_buddy,2026-07-18 20:00:00
640,663,going,2026-08-20 22:00:00
328,664,interested,2026-11-09 18:00:00
411,664,interested,2026-07-13 17:00:00
420,664,looking_for_buddy,2026-08-25 21:00:00
274,664,looking_for_buddy,2026-12-08 19:00:00
2,664,going,2026-06-28 17:00:00
179,664,looking_for_buddy,2026-09-04 18:00:00
239,664,looking_for_buddy,2026-12-15 17:00:00
435,664,interested,2026-08-19 18:00:00
364,665,going,2026-12-28 19:00:00
29,665,looking_for_buddy,2026-11-20 19:00:00
451,665,interested,2026-11-10 18:00:00
97,665,going,2026-10-20 19:00:00
161,665,interested,2026-11-08 17:00:00
38,665,looking_for_buddy,2026-12-19 20:00:00
40,665,interested,2026-11-03 19:00:00
39,665,looking_for_buddy,2026-08-18 21:00:00
101,666,going,2026-12-04 17:00:00
370,666,looking_for_buddy,2026-05-19 19:00:00
613,666,interested,2026-09-21 23:00:00
250,666,looking_for_buddy,2026-11-24 18:00:00
265,666,going,2026-11-04 18:00:00
162,666,looking_for_buddy,2026-08-23 19:00:00
465,666,looking_for_buddy,2026-06-06 19:00:00
88,666,going,2026-05-23 20:00:00
453,667,looking_for_buddy,2026-08-12 18:00:00
409,667,looking_for_buddy,2026-10-17 19:00:00
508,667,looking_for_buddy,2026-12-24 17:00:00
208,667,looking_for_buddy,2026-09-09 19:00:00
233,667,interested,2026-05-17 20:00:00
335,667,looking_for_buddy,2026-06-26 19:00:00
522,667,going,2026-11-13 17:00:00
615,667,going,2026-05-09 22:00:00
506,668,looking_for_buddy,2026-08-20 21:00:00
334,668,interested,2026-06-17 18:00:00
229,668,interested,2026-12-10 21:00:00
293,668,looking_for_buddy,2026-05-22 20:00:00
354,668,going,2026-12-06 17:00:00
198,668,going,2026-05-18 17:00:00
90,668,looking_for_buddy,2026-10-08 18:00:00
4,668,looking_for_buddy,2026-12-30 21:00:00
191,669,going,2026-11-24 20:00:00
136,669,looking_for_buddy,2026-08-29 21:00:00
274,669,going,2026-12-25 19:00:00
594,669,looking_for_buddy,2026-09-11 20:00:00
151,669,interested,2027-01-14 18:00:00
98,669,going,2026-08-29 17:00:00
504,669,looking_for_buddy,2026-11-29 21:00:00
584,669,going,2026-05-05 18:00:00
192,670,going,2026-10-27 18:00:00
236,670,looking_for_buddy,2026-11-25 20:00:00
187,670,looking_for_buddy,2026-12-30 20:00:00
101,670,going,2026-11-27 17:00:00
55,670,looking_for_buddy,2026-10-13 17:00:00
162,670,interested,2026-08-21 19:00:00
265,670,interested,2026-10-30 18:00:00
364,670,looking_for_buddy,2026-12-30 19:00:00
599,671,interested,2026-12-26 18:00:00
590,671,going,2026-07-26 17:00:00
575,671,interested,2026-07-15 20:00:00
579,671,looking_for_buddy,2026-10-18 19:00:00
514,671,going,2026-09-14 19:00:00
48,671,looking_for_buddy,2026-08-06 19:00:00
391,671,going,2027-01-02 20:00:00
354,671,looking_for_buddy,2026-11-27 17:00:00
228,672,going,2026-06-22 20:00:00
327,672,looking_for_buddy,2026-06-02 19:00:00
428,672,interested,2026-10-08 20:00:00
286,672,looking_for_buddy,2026-12-28 20:00:00
322,672,looking_for_buddy,2026-07-28 18:00:00
440,672,interested,2026-06-27 21:00:00
604,672,going,2026-07-12 21:00:00
223,672,interested,2026-11-06 18:00:00
192,673,looking_for_buddy,2026-11-10 18:00:00
537,673,going,2026-08-10 17:00:00
489,673,interested,2026-12-23 17:00:00
189,673,looking_for_buddy,2026-05-31 18:00:00
437,673,interested,2027-01-01 20:00:00
458,673,going,2026-09-29 18:00:00
265,673,looking_for_buddy,2026-11-04 18:00:00
88,673,looking_for_buddy,2026-06-02 20:00:00
229,674,going,2026-11-27 21:00:00
15,674,looking_for_buddy,2026-07-20 18:00:00
225,674,looking_for_buddy,2026-06-29 17:00:00
358,674,going,2026-10-25 19:00:00
568,674,going,2026-06-26 17:00:00
8,674,looking_for_buddy,2026-06-25 18:00:00
352,674,looking_for_buddy,2026-08-08 20:00:00
470,674,interested,2026-09-26 18:00:00
540,675,looking_for_buddy,2026-05-31 17:00:00
179,675,going,2026-08-25 18:00:00
277,675,looking_for_buddy,2026-08-17 19:00:00
374,675,interested,2026-07-11 21:00:00
50,675,going,2026-05-12 21:00:00
274,675,looking_for_buddy,2026-12-10 19:00:00
566,675,going,2026-08-11 18:00:00
528,675,looking_for_buddy,2026-06-04 17:00:00
255,676,going,2027-01-01 20:00:00
317,676,going,2026-09-20 20:00:00
452,676,interested,2026-06-29 20:00:00
194,676,looking_for_buddy,2026-07-16 19:00:00
581,676,looking_for_buddy,2026-12-17 20:00:00
243,676,interested,2026-12-02 21:00:00
515,676,looking_for_buddy,2026-11-13 20:00:00
108,676,looking_for_buddy,2026-07-04 20:00:00
579,677,looking_for_buddy,2026-10-12 19:00:00
190,677,looking_for_buddy,2026-07-01 19:00:00
597,677,interested,2026-09-08 17:00:00
332,677,looking_for_buddy,2026-10-28 17:00:00
604,677,interested,2026-07-06 21:00:00
384,677,looking_for_buddy,2026-12-30 18:00:00
160,677,looking_for_buddy,2026-09-23 18:00:00
578,677,going,2026-09-19 19:00:00
174,678,looking_for_buddy,2026-07-27 20:00:00
78,678,looking_for_buddy,2027-01-22 19:00:00
236,678,looking_for_buddy,2026-12-07 20:00:00
530,678,going,2026-11-18 18:00:00
368,678,looking_for_buddy,2026-09-14 19:00:00
245,678,going,2026-11-28 20:00:00
413,678,going,2026-07-11 21:00:00
560,678,looking_for_buddy,2026-11-27 21:00:00
574,679,interested,2026-10-01 19:00:00
486,679,going,2026-07-04 20:00:00
387,679,interested,2026-08-28 18:00:00
151,679,going,2027-01-19 18:00:00
303,679,interested,2026-06-29 20:00:00
497,679,looking_for_buddy,2026-11-08 19:00:00
47,679,interested,2026-12-14 21:00:00
136,679,looking_for_buddy,2026-09-06 21:00:00
207,680,going,2027-01-10 20:00:00
528,680,interested,2026-06-04 17:00:00
259,680,going,2026-06-28 17:00:00
156,680,going,2026-06-13 20:00:00
219,680,going,2026-10-17 19:00:00
504,680,looking_for_buddy,2026-11-17 21:00:00
584,680,looking_for_buddy,2026-05-28 18:00:00
151,680,looking_for_buddy,2027-01-20 18:00:00
91,681,looking_for_buddy,2026-08-15 17:00:00
199,681,looking_for_buddy,2026-07-12 20:00:00
40,681,going,2026-11-03 19:00:00
657,681,looking_for_buddy,2026-11-27 19:00:00
364,681,looking_for_buddy,2026-12-31 19:00:00
343,681,going,2026-06-25 17:00:00
458,681,looking_for_buddy,2026-10-06 18:00:00
292,681,looking_for_buddy,2026-12-23 19:00:00
364,682,interested,2026-12-29 19:00:00
265,682,looking_for_buddy,2026-10-20 18:00:00
370,682,going,2026-05-11 19:00:00
649,682,going,2026-08-28 23:00:00
101,682,looking_for_buddy,2026-12-10 17:00:00
236,682,looking_for_buddy,2026-12-06 20:00:00
161,682,interested,2026-10-30 17:00:00
350,682,looking_for_buddy,2026-10-26 18:00:00
151,683,looking_for_buddy,2027-01-17 18:00:00
374,683,going,2026-07-12 21:00:00
486,683,looking_for_buddy,2026-07-08 20:00:00
179,683,interested,2026-08-31 18:00:00
432,683,looking_for_buddy,2026-12-22 17:00:00
138,683,looking_for_buddy,2026-11-04 18:00:00
497,683,looking_for_buddy,2026-11-12 19:00:00
314,683,going,2026-11-11 21:00:00
360,684,going,2026-12-01 17:00:00
453,684,looking_for_buddy,2026-08-21 18:00:00
140,684,looking_for_buddy,2026-10-22 19:00:00
257,684,looking_for_buddy,2026-11-03 18:00:00
508,684,interested,2027-01-01 17:00:00
252,684,interested,2026-06-03 19:00:00
141,684,looking_for_buddy,2026-09-02 18:00:00
363,684,interested,2026-11-01 18:00:00
373,685,looking_for_buddy,2026-10-09 19:00:00
203,685,going,2026-12-11 19:00:00
536,685,going,2026-06-23 21:00:00
318,685,going,2026-07-05 19:00:00
400,685,going,2026-10-04 18:00:00
656,685,interested,2026-09-09 23:00:00
659,685,looking_for_buddy,2026-11-24 23:00:00
315,685,going,2026-06-10 18:00:00
338,686,interested,2026-07-24 17:00:00
15,686,interested,2026-08-03 18:00:00
428,686,interested,2026-10-06 20:00:00
448,686,looking_for_buddy,2026-10-25 20:00:00
299,686,looking_for_buddy,2026-10-18 19:00:00
557,686,going,2026-06-20 20:00:00
583,686,going,2026-06-21 19:00:00
509,686,interested,2026-09-23 20:00:00
202,687,interested,2026-07-16 17:00:00
173,687,going,2026-07-17 18:00:00
525,687,interested,2026-10-19 17:00:00
257,687,looking_for_buddy,2026-11-04 18:00:00
640,687,going,2026-08-25 22:00:00
589,687,interested,2026-09-14 21:00:00
289,687,looking_for_buddy,2026-10-05 17:00:00
450,687,going,2026-08-23 20:00:00
560,688,looking_for_buddy,2026-12-16 21:00:00
430,688,looking_for_buddy,2026-06-21 20:00:00
137,688,interested,2026-11-28 20:00:00
364,688,looking_for_buddy,2027-01-10 19:00:00
572,688,interested,2026-11-06 19:00:00
549,688,looking_for_buddy,2026-09-02 17:00:00
77,688,interested,2026-10-20 18:00:00
649,688,going,2026-08-22 23:00:00
604,689,looking_for_buddy,2026-07-09 21:00:00
198,689,interested,2026-06-02 17:00:00
6,689,looking_for_buddy,2026-05-31 17:00:00
448,689,interested,2026-11-06 20:00:00
456,689,looking_for_buddy,2026-06-28 19:00:00
8,689,interested,2026-06-25 18:00:00
283,689,looking_for_buddy,2026-09-12 19:00:00
115,689,looking_for_buddy,2026-10-24 17:00:00
151,690,interested,2027-01-12 18:00:00
300,690,looking_for_buddy,2027-01-03 19:00:00
195,690,going,2026-12-01 21:00:00
504,690,interested,2026-11-21 21:00:00
178,690,looking_for_buddy,2026-05-29 20:00:00
259,690,looking_for_buddy,2026-06-23 17:00:00
120,690,looking_for_buddy,2026-08-20 21:00:00
157,690,looking_for_buddy,2026-12-06 21:00:00
265,691,going,2026-10-14 18:00:00
91,691,going,2026-08-10 17:00:00
657,691,looking_for_buddy,2026-11-18 19:00:00
87,691,interested,2026-12-31 21:00:00
491,691,interested,2026-09-24 18:00:00
245,691,interested,2026-11-17 20:00:00
144,691,going,2026-09-14 21:00:00
88,691,going,2026-05-27 20:00:00
141,692,looking_for_buddy,2026-09-25 18:00:00
533,692,going,2026-07-23 17:00:00
634,692,looking_for_buddy,2026-10-11 22:00:00
363,692,going,2026-11-03 18:00:00
86,692,looking_for_buddy,2026-09-20 20:00:00
126,692,looking_for_buddy,2026-11-20 18:00:00
344,692,looking_for_buddy,2026-06-20 18:00:00
525,692,going,2026-10-03 17:00:00
3,693,interested,2026-08-23 21:00:00
85,693,looking_for_buddy,2026-07-27 18:00:00
277,693,looking_for_buddy,2026-08-04 19:00:00
574,693,looking_for_buddy,2026-10-05 19:00:00
499,693,looking_for_buddy,2026-07-16 17:00:00
432,693,going,2026-12-17 17:00:00
98,693,looking_for_buddy,2026-09-01 17:00:00
584,693,looking_for_buddy,2026-05-17 18:00:00
307,694,going,2026-10-22 18:00:00
468,694,going,2026-07-02 17:00:00
341,694,looking_for_buddy,2026-06-23 21:00:00
619,694,looking_for_buddy,2026-06-27 22:00:00
404,694,going,2026-10-26 20:00:00
452,694,interested,2026-06-04 20:00:00
138,694,going,2026-11-10 18:00:00
638,694,looking_for_buddy,2026-05-21 22:00:00
195,695,going,2026-12-17 21:00:00
658,695,going,2026-09-06 23:00:00
504,695,looking_for_buddy,2026-11-13 21:00:00
393,695,going,2026-05-27 19:00:00
584,695,looking_for_buddy,2026-05-15 18:00:00
66,695,interested,2026-10-01 21:00:00
641,695,looking_for_buddy,2027-01-15 20:00:00
42,695,going,2026-10-27 21:00:00
15,696,going,2026-08-16 18:00:00
651,696,looking_for_buddy,2026-05-22 21:00:00
338,696,looking_for_buddy,2026-07-27 17:00:00
135,696,going,2026-12-22 20:00:00
367,696,looking_for_buddy,2026-09-08 20:00:00
4,696,looking_for_buddy,2027-01-08 21:00:00
228,696,going,2026-07-08 20:00:00
390,696,looking_for_buddy,2026-10-22 21:00:00
445,697,interested,2026-08-08 20:00:00
22,697,looking_for_buddy,2026-06-04 17:00:00
359,697,going,2026-11-03 19:00:00
214,697,interested,2026-10-05 19:00:00
553,697,going,2026-12-02 20:00:00
266,697,looking_for_buddy,2026-12-08 17:00:00
425,697,interested,2026-07-13 18:00:00
431,697,looking_for_buddy,2026-06-03 20:00:00
277,698,looking_for_buddy,2026-08-22 19:00:00
374,698,interested,2026-07-06 21:00:00
130,698,looking_for_buddy,2026-09-28 18:00:00
510,698,looking_for_buddy,2026-12-07 18:00:00
447,698,going,2026-09-14 21:00:00
151,698,looking_for_buddy,2027-01-08 18:00:00
639,698,going,2026-10-05 21:00:00
620,698,looking_for_buddy,2026-11-17 21:00:00
174,699,going,2026-08-05 20:00:00
78,699,looking_for_buddy,2027-01-21 19:00:00
40,699,looking_for_buddy,2026-10-26 19:00:00
236,699,going,2026-12-01 20:00:00
149,699,going,2026-09-14 21:00:00
107,699,looking_for_buddy,2026-11-27 19:00:00
537,699,interested,2026-09-05 17:00:00
68,699,interested,2026-06-20 20:00:00
342,700,looking_for_buddy,2026-12-30 19:00:00
146,700,interested,2026-07-02 18:00:00
203,700,looking_for_buddy,2026-12-26 19:00:00
249,700,looking_for_buddy,2026-09-06 19:00:00
648,700,interested,2027-01-14 22:00:00
215,700,going,2026-11-03 18:00:00
644,700,going,2026-07-11 21:00:00
105,700,interested,2026-06-24 21:00:00
431,701,interested,2026-05-29 20:00:00
412,701,interested,2026-09-26 20:00:00
553,701,looking_for_buddy,2026-12-03 20:00:00
485,701,interested,2026-09-05 21:00:00
425,701,going,2026-07-10 18:00:00
152,701,going,2026-11-07 21:00:00
580,701,looking_for_buddy,2026-09-12 19:00:00
496,701,interested,2026-10-17 20:00:00
292,702,interested,2026-12-14 19:00:00
483,702,looking_for_buddy,2026-06-28 19:00:00
107,702,interested,2026-11-20 19:00:00
236,702,looking_for_buddy,2026-11-19 20:00:00
549,702,interested,2026-09-04 17:00:00
629,702,looking_for_buddy,2026-08-21 23:00:00
5,702,interested,2027-01-11 19:00:00
78,702,interested,2027-01-18 19:00:00
415,703,looking_for_buddy,2026-07-25 21:00:00
614,703,going,2026-10-02 19:00:00
105,703,going,2026-06-20 21:00:00
251,703,looking_for_buddy,2026-09-28 20:00:00
596,703,interested,2026-11-29 21:00:00
570,703,looking_for_buddy,2026-08-02 19:00:00
592,703,interested,2026-07-19 21:00:00
424,703,looking_for_buddy,2026-09-07 17:00:00
394,704,looking_for_buddy,2026-10-30 17:00:00
588,704,looking_for_buddy,2026-10-03 18:00:00
404,704,interested,2026-10-23 20:00:00
41,704,interested,2026-12-09 17:00:00
326,704,interested,2026-12-18 21:00:00
411,704,looking_for_buddy,2026-07-10 17:00:00
92,704,interested,2026-11-26 21:00:00
426,704,going,2026-07-01 20:00:00
295,705,looking_for_buddy,2026-10-01 17:00:00
579,705,interested,2026-10-04 19:00:00
568,705,looking_for_buddy,2026-06-16 17:00:00
325,705,looking_for_buddy,2026-10-12 20:00:00
6,705,going,2026-06-20 17:00:00
578,705,looking_for_buddy,2026-09-15 19:00:00
223,705,interested,2026-11-03 18:00:00
129,705,interested,2026-07-03 17:00:00
45,706,looking_for_buddy,2026-07-05 19:00:00
266,706,looking_for_buddy,2026-12-07 17:00:00
609,706,looking_for_buddy,2026-06-01 22:00:00
485,706,looking_for_buddy,2026-09-11 21:00:00
475,706,interested,2026-12-12 19:00:00
425,706,looking_for_buddy,2026-06-18 18:00:00
214,706,looking_for_buddy,2026-09-29 19:00:00
25,706,looking_for_buddy,2026-07-30 19:00:00
370,707,interested,2026-05-28 19:00:00
88,707,looking_for_buddy,2026-05-29 20:00:00
329,707,going,2026-09-07 21:00:00
162,707,interested,2026-09-10 19:00:00
265,707,interested,2026-10-22 18:00:00
101,707,going,2026-12-13 17:00:00
199,707,going,2026-07-26 20:00:00
302,707,going,2026-08-09 21:00:00
214,708,looking_for_buddy,2026-10-26 19:00:00
232,708,looking_for_buddy,2026-11-04 21:00:00
418,708,looking_for_buddy,2026-06-18 18:00:00
495,708,going,2026-11-08 21:00:00
188,708,interested,2026-07-11 21:00:00
425,708,interested,2026-06-21 18:00:00
378,708,interested,2026-07-02 18:00:00
210,708,looking_for_buddy,2026-07-10 21:00:00
40,709,interested,2026-11-06 19:00:00
39,709,looking_for_buddy,2026-08-10 21:00:00
534,709,looking_for_buddy,2026-10-19 18:00:00
572,709,interested,2026-10-27 19:00:00
311,709,going,2026-06-03 20:00:00
451,709,looking_for_buddy,2026-11-02 18:00:00
137,709,interested,2026-11-03 20:00:00
77,709,going,2026-10-23 18:00:00
606,710,going,2026-07-12 21:00:00
498,710,looking_for_buddy,2027-01-10 17:00:00
118,710,looking_for_buddy,2026-08-07 21:00:00
571,710,looking_for_buddy,2026-11-19 19:00:00
275,710,going,2026-08-08 21:00:00
20,710,looking_for_buddy,2026-11-27 20:00:00
359,710,looking_for_buddy,2026-10-24 19:00:00
230,710,interested,2026-06-13 18:00:00
598,711,looking_for_buddy,2026-08-15 17:00:00
219,711,looking_for_buddy,2026-10-01 19:00:00
46,711,looking_for_buddy,2026-09-24 19:00:00
336,711,looking_for_buddy,2026-12-29 18:00:00
277,711,looking_for_buddy,2026-08-08 19:00:00
307,711,going,2026-10-23 18:00:00
306,711,going,2026-07-19 18:00:00
402,711,looking_for_buddy,2026-06-05 17:00:00
56,712,looking_for_buddy,2026-09-16 21:00:00
199,712,looking_for_buddy,2026-07-10 20:00:00
224,712,going,2026-08-19 21:00:00
285,712,going,2026-10-30 21:00:00
490,712,interested,2026-08-07 19:00:00
392,712,looking_for_buddy,2026-08-13 21:00:00
369,712,interested,2026-12-04 20:00:00
364,712,looking_for_buddy,2027-01-08 19:00:00
155,713,going,2026-06-08 20:00:00
250,713,looking_for_buddy,2026-12-21 18:00:00
380,713,interested,2026-09-25 21:00:00
537,713,interested,2026-08-16 17:00:00
458,713,looking_for_buddy,2026-10-07 18:00:00
369,713,looking_for_buddy,2026-12-24 20:00:00
530,713,looking_for_buddy,2026-11-15 18:00:00
53,713,going,2026-10-17 20:00:00
456,714,interested,2026-07-08 19:00:00
160,714,looking_for_buddy,2026-09-30 18:00:00
168,714,looking_for_buddy,2026-08-08 17:00:00
568,714,interested,2026-07-05 17:00:00
198,714,going,2026-06-07 17:00:00
295,714,going,2026-09-29 17:00:00
226,714,looking_for_buddy,2026-09-03 18:00:00
327,714,looking_for_buddy,2026-06-14 19:00:00
564,715,looking_for_buddy,2026-09-29 21:00:00
491,715,looking_for_buddy,2026-09-17 18:00:00
174,715,looking_for_buddy,2026-07-27 20:00:00
78,715,looking_for_buddy,2027-01-16 19:00:00
114,715,looking_for_buddy,2026-10-16 20:00:00
161,715,looking_for_buddy,2026-11-22 17:00:00
155,715,going,2026-05-25 20:00:00
555,715,looking_for_buddy,2026-10-17 17:00:00
533,716,interested,2026-07-05 17:00:00
532,716,interested,2026-09-27 17:00:00
453,716,going,2026-07-27 18:00:00
363,716,interested,2026-10-26 18:00:00
614,716,going,2026-10-07 19:00:00
173,716,interested,2026-07-27 18:00:00
344,716,looking_for_buddy,2026-07-08 18:00:00
522,716,interested,2026-11-08 17:00:00
468,717,interested,2026-07-19 17:00:00
3,717,looking_for_buddy,2026-08-16 21:00:00
264,717,going,2026-07-01 21:00:00
219,717,looking_for_buddy,2026-10-15 19:00:00
499,717,going,2026-07-19 17:00:00
574,717,looking_for_buddy,2026-10-02 19:00:00
307,717,interested,2026-10-18 18:00:00
639,717,going,2026-09-28 21:00:00
78,718,looking_for_buddy,2027-01-04 19:00:00
5,718,going,2027-01-15 19:00:00
291,718,interested,2026-07-09 18:00:00
433,718,looking_for_buddy,2026-09-27 21:00:00
256,718,going,2026-07-21 17:00:00
88,718,looking_for_buddy,2026-05-16 20:00:00
110,718,looking_for_buddy,2026-08-09 20:00:00
304,718,looking_for_buddy,2026-06-20 20:00:00
594,719,interested,2026-09-13 20:00:00
480,719,looking_for_buddy,2026-08-28 20:00:00
136,719,interested,2026-09-02 21:00:00
584,719,looking_for_buddy,2026-05-20 18:00:00
405,719,looking_for_buddy,2026-09-10 19:00:00
300,719,going,2027-01-03 19:00:00
191,719,looking_for_buddy,2026-12-15 20:00:00
411,719,going,2026-07-14 17:00:00
436,720,interested,2026-09-13 21:00:00
214,720,interested,2026-10-08 19:00:00
266,720,interested,2026-12-14 17:00:00
412,720,looking_for_buddy,2026-09-18 20:00:00
131,720,looking_for_buddy,2026-10-04 19:00:00
595,720,looking_for_buddy,2026-09-18 20:00:00
553,720,going,2026-12-18 20:00:00
340,720,interested,2026-12-28 19:00:00
624,721,interested,2026-10-27 21:00:00
118,721,looking_for_buddy,2026-08-02 21:00:00
427,721,looking_for_buddy,2026-06-06 20:00:00
571,721,looking_for_buddy,2026-11-30 19:00:00
359,721,going,2026-10-28 19:00:00
167,721,interested,2026-12-06 21:00:00
269,721,interested,2026-10-10 18:00:00
83,721,going,2026-09-18 19:00:00
537,722,looking_for_buddy,2026-08-28 17:00:00
40,722,looking_for_buddy,2026-11-05 19:00:00
39,722,looking_for_buddy,2026-08-05 21:00:00
78,722,going,2027-01-21 19:00:00
180,722,looking_for_buddy,2026-10-23 19:00:00
88,722,interested,2026-05-23 20:00:00
68,722,looking_for_buddy,2026-05-29 20:00:00
155,722,going,2026-06-17 20:00:00
100,723,interested,2026-12-28 17:00:00
551,723,interested,2026-12-17 20:00:00
503,723,interested,2026-12-24 21:00:00
247,723,looking_for_buddy,2026-08-04 17:00:00
205,723,looking_for_buddy,2026-12-22 21:00:00
495,723,looking_for_buddy,2026-10-26 21:00:00
359,723,looking_for_buddy,2026-11-01 19:00:00
154,723,looking_for_buddy,2026-09-13 18:00:00
51,724,looking_for_buddy,2026-09-11 19:00:00
570,724,interested,2026-08-18 19:00:00
532,724,looking_for_buddy,2026-10-02 17:00:00
541,724,looking_for_buddy,2026-10-04 20:00:00
215,724,looking_for_buddy,2026-11-24 18:00:00
533,724,looking_for_buddy,2026-07-21 17:00:00
363,724,interested,2026-10-30 18:00:00
654,724,going,2026-08-07 23:00:00
106,725,looking_for_buddy,2026-11-14 21:00:00
268,725,going,2026-09-05 18:00:00
264,725,going,2026-06-17 21:00:00
195,725,interested,2026-12-25 21:00:00
102,725,going,2026-08-05 17:00:00
243,725,looking_for_buddy,2026-12-13 21:00:00
404,725,interested,2026-10-25 20:00:00
259,725,looking_for_buddy,2026-07-02 17:00:00
364,726,interested,2026-12-28 19:00:00
97,726,looking_for_buddy,2026-10-30 19:00:00
458,726,looking_for_buddy,2026-09-28 18:00:00
161,726,looking_for_buddy,2026-11-08 17:00:00
537,726,looking_for_buddy,2026-08-14 17:00:00
76,726,interested,2027-01-13 17:00:00
81,726,interested,2026-05-29 20:00:00
657,726,interested,2026-11-04 19:00:00
214,727,going,2026-10-09 19:00:00
89,727,looking_for_buddy,2026-11-20 20:00:00
441,727,looking_for_buddy,2026-12-28 17:00:00
595,727,looking_for_buddy,2026-09-07 20:00:00
416,727,looking_for_buddy,2026-06-20 19:00:00
577,727,going,2026-08-13 17:00:00
495,727,interested,2026-11-14 21:00:00
310,727,interested,2026-08-31 17:00:00
462,728,going,2026-08-30 21:00:00
141,728,going,2026-09-18 18:00:00
453,728,interested,2026-07-29 18:00:00
648,728,interested,2027-01-12 22:00:00
626,728,looking_for_buddy,2026-06-12 20:00:00
318,728,interested,2026-07-10 19:00:00
105,728,looking_for_buddy,2026-06-23 21:00:00
173,728,interested,2026-08-05 18:00:00
641,729,looking_for_buddy,2027-01-20 20:00:00
540,729,looking_for_buddy,2026-05-24 17:00:00
151,729,looking_for_buddy,2027-01-11 18:00:00
212,729,interested,2026-12-25 19:00:00
179,729,going,2026-09-05 18:00:00
645,729,looking_for_buddy,2026-05-19 23:00:00
130,729,going,2026-09-20 18:00:00
435,729,looking_for_buddy,2026-08-20 18:00:00
441,730,looking_for_buddy,2026-12-23 17:00:00
571,730,going,2026-11-21 19:00:00
609,730,going,2026-06-02 22:00:00
636,730,looking_for_buddy,2026-10-18 19:00:00
214,730,looking_for_buddy,2026-10-07 19:00:00
20,730,going,2026-11-23 20:00:00
118,730,looking_for_buddy,2026-08-02 21:00:00
158,730,looking_for_buddy,2026-07-20 17:00:00
312,731,going,2026-05-30 17:00:00
621,731,interested,2026-09-19 23:00:00
232,731,looking_for_buddy,2026-11-14 21:00:00
36,731,looking_for_buddy,2026-06-25 17:00:00
213,731,interested,2026-08-09 19:00:00
14,731,looking_for_buddy,2026-08-24 21:00:00
340,731,going,2026-12-17 19:00:00
623,731,looking_for_buddy,2026-10-10 20:00:00
292,732,interested,2026-12-31 19:00:00
492,732,going,2026-10-30 20:00:00
260,732,looking_for_buddy,2026-09-11 20:00:00
40,732,interested,2026-11-15 19:00:00
549,732,interested,2026-09-07 17:00:00
483,732,going,2026-06-20 19:00:00
216,732,looking_for_buddy,2026-09-24 20:00:00
649,732,looking_for_buddy,2026-08-14 23:00:00
393,733,looking_for_buddy,2026-05-12 19:00:00
480,733,looking_for_buddy,2026-08-19 20:00:00
504,733,looking_for_buddy,2026-11-27 21:00:00
300,733,interested,2027-01-09 19:00:00
120,733,looking_for_buddy,2026-07-24 21:00:00
169,733,looking_for_buddy,2026-06-27 17:00:00
136,733,looking_for_buddy,2026-08-25 21:00:00
195,733,interested,2026-12-12 21:00:00
223,734,looking_for_buddy,2026-11-15 18:00:00
295,734,going,2026-09-22 17:00:00
168,734,looking_for_buddy,2026-08-05 17:00:00
124,734,looking_for_buddy,2026-09-14 20:00:00
579,734,looking_for_buddy,2026-10-13 19:00:00
377,734,looking_for_buddy,2026-12-19 18:00:00
543,734,looking_for_buddy,2027-01-05 19:00:00
354,734,going,2026-12-13 17:00:00
502,735,interested,2026-09-03 20:00:00
323,735,going,2026-11-09 19:00:00
427,735,looking_for_buddy,2026-06-08 20:00:00
214,735,going,2026-10-05 19:00:00
310,735,looking_for_buddy,2026-09-01 17:00:00
175,735,going,2026-08-25 17:00:00
422,735,looking_for_buddy,2026-06-17 20:00:00
171,735,looking_for_buddy,2026-11-01 20:00:00
445,736,looking_for_buddy,2026-08-14 20:00:00
167,736,going,2026-11-29 21:00:00
446,736,looking_for_buddy,2026-09-26 21:00:00
132,736,looking_for_buddy,2026-09-14 18:00:00
571,736,going,2026-12-09 19:00:00
607,736,interested,2026-07-02 21:00:00
340,736,looking_for_buddy,2026-12-28 19:00:00
177,736,going,2026-05-29 20:00:00
326,737,going,2026-11-27 21:00:00
130,737,looking_for_buddy,2026-09-19 18:00:00
393,737,going,2026-05-18 19:00:00
573,737,looking_for_buddy,2026-10-01 18:00:00
504,737,interested,2026-11-28 21:00:00
136,737,going,2026-08-26 21:00:00
166,737,looking_for_buddy,2026-08-07 17:00:00
376,737,interested,2026-05-18 20:00:00
132,738,looking_for_buddy,2026-09-28 18:00:00
425,738,looking_for_buddy,2026-07-09 18:00:00
14,738,looking_for_buddy,2026-09-15 21:00:00
175,738,looking_for_buddy,2026-08-28 17:00:00
288,738,interested,2026-08-22 19:00:00
340,738,looking_for_buddy,2026-12-23 19:00:00
177,738,looking_for_buddy,2026-05-06 20:00:00
171,738,going,2026-11-20 20:00:00
161,739,looking_for_buddy,2026-11-07 17:00:00
180,739,interested,2026-10-19 19:00:00
537,739,looking_for_buddy,2026-09-07 17:00:00
77,739,going,2026-10-18 18:00:00
155,739,looking_for_buddy,2026-06-03 20:00:00
413,739,going,2026-07-02 21:00:00
657,739,looking_for_buddy,2026-11-15 19:00:00
88,739,looking_for_buddy,2026-06-03 20:00:00
174,740,looking_for_buddy,2026-08-03 20:00:00
482,740,interested,2026-09-19 18:00:00
364,740,looking_for_buddy,2027-01-18 19:00:00
491,740,looking_for_buddy,2026-09-10 18:00:00
236,740,interested,2026-11-17 20:00:00
199,740,going,2026-07-06 20:00:00
17,740,looking_for_buddy,2026-06-15 18:00:00
40,740,looking_for_buddy,2026-11-04 19:00:00
364,741,looking_for_buddy,2027-01-13 19:00:00
657,741,looking_for_buddy,2026-11-04 19:00:00
53,741,looking_for_buddy,2026-09-30 20:00:00
91,741,looking_for_buddy,2026-08-19 17:00:00
490,741,interested,2026-08-05 19:00:00
585,741,going,2026-09-20 19:00:00
546,741,looking_for_buddy,2026-11-16 17:00:00
564,741,interested,2026-10-12 21:00:00
358,742,looking_for_buddy,2026-11-14 19:00:00
234,742,interested,2026-12-28 18:00:00
568,742,interested,2026-06-09 17:00:00
297,742,going,2026-11-05 17:00:00
223,742,interested,2026-11-21 18:00:00
646,742,going,2026-11-03 21:00:00
276,742,interested,2026-12-22 21:00:00
164,742,looking_for_buddy,2026-08-24 19:00:00
518,743,going,2026-08-04 17:00:00
413,743,looking_for_buddy,2026-07-06 21:00:00
81,743,looking_for_buddy,2026-05-29 20:00:00
163,743,interested,2026-09-15 21:00:00
364,743,interested,2026-12-26 19:00:00
546,743,interested,2026-12-01 17:00:00
537,743,going,2026-08-27 17:00:00
155,743,looking_for_buddy,2026-06-20 20:00:00
529,744,looking_for_buddy,2026-06-30 17:00:00
194,744,looking_for_buddy,2026-06-26 19:00:00
394,744,going,2026-11-03 17:00:00
274,744,going,2026-12-25 19:00:00
307,744,interested,2026-10-15 18:00:00
540,744,going,2026-05-24 17:00:00
191,744,going,2026-11-21 20:00:00
92,744,looking_for_buddy,2026-12-02 21:00:00
425,745,looking_for_buddy,2026-06-28 18:00:00
230,745,going,2026-06-17 18:00:00
214,745,going,2026-10-23 19:00:00
340,745,looking_for_buddy,2026-12-10 19:00:00
218,745,interested,2026-05-26 19:00:00
22,745,going,2026-06-13 17:00:00
445,745,looking_for_buddy,2026-08-11 20:00:00
412,745,interested,2026-09-27 20:00:00
500,746,going,2026-09-24 19:00:00
107,746,looking_for_buddy,2026-11-30 19:00:00
40,746,interested,2026-10-29 19:00:00
530,746,going,2026-11-15 18:00:00
585,746,looking_for_buddy,2026-09-14 19:00:00
174,746,looking_for_buddy,2026-07-24 20:00:00
236,746,going,2026-11-30 20:00:00
17,746,interested,2026-06-09 18:00:00
607,747,looking_for_buddy,2026-07-04 21:00:00
177,747,going,2026-05-25 20:00:00
118,747,looking_for_buddy,2026-08-19 21:00:00
57,747,looking_for_buddy,2026-10-29 21:00:00
423,747,interested,2026-09-24 18:00:00
158,747,looking_for_buddy,2026-07-25 17:00:00
495,747,looking_for_buddy,2026-11-02 21:00:00
624,747,looking_for_buddy,2026-10-29 21:00:00
582,748,going,2026-11-14 18:00:00
353,748,going,2026-06-01 20:00:00
597,748,looking_for_buddy,2026-10-01 17:00:00
524,748,looking_for_buddy,2026-08-05 19:00:00
514,748,looking_for_buddy,2026-09-16 19:00:00
391,748,interested,2026-12-27 20:00:00
75,748,going,2026-11-22 18:00:00
467,748,interested,2026-08-12 17:00:00
36,749,looking_for_buddy,2026-07-14 17:00:00
477,749,looking_for_buddy,2026-05-23 20:00:00
214,749,going,2026-10-09 19:00:00
587,749,looking_for_buddy,2026-10-04 17:00:00
340,749,looking_for_buddy,2026-12-19 19:00:00
152,749,interested,2026-12-02 21:00:00
496,749,going,2026-10-09 20:00:00
24,749,interested,2026-07-28 19:00:00
77,750,looking_for_buddy,2026-10-20 18:00:00
97,750,going,2026-11-07 19:00:00
546,750,looking_for_buddy,2026-11-30 17:00:00
292,750,going,2026-12-31 19:00:00
483,750,going,2026-07-08 19:00:00
137,750,looking_for_buddy,2026-11-07 20:00:00
549,750,looking_for_buddy,2026-08-23 17:00:00
572,750,going,2026-11-01 19:00:00
347,751,going,2026-09-21 17:00:00
396,751,looking_for_buddy,2026-12-21 18:00:00
89,751,looking_for_buddy,2026-11-28 20:00:00
660,751,interested,2026-12-13 20:00:00
422,751,looking_for_buddy,2026-06-26 20:00:00
16,751,going,2026-06-12 21:00:00
266,751,interested,2026-12-20 17:00:00
485,751,going,2026-09-12 21:00:00
23,752,looking_for_buddy,2026-06-20 19:00:00
95,752,going,2026-08-01 21:00:00
217,752,looking_for_buddy,2026-12-03 18:00:00
520,752,interested,2026-12-31 18:00:00
63,752,going,2026-11-19 21:00:00
647,752,looking_for_buddy,2026-12-18 19:00:00
272,752,going,2026-12-26 17:00:00
589,752,going,2026-09-19 21:00:00
456,753,interested,2026-07-18 19:00:00
568,753,going,2026-06-09 17:00:00
223,753,looking_for_buddy,2026-11-07 18:00:00
129,753,looking_for_buddy,2026-07-12 17:00:00
164,753,looking_for_buddy,2026-08-26 19:00:00
523,753,interested,2026-10-15 19:00:00
322,753,looking_for_buddy,2026-07-27 18:00:00
299,753,going,2026-10-14 19:00:00
312,754,interested,2026-06-15 17:00:00
266,754,interested,2026-12-08 17:00:00
206,754,looking_for_buddy,2026-10-28 20:00:00
89,754,going,2026-12-02 20:00:00
359,754,looking_for_buddy,2026-11-14 19:00:00
287,754,interested,2026-08-30 20:00:00
74,754,looking_for_buddy,2026-07-27 19:00:00
587,754,looking_for_buddy,2026-10-17 17:00:00
547,755,looking_for_buddy,2026-07-02 20:00:00
25,755,looking_for_buddy,2026-08-22 19:00:00
569,755,going,2026-12-12 18:00:00
74,755,looking_for_buddy,2026-07-26 19:00:00
441,755,going,2026-12-25 17:00:00
210,755,interested,2026-06-20 21:00:00
188,755,looking_for_buddy,2026-07-07 21:00:00
154,755,interested,2026-09-22 18:00:00
590,756,looking_for_buddy,2026-07-14 17:00:00
579,756,interested,2026-10-28 19:00:00
377,756,looking_for_buddy,2027-01-06 18:00:00
389,756,looking_for_buddy,2026-10-02 19:00:00
322,756,looking_for_buddy,2026-07-24 18:00:00
43,756,interested,2026-10-27 21:00:00
625,756,going,2026-06-17 23:00:00
524,756,looking_for_buddy,2026-08-15 19:00:00
9,757,looking_for_buddy,2026-07-05 17:00:00
579,757,going,2026-10-21 19:00:00
295,757,going,2026-10-02 17:00:00
6,757,going,2026-06-18 17:00:00
4,757,looking_for_buddy,2027-01-06 21:00:00
526,757,interested,2026-07-21 21:00:00
352,757,going,2026-08-15 20:00:00
228,757,looking_for_buddy,2026-06-12 20:00:00
74,758,interested,2026-08-08 19:00:00
24,758,looking_for_buddy,2026-07-20 19:00:00
502,758,going,2026-08-24 20:00:00
214,758,interested,2026-10-17 19:00:00
571,758,looking_for_buddy,2026-11-28 19:00:00
20,758,looking_for_buddy,2026-11-23 20:00:00
418,758,looking_for_buddy,2026-06-06 18:00:00
310,758,looking_for_buddy,2026-08-21 17:00:00
364,759,going,2027-01-02 19:00:00
17,759,going,2026-06-18 18:00:00
77,759,interested,2026-11-09 18:00:00
265,759,going,2026-11-04 18:00:00
97,759,looking_for_buddy,2026-10-31 19:00:00
458,759,looking_for_buddy,2026-10-14 18:00:00
560,759,looking_for_buddy,2026-12-07 21:00:00
292,759,looking_for_buddy,2026-12-27 19:00:00
63,760,looking_for_buddy,2026-11-04 21:00:00
111,760,looking_for_buddy,2026-06-29 21:00:00
271,760,going,2026-09-16 18:00:00
612,760,looking_for_buddy,2026-11-30 22:00:00
373,760,looking_for_buddy,2026-10-11 19:00:00
272,760,going,2026-12-09 17:00:00
330,760,going,2026-12-08 20:00:00
238,760,going,2026-10-29 21:00:00
65,761,going,2026-10-27 18:00:00
388,761,looking_for_buddy,2026-06-30 20:00:00
86,761,looking_for_buddy,2026-09-24 20:00:00
342,761,interested,2026-12-17 19:00:00
222,761,going,2026-09-29 19:00:00
7,761,looking_for_buddy,2026-09-18 19:00:00
63,761,looking_for_buddy,2026-11-20 21:00:00
211,761,looking_for_buddy,2026-07-16 18:00:00
529,762,going,2026-06-24 17:00:00
259,762,looking_for_buddy,2026-06-18 17:00:00
3,762,going,2026-08-23 21:00:00
296,762,looking_for_buddy,2026-12-23 21:00:00
166,762,interested,2026-08-23 17:00:00
194,762,going,2026-06-20 19:00:00
393,762,looking_for_buddy,2026-05-13 19:00:00
505,762,going,2026-11-27 21:00:00
503,763,going,2026-12-06 21:00:00
21,763,looking_for_buddy,2026-07-16 21:00:00
158,763,looking_for_buddy,2026-08-08 17:00:00
118,763,looking_for_buddy,2026-07-27 21:00:00
177,763,looking_for_buddy,2026-05-30 20:00:00
431,763,going,2026-06-09 20:00:00
214,763,looking_for_buddy,2026-10-15 19:00:00
359,763,looking_for_buddy,2026-11-05 19:00:00
614,764,interested,2026-10-11 19:00:00
532,764,going,2026-09-13 17:00:00
576,764,going,2026-05-22 20:00:00
556,764,looking_for_buddy,2026-12-27 21:00:00
267,764,interested,2026-10-10 17:00:00
204,764,going,2026-08-21 20:00:00
634,764,looking_for_buddy,2026-10-10 22:00:00
640,764,interested,2026-08-16 22:00:00
88,765,interested,2026-06-09 20:00:00
187,765,looking_for_buddy,2027-01-06 20:00:00
364,765,looking_for_buddy,2027-01-14 19:00:00
455,765,looking_for_buddy,2026-09-27 18:00:00
350,765,interested,2026-10-27 18:00:00
292,765,going,2026-12-22 19:00:00
81,765,looking_for_buddy,2026-05-08 20:00:00
256,765,looking_for_buddy,2026-07-16 17:00:00
57,766,interested,2026-11-07 21:00:00
266,766,looking_for_buddy,2026-12-03 17:00:00
660,766,looking_for_buddy,2026-12-02 20:00:00
485,766,interested,2026-09-15 21:00:00
396,766,interested,2026-12-14 18:00:00
206,766,interested,2026-10-19 20:00:00
230,766,looking_for_buddy,2026-05-27 18:00:00
488,766,looking_for_buddy,2026-10-27 19:00:00
611,767,interested,2026-06-16 21:00:00
173,767,interested,2026-08-03 18:00:00
140,767,interested,2026-10-25 19:00:00
182,767,looking_for_buddy,2026-07-31 20:00:00
252,767,interested,2026-06-15 19:00:00
281,767,looking_for_buddy,2026-08-22 20:00:00
186,767,interested,2026-11-25 19:00:00
533,767,interested,2026-07-16 17:00:00
393,768,going,2026-05-09 19:00:00
298,768,interested,2026-07-30 17:00:00
26,768,looking_for_buddy,2026-08-16 18:00:00
544,768,looking_for_buddy,2027-01-05 20:00:00
108,768,interested,2026-06-30 20:00:00
510,768,looking_for_buddy,2026-12-30 18:00:00
394,768,looking_for_buddy,2026-10-30 17:00:00
92,768,looking_for_buddy,2026-11-25 21:00:00
364,769,interested,2026-12-24 19:00:00
88,769,interested,2026-05-29 20:00:00
265,769,looking_for_buddy,2026-10-23 18:00:00
491,769,interested,2026-09-02 18:00:00
350,769,going,2026-10-11 18:00:00
224,769,interested,2026-08-31 21:00:00
1,769,interested,2026-09-25 21:00:00
144,769,interested,2026-09-11 21:00:00
579,770,going,2026-10-25 19:00:00
223,770,looking_for_buddy,2026-11-11 18:00:00
297,770,looking_for_buddy,2026-11-14 17:00:00
295,770,looking_for_buddy,2026-09-17 17:00:00
395,770,looking_for_buddy,2026-05-22 19:00:00
190,770,interested,2026-06-11 19:00:00
457,770,going,2026-08-06 20:00:00
355,770,going,2026-09-19 18:00:00
420,771,looking_for_buddy,2026-08-19 21:00:00
207,771,looking_for_buddy,2026-12-26 20:00:00
66,771,looking_for_buddy,2026-09-17 21:00:00
195,771,interested,2026-12-02 21:00:00
300,771,interested,2027-01-21 19:00:00
620,771,interested,2026-11-05 21:00:00
486,771,going,2026-06-25 20:00:00
102,771,looking_for_buddy,2026-08-05 17:00:00
201,772,looking_for_buddy,2026-10-12 17:00:00
233,772,looking_for_buddy,2026-05-05 20:00:00
615,772,looking_for_buddy,2026-05-30 22:00:00
556,772,interested,2027-01-05 21:00:00
654,772,going,2026-08-25 23:00:00
532,772,going,2026-10-10 17:00:00
65,772,looking_for_buddy,2026-10-27 18:00:00
388,772,going,2026-06-17 20:00:00
159,773,interested,2026-06-05 17:00:00
188,773,looking_for_buddy,2026-06-17 21:00:00
22,773,looking_for_buddy,2026-05-27 17:00:00
177,773,interested,2026-05-17 20:00:00
312,773,looking_for_buddy,2026-06-16 17:00:00
74,773,going,2026-07-14 19:00:00
337,773,looking_for_buddy,2026-11-15 21:00:00
446,773,looking_for_buddy,2026-09-30 21:00:00
494,774,interested,2026-08-04 21:00:00
192,774,looking_for_buddy,2026-10-31 18:00:00
304,774,interested,2026-06-13 20:00:00
265,774,looking_for_buddy,2026-10-15 18:00:00
87,774,interested,2026-12-22 21:00:00
350,774,interested,2026-10-28 18:00:00
187,774,going,2026-12-26 20:00:00
78,774,looking_for_buddy,2026-12-26 19:00:00
250,775,looking_for_buddy,2026-12-08 18:00:00
549,775,interested,2026-09-05 17:00:00
491,775,looking_for_buddy,2026-08-31 18:00:00
413,775,looking_for_buddy,2026-07-10 21:00:00
458,775,interested,2026-10-09 18:00:00
483,775,looking_for_buddy,2026-07-11 19:00:00
53,775,interested,2026-10-02 20:00:00
60,775,interested,2026-08-31 21:00:00
234,776,looking_for_buddy,2026-12-30 18:00:00
568,776,interested,2026-06-12 17:00:00
6,776,looking_for_buddy,2026-06-12 17:00:00
231,776,interested,2027-01-21 18:00:00
325,776,interested,2026-10-01 20:00:00
457,776,looking_for_buddy,2026-08-12 20:00:00
129,776,interested,2026-06-25 17:00:00
470,776,interested,2026-09-21 18:00:00
574,777,looking_for_buddy,2026-10-03 19:00:00
584,777,going,2026-05-19 18:00:00
602,777,looking_for_buddy,2026-09-29 21:00:00
98,777,looking_for_buddy,2026-09-07 17:00:00
594,777,going,2026-09-07 20:00:00
169,777,going,2026-06-21 17:00:00
195,777,interested,2026-12-23 21:00:00
284,777,looking_for_buddy,2026-09-16 21:00:00
214,778,interested,2026-10-16 19:00:00
176,778,looking_for_buddy,2026-07-05 19:00:00
595,778,going,2026-09-24 20:00:00
622,778,looking_for_buddy,2027-01-02 19:00:00
44,778,interested,2026-06-05 19:00:00
495,778,looking_for_buddy,2026-10-31 21:00:00
313,778,looking_for_buddy,2026-06-27 19:00:00
607,778,interested,2026-07-11 21:00:00
50,779,looking_for_buddy,2026-06-06 21:00:00
239,779,interested,2026-12-05 17:00:00
178,779,looking_for_buddy,2026-05-27 20:00:00
658,779,interested,2026-09-01 23:00:00
98,779,looking_for_buddy,2026-08-27 17:00:00
480,779,interested,2026-08-05 20:00:00
300,779,looking_for_buddy,2027-01-19 19:00:00
504,779,looking_for_buddy,2026-11-29 21:00:00
332,780,looking_for_buddy,2026-10-26 17:00:00
223,780,looking_for_buddy,2026-11-03 18:00:00
456,780,looking_for_buddy,2026-07-12 19:00:00
295,780,going,2026-09-23 17:00:00
526,780,looking_for_buddy,2026-08-07 21:00:00
6,780,looking_for_buddy,2026-06-17 17:00:00
160,780,looking_for_buddy,2026-09-14 18:00:00
9,780,looking_for_buddy,2026-07-21 17:00:00
556,781,going,2027-01-06 21:00:00
659,781,interested,2026-11-21 23:00:00
147,781,going,2026-10-12 18:00:00
127,781,going,2026-08-27 20:00:00
554,781,looking_for_buddy,2026-08-15 21:00:00
570,781,looking_for_buddy,2026-08-15 19:00:00
654,781,going,2026-08-22 23:00:00
525,781,going,2026-10-16 17:00:00
416,782,looking_for_buddy,2026-07-05 19:00:00
214,782,looking_for_buddy,2026-10-01 19:00:00
310,782,looking_for_buddy,2026-08-19 17:00:00
595,782,looking_for_buddy,2026-09-18 20:00:00
323,782,going,2026-10-29 19:00:00
622,782,interested,2026-12-09 19:00:00
503,782,going,2026-12-23 21:00:00
294,782,interested,2026-10-21 17:00:00
602,783,interested,2026-09-19 21:00:00
515,783,interested,2026-11-10 20:00:00
573,783,going,2026-10-03 18:00:00
166,783,going,2026-08-12 17:00:00
130,783,looking_for_buddy,2026-09-27 18:00:00
46,783,going,2026-09-14 19:00:00
326,783,looking_for_buddy,2026-12-01 21:00:00
581,783,going,2026-12-04 20:00:00
445,784,looking_for_buddy,2026-07-27 20:00:00
477,784,interested,2026-05-27 20:00:00
132,784,interested,2026-09-08 18:00:00
446,784,looking_for_buddy,2026-10-16 21:00:00
118,784,looking_for_buddy,2026-07-25 21:00:00
158,784,looking_for_buddy,2026-07-18 17:00:00
177,784,going,2026-05-22 20:00:00
571,784,looking_for_buddy,2026-11-12 19:00:00
343,785,going,2026-06-22 17:00:00
649,785,interested,2026-08-12 23:00:00
224,785,going,2026-08-20 21:00:00
174,785,looking_for_buddy,2026-07-23 20:00:00
107,785,looking_for_buddy,2026-11-25 19:00:00
199,785,going,2026-07-20 20:00:00
304,785,interested,2026-06-12 20:00:00
491,785,looking_for_buddy,2026-09-18 18:00:00
506,786,interested,2026-08-26 21:00:00
597,786,interested,2026-09-25 17:00:00
470,786,looking_for_buddy,2026-09-15 18:00:00
122,786,interested,2026-07-17 17:00:00
334,786,looking_for_buddy,2026-07-07 18:00:00
282,786,looking_for_buddy,2026-11-17 18:00:00
358,786,looking_for_buddy,2026-11-05 19:00:00
390,786,interested,2026-11-02 21:00:00
156,787,looking_for_buddy,2026-06-06 20:00:00
658,787,looking_for_buddy,2026-08-22 23:00:00
504,787,going,2026-11-06 21:00:00
584,787,going,2026-05-03 18:00:00
480,787,looking_for_buddy,2026-08-15 20:00:00
274,787,looking_for_buddy,2026-12-28 19:00:00
602,787,looking_for_buddy,2026-10-05 21:00:00
195,787,interested,2026-12-13 21:00:00
409,788,looking_for_buddy,2026-10-18 19:00:00
400,788,going,2026-10-04 18:00:00
308,788,looking_for_buddy,2026-06-02 19:00:00
105,788,looking_for_buddy,2026-06-15 21:00:00
257,788,looking_for_buddy,2026-11-02 18:00:00
113,788,interested,2026-12-03 17:00:00
272,788,going,2026-12-17 17:00:00
86,788,interested,2026-09-05 20:00:00
170,789,looking_for_buddy,2026-07-27 17:00:00
256,789,looking_for_buddy,2026-07-28 17:00:00
375,789,interested,2026-10-29 17:00:00
546,789,going,2026-11-26 17:00:00
236,789,looking_for_buddy,2026-12-07 20:00:00
649,789,looking_for_buddy,2026-08-29 23:00:00
345,789,interested,2026-07-16 17:00:00
560,789,interested,2026-12-16 21:00:00
528,790,looking_for_buddy,2026-06-12 17:00:00
658,790,interested,2026-08-22 23:00:00
480,790,looking_for_buddy,2026-08-12 20:00:00
447,790,looking_for_buddy,2026-08-20 21:00:00
98,790,looking_for_buddy,2026-09-05 17:00:00
300,790,looking_for_buddy,2026-12-27 19:00:00
584,790,going,2026-05-09 18:00:00
3,790,looking_for_buddy,2026-08-08 21:00:00
141,791,looking_for_buddy,2026-09-23 18:00:00
640,791,interested,2026-08-12 22:00:00
363,791,interested,2026-11-13 18:00:00
648,791,looking_for_buddy,2026-12-21 22:00:00
576,791,going,2026-05-26 20:00:00
409,791,going,2026-10-29 19:00:00
267,791,interested,2026-09-20 17:00:00
182,791,interested,2026-07-31 20:00:00
305,792,going,2026-11-29 18:00:00
334,792,interested,2026-06-17 18:00:00
295,792,looking_for_buddy,2026-10-08 17:00:00
390,792,looking_for_buddy,2026-10-19 21:00:00
559,792,looking_for_buddy,2026-08-30 18:00:00
506,792,going,2026-09-05 21:00:00
579,792,looking_for_buddy,2026-10-16 19:00:00
122,792,looking_for_buddy,2026-07-01 17:00:00
2,793,going,2026-06-11 17:00:00
452,793,looking_for_buddy,2026-06-26 20:00:00
130,793,interested,2026-10-03 18:00:00
243,793,looking_for_buddy,2026-12-10 21:00:00
237,793,looking_for_buddy,2026-09-20 19:00:00
306,793,going,2026-07-18 18:00:00
341,793,looking_for_buddy,2026-06-11 21:00:00
469,793,interested,2026-10-26 20:00:00
47,794,looking_for_buddy,2026-12-11 21:00:00
277,794,looking_for_buddy,2026-08-08 19:00:00
539,794,looking_for_buddy,2026-12-19 18:00:00
139,794,looking_for_buddy,2026-09-13 19:00:00
264,794,looking_for_buddy,2026-07-07 21:00:00
447,794,going,2026-08-29 21:00:00
469,794,interested,2026-10-12 20:00:00
268,794,going,2026-08-19 18:00:00
129,795,looking_for_buddy,2026-06-29 17:00:00
568,795,interested,2026-06-25 17:00:00
395,795,looking_for_buddy,2026-05-12 19:00:00
646,795,looking_for_buddy,2026-11-04 21:00:00
223,795,looking_for_buddy,2026-11-03 18:00:00
583,795,interested,2026-06-25 19:00:00
523,795,interested,2026-10-06 19:00:00
457,795,going,2026-08-10 20:00:00
564,796,looking_for_buddy,2026-09-26 21:00:00
364,796,looking_for_buddy,2027-01-11 19:00:00
537,796,looking_for_buddy,2026-08-28 17:00:00
369,796,looking_for_buddy,2026-12-14 20:00:00
380,796,looking_for_buddy,2026-09-19 21:00:00
280,796,going,2026-08-29 21:00:00
345,796,interested,2026-07-13 17:00:00
216,796,looking_for_buddy,2026-10-17 20:00:00
4,797,looking_for_buddy,2026-12-20 21:00:00
13,797,going,2026-08-23 17:00:00
355,797,going,2026-09-03 18:00:00
19,797,looking_for_buddy,2026-08-22 20:00:00
506,797,looking_for_buddy,2026-08-20 21:00:00
153,797,going,2026-10-28 19:00:00
514,797,interested,2026-09-15 19:00:00
357,797,going,2026-06-12 20:00:00
394,798,looking_for_buddy,2026-10-29 17:00:00
274,798,going,2026-12-20 19:00:00
47,798,looking_for_buddy,2026-12-01 21:00:00
219,798,going,2026-10-12 19:00:00
432,798,looking_for_buddy,2026-12-12 17:00:00
420,798,looking_for_buddy,2026-08-22 21:00:00
639,798,looking_for_buddy,2026-09-26 21:00:00
3,798,looking_for_buddy,2026-08-09 21:00:00
219,799,interested,2026-10-12 19:00:00
620,799,looking_for_buddy,2026-11-06 21:00:00
92,799,interested,2026-12-07 21:00:00
268,799,interested,2026-09-02 18:00:00
277,799,interested,2026-07-25 19:00:00
447,799,looking_for_buddy,2026-08-18 21:00:00
387,799,going,2026-08-16 18:00:00
411,799,looking_for_buddy,2026-06-26 17:00:00
409,800,going,2026-10-24 19:00:00
233,800,looking_for_buddy,2026-05-11 20:00:00
146,800,interested,2026-06-29 18:00:00
596,800,looking_for_buddy,2026-12-15 21:00:00
642,800,interested,2026-09-09 21:00:00
113,800,looking_for_buddy,2026-12-04 17:00:00
133,800,going,2026-06-21 19:00:00
105,800,looking_for_buddy,2026-07-02 21:00:00
579,801,interested,2026-10-17 19:00:00
229,801,going,2026-11-20 21:00:00
295,801,looking_for_buddy,2026-09-17 17:00:00
6,801,looking_for_buddy,2026-06-13 17:00:00
550,801,looking_for_buddy,2026-07-27 17:00:00
282,801,going,2026-11-17 18:00:00
15,801,looking_for_buddy,2026-07-20 18:00:00
559,801,going,2026-08-05 18:00:00
401,802,looking_for_buddy,2026-06-13 18:00:00
372,802,looking_for_buddy,2026-08-07 20:00:00
541,802,looking_for_buddy,2026-10-26 20:00:00
388,802,going,2026-06-12 20:00:00
233,802,looking_for_buddy,2026-05-25 20:00:00
532,802,going,2026-09-13 17:00:00
556,802,looking_for_buddy,2026-12-23 21:00:00
335,802,interested,2026-06-03 19:00:00
292,803,looking_for_buddy,2026-12-20 19:00:00
174,803,going,2026-07-17 20:00:00
534,803,interested,2026-10-22 18:00:00
78,803,interested,2027-01-21 19:00:00
245,803,looking_for_buddy,2026-10-31 20:00:00
494,803,interested,2026-08-14 21:00:00
369,803,looking_for_buddy,2026-12-08 20:00:00
5,803,going,2026-12-30 19:00:00
564,804,looking_for_buddy,2026-09-22 21:00:00
107,804,looking_for_buddy,2026-11-28 19:00:00
78,804,looking_for_buddy,2027-01-18 19:00:00
375,804,interested,2026-11-07 17:00:00
236,804,looking_for_buddy,2026-11-24 20:00:00
491,804,interested,2026-09-04 18:00:00
216,804,looking_for_buddy,2026-10-08 20:00:00
174,804,looking_for_buddy,2026-07-20 20:00:00
51,805,interested,2026-09-05 19:00:00
556,805,going,2026-12-22 21:00:00
541,805,interested,2026-10-06 20:00:00
373,805,looking_for_buddy,2026-10-14 19:00:00
615,805,interested,2026-05-14 22:00:00
565,805,going,2027-01-02 18:00:00
335,805,going,2026-06-26 19:00:00
65,805,looking_for_buddy,2026-11-02 18:00:00
359,806,interested,2026-11-15 19:00:00
14,806,interested,2026-08-29 21:00:00
132,806,going,2026-09-28 18:00:00
118,806,looking_for_buddy,2026-07-29 21:00:00
177,806,looking_for_buddy,2026-05-31 20:00:00
586,806,interested,2026-10-17 17:00:00
36,806,going,2026-06-25 17:00:00
477,806,going,2026-05-26 20:00:00
546,807,going,2026-11-26 17:00:00
91,807,going,2026-08-26 17:00:00
170,807,looking_for_buddy,2026-07-16 17:00:00
385,807,going,2026-10-06 18:00:00
40,807,looking_for_buddy,2026-10-30 19:00:00
649,807,looking_for_buddy,2026-08-18 23:00:00
137,807,going,2026-11-04 20:00:00
77,807,looking_for_buddy,2026-10-29 18:00:00
456,808,going,2026-07-20 19:00:00
295,808,interested,2026-10-12 17:00:00
579,808,interested,2026-10-24 19:00:00
526,808,going,2026-08-14 21:00:00
325,808,going,2026-09-18 20:00:00
6,808,interested,2026-06-08 17:00:00
457,808,looking_for_buddy,2026-08-26 20:00:00
559,808,looking_for_buddy,2026-09-02 18:00:00
553,809,looking_for_buddy,2026-12-27 20:00:00
206,809,interested,2026-10-07 20:00:00
431,809,going,2026-06-11 20:00:00
485,809,going,2026-09-05 21:00:00
25,809,looking_for_buddy,2026-08-14 19:00:00
631,809,looking_for_buddy,2026-05-27 22:00:00
396,809,looking_for_buddy,2026-11-29 18:00:00
89,809,looking_for_buddy,2026-11-27 20:00:00
284,810,looking_for_buddy,2026-09-09 21:00:00
404,810,looking_for_buddy,2026-10-24 20:00:00
336,810,going,2027-01-18 18:00:00
212,810,looking_for_buddy,2026-12-29 19:00:00
371,810,looking_for_buddy,2026-12-15 17:00:00
393,810,looking_for_buddy,2026-05-23 19:00:00
169,810,going,2026-06-24 17:00:00
566,810,looking_for_buddy,2026-08-18 18:00:00
145,811,going,2026-07-25 21:00:00
267,811,interested,2026-09-23 17:00:00
656,811,looking_for_buddy,2026-10-04 23:00:00
542,811,looking_for_buddy,2026-07-31 20:00:00
650,811,interested,2026-09-27 19:00:00
315,811,looking_for_buddy,2026-06-24 18:00:00
640,811,looking_for_buddy,2026-08-09 22:00:00
487,811,going,2026-06-15 18:00:00
281,812,looking_for_buddy,2026-08-20 20:00:00
615,812,going,2026-05-16 22:00:00
562,812,going,2026-08-02 21:00:00
348,812,looking_for_buddy,2026-07-25 20:00:00
141,812,interested,2026-09-24 18:00:00
453,812,interested,2026-08-18 18:00:00
484,812,going,2026-06-14 18:00:00
222,812,looking_for_buddy,2026-10-01 19:00:00
614,813,looking_for_buddy,2026-10-05 19:00:00
640,813,interested,2026-08-25 22:00:00
562,813,going,2026-07-28 21:00:00
556,813,looking_for_buddy,2027-01-01 21:00:00
459,813,looking_for_buddy,2026-12-26 20:00:00
126,813,interested,2026-11-30 18:00:00
659,813,looking_for_buddy,2026-11-07 23:00:00
23,813,looking_for_buddy,2026-06-04 19:00:00
544,814,looking_for_buddy,2027-01-02 20:00:00
393,814,going,2026-05-25 19:00:00
539,814,interested,2026-12-19 18:00:00
510,814,looking_for_buddy,2026-12-11 18:00:00
505,814,going,2026-11-06 21:00:00
255,814,looking_for_buddy,2027-01-13 20:00:00
603,814,interested,2026-12-31 20:00:00
376,814,looking_for_buddy,2026-06-07 20:00:00
6,815,looking_for_buddy,2026-06-25 17:00:00
15,815,interested,2026-08-12 18:00:00
19,815,going,2026-09-16 20:00:00
334,815,looking_for_buddy,2026-07-03 18:00:00
543,815,looking_for_buddy,2026-12-26 19:00:00
513,815,looking_for_buddy,2026-06-08 19:00:00
448,815,going,2026-11-11 20:00:00
168,815,going,2026-07-22 17:00:00
116,816,going,2026-09-26 21:00:00
359,816,going,2026-10-31 19:00:00
381,816,interested,2026-10-18 21:00:00
553,816,looking_for_buddy,2026-12-02 20:00:00
396,816,looking_for_buddy,2026-12-07 18:00:00
270,816,going,2026-05-23 19:00:00
89,816,interested,2026-11-21 20:00:00
496,816,interested,2026-10-14 20:00:00
52,817,interested,2026-11-29 20:00:00
341,817,interested,2026-05-31 21:00:00
317,817,interested,2026-10-05 20:00:00
3,817,looking_for_buddy,2026-08-08 21:00:00
138,817,looking_for_buddy,2026-11-14 18:00:00
62,817,looking_for_buddy,2026-05-12 21:00:00
31,817,going,2026-09-06 17:00:00
641,817,looking_for_buddy,2027-01-08 20:00:00
223,818,looking_for_buddy,2026-11-19 18:00:00
568,818,looking_for_buddy,2026-06-08 17:00:00
395,818,interested,2026-05-25 19:00:00
276,818,interested,2026-12-12 21:00:00
457,818,interested,2026-08-15 20:00:00
316,818,going,2026-11-02 19:00:00
338,818,going,2026-07-28 17:00:00
523,818,looking_for_buddy,2026-10-10 19:00:00
6,819,looking_for_buddy,2026-05-29 17:00:00
398,819,looking_for_buddy,2026-08-08 17:00:00
129,819,looking_for_buddy,2026-06-30 17:00:00
357,819,looking_for_buddy,2026-06-30 20:00:00
153,819,looking_for_buddy,2026-11-06 19:00:00
73,819,going,2026-12-08 21:00:00
338,819,going,2026-07-11 17:00:00
470,819,interested,2026-09-23 18:00:00
514,820,looking_for_buddy,2026-09-14 19:00:00
234,820,going,2026-12-20 18:00:00
293,820,interested,2026-05-16 20:00:00
223,820,looking_for_buddy,2026-11-22 18:00:00
568,820,looking_for_buddy,2026-06-07 17:00:00
325,820,going,2026-10-05 20:00:00
129,820,interested,2026-07-12 17:00:00
198,820,looking_for_buddy,2026-05-21 17:00:00
612,821,looking_for_buddy,2026-12-08 22:00:00
173,821,going,2026-08-01 18:00:00
596,821,going,2026-11-23 21:00:00
330,821,going,2026-12-01 20:00:00
208,821,going,2026-09-21 19:00:00
453,821,looking_for_buddy,2026-08-05 18:00:00
272,821,going,2026-12-31 17:00:00
648,821,interested,2027-01-02 22:00:00
432,822,going,2026-12-16 17:00:00
394,822,looking_for_buddy,2026-10-21 17:00:00
2,822,going,2026-06-26 17:00:00
239,822,looking_for_buddy,2026-12-18 17:00:00
307,822,interested,2026-09-30 18:00:00
501,822,looking_for_buddy,2026-08-22 17:00:00
643,822,going,2026-08-24 23:00:00
402,822,looking_for_buddy,2026-05-24 17:00:00
623,823,looking_for_buddy,2026-10-06 20:00:00
624,823,going,2026-11-06 21:00:00
288,823,looking_for_buddy,2026-08-03 19:00:00
188,823,interested,2026-06-27 21:00:00
14,823,looking_for_buddy,2026-09-14 21:00:00
214,823,going,2026-10-23 19:00:00
423,823,looking_for_buddy,2026-10-07 18:00:00
621,823,interested,2026-08-23 23:00:00
146,824,looking_for_buddy,2026-07-05 18:00:00
532,824,interested,2026-10-03 17:00:00
576,824,going,2026-05-16 20:00:00
450,824,looking_for_buddy,2026-08-18 20:00:00
459,824,interested,2027-01-12 20:00:00
648,824,going,2027-01-09 22:00:00
249,824,looking_for_buddy,2026-09-05 19:00:00
512,824,going,2026-06-15 21:00:00
158,825,looking_for_buddy,2026-07-25 17:00:00
247,825,going,2026-08-08 17:00:00
167,825,looking_for_buddy,2026-12-14 21:00:00
359,825,looking_for_buddy,2026-11-20 19:00:00
275,825,going,2026-07-21 21:00:00
606,825,looking_for_buddy,2026-07-18 21:00:00
24,825,interested,2026-07-23 19:00:00
20,825,going,2026-12-07 20:00:00
144,826,interested,2026-09-09 21:00:00
433,826,looking_for_buddy,2026-09-16 21:00:00
97,826,looking_for_buddy,2026-10-31 19:00:00
537,826,interested,2026-08-30 17:00:00
370,826,going,2026-05-14 19:00:00
265,826,looking_for_buddy,2026-10-23 18:00:00
187,826,interested,2027-01-15 20:00:00
39,826,looking_for_buddy,2026-08-26 21:00:00
624,827,going,2026-10-26 21:00:00
422,827,looking_for_buddy,2026-06-30 20:00:00
214,827,interested,2026-10-11 19:00:00
488,827,looking_for_buddy,2026-10-19 19:00:00
70,827,looking_for_buddy,2026-08-20 19:00:00
71,827,looking_for_buddy,2026-08-23 18:00:00
118,827,interested,2026-08-16 21:00:00
132,827,interested,2026-09-10 18:00:00
413,828,looking_for_buddy,2026-07-05 21:00:00
265,828,looking_for_buddy,2026-11-01 18:00:00
537,828,looking_for_buddy,2026-08-16 17:00:00
192,828,looking_for_buddy,2026-11-06 18:00:00
101,828,looking_for_buddy,2026-12-13 17:00:00
451,828,looking_for_buddy,2026-11-15 18:00:00
433,828,looking_for_buddy,2026-10-08 21:00:00
627,828,interested,2026-07-13 22:00:00
274,829,going,2026-12-04 19:00:00
2,829,looking_for_buddy,2026-07-03 17:00:00
307,829,interested,2026-10-25 18:00:00
432,829,looking_for_buddy,2027-01-01 17:00:00
478,829,going,2026-05-08 20:00:00
374,829,looking_for_buddy,2026-06-22 21:00:00
598,829,interested,2026-08-08 17:00:00
435,829,interested,2026-09-02 18:00:00
588,830,going,2026-10-11 18:00:00
499,830,interested,2026-07-25 17:00:00
619,830,looking_for_buddy,2026-06-28 22:00:00
641,830,looking_for_buddy,2027-01-22 20:00:00
307,830,looking_for_buddy,2026-10-15 18:00:00
284,830,going,2026-10-01 21:00:00
47,830,looking_for_buddy,2026-12-19 21:00:00
151,830,looking_for_buddy,2027-01-02 18:00:00
506,831,looking_for_buddy,2026-08-19 21:00:00
129,831,looking_for_buddy,2026-07-04 17:00:00
19,831,looking_for_buddy,2026-09-09 20:00:00
568,831,looking_for_buddy,2026-06-29 17:00:00
283,831,interested,2026-09-10 19:00:00
90,831,looking_for_buddy,2026-09-27 18:00:00
223,831,looking_for_buddy,2026-11-11 18:00:00
457,831,interested,2026-08-24 20:00:00
364,832,interested,2027-01-06 19:00:00
549,832,going,2026-09-03 17:00:00
321,832,interested,2026-06-13 17:00:00
368,832,looking_for_buddy,2026-09-18 19:00:00
369,832,looking_for_buddy,2026-12-19 20:00:00
407,832,interested,2026-10-31 21:00:00
224,832,interested,2026-08-30 21:00:00
292,832,interested,2026-12-30 19:00:00
233,833,looking_for_buddy,2026-05-19 20:00:00
360,833,looking_for_buddy,2026-12-24 17:00:00
183,833,interested,2026-12-26 19:00:00
186,833,looking_for_buddy,2026-11-09 19:00:00
257,833,looking_for_buddy,2026-11-10 18:00:00
616,833,going,2026-10-24 19:00:00
201,833,going,2026-10-11 17:00:00
611,833,looking_for_buddy,2026-06-03 21:00:00
132,834,going,2026-10-04 18:00:00
177,834,looking_for_buddy,2026-05-26 20:00:00
553,834,looking_for_buddy,2026-12-09 20:00:00
425,834,looking_for_buddy,2026-06-26 18:00:00
485,834,looking_for_buddy,2026-08-23 21:00:00
275,834,interested,2026-08-05 21:00:00
36,834,looking_for_buddy,2026-07-03 17:00:00
473,834,looking_for_buddy,2027-01-07 19:00:00
417,835,going,2026-07-24 17:00:00
537,835,going,2026-09-02 17:00:00
652,835,looking_for_buddy,2026-09-01 23:00:00
368,835,looking_for_buddy,2026-09-24 19:00:00
216,835,looking_for_buddy,2026-10-07 20:00:00
458,835,going,2026-10-09 18:00:00
413,835,going,2026-07-08 21:00:00
155,835,looking_for_buddy,2026-06-05 20:00:00
569,836,going,2026-12-07 18:00:00
425,836,looking_for_buddy,2026-06-17 18:00:00
445,836,going,2026-07-28 20:00:00
493,836,interested,2026-05-22 19:00:00
485,836,interested,2026-09-05 21:00:00
210,836,interested,2026-07-07 21:00:00
89,836,interested,2026-11-27 20:00:00
511,836,going,2026-12-09 17:00:00
506,837,going,2026-08-22 21:00:00
15,837,going,2026-08-04 18:00:00
153,837,going,2026-11-18 19:00:00
334,837,interested,2026-06-23 18:00:00
575,837,looking_for_buddy,2026-07-16 20:00:00
390,837,going,2026-10-26 21:00:00
305,837,interested,2026-11-22 18:00:00
509,837,interested,2026-10-04 20:00:00
304,838,looking_for_buddy,2026-06-26 20:00:00
5,838,interested,2027-01-06 19:00:00
236,838,interested,2026-12-05 20:00:00
149,838,looking_for_buddy,2026-09-11 21:00:00
88,838,interested,2026-06-03 20:00:00
162,838,looking_for_buddy,2026-08-24 19:00:00
449,838,looking_for_buddy,2026-06-24 18:00:00
280,838,going,2026-09-13 21:00:00
262,839,interested,2026-08-22 19:00:00
162,839,going,2026-09-11 19:00:00
144,839,looking_for_buddy,2026-09-09 21:00:00
236,839,interested,2026-12-06 20:00:00
302,839,interested,2026-08-10 21:00:00
256,839,looking_for_buddy,2026-07-31 17:00:00
155,839,looking_for_buddy,2026-05-24 20:00:00
265,839,looking_for_buddy,2026-10-24 18:00:00
272,840,going,2026-12-29 17:00:00
86,840,going,2026-09-12 20:00:00
348,840,looking_for_buddy,2026-07-15 20:00:00
616,840,looking_for_buddy,2026-11-07 19:00:00
65,840,going,2026-10-25 18:00:00
460,840,looking_for_buddy,2026-05-25 20:00:00
508,840,looking_for_buddy,2026-12-22 17:00:00
617,840,interested,2026-11-23 22:00:00
214,841,going,2026-10-19 19:00:00
587,841,going,2026-10-12 17:00:00
206,841,interested,2026-10-11 20:00:00
25,841,going,2026-07-26 19:00:00
412,841,looking_for_buddy,2026-10-02 20:00:00
346,841,looking_for_buddy,2026-06-08 19:00:00
425,841,looking_for_buddy,2026-06-29 18:00:00
89,841,looking_for_buddy,2026-12-06 20:00:00
622,842,interested,2026-12-13 19:00:00
587,842,going,2026-10-14 17:00:00
100,842,going,2027-01-01 17:00:00
618,842,looking_for_buddy,2026-08-01 20:00:00
496,842,going,2026-10-07 20:00:00
16,842,interested,2026-06-01 21:00:00
609,842,looking_for_buddy,2026-05-17 22:00:00
436,842,looking_for_buddy,2026-09-11 21:00:00
432,843,looking_for_buddy,2026-12-22 17:00:00
178,843,interested,2026-05-17 20:00:00
594,843,looking_for_buddy,2026-09-29 20:00:00
404,843,looking_for_buddy,2026-10-04 20:00:00
314,843,looking_for_buddy,2026-11-12 21:00:00
497,843,interested,2026-10-30 19:00:00
169,843,interested,2026-06-11 17:00:00
151,843,looking_for_buddy,2027-01-07 18:00:00
51,844,interested,2026-09-15 19:00:00
105,844,interested,2026-06-26 21:00:00
614,844,looking_for_buddy,2026-09-16 19:00:00
400,844,looking_for_buddy,2026-10-08 18:00:00
147,844,looking_for_buddy,2026-10-12 18:00:00
86,844,interested,2026-08-30 20:00:00
556,844,looking_for_buddy,2026-12-29 21:00:00
318,844,going,2026-07-02 19:00:00
324,845,looking_for_buddy,2026-11-20 20:00:00
109,845,going,2026-12-24 18:00:00
197,845,looking_for_buddy,2026-07-05 18:00:00
86,845,looking_for_buddy,2026-09-25 20:00:00
605,845,going,2026-07-26 19:00:00
215,845,looking_for_buddy,2026-11-05 18:00:00
453,845,interested,2026-08-13 18:00:00
182,845,looking_for_buddy,2026-08-15 20:00:00
237,846,looking_for_buddy,2026-10-10 19:00:00
469,846,looking_for_buddy,2026-10-13 20:00:00
432,846,looking_for_buddy,2026-12-24 17:00:00
374,846,going,2026-07-15 21:00:00
156,846,looking_for_buddy,2026-05-18 20:00:00
284,846,looking_for_buddy,2026-09-16 21:00:00
243,846,looking_for_buddy,2026-12-12 21:00:00
253,846,looking_for_buddy,2026-08-29 17:00:00
537,847,looking_for_buddy,2026-08-27 17:00:00
68,847,looking_for_buddy,2026-06-10 20:00:00
77,847,looking_for_buddy,2026-10-17 18:00:00
180,847,looking_for_buddy,2026-11-02 19:00:00
155,847,looking_for_buddy,2026-06-13 20:00:00
552,847,going,2026-09-21 21:00:00
652,847,interested,2026-09-24 23:00:00
250,847,interested,2026-12-16 18:00:00
101,848,looking_for_buddy,2026-12-05 17:00:00
38,848,looking_for_buddy,2026-12-23 20:00:00
364,848,going,2026-12-24 19:00:00
97,848,interested,2026-11-08 19:00:00
489,848,going,2026-12-20 17:00:00
78,848,looking_for_buddy,2027-01-22 19:00:00
88,848,looking_for_buddy,2026-05-22 20:00:00
483,848,interested,2026-06-26 19:00:00
40,849,looking_for_buddy,2026-11-02 19:00:00
531,849,interested,2026-10-03 18:00:00
464,849,interested,2026-08-30 20:00:00
491,849,interested,2026-09-11 18:00:00
216,849,interested,2026-09-21 20:00:00
564,849,looking_for_buddy,2026-09-25 21:00:00
382,849,looking_for_buddy,2026-07-10 17:00:00
17,849,interested,2026-06-17 18:00:00
275,850,interested,2026-08-11 21:00:00
551,850,looking_for_buddy,2026-12-17 20:00:00
606,850,interested,2026-07-13 21:00:00
495,850,interested,2026-10-22 21:00:00
378,850,going,2026-07-01 18:00:00
214,850,looking_for_buddy,2026-10-05 19:00:00
587,850,interested,2026-10-19 17:00:00
517,850,interested,2026-09-06 19:00:00
37,851,going,2026-06-25 19:00:00
659,851,interested,2026-11-30 23:00:00
281,851,interested,2026-09-01 20:00:00
63,851,looking_for_buddy,2026-11-10 21:00:00
409,851,interested,2026-11-01 19:00:00
508,851,interested,2026-12-30 17:00:00
612,851,looking_for_buddy,2026-11-15 22:00:00
520,851,looking_for_buddy,2027-01-12 18:00:00
505,852,going,2026-11-15 21:00:00
393,852,going,2026-05-22 19:00:00
497,852,looking_for_buddy,2026-11-05 19:00:00
219,852,looking_for_buddy,2026-10-12 19:00:00
566,852,going,2026-08-14 18:00:00
317,852,looking_for_buddy,2026-09-29 20:00:00
102,852,looking_for_buddy,2026-07-22 17:00:00
307,852,looking_for_buddy,2026-10-14 18:00:00
542,853,going,2026-08-07 20:00:00
324,853,looking_for_buddy,2026-11-17 20:00:00
388,853,looking_for_buddy,2026-06-21 20:00:00
409,853,looking_for_buddy,2026-10-09 19:00:00
335,853,looking_for_buddy,2026-05-30 19:00:00
565,853,going,2027-01-02 18:00:00
508,853,interested,2026-12-26 17:00:00
596,853,interested,2026-12-18 21:00:00
400,854,looking_for_buddy,2026-09-18 18:00:00
424,854,looking_for_buddy,2026-09-07 17:00:00
119,854,looking_for_buddy,2026-12-25 20:00:00
105,854,interested,2026-06-18 21:00:00
7,854,interested,2026-09-02 19:00:00
484,854,looking_for_buddy,2026-06-04 18:00:00
72,854,looking_for_buddy,2026-09-06 21:00:00
95,854,looking_for_buddy,2026-08-03 21:00:00
229,855,interested,2026-11-18 21:00:00
282,855,looking_for_buddy,2026-11-04 18:00:00
358,855,looking_for_buddy,2026-10-28 19:00:00
43,855,going,2026-10-20 21:00:00
604,855,going,2026-06-23 21:00:00
467,855,interested,2026-08-31 17:00:00
225,855,going,2026-06-02 17:00:00
223,855,going,2026-11-16 18:00:00
195,856,going,2026-12-01 21:00:00
243,856,going,2026-12-14 21:00:00
469,856,looking_for_buddy,2026-10-11 20:00:00
452,856,looking_for_buddy,2026-06-20 20:00:00
653,856,looking_for_buddy,2026-10-21 23:00:00
404,856,going,2026-10-25 20:00:00
191,856,looking_for_buddy,2026-11-18 20:00:00
178,856,going,2026-05-07 20:00:00
504,857,going,2026-11-11 21:00:00
566,857,looking_for_buddy,2026-09-02 18:00:00
584,857,going,2026-05-12 18:00:00
178,857,interested,2026-05-15 20:00:00
195,857,going,2026-12-05 21:00:00
480,857,looking_for_buddy,2026-08-23 20:00:00
341,857,looking_for_buddy,2026-05-28 21:00:00
317,857,interested,2026-09-26 20:00:00
549,858,looking_for_buddy,2026-08-13 17:00:00
572,858,going,2026-10-30 19:00:00
413,858,looking_for_buddy,2026-07-04 21:00:00
260,858,looking_for_buddy,2026-08-31 20:00:00
174,858,going,2026-08-08 20:00:00
60,858,looking_for_buddy,2026-08-16 21:00:00
392,858,going,2026-08-04 21:00:00
321,858,looking_for_buddy,2026-06-07 17:00:00
334,859,interested,2026-06-18 18:00:00
198,859,going,2026-05-26 17:00:00
9,859,interested,2026-07-13 17:00:00
332,859,interested,2026-10-26 17:00:00
19,859,interested,2026-08-26 20:00:00
506,859,interested,2026-08-27 21:00:00
579,859,looking_for_buddy,2026-10-14 19:00:00
421,859,looking_for_buddy,2026-09-26 18:00:00
161,860,looking_for_buddy,2026-11-05 17:00:00
29,860,interested,2026-11-15 19:00:00
40,860,looking_for_buddy,2026-11-12 19:00:00
216,860,going,2026-10-17 20:00:00
192,860,interested,2026-11-17 18:00:00
285,860,interested,2026-10-20 21:00:00
464,860,interested,2026-09-25 20:00:00
451,860,looking_for_buddy,2026-11-10 18:00:00
92,861,looking_for_buddy,2026-12-22 21:00:00
136,861,looking_for_buddy,2026-09-08 21:00:00
151,861,interested,2027-01-12 18:00:00
98,861,looking_for_buddy,2026-08-27 17:00:00
284,861,going,2026-09-07 21:00:00
504,861,looking_for_buddy,2026-11-11 21:00:00
10,861,going,2026-11-07 17:00:00
620,861,looking_for_buddy,2026-11-03 21:00:00
607,862,interested,2026-06-25 21:00:00
158,862,looking_for_buddy,2026-07-18 17:00:00
580,862,looking_for_buddy,2026-09-16 19:00:00
485,862,going,2026-08-18 21:00:00
488,862,looking_for_buddy,2026-10-16 19:00:00
14,862,looking_for_buddy,2026-09-08 21:00:00
177,862,looking_for_buddy,2026-05-27 20:00:00
205,862,going,2026-12-16 21:00:00
565,863,going,2026-12-31 18:00:00
281,863,going,2026-08-27 20:00:00
596,863,going,2026-11-25 21:00:00
362,863,interested,2026-05-29 21:00:00
105,863,interested,2026-06-25 21:00:00
308,863,looking_for_buddy,2026-06-06 19:00:00
233,863,interested,2026-05-10 20:00:00
508,863,going,2026-12-28 17:00:00
656,864,looking_for_buddy,2026-09-22 23:00:00
315,864,interested,2026-06-25 18:00:00
267,864,looking_for_buddy,2026-10-04 17:00:00
182,864,going,2026-07-30 20:00:00
647,864,interested,2027-01-03 19:00:00
409,864,going,2026-10-23 19:00:00
596,864,looking_for_buddy,2026-11-28 21:00:00
105,864,going,2026-06-26 21:00:00
40,865,looking_for_buddy,2026-11-04 19:00:00
649,865,interested,2026-08-20 23:00:00
29,865,going,2026-11-24 19:00:00
321,865,looking_for_buddy,2026-06-10 17:00:00
260,865,interested,2026-08-26 20:00:00
88,865,going,2026-06-05 20:00:00
385,865,looking_for_buddy,2026-09-29 18:00:00
60,865,looking_for_buddy,2026-09-01 21:00:00
111,866,looking_for_buddy,2026-06-10 21:00:00
532,866,looking_for_buddy,2026-10-10 17:00:00
330,866,looking_for_buddy,2026-11-30 20:00:00
612,866,looking_for_buddy,2026-12-01 22:00:00
233,866,looking_for_buddy,2026-05-13 20:00:00
65,866,interested,2026-11-05 18:00:00
37,866,looking_for_buddy,2026-07-03 19:00:00
51,866,interested,2026-09-18 19:00:00
228,867,looking_for_buddy,2026-06-23 20:00:00
223,867,interested,2026-11-13 18:00:00
568,867,interested,2026-06-22 17:00:00
384,867,going,2027-01-08 18:00:00
398,867,going,2026-08-13 17:00:00
8,867,interested,2026-06-30 18:00:00
225,867,going,2026-06-21 17:00:00
470,867,looking_for_buddy,2026-09-09 18:00:00
266,868,looking_for_buddy,2026-11-28 17:00:00
312,868,going,2026-06-12 17:00:00
412,868,interested,2026-09-11 20:00:00
177,868,interested,2026-05-30 20:00:00
214,868,interested,2026-10-08 19:00:00
595,868,looking_for_buddy,2026-09-23 20:00:00
446,868,looking_for_buddy,2026-10-02 21:00:00
418,868,looking_for_buddy,2026-06-14 18:00:00
96,869,going,2026-09-14 19:00:00
637,869,interested,2026-09-06 23:00:00
411,869,looking_for_buddy,2026-07-16 17:00:00
504,869,going,2026-11-10 21:00:00
300,869,looking_for_buddy,2027-01-04 19:00:00
405,869,looking_for_buddy,2026-09-29 19:00:00
584,869,looking_for_buddy,2026-05-17 18:00:00
156,869,looking_for_buddy,2026-06-13 20:00:00
506,870,interested,2026-09-03 21:00:00
524,870,looking_for_buddy,2026-08-12 19:00:00
516,870,looking_for_buddy,2026-11-11 18:00:00
334,870,interested,2026-07-05 18:00:00
543,870,going,2026-12-21 19:00:00
122,870,going,2026-07-10 17:00:00
354,870,looking_for_buddy,2026-12-09 17:00:00
225,870,looking_for_buddy,2026-06-23 17:00:00
234,871,looking_for_buddy,2026-12-21 18:00:00
457,871,looking_for_buddy,2026-08-20 20:00:00
568,871,looking_for_buddy,2026-06-17 17:00:00
223,871,interested,2026-11-15 18:00:00
421,871,looking_for_buddy,2026-09-13 18:00:00
506,871,looking_for_buddy,2026-08-13 21:00:00
305,871,looking_for_buddy,2026-11-25 18:00:00
334,871,going,2026-06-24 18:00:00
557,872,going,2026-06-15 20:00:00
305,872,interested,2026-11-28 18:00:00
334,872,going,2026-06-22 18:00:00
355,872,looking_for_buddy,2026-09-20 18:00:00
506,872,going,2026-09-06 21:00:00
6,872,looking_for_buddy,2026-05-30 17:00:00
421,872,interested,2026-09-06 18:00:00
397,872,looking_for_buddy,2026-11-17 18:00:00
485,873,looking_for_buddy,2026-09-11 21:00:00
131,873,going,2026-09-19 19:00:00
206,873,going,2026-10-03 20:00:00
493,873,looking_for_buddy,2026-06-08 19:00:00
266,873,interested,2026-12-04 17:00:00
214,873,interested,2026-10-08 19:00:00
193,873,looking_for_buddy,2026-06-15 19:00:00
381,873,going,2026-10-22 21:00:00
110,874,interested,2026-08-30 20:00:00
494,874,interested,2026-08-16 21:00:00
236,874,going,2026-12-06 20:00:00
280,874,going,2026-08-27 21:00:00
78,874,looking_for_buddy,2027-01-01 19:00:00
364,874,interested,2027-01-07 19:00:00
491,874,interested,2026-09-16 18:00:00
244,874,going,2026-10-15 21:00:00
412,875,looking_for_buddy,2026-09-13 20:00:00
210,875,interested,2026-06-24 21:00:00
89,875,interested,2026-11-08 20:00:00
425,875,interested,2026-07-13 18:00:00
431,875,going,2026-06-20 20:00:00
287,875,going,2026-09-04 20:00:00
206,875,interested,2026-10-25 20:00:00
118,875,going,2026-08-08 21:00:00
171,876,looking_for_buddy,2026-11-04 20:00:00
154,876,looking_for_buddy,2026-09-29 18:00:00
132,876,looking_for_buddy,2026-10-03 18:00:00
74,876,going,2026-08-01 19:00:00
412,876,going,2026-09-21 20:00:00
323,876,looking_for_buddy,2026-11-15 19:00:00
473,876,interested,2026-12-29 19:00:00
477,876,going,2026-05-21 20:00:00
384,877,going,2027-01-08 18:00:00
457,877,going,2026-08-13 20:00:00
129,877,looking_for_buddy,2026-07-11 17:00:00
568,877,going,2026-06-21 17:00:00
198,877,looking_for_buddy,2026-06-10 17:00:00
523,877,looking_for_buddy,2026-09-27 19:00:00
395,877,going,2026-06-08 19:00:00
276,877,interested,2026-12-25 21:00:00
105,878,going,2026-07-09 21:00:00
520,878,looking_for_buddy,2027-01-10 18:00:00
148,878,looking_for_buddy,2026-11-26 20:00:00
614,878,looking_for_buddy,2026-09-26 19:00:00
525,878,interested,2026-10-17 17:00:00
141,878,going,2026-09-17 18:00:00
596,878,looking_for_buddy,2026-11-21 21:00:00
320,878,interested,2026-10-30 20:00:00
435,879,looking_for_buddy,2026-08-13 18:00:00
404,879,interested,2026-10-10 20:00:00
432,879,looking_for_buddy,2026-12-19 17:00:00
62,879,going,2026-05-24 21:00:00
619,879,looking_for_buddy,2026-06-23 22:00:00
194,879,going,2026-07-08 19:00:00
584,879,interested,2026-05-09 18:00:00
411,879,interested,2026-07-05 17:00:00
89,880,going,2026-11-09 20:00:00
205,880,interested,2026-12-14 21:00:00
340,880,going,2026-12-21 19:00:00
485,880,interested,2026-08-20 21:00:00
188,880,interested,2026-06-23 21:00:00
346,880,going,2026-06-18 19:00:00
493,880,looking_for_buddy,2026-05-18 19:00:00
496,880,going,2026-10-26 20:00:00
167,881,interested,2026-11-23 21:00:00
312,881,interested,2026-06-23 17:00:00
445,881,looking_for_buddy,2026-08-08 20:00:00
196,881,looking_for_buddy,2027-01-21 21:00:00
609,881,going,2026-05-28 22:00:00
396,881,going,2026-11-27 18:00:00
427,881,going,2026-05-21 20:00:00
67,881,interested,2026-05-25 20:00:00
275,882,interested,2026-07-21 21:00:00
624,882,going,2026-11-11 21:00:00
503,882,going,2026-12-17 21:00:00
232,882,interested,2026-11-12 21:00:00
214,882,looking_for_buddy,2026-10-01 19:00:00
441,882,going,2026-12-24 17:00:00
438,882,interested,2026-12-12 19:00:00
553,882,going,2026-12-13 20:00:00
64,883,looking_for_buddy,2026-10-04 18:00:00
579,883,looking_for_buddy,2026-10-25 19:00:00
293,883,looking_for_buddy,2026-06-07 20:00:00
456,883,going,2026-07-06 19:00:00
295,883,going,2026-10-12 17:00:00
198,883,interested,2026-06-01 17:00:00
389,883,going,2026-10-16 19:00:00
75,883,going,2026-11-21 18:00:00
207,884,looking_for_buddy,2027-01-01 20:00:00
504,884,interested,2026-11-27 21:00:00
136,884,looking_for_buddy,2026-08-22 21:00:00
653,884,looking_for_buddy,2026-11-09 23:00:00
387,884,going,2026-08-23 18:00:00
102,884,going,2026-08-03 17:00:00
263,884,interested,2026-08-01 17:00:00
497,884,looking_for_buddy,2026-11-16 19:00:00
19,885,interested,2026-09-18 20:00:00
286,885,looking_for_buddy,2026-12-18 20:00:00
6,885,going,2026-06-21 17:00:00
225,885,looking_for_buddy,2026-06-26 17:00:00
506,885,interested,2026-08-29 21:00:00
8,885,looking_for_buddy,2026-07-06 18:00:00
559,885,going,2026-08-13 18:00:00
334,885,looking_for_buddy,2026-06-13 18:00:00
214,886,looking_for_buddy,2026-09-29 19:00:00
607,886,looking_for_buddy,2026-06-18 21:00:00
294,886,looking_for_buddy,2026-11-01 17:00:00
177,886,looking_for_buddy,2026-05-21 20:00:00
396,886,going,2026-12-16 18:00:00
152,886,looking_for_buddy,2026-11-25 21:00:00
595,886,interested,2026-09-08 20:00:00
511,886,looking_for_buddy,2026-12-28 17:00:00
174,887,looking_for_buddy,2026-08-08 20:00:00
455,887,looking_for_buddy,2026-09-10 18:00:00
107,887,looking_for_buddy,2026-11-12 19:00:00
88,887,looking_for_buddy,2026-05-20 20:00:00
489,887,looking_for_buddy,2026-12-16 17:00:00
101,887,looking_for_buddy,2026-11-29 17:00:00
265,887,looking_for_buddy,2026-11-04 18:00:00
458,887,looking_for_buddy,2026-09-30 18:00:00
438,888,looking_for_buddy,2026-12-20 19:00:00
551,888,looking_for_buddy,2026-12-06 20:00:00
312,888,looking_for_buddy,2026-06-15 17:00:00
359,888,looking_for_buddy,2026-11-12 19:00:00
214,888,going,2026-09-28 19:00:00
275,888,interested,2026-07-26 21:00:00
22,888,looking_for_buddy,2026-06-14 17:00:00
445,888,interested,2026-08-19 20:00:00
612,889,interested,2026-11-16 22:00:00
63,889,going,2026-11-29 21:00:00
330,889,interested,2026-12-13 20:00:00
233,889,going,2026-05-31 20:00:00
409,889,looking_for_buddy,2026-10-15 19:00:00
95,889,interested,2026-07-28 21:00:00
659,889,going,2026-11-22 23:00:00
271,889,looking_for_buddy,2026-09-13 18:00:00
486,890,interested,2026-07-10 20:00:00
317,890,looking_for_buddy,2026-10-05 20:00:00
46,890,looking_for_buddy,2026-09-24 19:00:00
499,890,looking_for_buddy,2026-07-19 17:00:00
26,890,interested,2026-07-28 18:00:00
3,890,interested,2026-08-13 21:00:00
92,890,going,2026-12-02 21:00:00
41,890,looking_for_buddy,2026-12-01 17:00:00
338,891,looking_for_buddy,2026-08-08 17:00:00
228,891,looking_for_buddy,2026-07-06 20:00:00
352,891,looking_for_buddy,2026-08-11 20:00:00
15,891,interested,2026-08-02 18:00:00
357,891,interested,2026-06-30 20:00:00
198,891,going,2026-05-22 17:00:00
293,891,looking_for_buddy,2026-05-28 20:00:00
583,891,going,2026-06-20 19:00:00
138,892,looking_for_buddy,2026-10-21 18:00:00
598,892,going,2026-08-22 17:00:00
351,892,looking_for_buddy,2026-06-05 19:00:00
480,892,looking_for_buddy,2026-08-27 20:00:00
151,892,looking_for_buddy,2027-01-13 18:00:00
402,892,interested,2026-06-06 17:00:00
277,892,looking_for_buddy,2026-08-19 19:00:00
46,892,looking_for_buddy,2026-10-03 19:00:00
430,893,going,2026-07-07 20:00:00
192,893,interested,2026-11-17 18:00:00
464,893,looking_for_buddy,2026-08-30 20:00:00
39,893,going,2026-08-24 21:00:00
216,893,interested,2026-09-20 20:00:00
627,893,going,2026-07-19 22:00:00
185,893,looking_for_buddy,2026-10-17 18:00:00
285,893,looking_for_buddy,2026-10-25 21:00:00
308,894,going,2026-06-27 19:00:00
644,894,interested,2026-07-06 21:00:00
409,894,looking_for_buddy,2026-10-14 19:00:00
105,894,going,2026-07-03 21:00:00
659,894,looking_for_buddy,2026-11-30 23:00:00
596,894,looking_for_buddy,2026-11-24 21:00:00
272,894,looking_for_buddy,2026-12-08 17:00:00
424,894,interested,2026-09-13 17:00:00
523,895,looking_for_buddy,2026-09-26 19:00:00
54,895,looking_for_buddy,2026-05-24 19:00:00
273,895,looking_for_buddy,2026-07-17 17:00:00
568,895,going,2026-06-18 17:00:00
575,895,looking_for_buddy,2026-07-02 20:00:00
461,895,looking_for_buddy,2026-11-25 17:00:00
457,895,going,2026-08-29 20:00:00
283,895,interested,2026-08-30 19:00:00
587,896,looking_for_buddy,2026-10-14 17:00:00
340,896,going,2026-12-20 19:00:00
493,896,interested,2026-05-22 19:00:00
152,896,looking_for_buddy,2026-12-04 21:00:00
359,896,going,2026-11-13 19:00:00
36,896,looking_for_buddy,2026-06-29 17:00:00
474,896,going,2026-08-17 18:00:00
227,896,looking_for_buddy,2026-12-27 17:00:00
374,897,interested,2026-07-04 21:00:00
3,897,looking_for_buddy,2026-08-16 21:00:00
601,897,looking_for_buddy,2026-09-04 23:00:00
529,897,interested,2026-07-05 17:00:00
643,897,looking_for_buddy,2026-09-09 23:00:00
151,897,looking_for_buddy,2027-01-10 18:00:00
528,897,looking_for_buddy,2026-06-03 17:00:00
505,897,going,2026-11-23 21:00:00
272,898,going,2026-12-06 17:00:00
65,898,looking_for_buddy,2026-11-01 18:00:00
61,898,looking_for_buddy,2026-07-08 17:00:00
648,898,looking_for_buddy,2026-12-23 22:00:00
373,898,looking_for_buddy,2026-10-13 19:00:00
399,898,looking_for_buddy,2026-09-04 18:00:00
612,898,going,2026-11-26 22:00:00
356,898,looking_for_buddy,2027-01-02 18:00:00
126,899,going,2026-11-09 18:00:00
324,899,looking_for_buddy,2026-11-27 20:00:00
561,899,looking_for_buddy,2026-07-03 21:00:00
615,899,going,2026-05-22 22:00:00
611,899,interested,2026-06-13 21:00:00
95,899,going,2026-08-08 21:00:00
201,899,looking_for_buddy,2026-10-30 17:00:00
409,899,looking_for_buddy,2026-10-23 19:00:00
192,900,looking_for_buddy,2026-11-10 18:00:00
161,900,interested,2026-10-30 17:00:00
370,900,interested,2026-06-01 19:00:00
350,900,going,2026-10-11 18:00:00
291,900,going,2026-07-01 18:00:00
144,900,looking_for_buddy,2026-08-29 21:00:00
5,900,interested,2026-12-21 19:00:00
88,900,looking_for_buddy,2026-05-21 20:00:00
334,901,looking_for_buddy,2026-06-29 18:00:00
506,901,looking_for_buddy,2026-08-28 21:00:00
543,901,interested,2026-12-27 19:00:00
305,901,looking_for_buddy,2026-11-22 18:00:00
327,901,looking_for_buddy,2026-05-29 19:00:00
220,901,looking_for_buddy,2026-08-06 17:00:00
295,901,going,2026-09-15 17:00:00
90,901,looking_for_buddy,2026-10-14 18:00:00
583,902,looking_for_buddy,2026-06-19 19:00:00
223,902,looking_for_buddy,2026-11-01 18:00:00
276,902,interested,2026-12-29 21:00:00
129,902,looking_for_buddy,2026-07-02 17:00:00
395,902,interested,2026-05-12 19:00:00
568,902,going,2026-06-26 17:00:00
567,902,looking_for_buddy,2026-10-11 19:00:00
229,902,going,2026-11-26 21:00:00
96,903,interested,2026-09-29 19:00:00
639,903,interested,2026-09-24 21:00:00
47,903,looking_for_buddy,2026-12-08 21:00:00
194,903,looking_for_buddy,2026-06-26 19:00:00
3,903,looking_for_buddy,2026-08-22 21:00:00
411,903,looking_for_buddy,2026-07-07 17:00:00
277,903,going,2026-07-28 19:00:00
499,903,going,2026-07-15 17:00:00
648,904,going,2027-01-05 22:00:00
201,904,going,2026-10-10 17:00:00
267,904,looking_for_buddy,2026-10-10 17:00:00
65,904,interested,2026-10-28 18:00:00
211,904,looking_for_buddy,2026-07-06 18:00:00
233,904,going,2026-05-11 20:00:00
399,904,going,2026-09-12 18:00:00
249,904,going,2026-09-27 19:00:00
504,905,looking_for_buddy,2026-11-15 21:00:00
411,905,going,2026-06-28 17:00:00
92,905,going,2026-12-21 21:00:00
47,905,looking_for_buddy,2026-12-07 21:00:00
432,905,looking_for_buddy,2027-01-01 17:00:00
374,905,looking_for_buddy,2026-07-15 21:00:00
639,905,going,2026-10-10 21:00:00
194,905,interested,2026-07-10 19:00:00
144,906,going,2026-09-02 21:00:00
304,906,looking_for_buddy,2026-07-02 20:00:00
262,906,looking_for_buddy,2026-08-26 19:00:00
110,906,going,2026-08-04 20:00:00
265,906,looking_for_buddy,2026-11-08 18:00:00
564,906,going,2026-09-19 21:00:00
537,906,looking_for_buddy,2026-09-03 17:00:00
174,906,going,2026-07-18 20:00:00
274,907,interested,2026-12-10 19:00:00
156,907,interested,2026-05-21 20:00:00
239,907,interested,2026-12-13 17:00:00
98,907,looking_for_buddy,2026-09-04 17:00:00
501,907,looking_for_buddy,2026-08-29 17:00:00
328,907,looking_for_buddy,2026-11-20 18:00:00
645,907,looking_for_buddy,2026-05-28 23:00:00
655,907,going,2026-06-07 19:00:00
246,908,looking_for_buddy,2026-09-10 18:00:00
167,908,interested,2026-11-22 21:00:00
381,908,interested,2026-11-03 21:00:00
176,908,going,2026-06-11 19:00:00
340,908,looking_for_buddy,2026-12-10 19:00:00
159,908,looking_for_buddy,2026-06-09 17:00:00
445,908,looking_for_buddy,2026-08-15 20:00:00
595,908,looking_for_buddy,2026-09-06 20:00:00
471,909,going,2026-12-31 18:00:00
657,909,going,2026-11-28 19:00:00
38,909,looking_for_buddy,2026-12-30 20:00:00
60,909,looking_for_buddy,2026-08-21 21:00:00
241,909,interested,2026-05-22 21:00:00
180,909,looking_for_buddy,2026-10-15 19:00:00
380,909,going,2026-09-24 21:00:00
321,909,interested,2026-06-06 17:00:00
623,910,interested,2026-10-02 20:00:00
176,910,interested,2026-07-01 19:00:00
214,910,interested,2026-10-23 19:00:00
479,910,looking_for_buddy,2026-10-04 19:00:00
27,910,going,2026-10-19 17:00:00
269,910,looking_for_buddy,2026-10-06 18:00:00
577,910,interested,2026-07-25 17:00:00
340,910,interested,2026-12-08 19:00:00
177,911,going,2026-05-31 20:00:00
196,911,going,2027-01-03 21:00:00
171,911,looking_for_buddy,2026-11-02 20:00:00
132,911,going,2026-09-18 18:00:00
118,911,looking_for_buddy,2026-07-22 21:00:00
431,911,interested,2026-06-18 20:00:00
89,911,looking_for_buddy,2026-11-25 20:00:00
423,911,looking_for_buddy,2026-10-12 18:00:00
621,912,interested,2026-08-25 23:00:00
359,912,going,2026-10-24 19:00:00
624,912,looking_for_buddy,2026-10-24 21:00:00
571,912,looking_for_buddy,2026-11-26 19:00:00
496,912,looking_for_buddy,2026-10-09 20:00:00
83,912,looking_for_buddy,2026-09-25 19:00:00
227,912,looking_for_buddy,2027-01-06 17:00:00
623,912,going,2026-10-16 20:00:00
358,913,interested,2026-11-19 19:00:00
338,913,interested,2026-08-01 17:00:00
507,913,looking_for_buddy,2026-12-20 21:00:00
286,913,interested,2026-12-24 20:00:00
293,913,going,2026-05-15 20:00:00
327,913,going,2026-06-09 19:00:00
15,913,looking_for_buddy,2026-08-12 18:00:00
353,913,going,2026-05-25 20:00:00
15,914,looking_for_buddy,2026-07-24 18:00:00
575,914,looking_for_buddy,2026-07-16 20:00:00
122,914,going,2026-07-09 17:00:00
557,914,going,2026-06-22 20:00:00
198,914,looking_for_buddy,2026-05-20 17:00:00
228,914,looking_for_buddy,2026-06-30 20:00:00
357,914,looking_for_buddy,2026-06-12 20:00:00
419,914,interested,2026-05-23 20:00:00
33,915,going,2026-07-30 17:00:00
99,915,looking_for_buddy,2026-07-04 21:00:00
629,915,looking_for_buddy,2026-08-06 23:00:00
174,915,interested,2026-07-16 20:00:00
200,915,interested,2026-10-22 20:00:00
408,915,interested,2026-09-25 20:00:00
236,915,looking_for_buddy,2026-11-19 20:00:00
537,915,going,2026-08-21 17:00:00
390,916,looking_for_buddy,2026-11-06 21:00:00
395,916,looking_for_buddy,2026-06-04 19:00:00
568,916,interested,2026-06-26 17:00:00
583,916,going,2026-06-22 19:00:00
223,916,looking_for_buddy,2026-11-10 18:00:00
164,916,looking_for_buddy,2026-08-10 19:00:00
523,916,interested,2026-10-10 19:00:00
129,916,going,2026-07-05 17:00:00
209,917,going,2026-08-09 19:00:00
581,917,looking_for_buddy,2026-12-19 20:00:00
505,917,looking_for_buddy,2026-11-17 21:00:00
274,917,looking_for_buddy,2026-12-27 19:00:00
643,917,looking_for_buddy,2026-08-25 23:00:00
179,917,going,2026-08-30 18:00:00
2,917,going,2026-06-14 17:00:00
501,917,looking_for_buddy,2026-08-11 17:00:00
15,918,looking_for_buddy,2026-08-07 18:00:00
19,918,interested,2026-08-28 20:00:00
198,918,looking_for_buddy,2026-05-26 17:00:00
334,918,looking_for_buddy,2026-06-24 18:00:00
6,918,going,2026-06-01 17:00:00
390,918,looking_for_buddy,2026-10-17 21:00:00
575,918,looking_for_buddy,2026-07-01 20:00:00
142,918,going,2026-07-24 18:00:00
615,919,looking_for_buddy,2026-05-23 22:00:00
335,919,looking_for_buddy,2026-06-26 19:00:00
570,919,interested,2026-08-09 19:00:00
535,919,interested,2026-09-12 21:00:00
450,919,interested,2026-08-24 20:00:00
222,919,going,2026-09-29 19:00:00
248,919,looking_for_buddy,2026-10-25 21:00:00
373,919,interested,2026-10-07 19:00:00
533,920,going,2026-06-28 17:00:00
272,920,interested,2026-12-30 17:00:00
525,920,looking_for_buddy,2026-10-07 17:00:00
257,920,looking_for_buddy,2026-11-18 18:00:00
249,920,looking_for_buddy,2026-09-04 19:00:00
222,920,looking_for_buddy,2026-10-17 19:00:00
125,920,going,2026-11-09 19:00:00
183,920,going,2027-01-08 19:00:00
75,921,interested,2026-11-19 18:00:00
18,921,going,2026-10-07 19:00:00
49,921,interested,2026-09-03 18:00:00
524,921,going,2026-08-13 19:00:00
286,921,looking_for_buddy,2026-12-18 20:00:00
357,921,looking_for_buddy,2026-06-15 20:00:00
527,921,looking_for_buddy,2026-10-27 20:00:00
190,921,looking_for_buddy,2026-06-11 19:00:00
223,922,looking_for_buddy,2026-11-08 18:00:00
73,922,going,2026-12-04 21:00:00
428,922,going,2026-10-20 20:00:00
129,922,interested,2026-07-07 17:00:00
153,922,interested,2026-11-20 19:00:00
599,922,going,2026-12-09 18:00:00
6,922,interested,2026-06-09 17:00:00
527,922,going,2026-11-03 20:00:00
75,923,interested,2026-12-05 18:00:00
82,923,interested,2026-06-06 21:00:00
597,923,interested,2026-09-08 17:00:00
6,923,interested,2026-06-20 17:00:00
190,923,looking_for_buddy,2026-07-01 19:00:00
327,923,looking_for_buddy,2026-06-11 19:00:00
527,923,looking_for_buddy,2026-10-28 20:00:00
282,923,interested,2026-11-03 18:00:00
387,924,looking_for_buddy,2026-08-16 18:00:00
598,924,looking_for_buddy,2026-08-19 17:00:00
307,924,looking_for_buddy,2026-10-15 18:00:00
151,924,interested,2027-01-25 18:00:00
510,924,looking_for_buddy,2026-12-30 18:00:00
10,924,looking_for_buddy,2026-11-10 17:00:00
497,924,looking_for_buddy,2026-10-29 19:00:00
317,924,looking_for_buddy,2026-09-26 20:00:00
49,925,going,2026-09-05 18:00:00
599,925,looking_for_buddy,2026-12-03 18:00:00
220,925,interested,2026-08-13 17:00:00
282,925,going,2026-11-16 18:00:00
440,925,looking_for_buddy,2026-06-15 21:00:00
225,925,looking_for_buddy,2026-06-04 17:00:00
48,925,looking_for_buddy,2026-07-25 19:00:00
229,925,interested,2026-11-27 21:00:00
320,926,looking_for_buddy,2026-10-23 20:00:00
165,926,going,2026-06-05 21:00:00
648,926,interested,2026-12-29 22:00:00
596,926,looking_for_buddy,2026-12-02 21:00:00
556,926,interested,2027-01-09 21:00:00
372,926,interested,2026-07-16 20:00:00
399,926,looking_for_buddy,2026-09-20 18:00:00
634,926,interested,2026-10-03 22:00:00
357,927,going,2026-06-07 20:00:00
4,927,interested,2027-01-04 21:00:00
153,927,interested,2026-11-11 19:00:00
94,927,interested,2026-07-17 18:00:00
229,927,looking_for_buddy,2026-12-02 21:00:00
575,927,interested,2026-07-05 20:00:00
384,927,interested,2026-12-21 18:00:00
73,927,looking_for_buddy,2026-12-05 21:00:00
53,928,going,2026-10-18 20:00:00
68,928,going,2026-06-11 20:00:00
413,928,going,2026-07-02 21:00:00
292,928,interested,2026-12-21 19:00:00
491,928,interested,2026-09-13 18:00:00
40,928,looking_for_buddy,2026-11-10 19:00:00
534,928,interested,2026-11-11 18:00:00
537,928,going,2026-08-23 17:00:00
77,929,looking_for_buddy,2026-11-10 18:00:00
256,929,looking_for_buddy,2026-08-07 17:00:00
537,929,looking_for_buddy,2026-09-06 17:00:00
170,929,interested,2026-07-23 17:00:00
657,929,looking_for_buddy,2026-11-06 19:00:00
491,929,going,2026-09-13 18:00:00
546,929,going,2026-11-15 17:00:00
114,929,looking_for_buddy,2026-10-03 20:00:00
186,930,looking_for_buddy,2026-11-19 19:00:00
596,930,interested,2026-11-25 21:00:00
141,930,interested,2026-09-12 18:00:00
533,930,interested,2026-06-26 17:00:00
148,930,interested,2026-11-04 20:00:00
267,930,interested,2026-09-24 17:00:00
363,930,interested,2026-10-27 18:00:00
532,930,looking_for_buddy,2026-09-23 17:00:00
97,931,interested,2026-10-18 19:00:00
546,931,interested,2026-11-08 17:00:00
657,931,interested,2026-11-10 19:00:00
91,931,looking_for_buddy,2026-08-20 17:00:00
170,931,looking_for_buddy,2026-07-29 17:00:00
564,931,looking_for_buddy,2026-10-15 21:00:00
560,931,looking_for_buddy,2026-12-17 21:00:00
364,931,going,2027-01-10 19:00:00
92,932,going,2026-12-19 21:00:00
130,932,looking_for_buddy,2026-10-16 18:00:00
108,932,going,2026-07-09 20:00:00
62,932,interested,2026-05-18 21:00:00
374,932,looking_for_buddy,2026-07-08 21:00:00
573,932,going,2026-10-01 18:00:00
411,932,interested,2026-07-17 17:00:00
641,932,looking_for_buddy,2027-01-09 20:00:00
320,933,interested,2026-10-29 20:00:00
233,933,interested,2026-05-25 20:00:00
249,933,looking_for_buddy,2026-09-07 19:00:00
615,933,going,2026-05-13 22:00:00
324,933,looking_for_buddy,2026-11-23 20:00:00
508,933,looking_for_buddy,2026-12-18 17:00:00
222,933,looking_for_buddy,2026-10-18 19:00:00
95,933,interested,2026-07-16 21:00:00
118,934,looking_for_buddy,2026-08-04 21:00:00
359,934,looking_for_buddy,2026-11-03 19:00:00
24,934,looking_for_buddy,2026-07-11 19:00:00
422,934,looking_for_buddy,2026-07-15 20:00:00
214,934,going,2026-09-30 19:00:00
624,934,interested,2026-11-02 21:00:00
446,934,interested,2026-10-18 21:00:00
132,934,looking_for_buddy,2026-09-10 18:00:00
364,935,looking_for_buddy,2026-12-31 19:00:00
88,935,looking_for_buddy,2026-05-15 20:00:00
560,935,looking_for_buddy,2026-12-16 21:00:00
97,935,going,2026-10-27 19:00:00
413,935,looking_for_buddy,2026-07-22 21:00:00
345,935,looking_for_buddy,2026-08-01 17:00:00
657,935,looking_for_buddy,2026-11-17 19:00:00
40,935,looking_for_buddy,2026-11-09 19:00:00
504,936,interested,2026-11-22 21:00:00
414,936,interested,2026-12-13 18:00:00
243,936,going,2026-11-20 21:00:00
136,936,going,2026-09-01 21:00:00
120,936,looking_for_buddy,2026-08-07 21:00:00
645,936,interested,2026-05-27 23:00:00
584,936,going,2026-05-11 18:00:00
404,936,interested,2026-10-19 20:00:00
14,937,going,2026-08-25 21:00:00
621,937,looking_for_buddy,2026-09-05 23:00:00
547,937,going,2026-07-28 20:00:00
89,937,looking_for_buddy,2026-11-26 20:00:00
36,937,interested,2026-07-12 17:00:00
660,937,going,2026-12-09 20:00:00
288,937,going,2026-08-10 19:00:00
266,937,looking_for_buddy,2026-12-05 17:00:00
638,938,looking_for_buddy,2026-05-28 22:00:00
328,938,going,2026-11-30 18:00:00
603,938,looking_for_buddy,2026-12-10 20:00:00
540,938,going,2026-05-31 17:00:00
480,938,looking_for_buddy,2026-08-03 20:00:00
2,938,looking_for_buddy,2026-07-02 17:00:00
274,938,going,2026-12-04 19:00:00
469,938,looking_for_buddy,2026-09-29 20:00:00
534,939,interested,2026-10-26 18:00:00
137,939,going,2026-11-25 20:00:00
471,939,interested,2026-12-14 18:00:00
97,939,interested,2026-10-26 19:00:00
572,939,going,2026-11-17 19:00:00
546,939,looking_for_buddy,2026-11-11 17:00:00
483,939,looking_for_buddy,2026-06-23 19:00:00
40,939,going,2026-11-06 19:00:00
394,940,looking_for_buddy,2026-10-14 17:00:00
274,940,looking_for_buddy,2026-12-11 19:00:00
92,940,interested,2026-12-09 21:00:00
194,940,going,2026-06-22 19:00:00
573,940,interested,2026-10-10 18:00:00
130,940,looking_for_buddy,2026-10-09 18:00:00
435,940,going,2026-08-18 18:00:00
96,940,looking_for_buddy,2026-09-22 19:00:00
409,941,going,2026-10-25 19:00:00
272,941,looking_for_buddy,2026-12-12 17:00:00
308,941,interested,2026-06-12 19:00:00
634,941,looking_for_buddy,2026-09-19 22:00:00
596,941,interested,2026-12-12 21:00:00
532,941,interested,2026-10-05 17:00:00
51,941,going,2026-09-08 19:00:00
459,941,looking_for_buddy,2027-01-06 20:00:00
338,942,going,2026-07-18 17:00:00
579,942,looking_for_buddy,2026-10-07 19:00:00
578,942,looking_for_buddy,2026-09-02 19:00:00
295,942,looking_for_buddy,2026-10-01 17:00:00
64,942,looking_for_buddy,2026-10-15 18:00:00
509,942,looking_for_buddy,2026-09-24 20:00:00
334,942,interested,2026-06-27 18:00:00
117,942,looking_for_buddy,2026-08-24 17:00:00
288,943,going,2026-08-30 19:00:00
36,943,interested,2026-07-14 17:00:00
488,943,interested,2026-10-10 19:00:00
313,943,going,2026-07-01 19:00:00
340,943,looking_for_buddy,2026-12-10 19:00:00
503,943,interested,2026-12-19 21:00:00
621,943,interested,2026-08-22 23:00:00
622,943,looking_for_buddy,2027-01-03 19:00:00
239,944,looking_for_buddy,2026-12-17 17:00:00
259,944,going,2026-07-03 17:00:00
504,944,looking_for_buddy,2026-11-12 21:00:00
2,944,interested,2026-06-27 17:00:00
328,944,going,2026-11-16 18:00:00
480,944,going,2026-08-24 20:00:00
314,944,looking_for_buddy,2026-11-04 21:00:00
574,944,looking_for_buddy,2026-10-10 19:00:00
88,945,looking_for_buddy,2026-05-17 20:00:00
224,945,going,2026-08-27 21:00:00
265,945,going,2026-10-13 18:00:00
174,945,looking_for_buddy,2026-07-22 20:00:00
78,945,looking_for_buddy,2027-01-09 19:00:00
144,945,interested,2026-08-30 21:00:00
192,945,looking_for_buddy,2026-11-13 18:00:00
302,945,looking_for_buddy,2026-07-28 21:00:00
579,946,looking_for_buddy,2026-10-06 19:00:00
220,946,interested,2026-08-25 17:00:00
282,946,looking_for_buddy,2026-11-17 18:00:00
286,946,looking_for_buddy,2027-01-04 20:00:00
448,946,looking_for_buddy,2026-10-26 20:00:00
440,946,going,2026-06-15 21:00:00
467,946,going,2026-09-06 17:00:00
457,946,looking_for_buddy,2026-08-27 20:00:00
581,947,interested,2026-12-01 20:00:00
505,947,looking_for_buddy,2026-11-20 21:00:00
566,947,looking_for_buddy,2026-09-02 18:00:00
31,947,going,2026-08-25 17:00:00
307,947,looking_for_buddy,2026-10-20 18:00:00
432,947,looking_for_buddy,2026-12-08 17:00:00
194,947,looking_for_buddy,2026-06-29 19:00:00
393,947,interested,2026-05-26 19:00:00
505,948,looking_for_buddy,2026-11-22 21:00:00
544,948,interested,2027-01-08 20:00:00
374,948,looking_for_buddy,2026-07-05 21:00:00
284,948,looking_for_buddy,2026-09-09 21:00:00
393,948,interested,2026-05-25 19:00:00
333,948,looking_for_buddy,2026-05-20 20:00:00
102,948,looking_for_buddy,2026-08-03 17:00:00
255,948,interested,2027-01-03 20:00:00
190,949,looking_for_buddy,2026-06-28 19:00:00
198,949,going,2026-05-14 17:00:00
352,949,going,2026-08-06 20:00:00
293,949,interested,2026-05-17 20:00:00
229,949,interested,2026-11-28 21:00:00
75,949,interested,2026-11-28 18:00:00
282,949,looking_for_buddy,2026-11-20 18:00:00
377,949,going,2026-12-16 18:00:00
312,950,going,2026-06-11 17:00:00
517,950,going,2026-09-10 19:00:00
431,950,interested,2026-05-26 20:00:00
441,950,interested,2027-01-05 17:00:00
569,950,going,2026-12-12 18:00:00
425,950,looking_for_buddy,2026-06-17 18:00:00
154,950,looking_for_buddy,2026-09-27 18:00:00
152,950,interested,2026-11-16 21:00:00
598,951,interested,2026-08-15 17:00:00
588,951,looking_for_buddy,2026-10-04 18:00:00
194,951,looking_for_buddy,2026-07-17 19:00:00
339,951,interested,2026-08-18 19:00:00
499,951,going,2026-07-04 17:00:00
85,951,going,2026-07-30 18:00:00
638,951,looking_for_buddy,2026-05-19 22:00:00
501,951,interested,2026-08-27 17:00:00
132,952,interested,2026-09-17 18:00:00
100,952,looking_for_buddy,2027-01-09 17:00:00
196,952,going,2027-01-11 21:00:00
503,952,looking_for_buddy,2026-12-27 21:00:00
67,952,interested,2026-05-29 20:00:00
423,952,looking_for_buddy,2026-10-19 18:00:00
175,952,looking_for_buddy,2026-09-01 17:00:00
477,952,looking_for_buddy,2026-06-16 20:00:00
196,953,looking_for_buddy,2027-01-17 21:00:00
412,953,interested,2026-09-30 20:00:00
16,953,interested,2026-06-25 21:00:00
188,953,looking_for_buddy,2026-06-29 21:00:00
609,953,looking_for_buddy,2026-05-30 22:00:00
287,953,looking_for_buddy,2026-09-12 20:00:00
485,953,interested,2026-08-19 21:00:00
214,953,looking_for_buddy,2026-10-25 19:00:00
483,954,interested,2026-06-24 19:00:00
311,954,looking_for_buddy,2026-06-04 20:00:00
649,954,looking_for_buddy,2026-08-30 23:00:00
53,954,interested,2026-10-25 20:00:00
572,954,interested,2026-11-05 19:00:00
97,954,looking_for_buddy,2026-10-25 19:00:00
163,954,going,2026-09-15 21:00:00
369,954,looking_for_buddy,2026-12-10 20:00:00
282,955,interested,2026-11-21 18:00:00
358,955,looking_for_buddy,2026-10-28 19:00:00
506,955,going,2026-08-15 21:00:00
434,955,looking_for_buddy,2026-05-05 19:00:00
543,955,looking_for_buddy,2026-12-21 19:00:00
597,955,looking_for_buddy,2026-09-20 17:00:00
19,955,going,2026-09-11 20:00:00
229,955,interested,2026-12-11 21:00:00
49,956,looking_for_buddy,2026-08-18 18:00:00
506,956,looking_for_buddy,2026-08-19 21:00:00
18,956,interested,2026-10-12 19:00:00
234,956,looking_for_buddy,2026-12-16 18:00:00
390,956,interested,2026-10-23 21:00:00
82,956,interested,2026-06-15 21:00:00
334,956,looking_for_buddy,2026-07-11 18:00:00
220,956,interested,2026-08-13 17:00:00
79,957,interested,2026-06-19 19:00:00
368,957,interested,2026-09-13 19:00:00
88,957,interested,2026-05-27 20:00:00
370,957,looking_for_buddy,2026-05-21 19:00:00
101,957,going,2026-12-12 17:00:00
40,957,interested,2026-11-16 19:00:00
329,957,looking_for_buddy,2026-08-19 21:00:00
635,957,interested,2026-06-23 23:00:00
78,958,looking_for_buddy,2027-01-18 19:00:00
629,958,looking_for_buddy,2026-08-26 23:00:00
572,958,going,2026-11-14 19:00:00
304,958,looking_for_buddy,2026-06-16 20:00:00
458,958,looking_for_buddy,2026-10-02 18:00:00
40,958,looking_for_buddy,2026-10-28 19:00:00
236,958,looking_for_buddy,2026-11-23 20:00:00
537,958,interested,2026-09-03 17:00:00
8,959,looking_for_buddy,2026-07-13 18:00:00
276,959,looking_for_buddy,2026-12-20 21:00:00
395,959,going,2026-06-08 19:00:00
6,959,going,2026-06-21 17:00:00
604,959,looking_for_buddy,2026-07-19 21:00:00
579,959,looking_for_buddy,2026-10-17 19:00:00
513,959,looking_for_buddy,2026-06-25 19:00:00
352,959,looking_for_buddy,2026-08-04 20:00:00
659,960,going,2026-11-19 23:00:00
373,960,looking_for_buddy,2026-10-23 19:00:00
105,960,looking_for_buddy,2026-07-09 21:00:00
532,960,looking_for_buddy,2026-09-26 17:00:00
361,960,going,2026-10-13 17:00:00
615,960,going,2026-05-11 22:00:00
248,960,going,2026-10-29 21:00:00
614,960,looking_for_buddy,2026-09-17 19:00:00
236,961,looking_for_buddy,2026-12-09 20:00:00
143,961,looking_for_buddy,2027-01-06 19:00:00
78,961,looking_for_buddy,2026-12-25 19:00:00
161,961,looking_for_buddy,2026-11-22 17:00:00
224,961,going,2026-08-27 21:00:00
491,961,looking_for_buddy,2026-09-16 18:00:00
101,961,looking_for_buddy,2026-11-20 17:00:00
482,961,looking_for_buddy,2026-09-28 18:00:00
152,962,looking_for_buddy,2026-11-12 21:00:00
340,962,going,2026-12-11 19:00:00
275,962,looking_for_buddy,2026-07-27 21:00:00
587,962,looking_for_buddy,2026-10-18 17:00:00
571,962,looking_for_buddy,2026-12-03 19:00:00
20,962,going,2026-12-08 20:00:00
128,962,looking_for_buddy,2026-05-25 17:00:00
158,962,looking_for_buddy,2026-08-12 17:00:00
642,963,going,2026-09-21 21:00:00
105,963,looking_for_buddy,2026-07-02 21:00:00
318,963,looking_for_buddy,2026-07-13 19:00:00
72,963,interested,2026-09-21 21:00:00
644,963,looking_for_buddy,2026-07-11 21:00:00
400,963,looking_for_buddy,2026-10-08 18:00:00
356,963,looking_for_buddy,2026-12-28 18:00:00
532,963,looking_for_buddy,2026-09-13 17:00:00
6,964,going,2026-06-10 17:00:00
366,964,interested,2026-11-21 18:00:00
506,964,interested,2026-09-07 21:00:00
295,964,interested,2026-10-09 17:00:00
332,964,going,2026-11-18 17:00:00
421,964,interested,2026-09-18 18:00:00
49,964,interested,2026-08-27 18:00:00
338,964,looking_for_buddy,2026-07-17 17:00:00
173,965,looking_for_buddy,2026-07-29 18:00:00
614,965,going,2026-09-20 19:00:00
644,965,looking_for_buddy,2026-07-16 21:00:00
222,965,going,2026-10-08 19:00:00
462,965,interested,2026-08-22 21:00:00
140,965,interested,2026-10-16 19:00:00
453,965,looking_for_buddy,2026-08-13 18:00:00
634,965,going,2026-09-16 22:00:00
224,966,interested,2026-08-09 21:00:00
78,966,looking_for_buddy,2026-12-31 19:00:00
174,966,looking_for_buddy,2026-07-18 20:00:00
236,966,going,2026-12-09 20:00:00
494,966,looking_for_buddy,2026-08-08 21:00:00
370,966,interested,2026-05-29 19:00:00
192,966,looking_for_buddy,2026-11-24 18:00:00
265,966,interested,2026-10-13 18:00:00
233,967,looking_for_buddy,2026-05-10 20:00:00
51,967,looking_for_buddy,2026-09-05 19:00:00
460,967,interested,2026-06-02 20:00:00
556,967,looking_for_buddy,2027-01-07 21:00:00
388,967,interested,2026-06-07 20:00:00
615,967,looking_for_buddy,2026-05-14 22:00:00
570,967,going,2026-08-26 19:00:00
63,967,looking_for_buddy,2026-11-12 21:00:00
151,968,going,2027-01-17 18:00:00
374,968,looking_for_buddy,2026-06-20 21:00:00
351,968,going,2026-06-07 19:00:00
10,968,going,2026-11-11 17:00:00
102,968,interested,2026-07-29 17:00:00
317,968,looking_for_buddy,2026-09-08 20:00:00
610,968,interested,2026-07-29 19:00:00
92,968,looking_for_buddy,2026-11-30 21:00:00
537,969,looking_for_buddy,2026-08-26 17:00:00
76,969,looking_for_buddy,2027-01-14 17:00:00
657,969,looking_for_buddy,2026-11-10 19:00:00
546,969,interested,2026-11-04 17:00:00
364,969,interested,2027-01-03 19:00:00
292,969,going,2026-12-21 19:00:00
53,969,going,2026-10-23 20:00:00
180,969,interested,2026-10-14 19:00:00
144,970,looking_for_buddy,2026-09-12 21:00:00
564,970,going,2026-10-03 21:00:00
262,970,looking_for_buddy,2026-08-25 19:00:00
572,970,looking_for_buddy,2026-11-17 19:00:00
60,970,interested,2026-08-22 21:00:00
76,970,going,2027-01-23 17:00:00
364,970,going,2026-12-26 19:00:00
408,970,interested,2026-09-01 20:00:00
574,971,looking_for_buddy,2026-10-10 19:00:00
393,971,interested,2026-05-17 19:00:00
52,971,looking_for_buddy,2026-12-06 20:00:00
237,971,going,2026-10-15 19:00:00
374,971,looking_for_buddy,2026-07-03 21:00:00
50,971,looking_for_buddy,2026-05-11 21:00:00
47,971,looking_for_buddy,2026-12-07 21:00:00
296,971,looking_for_buddy,2026-12-28 21:00:00
556,972,looking_for_buddy,2027-01-04 21:00:00
249,972,going,2026-09-02 19:00:00
415,972,interested,2026-07-29 21:00:00
51,972,going,2026-09-11 19:00:00
596,972,looking_for_buddy,2026-11-21 21:00:00
308,972,looking_for_buddy,2026-06-16 19:00:00
173,972,looking_for_buddy,2026-08-11 18:00:00
532,972,interested,2026-09-16 17:00:00
100,973,interested,2027-01-04 17:00:00
16,973,going,2026-05-30 21:00:00
423,973,looking_for_buddy,2026-09-22 18:00:00
171,973,looking_for_buddy,2026-11-04 20:00:00
477,973,interested,2026-06-12 20:00:00
473,973,interested,2027-01-02 19:00:00
511,973,going,2027-01-06 17:00:00
67,973,going,2026-05-25 20:00:00
579,974,looking_for_buddy,2026-10-03 19:00:00
295,974,looking_for_buddy,2026-10-11 17:00:00
198,974,going,2026-05-27 17:00:00
153,974,looking_for_buddy,2026-11-11 19:00:00
568,974,going,2026-06-15 17:00:00
19,974,looking_for_buddy,2026-08-22 20:00:00
524,974,going,2026-08-11 19:00:00
334,974,going,2026-06-15 18:00:00
629,975,looking_for_buddy,2026-08-29 23:00:00
350,975,looking_for_buddy,2026-10-06 18:00:00
375,975,looking_for_buddy,2026-10-26 17:00:00
491,975,looking_for_buddy,2026-09-23 18:00:00
112,975,going,2026-06-08 21:00:00
304,975,looking_for_buddy,2026-07-06 20:00:00
368,975,looking_for_buddy,2026-09-16 19:00:00
78,975,interested,2026-12-27 19:00:00
214,976,looking_for_buddy,2026-10-04 19:00:00
89,976,looking_for_buddy,2026-11-19 20:00:00
44,976,going,2026-06-21 19:00:00
485,976,looking_for_buddy,2026-09-11 21:00:00
412,976,looking_for_buddy,2026-09-10 20:00:00
396,976,looking_for_buddy,2026-12-19 18:00:00
511,976,going,2026-12-31 17:00:00
595,976,interested,2026-09-22 20:00:00
113,977,going,2026-12-02 17:00:00
640,977,looking_for_buddy,2026-08-23 22:00:00
105,977,looking_for_buddy,2026-06-30 21:00:00
121,977,going,2026-06-25 18:00:00
409,977,looking_for_buddy,2026-10-08 19:00:00
95,977,looking_for_buddy,2026-07-26 21:00:00
61,977,looking_for_buddy,2026-07-24 17:00:00
145,977,interested,2026-07-30 21:00:00
217,978,looking_for_buddy,2026-12-16 18:00:00
453,978,going,2026-08-08 18:00:00
257,978,going,2026-11-10 18:00:00
462,978,going,2026-08-27 21:00:00
520,978,looking_for_buddy,2026-12-28 18:00:00
148,978,looking_for_buddy,2026-11-20 20:00:00
204,978,interested,2026-08-27 20:00:00
182,978,looking_for_buddy,2026-08-23 20:00:00
151,979,looking_for_buddy,2027-01-20 18:00:00
351,979,looking_for_buddy,2026-06-02 19:00:00
588,979,looking_for_buddy,2026-10-18 18:00:00
510,979,looking_for_buddy,2026-12-07 18:00:00
96,979,interested,2026-09-27 19:00:00
317,979,looking_for_buddy,2026-09-30 20:00:00
10,979,going,2026-10-21 17:00:00
486,979,interested,2026-07-02 20:00:00
265,980,going,2026-10-18 18:00:00
256,980,going,2026-07-18 17:00:00
107,980,looking_for_buddy,2026-11-07 19:00:00
558,980,going,2026-08-21 18:00:00
302,980,looking_for_buddy,2026-07-24 21:00:00
408,980,going,2026-09-08 20:00:00
88,980,interested,2026-05-15 20:00:00
491,980,looking_for_buddy,2026-09-04 18:00:00
4,981,interested,2027-01-11 21:00:00
190,981,looking_for_buddy,2026-07-07 19:00:00
398,981,looking_for_buddy,2026-08-30 17:00:00
470,981,going,2026-09-26 18:00:00
390,981,looking_for_buddy,2026-11-05 21:00:00
448,981,looking_for_buddy,2026-10-30 20:00:00
338,981,looking_for_buddy,2026-08-06 17:00:00
334,981,interested,2026-07-06 18:00:00
357,982,interested,2026-06-22 20:00:00
448,982,going,2026-11-07 20:00:00
352,982,looking_for_buddy,2026-07-22 20:00:00
9,982,interested,2026-07-09 17:00:00
398,982,going,2026-08-27 17:00:00
15,982,interested,2026-08-09 18:00:00
282,982,going,2026-11-14 18:00:00
470,982,going,2026-09-04 18:00:00
617,983,looking_for_buddy,2026-11-17 22:00:00
61,983,going,2026-07-28 17:00:00
596,983,going,2026-12-13 21:00:00
330,983,looking_for_buddy,2026-12-11 20:00:00
556,983,looking_for_buddy,2027-01-14 21:00:00
535,983,interested,2026-09-13 21:00:00
148,983,looking_for_buddy,2026-11-21 20:00:00
429,983,interested,2026-10-05 19:00:00
98,984,looking_for_buddy,2026-09-12 17:00:00
411,984,interested,2026-07-05 17:00:00
194,984,looking_for_buddy,2026-07-16 19:00:00
594,984,interested,2026-09-23 20:00:00
480,984,looking_for_buddy,2026-08-02 20:00:00
2,984,interested,2026-06-20 17:00:00
120,984,going,2026-08-15 21:00:00
156,984,interested,2026-05-30 20:00:00
40,985,looking_for_buddy,2026-10-26 19:00:00
53,985,looking_for_buddy,2026-10-09 20:00:00
236,985,looking_for_buddy,2026-12-03 20:00:00
78,985,looking_for_buddy,2027-01-03 19:00:00
107,985,going,2026-11-11 19:00:00
413,985,going,2026-07-04 21:00:00
224,985,going,2026-08-17 21:00:00
537,985,looking_for_buddy,2026-08-13 17:00:00
564,986,going,2026-10-05 21:00:00
68,986,looking_for_buddy,2026-06-19 20:00:00
301,986,going,2026-07-27 21:00:00
560,986,going,2026-12-02 21:00:00
155,986,going,2026-05-30 20:00:00
546,986,looking_for_buddy,2026-11-09 17:00:00
430,986,looking_for_buddy,2026-07-06 20:00:00
76,986,going,2027-01-03 17:00:00
118,987,interested,2026-08-16 21:00:00
193,987,looking_for_buddy,2026-06-05 19:00:00
83,987,looking_for_buddy,2026-09-13 19:00:00
441,987,looking_for_buddy,2027-01-02 17:00:00
340,987,looking_for_buddy,2026-12-23 19:00:00
381,987,interested,2026-11-04 21:00:00
624,987,looking_for_buddy,2026-11-05 21:00:00
214,987,going,2026-10-21 19:00:00
612,988,looking_for_buddy,2026-11-26 22:00:00
640,988,looking_for_buddy,2026-08-11 22:00:00
617,988,interested,2026-11-04 22:00:00
257,988,looking_for_buddy,2026-10-24 18:00:00
399,988,interested,2026-09-09 18:00:00
267,988,looking_for_buddy,2026-09-30 17:00:00
95,988,looking_for_buddy,2026-07-22 21:00:00
450,988,looking_for_buddy,2026-08-18 20:00:00
456,989,going,2026-07-19 19:00:00
506,989,looking_for_buddy,2026-08-13 21:00:00
331,989,going,2026-07-24 21:00:00
6,989,going,2026-06-01 17:00:00
19,989,looking_for_buddy,2026-09-10 20:00:00
190,989,interested,2026-06-17 19:00:00
568,989,interested,2026-07-05 17:00:00
327,989,interested,2026-06-04 19:00:00
359,990,going,2026-11-09 19:00:00
214,990,looking_for_buddy,2026-10-20 19:00:00
595,990,going,2026-09-18 20:00:00
181,990,interested,2026-10-17 18:00:00
503,990,going,2026-12-10 21:00:00
427,990,looking_for_buddy,2026-05-21 20:00:00
517,990,looking_for_buddy,2026-09-07 19:00:00
152,990,interested,2026-11-14 21:00:00
589,991,going,2026-10-04 21:00:00
113,991,going,2026-11-28 17:00:00
409,991,interested,2026-11-02 19:00:00
61,991,looking_for_buddy,2026-07-28 17:00:00
596,991,going,2026-12-10 21:00:00
556,991,interested,2027-01-02 21:00:00
7,991,looking_for_buddy,2026-09-18 19:00:00
330,991,looking_for_buddy,2026-11-18 20:00:00
196,992,looking_for_buddy,2027-01-24 21:00:00
412,992,interested,2026-09-15 20:00:00
396,992,looking_for_buddy,2026-12-03 18:00:00
152,992,going,2026-11-06 21:00:00
214,992,interested,2026-10-03 19:00:00
425,992,looking_for_buddy,2026-06-30 18:00:00
67,992,interested,2026-05-13 20:00:00
71,992,interested,2026-08-30 18:00:00
554,993,looking_for_buddy,2026-08-07 21:00:00
318,993,looking_for_buddy,2026-07-10 19:00:00
308,993,looking_for_buddy,2026-06-08 19:00:00
409,993,looking_for_buddy,2026-10-21 19:00:00
400,993,looking_for_buddy,2026-09-25 18:00:00
399,993,looking_for_buddy,2026-09-28 18:00:00
63,993,interested,2026-11-21 21:00:00
644,993,looking_for_buddy,2026-07-03 21:00:00
265,994,looking_for_buddy,2026-10-25 18:00:00
291,994,going,2026-07-12 18:00:00
192,994,looking_for_buddy,2026-11-16 18:00:00
350,994,looking_for_buddy,2026-10-18 18:00:00
88,994,looking_for_buddy,2026-06-01 20:00:00
101,994,looking_for_buddy,2026-12-03 17:00:00
629,994,looking_for_buddy,2026-08-30 23:00:00
285,994,interested,2026-11-12 21:00:00
419,995,looking_for_buddy,2026-06-01 20:00:00
129,995,looking_for_buddy,2026-07-17 17:00:00
223,995,interested,2026-11-19 18:00:00
568,995,looking_for_buddy,2026-06-25 17:00:00
567,995,looking_for_buddy,2026-10-09 19:00:00
297,995,going,2026-11-02 17:00:00
164,995,going,2026-08-14 19:00:00
395,995,looking_for_buddy,2026-05-24 19:00:00
484,996,interested,2026-06-03 18:00:00
634,996,going,2026-09-24 22:00:00
615,996,looking_for_buddy,2026-05-27 22:00:00
348,996,looking_for_buddy,2026-07-05 20:00:00
556,996,interested,2027-01-07 21:00:00
51,996,looking_for_buddy,2026-09-15 19:00:00
324,996,going,2026-11-02 20:00:00
570,996,looking_for_buddy,2026-08-27 19:00:00
490,997,interested,2026-07-25 19:00:00
549,997,going,2026-08-29 17:00:00
216,997,going,2026-09-23 20:00:00
369,997,interested,2026-12-06 20:00:00
458,997,going,2026-09-27 18:00:00
114,997,interested,2026-10-30 20:00:00
292,997,going,2026-12-29 19:00:00
483,997,going,2026-06-24 19:00:00
93,998,going,2026-10-05 19:00:00
265,998,going,2026-11-08 18:00:00
192,998,going,2026-10-28 18:00:00
88,998,interested,2026-05-29 20:00:00
430,998,looking_for_buddy,2026-07-01 20:00:00
262,998,going,2026-09-04 19:00:00
370,998,going,2026-05-12 19:00:00
40,998,interested,2026-11-01 19:00:00
440,999,looking_for_buddy,2026-06-04 21:00:00
75,999,looking_for_buddy,2026-11-24 18:00:00
82,999,interested,2026-06-15 21:00:00
538,999,going,2026-10-19 19:00:00
18,999,looking_for_buddy,2026-10-10 19:00:00
322,999,looking_for_buddy,2026-08-10 18:00:00
583,999,going,2026-07-06 19:00:00
514,999,interested,2026-09-07 19:00:00
24,1000,interested,2026-07-25 19:00:00
158,1000,going,2026-07-24 17:00:00
275,1000,interested,2026-08-05 21:00:00
287,1000,looking_for_buddy,2026-08-21 20:00:00
213,1000,looking_for_buddy,2026-08-20 19:00:00
70,1000,interested,2026-08-01 19:00:00
359,1000,going,2026-10-25 19:00:00
624,1000,interested,2026-11-12 21:00:00
182,1001,going,2026-07-28 20:00:00
330,1001,interested,2026-11-17 20:00:00
360,1001,looking_for_buddy,2026-12-10 17:00:00
240,1001,interested,2026-08-06 19:00:00
365,1001,looking_for_buddy,2026-06-23 19:00:00
453,1001,looking_for_buddy,2026-08-03 18:00:00
173,1001,going,2026-07-15 18:00:00
202,1001,looking_for_buddy,2026-07-29 17:00:00
191,1002,looking_for_buddy,2026-11-30 20:00:00
259,1002,looking_for_buddy,2026-06-25 17:00:00
98,1002,looking_for_buddy,2026-09-16 17:00:00
277,1002,going,2026-07-29 19:00:00
405,1002,going,2026-10-04 19:00:00
31,1002,looking_for_buddy,2026-09-13 17:00:00
136,1002,looking_for_buddy,2026-08-19 21:00:00
658,1002,interested,2026-08-27 23:00:00
282,1003,looking_for_buddy,2026-11-30 18:00:00
234,1003,looking_for_buddy,2026-12-15 18:00:00
129,1003,interested,2026-07-13 17:00:00
115,1003,looking_for_buddy,2026-10-19 17:00:00
276,1003,going,2026-12-21 21:00:00
600,1003,looking_for_buddy,2026-06-25 20:00:00
395,1003,going,2026-05-13 19:00:00
223,1003,looking_for_buddy,2026-11-25 18:00:00
640,1004,going,2026-08-07 22:00:00
576,1004,interested,2026-06-04 20:00:00
146,1004,looking_for_buddy,2026-07-11 18:00:00
616,1004,looking_for_buddy,2026-10-11 19:00:00
65,1004,looking_for_buddy,2026-10-25 18:00:00
589,1004,looking_for_buddy,2026-10-05 21:00:00
320,1004,going,2026-10-14 20:00:00
373,1004,interested,2026-10-10 19:00:00
257,1005,looking_for_buddy,2026-10-28 18:00:00
254,1005,looking_for_buddy,2026-11-03 19:00:00
173,1005,looking_for_buddy,2026-07-17 18:00:00
342,1005,looking_for_buddy,2027-01-08 19:00:00
533,1005,interested,2026-07-16 17:00:00
182,1005,looking_for_buddy,2026-07-30 20:00:00
105,1005,looking_for_buddy,2026-06-16 21:00:00
315,1005,going,2026-06-05 18:00:00
344,1006,looking_for_buddy,2026-07-09 18:00:00
240,1006,interested,2026-08-19 19:00:00
272,1006,looking_for_buddy,2026-12-25 17:00:00
72,1006,interested,2026-09-18 21:00:00
140,1006,looking_for_buddy,2026-10-11 19:00:00
576,1006,looking_for_buddy,2026-06-03 20:00:00
11,1006,looking_for_buddy,2026-09-22 19:00:00
145,1006,going,2026-08-15 21:00:00
141,1007,looking_for_buddy,2026-09-01 18:00:00
363,1007,going,2026-11-11 18:00:00
570,1007,looking_for_buddy,2026-08-03 19:00:00
173,1007,going,2026-07-21 18:00:00
11,1007,looking_for_buddy,2026-09-24 19:00:00
238,1007,looking_for_buddy,2026-11-06 21:00:00
257,1007,going,2026-10-28 18:00:00
182,1007,going,2026-08-15 20:00:00
232,1008,going,2026-11-05 21:00:00
287,1008,interested,2026-08-26 20:00:00
416,1008,going,2026-07-09 19:00:00
132,1008,interested,2026-09-13 18:00:00
214,1008,looking_for_buddy,2026-10-10 19:00:00
118,1008,looking_for_buddy,2026-07-30 21:00:00
154,1008,looking_for_buddy,2026-09-22 18:00:00
134,1008,looking_for_buddy,2026-07-23 20:00:00
566,1009,interested,2026-08-11 18:00:00
540,1009,interested,2026-05-29 17:00:00
544,1009,looking_for_buddy,2026-12-26 20:00:00
393,1009,going,2026-06-02 19:00:00
307,1009,looking_for_buddy,2026-10-27 18:00:00
306,1009,looking_for_buddy,2026-07-18 18:00:00
274,1009,looking_for_buddy,2026-12-20 19:00:00
298,1009,looking_for_buddy,2026-08-02 17:00:00
312,1010,looking_for_buddy,2026-06-03 17:00:00
154,1010,going,2026-09-27 18:00:00
609,1010,going,2026-05-24 22:00:00
606,1010,interested,2026-07-23 21:00:00
622,1010,looking_for_buddy,2026-12-25 19:00:00
571,1010,looking_for_buddy,2026-11-16 19:00:00
275,1010,interested,2026-08-11 21:00:00
396,1010,looking_for_buddy,2026-12-18 18:00:00
304,1011,looking_for_buddy,2026-06-16 20:00:00
55,1011,looking_for_buddy,2026-10-28 17:00:00
78,1011,looking_for_buddy,2027-01-20 19:00:00
449,1011,going,2026-07-08 18:00:00
185,1011,looking_for_buddy,2026-10-27 18:00:00
464,1011,looking_for_buddy,2026-09-15 20:00:00
224,1011,interested,2026-08-16 21:00:00
236,1011,interested,2026-12-06 20:00:00
97,1012,going,2026-11-13 19:00:00
593,1012,looking_for_buddy,2026-11-10 18:00:00
291,1012,going,2026-06-27 18:00:00
364,1012,going,2026-12-27 19:00:00
161,1012,looking_for_buddy,2026-11-02 17:00:00
560,1012,going,2026-12-12 21:00:00
369,1012,looking_for_buddy,2026-12-21 20:00:00
33,1012,looking_for_buddy,2026-07-23 17:00:00
624,1013,looking_for_buddy,2026-10-31 21:00:00
359,1013,looking_for_buddy,2026-11-11 19:00:00
287,1013,looking_for_buddy,2026-08-18 20:00:00
571,1013,looking_for_buddy,2026-12-07 19:00:00
511,1013,looking_for_buddy,2026-12-25 17:00:00
83,1013,looking_for_buddy,2026-09-19 19:00:00
188,1013,looking_for_buddy,2026-07-04 21:00:00
275,1013,going,2026-07-22 21:00:00
578,1014,interested,2026-09-14 19:00:00
628,1014,interested,2026-08-04 21:00:00
395,1014,interested,2026-05-24 19:00:00
568,1014,looking_for_buddy,2026-06-10 17:00:00
129,1014,looking_for_buddy,2026-06-30 17:00:00
523,1014,going,2026-09-27 19:00:00
507,1014,looking_for_buddy,2026-12-27 21:00:00
54,1014,interested,2026-05-18 19:00:00
195,1015,interested,2026-12-05 21:00:00
96,1015,looking_for_buddy,2026-09-28 19:00:00
394,1015,going,2026-10-30 17:00:00
328,1015,interested,2026-12-02 18:00:00
584,1015,looking_for_buddy,2026-05-14 18:00:00
420,1015,interested,2026-08-30 21:00:00
274,1015,looking_for_buddy,2026-12-04 19:00:00
339,1015,looking_for_buddy,2026-09-05 19:00:00
583,1016,looking_for_buddy,2026-06-26 19:00:00
579,1016,looking_for_buddy,2026-10-15 19:00:00
295,1016,looking_for_buddy,2026-09-25 17:00:00
506,1016,interested,2026-09-08 21:00:00
6,1016,looking_for_buddy,2026-05-29 17:00:00
64,1016,looking_for_buddy,2026-10-15 18:00:00
90,1016,looking_for_buddy,2026-09-22 18:00:00
334,1016,looking_for_buddy,2026-06-18 18:00:00
556,1017,going,2026-12-29 21:00:00
536,1017,looking_for_buddy,2026-06-20 21:00:00
614,1017,interested,2026-09-15 19:00:00
612,1017,looking_for_buddy,2026-11-17 22:00:00
165,1017,going,2026-06-24 21:00:00
570,1017,looking_for_buddy,2026-08-27 19:00:00
634,1017,looking_for_buddy,2026-09-28 22:00:00
654,1017,going,2026-08-25 23:00:00
36,1018,looking_for_buddy,2026-06-24 17:00:00
340,1018,looking_for_buddy,2026-12-03 19:00:00
337,1018,looking_for_buddy,2026-11-20 21:00:00
446,1018,interested,2026-09-26 21:00:00
177,1018,looking_for_buddy,2026-06-01 20:00:00
422,1018,looking_for_buddy,2026-06-21 20:00:00
423,1018,interested,2026-10-06 18:00:00
214,1018,looking_for_buddy,2026-10-08 19:00:00
574,1019,interested,2026-09-30 19:00:00
510,1019,going,2026-12-22 18:00:00
136,1019,going,2026-08-12 21:00:00
480,1019,looking_for_buddy,2026-08-27 20:00:00
505,1019,looking_for_buddy,2026-11-16 21:00:00
371,1019,interested,2026-12-19 17:00:00
169,1019,looking_for_buddy,2026-06-18 17:00:00
157,1019,going,2026-12-15 21:00:00
579,1020,interested,2026-10-13 19:00:00
6,1020,going,2026-05-29 17:00:00
115,1020,looking_for_buddy,2026-10-13 17:00:00
527,1020,going,2026-10-14 20:00:00
332,1020,looking_for_buddy,2026-11-07 17:00:00
395,1020,looking_for_buddy,2026-06-02 19:00:00
568,1020,interested,2026-06-24 17:00:00
327,1020,going,2026-06-02 19:00:00
494,1021,looking_for_buddy,2026-08-22 21:00:00
407,1021,going,2026-11-09 21:00:00
537,1021,going,2026-08-14 17:00:00
155,1021,looking_for_buddy,2026-06-19 20:00:00
392,1021,interested,2026-08-15 21:00:00
635,1021,going,2026-06-24 23:00:00
458,1021,looking_for_buddy,2026-09-20 18:00:00
97,1021,going,2026-10-28 19:00:00
206,1022,looking_for_buddy,2026-10-04 20:00:00
485,1022,going,2026-09-08 21:00:00
436,1022,interested,2026-08-31 21:00:00
232,1022,going,2026-11-14 21:00:00
553,1022,going,2026-12-01 20:00:00
412,1022,interested,2026-09-16 20:00:00
154,1022,looking_for_buddy,2026-09-15 18:00:00
287,1022,looking_for_buddy,2026-08-27 20:00:00
130,1023,interested,2026-10-06 18:00:00
255,1023,going,2026-12-19 20:00:00
3,1023,looking_for_buddy,2026-08-14 21:00:00
92,1023,interested,2026-12-18 21:00:00
194,1023,interested,2026-06-28 19:00:00
108,1023,going,2026-07-12 20:00:00
411,1023,looking_for_buddy,2026-06-25 17:00:00
598,1023,going,2026-08-24 17:00:00
129,1024,looking_for_buddy,2026-07-07 17:00:00
327,1024,looking_for_buddy,2026-06-23 19:00:00
568,1024,going,2026-06-30 17:00:00
220,1024,looking_for_buddy,2026-08-18 17:00:00
316,1024,looking_for_buddy,2026-11-16 19:00:00
457,1024,going,2026-08-18 20:00:00
358,1024,looking_for_buddy,2026-11-11 19:00:00
646,1024,going,2026-10-25 21:00:00
75,1025,looking_for_buddy,2026-12-13 18:00:00
18,1025,looking_for_buddy,2026-10-15 19:00:00
49,1025,looking_for_buddy,2026-08-14 18:00:00
353,1025,going,2026-05-18 20:00:00
590,1025,looking_for_buddy,2026-07-14 17:00:00
198,1025,looking_for_buddy,2026-05-15 17:00:00
527,1025,looking_for_buddy,2026-10-29 20:00:00
322,1025,going,2026-07-21 18:00:00
520,1026,interested,2026-12-29 18:00:00
51,1026,looking_for_buddy,2026-08-25 19:00:00
186,1026,going,2026-12-02 19:00:00
617,1026,looking_for_buddy,2026-11-18 22:00:00
148,1026,interested,2026-11-19 20:00:00
533,1026,looking_for_buddy,2026-06-25 17:00:00
240,1026,going,2026-08-22 19:00:00
542,1026,going,2026-07-14 20:00:00
22,1027,going,2026-05-19 17:00:00
20,1027,going,2026-11-15 20:00:00
275,1027,going,2026-08-03 21:00:00
595,1027,looking_for_buddy,2026-10-03 20:00:00
158,1027,looking_for_buddy,2026-08-06 17:00:00
503,1027,looking_for_buddy,2026-12-07 21:00:00
606,1027,looking_for_buddy,2026-08-01 21:00:00
571,1027,interested,2026-11-12 19:00:00
432,1028,looking_for_buddy,2026-12-15 17:00:00
92,1028,looking_for_buddy,2026-12-23 21:00:00
274,1028,going,2026-12-25 19:00:00
435,1028,looking_for_buddy,2026-08-21 18:00:00
528,1028,looking_for_buddy,2026-06-24 17:00:00
307,1028,going,2026-10-19 18:00:00
237,1028,looking_for_buddy,2026-09-29 19:00:00
394,1028,looking_for_buddy,2026-10-13 17:00:00
529,1029,interested,2026-07-01 17:00:00
268,1029,going,2026-08-19 18:00:00
393,1029,looking_for_buddy,2026-05-07 19:00:00
497,1029,going,2026-11-04 19:00:00
169,1029,looking_for_buddy,2026-07-07 17:00:00
296,1029,looking_for_buddy,2027-01-14 21:00:00
151,1029,looking_for_buddy,2026-12-30 18:00:00
387,1029,looking_for_buddy,2026-08-10 18:00:00
40,1030,looking_for_buddy,2026-11-13 19:00:00
53,1030,looking_for_buddy,2026-10-15 20:00:00
413,1030,looking_for_buddy,2026-07-09 21:00:00
302,1030,going,2026-07-31 21:00:00
458,1030,looking_for_buddy,2026-10-09 18:00:00
81,1030,looking_for_buddy,2026-05-23 20:00:00
163,1030,looking_for_buddy,2026-09-23 21:00:00
649,1030,going,2026-08-10 23:00:00
40,1031,interested,2026-11-19 19:00:00
430,1031,interested,2026-07-05 20:00:00
591,1031,looking_for_buddy,2026-12-10 18:00:00
537,1031,interested,2026-08-17 17:00:00
483,1031,interested,2026-06-20 19:00:00
88,1031,looking_for_buddy,2026-05-30 20:00:00
29,1031,interested,2026-11-30 19:00:00
649,1031,interested,2026-08-26 23:00:00
158,1032,going,2026-07-28 17:00:00
100,1032,interested,2027-01-10 17:00:00
132,1032,looking_for_buddy,2026-09-10 18:00:00
214,1032,looking_for_buddy,2026-10-12 19:00:00
606,1032,looking_for_buddy,2026-07-16 21:00:00
83,1032,going,2026-09-30 19:00:00
359,1032,looking_for_buddy,2026-11-13 19:00:00
206,1032,looking_for_buddy,2026-10-08 20:00:00
480,1033,looking_for_buddy,2026-08-13 20:00:00
98,1033,looking_for_buddy,2026-09-17 17:00:00
504,1033,interested,2026-11-28 21:00:00
639,1033,looking_for_buddy,2026-10-19 21:00:00
300,1033,looking_for_buddy,2027-01-01 19:00:00
42,1033,going,2026-11-06 21:00:00
420,1033,going,2026-08-24 21:00:00
136,1033,looking_for_buddy,2026-08-14 21:00:00
105,1034,interested,2026-06-17 21:00:00
257,1034,looking_for_buddy,2026-11-18 18:00:00
330,1034,interested,2026-12-03 20:00:00
462,1034,looking_for_buddy,2026-08-30 21:00:00
508,1034,looking_for_buddy,2026-12-12 17:00:00
612,1034,interested,2026-11-27 22:00:00
63,1034,interested,2026-11-30 21:00:00
640,1034,looking_for_buddy,2026-08-08 22:00:00
493,1035,looking_for_buddy,2026-06-05 19:00:00
132,1035,looking_for_buddy,2026-09-10 18:00:00
323,1035,looking_for_buddy,2026-11-19 19:00:00
517,1035,looking_for_buddy,2026-09-10 19:00:00
446,1035,looking_for_buddy,2026-10-19 21:00:00
152,1035,going,2026-11-29 21:00:00
423,1035,looking_for_buddy,2026-10-01 18:00:00
177,1035,interested,2026-05-20 20:00:00
376,1036,interested,2026-05-14 20:00:00
432,1036,looking_for_buddy,2026-12-21 17:00:00
435,1036,looking_for_buddy,2026-08-25 18:00:00
393,1036,looking_for_buddy,2026-05-11 19:00:00
307,1036,interested,2026-10-15 18:00:00
573,1036,looking_for_buddy,2026-10-05 18:00:00
341,1036,looking_for_buddy,2026-06-09 21:00:00
411,1036,looking_for_buddy,2026-06-24 17:00:00
170,1037,going,2026-07-22 17:00:00
97,1037,interested,2026-11-02 19:00:00
39,1037,interested,2026-08-04 21:00:00
236,1037,going,2026-11-22 20:00:00
364,1037,going,2027-01-04 19:00:00
33,1037,interested,2026-07-29 17:00:00
256,1037,interested,2026-07-20 17:00:00
149,1037,going,2026-09-05 21:00:00
385,1038,going,2026-10-10 18:00:00
77,1038,going,2026-10-23 18:00:00
29,1038,looking_for_buddy,2026-12-13 19:00:00
392,1038,looking_for_buddy,2026-08-07 21:00:00
537,1038,going,2026-08-19 17:00:00
464,1038,going,2026-08-29 20:00:00
491,1038,looking_for_buddy,2026-09-09 18:00:00
78,1038,going,2027-01-09 19:00:00
480,1039,going,2026-08-19 20:00:00
136,1039,looking_for_buddy,2026-08-26 21:00:00
326,1039,looking_for_buddy,2026-12-04 21:00:00
584,1039,looking_for_buddy,2026-05-13 18:00:00
47,1039,looking_for_buddy,2026-12-13 21:00:00
504,1039,looking_for_buddy,2026-11-11 21:00:00
643,1039,looking_for_buddy,2026-09-03 23:00:00
435,1039,looking_for_buddy,2026-08-20 18:00:00
330,1040,going,2026-12-09 20:00:00
65,1040,looking_for_buddy,2026-11-14 18:00:00
611,1040,looking_for_buddy,2026-06-18 21:00:00
388,1040,looking_for_buddy,2026-06-28 20:00:00
335,1040,looking_for_buddy,2026-06-09 19:00:00
173,1040,going,2026-07-17 18:00:00
562,1040,going,2026-08-03 21:00:00
233,1040,looking_for_buddy,2026-05-23 20:00:00
653,1041,going,2026-11-11 23:00:00
98,1041,going,2026-09-11 17:00:00
510,1041,looking_for_buddy,2026-12-17 18:00:00
480,1041,going,2026-08-19 20:00:00
207,1041,looking_for_buddy,2026-12-21 20:00:00
499,1041,interested,2026-07-03 17:00:00
504,1041,looking_for_buddy,2026-11-09 21:00:00
584,1041,looking_for_buddy,2026-05-26 18:00:00
18,1042,looking_for_buddy,2026-10-01 19:00:00
19,1042,going,2026-08-24 20:00:00
543,1042,going,2026-12-28 19:00:00
94,1042,going,2026-07-07 18:00:00
322,1042,looking_for_buddy,2026-07-29 18:00:00
506,1042,going,2026-08-27 21:00:00
516,1042,looking_for_buddy,2026-11-03 18:00:00
316,1042,going,2026-10-31 19:00:00
477,1043,looking_for_buddy,2026-05-20 20:00:00
381,1043,looking_for_buddy,2026-10-20 21:00:00
158,1043,looking_for_buddy,2026-07-25 17:00:00
446,1043,going,2026-10-22 21:00:00
503,1043,going,2026-12-28 21:00:00
132,1043,looking_for_buddy,2026-09-21 18:00:00
553,1043,looking_for_buddy,2026-12-27 20:00:00
359,1043,looking_for_buddy,2026-11-07 19:00:00
68,1044,interested,2026-06-17 20:00:00
292,1044,looking_for_buddy,2027-01-01 19:00:00
60,1044,looking_for_buddy,2026-08-30 21:00:00
564,1044,going,2026-10-06 21:00:00
369,1044,looking_for_buddy,2026-12-24 20:00:00
114,1044,going,2026-10-30 20:00:00
216,1044,looking_for_buddy,2026-09-30 20:00:00
364,1044,going,2027-01-08 19:00:00
15,1045,looking_for_buddy,2026-07-21 18:00:00
513,1045,going,2026-06-14 19:00:00
506,1045,going,2026-08-18 21:00:00
334,1045,going,2026-07-07 18:00:00
421,1045,going,2026-09-19 18:00:00
153,1045,going,2026-10-25 19:00:00
481,1045,going,2026-07-26 18:00:00
597,1045,looking_for_buddy,2026-09-25 17:00:00
328,1046,looking_for_buddy,2026-11-19 18:00:00
435,1046,looking_for_buddy,2026-08-28 18:00:00
239,1046,interested,2026-12-12 17:00:00
92,1046,looking_for_buddy,2026-11-29 21:00:00
136,1046,interested,2026-09-05 21:00:00
264,1046,interested,2026-07-02 21:00:00
194,1046,going,2026-07-11 19:00:00
96,1046,looking_for_buddy,2026-10-03 19:00:00
604,1047,going,2026-07-20 21:00:00
568,1047,interested,2026-06-25 17:00:00
297,1047,interested,2026-11-18 17:00:00
338,1047,interested,2026-08-01 17:00:00
448,1047,going,2026-10-24 20:00:00
295,1047,looking_for_buddy,2026-09-25 17:00:00
6,1047,looking_for_buddy,2026-06-13 17:00:00
153,1047,going,2026-10-24 19:00:00
423,1048,looking_for_buddy,2026-10-12 18:00:00
89,1048,looking_for_buddy,2026-12-02 20:00:00
177,1048,interested,2026-05-08 20:00:00
337,1048,interested,2026-11-20 21:00:00
446,1048,interested,2026-09-25 21:00:00
502,1048,going,2026-09-18 20:00:00
270,1048,looking_for_buddy,2026-06-15 19:00:00
175,1048,looking_for_buddy,2026-09-18 17:00:00
145,1049,going,2026-08-08 21:00:00
565,1049,looking_for_buddy,2027-01-07 18:00:00
570,1049,interested,2026-08-07 19:00:00
556,1049,interested,2026-12-24 21:00:00
596,1049,looking_for_buddy,2026-12-06 21:00:00
614,1049,looking_for_buddy,2026-10-09 19:00:00
532,1049,interested,2026-09-30 17:00:00
308,1049,interested,2026-06-09 19:00:00
595,1050,looking_for_buddy,2026-09-07 20:00:00
214,1050,interested,2026-10-05 19:00:00
503,1050,looking_for_buddy,2027-01-02 21:00:00
323,1050,looking_for_buddy,2026-11-19 19:00:00
636,1050,looking_for_buddy,2026-11-09 19:00:00
89,1050,looking_for_buddy,2026-11-26 20:00:00
418,1050,looking_for_buddy,2026-06-06 18:00:00
622,1050,looking_for_buddy,2026-12-16 19:00:00
252,1051,looking_for_buddy,2026-06-05 19:00:00
140,1051,looking_for_buddy,2026-10-23 19:00:00
429,1051,interested,2026-09-19 19:00:00
186,1051,going,2026-11-05 19:00:00
617,1051,looking_for_buddy,2026-11-26 22:00:00
453,1051,going,2026-08-01 18:00:00
363,1051,looking_for_buddy,2026-10-18 18:00:00
462,1051,looking_for_buddy,2026-08-31 21:00:00
207,1052,interested,2026-12-24 20:00:00
504,1052,going,2026-11-30 21:00:00
191,1052,looking_for_buddy,2026-12-02 20:00:00
480,1052,going,2026-08-08 20:00:00
98,1052,looking_for_buddy,2026-08-28 17:00:00
414,1052,going,2026-12-23 18:00:00
584,1052,looking_for_buddy,2026-05-25 18:00:00
476,1052,interested,2026-12-24 18:00:00
15,1053,going,2026-08-04 18:00:00
352,1053,looking_for_buddy,2026-08-04 20:00:00
582,1053,going,2026-12-01 18:00:00
198,1053,interested,2026-06-07 17:00:00
398,1053,looking_for_buddy,2026-08-24 17:00:00
355,1053,interested,2026-09-25 18:00:00
568,1053,looking_for_buddy,2026-06-20 17:00:00
472,1053,interested,2026-07-20 19:00:00
556,1054,interested,2026-12-30 21:00:00
186,1054,going,2026-11-27 19:00:00
202,1054,going,2026-07-08 17:00:00
453,1054,going,2026-08-12 18:00:00
360,1054,looking_for_buddy,2026-12-16 17:00:00
141,1054,going,2026-09-05 18:00:00
173,1054,looking_for_buddy,2026-08-05 18:00:00
252,1054,interested,2026-06-14 19:00:00
409,1055,interested,2026-11-03 19:00:00
348,1055,looking_for_buddy,2026-07-16 20:00:00
570,1055,going,2026-08-22 19:00:00
7,1055,looking_for_buddy,2026-09-16 19:00:00
556,1055,going,2027-01-05 21:00:00
165,1055,looking_for_buddy,2026-05-29 21:00:00
429,1055,interested,2026-09-25 19:00:00
51,1055,looking_for_buddy,2026-09-01 19:00:00
477,1056,interested,2026-06-12 20:00:00
214,1056,interested,2026-10-03 19:00:00
493,1056,going,2026-05-22 19:00:00
425,1056,going,2026-07-13 18:00:00
16,1056,looking_for_buddy,2026-06-05 21:00:00
132,1056,looking_for_buddy,2026-10-02 18:00:00
177,1056,interested,2026-05-09 20:00:00
270,1056,looking_for_buddy,2026-05-28 19:00:00
621,1057,looking_for_buddy,2026-09-14 23:00:00
441,1057,interested,2026-12-29 17:00:00
312,1057,looking_for_buddy,2026-06-01 17:00:00
36,1057,interested,2026-06-24 17:00:00
193,1057,going,2026-06-14 19:00:00
177,1057,going,2026-05-21 20:00:00
340,1057,interested,2026-12-21 19:00:00
154,1057,looking_for_buddy,2026-09-10 18:00:00
129,1058,interested,2026-06-24 17:00:00
43,1058,looking_for_buddy,2026-11-09 21:00:00
568,1058,looking_for_buddy,2026-06-30 17:00:00
223,1058,going,2026-11-12 18:00:00
395,1058,interested,2026-05-12 19:00:00
54,1058,looking_for_buddy,2026-05-28 19:00:00
276,1058,interested,2026-12-31 21:00:00
15,1058,looking_for_buddy,2026-08-09 18:00:00
587,1059,interested,2026-10-07 17:00:00
425,1059,going,2026-06-17 18:00:00
214,1059,interested,2026-09-28 19:00:00
595,1059,looking_for_buddy,2026-09-22 20:00:00
177,1059,looking_for_buddy,2026-06-02 20:00:00
67,1059,looking_for_buddy,2026-05-19 20:00:00
100,1059,looking_for_buddy,2027-01-01 17:00:00
337,1059,looking_for_buddy,2026-11-04 21:00:00
347,1060,looking_for_buddy,2026-09-22 17:00:00
67,1060,looking_for_buddy,2026-05-08 20:00:00
287,1060,looking_for_buddy,2026-08-15 20:00:00
313,1060,interested,2026-06-28 19:00:00
181,1060,looking_for_buddy,2026-10-29 18:00:00
312,1060,going,2026-06-07 17:00:00
188,1060,looking_for_buddy,2026-06-17 21:00:00
16,1060,interested,2026-06-25 21:00:00
232,1061,looking_for_buddy,2026-10-28 21:00:00
74,1061,going,2026-08-08 19:00:00
359,1061,going,2026-10-23 19:00:00
214,1061,looking_for_buddy,2026-10-12 19:00:00
84,1061,looking_for_buddy,2026-05-19 20:00:00
188,1061,looking_for_buddy,2026-06-15 21:00:00
206,1061,looking_for_buddy,2026-10-05 20:00:00
347,1061,interested,2026-09-22 17:00:00
591,1062,interested,2026-12-18 18:00:00
236,1062,looking_for_buddy,2026-11-25 20:00:00
649,1062,looking_for_buddy,2026-08-16 23:00:00
78,1062,going,2027-01-21 19:00:00
537,1062,looking_for_buddy,2026-09-07 17:00:00
180,1062,looking_for_buddy,2026-10-26 19:00:00
629,1062,interested,2026-08-16 23:00:00
572,1062,going,2026-11-08 19:00:00
40,1063,looking_for_buddy,2026-11-20 19:00:00
56,1063,going,2026-09-15 21:00:00
265,1063,looking_for_buddy,2026-10-21 18:00:00
627,1063,going,2026-07-14 22:00:00
174,1063,looking_for_buddy,2026-08-05 20:00:00
555,1063,looking_for_buddy,2026-10-19 17:00:00
531,1063,interested,2026-10-16 18:00:00
216,1063,interested,2026-10-02 20:00:00
429,1064,going,2026-10-03 19:00:00
105,1064,interested,2026-06-14 21:00:00
141,1064,looking_for_buddy,2026-09-17 18:00:00
95,1064,going,2026-08-02 21:00:00
409,1064,looking_for_buddy,2026-10-30 19:00:00
113,1064,interested,2026-11-22 17:00:00
556,1064,looking_for_buddy,2027-01-09 21:00:00
308,1064,looking_for_buddy,2026-06-20 19:00:00
552,1065,looking_for_buddy,2026-09-19 21:00:00
144,1065,going,2026-09-04 21:00:00
99,1065,looking_for_buddy,2026-07-05 21:00:00
368,1065,looking_for_buddy,2026-09-06 19:00:00
285,1065,looking_for_buddy,2026-10-24 21:00:00
199,1065,going,2026-07-08 20:00:00
382,1065,looking_for_buddy,2026-07-30 17:00:00
380,1065,interested,2026-09-21 21:00:00
236,1066,looking_for_buddy,2026-11-27 20:00:00
78,1066,going,2027-01-19 19:00:00
5,1066,looking_for_buddy,2027-01-01 19:00:00
114,1066,interested,2026-10-30 20:00:00
564,1066,interested,2026-10-06 21:00:00
593,1066,looking_for_buddy,2026-11-05 18:00:00
224,1066,interested,2026-08-21 21:00:00
245,1066,looking_for_buddy,2026-11-17 20:00:00
270,1067,going,2026-06-14 19:00:00
287,1067,going,2026-08-18 20:00:00
232,1067,looking_for_buddy,2026-11-08 21:00:00
493,1067,going,2026-05-23 19:00:00
214,1067,looking_for_buddy,2026-10-18 19:00:00
580,1067,looking_for_buddy,2026-09-18 19:00:00
84,1067,looking_for_buddy,2026-05-18 20:00:00
587,1067,interested,2026-09-25 17:00:00
495,1068,interested,2026-10-29 21:00:00
214,1068,looking_for_buddy,2026-10-18 19:00:00
232,1068,looking_for_buddy,2026-11-09 21:00:00
74,1068,going,2026-08-02 19:00:00
580,1068,going,2026-09-29 19:00:00
359,1068,looking_for_buddy,2026-11-03 19:00:00
287,1068,interested,2026-09-02 20:00:00
152,1068,interested,2026-11-14 21:00:00
177,1069,going,2026-05-08 20:00:00
553,1069,interested,2026-12-06 20:00:00
477,1069,looking_for_buddy,2026-06-10 20:00:00
422,1069,looking_for_buddy,2026-06-19 20:00:00
89,1069,interested,2026-11-10 20:00:00
206,1069,looking_for_buddy,2026-10-18 20:00:00
485,1069,looking_for_buddy,2026-08-25 21:00:00
323,1069,going,2026-10-29 19:00:00
124,1070,looking_for_buddy,2026-09-22 20:00:00
90,1070,going,2026-10-03 18:00:00
354,1070,looking_for_buddy,2026-12-02 17:00:00
168,1070,looking_for_buddy,2026-07-26 17:00:00
135,1070,looking_for_buddy,2026-12-19 20:00:00
377,1070,looking_for_buddy,2027-01-06 18:00:00
198,1070,going,2026-05-29 17:00:00
43,1070,interested,2026-11-14 21:00:00
646,1071,going,2026-11-08 21:00:00
223,1071,looking_for_buddy,2026-11-12 18:00:00
523,1071,going,2026-09-22 19:00:00
456,1071,looking_for_buddy,2026-06-25 19:00:00
19,1071,looking_for_buddy,2026-09-08 20:00:00
234,1071,interested,2026-12-24 18:00:00
604,1071,going,2026-07-12 21:00:00
8,1071,interested,2026-07-08 18:00:00
604,1072,looking_for_buddy,2026-07-06 21:00:00
135,1072,interested,2026-12-29 20:00:00
579,1072,interested,2026-10-18 19:00:00
295,1072,looking_for_buddy,2026-09-28 17:00:00
64,1072,looking_for_buddy,2026-09-29 18:00:00
220,1072,looking_for_buddy,2026-08-01 17:00:00
299,1072,looking_for_buddy,2026-10-13 19:00:00
390,1072,interested,2026-10-19 21:00:00
105,1073,interested,2026-07-08 21:00:00
592,1073,going,2026-07-04 21:00:00
267,1073,looking_for_buddy,2026-10-09 17:00:00
556,1073,looking_for_buddy,2026-12-27 21:00:00
65,1073,going,2026-11-09 18:00:00
614,1073,interested,2026-09-23 19:00:00
634,1073,going,2026-10-11 22:00:00
360,1073,going,2026-12-10 17:00:00
368,1074,interested,2026-09-10 19:00:00
364,1074,going,2026-12-22 19:00:00
537,1074,interested,2026-08-10 17:00:00
68,1074,looking_for_buddy,2026-06-09 20:00:00
262,1074,interested,2026-08-22 19:00:00
657,1074,looking_for_buddy,2026-11-29 19:00:00
91,1074,looking_for_buddy,2026-08-04 17:00:00
88,1074,going,2026-05-24 20:00:00
579,1075,interested,2026-10-17 19:00:00
514,1075,interested,2026-09-09 19:00:00
115,1075,looking_for_buddy,2026-11-01 17:00:00
526,1075,looking_for_buddy,2026-07-27 21:00:00
6,1075,interested,2026-06-19 17:00:00
64,1075,going,2026-10-26 18:00:00
228,1075,interested,2026-07-03 20:00:00
28,1075,interested,2026-07-18 19:00:00
186,1076,interested,2026-11-21 19:00:00
257,1076,looking_for_buddy,2026-11-05 18:00:00
140,1076,going,2026-10-24 19:00:00
252,1076,looking_for_buddy,2026-06-22 19:00:00
11,1076,interested,2026-09-30 19:00:00
525,1076,looking_for_buddy,2026-10-19 17:00:00
612,1076,looking_for_buddy,2026-11-19 22:00:00
453,1076,looking_for_buddy,2026-08-01 18:00:00
419,1077,interested,2026-06-01 20:00:00
282,1077,interested,2026-11-08 18:00:00
514,1077,looking_for_buddy,2026-08-27 19:00:00
579,1077,going,2026-10-11 19:00:00
229,1077,looking_for_buddy,2026-12-11 21:00:00
225,1077,interested,2026-06-06 17:00:00
366,1077,interested,2026-11-22 18:00:00
334,1077,looking_for_buddy,2026-06-14 18:00:00
584,1078,interested,2026-05-05 18:00:00
643,1078,looking_for_buddy,2026-08-14 23:00:00
480,1078,going,2026-08-17 20:00:00
139,1078,looking_for_buddy,2026-09-08 19:00:00
259,1078,looking_for_buddy,2026-06-28 17:00:00
98,1078,interested,2026-08-21 17:00:00
2,1078,interested,2026-07-03 17:00:00
602,1078,looking_for_buddy,2026-10-05 21:00:00
392,1079,going,2026-08-04 21:00:00
465,1079,looking_for_buddy,2026-05-25 19:00:00
608,1079,going,2026-09-07 19:00:00
137,1079,going,2026-11-16 20:00:00
60,1079,going,2026-08-12 21:00:00
368,1079,looking_for_buddy,2026-10-04 19:00:00
369,1079,looking_for_buddy,2026-12-22 20:00:00
591,1079,looking_for_buddy,2026-12-11 18:00:00
560,1080,looking_for_buddy,2026-12-20 21:00:00
192,1080,going,2026-11-17 18:00:00
265,1080,going,2026-10-26 18:00:00
369,1080,going,2026-12-22 20:00:00
370,1080,looking_for_buddy,2026-05-10 19:00:00
260,1080,going,2026-08-25 20:00:00
88,1080,going,2026-06-11 20:00:00
137,1080,going,2026-11-21 20:00:00
281,1081,looking_for_buddy,2026-08-24 20:00:00
617,1081,interested,2026-11-26 22:00:00
65,1081,looking_for_buddy,2026-10-22 18:00:00
324,1081,looking_for_buddy,2026-11-04 20:00:00
611,1081,looking_for_buddy,2026-06-26 21:00:00
365,1081,interested,2026-06-13 19:00:00
388,1081,looking_for_buddy,2026-06-09 20:00:00
616,1081,looking_for_buddy,2026-10-31 19:00:00
15,1082,looking_for_buddy,2026-07-20 18:00:00
568,1082,going,2026-06-24 17:00:00
419,1082,looking_for_buddy,2026-06-09 20:00:00
168,1082,going,2026-07-17 17:00:00
129,1082,looking_for_buddy,2026-07-09 17:00:00
279,1082,looking_for_buddy,2026-11-02 21:00:00
293,1082,looking_for_buddy,2026-06-04 20:00:00
575,1082,going,2026-07-06 20:00:00
6,1083,looking_for_buddy,2026-06-08 17:00:00
279,1083,going,2026-11-17 21:00:00
582,1083,going,2026-11-21 18:00:00
524,1083,going,2026-07-26 19:00:00
389,1083,going,2026-10-03 19:00:00
366,1083,interested,2026-12-04 18:00:00
463,1083,interested,2027-01-13 18:00:00
514,1083,interested,2026-08-29 19:00:00
583,1084,looking_for_buddy,2026-07-06 19:00:00
223,1084,looking_for_buddy,2026-11-18 18:00:00
395,1084,looking_for_buddy,2026-05-12 19:00:00
419,1084,going,2026-06-01 20:00:00
579,1084,going,2026-10-15 19:00:00
283,1084,interested,2026-09-19 19:00:00
160,1084,looking_for_buddy,2026-10-03 18:00:00
273,1084,interested,2026-07-11 17:00:00
491,1085,going,2026-09-07 18:00:00
99,1085,looking_for_buddy,2026-06-26 21:00:00
40,1085,looking_for_buddy,2026-11-05 19:00:00
430,1085,going,2026-06-30 20:00:00
199,1085,looking_for_buddy,2026-07-01 20:00:00
392,1085,going,2026-08-16 21:00:00
552,1085,looking_for_buddy,2026-09-28 21:00:00
627,1085,interested,2026-06-28 22:00:00
136,1086,looking_for_buddy,2026-08-12 21:00:00
515,1086,looking_for_buddy,2026-11-21 20:00:00
156,1086,looking_for_buddy,2026-05-25 20:00:00
300,1086,going,2026-12-30 19:00:00
602,1086,looking_for_buddy,2026-09-16 21:00:00
98,1086,looking_for_buddy,2026-08-29 17:00:00
653,1086,looking_for_buddy,2026-11-07 23:00:00
179,1086,interested,2026-08-17 18:00:00
265,1087,looking_for_buddy,2026-10-30 18:00:00
433,1087,interested,2026-09-29 21:00:00
291,1087,looking_for_buddy,2026-07-18 18:00:00
192,1087,interested,2026-11-03 18:00:00
236,1087,interested,2026-12-08 20:00:00
101,1087,interested,2026-12-06 17:00:00
552,1087,looking_for_buddy,2026-09-29 21:00:00
370,1087,looking_for_buddy,2026-05-09 19:00:00
326,1088,interested,2026-11-26 21:00:00
284,1088,going,2026-09-17 21:00:00
573,1088,interested,2026-10-22 18:00:00
92,1088,looking_for_buddy,2026-11-29 21:00:00
50,1088,looking_for_buddy,2026-05-22 21:00:00
519,1088,going,2026-10-14 20:00:00
194,1088,looking_for_buddy,2026-07-10 19:00:00
52,1088,looking_for_buddy,2026-11-21 20:00:00
330,1089,going,2026-11-15 20:00:00
335,1089,looking_for_buddy,2026-06-23 19:00:00
656,1089,going,2026-10-03 23:00:00
125,1089,looking_for_buddy,2026-11-10 19:00:00
318,1089,looking_for_buddy,2026-07-15 19:00:00
659,1089,going,2026-11-05 23:00:00
251,1089,going,2026-10-10 20:00:00
615,1089,looking_for_buddy,2026-05-26 22:00:00
660,1090,going,2026-12-13 20:00:00
425,1090,looking_for_buddy,2026-07-01 18:00:00
158,1090,interested,2026-07-21 17:00:00
438,1090,looking_for_buddy,2026-12-25 19:00:00
83,1090,interested,2026-09-25 19:00:00
214,1090,looking_for_buddy,2026-10-02 19:00:00
118,1090,looking_for_buddy,2026-08-04 21:00:00
606,1090,looking_for_buddy,2026-07-18 21:00:00
364,1091,looking_for_buddy,2027-01-03 19:00:00
413,1091,looking_for_buddy,2026-07-19 21:00:00
236,1091,looking_for_buddy,2026-11-27 20:00:00
491,1091,looking_for_buddy,2026-09-05 18:00:00
537,1091,looking_for_buddy,2026-09-02 17:00:00
224,1091,looking_for_buddy,2026-08-09 21:00:00
652,1091,going,2026-09-19 23:00:00
155,1091,looking_for_buddy,2026-05-24 20:00:00
346,1092,interested,2026-05-30 19:00:00
44,1092,going,2026-06-10 19:00:00
485,1092,going,2026-09-06 21:00:00
396,1092,interested,2026-12-20 18:00:00
660,1092,going,2026-12-05 20:00:00
425,1092,interested,2026-06-23 18:00:00
587,1092,going,2026-10-06 17:00:00
89,1092,looking_for_buddy,2026-11-09 20:00:00
20,1093,interested,2026-11-24 20:00:00
177,1093,looking_for_buddy,2026-05-10 20:00:00
427,1093,going,2026-05-17 20:00:00
488,1093,looking_for_buddy,2026-10-26 19:00:00
587,1093,looking_for_buddy,2026-09-26 17:00:00
503,1093,looking_for_buddy,2026-12-13 21:00:00
287,1093,looking_for_buddy,2026-08-21 20:00:00
624,1093,looking_for_buddy,2026-11-02 21:00:00
330,1094,looking_for_buddy,2026-11-20 20:00:00
614,1094,going,2026-09-19 19:00:00
556,1094,looking_for_buddy,2027-01-05 21:00:00
257,1094,going,2026-10-25 18:00:00
61,1094,interested,2026-07-07 17:00:00
429,1094,looking_for_buddy,2026-09-27 19:00:00
634,1094,looking_for_buddy,2026-10-08 22:00:00
208,1094,looking_for_buddy,2026-09-26 19:00:00
18,1095,interested,2026-10-22 19:00:00
223,1095,looking_for_buddy,2026-11-25 18:00:00
327,1095,looking_for_buddy,2026-06-11 19:00:00
75,1095,interested,2026-12-04 18:00:00
322,1095,interested,2026-08-17 18:00:00
82,1095,looking_for_buddy,2026-06-03 21:00:00
600,1095,going,2026-06-21 20:00:00
395,1095,looking_for_buddy,2026-05-22 19:00:00
355,1096,going,2026-09-22 18:00:00
295,1096,looking_for_buddy,2026-09-28 17:00:00
389,1096,looking_for_buddy,2026-10-08 19:00:00
8,1096,looking_for_buddy,2026-07-20 18:00:00
419,1096,going,2026-05-27 20:00:00
357,1096,looking_for_buddy,2026-06-23 20:00:00
338,1096,looking_for_buddy,2026-07-16 17:00:00
331,1096,looking_for_buddy,2026-07-29 21:00:00
628,1097,interested,2026-08-13 21:00:00
327,1097,interested,2026-06-21 19:00:00
367,1097,interested,2026-09-15 20:00:00
75,1097,interested,2026-12-01 18:00:00
597,1097,looking_for_buddy,2026-09-03 17:00:00
226,1097,looking_for_buddy,2026-09-07 18:00:00
467,1097,looking_for_buddy,2026-09-06 17:00:00
82,1097,going,2026-06-05 21:00:00
361,1098,interested,2026-09-26 17:00:00
146,1098,looking_for_buddy,2026-07-02 18:00:00
257,1098,going,2026-10-30 18:00:00
126,1098,looking_for_buddy,2026-11-18 18:00:00
365,1098,interested,2026-06-23 19:00:00
65,1098,looking_for_buddy,2026-11-07 18:00:00
281,1098,going,2026-08-20 20:00:00
656,1098,interested,2026-09-11 23:00:00
15,1099,going,2026-08-13 18:00:00
461,1099,looking_for_buddy,2026-12-02 17:00:00
579,1099,looking_for_buddy,2026-10-09 19:00:00
6,1099,looking_for_buddy,2026-06-09 17:00:00
295,1099,looking_for_buddy,2026-09-22 17:00:00
575,1099,looking_for_buddy,2026-07-14 20:00:00
9,1099,going,2026-07-22 17:00:00
332,1099,looking_for_buddy,2026-10-21 17:00:00
122,1100,looking_for_buddy,2026-07-03 17:00:00
334,1100,going,2026-07-03 18:00:00
327,1100,going,2026-06-14 19:00:00
527,1100,looking_for_buddy,2026-10-10 20:00:00
390,1100,interested,2026-10-30 21:00:00
305,1100,going,2026-11-22 18:00:00
332,1100,going,2026-10-30 17:00:00
82,1100,going,2026-05-25 21:00:00
25,1101,going,2026-08-16 19:00:00
177,1101,looking_for_buddy,2026-05-10 20:00:00
503,1101,looking_for_buddy,2026-12-26 21:00:00
188,1101,going,2026-06-25 21:00:00
446,1101,going,2026-10-09 21:00:00
473,1101,looking_for_buddy,2027-01-07 19:00:00
175,1101,going,2026-09-14 17:00:00
67,1101,interested,2026-05-28 20:00:00
40,1102,looking_for_buddy,2026-11-11 19:00:00
55,1102,interested,2026-11-04 17:00:00
464,1102,going,2026-09-23 20:00:00
112,1102,looking_for_buddy,2026-06-25 21:00:00
385,1102,looking_for_buddy,2026-09-20 18:00:00
364,1102,interested,2027-01-15 19:00:00
552,1102,going,2026-09-10 21:00:00
343,1102,interested,2026-06-26 17:00:00
658,1103,looking_for_buddy,2026-08-30 23:00:00
584,1103,interested,2026-05-26 18:00:00
404,1103,interested,2026-10-02 20:00:00
643,1103,interested,2026-09-06 23:00:00
219,1103,interested,2026-10-23 19:00:00
566,1103,going,2026-09-04 18:00:00
274,1103,looking_for_buddy,2026-12-06 19:00:00
31,1103,going,2026-09-08 17:00:00
617,1104,going,2026-11-18 22:00:00
95,1104,going,2026-08-01 21:00:00
261,1104,looking_for_buddy,2026-07-15 18:00:00
409,1104,interested,2026-10-27 19:00:00
570,1104,interested,2026-08-15 19:00:00
596,1104,interested,2026-12-05 21:00:00
453,1104,interested,2026-07-29 18:00:00
148,1104,going,2026-11-24 20:00:00
114,1105,going,2026-10-29 20:00:00
564,1105,going,2026-10-14 21:00:00
77,1105,going,2026-10-29 18:00:00
97,1105,going,2026-10-28 19:00:00
345,1105,looking_for_buddy,2026-07-21 17:00:00
657,1105,looking_for_buddy,2026-11-24 19:00:00
161,1105,interested,2026-11-13 17:00:00
413,1105,looking_for_buddy,2026-07-13 21:00:00
22,1106,looking_for_buddy,2026-06-13 17:00:00
495,1106,looking_for_buddy,2026-11-01 21:00:00
359,1106,looking_for_buddy,2026-11-16 19:00:00
83,1106,going,2026-09-17 19:00:00
621,1106,looking_for_buddy,2026-08-25 23:00:00
624,1106,looking_for_buddy,2026-10-26 21:00:00
232,1106,going,2026-11-12 21:00:00
118,1106,looking_for_buddy,2026-07-23 21:00:00
489,1107,interested,2026-12-22 17:00:00
433,1107,looking_for_buddy,2026-09-27 21:00:00
629,1107,interested,2026-09-03 23:00:00
224,1107,going,2026-08-27 21:00:00
88,1107,looking_for_buddy,2026-06-07 20:00:00
5,1107,looking_for_buddy,2027-01-04 19:00:00
408,1107,interested,2026-09-16 20:00:00
192,1107,looking_for_buddy,2026-11-14 18:00:00
631,1108,interested,2026-06-17 22:00:00
477,1108,looking_for_buddy,2026-06-13 20:00:00
294,1108,going,2026-11-09 17:00:00
621,1108,looking_for_buddy,2026-09-17 23:00:00
132,1108,looking_for_buddy,2026-09-12 18:00:00
337,1108,looking_for_buddy,2026-11-20 21:00:00
607,1108,going,2026-07-01 21:00:00
177,1108,going,2026-05-17 20:00:00
39,1109,going,2026-08-22 21:00:00
88,1109,going,2026-06-05 20:00:00
572,1109,interested,2026-11-08 19:00:00
144,1109,looking_for_buddy,2026-08-29 21:00:00
40,1109,looking_for_buddy,2026-10-25 19:00:00
627,1109,interested,2026-06-25 22:00:00
187,1109,looking_for_buddy,2027-01-10 20:00:00
185,1109,going,2026-10-20 18:00:00
571,1110,looking_for_buddy,2026-11-12 19:00:00
609,1110,interested,2026-05-25 22:00:00
347,1110,looking_for_buddy,2026-09-25 17:00:00
36,1110,looking_for_buddy,2026-06-23 17:00:00
475,1110,looking_for_buddy,2026-12-06 19:00:00
587,1110,looking_for_buddy,2026-10-07 17:00:00
196,1110,going,2027-01-15 21:00:00
288,1110,going,2026-08-21 19:00:00
644,1111,looking_for_buddy,2026-07-12 21:00:00
105,1111,going,2026-06-19 21:00:00
7,1111,going,2026-09-04 19:00:00
429,1111,looking_for_buddy,2026-09-21 19:00:00
86,1111,looking_for_buddy,2026-09-14 20:00:00
521,1111,interested,2026-10-20 17:00:00
95,1111,interested,2026-07-20 21:00:00
342,1111,looking_for_buddy,2026-12-20 19:00:00
416,1112,interested,2026-07-13 19:00:00
446,1112,interested,2026-09-27 21:00:00
67,1112,interested,2026-05-24 20:00:00
214,1112,going,2026-10-15 19:00:00
175,1112,going,2026-09-10 17:00:00
181,1112,going,2026-10-17 18:00:00
477,1112,looking_for_buddy,2026-06-03 20:00:00
485,1112,going,2026-08-22 21:00:00
116,1113,going,2026-09-11 21:00:00
425,1113,going,2026-06-21 18:00:00
423,1113,looking_for_buddy,2026-10-15 18:00:00
624,1113,interested,2026-11-07 21:00:00
485,1113,looking_for_buddy,2026-09-12 21:00:00
218,1113,going,2026-06-04 19:00:00
83,1113,going,2026-09-22 19:00:00
177,1113,looking_for_buddy,2026-05-22 20:00:00
386,1114,looking_for_buddy,2026-10-12 19:00:00
62,1114,going,2026-06-05 21:00:00
42,1114,looking_for_buddy,2026-11-12 21:00:00
274,1114,going,2026-12-04 19:00:00
284,1114,looking_for_buddy,2026-09-12 21:00:00
452,1114,looking_for_buddy,2026-06-04 20:00:00
12,1114,looking_for_buddy,2027-01-15 19:00:00
394,1114,going,2026-10-28 17:00:00
565,1115,looking_for_buddy,2027-01-21 18:00:00
520,1115,looking_for_buddy,2026-12-21 18:00:00
659,1115,looking_for_buddy,2026-11-15 23:00:00
109,1115,going,2026-12-07 18:00:00
63,1115,going,2026-11-06 21:00:00
217,1115,looking_for_buddy,2026-11-26 18:00:00
222,1115,looking_for_buddy,2026-10-12 19:00:00
320,1115,looking_for_buddy,2026-11-03 20:00:00
148,1116,looking_for_buddy,2026-11-26 20:00:00
450,1116,going,2026-08-11 20:00:00
215,1116,going,2026-11-18 18:00:00
520,1116,looking_for_buddy,2027-01-04 18:00:00
563,1116,looking_for_buddy,2026-06-24 18:00:00
330,1116,going,2026-11-25 20:00:00
111,1116,interested,2026-06-18 21:00:00
612,1116,interested,2026-12-12 22:00:00
626,1117,interested,2026-05-29 20:00:00
233,1117,looking_for_buddy,2026-05-26 20:00:00
65,1117,looking_for_buddy,2026-10-24 18:00:00
532,1117,interested,2026-09-15 17:00:00
222,1117,looking_for_buddy,2026-09-23 19:00:00
508,1117,looking_for_buddy,2026-12-16 17:00:00
554,1117,looking_for_buddy,2026-09-03 21:00:00
211,1117,interested,2026-07-17 18:00:00
334,1118,interested,2026-07-04 18:00:00
390,1118,looking_for_buddy,2026-10-24 21:00:00
13,1118,looking_for_buddy,2026-08-23 17:00:00
568,1118,looking_for_buddy,2026-06-17 17:00:00
651,1118,looking_for_buddy,2026-05-11 21:00:00
198,1118,interested,2026-05-19 17:00:00
434,1118,looking_for_buddy,2026-05-30 19:00:00
456,1118,looking_for_buddy,2026-07-06 19:00:00
300,1119,interested,2027-01-03 19:00:00
102,1119,looking_for_buddy,2026-08-06 17:00:00
242,1119,going,2026-11-22 19:00:00
259,1119,going,2026-07-05 17:00:00
658,1119,going,2026-08-31 23:00:00
98,1119,going,2026-09-02 17:00:00
178,1119,looking_for_buddy,2026-05-13 20:00:00
268,1119,interested,2026-08-17 18:00:00
327,1120,looking_for_buddy,2026-06-10 19:00:00
524,1120,going,2026-08-01 19:00:00
332,1120,going,2026-11-06 17:00:00
461,1120,going,2026-12-16 17:00:00
117,1120,looking_for_buddy,2026-09-20 17:00:00
597,1120,looking_for_buddy,2026-09-10 17:00:00
75,1120,looking_for_buddy,2026-11-22 18:00:00
48,1120,looking_for_buddy,2026-08-06 19:00:00
392,1121,looking_for_buddy,2026-08-07 21:00:00
657,1121,looking_for_buddy,2026-11-05 19:00:00
256,1121,going,2026-08-04 17:00:00
236,1121,looking_for_buddy,2026-12-01 20:00:00
187,1121,looking_for_buddy,2027-01-08 20:00:00
368,1121,looking_for_buddy,2026-09-16 19:00:00
491,1121,interested,2026-09-10 18:00:00
319,1121,looking_for_buddy,2027-01-14 18:00:00
453,1122,interested,2026-08-21 18:00:00
173,1122,looking_for_buddy,2026-08-10 18:00:00
11,1122,looking_for_buddy,2026-09-22 19:00:00
252,1122,looking_for_buddy,2026-06-17 19:00:00
281,1122,looking_for_buddy,2026-09-01 20:00:00
257,1122,looking_for_buddy,2026-11-11 18:00:00
570,1122,looking_for_buddy,2026-08-29 19:00:00
204,1122,looking_for_buddy,2026-08-31 20:00:00
393,1123,interested,2026-05-09 19:00:00
307,1123,looking_for_buddy,2026-10-06 18:00:00
138,1123,interested,2026-11-12 18:00:00
296,1123,interested,2027-01-07 21:00:00
341,1123,looking_for_buddy,2026-06-17 21:00:00
515,1123,going,2026-11-21 20:00:00
376,1123,looking_for_buddy,2026-06-11 20:00:00
317,1123,looking_for_buddy,2026-09-16 20:00:00
102,1124,interested,2026-08-07 17:00:00
151,1124,looking_for_buddy,2027-01-05 18:00:00
645,1124,interested,2026-05-30 23:00:00
284,1124,interested,2026-09-07 21:00:00
341,1124,going,2026-06-07 21:00:00
120,1124,interested,2026-08-17 21:00:00
263,1124,going,2026-08-08 17:00:00
632,1124,looking_for_buddy,2027-01-18 21:00:00
341,1125,interested,2026-06-23 21:00:00
581,1125,interested,2026-11-26 20:00:00
620,1125,interested,2026-10-20 21:00:00
637,1125,interested,2026-09-17 23:00:00
658,1125,looking_for_buddy,2026-09-08 23:00:00
120,1125,interested,2026-07-30 21:00:00
98,1125,looking_for_buddy,2026-08-30 17:00:00
31,1125,looking_for_buddy,2026-09-14 17:00:00
573,1126,going,2026-10-22 18:00:00
328,1126,looking_for_buddy,2026-11-20 18:00:00
274,1126,looking_for_buddy,2026-12-08 19:00:00
632,1126,going,2026-12-26 21:00:00
239,1126,interested,2026-12-16 17:00:00
435,1126,looking_for_buddy,2026-08-22 18:00:00
255,1126,looking_for_buddy,2027-01-11 20:00:00
268,1126,going,2026-08-24 18:00:00
332,1127,looking_for_buddy,2026-11-16 17:00:00
395,1127,looking_for_buddy,2026-05-19 19:00:00
507,1127,interested,2027-01-13 21:00:00
82,1127,going,2026-05-30 21:00:00
568,1127,looking_for_buddy,2026-06-22 17:00:00
316,1127,interested,2026-10-24 19:00:00
440,1127,looking_for_buddy,2026-06-15 21:00:00
75,1127,interested,2026-12-01 18:00:00
65,1128,interested,2026-10-24 18:00:00
267,1128,interested,2026-09-20 17:00:00
634,1128,looking_for_buddy,2026-09-19 22:00:00
484,1128,going,2026-05-22 18:00:00
349,1128,looking_for_buddy,2026-07-13 20:00:00
525,1128,looking_for_buddy,2026-10-18 17:00:00
460,1128,looking_for_buddy,2026-06-02 20:00:00
508,1128,interested,2026-12-11 17:00:00
61,1129,looking_for_buddy,2026-07-13 17:00:00
95,1129,going,2026-08-07 21:00:00
201,1129,interested,2026-11-05 17:00:00
615,1129,interested,2026-05-11 22:00:00
462,1129,interested,2026-08-20 21:00:00
429,1129,going,2026-10-01 19:00:00
460,1129,interested,2026-06-02 20:00:00
626,1129,going,2026-06-17 20:00:00
214,1130,looking_for_buddy,2026-10-18 19:00:00
502,1130,going,2026-08-30 20:00:00
416,1130,looking_for_buddy,2026-06-24 19:00:00
288,1130,looking_for_buddy,2026-08-24 19:00:00
176,1130,looking_for_buddy,2026-07-02 19:00:00
607,1130,looking_for_buddy,2026-06-27 21:00:00
636,1130,going,2026-11-13 19:00:00
511,1130,going,2026-12-22 17:00:00
304,1131,going,2026-06-22 20:00:00
291,1131,going,2026-07-04 18:00:00
101,1131,looking_for_buddy,2026-11-19 17:00:00
53,1131,looking_for_buddy,2026-10-04 20:00:00
302,1131,going,2026-07-24 21:00:00
265,1131,looking_for_buddy,2026-10-28 18:00:00
88,1131,interested,2026-05-19 20:00:00
93,1131,looking_for_buddy,2026-10-28 19:00:00
98,1132,looking_for_buddy,2026-08-25 17:00:00
658,1132,looking_for_buddy,2026-08-15 23:00:00
637,1132,interested,2026-09-16 23:00:00
480,1132,interested,2026-08-07 20:00:00
259,1132,going,2026-06-19 17:00:00
62,1132,going,2026-05-26 21:00:00
584,1132,interested,2026-05-19 18:00:00
130,1132,interested,2026-09-26 18:00:00
627,1133,going,2026-07-07 22:00:00
291,1133,looking_for_buddy,2026-06-25 18:00:00
489,1133,going,2026-12-25 17:00:00
81,1133,looking_for_buddy,2026-05-22 20:00:00
613,1133,interested,2026-09-05 23:00:00
482,1133,looking_for_buddy,2026-09-23 18:00:00
39,1133,interested,2026-08-04 21:00:00
265,1133,looking_for_buddy,2026-11-06 18:00:00
157,1134,looking_for_buddy,2026-11-28 21:00:00
619,1134,interested,2026-06-27 22:00:00
584,1134,going,2026-05-11 18:00:00
414,1134,interested,2027-01-03 18:00:00
191,1134,looking_for_buddy,2026-12-11 20:00:00
300,1134,looking_for_buddy,2027-01-02 19:00:00
387,1134,interested,2026-08-10 18:00:00
379,1134,interested,2026-11-09 20:00:00
556,1135,looking_for_buddy,2026-12-28 21:00:00
215,1135,looking_for_buddy,2026-11-16 18:00:00
147,1135,interested,2026-10-24 18:00:00
614,1135,going,2026-10-05 19:00:00
51,1135,going,2026-09-05 19:00:00
65,1135,looking_for_buddy,2026-10-25 18:00:00
508,1135,looking_for_buddy,2026-12-14 17:00:00
532,1135,going,2026-09-26 17:00:00
533,1136,looking_for_buddy,2026-07-19 17:00:00
63,1136,interested,2026-11-10 21:00:00
86,1136,looking_for_buddy,2026-09-07 20:00:00
330,1136,going,2026-12-06 20:00:00
111,1136,looking_for_buddy,2026-06-16 21:00:00
659,1136,looking_for_buddy,2026-11-23 23:00:00
409,1136,going,2026-10-26 19:00:00
182,1136,looking_for_buddy,2026-08-20 20:00:00
154,1137,going,2026-09-05 18:00:00
21,1137,interested,2026-07-15 21:00:00
622,1137,looking_for_buddy,2026-12-20 19:00:00
118,1137,looking_for_buddy,2026-08-08 21:00:00
70,1137,going,2026-08-25 19:00:00
595,1137,going,2026-09-24 20:00:00
511,1137,going,2027-01-05 17:00:00
214,1137,interested,2026-10-01 19:00:00
359,1138,going,2026-11-12 19:00:00
118,1138,looking_for_buddy,2026-08-04 21:00:00
571,1138,interested,2026-11-22 19:00:00
36,1138,looking_for_buddy,2026-07-03 17:00:00
177,1138,going,2026-06-02 20:00:00
158,1138,interested,2026-07-24 17:00:00
70,1138,looking_for_buddy,2026-08-26 19:00:00
378,1138,looking_for_buddy,2026-06-09 18:00:00
607,1139,interested,2026-06-26 21:00:00
288,1139,interested,2026-08-06 19:00:00
269,1139,looking_for_buddy,2026-09-29 18:00:00
128,1139,interested,2026-06-12 17:00:00
275,1139,going,2026-07-31 21:00:00
587,1139,looking_for_buddy,2026-10-10 17:00:00
586,1139,looking_for_buddy,2026-10-27 17:00:00
232,1139,looking_for_buddy,2026-11-13 21:00:00
256,1140,looking_for_buddy,2026-07-13 17:00:00
250,1140,going,2026-12-07 18:00:00
68,1140,looking_for_buddy,2026-06-08 20:00:00
5,1140,looking_for_buddy,2026-12-27 19:00:00
236,1140,looking_for_buddy,2026-11-15 20:00:00
107,1140,going,2026-11-25 19:00:00
537,1140,going,2026-08-19 17:00:00
224,1140,going,2026-08-11 21:00:00
132,1141,going,2026-09-11 18:00:00
446,1141,looking_for_buddy,2026-10-10 21:00:00
313,1141,looking_for_buddy,2026-07-03 19:00:00
422,1141,looking_for_buddy,2026-07-10 20:00:00
266,1141,looking_for_buddy,2026-11-29 17:00:00
214,1141,looking_for_buddy,2026-10-07 19:00:00
323,1141,looking_for_buddy,2026-11-02 19:00:00
503,1141,interested,2026-12-21 21:00:00
192,1142,looking_for_buddy,2026-11-11 18:00:00
564,1142,interested,2026-10-12 21:00:00
489,1142,going,2026-12-26 17:00:00
549,1142,looking_for_buddy,2026-09-08 17:00:00
369,1142,looking_for_buddy,2026-11-29 20:00:00
483,1142,interested,2026-06-17 19:00:00
262,1142,looking_for_buddy,2026-08-31 19:00:00
370,1142,looking_for_buddy,2026-06-04 19:00:00
409,1143,going,2026-10-23 19:00:00
330,1143,looking_for_buddy,2026-11-16 20:00:00
462,1143,interested,2026-09-04 21:00:00
344,1143,looking_for_buddy,2026-07-05 18:00:00
140,1143,looking_for_buddy,2026-10-26 19:00:00
186,1143,looking_for_buddy,2026-11-24 19:00:00
252,1143,looking_for_buddy,2026-06-07 19:00:00
453,1143,interested,2026-08-05 18:00:00
528,1144,looking_for_buddy,2026-05-27 17:00:00
588,1144,looking_for_buddy,2026-10-25 18:00:00
510,1144,interested,2026-12-16 18:00:00
645,1144,looking_for_buddy,2026-05-12 23:00:00
3,1144,looking_for_buddy,2026-08-20 21:00:00
277,1144,looking_for_buddy,2026-08-05 19:00:00
284,1144,looking_for_buddy,2026-09-07 21:00:00
371,1144,going,2026-12-09 17:00:00
82,1145,looking_for_buddy,2026-06-08 21:00:00
19,1145,going,2026-08-21 20:00:00
6,1145,interested,2026-06-13 17:00:00
334,1145,interested,2026-06-17 18:00:00
115,1145,interested,2026-10-15 17:00:00
527,1145,going,2026-10-26 20:00:00
142,1145,interested,2026-07-25 18:00:00
122,1145,interested,2026-07-02 17:00:00
560,1146,interested,2026-12-20 21:00:00
413,1146,going,2026-07-24 21:00:00
482,1146,interested,2026-10-05 18:00:00
155,1146,going,2026-05-24 20:00:00
97,1146,going,2026-10-28 19:00:00
657,1146,going,2026-11-21 19:00:00
546,1146,looking_for_buddy,2026-11-22 17:00:00
77,1146,interested,2026-11-10 18:00:00
40,1147,going,2026-11-12 19:00:00
350,1147,interested,2026-10-16 18:00:00
236,1147,interested,2026-12-11 20:00:00
39,1147,going,2026-08-11 21:00:00
101,1147,going,2026-12-06 17:00:00
78,1147,looking_for_buddy,2027-01-16 19:00:00
149,1147,looking_for_buddy,2026-10-03 21:00:00
319,1147,looking_for_buddy,2027-01-02 18:00:00
645,1148,looking_for_buddy,2026-05-26 23:00:00
50,1148,interested,2026-05-15 21:00:00
284,1148,going,2026-09-11 21:00:00
138,1148,going,2026-11-07 18:00:00
486,1148,going,2026-07-12 20:00:00
309,1148,looking_for_buddy,2026-12-24 19:00:00
404,1148,interested,2026-10-26 20:00:00
402,1148,looking_for_buddy,2026-05-26 17:00:00
430,1149,looking_for_buddy,2026-06-27 20:00:00
40,1149,interested,2026-11-20 19:00:00
364,1149,looking_for_buddy,2027-01-03 19:00:00
39,1149,looking_for_buddy,2026-08-10 21:00:00
369,1149,interested,2026-12-23 20:00:00
627,1149,interested,2026-07-06 22:00:00
30,1149,going,2026-12-21 21:00:00
29,1149,looking_for_buddy,2026-11-16 19:00:00
583,1150,going,2026-06-27 19:00:00
276,1150,looking_for_buddy,2026-12-15 21:00:00
568,1150,looking_for_buddy,2026-06-21 17:00:00
523,1150,interested,2026-09-29 19:00:00
395,1150,looking_for_buddy,2026-05-22 19:00:00
221,1150,going,2026-11-09 20:00:00
234,1150,looking_for_buddy,2026-12-23 18:00:00
129,1150,interested,2026-06-24 17:00:00
506,1151,looking_for_buddy,2026-09-03 21:00:00
331,1151,going,2026-08-02 21:00:00
117,1151,looking_for_buddy,2026-09-11 17:00:00
357,1151,going,2026-06-14 20:00:00
122,1151,going,2026-07-14 17:00:00
153,1151,interested,2026-10-26 19:00:00
334,1151,looking_for_buddy,2026-06-21 18:00:00
305,1151,interested,2026-11-28 18:00:00
470,1152,looking_for_buddy,2026-09-20 18:00:00
43,1152,interested,2026-11-13 21:00:00
600,1152,going,2026-06-08 20:00:00
523,1152,looking_for_buddy,2026-09-28 19:00:00
568,1152,interested,2026-06-09 17:00:00
190,1152,going,2026-06-12 19:00:00
282,1152,looking_for_buddy,2026-11-20 18:00:00
229,1152,going,2026-12-06 21:00:00
579,1153,looking_for_buddy,2026-10-25 19:00:00
604,1153,going,2026-07-10 21:00:00
8,1153,interested,2026-07-13 18:00:00
295,1153,interested,2026-09-19 17:00:00
332,1153,going,2026-10-31 17:00:00
456,1153,going,2026-07-14 19:00:00
391,1153,interested,2026-12-13 20:00:00
559,1153,looking_for_buddy,2026-08-25 18:00:00
2,1154,going,2026-07-03 17:00:00
420,1154,looking_for_buddy,2026-09-08 21:00:00
393,1154,looking_for_buddy,2026-05-16 19:00:00
169,1154,looking_for_buddy,2026-06-29 17:00:00
239,1154,looking_for_buddy,2026-12-03 17:00:00
411,1154,going,2026-07-16 17:00:00
328,1154,interested,2026-11-20 18:00:00
263,1154,going,2026-08-03 17:00:00
214,1155,going,2026-10-24 19:00:00
577,1155,interested,2026-08-21 17:00:00
188,1155,looking_for_buddy,2026-07-10 21:00:00
495,1155,interested,2026-11-15 21:00:00
134,1155,interested,2026-07-24 20:00:00
287,1155,looking_for_buddy,2026-08-22 20:00:00
595,1155,going,2026-09-11 20:00:00
176,1155,looking_for_buddy,2026-06-07 19:00:00
583,1156,going,2026-06-29 19:00:00
523,1156,going,2026-09-28 19:00:00
568,1156,interested,2026-07-04 17:00:00
160,1156,going,2026-10-09 18:00:00
457,1156,going,2026-08-29 20:00:00
325,1156,looking_for_buddy,2026-09-21 20:00:00
377,1156,going,2026-12-31 18:00:00
461,1156,going,2026-12-17 17:00:00
494,1157,going,2026-08-03 21:00:00
413,1157,going,2026-07-03 21:00:00
392,1157,going,2026-07-27 21:00:00
189,1157,interested,2026-05-31 18:00:00
433,1157,looking_for_buddy,2026-10-09 21:00:00
537,1157,going,2026-08-24 17:00:00
458,1157,interested,2026-10-08 18:00:00
40,1157,looking_for_buddy,2026-11-13 19:00:00
430,1158,looking_for_buddy,2026-07-18 20:00:00
265,1158,going,2026-11-08 18:00:00
88,1158,looking_for_buddy,2026-05-30 20:00:00
627,1158,interested,2026-07-02 22:00:00
144,1158,interested,2026-09-08 21:00:00
17,1158,looking_for_buddy,2026-06-19 18:00:00
56,1158,going,2026-09-08 21:00:00
40,1158,interested,2026-11-10 19:00:00
532,1159,going,2026-09-30 17:00:00
249,1159,going,2026-09-26 19:00:00
360,1159,looking_for_buddy,2026-12-14 17:00:00
611,1159,going,2026-06-01 21:00:00
487,1159,looking_for_buddy,2026-05-30 18:00:00
556,1159,going,2026-12-28 21:00:00
373,1159,going,2026-10-28 19:00:00
272,1159,going,2026-12-25 17:00:00
396,1160,looking_for_buddy,2026-12-20 18:00:00
218,1160,looking_for_buddy,2026-05-15 19:00:00
346,1160,interested,2026-06-14 19:00:00
188,1160,looking_for_buddy,2026-06-18 21:00:00
569,1160,interested,2026-12-13 18:00:00
660,1160,looking_for_buddy,2026-12-10 20:00:00
210,1160,interested,2026-07-07 21:00:00
214,1160,looking_for_buddy,2026-10-13 19:00:00
425,1161,looking_for_buddy,2026-07-10 18:00:00
218,1161,looking_for_buddy,2026-05-18 19:00:00
177,1161,looking_for_buddy,2026-05-11 20:00:00
396,1161,looking_for_buddy,2026-12-07 18:00:00
175,1161,looking_for_buddy,2026-09-18 17:00:00
436,1161,looking_for_buddy,2026-09-01 21:00:00
485,1161,interested,2026-09-01 21:00:00
89,1161,looking_for_buddy,2026-11-14 20:00:00
375,1162,looking_for_buddy,2026-11-07 17:00:00
256,1162,looking_for_buddy,2026-07-14 17:00:00
629,1162,looking_for_buddy,2026-08-14 23:00:00
304,1162,interested,2026-07-01 20:00:00
101,1162,interested,2026-12-05 17:00:00
236,1162,interested,2026-11-30 20:00:00
99,1162,looking_for_buddy,2026-07-23 21:00:00
455,1162,looking_for_buddy,2026-10-01 18:00:00
409,1163,looking_for_buddy,2026-10-06 19:00:00
450,1163,interested,2026-08-17 20:00:00
148,1163,looking_for_buddy,2026-11-01 20:00:00
362,1163,interested,2026-06-01 21:00:00
249,1163,interested,2026-09-06 19:00:00
520,1163,interested,2027-01-05 18:00:00
459,1163,going,2027-01-10 20:00:00
208,1163,going,2026-09-21 19:00:00
226,1164,looking_for_buddy,2026-09-08 18:00:00
527,1164,going,2026-11-03 20:00:00
49,1164,looking_for_buddy,2026-08-21 18:00:00
225,1164,looking_for_buddy,2026-06-28 17:00:00
15,1164,looking_for_buddy,2026-08-07 18:00:00
461,1164,interested,2026-12-13 17:00:00
82,1164,looking_for_buddy,2026-05-28 21:00:00
575,1164,looking_for_buddy,2026-07-12 20:00:00
602,1165,looking_for_buddy,2026-09-15 21:00:00
411,1165,interested,2026-06-30 17:00:00
194,1165,interested,2026-06-22 19:00:00
387,1165,going,2026-08-21 18:00:00
151,1165,going,2027-01-19 18:00:00
92,1165,going,2026-12-13 21:00:00
268,1165,looking_for_buddy,2026-09-02 18:00:00
242,1165,looking_for_buddy,2026-11-11 19:00:00
133,1166,interested,2026-06-23 19:00:00
208,1166,looking_for_buddy,2026-09-27 19:00:00
562,1166,looking_for_buddy,2026-08-01 21:00:00
183,1166,interested,2027-01-02 19:00:00
400,1166,looking_for_buddy,2026-10-09 18:00:00
267,1166,looking_for_buddy,2026-09-13 17:00:00
450,1166,interested,2026-09-02 20:00:00
373,1166,interested,2026-10-08 19:00:00
297,1167,going,2026-10-30 17:00:00
354,1167,going,2026-12-22 17:00:00
18,1167,interested,2026-10-11 19:00:00
220,1167,looking_for_buddy,2026-08-27 17:00:00
467,1167,looking_for_buddy,2026-08-28 17:00:00
49,1167,going,2026-08-22 18:00:00
198,1167,interested,2026-05-31 17:00:00
231,1167,looking_for_buddy,2027-01-13 18:00:00
51,1168,interested,2026-09-13 19:00:00
251,1168,looking_for_buddy,2026-09-19 20:00:00
363,1168,looking_for_buddy,2026-10-25 18:00:00
614,1168,looking_for_buddy,2026-10-05 19:00:00
183,1168,going,2026-12-23 19:00:00
556,1168,going,2026-12-23 21:00:00
349,1168,looking_for_buddy,2026-07-31 20:00:00
570,1168,going,2026-08-23 19:00:00
97,1169,interested,2026-10-30 19:00:00
53,1169,looking_for_buddy,2026-10-23 20:00:00
537,1169,looking_for_buddy,2026-09-06 17:00:00
180,1169,looking_for_buddy,2026-10-21 19:00:00
552,1169,going,2026-09-08 21:00:00
292,1169,interested,2026-12-25 19:00:00
413,1169,interested,2026-07-06 21:00:00
454,1169,going,2026-06-06 20:00:00
8,1170,looking_for_buddy,2026-07-19 18:00:00
19,1170,looking_for_buddy,2026-09-01 20:00:00
334,1170,looking_for_buddy,2026-06-14 18:00:00
579,1170,looking_for_buddy,2026-10-05 19:00:00
559,1170,interested,2026-08-16 18:00:00
295,1170,going,2026-09-14 17:00:00
600,1170,looking_for_buddy,2026-06-19 20:00:00
604,1170,looking_for_buddy,2026-07-14 21:00:00
18,1171,looking_for_buddy,2026-09-30 19:00:00
8,1171,looking_for_buddy,2026-07-19 18:00:00
15,1171,looking_for_buddy,2026-07-21 18:00:00
513,1171,going,2026-06-18 19:00:00
225,1171,going,2026-06-03 17:00:00
352,1171,interested,2026-08-06 20:00:00
19,1171,interested,2026-09-18 20:00:00
129,1171,looking_for_buddy,2026-07-02 17:00:00
39,1172,going,2026-08-09 21:00:00
216,1172,looking_for_buddy,2026-09-21 20:00:00
364,1172,looking_for_buddy,2027-01-08 19:00:00
649,1172,looking_for_buddy,2026-08-09 23:00:00
564,1172,going,2026-09-26 21:00:00
76,1172,interested,2027-01-02 17:00:00
593,1172,looking_for_buddy,2026-11-12 18:00:00
375,1172,looking_for_buddy,2026-10-27 17:00:00
489,1173,looking_for_buddy,2027-01-02 17:00:00
244,1173,looking_for_buddy,2026-10-22 21:00:00
265,1173,looking_for_buddy,2026-10-19 18:00:00
483,1173,going,2026-06-20 19:00:00
256,1173,looking_for_buddy,2026-07-16 17:00:00
236,1173,looking_for_buddy,2026-11-24 20:00:00
370,1173,going,2026-05-15 19:00:00
442,1173,looking_for_buddy,2026-05-30 21:00:00
85,1174,going,2026-07-08 18:00:00
264,1174,going,2026-06-27 21:00:00
486,1174,looking_for_buddy,2026-07-03 20:00:00
374,1174,looking_for_buddy,2026-07-18 21:00:00
10,1174,interested,2026-10-31 17:00:00
351,1174,going,2026-05-22 19:00:00
268,1174,going,2026-08-12 18:00:00
151,1174,looking_for_buddy,2027-01-23 18:00:00
409,1175,looking_for_buddy,2026-10-18 19:00:00
141,1175,going,2026-09-02 18:00:00
596,1175,looking_for_buddy,2026-12-10 21:00:00
140,1175,looking_for_buddy,2026-10-09 19:00:00
453,1175,looking_for_buddy,2026-07-30 18:00:00
233,1175,interested,2026-05-07 20:00:00
562,1175,looking_for_buddy,2026-08-17 21:00:00
240,1175,looking_for_buddy,2026-08-11 19:00:00
503,1176,going,2027-01-02 21:00:00
44,1176,looking_for_buddy,2026-06-09 19:00:00
67,1176,interested,2026-05-13 20:00:00
340,1176,looking_for_buddy,2026-12-16 19:00:00
132,1176,going,2026-09-17 18:00:00
100,1176,looking_for_buddy,2027-01-01 17:00:00
177,1176,interested,2026-05-26 20:00:00
438,1176,going,2026-12-14 19:00:00
533,1177,going,2026-07-23 17:00:00
453,1177,looking_for_buddy,2026-07-30 18:00:00
344,1177,looking_for_buddy,2026-07-08 18:00:00
186,1177,going,2026-11-16 19:00:00
257,1177,going,2026-11-15 18:00:00
659,1177,interested,2026-11-04 23:00:00
520,1177,interested,2026-12-28 18:00:00
462,1177,interested,2026-08-19 21:00:00
493,1178,interested,2026-05-24 19:00:00
214,1178,looking_for_buddy,2026-10-26 19:00:00
503,1178,interested,2026-12-16 21:00:00
232,1178,going,2026-11-12 21:00:00
158,1178,interested,2026-08-11 17:00:00
488,1178,looking_for_buddy,2026-10-07 19:00:00
270,1178,going,2026-06-03 19:00:00
446,1178,looking_for_buddy,2026-09-26 21:00:00
453,1179,looking_for_buddy,2026-08-05 18:00:00
202,1179,interested,2026-07-26 17:00:00
659,1179,looking_for_buddy,2026-11-07 23:00:00
182,1179,going,2026-08-07 20:00:00
211,1179,interested,2026-07-10 18:00:00
173,1179,interested,2026-07-23 18:00:00
616,1179,looking_for_buddy,2026-11-07 19:00:00
330,1179,looking_for_buddy,2026-12-01 20:00:00
338,1180,looking_for_buddy,2026-08-01 17:00:00
390,1180,looking_for_buddy,2026-10-21 21:00:00
398,1180,looking_for_buddy,2026-08-08 17:00:00
575,1180,looking_for_buddy,2026-07-09 20:00:00
568,1180,looking_for_buddy,2026-07-03 17:00:00
223,1180,looking_for_buddy,2026-11-07 18:00:00
448,1180,looking_for_buddy,2026-10-23 20:00:00
557,1180,going,2026-06-16 20:00:00
436,1181,looking_for_buddy,2026-08-28 21:00:00
660,1181,interested,2026-11-28 20:00:00
359,1181,going,2026-11-11 19:00:00
175,1181,looking_for_buddy,2026-09-05 17:00:00
423,1181,going,2026-09-26 18:00:00
337,1181,going,2026-11-28 21:00:00
553,1181,interested,2026-12-10 20:00:00
412,1181,looking_for_buddy,2026-09-21 20:00:00
16,1182,looking_for_buddy,2026-06-17 21:00:00
503,1182,looking_for_buddy,2026-12-25 21:00:00
154,1182,interested,2026-09-30 18:00:00
312,1182,interested,2026-06-09 17:00:00
425,1182,going,2026-07-04 18:00:00
381,1182,going,2026-10-15 21:00:00
67,1182,looking_for_buddy,2026-05-26 20:00:00
446,1182,looking_for_buddy,2026-10-04 21:00:00
596,1183,looking_for_buddy,2026-11-20 21:00:00
72,1183,looking_for_buddy,2026-09-10 21:00:00
105,1183,looking_for_buddy,2026-06-13 21:00:00
409,1183,going,2026-10-07 19:00:00
565,1183,going,2027-01-19 18:00:00
80,1183,interested,2026-06-04 20:00:00
415,1183,looking_for_buddy,2026-07-31 21:00:00
281,1183,looking_for_buddy,2026-09-02 20:00:00
564,1184,looking_for_buddy,2026-09-22 21:00:00
216,1184,interested,2026-10-15 20:00:00
260,1184,going,2026-09-15 20:00:00
385,1184,looking_for_buddy,2026-10-08 18:00:00
537,1184,looking_for_buddy,2026-09-06 17:00:00
114,1184,going,2026-10-16 20:00:00
546,1184,looking_for_buddy,2026-11-04 17:00:00
292,1184,looking_for_buddy,2026-12-09 19:00:00
194,1185,looking_for_buddy,2026-07-17 19:00:00
138,1185,looking_for_buddy,2026-11-13 18:00:00
544,1185,interested,2026-12-27 20:00:00
393,1185,looking_for_buddy,2026-05-14 19:00:00
528,1185,interested,2026-05-29 17:00:00
179,1185,interested,2026-09-04 18:00:00
298,1185,interested,2026-08-18 17:00:00
339,1185,interested,2026-09-05 19:00:00
108,1186,looking_for_buddy,2026-07-13 20:00:00
277,1186,interested,2026-07-25 19:00:00
432,1186,interested,2026-12-21 17:00:00
447,1186,looking_for_buddy,2026-09-11 21:00:00
85,1186,going,2026-07-07 18:00:00
274,1186,going,2026-12-14 19:00:00
284,1186,looking_for_buddy,2026-09-14 21:00:00
306,1186,looking_for_buddy,2026-07-16 18:00:00
292,1187,interested,2026-12-26 19:00:00
369,1187,going,2026-12-03 20:00:00
53,1187,interested,2026-10-10 20:00:00
137,1187,interested,2026-11-19 20:00:00
657,1187,looking_for_buddy,2026-11-10 19:00:00
413,1187,interested,2026-06-30 21:00:00
216,1187,looking_for_buddy,2026-10-09 20:00:00
97,1187,looking_for_buddy,2026-11-08 19:00:00
223,1188,looking_for_buddy,2026-11-08 18:00:00
190,1188,looking_for_buddy,2026-06-11 19:00:00
282,1188,looking_for_buddy,2026-11-09 18:00:00
327,1188,looking_for_buddy,2026-06-22 19:00:00
75,1188,interested,2026-12-04 18:00:00
583,1188,looking_for_buddy,2026-07-01 19:00:00
6,1188,looking_for_buddy,2026-06-17 17:00:00
82,1188,going,2026-06-15 21:00:00
213,1189,interested,2026-08-10 19:00:00
347,1189,interested,2026-10-01 17:00:00
152,1189,going,2026-11-08 21:00:00
74,1189,going,2026-07-24 19:00:00
312,1189,looking_for_buddy,2026-06-08 17:00:00
275,1189,interested,2026-07-30 21:00:00
423,1189,interested,2026-10-08 18:00:00
503,1189,interested,2026-12-21 21:00:00
152,1190,interested,2026-11-26 21:00:00
587,1190,going,2026-10-19 17:00:00
423,1190,going,2026-10-13 18:00:00
446,1190,interested,2026-09-30 21:00:00
422,1190,looking_for_buddy,2026-06-29 20:00:00
622,1190,going,2026-12-17 19:00:00
100,1190,going,2027-01-06 17:00:00
214,1190,looking_for_buddy,2026-10-21 19:00:00
320,1191,interested,2026-11-03 20:00:00
11,1191,going,2026-09-22 19:00:00
453,1191,looking_for_buddy,2026-08-19 18:00:00
141,1191,going,2026-09-06 18:00:00
612,1191,looking_for_buddy,2026-12-06 22:00:00
533,1191,looking_for_buddy,2026-07-09 17:00:00
360,1191,interested,2026-12-13 17:00:00
541,1191,looking_for_buddy,2026-10-06 20:00:00
19,1192,interested,2026-09-15 20:00:00
597,1192,looking_for_buddy,2026-09-08 17:00:00
82,1192,looking_for_buddy,2026-06-15 21:00:00
461,1192,going,2026-12-16 17:00:00
334,1192,looking_for_buddy,2026-06-30 18:00:00
390,1192,going,2026-10-14 21:00:00
198,1192,looking_for_buddy,2026-06-07 17:00:00
513,1192,going,2026-06-15 19:00:00
537,1193,looking_for_buddy,2026-08-25 17:00:00
161,1193,looking_for_buddy,2026-11-12 17:00:00
364,1193,interested,2027-01-12 19:00:00
77,1193,looking_for_buddy,2026-10-19 18:00:00
413,1193,looking_for_buddy,2026-07-05 21:00:00
170,1193,interested,2026-07-20 17:00:00
560,1193,going,2026-12-20 21:00:00
345,1193,looking_for_buddy,2026-07-19 17:00:00
198,1194,looking_for_buddy,2026-05-19 17:00:00
575,1194,interested,2026-07-17 20:00:00
440,1194,looking_for_buddy,2026-06-22 21:00:00
15,1194,going,2026-08-07 18:00:00
229,1194,looking_for_buddy,2026-12-01 21:00:00
225,1194,going,2026-06-18 17:00:00
190,1194,interested,2026-06-19 19:00:00
604,1194,looking_for_buddy,2026-06-26 21:00:00
474,1195,looking_for_buddy,2026-08-07 18:00:00
498,1195,interested,2026-12-26 17:00:00
346,1195,looking_for_buddy,2026-05-27 19:00:00
214,1195,interested,2026-10-05 19:00:00
488,1195,looking_for_buddy,2026-10-13 19:00:00
359,1195,going,2026-11-02 19:00:00
622,1195,looking_for_buddy,2026-12-17 19:00:00
158,1195,interested,2026-07-17 17:00:00
251,1196,interested,2026-09-23 20:00:00
65,1196,looking_for_buddy,2026-10-19 18:00:00
615,1196,looking_for_buddy,2026-05-07 22:00:00
281,1196,going,2026-08-28 20:00:00
86,1196,looking_for_buddy,2026-09-23 20:00:00
400,1196,looking_for_buddy,2026-09-25 18:00:00
342,1196,interested,2026-12-31 19:00:00
105,1196,interested,2026-06-15 21:00:00
158,1197,looking_for_buddy,2026-07-31 17:00:00
359,1197,looking_for_buddy,2026-11-02 19:00:00
167,1197,interested,2026-12-05 21:00:00
381,1197,looking_for_buddy,2026-10-11 21:00:00
477,1197,interested,2026-06-02 20:00:00
473,1197,going,2026-12-27 19:00:00
128,1197,going,2026-05-25 17:00:00
378,1197,looking_for_buddy,2026-06-24 18:00:00
98,1198,interested,2026-09-08 17:00:00
504,1198,looking_for_buddy,2026-12-02 21:00:00
156,1198,interested,2026-06-11 20:00:00
314,1198,looking_for_buddy,2026-11-15 21:00:00
584,1198,looking_for_buddy,2026-05-13 18:00:00
480,1198,interested,2026-08-19 20:00:00
139,1198,looking_for_buddy,2026-08-26 19:00:00
178,1198,interested,2026-06-02 20:00:00
152,1199,interested,2026-11-25 21:00:00
70,1199,interested,2026-08-08 19:00:00
24,1199,looking_for_buddy,2026-07-15 19:00:00
606,1199,going,2026-07-25 21:00:00
230,1199,looking_for_buddy,2026-05-28 18:00:00
340,1199,looking_for_buddy,2026-12-26 19:00:00
359,1199,looking_for_buddy,2026-11-04 19:00:00
493,1199,looking_for_buddy,2026-05-19 19:00:00
374,1200,going,2026-06-30 21:00:00
31,1200,going,2026-09-01 17:00:00
138,1200,looking_for_buddy,2026-10-23 18:00:00
108,1200,going,2026-07-10 20:00:00
306,1200,looking_for_buddy,2026-07-29 18:00:00
212,1200,looking_for_buddy,2026-12-09 19:00:00
478,1200,looking_for_buddy,2026-06-01 20:00:00
638,1200,interested,2026-05-15 22:00:00
411,1201,going,2026-06-27 17:00:00
130,1201,looking_for_buddy,2026-10-13 18:00:00
333,1201,looking_for_buddy,2026-05-28 20:00:00
658,1201,interested,2026-09-01 23:00:00
92,1201,looking_for_buddy,2026-11-25 21:00:00
274,1201,interested,2026-12-31 19:00:00
156,1201,looking_for_buddy,2026-06-05 20:00:00
194,1201,looking_for_buddy,2026-06-30 19:00:00
641,1202,interested,2027-01-19 20:00:00
317,1202,going,2026-10-06 20:00:00
50,1202,looking_for_buddy,2026-05-28 21:00:00
394,1202,going,2026-10-27 17:00:00
274,1202,going,2026-12-30 19:00:00
326,1202,going,2026-11-30 21:00:00
404,1202,interested,2026-10-03 20:00:00
108,1202,interested,2026-06-29 20:00:00
138,1203,looking_for_buddy,2026-11-08 18:00:00
31,1203,going,2026-09-01 17:00:00
411,1203,interested,2026-07-08 17:00:00
478,1203,going,2026-05-18 20:00:00
3,1203,looking_for_buddy,2026-08-31 21:00:00
46,1203,looking_for_buddy,2026-09-16 19:00:00
581,1203,interested,2026-12-10 20:00:00
402,1203,interested,2026-06-03 17:00:00
456,1204,looking_for_buddy,2026-07-06 19:00:00
8,1204,looking_for_buddy,2026-07-19 18:00:00
73,1204,looking_for_buddy,2026-11-11 21:00:00
19,1204,going,2026-08-24 20:00:00
4,1204,looking_for_buddy,2026-12-25 21:00:00
513,1204,going,2026-06-06 19:00:00
338,1204,looking_for_buddy,2026-08-05 17:00:00
357,1204,looking_for_buddy,2026-07-02 20:00:00
485,1205,looking_for_buddy,2026-09-06 21:00:00
425,1205,looking_for_buddy,2026-06-28 18:00:00
25,1205,going,2026-08-21 19:00:00
218,1205,going,2026-05-18 19:00:00
312,1205,interested,2026-06-02 17:00:00
214,1205,interested,2026-10-08 19:00:00
412,1205,going,2026-09-17 20:00:00
74,1205,looking_for_buddy,2026-07-19 19:00:00
256,1206,going,2026-07-29 17:00:00
192,1206,interested,2026-11-24 18:00:00
291,1206,interested,2026-07-17 18:00:00
613,1206,going,2026-09-04 23:00:00
301,1206,looking_for_buddy,2026-07-21 21:00:00
265,1206,looking_for_buddy,2026-10-14 18:00:00
433,1206,looking_for_buddy,2026-09-27 21:00:00
455,1206,looking_for_buddy,2026-09-19 18:00:00
429,1207,going,2026-09-29 19:00:00
342,1207,looking_for_buddy,2026-12-26 19:00:00
7,1207,interested,2026-09-16 19:00:00
521,1207,looking_for_buddy,2026-10-21 17:00:00
86,1207,looking_for_buddy,2026-09-11 20:00:00
133,1207,interested,2026-07-05 19:00:00
105,1207,going,2026-06-19 21:00:00
460,1207,looking_for_buddy,2026-05-30 20:00:00
272,1208,looking_for_buddy,2026-12-27 17:00:00
203,1208,going,2026-12-21 19:00:00
249,1208,going,2026-09-18 19:00:00
487,1208,interested,2026-06-02 18:00:00
356,1208,looking_for_buddy,2026-12-31 18:00:00
589,1208,looking_for_buddy,2026-09-23 21:00:00
349,1208,looking_for_buddy,2026-07-11 20:00:00
251,1208,going,2026-10-03 20:00:00
537,1209,looking_for_buddy,2026-08-23 17:00:00
180,1209,going,2026-10-15 19:00:00
250,1209,looking_for_buddy,2026-12-01 18:00:00
458,1209,looking_for_buddy,2026-10-02 18:00:00
189,1209,interested,2026-06-01 18:00:00
392,1209,looking_for_buddy,2026-07-28 21:00:00
68,1209,looking_for_buddy,2026-06-12 20:00:00
301,1209,interested,2026-07-08 21:00:00
556,1210,going,2027-01-17 21:00:00
252,1210,looking_for_buddy,2026-06-25 19:00:00
140,1210,going,2026-10-29 19:00:00
634,1210,looking_for_buddy,2026-09-26 22:00:00
360,1210,going,2026-12-04 17:00:00
532,1210,looking_for_buddy,2026-09-29 17:00:00
51,1210,interested,2026-09-07 19:00:00
630,1210,interested,2026-11-24 21:00:00
249,1211,looking_for_buddy,2026-09-03 19:00:00
127,1211,interested,2026-08-15 20:00:00
119,1211,interested,2026-12-26 20:00:00
642,1211,looking_for_buddy,2026-09-08 21:00:00
61,1211,looking_for_buddy,2026-07-28 17:00:00
165,1211,interested,2026-06-24 21:00:00
409,1211,going,2026-10-06 19:00:00
222,1211,looking_for_buddy,2026-10-01 19:00:00
214,1212,looking_for_buddy,2026-09-30 19:00:00
176,1212,going,2026-07-04 19:00:00
622,1212,looking_for_buddy,2026-12-12 19:00:00
636,1212,going,2026-10-19 19:00:00
503,1212,looking_for_buddy,2026-12-30 21:00:00
587,1212,interested,2026-09-30 17:00:00
118,1212,going,2026-08-14 21:00:00
154,1212,looking_for_buddy,2026-09-30 18:00:00
364,1213,interested,2026-12-24 19:00:00
537,1213,looking_for_buddy,2026-08-13 17:00:00
155,1213,looking_for_buddy,2026-05-28 20:00:00
546,1213,interested,2026-11-04 17:00:00
97,1213,interested,2026-11-02 19:00:00
657,1213,looking_for_buddy,2026-11-21 19:00:00
68,1213,looking_for_buddy,2026-06-12 20:00:00
53,1213,looking_for_buddy,2026-10-07 20:00:00
7,1214,looking_for_buddy,2026-09-15 19:00:00
542,1214,looking_for_buddy,2026-08-01 20:00:00
342,1214,looking_for_buddy,2026-12-13 19:00:00
617,1214,looking_for_buddy,2026-11-20 22:00:00
233,1214,going,2026-05-05 20:00:00
105,1214,interested,2026-07-06 21:00:00
556,1214,going,2027-01-13 21:00:00
650,1214,interested,2026-09-22 19:00:00
485,1215,looking_for_buddy,2026-09-06 21:00:00
503,1215,looking_for_buddy,2026-12-20 21:00:00
553,1215,looking_for_buddy,2026-12-19 20:00:00
495,1215,interested,2026-11-02 21:00:00
412,1215,looking_for_buddy,2026-09-15 20:00:00
425,1215,interested,2026-06-17 18:00:00
631,1215,looking_for_buddy,2026-06-06 22:00:00
396,1215,interested,2026-12-15 18:00:00
553,1216,going,2026-12-26 20:00:00
36,1216,going,2026-07-09 17:00:00
425,1216,interested,2026-07-13 18:00:00
214,1216,interested,2026-10-08 19:00:00
475,1216,interested,2026-12-04 19:00:00
128,1216,looking_for_buddy,2026-06-17 17:00:00
269,1216,going,2026-09-29 18:00:00
270,1216,interested,2026-05-29 19:00:00
17,1217,looking_for_buddy,2026-06-24 18:00:00
155,1217,interested,2026-06-13 20:00:00
564,1217,looking_for_buddy,2026-10-09 21:00:00
364,1217,going,2027-01-18 19:00:00
370,1217,going,2026-05-22 19:00:00
345,1217,going,2026-08-01 17:00:00
537,1217,looking_for_buddy,2026-08-28 17:00:00
549,1217,looking_for_buddy,2026-09-07 17:00:00
425,1218,looking_for_buddy,2026-07-01 18:00:00
553,1218,interested,2026-11-30 20:00:00
36,1218,interested,2026-06-30 17:00:00
340,1218,looking_for_buddy,2026-12-23 19:00:00
412,1218,going,2026-10-01 20:00:00
503,1218,interested,2026-12-19 21:00:00
485,1218,looking_for_buddy,2026-09-05 21:00:00
502,1218,looking_for_buddy,2026-09-03 20:00:00
256,1219,going,2026-07-29 17:00:00
78,1219,going,2027-01-17 19:00:00
494,1219,interested,2026-08-19 21:00:00
81,1219,looking_for_buddy,2026-05-15 20:00:00
304,1219,looking_for_buddy,2026-06-28 20:00:00
5,1219,looking_for_buddy,2027-01-14 19:00:00
250,1219,interested,2026-12-07 18:00:00
53,1219,looking_for_buddy,2026-10-26 20:00:00
520,1220,looking_for_buddy,2027-01-06 18:00:00
140,1220,looking_for_buddy,2026-10-03 19:00:00
105,1220,interested,2026-07-06 21:00:00
617,1220,looking_for_buddy,2026-11-06 22:00:00
95,1220,going,2026-07-18 21:00:00
450,1220,going,2026-09-04 20:00:00
644,1220,going,2026-07-15 21:00:00
409,1220,interested,2026-10-23 19:00:00
612,1221,looking_for_buddy,2026-11-28 22:00:00
257,1221,going,2026-11-13 18:00:00
373,1221,looking_for_buddy,2026-10-01 19:00:00
141,1221,looking_for_buddy,2026-09-13 18:00:00
659,1221,going,2026-11-09 23:00:00
533,1221,looking_for_buddy,2026-07-05 17:00:00
616,1221,going,2026-11-01 19:00:00
462,1221,looking_for_buddy,2026-09-03 21:00:00
297,1222,looking_for_buddy,2026-11-17 17:00:00
135,1222,looking_for_buddy,2026-12-30 20:00:00
234,1222,looking_for_buddy,2026-12-15 18:00:00
223,1222,going,2026-11-15 18:00:00
19,1222,interested,2026-09-17 20:00:00
325,1222,interested,2026-09-19 20:00:00
568,1222,looking_for_buddy,2026-06-24 17:00:00
129,1222,looking_for_buddy,2026-07-16 17:00:00
373,1223,looking_for_buddy,2026-10-16 19:00:00
399,1223,interested,2026-09-18 18:00:00
318,1223,interested,2026-07-02 19:00:00
656,1223,looking_for_buddy,2026-10-02 23:00:00
335,1223,interested,2026-06-22 19:00:00
644,1223,interested,2026-07-02 21:00:00
315,1223,looking_for_buddy,2026-06-19 18:00:00
86,1223,looking_for_buddy,2026-09-23 20:00:00
63,1224,interested,2026-11-28 21:00:00
257,1224,looking_for_buddy,2026-11-19 18:00:00
141,1224,interested,2026-09-22 18:00:00
344,1224,interested,2026-07-08 18:00:00
556,1224,going,2027-01-09 21:00:00
614,1224,looking_for_buddy,2026-10-02 19:00:00
462,1224,interested,2026-08-15 21:00:00
186,1224,looking_for_buddy,2026-11-06 19:00:00
504,1225,going,2026-11-25 21:00:00
480,1225,looking_for_buddy,2026-08-23 20:00:00
336,1225,looking_for_buddy,2026-12-27 18:00:00
426,1225,looking_for_buddy,2026-07-18 20:00:00
50,1225,looking_for_buddy,2026-05-14 21:00:00
307,1225,interested,2026-10-05 18:00:00
643,1225,looking_for_buddy,2026-08-23 23:00:00
239,1225,interested,2026-12-24 17:00:00
98,1226,going,2026-09-04 17:00:00
336,1226,looking_for_buddy,2026-12-28 18:00:00
178,1226,interested,2026-05-08 20:00:00
637,1226,looking_for_buddy,2026-09-29 23:00:00
207,1226,looking_for_buddy,2026-12-28 20:00:00
641,1226,looking_for_buddy,2026-12-27 20:00:00
658,1226,going,2026-08-30 23:00:00
504,1226,going,2026-11-16 21:00:00
36,1227,going,2026-07-08 17:00:00
275,1227,looking_for_buddy,2026-07-22 21:00:00
340,1227,interested,2026-12-23 19:00:00
586,1227,interested,2026-10-23 17:00:00
621,1227,looking_for_buddy,2026-08-31 23:00:00
118,1227,looking_for_buddy,2026-07-26 21:00:00
378,1227,going,2026-06-12 18:00:00
227,1227,going,2027-01-20 17:00:00
607,1228,looking_for_buddy,2026-07-05 21:00:00
587,1228,looking_for_buddy,2026-10-12 17:00:00
488,1228,going,2026-10-24 19:00:00
176,1228,interested,2026-06-28 19:00:00
622,1228,interested,2026-12-18 19:00:00
214,1228,looking_for_buddy,2026-09-29 19:00:00
427,1228,going,2026-06-01 20:00:00
553,1228,interested,2026-12-14 20:00:00
233,1229,interested,2026-05-22 20:00:00
320,1229,looking_for_buddy,2026-10-10 20:00:00
615,1229,interested,2026-05-23 22:00:00
125,1229,going,2026-11-05 19:00:00
365,1229,looking_for_buddy,2026-05-27 19:00:00
222,1229,looking_for_buddy,2026-10-17 19:00:00
63,1229,going,2026-11-24 21:00:00
626,1229,going,2026-05-27 20:00:00
40,1230,looking_for_buddy,2026-10-24 19:00:00
430,1230,looking_for_buddy,2026-06-23 20:00:00
500,1230,looking_for_buddy,2026-09-28 19:00:00
385,1230,interested,2026-09-24 18:00:00
244,1230,looking_for_buddy,2026-10-08 21:00:00
245,1230,interested,2026-11-08 20:00:00
39,1230,looking_for_buddy,2026-08-28 21:00:00
304,1230,looking_for_buddy,2026-07-06 20:00:00
546,1231,looking_for_buddy,2026-11-25 17:00:00
39,1231,interested,2026-08-25 21:00:00
17,1231,interested,2026-06-22 18:00:00
537,1231,interested,2026-08-26 17:00:00
464,1231,going,2026-09-01 20:00:00
40,1231,looking_for_buddy,2026-10-24 19:00:00
143,1231,looking_for_buddy,2026-12-31 19:00:00
492,1231,looking_for_buddy,2026-11-07 20:00:00
320,1232,looking_for_buddy,2026-10-09 20:00:00
596,1232,interested,2026-11-24 21:00:00
508,1232,going,2026-12-17 17:00:00
267,1232,looking_for_buddy,2026-09-24 17:00:00
348,1232,looking_for_buddy,2026-07-24 20:00:00
520,1232,looking_for_buddy,2026-12-31 18:00:00
361,1232,looking_for_buddy,2026-09-30 17:00:00
233,1232,interested,2026-05-28 20:00:00
334,1233,looking_for_buddy,2026-06-16 18:00:00
506,1233,going,2026-08-12 21:00:00
367,1233,looking_for_buddy,2026-09-20 20:00:00
153,1233,interested,2026-11-19 19:00:00
19,1233,interested,2026-09-05 20:00:00
115,1233,looking_for_buddy,2026-10-28 17:00:00
354,1233,going,2026-12-01 17:00:00
129,1233,going,2026-07-16 17:00:00
205,1234,going,2026-12-31 21:00:00
495,1234,interested,2026-11-04 21:00:00
218,1234,going,2026-06-06 19:00:00
474,1234,looking_for_buddy,2026-08-17 18:00:00
214,1234,going,2026-09-30 19:00:00
412,1234,looking_for_buddy,2026-09-13 20:00:00
587,1234,going,2026-10-23 17:00:00
444,1234,looking_for_buddy,2026-08-24 17:00:00
517,1235,looking_for_buddy,2026-09-04 19:00:00
287,1235,looking_for_buddy,2026-09-02 20:00:00
488,1235,going,2026-10-04 19:00:00
571,1235,looking_for_buddy,2026-11-28 19:00:00
624,1235,going,2026-11-08 21:00:00
493,1235,looking_for_buddy,2026-05-14 19:00:00
323,1235,going,2026-11-19 19:00:00
498,1235,interested,2026-12-25 17:00:00
229,1236,going,2026-11-26 21:00:00
75,1236,interested,2026-12-12 18:00:00
282,1236,going,2026-11-24 18:00:00
357,1236,looking_for_buddy,2026-06-25 20:00:00
470,1236,going,2026-09-24 18:00:00
366,1236,interested,2026-12-12 18:00:00
575,1236,looking_for_buddy,2026-06-30 20:00:00
461,1236,looking_for_buddy,2026-12-03 17:00:00
287,1237,interested,2026-08-19 20:00:00
545,1237,interested,2026-08-13 20:00:00
188,1237,interested,2026-06-16 21:00:00
22,1237,going,2026-05-28 17:00:00
74,1237,looking_for_buddy,2026-07-15 19:00:00
275,1237,interested,2026-08-13 21:00:00
323,1237,interested,2026-11-09 19:00:00
445,1237,looking_for_buddy,2026-08-11 20:00:00
113,1238,looking_for_buddy,2026-12-05 17:00:00
409,1238,looking_for_buddy,2026-10-20 19:00:00
642,1238,going,2026-09-22 21:00:00
63,1238,interested,2026-11-24 21:00:00
520,1238,going,2027-01-08 18:00:00
596,1238,going,2026-11-21 21:00:00
373,1238,going,2026-10-11 19:00:00
356,1238,looking_for_buddy,2027-01-14 18:00:00
576,1239,going,2026-05-16 20:00:00
562,1239,interested,2026-08-19 21:00:00
542,1239,looking_for_buddy,2026-08-04 20:00:00
23,1239,interested,2026-06-26 19:00:00
113,1239,going,2026-11-25 17:00:00
32,1239,looking_for_buddy,2027-01-18 21:00:00
589,1239,looking_for_buddy,2026-09-14 21:00:00
409,1239,looking_for_buddy,2026-10-17 19:00:00
389,1240,looking_for_buddy,2026-10-11 19:00:00
276,1240,interested,2026-12-12 21:00:00
526,1240,going,2026-08-08 21:00:00
579,1240,going,2026-10-21 19:00:00
9,1240,going,2026-07-23 17:00:00
6,1240,looking_for_buddy,2026-06-06 17:00:00
123,1240,interested,2026-10-04 20:00:00
295,1240,looking_for_buddy,2026-10-02 17:00:00
177,1241,interested,2026-05-31 20:00:00
158,1241,looking_for_buddy,2026-08-09 17:00:00
631,1241,looking_for_buddy,2026-05-29 22:00:00
287,1241,interested,2026-08-25 20:00:00
477,1241,looking_for_buddy,2026-06-14 20:00:00
553,1241,going,2026-12-03 20:00:00
232,1241,looking_for_buddy,2026-11-14 21:00:00
425,1241,interested,2026-06-26 18:00:00
192,1242,going,2026-11-13 18:00:00
370,1242,looking_for_buddy,2026-05-24 19:00:00
262,1242,looking_for_buddy,2026-08-29 19:00:00
101,1242,interested,2026-12-15 17:00:00
492,1242,looking_for_buddy,2026-11-13 20:00:00
114,1242,interested,2026-10-30 20:00:00
144,1242,interested,2026-09-16 21:00:00
564,1242,looking_for_buddy,2026-09-27 21:00:00
214,1243,looking_for_buddy,2026-10-12 19:00:00
618,1243,going,2026-08-10 20:00:00
416,1243,going,2026-07-14 19:00:00
495,1243,interested,2026-11-07 21:00:00
622,1243,looking_for_buddy,2026-12-26 19:00:00
188,1243,going,2026-06-27 21:00:00
44,1243,going,2026-06-15 19:00:00
502,1243,going,2026-09-01 20:00:00
485,1244,looking_for_buddy,2026-08-30 21:00:00
660,1244,going,2026-11-27 20:00:00
624,1244,looking_for_buddy,2026-10-27 21:00:00
412,1244,looking_for_buddy,2026-09-20 20:00:00
436,1244,interested,2026-09-10 21:00:00
337,1244,going,2026-11-28 21:00:00
425,1244,going,2026-07-05 18:00:00
22,1244,looking_for_buddy,2026-05-29 17:00:00
477,1245,going,2026-06-15 20:00:00
177,1245,looking_for_buddy,2026-05-31 20:00:00
171,1245,looking_for_buddy,2026-11-17 20:00:00
423,1245,going,2026-10-01 18:00:00
205,1245,interested,2026-12-31 21:00:00
214,1245,looking_for_buddy,2026-10-14 19:00:00
496,1245,going,2026-10-13 20:00:00
587,1245,looking_for_buddy,2026-10-13 17:00:00
276,1246,interested,2026-12-23 21:00:00
223,1246,interested,2026-11-15 18:00:00
325,1246,going,2026-09-28 20:00:00
568,1246,looking_for_buddy,2026-07-02 17:00:00
225,1246,interested,2026-06-20 17:00:00
297,1246,looking_for_buddy,2026-10-24 17:00:00
557,1246,going,2026-06-16 20:00:00
646,1246,going,2026-11-11 21:00:00
267,1247,looking_for_buddy,2026-09-29 17:00:00
201,1247,going,2026-11-07 17:00:00
257,1247,looking_for_buddy,2026-11-13 18:00:00
272,1247,interested,2026-12-31 17:00:00
626,1247,interested,2026-06-15 20:00:00
614,1247,going,2026-10-06 19:00:00
95,1247,looking_for_buddy,2026-07-16 21:00:00
126,1247,looking_for_buddy,2026-11-14 18:00:00
78,1248,interested,2026-12-30 19:00:00
236,1248,going,2026-11-14 20:00:00
585,1248,interested,2026-09-20 19:00:00
364,1248,looking_for_buddy,2026-12-30 19:00:00
491,1248,interested,2026-09-22 18:00:00
482,1248,going,2026-09-14 18:00:00
53,1248,going,2026-10-12 20:00:00
76,1248,going,2027-01-15 17:00:00
356,1249,interested,2026-12-29 18:00:00
409,1249,going,2026-10-14 19:00:00
415,1249,looking_for_buddy,2026-07-18 21:00:00
105,1249,going,2026-06-21 21:00:00
146,1249,interested,2026-06-25 18:00:00
119,1249,going,2026-12-29 20:00:00
373,1249,interested,2026-10-09 19:00:00
51,1249,interested,2026-08-26 19:00:00
15,1250,looking_for_buddy,2026-07-21 18:00:00
355,1250,interested,2026-09-01 18:00:00
164,1250,going,2026-08-20 19:00:00
357,1250,looking_for_buddy,2026-06-27 20:00:00
419,1250,looking_for_buddy,2026-05-18 20:00:00
448,1250,looking_for_buddy,2026-11-11 20:00:00
599,1250,looking_for_buddy,2026-12-22 18:00:00
575,1250,going,2026-07-11 20:00:00
108,1251,looking_for_buddy,2026-07-08 20:00:00
566,1251,looking_for_buddy,2026-08-29 18:00:00
102,1251,looking_for_buddy,2026-08-01 17:00:00
298,1251,going,2026-07-29 17:00:00
376,1251,looking_for_buddy,2026-06-04 20:00:00
393,1251,going,2026-05-10 19:00:00
268,1251,looking_for_buddy,2026-08-13 18:00:00
499,1251,going,2026-06-30 17:00:00
154,1252,looking_for_buddy,2026-09-30 18:00:00
423,1252,interested,2026-09-27 18:00:00
495,1252,looking_for_buddy,2026-11-18 21:00:00
171,1252,looking_for_buddy,2026-11-06 20:00:00
22,1252,going,2026-05-27 17:00:00
287,1252,interested,2026-08-28 20:00:00
422,1252,going,2026-06-21 20:00:00
595,1252,looking_for_buddy,2026-09-23 20:00:00
104,1253,looking_for_buddy,2026-11-15 21:00:00
373,1253,interested,2026-10-24 19:00:00
615,1253,looking_for_buddy,2026-05-05 22:00:00
556,1253,going,2026-12-25 21:00:00
272,1253,looking_for_buddy,2026-12-16 17:00:00
656,1253,looking_for_buddy,2026-10-03 23:00:00
233,1253,going,2026-05-05 20:00:00
659,1253,looking_for_buddy,2026-11-20 23:00:00
194,1254,looking_for_buddy,2026-07-13 19:00:00
307,1254,looking_for_buddy,2026-10-13 18:00:00
3,1254,looking_for_buddy,2026-08-08 21:00:00
284,1254,looking_for_buddy,2026-09-10 21:00:00
574,1254,going,2026-10-19 19:00:00
374,1254,looking_for_buddy,2026-07-12 21:00:00
106,1254,going,2026-11-05 21:00:00
504,1254,looking_for_buddy,2026-12-01 21:00:00
214,1255,interested,2026-10-08 19:00:00
181,1255,going,2026-11-01 18:00:00
587,1255,looking_for_buddy,2026-10-12 17:00:00
422,1255,looking_for_buddy,2026-07-13 20:00:00
511,1255,looking_for_buddy,2026-12-26 17:00:00
595,1255,going,2026-09-19 20:00:00
16,1255,looking_for_buddy,2026-06-25 21:00:00
502,1255,looking_for_buddy,2026-09-14 20:00:00
660,1256,looking_for_buddy,2026-12-12 20:00:00
547,1256,going,2026-07-13 20:00:00
27,1256,looking_for_buddy,2026-10-31 17:00:00
553,1256,looking_for_buddy,2026-12-10 20:00:00
266,1256,looking_for_buddy,2026-12-01 17:00:00
132,1256,looking_for_buddy,2026-09-26 18:00:00
477,1256,going,2026-05-30 20:00:00
473,1256,looking_for_buddy,2027-01-07 19:00:00
36,1257,looking_for_buddy,2026-07-06 17:00:00
232,1257,interested,2026-11-08 21:00:00
158,1257,going,2026-08-07 17:00:00
14,1257,interested,2026-08-28 21:00:00
418,1257,looking_for_buddy,2026-06-07 18:00:00
288,1257,going,2026-08-04 19:00:00
269,1257,going,2026-10-09 18:00:00
193,1257,looking_for_buddy,2026-06-10 19:00:00
46,1258,going,2026-09-12 19:00:00
194,1258,looking_for_buddy,2026-07-12 19:00:00
98,1258,looking_for_buddy,2026-09-14 17:00:00
62,1258,looking_for_buddy,2026-05-26 21:00:00
26,1258,interested,2026-07-24 18:00:00
610,1258,going,2026-08-15 19:00:00
106,1258,going,2026-11-22 21:00:00
639,1258,interested,2026-10-03 21:00:00
259,1259,interested,2026-06-23 17:00:00
191,1259,going,2026-12-05 20:00:00
658,1259,interested,2026-08-30 23:00:00
504,1259,going,2026-11-28 21:00:00
195,1259,interested,2026-12-12 21:00:00
336,1259,looking_for_buddy,2027-01-23 18:00:00
156,1259,looking_for_buddy,2026-06-03 20:00:00
405,1259,looking_for_buddy,2026-10-06 19:00:00
370,1260,interested,2026-05-11 19:00:00
192,1260,interested,2026-11-13 18:00:00
302,1260,looking_for_buddy,2026-07-21 21:00:00
101,1260,going,2026-12-13 17:00:00
464,1260,looking_for_buddy,2026-09-01 20:00:00
88,1260,looking_for_buddy,2026-05-19 20:00:00
458,1260,interested,2026-10-08 18:00:00
265,1260,going,2026-10-28 18:00:00
495,1261,interested,2026-10-25 21:00:00
418,1261,going,2026-05-24 18:00:00
323,1261,interested,2026-11-12 19:00:00
503,1261,looking_for_buddy,2026-12-24 21:00:00
214,1261,interested,2026-10-07 19:00:00
577,1261,looking_for_buddy,2026-07-30 17:00:00
427,1261,interested,2026-05-24 20:00:00
607,1261,looking_for_buddy,2026-06-20 21:00:00
26,1262,interested,2026-08-16 18:00:00
539,1262,going,2026-12-10 18:00:00
92,1262,looking_for_buddy,2026-12-18 21:00:00
136,1262,looking_for_buddy,2026-08-27 21:00:00
303,1262,looking_for_buddy,2026-06-21 20:00:00
497,1262,looking_for_buddy,2026-11-06 19:00:00
452,1262,looking_for_buddy,2026-06-12 20:00:00
387,1262,looking_for_buddy,2026-08-22 18:00:00
169,1263,looking_for_buddy,2026-06-14 17:00:00
544,1263,looking_for_buddy,2026-12-29 20:00:00
566,1263,looking_for_buddy,2026-08-19 18:00:00
452,1263,going,2026-06-16 20:00:00
404,1263,going,2026-10-06 20:00:00
476,1263,looking_for_buddy,2026-12-14 18:00:00
212,1263,interested,2026-12-27 19:00:00
62,1263,interested,2026-05-26 21:00:00
525,1264,interested,2026-10-10 17:00:00
450,1264,going,2026-08-07 20:00:00
453,1264,going,2026-07-27 18:00:00
173,1264,going,2026-08-03 18:00:00
252,1264,interested,2026-06-18 19:00:00
556,1264,looking_for_buddy,2027-01-12 21:00:00
344,1264,interested,2026-06-27 18:00:00
146,1264,interested,2026-07-06 18:00:00
274,1265,interested,2026-12-10 19:00:00
2,1265,looking_for_buddy,2026-06-07 17:00:00
638,1265,looking_for_buddy,2026-05-12 22:00:00
195,1265,interested,2026-12-09 21:00:00
432,1265,looking_for_buddy,2027-01-05 17:00:00
10,1265,interested,2026-10-17 17:00:00
486,1265,going,2026-06-20 20:00:00
179,1265,going,2026-09-03 18:00:00
477,1266,looking_for_buddy,2026-06-05 20:00:00
427,1266,interested,2026-05-25 20:00:00
214,1266,looking_for_buddy,2026-09-28 19:00:00
294,1266,interested,2026-11-06 17:00:00
511,1266,looking_for_buddy,2026-12-30 17:00:00
310,1266,going,2026-08-11 17:00:00
176,1266,interested,2026-06-14 19:00:00
57,1266,interested,2026-10-20 21:00:00
416,1267,looking_for_buddy,2026-07-01 19:00:00
214,1267,looking_for_buddy,2026-10-23 19:00:00
495,1267,looking_for_buddy,2026-10-26 21:00:00
294,1267,looking_for_buddy,2026-10-29 17:00:00
607,1267,looking_for_buddy,2026-07-12 21:00:00
177,1267,looking_for_buddy,2026-05-14 20:00:00
660,1267,interested,2026-12-12 20:00:00
595,1267,going,2026-09-27 20:00:00
491,1268,interested,2026-09-16 18:00:00
78,1268,interested,2027-01-04 19:00:00
174,1268,going,2026-07-31 20:00:00
494,1268,looking_for_buddy,2026-08-01 21:00:00
199,1268,going,2026-07-26 20:00:00
482,1268,interested,2026-09-16 18:00:00
537,1268,looking_for_buddy,2026-09-02 17:00:00
40,1268,interested,2026-11-18 19:00:00
366,1269,looking_for_buddy,2026-12-09 18:00:00
6,1269,looking_for_buddy,2026-06-04 17:00:00
299,1269,looking_for_buddy,2026-09-26 19:00:00
579,1269,looking_for_buddy,2026-10-24 19:00:00
599,1269,looking_for_buddy,2026-12-22 18:00:00
115,1269,looking_for_buddy,2026-10-08 17:00:00
568,1269,going,2026-06-30 17:00:00
295,1269,interested,2026-10-04 17:00:00
440,1270,going,2026-06-02 21:00:00
599,1270,looking_for_buddy,2026-12-08 18:00:00
129,1270,interested,2026-06-21 17:00:00
366,1270,interested,2026-11-27 18:00:00
6,1270,interested,2026-06-20 17:00:00
389,1270,looking_for_buddy,2026-09-27 19:00:00
579,1270,interested,2026-10-25 19:00:00
115,1270,looking_for_buddy,2026-10-07 17:00:00
287,1271,looking_for_buddy,2026-08-27 20:00:00
503,1271,interested,2026-12-12 21:00:00
196,1271,interested,2026-12-28 21:00:00
347,1271,interested,2026-09-14 17:00:00
477,1271,looking_for_buddy,2026-06-15 20:00:00
154,1271,looking_for_buddy,2026-09-21 18:00:00
188,1271,going,2026-06-22 21:00:00
74,1271,looking_for_buddy,2026-07-14 19:00:00
322,1272,interested,2026-08-01 18:00:00
82,1272,going,2026-06-05 21:00:00
524,1272,looking_for_buddy,2026-07-31 19:00:00
229,1272,looking_for_buddy,2026-12-04 21:00:00
234,1272,interested,2026-12-08 18:00:00
597,1272,interested,2026-09-24 17:00:00
160,1272,looking_for_buddy,2026-09-23 18:00:00
282,1272,interested,2026-11-06 18:00:00
42,1273,going,2026-10-16 21:00:00
476,1273,looking_for_buddy,2027-01-02 18:00:00
528,1273,looking_for_buddy,2026-06-06 17:00:00
584,1273,looking_for_buddy,2026-05-07 18:00:00
98,1273,looking_for_buddy,2026-08-31 17:00:00
639,1273,interested,2026-09-26 21:00:00
374,1273,interested,2026-07-10 21:00:00
195,1273,interested,2026-12-29 21:00:00
18,1274,interested,2026-10-10 19:00:00
286,1274,looking_for_buddy,2026-12-10 20:00:00
579,1274,going,2026-10-16 19:00:00
6,1274,looking_for_buddy,2026-05-31 17:00:00
327,1274,looking_for_buddy,2026-05-29 19:00:00
295,1274,looking_for_buddy,2026-10-12 17:00:00
223,1274,looking_for_buddy,2026-11-09 18:00:00
526,1274,going,2026-07-27 21:00:00
53,1275,looking_for_buddy,2026-10-24 20:00:00
482,1275,looking_for_buddy,2026-09-13 18:00:00
77,1275,looking_for_buddy,2026-11-05 18:00:00
97,1275,going,2026-10-24 19:00:00
564,1275,interested,2026-10-09 21:00:00
345,1275,looking_for_buddy,2026-07-11 17:00:00
560,1275,looking_for_buddy,2026-11-30 21:00:00
170,1275,looking_for_buddy,2026-07-26 17:00:00
256,1276,looking_for_buddy,2026-07-21 17:00:00
224,1276,looking_for_buddy,2026-08-25 21:00:00
564,1276,looking_for_buddy,2026-09-27 21:00:00
149,1276,interested,2026-10-03 21:00:00
56,1276,looking_for_buddy,2026-09-06 21:00:00
629,1276,going,2026-08-11 23:00:00
78,1276,looking_for_buddy,2027-01-18 19:00:00
107,1276,looking_for_buddy,2026-11-07 19:00:00
151,1277,looking_for_buddy,2027-01-11 18:00:00
371,1277,looking_for_buddy,2026-12-04 17:00:00
136,1277,looking_for_buddy,2026-08-17 21:00:00
195,1277,going,2026-12-11 21:00:00
594,1277,looking_for_buddy,2026-09-15 20:00:00
284,1277,interested,2026-09-08 21:00:00
404,1277,going,2026-10-09 20:00:00
98,1277,going,2026-09-11 17:00:00
459,1278,interested,2026-12-29 20:00:00
373,1278,going,2026-10-03 19:00:00
424,1278,going,2026-09-14 17:00:00
105,1278,looking_for_buddy,2026-06-14 21:00:00
267,1278,going,2026-09-19 17:00:00
612,1278,interested,2026-12-04 22:00:00
640,1278,going,2026-08-07 22:00:00
7,1278,looking_for_buddy,2026-09-08 19:00:00
103,1279,interested,2026-07-21 19:00:00
464,1279,looking_for_buddy,2026-09-22 20:00:00
192,1279,interested,2026-10-29 18:00:00
265,1279,going,2026-10-17 18:00:00
370,1279,going,2026-05-27 19:00:00
88,1279,interested,2026-05-18 20:00:00
162,1279,interested,2026-09-09 19:00:00
187,1279,going,2026-12-29 20:00:00
547,1280,going,2026-07-21 20:00:00
553,1280,going,2026-12-20 20:00:00
503,1280,interested,2026-12-15 21:00:00
116,1280,looking_for_buddy,2026-10-02 21:00:00
266,1280,looking_for_buddy,2026-11-30 17:00:00
131,1280,looking_for_buddy,2026-09-23 19:00:00
74,1280,looking_for_buddy,2026-07-17 19:00:00
152,1280,looking_for_buddy,2026-11-30 21:00:00
527,1281,looking_for_buddy,2026-10-07 20:00:00
526,1281,going,2026-08-14 21:00:00
226,1281,looking_for_buddy,2026-09-07 18:00:00
322,1281,going,2026-08-05 18:00:00
456,1281,going,2026-07-17 19:00:00
604,1281,going,2026-07-11 21:00:00
579,1281,looking_for_buddy,2026-10-08 19:00:00
597,1281,looking_for_buddy,2026-09-29 17:00:00
17,1282,looking_for_buddy,2026-06-15 18:00:00
635,1282,interested,2026-06-09 23:00:00
364,1282,going,2027-01-05 19:00:00
552,1282,going,2026-09-20 21:00:00
593,1282,going,2026-11-04 18:00:00
292,1282,interested,2026-12-17 19:00:00
40,1282,looking_for_buddy,2026-11-17 19:00:00
368,1282,looking_for_buddy,2026-09-29 19:00:00
421,1283,looking_for_buddy,2026-09-28 18:00:00
579,1283,looking_for_buddy,2026-10-28 19:00:00
129,1283,looking_for_buddy,2026-07-08 17:00:00
295,1283,going,2026-09-14 17:00:00
8,1283,looking_for_buddy,2026-07-10 18:00:00
481,1283,going,2026-07-10 18:00:00
115,1283,looking_for_buddy,2026-10-17 17:00:00
353,1283,going,2026-06-06 20:00:00
564,1284,looking_for_buddy,2026-10-11 21:00:00
101,1284,looking_for_buddy,2026-11-21 17:00:00
572,1284,looking_for_buddy,2026-11-01 19:00:00
490,1284,looking_for_buddy,2026-08-03 19:00:00
369,1284,interested,2026-12-19 20:00:00
112,1284,going,2026-06-23 21:00:00
483,1284,going,2026-06-18 19:00:00
292,1284,looking_for_buddy,2026-12-31 19:00:00
340,1285,looking_for_buddy,2026-12-10 19:00:00
571,1285,looking_for_buddy,2026-11-26 19:00:00
24,1285,interested,2026-08-01 19:00:00
158,1285,going,2026-08-06 17:00:00
606,1285,going,2026-07-15 21:00:00
20,1285,looking_for_buddy,2026-12-04 20:00:00
118,1285,going,2026-08-02 21:00:00
227,1285,looking_for_buddy,2026-12-29 17:00:00
197,1286,looking_for_buddy,2026-07-09 18:00:00
318,1286,looking_for_buddy,2026-07-04 19:00:00
145,1286,looking_for_buddy,2026-08-02 21:00:00
400,1286,going,2026-10-12 18:00:00
7,1286,looking_for_buddy,2026-09-19 19:00:00
617,1286,looking_for_buddy,2026-10-30 22:00:00
148,1286,looking_for_buddy,2026-11-13 20:00:00
453,1286,looking_for_buddy,2026-08-03 18:00:00
274,1287,going,2026-12-31 19:00:00
47,1287,looking_for_buddy,2026-12-25 21:00:00
92,1287,looking_for_buddy,2026-12-16 21:00:00
277,1287,interested,2026-08-16 19:00:00
326,1287,looking_for_buddy,2026-12-04 21:00:00
130,1287,interested,2026-09-22 18:00:00
62,1287,going,2026-05-09 21:00:00
639,1287,looking_for_buddy,2026-10-08 21:00:00
503,1288,going,2026-12-05 21:00:00
287,1288,interested,2026-08-31 20:00:00
74,1288,looking_for_buddy,2026-07-22 19:00:00
158,1288,looking_for_buddy,2026-07-18 17:00:00
154,1288,going,2026-09-20 18:00:00
495,1288,looking_for_buddy,2026-11-04 21:00:00
313,1288,looking_for_buddy,2026-07-06 19:00:00
423,1288,interested,2026-10-19 18:00:00
192,1289,interested,2026-10-28 18:00:00
265,1289,going,2026-10-17 18:00:00
458,1289,looking_for_buddy,2026-10-02 18:00:00
291,1289,going,2026-07-08 18:00:00
88,1289,looking_for_buddy,2026-06-09 20:00:00
161,1289,interested,2026-11-09 17:00:00
101,1289,looking_for_buddy,2026-12-05 17:00:00
489,1289,looking_for_buddy,2026-12-19 17:00:00
17,1290,going,2026-06-15 18:00:00
161,1290,interested,2026-11-21 17:00:00
364,1290,looking_for_buddy,2027-01-03 19:00:00
482,1290,going,2026-10-07 18:00:00
185,1290,going,2026-10-02 18:00:00
91,1290,interested,2026-08-04 17:00:00
40,1290,looking_for_buddy,2026-10-24 19:00:00
216,1290,going,2026-09-30 20:00:00
389,1291,looking_for_buddy,2026-09-25 19:00:00
64,1291,looking_for_buddy,2026-10-17 18:00:00
527,1291,interested,2026-10-08 20:00:00
604,1291,interested,2026-07-15 21:00:00
115,1291,interested,2026-10-19 17:00:00
295,1291,looking_for_buddy,2026-09-26 17:00:00
8,1291,interested,2026-07-14 18:00:00
338,1291,looking_for_buddy,2026-07-29 17:00:00
60,1292,going,2026-08-18 21:00:00
608,1292,looking_for_buddy,2026-09-10 19:00:00
78,1292,looking_for_buddy,2027-01-11 19:00:00
311,1292,looking_for_buddy,2026-06-03 20:00:00
471,1292,going,2026-12-18 18:00:00
430,1292,looking_for_buddy,2026-07-14 20:00:00
464,1292,looking_for_buddy,2026-09-14 20:00:00
285,1292,interested,2026-10-31 21:00:00
263,1293,looking_for_buddy,2026-07-29 17:00:00
478,1293,looking_for_buddy,2026-05-05 20:00:00
306,1293,interested,2026-07-29 18:00:00
194,1293,going,2026-07-10 19:00:00
497,1293,looking_for_buddy,2026-10-25 19:00:00
138,1293,looking_for_buddy,2026-10-22 18:00:00
620,1293,going,2026-11-10 21:00:00
486,1293,looking_for_buddy,2026-06-21 20:00:00
603,1294,interested,2026-12-22 20:00:00
314,1294,interested,2026-11-02 21:00:00
501,1294,going,2026-08-16 17:00:00
307,1294,interested,2026-10-18 18:00:00
510,1294,going,2026-12-19 18:00:00
539,1294,looking_for_buddy,2026-12-29 18:00:00
274,1294,looking_for_buddy,2026-12-23 19:00:00
486,1294,interested,2026-06-26 20:00:00
566,1295,interested,2026-08-16 18:00:00
98,1295,going,2026-08-26 17:00:00
191,1295,interested,2026-11-24 20:00:00
480,1295,interested,2026-08-21 20:00:00
584,1295,interested,2026-05-31 18:00:00
156,1295,looking_for_buddy,2026-05-20 20:00:00
504,1295,interested,2026-11-11 21:00:00
432,1295,interested,2027-01-01 17:00:00
552,1296,looking_for_buddy,2026-09-21 21:00:00
53,1296,looking_for_buddy,2026-10-09 20:00:00
413,1296,interested,2026-07-13 21:00:00
458,1296,looking_for_buddy,2026-10-12 18:00:00
537,1296,looking_for_buddy,2026-08-30 17:00:00
78,1296,going,2027-01-01 19:00:00
649,1296,going,2026-09-03 23:00:00
368,1296,looking_for_buddy,2026-10-03 19:00:00
334,1297,interested,2026-07-10 18:00:00
421,1297,looking_for_buddy,2026-09-08 18:00:00
19,1297,interested,2026-09-06 20:00:00
456,1297,interested,2026-07-19 19:00:00
579,1297,looking_for_buddy,2026-10-28 19:00:00
15,1297,interested,2026-08-07 18:00:00
160,1297,looking_for_buddy,2026-09-19 18:00:00
142,1297,interested,2026-08-07 18:00:00
418,1298,interested,2026-06-05 18:00:00
595,1298,going,2026-09-23 20:00:00
340,1298,looking_for_buddy,2026-12-23 19:00:00
44,1298,going,2026-06-19 19:00:00
502,1298,looking_for_buddy,2026-09-02 20:00:00
67,1298,going,2026-05-23 20:00:00
177,1298,looking_for_buddy,2026-05-22 20:00:00
323,1298,interested,2026-10-27 19:00:00
359,1299,looking_for_buddy,2026-11-19 19:00:00
495,1299,looking_for_buddy,2026-11-01 21:00:00
595,1299,looking_for_buddy,2026-10-02 20:00:00
418,1299,looking_for_buddy,2026-06-01 18:00:00
479,1299,interested,2026-10-15 19:00:00
70,1299,going,2026-07-29 19:00:00
502,1299,looking_for_buddy,2026-09-17 20:00:00
214,1299,looking_for_buddy,2026-10-10 19:00:00
363,1300,interested,2026-11-15 18:00:00
186,1300,looking_for_buddy,2026-11-28 19:00:00
267,1300,looking_for_buddy,2026-09-15 17:00:00
173,1300,going,2026-07-25 18:00:00
648,1300,interested,2026-12-27 22:00:00
257,1300,looking_for_buddy,2026-10-26 18:00:00
183,1300,interested,2027-01-10 19:00:00
344,1300,going,2026-06-17 18:00:00
292,1301,looking_for_buddy,2026-12-14 19:00:00
549,1301,going,2026-08-31 17:00:00
471,1301,looking_for_buddy,2026-12-28 18:00:00
39,1301,looking_for_buddy,2026-08-10 21:00:00
392,1301,looking_for_buddy,2026-08-21 21:00:00
112,1301,looking_for_buddy,2026-06-27 21:00:00
635,1301,looking_for_buddy,2026-06-15 23:00:00
93,1301,looking_for_buddy,2026-10-28 19:00:00
214,1302,going,2026-10-06 19:00:00
622,1302,looking_for_buddy,2026-12-26 19:00:00
425,1302,looking_for_buddy,2026-07-06 18:00:00
27,1302,interested,2026-10-17 17:00:00
44,1302,looking_for_buddy,2026-06-08 19:00:00
595,1302,looking_for_buddy,2026-09-19 20:00:00
416,1302,looking_for_buddy,2026-06-26 19:00:00
577,1302,looking_for_buddy,2026-07-27 17:00:00
129,1303,interested,2026-06-25 17:00:00
440,1303,looking_for_buddy,2026-06-11 21:00:00
168,1303,looking_for_buddy,2026-07-29 17:00:00
15,1303,looking_for_buddy,2026-08-09 18:00:00
198,1303,interested,2026-06-03 17:00:00
604,1303,interested,2026-07-04 21:00:00
568,1303,looking_for_buddy,2026-06-19 17:00:00
334,1303,interested,2026-07-09 18:00:00
279,1304,looking_for_buddy,2026-11-06 21:00:00
390,1304,going,2026-10-31 21:00:00
54,1304,looking_for_buddy,2026-05-09 19:00:00
568,1304,looking_for_buddy,2026-06-27 17:00:00
6,1304,going,2026-06-11 17:00:00
129,1304,interested,2026-07-16 17:00:00
142,1304,interested,2026-08-05 18:00:00
523,1304,going,2026-10-07 19:00:00
429,1305,going,2026-09-20 19:00:00
522,1305,looking_for_buddy,2026-11-21 17:00:00
315,1305,looking_for_buddy,2026-06-18 18:00:00
521,1305,going,2026-11-05 17:00:00
95,1305,going,2026-07-17 21:00:00
362,1305,looking_for_buddy,2026-06-12 21:00:00
614,1305,looking_for_buddy,2026-09-22 19:00:00
330,1305,looking_for_buddy,2026-11-27 20:00:00
559,1306,going,2026-08-05 18:00:00
295,1306,looking_for_buddy,2026-09-24 17:00:00
160,1306,looking_for_buddy,2026-10-06 18:00:00
419,1306,going,2026-05-27 20:00:00
456,1306,interested,2026-07-11 19:00:00
198,1306,looking_for_buddy,2026-05-23 17:00:00
6,1306,going,2026-06-06 17:00:00
153,1306,going,2026-11-07 19:00:00
283,1307,going,2026-09-13 19:00:00
568,1307,going,2026-06-20 17:00:00
198,1307,going,2026-05-28 17:00:00
221,1307,looking_for_buddy,2026-10-24 20:00:00
223,1307,interested,2026-11-27 18:00:00
523,1307,going,2026-10-03 19:00:00
129,1307,going,2026-06-22 17:00:00
8,1307,looking_for_buddy,2026-06-26 18:00:00
556,1308,looking_for_buddy,2026-12-30 21:00:00
541,1308,going,2026-10-12 20:00:00
659,1308,looking_for_buddy,2026-11-19 23:00:00
125,1308,going,2026-10-31 19:00:00
267,1308,looking_for_buddy,2026-09-29 17:00:00
634,1308,looking_for_buddy,2026-09-24 22:00:00
576,1308,going,2026-05-09 20:00:00
542,1308,going,2026-07-28 20:00:00
182,1309,looking_for_buddy,2026-08-09 20:00:00
453,1309,interested,2026-08-10 18:00:00
459,1309,looking_for_buddy,2027-01-14 20:00:00
487,1309,going,2026-05-29 18:00:00
272,1309,looking_for_buddy,2026-12-31 17:00:00
373,1309,looking_for_buddy,2026-10-28 19:00:00
356,1309,looking_for_buddy,2027-01-19 18:00:00
204,1309,interested,2026-09-09 20:00:00
640,1310,going,2026-08-26 22:00:00
146,1310,interested,2026-07-01 18:00:00
203,1310,going,2026-12-09 19:00:00
453,1310,looking_for_buddy,2026-07-29 18:00:00
267,1310,looking_for_buddy,2026-09-19 17:00:00
648,1310,looking_for_buddy,2026-12-27 22:00:00
249,1310,looking_for_buddy,2026-09-24 19:00:00
141,1310,interested,2026-09-19 18:00:00
595,1311,looking_for_buddy,2026-09-25 20:00:00
495,1311,going,2026-10-21 21:00:00
445,1311,looking_for_buddy,2026-08-15 20:00:00
502,1311,looking_for_buddy,2026-09-05 20:00:00
214,1311,going,2026-10-16 19:00:00
310,1311,interested,2026-08-26 17:00:00
323,1311,going,2026-11-06 19:00:00
607,1311,looking_for_buddy,2026-06-23 21:00:00
568,1312,going,2026-07-01 17:00:00
457,1312,looking_for_buddy,2026-08-19 20:00:00
223,1312,going,2026-11-09 18:00:00
646,1312,going,2026-11-11 21:00:00
4,1312,looking_for_buddy,2027-01-02 21:00:00
523,1312,going,2026-10-04 19:00:00
153,1312,interested,2026-11-19 19:00:00
357,1312,looking_for_buddy,2026-06-20 20:00:00
648,1313,looking_for_buddy,2027-01-12 22:00:00
615,1313,interested,2026-05-24 22:00:00
536,1313,interested,2026-06-24 21:00:00
373,1313,looking_for_buddy,2026-10-08 19:00:00
233,1313,going,2026-05-14 20:00:00
460,1313,looking_for_buddy,2026-06-07 20:00:00
611,1313,looking_for_buddy,2026-06-17 21:00:00
640,1313,going,2026-08-26 22:00:00
168,1314,looking_for_buddy,2026-07-31 17:00:00
338,1314,looking_for_buddy,2026-07-26 17:00:00
19,1314,interested,2026-09-08 20:00:00
331,1314,interested,2026-08-08 21:00:00
579,1314,going,2026-10-12 19:00:00
440,1314,interested,2026-06-17 21:00:00
75,1314,looking_for_buddy,2026-11-20 18:00:00
397,1314,interested,2026-11-08 18:00:00
105,1315,interested,2026-07-01 21:00:00
51,1315,going,2026-09-12 19:00:00
576,1315,looking_for_buddy,2026-05-17 20:00:00
630,1315,looking_for_buddy,2026-11-29 21:00:00
140,1315,going,2026-10-18 19:00:00
289,1315,looking_for_buddy,2026-10-02 17:00:00
315,1315,interested,2026-06-26 18:00:00
399,1315,interested,2026-09-18 18:00:00
6,1316,looking_for_buddy,2026-06-21 17:00:00
390,1316,interested,2026-10-19 21:00:00
229,1316,looking_for_buddy,2026-11-24 21:00:00
338,1316,interested,2026-07-20 17:00:00
448,1316,going,2026-11-09 20:00:00
398,1316,looking_for_buddy,2026-08-20 17:00:00
276,1316,looking_for_buddy,2026-12-19 21:00:00
282,1316,going,2026-11-20 18:00:00
251,1317,looking_for_buddy,2026-10-03 20:00:00
401,1317,interested,2026-06-21 18:00:00
541,1317,going,2026-10-18 20:00:00
222,1317,looking_for_buddy,2026-09-28 19:00:00
570,1317,interested,2026-08-23 19:00:00
556,1317,looking_for_buddy,2027-01-10 21:00:00
533,1317,looking_for_buddy,2026-06-27 17:00:00
388,1317,going,2026-06-10 20:00:00
579,1318,looking_for_buddy,2026-10-29 19:00:00
419,1318,looking_for_buddy,2026-06-04 20:00:00
582,1318,going,2026-12-02 18:00:00
463,1318,interested,2027-01-06 18:00:00
18,1318,going,2026-10-04 19:00:00
509,1318,going,2026-09-25 20:00:00
448,1318,going,2026-11-04 20:00:00
223,1318,looking_for_buddy,2026-11-20 18:00:00
6,1319,going,2026-06-20 17:00:00
390,1319,interested,2026-10-14 21:00:00
48,1319,looking_for_buddy,2026-08-16 19:00:00
334,1319,looking_for_buddy,2026-06-15 18:00:00
579,1319,looking_for_buddy,2026-10-17 19:00:00
461,1319,looking_for_buddy,2026-12-20 17:00:00
15,1319,looking_for_buddy,2026-08-14 18:00:00
305,1319,looking_for_buddy,2026-12-01 18:00:00
38,1320,interested,2026-12-18 20:00:00
552,1320,looking_for_buddy,2026-09-26 21:00:00
449,1320,interested,2026-06-10 18:00:00
413,1320,looking_for_buddy,2026-07-09 21:00:00
458,1320,interested,2026-09-23 18:00:00
53,1320,interested,2026-10-02 20:00:00
250,1320,looking_for_buddy,2026-11-25 18:00:00
265,1320,going,2026-10-17 18:00:00
523,1321,interested,2026-09-27 19:00:00
64,1321,looking_for_buddy,2026-10-10 18:00:00
395,1321,looking_for_buddy,2026-05-25 19:00:00
223,1321,going,2026-11-21 18:00:00
583,1321,looking_for_buddy,2026-06-26 19:00:00
456,1321,looking_for_buddy,2026-07-21 19:00:00
325,1321,going,2026-10-09 20:00:00
355,1321,looking_for_buddy,2026-09-12 18:00:00
432,1322,interested,2026-12-29 17:00:00
85,1322,going,2026-07-26 18:00:00
3,1322,looking_for_buddy,2026-08-30 21:00:00
277,1322,interested,2026-08-20 19:00:00
515,1322,looking_for_buddy,2026-12-03 20:00:00
601,1322,interested,2026-08-20 23:00:00
468,1322,going,2026-07-19 17:00:00
528,1322,interested,2026-06-07 17:00:00
24,1323,interested,2026-07-12 19:00:00
359,1323,interested,2026-10-25 19:00:00
118,1323,looking_for_buddy,2026-08-17 21:00:00
20,1323,looking_for_buddy,2026-12-07 20:00:00
158,1323,looking_for_buddy,2026-07-22 17:00:00
275,1323,going,2026-07-21 21:00:00
624,1323,interested,2026-11-10 21:00:00
446,1323,interested,2026-10-12 21:00:00
132,1324,going,2026-09-22 18:00:00
205,1324,going,2026-12-13 21:00:00
517,1324,going,2026-08-29 19:00:00
446,1324,looking_for_buddy,2026-10-04 21:00:00
177,1324,interested,2026-05-08 20:00:00
493,1324,looking_for_buddy,2026-06-01 19:00:00
422,1324,going,2026-07-06 20:00:00
496,1324,going,2026-10-11 20:00:00
646,1325,looking_for_buddy,2026-11-14 21:00:00
295,1325,looking_for_buddy,2026-09-23 17:00:00
579,1325,looking_for_buddy,2026-10-28 19:00:00
354,1325,interested,2026-12-24 17:00:00
117,1325,looking_for_buddy,2026-08-30 17:00:00
461,1325,looking_for_buddy,2026-12-05 17:00:00
9,1325,interested,2026-07-06 17:00:00
115,1325,interested,2026-10-09 17:00:00
330,1326,looking_for_buddy,2026-11-24 20:00:00
388,1326,interested,2026-07-02 20:00:00
614,1326,looking_for_buddy,2026-09-19 19:00:00
105,1326,looking_for_buddy,2026-06-27 21:00:00
104,1326,looking_for_buddy,2026-11-16 21:00:00
615,1326,going,2026-05-09 22:00:00
51,1326,going,2026-09-07 19:00:00
324,1326,looking_for_buddy,2026-11-13 20:00:00
171,1327,looking_for_buddy,2026-11-02 20:00:00
606,1327,interested,2026-07-27 21:00:00
446,1327,going,2026-10-14 21:00:00
70,1327,looking_for_buddy,2026-08-07 19:00:00
477,1327,looking_for_buddy,2026-05-26 20:00:00
473,1327,looking_for_buddy,2026-12-20 19:00:00
445,1327,going,2026-08-08 20:00:00
624,1327,interested,2026-11-13 21:00:00
223,1328,interested,2026-11-07 18:00:00
583,1328,looking_for_buddy,2026-06-27 19:00:00
234,1328,looking_for_buddy,2026-12-30 18:00:00
590,1328,going,2026-07-16 17:00:00
297,1328,going,2026-10-28 17:00:00
513,1328,looking_for_buddy,2026-06-13 19:00:00
129,1328,looking_for_buddy,2026-06-22 17:00:00
325,1328,interested,2026-10-15 20:00:00
195,1329,looking_for_buddy,2026-12-24 21:00:00
268,1329,interested,2026-08-22 18:00:00
480,1329,interested,2026-08-02 20:00:00
504,1329,interested,2026-12-03 21:00:00
98,1329,interested,2026-08-25 17:00:00
594,1329,looking_for_buddy,2026-09-13 20:00:00
653,1329,going,2026-11-06 23:00:00
658,1329,looking_for_buddy,2026-08-19 23:00:00
486,1330,going,2026-07-12 20:00:00
209,1330,looking_for_buddy,2026-08-22 19:00:00
151,1330,looking_for_buddy,2026-12-29 18:00:00
510,1330,going,2026-12-19 18:00:00
243,1330,looking_for_buddy,2026-12-13 21:00:00
58,1330,interested,2026-10-29 20:00:00
435,1330,looking_for_buddy,2026-09-04 18:00:00
268,1330,going,2026-08-13 18:00:00
258,1331,looking_for_buddy,2026-12-19 17:00:00
251,1331,going,2026-09-22 20:00:00
596,1331,looking_for_buddy,2026-11-21 21:00:00
95,1331,looking_for_buddy,2026-07-17 21:00:00
409,1331,going,2026-10-26 19:00:00
105,1331,looking_for_buddy,2026-07-02 21:00:00
63,1331,interested,2026-12-01 21:00:00
330,1331,looking_for_buddy,2026-11-17 20:00:00
214,1332,looking_for_buddy,2026-10-19 19:00:00
431,1332,looking_for_buddy,2026-06-20 20:00:00
553,1332,going,2026-12-07 20:00:00
22,1332,looking_for_buddy,2026-05-29 17:00:00
210,1332,interested,2026-06-22 21:00:00
176,1332,interested,2026-06-17 19:00:00
595,1332,going,2026-09-07 20:00:00
485,1332,looking_for_buddy,2026-09-06 21:00:00
631,1333,going,2026-06-01 22:00:00
36,1333,looking_for_buddy,2026-06-20 17:00:00
206,1333,looking_for_buddy,2026-10-10 20:00:00
287,1333,looking_for_buddy,2026-08-15 20:00:00
346,1333,looking_for_buddy,2026-05-25 19:00:00
396,1333,going,2026-12-15 18:00:00
445,1333,going,2026-08-12 20:00:00
89,1333,looking_for_buddy,2026-11-14 20:00:00
222,1334,going,2026-10-12 19:00:00
348,1334,interested,2026-07-30 20:00:00
233,1334,going,2026-05-26 20:00:00
429,1334,interested,2026-09-23 19:00:00
615,1334,going,2026-05-13 22:00:00
7,1334,looking_for_buddy,2026-09-20 19:00:00
95,1334,looking_for_buddy,2026-07-25 21:00:00
576,1334,going,2026-05-24 20:00:00
265,1335,going,2026-10-15 18:00:00
39,1335,going,2026-08-27 21:00:00
343,1335,looking_for_buddy,2026-06-15 17:00:00
88,1335,looking_for_buddy,2026-05-25 20:00:00
455,1335,looking_for_buddy,2026-10-05 18:00:00
350,1335,going,2026-10-15 18:00:00
262,1335,looking_for_buddy,2026-09-09 19:00:00
107,1335,interested,2026-11-21 19:00:00
287,1336,interested,2026-08-19 20:00:00
359,1336,interested,2026-11-08 19:00:00
152,1336,interested,2026-11-10 21:00:00
132,1336,interested,2026-09-22 18:00:00
607,1336,interested,2026-06-17 21:00:00
177,1336,going,2026-06-02 20:00:00
493,1336,going,2026-06-11 19:00:00
214,1336,going,2026-10-02 19:00:00
493,1337,interested,2026-05-22 19:00:00
193,1337,looking_for_buddy,2026-05-31 19:00:00
502,1337,looking_for_buddy,2026-09-17 20:00:00
36,1337,looking_for_buddy,2026-07-10 17:00:00
485,1337,interested,2026-09-05 21:00:00
152,1337,going,2026-11-26 21:00:00
496,1337,looking_for_buddy,2026-10-20 20:00:00
188,1337,going,2026-07-10 21:00:00
340,1338,interested,2026-12-06 19:00:00
553,1338,interested,2026-12-11 20:00:00
36,1338,looking_for_buddy,2026-06-24 17:00:00
427,1338,looking_for_buddy,2026-06-09 20:00:00
485,1338,looking_for_buddy,2026-09-12 21:00:00
425,1338,looking_for_buddy,2026-07-12 18:00:00
475,1338,looking_for_buddy,2026-12-03 19:00:00
214,1338,looking_for_buddy,2026-10-25 19:00:00
549,1339,looking_for_buddy,2026-09-08 17:00:00
649,1339,going,2026-09-03 23:00:00
364,1339,looking_for_buddy,2027-01-04 19:00:00
137,1339,going,2026-11-27 20:00:00
292,1339,interested,2026-12-10 19:00:00
224,1339,interested,2026-08-29 21:00:00
35,1339,looking_for_buddy,2026-07-18 19:00:00
174,1339,looking_for_buddy,2026-08-02 20:00:00
267,1340,interested,2026-09-24 17:00:00
32,1340,going,2027-01-19 21:00:00
542,1340,going,2026-07-15 20:00:00
596,1340,looking_for_buddy,2026-11-24 21:00:00
65,1340,looking_for_buddy,2026-10-26 18:00:00
272,1340,going,2026-12-31 17:00:00
308,1340,going,2026-06-14 19:00:00
362,1340,looking_for_buddy,2026-05-31 21:00:00
74,1341,going,2026-08-07 19:00:00
230,1341,going,2026-06-15 18:00:00
100,1341,looking_for_buddy,2026-12-31 17:00:00
496,1341,looking_for_buddy,2026-10-20 20:00:00
425,1341,looking_for_buddy,2026-06-24 18:00:00
132,1341,interested,2026-10-02 18:00:00
270,1341,looking_for_buddy,2026-05-30 19:00:00
547,1341,looking_for_buddy,2026-07-05 20:00:00
584,1342,looking_for_buddy,2026-05-05 18:00:00
435,1342,interested,2026-08-11 18:00:00
476,1342,going,2026-12-16 18:00:00
504,1342,interested,2026-11-12 21:00:00
326,1342,looking_for_buddy,2026-12-17 21:00:00
420,1342,looking_for_buddy,2026-09-07 21:00:00
594,1342,looking_for_buddy,2026-09-12 20:00:00
120,1342,interested,2026-08-21 21:00:00
369,1343,looking_for_buddy,2026-12-26 20:00:00
433,1343,interested,2026-09-24 21:00:00
265,1343,looking_for_buddy,2026-10-17 18:00:00
162,1343,interested,2026-09-15 19:00:00
350,1343,interested,2026-10-11 18:00:00
88,1343,interested,2026-06-06 20:00:00
489,1343,interested,2026-12-21 17:00:00
192,1343,interested,2026-11-24 18:00:00
81,1344,looking_for_buddy,2026-05-31 20:00:00
546,1344,interested,2026-11-06 17:00:00
40,1344,going,2026-11-03 19:00:00
458,1344,looking_for_buddy,2026-09-19 18:00:00
537,1344,going,2026-08-22 17:00:00
53,1344,interested,2026-10-02 20:00:00
483,1344,looking_for_buddy,2026-06-18 19:00:00
60,1344,going,2026-08-25 21:00:00
138,1345,interested,2026-11-03 18:00:00
505,1345,looking_for_buddy,2026-11-23 21:00:00
255,1345,interested,2027-01-13 20:00:00
339,1345,looking_for_buddy,2026-09-04 19:00:00
169,1345,going,2026-07-02 17:00:00
480,1345,interested,2026-08-24 20:00:00
581,1345,looking_for_buddy,2026-11-27 20:00:00
376,1345,looking_for_buddy,2026-06-04 20:00:00
222,1346,going,2026-10-09 19:00:00
460,1346,going,2026-06-13 20:00:00
95,1346,interested,2026-08-03 21:00:00
596,1346,going,2026-12-18 21:00:00
113,1346,looking_for_buddy,2026-11-08 17:00:00
409,1346,looking_for_buddy,2026-10-10 19:00:00
281,1346,looking_for_buddy,2026-08-27 20:00:00
348,1346,going,2026-07-20 20:00:00
16,1347,going,2026-06-21 21:00:00
485,1347,looking_for_buddy,2026-08-24 21:00:00
266,1347,going,2026-12-10 17:00:00
609,1347,looking_for_buddy,2026-05-24 22:00:00
425,1347,looking_for_buddy,2026-07-07 18:00:00
444,1347,looking_for_buddy,2026-08-21 17:00:00
89,1347,interested,2026-11-11 20:00:00
495,1347,interested,2026-10-25 21:00:00
601,1348,looking_for_buddy,2026-09-11 23:00:00
274,1348,interested,2026-12-05 19:00:00
594,1348,interested,2026-10-01 20:00:00
108,1348,interested,2026-07-04 20:00:00
98,1348,looking_for_buddy,2026-09-04 17:00:00
151,1348,looking_for_buddy,2027-01-12 18:00:00
239,1348,looking_for_buddy,2026-12-17 17:00:00
658,1348,looking_for_buddy,2026-08-27 23:00:00
656,1349,interested,2026-09-25 23:00:00
238,1349,interested,2026-11-16 21:00:00
612,1349,looking_for_buddy,2026-11-24 22:00:00
146,1349,looking_for_buddy,2026-07-11 18:00:00
399,1349,going,2026-09-16 18:00:00
249,1349,going,2026-09-06 19:00:00
373,1349,looking_for_buddy,2026-10-21 19:00:00
61,1349,looking_for_buddy,2026-07-19 17:00:00
194,1350,interested,2026-06-25 19:00:00
207,1350,interested,2026-12-26 20:00:00
314,1350,looking_for_buddy,2026-11-15 21:00:00
405,1350,interested,2026-09-24 19:00:00
136,1350,interested,2026-09-08 21:00:00
584,1350,interested,2026-05-18 18:00:00
504,1350,going,2026-11-10 21:00:00
480,1350,interested,2026-08-18 20:00:00
393,1351,interested,2026-06-01 19:00:00
515,1351,looking_for_buddy,2026-11-17 20:00:00
505,1351,going,2026-11-22 21:00:00
138,1351,looking_for_buddy,2026-10-26 18:00:00
539,1351,looking_for_buddy,2026-12-21 18:00:00
156,1351,interested,2026-05-30 20:00:00
432,1351,going,2026-12-20 17:00:00
501,1351,looking_for_buddy,2026-08-12 17:00:00
639,1352,interested,2026-09-24 21:00:00
528,1352,interested,2026-06-22 17:00:00
274,1352,looking_for_buddy,2026-12-10 19:00:00
277,1352,looking_for_buddy,2026-08-09 19:00:00
658,1352,going,2026-09-03 23:00:00
584,1352,looking_for_buddy,2026-05-25 18:00:00
108,1352,looking_for_buddy,2026-06-30 20:00:00
333,1352,interested,2026-06-03 20:00:00
148,1353,interested,2026-11-12 20:00:00
65,1353,going,2026-11-13 18:00:00
281,1353,interested,2026-09-06 20:00:00
197,1353,looking_for_buddy,2026-07-19 18:00:00
335,1353,interested,2026-06-27 19:00:00
520,1353,looking_for_buddy,2026-12-18 18:00:00
201,1353,going,2026-11-06 17:00:00
233,1353,looking_for_buddy,2026-05-10 20:00:00
445,1354,interested,2026-08-20 20:00:00
359,1354,going,2026-11-08 19:00:00
624,1354,looking_for_buddy,2026-11-13 21:00:00
83,1354,looking_for_buddy,2026-09-22 19:00:00
22,1354,looking_for_buddy,2026-06-01 17:00:00
381,1354,interested,2026-10-15 21:00:00
340,1354,looking_for_buddy,2026-12-04 19:00:00
571,1354,looking_for_buddy,2026-12-07 19:00:00
25,1355,interested,2026-08-09 19:00:00
587,1355,looking_for_buddy,2026-10-23 17:00:00
340,1355,going,2026-12-24 19:00:00
266,1355,interested,2026-11-24 17:00:00
475,1355,looking_for_buddy,2026-12-13 19:00:00
496,1355,interested,2026-10-06 20:00:00
36,1355,interested,2026-06-23 17:00:00
488,1355,interested,2026-10-27 19:00:00
566,1356,looking_for_buddy,2026-08-14 18:00:00
432,1356,interested,2026-12-10 17:00:00
47,1356,looking_for_buddy,2026-12-11 21:00:00
139,1356,interested,2026-09-16 19:00:00
191,1356,going,2026-11-30 20:00:00
584,1356,interested,2026-05-25 18:00:00
504,1356,looking_for_buddy,2026-12-02 21:00:00
637,1356,interested,2026-09-15 23:00:00
137,1357,going,2026-11-05 20:00:00
29,1357,looking_for_buddy,2026-12-06 19:00:00
483,1357,looking_for_buddy,2026-06-23 19:00:00
534,1357,looking_for_buddy,2026-11-10 18:00:00
236,1357,interested,2026-12-10 20:00:00
311,1357,looking_for_buddy,2026-05-23 20:00:00
321,1357,interested,2026-05-25 17:00:00
564,1357,going,2026-10-01 21:00:00
584,1358,looking_for_buddy,2026-05-12 18:00:00
195,1358,looking_for_buddy,2026-12-08 21:00:00
435,1358,looking_for_buddy,2026-08-21 18:00:00
594,1358,looking_for_buddy,2026-10-05 20:00:00
194,1358,looking_for_buddy,2026-07-09 19:00:00
414,1358,looking_for_buddy,2026-12-23 18:00:00
156,1358,interested,2026-05-27 20:00:00
259,1358,looking_for_buddy,2026-06-28 17:00:00
568,1359,looking_for_buddy,2026-06-11 17:00:00
59,1359,interested,2026-08-03 20:00:00
325,1359,looking_for_buddy,2026-09-25 20:00:00
73,1359,looking_for_buddy,2026-11-25 21:00:00
600,1359,going,2026-06-29 20:00:00
357,1359,looking_for_buddy,2026-06-28 20:00:00
276,1359,going,2026-12-15 21:00:00
295,1359,interested,2026-09-21 17:00:00
214,1360,looking_for_buddy,2026-10-05 19:00:00
323,1360,going,2026-11-11 19:00:00
171,1360,interested,2026-10-30 20:00:00
57,1360,looking_for_buddy,2026-10-31 21:00:00
44,1360,looking_for_buddy,2026-06-06 19:00:00
595,1360,looking_for_buddy,2026-09-12 20:00:00
441,1360,going,2027-01-05 17:00:00
22,1360,looking_for_buddy,2026-05-26 17:00:00
494,1361,looking_for_buddy,2026-07-29 21:00:00
491,1361,interested,2026-09-14 18:00:00
304,1361,going,2026-07-06 20:00:00
78,1361,interested,2027-01-11 19:00:00
107,1361,looking_for_buddy,2026-11-11 19:00:00
236,1361,looking_for_buddy,2026-11-26 20:00:00
174,1361,going,2026-08-04 20:00:00
530,1361,going,2026-10-31 18:00:00
249,1362,going,2026-09-24 19:00:00
650,1362,looking_for_buddy,2026-10-02 19:00:00
356,1362,looking_for_buddy,2027-01-07 18:00:00
562,1362,looking_for_buddy,2026-08-14 21:00:00
23,1362,going,2026-06-17 19:00:00
647,1362,looking_for_buddy,2026-12-21 19:00:00
409,1362,going,2026-10-17 19:00:00
109,1362,interested,2026-12-19 18:00:00
483,1363,looking_for_buddy,2026-06-16 19:00:00
608,1363,looking_for_buddy,2026-08-26 19:00:00
489,1363,interested,2026-12-12 17:00:00
364,1363,looking_for_buddy,2027-01-13 19:00:00
87,1363,looking_for_buddy,2027-01-05 21:00:00
492,1363,going,2026-11-10 20:00:00
455,1363,going,2026-10-02 18:00:00
192,1363,interested,2026-11-18 18:00:00
260,1364,looking_for_buddy,2026-08-29 20:00:00
60,1364,going,2026-08-27 21:00:00
93,1364,going,2026-10-04 19:00:00
292,1364,looking_for_buddy,2026-12-07 19:00:00
364,1364,looking_for_buddy,2027-01-12 19:00:00
413,1364,looking_for_buddy,2026-06-26 21:00:00
40,1364,going,2026-11-05 19:00:00
572,1364,looking_for_buddy,2026-11-18 19:00:00
655,1365,going,2026-05-17 19:00:00
643,1365,looking_for_buddy,2026-08-29 23:00:00
435,1365,interested,2026-09-03 18:00:00
339,1365,looking_for_buddy,2026-08-08 19:00:00
394,1365,looking_for_buddy,2026-10-18 17:00:00
138,1365,going,2026-10-20 18:00:00
432,1365,going,2026-12-23 17:00:00
402,1365,going,2026-05-24 17:00:00
476,1366,looking_for_buddy,2027-01-01 18:00:00
504,1366,looking_for_buddy,2026-11-21 21:00:00
314,1366,interested,2026-11-11 21:00:00
191,1366,looking_for_buddy,2026-12-14 20:00:00
169,1366,interested,2026-07-02 17:00:00
602,1366,interested,2026-09-17 21:00:00
207,1366,interested,2027-01-09 20:00:00
405,1366,looking_for_buddy,2026-09-17 19:00:00
268,1367,looking_for_buddy,2026-08-20 18:00:00
58,1367,interested,2026-11-21 20:00:00
151,1367,going,2027-01-19 18:00:00
376,1367,going,2026-05-26 20:00:00
566,1367,going,2026-08-27 18:00:00
393,1367,going,2026-05-23 19:00:00
515,1367,looking_for_buddy,2026-11-29 20:00:00
307,1367,going,2026-10-19 18:00:00
128,1368,looking_for_buddy,2026-06-14 17:00:00
493,1368,interested,2026-06-09 19:00:00
100,1368,looking_for_buddy,2027-01-11 17:00:00
177,1368,looking_for_buddy,2026-05-22 20:00:00
205,1368,going,2026-12-05 21:00:00
423,1368,looking_for_buddy,2026-10-11 18:00:00
132,1368,interested,2026-09-09 18:00:00
323,1368,looking_for_buddy,2026-10-26 19:00:00
251,1369,interested,2026-09-22 20:00:00
349,1369,looking_for_buddy,2026-07-29 20:00:00
626,1369,going,2026-05-24 20:00:00
541,1369,looking_for_buddy,2026-10-15 20:00:00
95,1369,going,2026-07-22 21:00:00
556,1369,interested,2026-12-29 21:00:00
373,1369,looking_for_buddy,2026-10-20 19:00:00
51,1369,interested,2026-09-18 19:00:00
420,1370,interested,2026-08-13 21:00:00
284,1370,looking_for_buddy,2026-09-26 21:00:00
452,1370,looking_for_buddy,2026-06-23 20:00:00
106,1370,going,2026-11-07 21:00:00
645,1370,looking_for_buddy,2026-05-14 23:00:00
394,1370,going,2026-11-02 17:00:00
619,1370,going,2026-06-13 22:00:00
336,1370,going,2027-01-09 18:00:00
174,1371,going,2026-07-15 20:00:00
292,1371,interested,2026-12-24 19:00:00
224,1371,interested,2026-09-02 21:00:00
137,1371,looking_for_buddy,2026-11-10 20:00:00
236,1371,looking_for_buddy,2026-12-09 20:00:00
494,1371,going,2026-08-14 21:00:00
78,1371,looking_for_buddy,2027-01-01 19:00:00
192,1371,interested,2026-11-01 18:00:00
554,1372,going,2026-08-20 21:00:00
281,1372,looking_for_buddy,2026-08-30 20:00:00
556,1372,looking_for_buddy,2027-01-09 21:00:00
105,1372,looking_for_buddy,2026-07-06 21:00:00
634,1372,interested,2026-09-22 22:00:00
233,1372,going,2026-05-30 20:00:00
532,1372,looking_for_buddy,2026-09-15 17:00:00
7,1372,interested,2026-09-10 19:00:00
236,1373,looking_for_buddy,2026-11-21 20:00:00
629,1373,looking_for_buddy,2026-08-24 23:00:00
375,1373,looking_for_buddy,2026-10-20 17:00:00
319,1373,interested,2026-12-27 18:00:00
81,1373,looking_for_buddy,2026-05-20 20:00:00
585,1373,going,2026-09-15 19:00:00
491,1373,interested,2026-09-04 18:00:00
78,1373,interested,2026-12-31 19:00:00
549,1374,interested,2026-09-09 17:00:00
369,1374,looking_for_buddy,2026-12-15 20:00:00
93,1374,going,2026-10-06 19:00:00
572,1374,going,2026-11-11 19:00:00
490,1374,going,2026-07-14 19:00:00
537,1374,interested,2026-08-19 17:00:00
192,1374,looking_for_buddy,2026-11-07 18:00:00
185,1374,interested,2026-10-02 18:00:00
526,1375,interested,2026-08-12 21:00:00
507,1375,looking_for_buddy,2026-12-28 21:00:00
15,1375,interested,2026-07-28 18:00:00
293,1375,looking_for_buddy,2026-05-14 20:00:00
49,1375,looking_for_buddy,2026-08-30 18:00:00
354,1375,looking_for_buddy,2026-11-28 17:00:00
18,1375,going,2026-10-25 19:00:00
575,1375,going,2026-07-10 20:00:00
176,1376,looking_for_buddy,2026-07-03 19:00:00
493,1376,interested,2026-05-22 19:00:00
396,1376,interested,2026-12-13 18:00:00
595,1376,looking_for_buddy,2026-09-29 20:00:00
214,1376,looking_for_buddy,2026-10-07 19:00:00
622,1376,going,2026-12-09 19:00:00
118,1376,looking_for_buddy,2026-08-01 21:00:00
294,1376,looking_for_buddy,2026-11-07 17:00:00
493,1377,going,2026-06-09 19:00:00
313,1377,going,2026-06-22 19:00:00
412,1377,going,2026-09-25 20:00:00
312,1377,looking_for_buddy,2026-06-04 17:00:00
16,1377,looking_for_buddy,2026-06-24 21:00:00
485,1377,looking_for_buddy,2026-09-02 21:00:00
496,1377,going,2026-10-28 20:00:00
152,1377,looking_for_buddy,2026-11-14 21:00:00
620,1378,going,2026-11-01 21:00:00
602,1378,looking_for_buddy,2026-09-11 21:00:00
108,1378,looking_for_buddy,2026-07-20 20:00:00
351,1378,interested,2026-05-27 19:00:00
151,1378,looking_for_buddy,2027-01-23 18:00:00
379,1378,interested,2026-10-30 20:00:00
486,1378,looking_for_buddy,2026-07-13 20:00:00
639,1378,looking_for_buddy,2026-10-05 21:00:00
20,1379,interested,2026-11-24 20:00:00
158,1379,going,2026-08-12 17:00:00
496,1379,going,2026-10-28 20:00:00
22,1379,looking_for_buddy,2026-06-05 17:00:00
445,1379,interested,2026-08-08 20:00:00
214,1379,going,2026-10-04 19:00:00
275,1379,looking_for_buddy,2026-07-31 21:00:00
587,1379,looking_for_buddy,2026-10-06 17:00:00
313,1380,looking_for_buddy,2026-07-14 19:00:00
621,1380,looking_for_buddy,2026-08-26 23:00:00
631,1380,interested,2026-05-28 22:00:00
503,1380,looking_for_buddy,2026-12-15 21:00:00
347,1380,interested,2026-09-15 17:00:00
214,1380,looking_for_buddy,2026-10-02 19:00:00
269,1380,looking_for_buddy,2026-10-13 18:00:00
36,1380,looking_for_buddy,2026-06-28 17:00:00
40,1381,interested,2026-11-11 19:00:00
608,1381,going,2026-09-07 19:00:00
180,1381,interested,2026-10-19 19:00:00
55,1381,interested,2026-10-21 17:00:00
60,1381,going,2026-08-19 21:00:00
483,1381,looking_for_buddy,2026-06-14 19:00:00
537,1381,looking_for_buddy,2026-08-23 17:00:00
385,1381,interested,2026-09-30 18:00:00
90,1382,going,2026-10-10 18:00:00
223,1382,going,2026-11-26 18:00:00
646,1382,looking_for_buddy,2026-11-15 21:00:00
457,1382,interested,2026-08-04 20:00:00
282,1382,interested,2026-11-03 18:00:00
129,1382,looking_for_buddy,2026-07-08 17:00:00
568,1382,interested,2026-06-30 17:00:00
583,1382,looking_for_buddy,2026-06-28 19:00:00
504,1383,looking_for_buddy,2026-12-03 21:00:00
98,1383,going,2026-08-28 17:00:00
3,1383,interested,2026-08-22 21:00:00
528,1383,looking_for_buddy,2026-06-15 17:00:00
207,1383,looking_for_buddy,2026-12-27 20:00:00
300,1383,interested,2026-12-28 19:00:00
658,1383,looking_for_buddy,2026-09-04 23:00:00
638,1383,looking_for_buddy,2026-05-17 22:00:00
151,1384,interested,2027-01-15 18:00:00
58,1384,looking_for_buddy,2026-10-31 20:00:00
510,1384,looking_for_buddy,2026-12-13 18:00:00
194,1384,looking_for_buddy,2026-06-25 19:00:00
351,1384,going,2026-05-12 19:00:00
566,1384,interested,2026-08-30 18:00:00
10,1384,looking_for_buddy,2026-11-03 17:00:00
376,1384,interested,2026-05-30 20:00:00
76,1385,looking_for_buddy,2027-01-02 17:00:00
364,1385,looking_for_buddy,2027-01-11 19:00:00
564,1385,looking_for_buddy,2026-10-15 21:00:00
546,1385,going,2026-11-10 17:00:00
77,1385,going,2026-11-07 18:00:00
192,1385,interested,2026-11-20 18:00:00
97,1385,looking_for_buddy,2026-10-24 19:00:00
392,1385,looking_for_buddy,2026-08-13 21:00:00
641,1386,going,2026-12-28 20:00:00
374,1386,looking_for_buddy,2026-07-15 21:00:00
85,1386,interested,2026-07-30 18:00:00
212,1386,interested,2026-12-07 19:00:00
284,1386,interested,2026-09-27 21:00:00
237,1386,looking_for_buddy,2026-10-14 19:00:00
243,1386,looking_for_buddy,2026-11-26 21:00:00
480,1386,interested,2026-08-26 20:00:00
7,1387,going,2026-09-30 19:00:00
308,1387,looking_for_buddy,2026-06-10 19:00:00
105,1387,going,2026-06-25 21:00:00
424,1387,looking_for_buddy,2026-09-05 17:00:00
409,1387,looking_for_buddy,2026-10-27 19:00:00
145,1387,interested,2026-08-13 21:00:00
612,1387,going,2026-12-13 22:00:00
630,1387,going,2026-11-04 21:00:00
214,1388,going,2026-10-02 19:00:00
383,1388,looking_for_buddy,2026-07-02 20:00:00
206,1388,going,2026-10-05 20:00:00
346,1388,going,2026-05-25 19:00:00
607,1388,looking_for_buddy,2026-06-23 21:00:00
176,1388,interested,2026-06-12 19:00:00
624,1388,going,2026-11-17 21:00:00
441,1388,looking_for_buddy,2027-01-08 17:00:00
652,1389,looking_for_buddy,2026-08-31 23:00:00
88,1389,going,2026-05-17 20:00:00
81,1389,looking_for_buddy,2026-06-01 20:00:00
458,1389,interested,2026-10-12 18:00:00
385,1389,looking_for_buddy,2026-09-21 18:00:00
91,1389,going,2026-08-26 17:00:00
413,1389,interested,2026-07-24 21:00:00
560,1389,going,2026-12-16 21:00:00
480,1390,going,2026-08-09 20:00:00
505,1390,going,2026-11-30 21:00:00
452,1390,looking_for_buddy,2026-06-10 20:00:00
62,1390,looking_for_buddy,2026-05-17 21:00:00
566,1390,going,2026-08-18 18:00:00
387,1390,looking_for_buddy,2026-08-19 18:00:00
298,1390,interested,2026-08-06 17:00:00
50,1390,interested,2026-05-22 21:00:00
334,1391,going,2026-06-13 18:00:00
470,1391,interested,2026-09-26 18:00:00
523,1391,interested,2026-09-19 19:00:00
305,1391,looking_for_buddy,2026-11-19 18:00:00
568,1391,interested,2026-06-29 17:00:00
122,1391,going,2026-06-26 17:00:00
506,1391,looking_for_buddy,2026-08-27 21:00:00
19,1391,looking_for_buddy,2026-09-04 20:00:00
563,1392,looking_for_buddy,2026-06-14 18:00:00
203,1392,looking_for_buddy,2026-12-27 19:00:00
133,1392,interested,2026-07-11 19:00:00
105,1392,looking_for_buddy,2026-06-13 21:00:00
252,1392,looking_for_buddy,2026-06-05 19:00:00
399,1392,going,2026-09-02 18:00:00
542,1392,looking_for_buddy,2026-08-01 20:00:00
640,1392,looking_for_buddy,2026-08-28 22:00:00
130,1393,looking_for_buddy,2026-10-12 18:00:00
387,1393,looking_for_buddy,2026-08-09 18:00:00
402,1393,looking_for_buddy,2026-06-14 17:00:00
264,1393,looking_for_buddy,2026-06-22 21:00:00
341,1393,looking_for_buddy,2026-06-14 21:00:00
138,1393,looking_for_buddy,2026-11-09 18:00:00
50,1393,looking_for_buddy,2026-06-03 21:00:00
102,1393,looking_for_buddy,2026-07-31 17:00:00
152,1394,looking_for_buddy,2026-11-13 21:00:00
587,1394,looking_for_buddy,2026-09-29 17:00:00
16,1394,looking_for_buddy,2026-06-15 21:00:00
347,1394,looking_for_buddy,2026-10-03 17:00:00
118,1394,looking_for_buddy,2026-07-22 21:00:00
485,1394,going,2026-09-06 21:00:00
158,1394,interested,2026-08-08 17:00:00
67,1394,looking_for_buddy,2026-05-10 20:00:00
614,1395,looking_for_buddy,2026-10-08 19:00:00
330,1395,looking_for_buddy,2026-11-30 20:00:00
556,1395,looking_for_buddy,2026-12-31 21:00:00
281,1395,looking_for_buddy,2026-08-25 20:00:00
570,1395,looking_for_buddy,2026-08-19 19:00:00
554,1395,looking_for_buddy,2026-08-31 21:00:00
532,1395,interested,2026-10-10 17:00:00
373,1395,interested,2026-10-14 19:00:00
327,1396,going,2026-06-02 19:00:00
82,1396,looking_for_buddy,2026-06-01 21:00:00
18,1396,interested,2026-10-27 19:00:00
293,1396,looking_for_buddy,2026-05-31 20:00:00
543,1396,interested,2026-12-13 19:00:00
226,1396,interested,2026-08-28 18:00:00
286,1396,going,2027-01-02 20:00:00
421,1396,looking_for_buddy,2026-09-03 18:00:00
558,1397,looking_for_buddy,2026-08-20 18:00:00
490,1397,interested,2026-07-22 19:00:00
224,1397,looking_for_buddy,2026-08-08 21:00:00
174,1397,going,2026-08-08 20:00:00
236,1397,looking_for_buddy,2026-11-28 20:00:00
629,1397,looking_for_buddy,2026-08-31 23:00:00
494,1397,looking_for_buddy,2026-07-28 21:00:00
491,1397,looking_for_buddy,2026-09-13 18:00:00
393,1398,looking_for_buddy,2026-05-27 19:00:00
574,1398,interested,2026-10-02 19:00:00
432,1398,interested,2026-12-14 17:00:00
169,1398,looking_for_buddy,2026-06-09 17:00:00
314,1398,interested,2026-11-10 21:00:00
566,1398,looking_for_buddy,2026-09-04 18:00:00
573,1398,going,2026-10-28 18:00:00
296,1398,looking_for_buddy,2027-01-14 21:00:00
32,1399,looking_for_buddy,2027-01-11 21:00:00
105,1399,interested,2026-06-14 21:00:00
222,1399,interested,2026-10-14 19:00:00
399,1399,interested,2026-09-13 18:00:00
249,1399,looking_for_buddy,2026-09-23 19:00:00
459,1399,looking_for_buddy,2026-12-21 20:00:00
23,1399,going,2026-06-07 19:00:00
615,1399,interested,2026-05-18 22:00:00
480,1400,looking_for_buddy,2026-08-19 20:00:00
274,1400,going,2026-12-31 19:00:00
179,1400,looking_for_buddy,2026-08-30 18:00:00
505,1400,looking_for_buddy,2026-11-10 21:00:00
655,1400,going,2026-05-22 19:00:00
169,1400,going,2026-06-29 17:00:00
435,1400,looking_for_buddy,2026-08-20 18:00:00
393,1400,going,2026-05-24 19:00:00
395,1401,interested,2026-06-09 19:00:00
59,1401,going,2026-07-22 20:00:00
19,1401,looking_for_buddy,2026-09-07 20:00:00
223,1401,looking_for_buddy,2026-11-14 18:00:00
28,1401,going,2026-07-29 19:00:00
390,1401,going,2026-10-12 21:00:00
129,1401,interested,2026-07-05 17:00:00
334,1401,looking_for_buddy,2026-07-05 18:00:00
120,1402,interested,2026-08-08 21:00:00
92,1402,interested,2026-12-16 21:00:00
26,1402,going,2026-08-11 18:00:00
566,1402,going,2026-08-19 18:00:00
274,1402,interested,2026-12-06 19:00:00
573,1402,looking_for_buddy,2026-10-03 18:00:00
540,1402,looking_for_buddy,2026-05-19 17:00:00
411,1402,interested,2026-07-13 17:00:00
133,1403,interested,2026-07-17 19:00:00
361,1403,interested,2026-10-06 17:00:00
240,1403,looking_for_buddy,2026-08-17 19:00:00
596,1403,interested,2026-11-30 21:00:00
525,1403,going,2026-10-02 17:00:00
257,1403,interested,2026-10-24 18:00:00
173,1403,looking_for_buddy,2026-07-22 18:00:00
315,1403,going,2026-06-19 18:00:00
587,1404,going,2026-10-19 17:00:00
517,1404,going,2026-09-11 19:00:00
193,1404,looking_for_buddy,2026-06-20 19:00:00
416,1404,interested,2026-06-26 19:00:00
475,1404,going,2026-12-12 19:00:00
269,1404,going,2026-09-30 18:00:00
340,1404,looking_for_buddy,2026-12-10 19:00:00
623,1404,going,2026-10-10 20:00:00
141,1405,interested,2026-09-28 18:00:00
65,1405,looking_for_buddy,2026-11-04 18:00:00
400,1405,looking_for_buddy,2026-09-17 18:00:00
7,1405,looking_for_buddy,2026-09-28 19:00:00
104,1405,looking_for_buddy,2026-11-20 21:00:00
211,1405,looking_for_buddy,2026-07-01 18:00:00
650,1405,looking_for_buddy,2026-09-26 19:00:00
105,1405,interested,2026-07-09 21:00:00
214,1406,looking_for_buddy,2026-10-01 19:00:00
310,1406,interested,2026-09-01 17:00:00
425,1406,looking_for_buddy,2026-06-21 18:00:00
176,1406,looking_for_buddy,2026-06-30 19:00:00
595,1406,interested,2026-10-03 20:00:00
577,1406,looking_for_buddy,2026-08-08 17:00:00
184,1406,looking_for_buddy,2026-11-04 18:00:00
177,1406,looking_for_buddy,2026-05-30 20:00:00
621,1407,looking_for_buddy,2026-09-18 23:00:00
340,1407,interested,2026-12-24 19:00:00
288,1407,interested,2026-08-08 19:00:00
218,1407,looking_for_buddy,2026-06-07 19:00:00
232,1407,going,2026-11-12 21:00:00
412,1407,looking_for_buddy,2026-09-13 20:00:00
25,1407,interested,2026-08-18 19:00:00
214,1407,looking_for_buddy,2026-10-01 19:00:00
195,1408,interested,2026-12-05 21:00:00
106,1408,interested,2026-11-20 21:00:00
581,1408,looking_for_buddy,2026-12-17 20:00:00
336,1408,going,2027-01-06 18:00:00
638,1408,looking_for_buddy,2026-05-25 22:00:00
432,1408,interested,2026-12-21 17:00:00
156,1408,looking_for_buddy,2026-05-28 20:00:00
138,1408,going,2026-11-02 18:00:00
370,1409,looking_for_buddy,2026-05-18 19:00:00
408,1409,looking_for_buddy,2026-09-02 20:00:00
180,1409,looking_for_buddy,2026-10-24 19:00:00
170,1409,going,2026-08-01 17:00:00
185,1409,looking_for_buddy,2026-10-12 18:00:00
613,1409,interested,2026-09-20 23:00:00
489,1409,going,2026-12-20 17:00:00
265,1409,looking_for_buddy,2026-11-08 18:00:00
489,1410,looking_for_buddy,2027-01-07 17:00:00
40,1410,going,2026-11-01 19:00:00
17,1410,looking_for_buddy,2026-06-28 18:00:00
649,1410,looking_for_buddy,2026-08-22 23:00:00
345,1410,interested,2026-07-16 17:00:00
216,1410,interested,2026-09-25 20:00:00
343,1410,looking_for_buddy,2026-06-11 17:00:00
392,1410,going,2026-08-07 21:00:00
361,1411,looking_for_buddy,2026-10-12 17:00:00
654,1411,interested,2026-08-17 23:00:00
429,1411,looking_for_buddy,2026-09-24 19:00:00
532,1411,looking_for_buddy,2026-09-21 17:00:00
614,1411,going,2026-09-13 19:00:00
570,1411,looking_for_buddy,2026-08-24 19:00:00
459,1411,looking_for_buddy,2026-12-21 20:00:00
554,1411,going,2026-08-25 21:00:00
376,1412,looking_for_buddy,2026-05-25 20:00:00
393,1412,going,2026-05-10 19:00:00
658,1412,interested,2026-09-06 23:00:00
52,1412,looking_for_buddy,2026-12-16 20:00:00
298,1412,going,2026-07-31 17:00:00
402,1412,looking_for_buddy,2026-06-17 17:00:00
544,1412,looking_for_buddy,2026-12-20 20:00:00
237,1412,interested,2026-10-02 19:00:00
616,1413,looking_for_buddy,2026-10-27 19:00:00
183,1413,looking_for_buddy,2026-12-22 19:00:00
11,1413,going,2026-09-16 19:00:00
605,1413,looking_for_buddy,2026-07-03 19:00:00
281,1413,interested,2026-08-30 20:00:00
330,1413,interested,2026-12-04 20:00:00
525,1413,looking_for_buddy,2026-10-11 17:00:00
240,1413,going,2026-08-16 19:00:00
616,1414,looking_for_buddy,2026-11-05 19:00:00
453,1414,looking_for_buddy,2026-07-25 18:00:00
415,1414,looking_for_buddy,2026-07-08 21:00:00
644,1414,looking_for_buddy,2026-07-17 21:00:00
318,1414,going,2026-07-11 19:00:00
592,1414,interested,2026-07-17 21:00:00
7,1414,interested,2026-09-20 19:00:00
72,1414,looking_for_buddy,2026-09-14 21:00:00
574,1415,looking_for_buddy,2026-10-04 19:00:00
374,1415,going,2026-07-07 21:00:00
108,1415,looking_for_buddy,2026-07-13 20:00:00
277,1415,going,2026-08-20 19:00:00
393,1415,looking_for_buddy,2026-05-25 19:00:00
296,1415,looking_for_buddy,2027-01-14 21:00:00
544,1415,going,2027-01-09 20:00:00
499,1415,interested,2026-07-28 17:00:00
334,1416,interested,2026-07-09 18:00:00
19,1416,going,2026-08-27 20:00:00
568,1416,interested,2026-06-19 17:00:00
395,1416,going,2026-06-07 19:00:00
583,1416,going,2026-06-23 19:00:00
229,1416,looking_for_buddy,2026-12-05 21:00:00
325,1416,looking_for_buddy,2026-09-25 20:00:00
467,1416,looking_for_buddy,2026-09-04 17:00:00
18,1417,looking_for_buddy,2026-10-05 19:00:00
440,1417,looking_for_buddy,2026-06-15 21:00:00
322,1417,looking_for_buddy,2026-08-07 18:00:00
75,1417,interested,2026-11-18 18:00:00
579,1417,going,2026-10-22 19:00:00
524,1417,going,2026-07-27 19:00:00
354,1417,looking_for_buddy,2026-12-16 17:00:00
355,1417,going,2026-09-02 18:00:00
433,1418,looking_for_buddy,2026-09-21 21:00:00
5,1418,looking_for_buddy,2027-01-07 19:00:00
265,1418,looking_for_buddy,2026-10-20 18:00:00
192,1418,looking_for_buddy,2026-11-23 18:00:00
87,1418,looking_for_buddy,2026-12-18 21:00:00
350,1418,interested,2026-10-23 18:00:00
564,1418,interested,2026-10-12 21:00:00
88,1418,looking_for_buddy,2026-05-19 20:00:00
40,1419,looking_for_buddy,2026-11-03 19:00:00
236,1419,looking_for_buddy,2026-11-26 20:00:00
413,1419,looking_for_buddy,2026-07-04 21:00:00
368,1419,going,2026-09-16 19:00:00
451,1419,interested,2026-11-22 18:00:00
81,1419,interested,2026-05-29 20:00:00
635,1419,looking_for_buddy,2026-06-09 23:00:00
30,1419,looking_for_buddy,2026-11-30 21:00:00
260,1420,going,2026-08-29 20:00:00
546,1420,going,2026-11-27 17:00:00
91,1420,going,2026-08-20 17:00:00
537,1420,looking_for_buddy,2026-09-03 17:00:00
250,1420,going,2026-12-18 18:00:00
170,1420,going,2026-08-10 17:00:00
413,1420,interested,2026-06-26 21:00:00
56,1420,looking_for_buddy,2026-09-23 21:00:00
618,1421,looking_for_buddy,2026-08-06 20:00:00
621,1421,looking_for_buddy,2026-09-14 23:00:00
14,1421,looking_for_buddy,2026-08-29 21:00:00
587,1421,going,2026-09-26 17:00:00
214,1421,going,2026-10-07 19:00:00
571,1421,interested,2026-12-05 19:00:00
287,1421,looking_for_buddy,2026-08-24 20:00:00
210,1421,going,2026-07-10 21:00:00
177,1422,looking_for_buddy,2026-05-28 20:00:00
175,1422,looking_for_buddy,2026-09-20 17:00:00
214,1422,interested,2026-09-30 19:00:00
493,1422,looking_for_buddy,2026-06-11 19:00:00
152,1422,going,2026-11-17 21:00:00
132,1422,looking_for_buddy,2026-09-20 18:00:00
118,1422,interested,2026-08-03 21:00:00
423,1422,looking_for_buddy,2026-10-01 18:00:00
330,1423,going,2026-12-06 20:00:00
592,1423,interested,2026-07-13 21:00:00
65,1423,interested,2026-10-19 18:00:00
615,1423,looking_for_buddy,2026-05-27 22:00:00
281,1423,going,2026-08-19 20:00:00
201,1423,looking_for_buddy,2026-10-17 17:00:00
388,1423,looking_for_buddy,2026-06-12 20:00:00
596,1423,interested,2026-12-02 21:00:00
198,1424,looking_for_buddy,2026-05-31 17:00:00
293,1424,looking_for_buddy,2026-05-29 20:00:00
456,1424,going,2026-07-03 19:00:00
13,1424,looking_for_buddy,2026-08-12 17:00:00
358,1424,going,2026-11-15 19:00:00
352,1424,going,2026-08-12 20:00:00
559,1424,going,2026-08-25 18:00:00
334,1424,interested,2026-06-19 18:00:00
624,1425,looking_for_buddy,2026-11-18 21:00:00
214,1425,looking_for_buddy,2026-10-03 19:00:00
485,1425,going,2026-09-07 21:00:00
422,1425,going,2026-07-07 20:00:00
24,1425,interested,2026-08-01 19:00:00
177,1425,looking_for_buddy,2026-05-08 20:00:00
158,1425,looking_for_buddy,2026-08-11 17:00:00
89,1425,interested,2026-12-04 20:00:00
612,1426,going,2026-12-01 22:00:00
111,1426,looking_for_buddy,2026-06-21 21:00:00
105,1426,looking_for_buddy,2026-06-25 21:00:00
330,1426,looking_for_buddy,2026-12-10 20:00:00
409,1426,interested,2026-10-27 19:00:00
400,1426,interested,2026-09-21 18:00:00
61,1426,going,2026-07-15 17:00:00
650,1426,going,2026-09-30 19:00:00
425,1427,looking_for_buddy,2026-07-10 18:00:00
547,1427,looking_for_buddy,2026-07-05 20:00:00
412,1427,going,2026-09-28 20:00:00
206,1427,looking_for_buddy,2026-10-23 20:00:00
436,1427,looking_for_buddy,2026-09-18 21:00:00
444,1427,looking_for_buddy,2026-09-08 17:00:00
396,1427,going,2026-12-17 18:00:00
89,1427,looking_for_buddy,2026-11-25 20:00:00
480,1428,looking_for_buddy,2026-08-11 20:00:00
379,1428,looking_for_buddy,2026-10-17 20:00:00
300,1428,going,2027-01-21 19:00:00
504,1428,looking_for_buddy,2026-11-13 21:00:00
209,1428,looking_for_buddy,2026-08-02 19:00:00
414,1428,looking_for_buddy,2027-01-03 18:00:00
31,1428,interested,2026-09-15 17:00:00
195,1428,looking_for_buddy,2026-12-28 21:00:00
154,1429,interested,2026-09-14 18:00:00
340,1429,looking_for_buddy,2026-12-08 19:00:00
193,1429,interested,2026-06-23 19:00:00
206,1429,interested,2026-10-24 20:00:00
25,1429,interested,2026-08-05 19:00:00
609,1429,going,2026-05-18 22:00:00
288,1429,looking_for_buddy,2026-08-28 19:00:00
36,1429,looking_for_buddy,2026-07-12 17:00:00
602,1430,looking_for_buddy,2026-09-30 21:00:00
151,1430,going,2027-01-10 18:00:00
300,1430,looking_for_buddy,2026-12-26 19:00:00
98,1430,looking_for_buddy,2026-09-10 17:00:00
178,1430,looking_for_buddy,2026-05-13 20:00:00
195,1430,interested,2026-12-06 21:00:00
645,1430,looking_for_buddy,2026-05-21 23:00:00
120,1430,looking_for_buddy,2026-08-05 21:00:00
25,1431,looking_for_buddy,2026-08-17 19:00:00
323,1431,looking_for_buddy,2026-11-07 19:00:00
427,1431,going,2026-06-01 20:00:00
214,1431,interested,2026-10-01 19:00:00
577,1431,looking_for_buddy,2026-08-01 17:00:00
176,1431,going,2026-06-14 19:00:00
511,1431,interested,2027-01-02 17:00:00
623,1431,going,2026-09-30 20:00:00
92,1432,going,2026-12-01 21:00:00
242,1432,looking_for_buddy,2026-11-14 19:00:00
497,1432,looking_for_buddy,2026-10-23 19:00:00
2,1432,looking_for_buddy,2026-06-17 17:00:00
328,1432,looking_for_buddy,2026-11-19 18:00:00
387,1432,interested,2026-09-04 18:00:00
510,1432,looking_for_buddy,2027-01-01 18:00:00
102,1432,going,2026-08-07 17:00:00
184,1433,looking_for_buddy,2026-10-17 18:00:00
214,1433,interested,2026-10-12 19:00:00
323,1433,looking_for_buddy,2026-11-01 19:00:00
176,1433,looking_for_buddy,2026-06-14 19:00:00
418,1433,looking_for_buddy,2026-06-15 18:00:00
44,1433,looking_for_buddy,2026-06-20 19:00:00
412,1433,going,2026-09-16 20:00:00
154,1433,interested,2026-09-28 18:00:00
409,1434,looking_for_buddy,2026-10-24 19:00:00
429,1434,going,2026-09-12 19:00:00
113,1434,looking_for_buddy,2026-12-06 17:00:00
217,1434,going,2026-12-23 18:00:00
335,1434,going,2026-06-06 19:00:00
308,1434,going,2026-06-01 19:00:00
459,1434,looking_for_buddy,2027-01-04 20:00:00
388,1434,going,2026-07-03 20:00:00
213,1435,going,2026-08-21 19:00:00
624,1435,looking_for_buddy,2026-10-27 21:00:00
359,1435,interested,2026-10-28 19:00:00
606,1435,looking_for_buddy,2026-07-22 21:00:00
378,1435,looking_for_buddy,2026-06-05 18:00:00
287,1435,going,2026-09-04 20:00:00
232,1435,looking_for_buddy,2026-11-10 21:00:00
247,1435,looking_for_buddy,2026-08-11 17:00:00
214,1436,looking_for_buddy,2026-10-14 19:00:00
607,1436,looking_for_buddy,2026-07-05 21:00:00
323,1436,looking_for_buddy,2026-11-18 19:00:00
622,1436,interested,2027-01-03 19:00:00
609,1436,looking_for_buddy,2026-05-26 22:00:00
496,1436,looking_for_buddy,2026-10-16 20:00:00
427,1436,looking_for_buddy,2026-05-29 20:00:00
511,1436,interested,2026-12-13 17:00:00
425,1437,looking_for_buddy,2026-07-01 18:00:00
485,1437,interested,2026-08-25 21:00:00
275,1437,interested,2026-08-07 21:00:00
396,1437,going,2026-12-03 18:00:00
177,1437,looking_for_buddy,2026-05-19 20:00:00
609,1437,looking_for_buddy,2026-05-31 22:00:00
446,1437,going,2026-10-16 21:00:00
247,1437,interested,2026-07-16 17:00:00
194,1438,looking_for_buddy,2026-06-22 19:00:00
212,1438,looking_for_buddy,2026-12-22 19:00:00
284,1438,looking_for_buddy,2026-09-08 21:00:00
411,1438,going,2026-07-06 17:00:00
519,1438,looking_for_buddy,2026-10-20 20:00:00
393,1438,looking_for_buddy,2026-05-24 19:00:00
641,1438,interested,2026-12-29 20:00:00
404,1438,looking_for_buddy,2026-10-21 20:00:00
456,1439,looking_for_buddy,2026-07-08 19:00:00
338,1439,looking_for_buddy,2026-08-04 17:00:00
6,1439,looking_for_buddy,2026-06-12 17:00:00
568,1439,interested,2026-06-23 17:00:00
276,1439,going,2026-12-22 21:00:00
390,1439,looking_for_buddy,2026-10-12 21:00:00
481,1439,looking_for_buddy,2026-07-09 18:00:00
129,1439,looking_for_buddy,2026-07-10 17:00:00
126,1440,interested,2026-11-08 18:00:00
63,1440,looking_for_buddy,2026-11-24 21:00:00
508,1440,interested,2026-12-28 17:00:00
233,1440,interested,2026-05-08 20:00:00
61,1440,looking_for_buddy,2026-07-18 17:00:00
561,1440,looking_for_buddy,2026-06-17 21:00:00
222,1440,looking_for_buddy,2026-09-29 19:00:00
615,1440,going,2026-05-29 22:00:00
338,1441,interested,2026-07-21 17:00:00
568,1441,looking_for_buddy,2026-06-19 17:00:00
8,1441,looking_for_buddy,2026-07-21 18:00:00
646,1441,interested,2026-10-23 21:00:00
223,1441,going,2026-11-28 18:00:00
600,1441,looking_for_buddy,2026-06-25 20:00:00
516,1441,looking_for_buddy,2026-11-09 18:00:00
6,1441,looking_for_buddy,2026-06-08 17:00:00
185,1442,looking_for_buddy,2026-10-22 18:00:00
491,1442,looking_for_buddy,2026-09-05 18:00:00
629,1442,going,2026-08-12 23:00:00
101,1442,going,2026-12-14 17:00:00
224,1442,going,2026-08-08 21:00:00
256,1442,looking_for_buddy,2026-07-18 17:00:00
149,1442,going,2026-09-12 21:00:00
53,1442,looking_for_buddy,2026-10-01 20:00:00
102,1443,looking_for_buddy,2026-08-02 17:00:00
263,1443,going,2026-08-07 17:00:00
643,1443,going,2026-08-16 23:00:00
151,1443,going,2027-01-25 18:00:00
658,1443,interested,2026-09-06 23:00:00
268,1443,interested,2026-08-25 18:00:00
379,1443,interested,2026-10-19 20:00:00
2,1443,going,2026-06-29 17:00:00
446,1444,looking_for_buddy,2026-09-26 21:00:00
381,1444,going,2026-10-22 21:00:00
422,1444,interested,2026-06-29 20:00:00
177,1444,going,2026-05-21 20:00:00
493,1444,looking_for_buddy,2026-06-05 19:00:00
175,1444,looking_for_buddy,2026-09-19 17:00:00
312,1444,looking_for_buddy,2026-05-31 17:00:00
477,1444,looking_for_buddy,2026-06-02 20:00:00
132,1445,looking_for_buddy,2026-10-02 18:00:00
171,1445,looking_for_buddy,2026-11-17 20:00:00
547,1445,interested,2026-07-27 20:00:00
36,1445,looking_for_buddy,2026-07-07 17:00:00
246,1445,looking_for_buddy,2026-09-16 18:00:00
446,1445,looking_for_buddy,2026-10-11 21:00:00
495,1445,looking_for_buddy,2026-10-31 21:00:00
422,1445,looking_for_buddy,2026-07-15 20:00:00
75,1446,looking_for_buddy,2026-11-19 18:00:00
322,1446,looking_for_buddy,2026-08-04 18:00:00
358,1446,going,2026-11-15 19:00:00
327,1446,going,2026-06-17 19:00:00
229,1446,looking_for_buddy,2026-12-03 21:00:00
226,1446,going,2026-09-16 18:00:00
82,1446,looking_for_buddy,2026-06-13 21:00:00
628,1446,interested,2026-08-16 21:00:00
604,1447,going,2026-07-12 21:00:00
226,1447,going,2026-09-05 18:00:00
398,1447,looking_for_buddy,2026-09-02 17:00:00
327,1447,going,2026-06-15 19:00:00
524,1447,looking_for_buddy,2026-08-14 19:00:00
440,1447,looking_for_buddy,2026-06-02 21:00:00
135,1447,interested,2026-12-09 20:00:00
75,1447,looking_for_buddy,2026-12-06 18:00:00
622,1448,looking_for_buddy,2027-01-04 19:00:00
485,1448,going,2026-09-11 21:00:00
206,1448,looking_for_buddy,2026-10-05 20:00:00
618,1448,going,2026-08-05 20:00:00
425,1448,looking_for_buddy,2026-07-01 18:00:00
498,1448,going,2026-12-25 17:00:00
587,1448,looking_for_buddy,2026-10-10 17:00:00
631,1448,interested,2026-06-10 22:00:00
265,1449,looking_for_buddy,2026-11-04 18:00:00
652,1449,looking_for_buddy,2026-09-23 23:00:00
30,1449,looking_for_buddy,2026-12-06 21:00:00
81,1449,looking_for_buddy,2026-05-31 20:00:00
343,1449,interested,2026-06-21 17:00:00
53,1449,looking_for_buddy,2026-10-23 20:00:00
174,1449,interested,2026-07-30 20:00:00
345,1449,looking_for_buddy,2026-07-18 17:00:00
566,1450,interested,2026-08-08 18:00:00
528,1450,looking_for_buddy,2026-06-24 17:00:00
393,1450,interested,2026-05-14 19:00:00
639,1450,going,2026-10-01 21:00:00
371,1450,interested,2026-12-05 17:00:00
529,1450,going,2026-07-08 17:00:00
3,1450,going,2026-08-27 21:00:00
432,1450,looking_for_buddy,2026-12-31 17:00:00
340,1451,looking_for_buddy,2026-12-15 19:00:00
288,1451,interested,2026-08-08 19:00:00
214,1451,looking_for_buddy,2026-10-19 19:00:00
378,1451,interested,2026-06-18 18:00:00
158,1451,looking_for_buddy,2026-08-13 17:00:00
118,1451,going,2026-07-30 21:00:00
441,1451,looking_for_buddy,2026-12-24 17:00:00
571,1451,looking_for_buddy,2026-11-15 19:00:00
14,1452,looking_for_buddy,2026-09-05 21:00:00
132,1452,looking_for_buddy,2026-09-27 18:00:00
496,1452,looking_for_buddy,2026-09-30 20:00:00
177,1452,looking_for_buddy,2026-05-17 20:00:00
422,1452,looking_for_buddy,2026-06-28 20:00:00
246,1452,interested,2026-09-24 18:00:00
287,1452,going,2026-09-08 20:00:00
176,1452,going,2026-06-08 19:00:00
539,1453,going,2026-12-11 18:00:00
52,1453,looking_for_buddy,2026-12-17 20:00:00
371,1453,going,2026-11-27 17:00:00
237,1453,looking_for_buddy,2026-10-07 19:00:00
469,1453,interested,2026-10-21 20:00:00
619,1453,looking_for_buddy,2026-06-03 22:00:00
468,1453,interested,2026-07-13 17:00:00
387,1453,going,2026-08-13 18:00:00
495,1454,interested,2026-10-26 21:00:00
622,1454,going,2027-01-03 19:00:00
479,1454,going,2026-10-08 19:00:00
214,1454,looking_for_buddy,2026-09-28 19:00:00
22,1454,looking_for_buddy,2026-05-20 17:00:00
381,1454,going,2026-10-20 21:00:00
323,1454,interested,2026-10-29 19:00:00
83,1454,looking_for_buddy,2026-09-28 19:00:00
33,1455,going,2026-07-15 17:00:00
491,1455,looking_for_buddy,2026-09-14 18:00:00
161,1455,interested,2026-11-01 17:00:00
101,1455,looking_for_buddy,2026-12-16 17:00:00
442,1455,interested,2026-05-26 21:00:00
155,1455,interested,2026-06-05 20:00:00
68,1455,going,2026-06-11 20:00:00
546,1455,going,2026-11-12 17:00:00
32,1456,going,2027-01-04 21:00:00
640,1456,looking_for_buddy,2026-08-26 22:00:00
450,1456,interested,2026-08-17 20:00:00
249,1456,looking_for_buddy,2026-09-09 19:00:00
267,1456,interested,2026-09-16 17:00:00
51,1456,looking_for_buddy,2026-09-12 19:00:00
272,1456,looking_for_buddy,2026-12-24 17:00:00
617,1456,interested,2026-10-30 22:00:00
387,1457,interested,2026-09-05 18:00:00
300,1457,looking_for_buddy,2027-01-18 19:00:00
253,1457,looking_for_buddy,2026-08-14 17:00:00
263,1457,looking_for_buddy,2026-07-11 17:00:00
243,1457,looking_for_buddy,2026-11-20 21:00:00
539,1457,interested,2026-12-20 18:00:00
404,1457,looking_for_buddy,2026-10-01 20:00:00
268,1457,interested,2026-08-17 18:00:00
480,1458,looking_for_buddy,2026-08-17 20:00:00
98,1458,interested,2026-09-07 17:00:00
136,1458,looking_for_buddy,2026-08-16 21:00:00
178,1458,going,2026-06-01 20:00:00
529,1458,interested,2026-07-08 17:00:00
139,1458,interested,2026-09-12 19:00:00
207,1458,looking_for_buddy,2027-01-03 20:00:00
156,1458,going,2026-05-28 20:00:00
494,1459,going,2026-08-06 21:00:00
292,1459,looking_for_buddy,2026-12-22 19:00:00
236,1459,interested,2026-12-02 20:00:00
433,1459,looking_for_buddy,2026-10-01 21:00:00
40,1459,interested,2026-10-29 19:00:00
174,1459,looking_for_buddy,2026-07-16 20:00:00
187,1459,going,2027-01-15 20:00:00
491,1459,looking_for_buddy,2026-09-05 18:00:00
624,1460,looking_for_buddy,2026-11-20 21:00:00
214,1460,going,2026-10-19 19:00:00
84,1460,going,2026-05-20 20:00:00
83,1460,going,2026-09-23 19:00:00
176,1460,looking_for_buddy,2026-06-12 19:00:00
595,1460,going,2026-09-10 20:00:00
418,1460,looking_for_buddy,2026-06-13 18:00:00
312,1460,looking_for_buddy,2026-06-20 17:00:00
601,1461,going,2026-08-21 23:00:00
528,1461,interested,2026-06-02 17:00:00
643,1461,looking_for_buddy,2026-09-05 23:00:00
499,1461,going,2026-07-15 17:00:00
274,1461,going,2026-12-05 19:00:00
394,1461,looking_for_buddy,2026-10-24 17:00:00
574,1461,looking_for_buddy,2026-09-25 19:00:00
658,1461,going,2026-08-13 23:00:00
393,1462,going,2026-05-09 19:00:00
58,1462,interested,2026-11-09 20:00:00
92,1462,looking_for_buddy,2026-12-14 21:00:00
194,1462,looking_for_buddy,2026-06-22 19:00:00
50,1462,looking_for_buddy,2026-05-09 21:00:00
169,1462,interested,2026-06-28 17:00:00
12,1462,interested,2026-12-24 19:00:00
510,1462,interested,2026-12-21 18:00:00
97,1463,going,2026-11-05 19:00:00
364,1463,looking_for_buddy,2027-01-14 19:00:00
77,1463,looking_for_buddy,2026-10-23 18:00:00
244,1463,looking_for_buddy,2026-10-17 21:00:00
76,1463,looking_for_buddy,2027-01-06 17:00:00
265,1463,going,2026-11-02 18:00:00
161,1463,interested,2026-11-22 17:00:00
60,1463,looking_for_buddy,2026-09-02 21:00:00
413,1464,looking_for_buddy,2026-07-10 21:00:00
192,1464,looking_for_buddy,2026-10-27 18:00:00
144,1464,going,2026-08-26 21:00:00
101,1464,looking_for_buddy,2026-11-20 17:00:00
560,1464,looking_for_buddy,2026-12-10 21:00:00
265,1464,going,2026-11-03 18:00:00
88,1464,looking_for_buddy,2026-05-23 20:00:00
172,1464,looking_for_buddy,2026-09-30 20:00:00
12,1465,looking_for_buddy,2027-01-12 19:00:00
237,1465,interested,2026-10-13 19:00:00
98,1465,going,2026-08-26 17:00:00
504,1465,interested,2026-11-26 21:00:00
645,1465,looking_for_buddy,2026-06-05 23:00:00
620,1465,looking_for_buddy,2026-10-27 21:00:00
296,1465,interested,2026-12-28 21:00:00
178,1465,looking_for_buddy,2026-05-05 20:00:00
395,1466,looking_for_buddy,2026-06-04 19:00:00
198,1466,going,2026-06-04 17:00:00
568,1466,going,2026-06-14 17:00:00
325,1466,looking_for_buddy,2026-09-30 20:00:00
604,1466,looking_for_buddy,2026-07-06 21:00:00
223,1466,going,2026-11-24 18:00:00
129,1466,looking_for_buddy,2026-06-21 17:00:00
457,1466,interested,2026-08-17 20:00:00
617,1467,interested,2026-11-26 22:00:00
69,1467,looking_for_buddy,2026-08-27 20:00:00
556,1467,looking_for_buddy,2027-01-08 21:00:00
127,1467,going,2026-08-09 20:00:00
520,1467,looking_for_buddy,2027-01-03 18:00:00
95,1467,going,2026-07-27 21:00:00
281,1467,looking_for_buddy,2026-08-13 20:00:00
203,1467,looking_for_buddy,2026-12-26 19:00:00
446,1468,looking_for_buddy,2026-10-03 21:00:00
495,1468,interested,2026-11-18 21:00:00
214,1468,looking_for_buddy,2026-09-28 19:00:00
177,1468,looking_for_buddy,2026-05-30 20:00:00
422,1468,interested,2026-06-28 20:00:00
22,1468,going,2026-05-24 17:00:00
381,1468,going,2026-10-31 21:00:00
337,1468,looking_for_buddy,2026-11-18 21:00:00
194,1469,looking_for_buddy,2026-06-30 19:00:00
212,1469,going,2026-12-11 19:00:00
284,1469,interested,2026-10-01 21:00:00
336,1469,interested,2027-01-08 18:00:00
641,1469,looking_for_buddy,2027-01-02 20:00:00
243,1469,looking_for_buddy,2026-11-24 21:00:00
371,1469,looking_for_buddy,2026-12-08 17:00:00
96,1469,going,2026-10-05 19:00:00
198,1470,interested,2026-06-07 17:00:00
168,1470,looking_for_buddy,2026-07-14 17:00:00
338,1470,looking_for_buddy,2026-07-28 17:00:00
282,1470,going,2026-11-28 18:00:00
293,1470,interested,2026-05-21 20:00:00
513,1470,looking_for_buddy,2026-06-25 19:00:00
367,1470,looking_for_buddy,2026-09-20 20:00:00
352,1470,interested,2026-08-02 20:00:00
503,1471,looking_for_buddy,2026-12-23 21:00:00
623,1471,looking_for_buddy,2026-10-01 20:00:00
288,1471,interested,2026-08-09 19:00:00
425,1471,going,2026-07-02 18:00:00
607,1471,going,2026-07-10 21:00:00
475,1471,looking_for_buddy,2026-12-15 19:00:00
177,1471,going,2026-05-16 20:00:00
36,1471,looking_for_buddy,2026-06-18 17:00:00
118,1472,going,2026-07-28 21:00:00
577,1472,looking_for_buddy,2026-08-18 17:00:00
70,1472,interested,2026-08-12 19:00:00
20,1472,going,2026-11-23 20:00:00
587,1472,looking_for_buddy,2026-10-10 17:00:00
445,1472,going,2026-08-13 20:00:00
158,1472,looking_for_buddy,2026-08-01 17:00:00
660,1472,looking_for_buddy,2026-11-30 20:00:00
63,1473,looking_for_buddy,2026-11-27 21:00:00
61,1473,interested,2026-07-26 17:00:00
542,1473,looking_for_buddy,2026-08-10 20:00:00
145,1473,looking_for_buddy,2026-08-04 21:00:00
105,1473,interested,2026-06-12 21:00:00
258,1473,looking_for_buddy,2026-12-15 17:00:00
318,1473,looking_for_buddy,2026-06-20 19:00:00
644,1473,looking_for_buddy,2026-07-18 21:00:00
334,1474,going,2026-06-28 18:00:00
395,1474,interested,2026-05-12 19:00:00
223,1474,looking_for_buddy,2026-11-04 18:00:00
600,1474,looking_for_buddy,2026-06-28 20:00:00
229,1474,looking_for_buddy,2026-12-07 21:00:00
583,1474,interested,2026-07-08 19:00:00
457,1474,going,2026-08-27 20:00:00
19,1474,going,2026-08-27 20:00:00
77,1475,going,2026-10-26 18:00:00
430,1475,interested,2026-06-25 20:00:00
244,1475,going,2026-10-30 21:00:00
364,1475,looking_for_buddy,2027-01-10 19:00:00
170,1475,looking_for_buddy,2026-07-30 17:00:00
76,1475,interested,2027-01-02 17:00:00
91,1475,going,2026-08-03 17:00:00
560,1475,looking_for_buddy,2026-12-13 21:00:00
3,1476,going,2026-09-04 21:00:00
274,1476,looking_for_buddy,2026-12-19 19:00:00
639,1476,looking_for_buddy,2026-09-30 21:00:00
328,1476,going,2026-11-25 18:00:00
277,1476,going,2026-08-11 19:00:00
47,1476,interested,2026-12-24 21:00:00
92,1476,looking_for_buddy,2026-12-21 21:00:00
432,1476,going,2026-12-13 17:00:00
541,1477,looking_for_buddy,2026-10-05 20:00:00
63,1477,looking_for_buddy,2026-11-11 21:00:00
556,1477,looking_for_buddy,2027-01-07 21:00:00
105,1477,interested,2026-07-04 21:00:00
86,1477,looking_for_buddy,2026-09-15 20:00:00
308,1477,going,2026-06-12 19:00:00
508,1477,looking_for_buddy,2026-12-09 17:00:00
7,1477,looking_for_buddy,2026-09-28 19:00:00
173,1478,interested,2026-08-07 18:00:00
614,1478,going,2026-10-01 19:00:00
541,1478,looking_for_buddy,2026-10-10 20:00:00
556,1478,looking_for_buddy,2026-12-25 21:00:00
7,1478,looking_for_buddy,2026-09-10 19:00:00
554,1478,looking_for_buddy,2026-08-09 21:00:00
349,1478,looking_for_buddy,2026-07-15 20:00:00
532,1478,going,2026-09-25 17:00:00
46,1479,interested,2026-10-06 19:00:00
3,1479,interested,2026-08-30 21:00:00
274,1479,interested,2026-12-20 19:00:00
277,1479,looking_for_buddy,2026-07-25 19:00:00
639,1479,looking_for_buddy,2026-10-17 21:00:00
504,1479,looking_for_buddy,2026-11-16 21:00:00
394,1479,looking_for_buddy,2026-10-29 17:00:00
178,1479,going,2026-05-17 20:00:00
249,1480,going,2026-09-09 19:00:00
251,1480,looking_for_buddy,2026-09-18 20:00:00
450,1480,interested,2026-09-02 20:00:00
95,1480,going,2026-08-09 21:00:00
532,1480,looking_for_buddy,2026-10-07 17:00:00
563,1480,going,2026-07-10 18:00:00
615,1480,looking_for_buddy,2026-05-15 22:00:00
542,1480,interested,2026-08-01 20:00:00
275,1481,interested,2026-07-21 21:00:00
378,1481,looking_for_buddy,2026-07-01 18:00:00
444,1481,going,2026-08-27 17:00:00
227,1481,interested,2026-12-29 17:00:00
624,1481,looking_for_buddy,2026-11-08 21:00:00
118,1481,going,2026-08-12 21:00:00
36,1481,interested,2026-07-13 17:00:00
158,1481,going,2026-08-09 17:00:00
240,1482,looking_for_buddy,2026-08-02 19:00:00
183,1482,looking_for_buddy,2026-12-22 19:00:00
257,1482,interested,2026-11-01 18:00:00
542,1482,going,2026-07-19 20:00:00
535,1482,going,2026-09-16 21:00:00
344,1482,looking_for_buddy,2026-06-18 18:00:00
532,1482,going,2026-09-24 17:00:00
271,1482,going,2026-09-27 18:00:00
412,1483,going,2026-09-11 20:00:00
132,1483,looking_for_buddy,2026-09-22 18:00:00
116,1483,looking_for_buddy,2026-09-09 21:00:00
340,1483,looking_for_buddy,2026-12-07 19:00:00
621,1483,going,2026-09-10 23:00:00
359,1483,going,2026-10-26 19:00:00
230,1483,looking_for_buddy,2026-06-11 18:00:00
475,1483,going,2026-12-27 19:00:00
242,1484,interested,2026-11-13 19:00:00
42,1484,going,2026-11-11 21:00:00
274,1484,looking_for_buddy,2026-12-26 19:00:00
393,1484,going,2026-05-28 19:00:00
191,1484,going,2026-12-09 20:00:00
394,1484,interested,2026-10-22 17:00:00
314,1484,interested,2026-11-04 21:00:00
339,1484,going,2026-08-31 19:00:00
265,1485,looking_for_buddy,2026-10-19 18:00:00
291,1485,going,2026-07-04 18:00:00
236,1485,looking_for_buddy,2026-12-12 20:00:00
546,1485,interested,2026-11-13 17:00:00
407,1485,interested,2026-11-08 21:00:00
241,1485,looking_for_buddy,2026-06-08 21:00:00
385,1485,interested,2026-09-27 18:00:00
192,1485,looking_for_buddy,2026-10-27 18:00:00
98,1486,looking_for_buddy,2026-08-28 17:00:00
300,1486,interested,2027-01-13 19:00:00
505,1486,interested,2026-12-03 21:00:00
102,1486,interested,2026-08-04 17:00:00
499,1486,going,2026-07-11 17:00:00
139,1486,looking_for_buddy,2026-09-20 19:00:00
480,1486,interested,2026-08-28 20:00:00
191,1486,interested,2026-11-26 20:00:00
258,1487,going,2027-01-06 17:00:00
596,1487,looking_for_buddy,2026-12-13 21:00:00
400,1487,looking_for_buddy,2026-10-09 18:00:00
429,1487,looking_for_buddy,2026-09-24 19:00:00
659,1487,interested,2026-11-04 23:00:00
105,1487,interested,2026-06-22 21:00:00
318,1487,looking_for_buddy,2026-07-02 19:00:00
556,1487,interested,2027-01-08 21:00:00
373,1488,looking_for_buddy,2026-09-30 19:00:00
63,1488,looking_for_buddy,2026-11-25 21:00:00
533,1488,looking_for_buddy,2026-07-11 17:00:00
141,1488,going,2026-09-27 18:00:00
173,1488,interested,2026-07-25 18:00:00
453,1488,interested,2026-07-24 18:00:00
450,1488,looking_for_buddy,2026-08-18 20:00:00
361,1488,interested,2026-10-09 17:00:00
15,1489,interested,2026-07-29 18:00:00
75,1489,going,2026-12-07 18:00:00
82,1489,interested,2026-05-30 21:00:00
354,1489,looking_for_buddy,2026-11-27 17:00:00
597,1489,looking_for_buddy,2026-09-06 17:00:00
322,1489,interested,2026-07-22 18:00:00
352,1489,looking_for_buddy,2026-08-08 20:00:00
397,1489,looking_for_buddy,2026-11-26 18:00:00
423,1490,looking_for_buddy,2026-10-15 18:00:00
177,1490,going,2026-05-21 20:00:00
171,1490,going,2026-11-06 20:00:00
503,1490,interested,2026-12-06 21:00:00
609,1490,looking_for_buddy,2026-05-06 22:00:00
196,1490,going,2027-01-21 21:00:00
580,1490,interested,2026-09-16 19:00:00
67,1490,looking_for_buddy,2026-05-25 20:00:00
95,1491,interested,2026-07-13 21:00:00
659,1491,looking_for_buddy,2026-11-11 23:00:00
63,1491,looking_for_buddy,2026-11-22 21:00:00
362,1491,looking_for_buddy,2026-06-05 21:00:00
429,1491,interested,2026-09-21 19:00:00
197,1491,going,2026-07-11 18:00:00
105,1491,going,2026-06-25 21:00:00
111,1491,going,2026-06-12 21:00:00
66,1492,looking_for_buddy,2026-09-06 21:00:00
136,1492,looking_for_buddy,2026-09-08 21:00:00
274,1492,looking_for_buddy,2026-12-15 19:00:00
98,1492,interested,2026-09-09 17:00:00
259,1492,going,2026-06-17 17:00:00
658,1492,looking_for_buddy,2026-09-05 23:00:00
156,1492,interested,2026-06-06 20:00:00
480,1492,looking_for_buddy,2026-08-25 20:00:00
527,1493,going,2026-10-21 20:00:00
334,1493,going,2026-07-11 18:00:00
75,1493,looking_for_buddy,2026-11-21 18:00:00
440,1493,looking_for_buddy,2026-06-01 21:00:00
223,1493,looking_for_buddy,2026-11-07 18:00:00
353,1493,looking_for_buddy,2026-05-23 20:00:00
15,1493,looking_for_buddy,2026-07-27 18:00:00
568,1493,going,2026-06-13 17:00:00
105,1494,going,2026-07-02 21:00:00
148,1494,looking_for_buddy,2026-11-15 20:00:00
315,1494,looking_for_buddy,2026-06-24 18:00:00
556,1494,going,2027-01-02 21:00:00
330,1494,interested,2026-12-13 20:00:00
318,1494,interested,2026-07-15 19:00:00
520,1494,looking_for_buddy,2027-01-09 18:00:00
183,1494,going,2026-12-25 19:00:00
208,1495,looking_for_buddy,2026-09-11 19:00:00
612,1495,going,2026-11-26 22:00:00
308,1495,interested,2026-06-18 19:00:00
7,1495,going,2026-09-23 19:00:00
318,1495,interested,2026-06-27 19:00:00
409,1495,looking_for_buddy,2026-10-25 19:00:00
145,1495,interested,2026-08-05 21:00:00
86,1495,going,2026-09-23 20:00:00
260,1496,looking_for_buddy,2026-08-27 20:00:00
17,1496,looking_for_buddy,2026-06-24 18:00:00
564,1496,going,2026-09-19 21:00:00
107,1496,interested,2026-11-28 19:00:00
350,1496,looking_for_buddy,2026-10-07 18:00:00
60,1496,looking_for_buddy,2026-08-30 21:00:00
114,1496,looking_for_buddy,2026-10-25 20:00:00
537,1496,interested,2026-08-16 17:00:00
394,1497,looking_for_buddy,2026-10-12 17:00:00
544,1497,going,2026-12-19 20:00:00
528,1497,interested,2026-06-09 17:00:00
179,1497,looking_for_buddy,2026-08-25 18:00:00
136,1497,going,2026-08-20 21:00:00
655,1497,looking_for_buddy,2026-05-28 19:00:00
540,1497,going,2026-06-02 17:00:00
393,1497,interested,2026-05-07 19:00:00
17,1498,going,2026-06-09 18:00:00
53,1498,looking_for_buddy,2026-10-04 20:00:00
155,1498,looking_for_buddy,2026-06-17 20:00:00
413,1498,looking_for_buddy,2026-07-05 21:00:00
265,1498,looking_for_buddy,2026-10-21 18:00:00
180,1498,looking_for_buddy,2026-10-07 19:00:00
531,1498,interested,2026-10-10 18:00:00
56,1498,looking_for_buddy,2026-09-21 21:00:00
15,1499,interested,2026-07-23 18:00:00
461,1499,interested,2026-11-29 17:00:00
646,1499,looking_for_buddy,2026-11-01 21:00:00
190,1499,going,2026-07-05 19:00:00
575,1499,looking_for_buddy,2026-07-22 20:00:00
470,1499,interested,2026-09-17 18:00:00
579,1499,going,2026-10-08 19:00:00
434,1499,looking_for_buddy,2026-05-04 19:00:00
249,1500,going,2026-09-09 19:00:00
238,1500,looking_for_buddy,2026-11-12 21:00:00
656,1500,interested,2026-10-05 23:00:00
281,1500,looking_for_buddy,2026-09-03 20:00:00
626,1500,looking_for_buddy,2026-05-24 20:00:00
267,1500,interested,2026-09-26 17:00:00
536,1500,going,2026-06-16 21:00:00
399,1500,going,2026-08-31 18:00:00
