place_id,name,kind,lat,lng,stars,opening_hours,cuisine,veg,rating,reviews,photo,source
n247973288,Snack Corner,restaurant,12.8984603,77.6010688,,,,False,,,,
n247974238,Chai-Unchai,cafe,12.894434,77.6024579,,,,False,,,,
n248614815,Rajarajeshwari Arch,attraction,12.9359565,77.5183096,,,,False,,,,
n306585721,Sukh Sagar,restaurant,12.9333646,77.6230728,,,,False,,,,
n312503506,Crazy Boys,restaurant,12.9606568,77.6385011,,,,False,,,,
n312508904,Nandhini,restaurant,12.9619513,77.6419064,,,,False,,,,
n312595492,Nandhana,restaurant,12.9558995,77.6411692,,,,False,,,,
n314705276,Sukh Sagar,restaurant,12.9741824,77.5753745,,,,False,,,,
n316999234,Simply Native,restaurant,12.9651393,77.6383211,,,,False,,,,
n317119985,Adyar Ananda Bhavan,restaurant,12.9543746,77.5930172,,"PH,Mo-Su 07:00-22:30",,False,,,,
n320647357,Chickpet Cross,attraction,12.9680027,77.578642,,,,False,,,,
n347241683,Lalbagh Glasshouse,attraction,12.9498004,77.5865608,,,,False,,,,
n349291886,Koshy's,restaurant,12.9756318,77.6014761,,09:00 - 23:00,,False,,,,
n423744888,Pizza Hut,restaurant,12.9782249,77.640632,,,pizza,True,,,,
n423744924,Cafe Coffee Day,cafe,12.9754961,77.6412437,,,coffee_shop,False,,,,
n423747691,Konārk,restaurant,12.9688102,77.6021434,,,indian;chinese;regional,True,,,,
n426926468,Kamat Nandanvan,restaurant,13.0492109,77.547547,,,,False,,,,
n428457212,Old Madras Baking Company,cafe,12.9697383,77.6003775,,08:00-23:00,,False,,,,
n428845624,Hard Rock Cafe,restaurant,12.9761822,77.6015923,,Mo-Su 12:00-01:00,american,True,,,,
n428851697,Sri Raghavendra,restaurant,12.9778503,77.5722059,,,South_Indian,False,,,,
n429697569,Anand Sagar Punjabi Dhaba,restaurant,12.9760075,77.5763577,,,,False,,,,
n429833271,Mavalli Tiffin Rooms,restaurant,12.9551683,77.5855225,,"Tu-Su 06:30-11:00, 12:30-21:00",,False,,,,
n429876582,Hyderbad Biryani House,restaurant,12.9665538,77.6141032,,,,False,,,,
n429899977,Mahatma Gandhi Statue,memorial,12.9773498,77.5997422,,,,False,,,,
n442437989,Krishnarajapuram Hanging Bridge,attraction,13.0010382,77.6778627,,,,False,,,,
n443646019,Ginger Greens,restaurant,13.0259923,77.6405519,,Mo-Su 11:00-23:00,,False,,,,
n445607292,Jamsetji Tata Statue,memorial,13.0173685,77.5671271,,,,False,,,,
n454089105,Cafe Coffee Day,cafe,13.0232081,77.6362938,,,coffee_shop,False,,,,
n454091339,Pizza Hut,restaurant,13.0261391,77.6362268,,,pizza,False,,,,
n454148315,Thambis's Inetcafé,cafe,13.0194682,77.6332105,,,,False,,,,
n454163741,Cafe Moksh,cafe,13.028839,77.6349071,,,,False,,,,
n456029893,Hallimane,restaurant,12.9955258,77.5717703,,,,False,,,,
n461539222,Adiga's,restaurant,13.0055704,77.5713507,,,indian,False,,,,
n469614286,Infinitea,cafe,12.9870759,77.5947417,,,,False,,,,
n515736893,Yo China,restaurant,12.9504549,77.6999246,,,chinese,False,,,,
n519549869,Guru Sagar Hotel,restaurant,12.9951833,77.5396211,,,,False,,,,
n529018365,Polar Bear,cafe,13.0281613,77.5732067,,,,False,,,,
n529018378,Hav Mor,restaurant,13.02807,77.5729018,,,,False,,,,
n537535762,Hyderabad House,restaurant,12.932679,77.6135844,,,indian,False,,,,
n561049118,Nandhini Andhra Hotel,restaurant,12.9932643,77.5957899,,,,False,,,,
n571124363,Cafe Coffee Day,cafe,13.0045673,77.5710992,,,coffee_shop,False,,,,
n573421849,Pai Vihar,restaurant,12.9930635,77.5959522,,,,False,,,,
n574314073,Shivaji Statue,artwork,13.0067586,77.5785939,,,,False,,,,
n577020540,Vishnu Sagar,restaurant,12.9901236,77.5722985,,,,False,,,,
n577386395,MintLeaf,restaurant,12.9603346,77.6382904,,,,False,,,,
n577966441,Emirates,restaurant,13.0192135,77.5572955,,,,False,,,,
n590010907,Bharath,restaurant,13.0521546,77.5515881,,,regional,False,,,,
n590753382,Wah Paratha,restaurant,12.9262764,77.6698353,,,,False,,,,
n595408703,Ganesh Darshan,restaurant,12.9309204,77.5840319,,,,False,,,,
n595409635,Upahara Darshini,restaurant,12.9330581,77.584422,,,,True,,,,
n595409636,Nagarjuna Chimney,restaurant,12.9330431,77.5843044,,,indian,False,,,,
n595409790,La Casa,restaurant,12.9261789,77.5848245,,,italian,False,,,,
n595411386,The Only Place,restaurant,12.9715481,77.613247,,,american;burger,False,,,,
n595411387,Temple of The Senses,cafe,12.9751034,77.6028435,,,,False,,,,
n595688342,Durga Restaurant,restaurant,13.0489683,77.5440769,,,,False,,,,
n596453631,Indian Coffee House,restaurant,12.9745397,77.6052505,,,coffee_shop;indian,False,,,,
n598500940,Udupi Sri Krishnarajathadri,restaurant,13.0041002,77.5713906,,,indian,True,,,,
n598948016,Nandini Palace,restaurant,13.0330093,77.5691944,,,,False,,,,
n598948019,Beijing Bites,restaurant,13.0330896,77.569359,,,,False,,,,
n598969461,Onesta,restaurant,13.0292372,77.5708378,,,pizza,False,,,,
n598988679,Chung's,restaurant,13.00654,77.5692833,,,chinese,False,,,,
n608958463,Sher-e-Punjab Dhaba,restaurant,13.0218399,77.5349348,,,,False,,,,
n610336681,Adarsh Dhaba,restaurant,13.0220281,77.5340657,,,,False,,,,
n621235471,Shanthi Sagar,cafe,13.0369119,77.5659032,,,,False,,,,
n621241147,RMV Club,restaurant,13.0380165,77.5693434,,,,False,,,,
n622720273,Hunan Chinese Restaurant,restaurant,13.0342347,77.5693249,,,chinese,False,,,,
n625145275,Kabini Canteen,restaurant,13.0162478,77.5648911,,,,False,,,,
n627936451,Chicken County,restaurant,13.0372579,77.566121,,,,False,,,,
n638168606,Shiro,restaurant,12.971852,77.5964092,,,asian,False,,,,
n638990371,Sri M.S. Ramaiah tomb,memorial,13.0383546,77.5542487,,,,False,,,,
n644420166,Sandhya Sagar,restaurant,12.9600242,77.6015444,,,,False,,,,
n646739373,Utsav,restaurant,12.9601639,77.5945806,,,,False,,,,
n650621057,Rasa,restaurant,12.994359,77.5711764,,,,False,,,,
n660061429,Freska,restaurant,13.0275961,77.5766293,,,,False,,,,
n660345491,Pizza Hut,restaurant,13.0279832,77.5715545,,,pizza,False,,,,
n660666066,Miller's 46,restaurant,12.991491,77.5941489,,,american,False,,,,
n661059074,Mint Masala,restaurant,13.0069868,77.5788699,,,,True,,,,
n661983020,Juice Junction,cafe,12.9720317,77.6009309,,,,False,,,,
n661983038,Bowring Stall,cafe,12.9751155,77.6014152,,,,False,,,,
n661983050,Shezan Restaurant,restaurant,12.9871688,77.5946714,,,,False,,,,
n661983062,Ramana's,restaurant,12.9887039,77.5939333,,,indian,False,,,,
n663317758,Nisarga,restaurant,12.9704007,77.5874248,,,regional,False,,,,
n663561820,Queen Victoria,memorial,12.9768621,77.598791,,,,False,,,,
n663561823,Statue of Edward VII,memorial,12.9803462,77.5971833,,,,False,,,,
n663564845,Seshadri Iyer Statue,memorial,12.9735236,77.5903612,,,,False,,,,
n663568572,Cafe Coffee Day,cafe,12.9717817,77.5942306,,,coffee_shop,False,,,,
n663941105,Chamarajendra Wodeyar Statue,memorial,12.9752578,77.5932697,,,,False,,,,
n663941136,Bird and Rabbit park,park,12.9770068,77.5969363,,,,False,,,,
n663941464,Canteen,restaurant,12.9803653,77.5950694,,,,True,,,,
n664332018,Cafe Coffee Day,cafe,13.0076197,77.5793977,,,coffee_shop,False,,,,
n665045222,Parkview Hotel,restaurant,12.9758502,77.5891031,,,,False,,,,
n665062581,Kempe Gowda Statue,memorial,12.9662051,77.5871517,,,,False,,,,
n665062640,Kempe Gowda Tower,attraction,12.9677758,77.5889307,,,,False,,,,
n665067315,Freedom Park,attraction,12.9782425,77.5825221,,,,False,,,,
n665072890,Mark Cubbon Statue,memorial,12.9763165,77.5942806,,,,False,,,,
n665871268,Chatpat,restaurant,12.9671651,77.580199,,,indian,True,,,,
n665871269,Cane Crush,cafe,12.9697027,77.5796625,,,,False,,,,
n665871272,Sri Vinayaka Juice & Chats Center,cafe,12.9742892,77.5778952,,,,False,,,,
n665871273,Hotel Madhuvan,restaurant,12.9703805,77.5800395,,,indian,False,,,,
n665871279,Hotel Empire,restaurant,12.9798386,77.6027906,,,indian,False,,,,
n665871282,Sanman Veg,restaurant,12.9847344,77.5971261,,,regional,True,,,,
n665871289,Sweet Chariot,cafe,12.9857313,77.595832,,,,False,,,,
n668990999,Cafe Coffee Day,cafe,12.9356995,77.6145787,,,coffee_shop,False,,,,
n673377213,Sana Di Ge,restaurant,12.9853914,77.5795059,,,indian,False,,,,
n673377221,Pure & Natural,cafe,13.0075715,77.5793658,,,,False,,,,
n673860152,New Shanthi Sagar,restaurant,13.0068783,77.5790907,,,indian,True,,,,
n673860156,Nikki's Pub & Restaurant,restaurant,13.0144093,77.5736842,,,,False,,,,
n677286826,Coffee Day,cafe,12.9736525,77.5801953,,,,False,,,,
n677286843,Amruth Vegetarian Restaurant,restaurant,12.9711937,77.6007788,,,indian,True,,,,
n677288910,Hotel Vinitha,restaurant,12.982738,77.6030551,,,indian,False,,,,
n680020366,Hare Krishna Pure Veg Restaurant,restaurant,12.9772698,77.570304,,,,False,,,,
n680020369,Balaji Restaurant,restaurant,12.9772479,77.5704213,,,,False,,,,
n683352694,Fresh Cane,cafe,12.9734503,77.5751186,,,,False,,,,
n691164727,Pizza Hut,restaurant,12.9310045,77.5830947,,,pizza,False,,,,
n718385423,World War I Memorial,attraction,12.9716076,77.6068901,,,,False,,,,
n736014185,Barbeque Nation,restaurant,12.9626436,77.6413855,,,barbecue,False,,,,
n762086048,A Masala House,restaurant,12.9893411,77.5929583,,,indian,False,,,,
n844423869,Pizza Hut,restaurant,12.9590966,77.6544331,,Mo-Su 11:00-23:00,pizza,True,,,,
n850751675,Kabab Manor,restaurant,13.0273116,77.5935719,,,,False,,,,
n861183324,Ebony,restaurant,12.9753625,77.6051643,,"Mo-Su 12:30-15:00,19:30-22:30; Fr-Sa 12:30-15:00,19:30-23:30",indian,False,,,,
n905784975,Little Imperial,restaurant,13.0228247,77.6477855,,,,False,,,,
n929965952,Cafe Coffee Day,cafe,12.924585,77.6743627,,,coffee_shop,True,,,,
n940515833,Hyderabad Biryani House,restaurant,12.959041,77.6564566,,,Andhra,False,,,,
n940536431,Cafe Coffee Day,cafe,12.967858,77.6542204,,,coffee_shop,False,,,,
n945711483,Empire,restaurant,12.9699613,77.6473796,,,indian,True,,,,
n949313549,Sri Ganesh Food Point,restaurant,12.9149626,77.6149914,,,,False,,,,
n951203512,Beijing Bites,restaurant,12.913127,77.6101684,,Mo-Su 09:00-21:30,,False,,,,
n951203524,Punjabi Swag,restaurant,12.9136689,77.6099505,,Mo-Su 10:00-21:00,,False,,,,
n951470704,Udupi Upahar,restaurant,12.9387161,77.5534116,,,regional,False,,,,
n953663359,Anna Kuteera,restaurant,12.9261046,77.5502503,,,,False,,,,
n953675751,Shanthi Sagar,restaurant,12.9237141,77.5534616,,,,False,,,,
n954620605,Ganesh Bhavan,restaurant,12.9437007,77.5649097,,,,False,,,,
n983942385,The Coffee Brewery,cafe,12.9622669,77.7014635,,,coffee_shop,False,,,,
n983942391,Eden Dhaba,restaurant,12.931753,77.68645,,,indian,False,,,,
n985256304,Cafe Coffee Day,cafe,12.9858451,77.6686567,,,coffee_shop,False,,,,
n986744079,Ruchi Restaurant,restaurant,12.973597,77.678189,,,indian,False,,,,
n997417046,Pizza Hut,restaurant,12.9972009,77.540616,,,pizza,False,,,,
n1006492442,Rajiv Gandhi,memorial,12.9900799,77.5719597,,,,False,,,,
n1024506179,ArmaDQ,restaurant,12.9773708,77.6954828,,,,True,,,,
n1024506184,BLR37 Bar & Kitchen,restaurant,12.9805079,77.6937246,,,,False,,,,
n1065137180,Ullas Refreshment,restaurant,12.9745381,77.6096029,,,indian,False,,,,
n1067206582,Elements,restaurant,13.0015628,77.5993592,,,,False,,,,
n1070361755,Hungry Panda,restaurant,12.934729,77.6125976,,,chinese,False,,,,
n1078161780,Reddys,restaurant,12.9855001,77.6732164,,,,False,,,,
n1078369543,Kund,restaurant,12.980115,77.6405511,,,indian,False,,,,
n1078399227,Barista,cafe,13.0302354,77.5705086,,,coffee_shop,False,,,,
n1085786985,Highgates Hotel,restaurant,12.9753754,77.6028942,,,,False,,,,
n1091310741,Gangothri Restaurant,restaurant,12.9377655,77.6267552,,,,False,,,,
n1091310756,Pizza Hut,restaurant,12.9398542,77.6251855,,,pizza,False,,,,
n1091414246,Matthan,restaurant,12.9594188,77.6486258,,,,False,,,,
n1101607728,Hotel Janardhana,restaurant,12.9856254,77.5788885,,,,False,,,,
n1107995737,Nature Fresh,cafe,12.9673021,77.5421438,,,,False,,,,
n1116484556,Kabab Studio,restaurant,12.9853569,77.5792692,,,indian,False,,,,
n1121420612,Foody's,restaurant,12.9578638,77.5932147,,,,False,,,,
n1129098580,Olive Beach,restaurant,12.966942,77.60796,,,french,False,,,,
n1156832807,Cafe Coffee Day,cafe,12.9261691,77.6803833,,,coffee_shop,False,,,,
n1166727536,Sri Vishnu Palace,restaurant,12.979486,77.6951134,,Mo-Su 07:00-23:00,,True,,,,
n1166727541,Plate 99 Restaurant,restaurant,12.979298,77.6951854,,Mo-Su 11:00-24:00,indian,True,,,,
n1274328868,Barista,cafe,12.9349444,77.6293498,,,coffee_shop,False,,,,
n1289833985,Shree Sagar CTR,restaurant,12.9982568,77.5694946,,,regional,True,,,,
n1290203334,Food Camp,restaurant,13.0009296,77.5723686,,,,True,,,,
n1290203344,Sri Sai Dosa Center,restaurant,13.0010829,77.5721394,,,regional,False,,,,
n1306431953,Eden Park,restaurant,12.9831559,77.5987115,,,indian,False,,,,
n1307443105,Cafe Coffee Day,cafe,12.9344118,77.6109865,,,coffee_shop,False,,,,
n1307598721,India Coffee House,cafe,12.9823242,77.594716,,,,False,,,,
n1318917183,Pizza Hut,restaurant,12.9040043,77.5734008,,,pizza,False,,,,
n1328593762,Coffeeday Xpress,cafe,12.9741202,77.653743,,,,False,,,,
n1328610588,Aramane Donne Biryani,restaurant,12.9793175,77.6421491,,,,False,,,,
n1328613155,Mainland China,restaurant,12.9621543,77.6418716,,,,False,,,,
n1328615137,Coast to Coast Sea food restaurant,restaurant,12.9370423,77.6245906,,,,False,,,,
n1328615138,Tamrind Restaurant,restaurant,12.9342471,77.6234716,,,,False,,,,
n1328615139,Kubey Seafood Restaurant,restaurant,12.9370998,77.6245424,,,,False,,,,
n1331929309,Polar Bear,cafe,12.9089347,77.5626077,,,ice_cream,False,,,,
n1331929352,Udupi Swada,restaurant,12.9075699,77.5640131,,,regional,False,,,,
n1331929354,NJAC,cafe,12.9089138,77.5625218,,,coffee_shop,False,,,,
n1331946754,Prasiddhi,restaurant,12.9109843,77.5791221,,,indian,False,,,,
n1331946776,Nandhini Deluxe,restaurant,12.9056456,77.5855728,,,indian,False,,,,
n1331989779,Incara,restaurant,12.9027732,77.5837541,,,indian,False,,,,
n1339408167,Beijing Bites,restaurant,12.9690594,77.6479877,,,chinese,True,,,,
n1360190627,U D Residency,restaurant,12.9363255,77.5767626,,,regional,False,,,,
n1363295015,NGMA Cafe and library,cafe,12.9897809,77.5880062,,,,False,,,,
n1375978217,Sweet Chariot,cafe,12.9359939,77.6151031,,,,False,,,,
n1375978240,Latte Tude,cafe,12.9334642,77.6151016,,,,False,,,,
n1375978244,Lucky da dhaba,restaurant,12.9365445,77.6142714,,,,False,,,,
n1375978245,Lazeej,restaurant,12.9338202,77.6193658,,,Mughlai,False,,,,
n1375978253,Meghna Biryani,restaurant,12.9345967,77.6162526,,,,False,,,,
n1375978258,Zheng,restaurant,12.9336119,77.6152238,,,chinese,False,,,,
n1375978262,Golmal Paratha,restaurant,12.9338304,77.6194655,,,north indian,False,,,,
n1375978263,Costa,cafe,12.9345246,77.6162996,,,coffee_shop,False,,,,
n1375978264,Aalishan,restaurant,12.9365369,77.614409,,,,False,,,,
n1375978266,Ping,restaurant,12.9336331,77.622557,,,chinese,False,,,,
n1375978272,Daawat,restaurant,12.9359336,77.6146718,,,,False,,,,
n1375978274,Atithya,restaurant,12.9362549,77.6145138,,,,False,,,,
n1375978277,Tunday Kabab,restaurant,12.9338227,77.6193019,,,tandoori,False,,,,
n1375978278,Udupi Upahaara,restaurant,12.9358653,77.6149483,,,,False,,,,
n1375978279,Friends,cafe,12.9354363,77.6147873,,,,False,,,,
n1375978281,Cuppa,cafe,12.9333951,77.6155122,,,,False,,,,
n1375978282,Coorg,restaurant,12.9363343,77.6151183,,,,False,,,,
n1375978283,KC Das,restaurant,12.9337973,77.6189966,,,,False,,,,
n1375978284,Adyar Ananda Bhavan,restaurant,12.9358031,77.6147343,,,regional,True,,,,
n1375978286,Zingron,restaurant,12.9363805,77.6151025,,,Naga,False,,,,
n1375978287,Beijing Bites,restaurant,12.9334311,77.6217925,,,chinese,False,,,,
n1375978289,Lazeez Express,restaurant,12.9341001,77.6164042,,,,False,,,,
n1375978290,Ammi's Biryani,restaurant,12.936529,77.6146211,,,,False,,,,
n1375978291,Tandoor Hut,restaurant,12.9338857,77.6194174,,,,False,,,,
n1385984054,StrEat Cafe,cafe,12.967438,77.6365796,,,,False,,,,
n1386045373,Cafe Coffee Day,cafe,12.9689452,77.7008732,,Mo-Su 08:00-24:00,coffee_shop,True,,,,
n1420058894,Sethji's,restaurant,12.9643071,77.6437722,,,,False,,,,
n1420066592,Nanav Cafe,cafe,12.9671898,77.6422595,,Mo-Su 08:30-21:30,,False,,,,
n1420105702,Chai Patti Teafe,cafe,12.9695606,77.6411087,,,tea,False,,,,
n1420105853,Baan Phad Thai,restaurant,12.9698351,77.6377143,,Mo-Su 12:00-01:00,thai,False,,,,
n1437217763,Gandhi Bhavan,memorial,12.987884,77.5802023,,,,False,,,,
n1440343675,Cafe Coffee Day,cafe,12.9433387,77.5850711,,,coffee_shop,False,,,,
n1442053943,Delicacy Chinese Restaurant,restaurant,12.9999497,77.6229731,,,chinese,False,,,,
n1448082496,Sai Shakti,restaurant,12.999295,77.5680608,,,indian,True,,,,
n1457669462,Swathi Deluxe,restaurant,12.9766211,77.5725503,,,regional,False,,,,
n1457778754,China Pearl,restaurant,12.9361984,77.6214666,,,chinese,False,,,,
n1459721959,Pizza Hut,restaurant,12.934525,77.610909,,,pizza,False,,,,
n1459725062,Sahib Singh Sultan,restaurant,12.935016,77.611357,,,,False,,,,
n1459965429,Gramin,restaurant,12.934504,77.613547,,,,True,,,,
n1459966148,Om,restaurant,12.934323,77.613299,,,,False,,,,
n1462142036,Nandini,restaurant,12.9306133,77.5825147,,,indian,False,,,,
n1462237219,Dal Tadka,restaurant,12.9256318,77.5498709,,,,False,,,,
n1462530129,Sri Udupi Swaadista,restaurant,13.0055106,77.5787567,,,,False,,,,
n1462708215,Rajesh Hotel,restaurant,13.0046183,77.5784554,,,,False,,,,
n1462959212,Ring View Restaurant,restaurant,12.9260621,77.6760012,,,indian,False,,,,
n1463457579,Hotel Dream Land,restaurant,12.9267671,77.4973876,,,chicken,False,,,,
n1463462102,Dr. Rajkumar Samadhi,memorial,13.0183608,77.5324003,,,,False,,,,
n1463529628,The Club,restaurant,12.9368003,77.5169615,,,,False,,,,
n1463570044,Beijing Bites,restaurant,12.9214078,77.5206736,,,chinese,False,,,,
n1463570454,Coffee Day,cafe,12.920634,77.5205368,,,,False,,,,
n1463594510,Masala,restaurant,12.9099779,77.5508753,,,,False,,,,
n1463831582,Maharaja Restaurant,restaurant,12.934295,77.6300787,,,,False,,,,
n1464741970,Agarwal Sweets and Restaurant,restaurant,13.041276,77.5163638,,,,False,,,,
n1464772815,Food Bay,restaurant,13.0321716,77.5699911,,,,False,,,,
n1464772829,Nandhini Deluxe,restaurant,13.0314371,77.5703125,,,indian,False,,,,
n1464773026,Casino,restaurant,13.0289717,77.5712245,,,,False,,,,
n1464773800,Auntie Fung's,restaurant,13.0290129,77.5712153,,,chinese,False,,,,
n1464775456,Atithi Satkaar,restaurant,13.0362481,77.5747038,,,chinese;indian,True,,,,
n1464784876,Fiorano Ristorante,restaurant,12.9331413,77.6228508,,,spanish,False,,,,
n1464999434,Dragons,restaurant,12.9414203,77.553445,,,,False,,,,
n1465122303,Shiv Sagar Signature,restaurant,12.9166102,77.5914577,,,,False,,,,
n1465122307,SLV,restaurant,12.9153417,77.5948673,,,,False,,,,
n1465210892,Megha Restaurant,restaurant,12.955452,77.697866,,,,False,,,,
n1465657720,Nandhana Grand,restaurant,12.9362976,77.6213531,,,indian,False,,,,
n1466648669,Dim Sum,restaurant,12.9422358,77.6178071,,,chinese,False,,,,
n1466690713,Brews & Bites,cafe,12.9284331,77.5900599,,,,False,,,,
n1466730152,Shiv sagar,restaurant,12.9440288,77.5727582,,,,False,,,,
n1466730374,Cafe Coffee Day,cafe,12.944502,77.5728401,,,coffee_shop,False,,,,
n1466730411,Adyar Anand Bhavan,restaurant,12.9444313,77.5729353,,,,True,,,,
n1467309641,Cafe Coffee Day,cafe,13.0281022,77.5733848,,,coffee_shop,False,,,,
n1467318815,Corner House,cafe,13.0280073,77.5725777,,,ice_cream,False,,,,
n1467501580,Cafe Coffee Day,cafe,12.9973265,77.5403657,,,coffee_shop,False,,,,
n1467501725,New Shanti Sagar,restaurant,12.988545,77.5377868,,,,False,,,,
n1467536094,Lassi Park,cafe,12.9330961,77.5823147,,,ice_cream,False,,,,
n1467794463,Rajkumar Statue,memorial,12.9335779,77.5657133,,,,False,,,,
n1467812451,Adigas,restaurant,12.943764,77.6071874,,,,False,,,,
n1467937185,Adaa Restaurant,restaurant,12.934104,77.6164798,,,indian,False,,,,
n1467937188,Willy Vanilli,restaurant,12.9368528,77.6203487,,,ice_cream,False,,,,
n1467937189,Chung wah,restaurant,12.9366057,77.6205137,,,chinese,False,,,,
n1468014996,Sathyas Biriyani,restaurant,12.9363015,77.6151475,,,indian,False,,,,
n1468015001,Red fort restaurant,restaurant,12.9360411,77.6148636,,,,True,,,,
n1468025770,Bhojohori manna,restaurant,12.9373691,77.6243143,,,indian,False,,,,
n1468025778,Krishna Cafe,restaurant,12.9368986,77.6198954,,,,True,,,,
n1468025779,Imperial Hotel,restaurant,12.9364077,77.6250803,,,indian,False,,,,
n1468025780,heritage of Bengal,restaurant,12.9373234,77.624368,,,indian,False,,,,
n1468025788,Anand Sweets and Restaurant,restaurant,12.9369809,77.6197694,,,,True,,,,
n1468025791,Ocean restaurant,restaurant,12.9368711,77.6248696,,,international,False,,,,
n1468164169,N.E Diner,restaurant,12.9348451,77.6128809,,,,False,,,,
n1468190774,Thanco Fresh Fruitz Ice-Creams,restaurant,12.9350385,77.6130633,,,ice_cream,False,,,,
n1468190775,Mangoa Coastal cuisine,restaurant,12.935577,77.6130901,,,seafood,False,,,,
n1468235009,Flambe,restaurant,12.9371352,77.619779,,,,False,,,,
n1468235024,Aangan restaurant,restaurant,12.9365549,77.6165979,,,,False,,,,
n1468245829,Coffee Bean,cafe,12.9123969,77.6407671,,,,False,,,,
n1468516359,Naati oota,restaurant,12.936869,77.6247225,,,indian,False,,,,
n1468516361,Sizzlers and more,restaurant,12.9368481,77.6198784,,,international,False,,,,
n1468516365,China Bowl restaurant,restaurant,12.936937,77.6202003,,,chinese,False,,,,
n1468516368,Malabar cafe,restaurant,12.9368899,77.6197711,,,indian,False,,,,
n1468516369,Desi Tadka,restaurant,12.9369893,77.6201144,,,indian,False,,,,
n1468516372,Chinese Cottage,restaurant,12.9368847,77.6246206,,,chinese,False,,,,
n1468540658,Chalo Punjab,restaurant,12.9377944,77.6266966,,,indian,False,,,,
n1468540676,Ambrosia restaurant,restaurant,12.9361835,77.6258638,,,international,False,,,,
n1468540691,Kwality Walls,restaurant,12.9380577,77.6261445,,,ice_cream,False,,,,
n1468908289,Jharoka,restaurant,12.9120524,77.6379776,,,,False,,,,
n1468908290,Kottayam,restaurant,12.9143549,77.6383198,,,indian,False,,,,
n1469190371,Third Wave Coffee Roasters,cafe,12.9961239,77.6132737,,,coffee_shop,False,,,,
n1469190372,Nandini Restaurant,restaurant,12.9959044,77.6130336,,,indian,True,,,,
n1469190376,Udupi Shanthi Sagar,restaurant,12.9958364,77.6131543,,,indian,True,,,,
n1469190378,Ponnuswamy Restaurant,restaurant,12.9961448,77.6112526,,,,False,,,,
n1469196551,Al-Siddique Kabab Center,restaurant,12.9931105,77.6089191,,,,False,,,,
n1469196561,Siddique Kabab Center,restaurant,12.9934162,77.608356,,,,False,,,,
n1469282330,Komala Refreshment,restaurant,12.9960742,77.6170891,,,,False,,,,
n1469643991,Kairali Restaurant,restaurant,12.9352294,77.6076048,,,,False,,,,
n1469644017,Little Italy,restaurant,12.9343755,77.6090481,,,italian,False,,,,
n1469644046,Karavali Fine Dine,restaurant,12.935785,77.6076261,,,,False,,,,
n1469644049,Sultan of Spice,restaurant,12.9335261,77.6152234,,,,False,,,,
n1470421127,Tharavad,restaurant,12.9062634,77.6298345,,,,False,,,,
n1470516028,MAS,restaurant,12.9258752,77.6170606,,,indian,False,,,,
n1470523375,Ammis Biriyani,restaurant,12.933536,77.6155026,,,indian,False,,,,
n1470523376,Chung Wah Restaurant,restaurant,12.9352797,77.6157628,,,chinese,False,,,,
n1470523383,Mama mia,restaurant,12.9338001,77.619424,,,ice_cream,False,,,,
n1470523384,Boca Grande,restaurant,12.9416947,77.621508,,,international,False,,,,
n1470532623,Tasty Restaurant,restaurant,12.9227705,77.6142078,,,indian,False,,,,
n1470626482,Sweet Revenge Cafe,restaurant,12.9198254,77.6127816,,,,False,,,,
n1470628750,Sri Sai Vijay Mess,restaurant,12.9366298,77.6132797,,,indian,False,,,,
n1470634294,Oye Amritsar,restaurant,12.9364753,77.621053,,,,False,,,,
n1470634304,Pizzeria Romano,restaurant,12.9367367,77.6206239,,,,False,,,,
n1470826164,Mast Kalandar,restaurant,12.9147654,77.6383124,,,,False,,,,
n1471128630,Kiwi kiss,restaurant,12.9388779,77.61893,,,coffee_shop,False,,,,
n1471128660,Booster Juice,cafe,12.93893,77.6189888,,,indian,False,,,,
n1471738633,Mahalakshmi Refreshments,cafe,13.0080794,77.5469863,,,,False,,,,
n1471767351,Malabar inn,restaurant,12.9677987,77.654435,,,kerala,False,,,,
n1471776773,Swathi garden,restaurant,13.0591093,77.5931284,,,indian,False,,,,
n1471780073,Paratha plaza,restaurant,13.027249,77.5798112,,,,False,,,,
n1471780770,Ande ka funda,restaurant,12.9332663,77.6153051,,,,False,,,,
n1471781252,Cafe 363,cafe,13.0034363,77.5499517,,,,False,,,,
n1471928748,Kaappi,cafe,12.9140237,77.5587479,,,,False,,,,
n1471945408,Nandhini,restaurant,12.9253564,77.5496136,,,indian,False,,,,
n1471945412,Pizza Hut,restaurant,12.9251321,77.5507224,,,pizza,False,,,,
n1472354049,New Shanti Sagar,restaurant,12.9314867,77.5761365,,,,False,,,,
n1472858755,Cane Crush,restaurant,13.0039772,77.5509235,,,,False,,,,
n1472937714,Raham's Families International (Richies) Restaurant,restaurant,12.9603151,77.6458853,,,indian,False,,,,
n1473014762,Hotel Prabha International,restaurant,13.0271417,77.5438625,,,,False,,,,
n1473175979,Sanjay Food Junction,restaurant,13.0577696,77.5950588,,"PH,Mo-Su 09:00-23:45",chinese,False,,,,
n1473194556,Hotel Sinchana,restaurant,13.0201794,77.6745195,,,,True,,,,
n1473308082,Cube Multi-cuisine Restaurant,restaurant,12.938682,77.6299136,,,international,False,,,,
n1473308085,Polynation,restaurant,12.9375545,77.6281177,,,international,False,,,,
n1473308109,Taste of Bihar,restaurant,12.9376735,77.6264373,,,indian,False,,,,
n1473330316,Barbeque Nation,restaurant,12.9519422,77.6397478,,,barbecue,False,,,,
n1473330341,Tandoori Hipple,restaurant,12.9526958,77.640104,,,international,False,,,,
n1473330359,LoveShack,restaurant,12.9525546,77.6400289,,,international,False,,,,
n1473876451,Shanti Sagara,restaurant,12.9287808,77.5856675,,,,True,,,,
n1473882300,CCD,cafe,12.9201877,77.574944,,,,False,,,,
n1473885124,Pizza Hut,restaurant,12.9244542,77.5643439,,,pizza,False,,,,
n1473902953,Mini Punjabi Dhaba,restaurant,12.9403137,77.5645095,,,,False,,,,
n1473902955,Ganesh FruitJuice Centre,restaurant,12.9393831,77.5641393,,,,False,,,,
n1473921798,Cane-o-La,restaurant,12.9449194,77.5680581,,,,False,,,,
n1473945518,SLV Delite,restaurant,12.9480672,77.5682863,,,,False,,,,
n1473950469,Chung wah,restaurant,12.9251478,77.5507385,,,chinese,False,,,,
n1473972559,Swami Vivekananda Statue,monument,12.9478784,77.5679115,,,,False,,,,
n1473999154,Ruby Tuesday,restaurant,12.9746853,77.605772,,,american,False,,,,
n1474001856,Purple Haze,restaurant,12.9729633,77.6086054,,,,False,,,,
n1474001861,Paris Panini,restaurant,12.9747565,77.6051367,,,panini,False,,,,
n1474004437,Nandini Andra Style,restaurant,12.9317341,77.6228586,,,,False,,,,
n1474058080,Hamsa Sagar,restaurant,13.00091,77.5412684,,,,False,,,,
n1474082841,Polar Bear,restaurant,12.9276361,77.5779238,,,ice_cream,False,,,,
n1474082863,Gelato Italiano,restaurant,12.9278474,77.5782069,,,ice_cream,False,,,,
n1474088680,Sukh Sagar,restaurant,12.9285276,77.5826445,,,,True,,,,
n1474090661,Basaveshwar Khanavali,restaurant,12.9288447,77.5857791,,,,True,,,,
n1474091077,1947,restaurant,12.9277143,77.5861502,,,,True,,,,
n1474102127,Ohris,restaurant,12.922039,77.620302,,,,False,,,,
n1474103046,Silver Metro,restaurant,12.921876,77.620493,,,,False,,,,
n1474170030,Pizza Hut,restaurant,12.9954523,77.6138486,,,pizza,False,,,,
n1474195320,Beijing Bites,restaurant,12.9973063,77.6138674,,,chinese,False,,,,
n1474200449,Empire,restaurant,12.9999459,77.6158737,,,indian,False,,,,
n1474220540,Kobe Sizzler,restaurant,12.978234,77.6426096,,,international,False,,,,
n1474220544,Beanlore Coffee Roasters,cafe,12.978729,77.6439064,,,coffee_shop,False,,,,
n1474220554,Chai Point,cafe,12.9786481,77.6427306,,,tea,False,,,,
n1474258844,Gloria Jean's,cafe,12.9761276,77.6412139,,,coffee_shop,False,,,,
n1474263758,Subz,restaurant,12.9329962,77.5850947,,,indian,False,,,,
n1474270926,Beijing Bites,restaurant,12.9243848,77.5858371,,,chinese,False,,,,
n1474304635,Cafe Coffee Day,cafe,12.9055718,77.6058341,,,coffee_shop,False,,,,
n1474308855,Cool Joint,restaurant,12.9825453,77.6104302,,,sandwich,False,,,,
n1474324426,Olio,restaurant,12.9365507,77.6204895,,,international,False,,,,
n1474324439,Coffee Lounge,cafe,12.9367494,77.6200067,,,coffee_shop,False,,,,
n1474351207,Kota Kachori,restaurant,12.9346333,77.6124687,,,,True,,,,
n1474432224,Shiva Sagar,restaurant,12.9339607,77.6104356,,,,False,,,,
n1474433836,Kataria Home Food,restaurant,12.9164249,77.6164112,,,indian,False,,,,
n1474442618,Shanti Sagar,restaurant,12.9256315,77.6152769,,,,True,,,,
n1474444937,Aswini Hotel,restaurant,12.9229035,77.6134614,,,indian,False,,,,
n1474445664,Andra Curry Point,restaurant,12.9231702,77.6126406,,,indian,False,,,,
n1474509222,Jade Empress,restaurant,12.9459429,77.5956857,,,,False,,,,
n1474509677,Keys Hotel,restaurant,12.9459575,77.5951685,,,,False,,,,
n1474512610,Bhagini Hotel,restaurant,12.9494002,77.5926204,,,,False,,,,
n1474819109,Punjabi Rasoi,restaurant,13.0256971,77.5931352,,,,False,,,,
n1474819115,Tiffin Centre,restaurant,13.0249236,77.5927811,,,,False,,,,
n1474819117,Adigas,restaurant,12.921875,77.620121,,,,False,,,,
n1474819330,New Shanti Sagar,restaurant,13.0233034,77.5928133,,,,True,,,,
n1474819884,Swati Deluxe,restaurant,12.997825,77.5499844,,"11:30-16:00,18:30-21:00",regional,False,,,,
n1474819888,Gokul Vegetarian,restaurant,12.998275,77.550863,,11:00-22:30,regional,True,,,,
n1474820324,Sree Nandini Palace Restaurant,restaurant,12.9872807,77.5494174,,,,False,,,,
n1474821647,Nandini Milk Booth,cafe,12.9245932,77.5648877,,,,False,,,,
n1474824622,Cafe Coffee Day,cafe,12.9257906,77.5640961,,,coffee_shop,False,,,,
n1474824925,Tandoor,restaurant,12.9260154,77.5641098,,,,False,,,,
n1474831729,Cafe Coffee Day,cafe,12.9258745,77.5501431,,,coffee_shop,False,,,,
n1474835638,Shanti Sagar,restaurant,12.9734181,77.5419268,,,,False,,,,
n1474835641,Indraprastha,restaurant,12.9716571,77.537278,,,,True,,,,
n1484531940,Nandana Palace,restaurant,12.9216098,77.6453053,,,indian,False,,,,
n1492519140,Paramount Restaurant,restaurant,12.971167,77.605779,,,,False,,,,
n1514981781,Swadista Ahara,restaurant,12.9139161,77.6102112,,"PH,Mo-Su 08:00-22:00",,False,,,,
n1536592062,Airlines,restaurant,12.9727309,77.5997185,,,indian,False,,,,
n1548748296,Rice Bowl,restaurant,12.9748249,77.5994328,,,chinese,False,,,,
n1577582017,Kamat,restaurant,12.964223,77.5866456,,,,True,,,,
n1581346714,New Sagar,restaurant,13.030076,77.5593983,,,indian,False,,,,
n1589076219,Peninsular Gneiss National Monument,attraction,12.9491363,77.5893864,,,,False,,,,
n1594750994,Suchitra Biriyani,restaurant,12.9591717,77.6550416,,,indian,False,,,,
n1594751028,Udupi Park,restaurant,12.9595298,77.6561326,,,,True,,,,
n1598949024,Mast Kalandar,restaurant,12.952399,77.6400371,,,,True,,,,
n1610701156,Sangolli Rayanna,attraction,12.9800397,77.5713661,,,,False,,,,
n1614268192,Richie-Rich,restaurant,12.9868232,77.5800176,,,,False,,,,
n1614268617,Cable Car Restaurant,restaurant,12.9168408,77.5851479,,,,True,,,,
n1614268618,Chutney Chang,restaurant,12.9331034,77.585029,,,chinese,False,,,,
n1614268619,Ameoba Bowling Alley,attraction,12.9331092,77.5851373,,,,False,,,,
n1614366545,Cafe Coffee Day,cafe,12.9885341,77.5770137,,,coffee_shop,False,,,,
n1615727952,Utsav,restaurant,12.9311975,77.6228542,,,,True,,,,
n1617398461,Kamat Minerva,restaurant,12.9554704,77.5801737,,,indian,False,,,,
n1617398472,Park-n-Eat,restaurant,12.9877001,77.5782687,,,,False,,,,
n1636730975,Śrī Uḍupi,restaurant,12.9781823,77.5797234,,,indian,True,,,,
n1644358679,Chung's,restaurant,12.9891068,77.5938601,,,chinese,False,,,,
n1652785557,V T Paradise,restaurant,12.9655419,77.5898511,,,,False,,,,
n1652805643,Raja Ram Mohan Roy,memorial,12.9666951,77.5949971,,,,False,,,,
n1652805654,Kengal Hanumanthaiah,memorial,12.9515553,77.5905195,,,,False,,,,
n1655556669,Nandhini,restaurant,12.9649785,77.6385321,,,indian,False,,,,
n1675540997,Mavalli Tiffin Rooms,restaurant,12.9721761,77.6009542,,,indian;south_indian,False,,,,
n1691980583,Pizza Hut,restaurant,12.925988,77.6754492,,,pizza,True,,,,
n1704074523,Amrutesh Darshini,restaurant,12.934392,77.5895053,,,,False,,,,
n1707859852,TGI Fridays,restaurant,12.9732119,77.6217398,,,american,False,,,,
n1722589278,Nisarga,restaurant,12.9830301,77.5943718,,,,True,,,,
n1722602478,Punjabi Dhaba,restaurant,13.026256,77.6062003,,,,True,,,,
n1725094649,Bhagini,restaurant,13.0187152,77.6555768,,Mo-Fr 08:30-20:00,indian,False,,,,
n1725279701,Tamarind,restaurant,13.0138084,77.6618674,,,,False,,,,
n1727330728,Cafe Coffee Day,cafe,12.8914338,77.6080737,,,coffee_shop,False,,,,
n1732932721,Adithya,restaurant,12.9118641,77.5867606,,,,False,,,,
n1733720842,Costa,cafe,12.9926358,77.7027672,,,coffee_shop,False,,,,
n1738015015,Pongal Veg Cafe,restaurant,12.9206732,77.6123589,,,,False,,,,
n1739362359,Pai Vihar,restaurant,12.9658764,77.5860284,,,,True,,,,
n1741241145,Laxmi Sagar Deluxe,restaurant,12.9294812,77.5637259,,,,True,,,,
n1741779229,Raghavendra Upahara,restaurant,12.9170457,77.5931523,,,,True,,,,
n1742643868,Cafe Coffee Day,cafe,13.018092,77.6474963,,,coffee_shop,False,,,,
n1743937707,Uttam Sagar,restaurant,13.0094734,77.6434486,,,indian,False,,,,
n1743937742,Adigas Annapoorna,restaurant,13.0144106,77.6427176,,,indian,False,,,,
n1743939029,Srinidhi Upchaar,restaurant,13.0119854,77.6475134,,,indian,False,,,,
n1744342634,Great Indian Thali,restaurant,12.9365165,77.6274121,,,,False,,,,
n1752226886,Odia Mess,restaurant,12.9535876,77.6980033,,,Odia,False,,,,
n1758038053,Kaayal,restaurant,12.9683052,77.6504678,,,,False,,,,
n1761867450,Uttam Sagar,restaurant,13.0118335,77.668096,,,,True,,,,
n1761867730,Savi Ruchi,restaurant,13.0127088,77.6650142,,,,True,,,,
n1763231466,Pai Princess,restaurant,12.9166803,77.5898443,,,,True,,,,
n1770390302,Palm Grove,restaurant,12.9715903,77.6084985,,,,True,,,,
n1770459093,Sangam,restaurant,12.9718928,77.6065672,,,,True,,,,
n1778850359,Nisarga Andhra Style,restaurant,12.9683294,77.5380482,,,indian,False,,,,
n1778854287,Deewar Bar & Restaurant,restaurant,12.9583342,77.5259368,,,indian,False,,,,
n1778854605,Ron-Inn Bar & Restaurant,restaurant,12.9603129,77.513258,,,indian,False,,,,
n1778909061,Vasudev Adigas,restaurant,12.9809408,77.5354587,,,,True,,,,
n1781918450,Hotel Empire,restaurant,12.9348525,77.6157906,,,indian,False,,,,
n1781918451,Khawa Karpo,restaurant,12.9340146,77.6163371,,,chinese,False,,,,
n1781959094,Sagar Fast Food,restaurant,12.9417545,77.6215457,,,indian,False,,,,
n1782116875,S.L.V Hotel,restaurant,12.9577755,77.5694742,,,indian,False,,,,
n1782771944,UpSouth,restaurant,12.9170404,77.5934403,,,,True,,,,
n1791962125,Nandini,restaurant,12.9552387,77.5790523,,,indian,False,,,,
n1794660357,ಅಮೋಘ ಸಾಗರ್,restaurant,13.0287027,77.5199016,,,,True,,,,
n1808814311,Kadamba Veg,restaurant,12.9976921,77.5475818,,,indian,False,,,,
n1808847124,Barista,cafe,13.0219361,77.6392168,,,coffee_shop,False,,,,
n1809624008,Nisarga Andhra Style,restaurant,12.9886227,77.5378109,,,regional,False,,,,
n1809698917,Cafe Coffee Day,cafe,12.9656038,77.5363115,,,coffee_shop,False,,,,
n1809770675,Mādappa Mes,restaurant,12.9800497,77.5771102,,07:30-22:30,indian;buffet,True,,,,
n1809842716,F & B,restaurant,12.9713119,77.5997267,,,,False,,,,
n1813501242,Jalpaan,restaurant,12.9989198,77.552547,,"12:00-15:30,19:00-23:00",regional,False,,,,
n1813542942,Hotel Janatha,restaurant,12.9991432,77.5710944,,,,False,,,,
n1815963298,The Guha,restaurant,12.9334671,77.5833269,,,,False,,,,
n1821582118,Sreeraj lassi bar,cafe,12.9828042,77.6105271,,,,False,,,,
n1825081552,Tahini Garden,restaurant,12.9219463,77.5934768,,,,False,,,,
n1825082767,Cafe Coffee Day,cafe,12.9218974,77.5934723,,,coffee_shop,False,,,,
n1825094241,Eeshanya,restaurant,12.9230467,77.593202,,,,False,,,,
n1843719309,Akshata Nati Style,restaurant,12.972957,77.5397309,,,,False,,,,
n1843719312,Park View Bar & Restaurant,restaurant,12.9729139,77.5395347,,,,False,,,,
n1843729743,Amaravati Andhra Style,restaurant,12.9808177,77.535785,,,,False,,,,
n1851612837,Toscano,restaurant,12.9717891,77.5962374,,,italian,False,,,,
n1851613420,Cafe Noir,restaurant,12.9719381,77.5958753,,,french,False,,,,
n1851615731,Y! Cafe,restaurant,12.958286,77.605196,,,international,False,,,,
n1851682041,Pizza Hut,restaurant,12.9624402,77.5990359,,,pizza,False,,,,
n1851685727,Harima,restaurant,12.9676211,77.6001785,,,japanese,False,,,,
n1851689644,Coffee All Day,cafe,12.9733898,77.6072915,,,coffee_shop,False,,,,
n1866181822,The Onyx,restaurant,12.9064987,77.5930188,,,,False,,,,
n1871539758,Via Lucknow,restaurant,13.0367811,77.5660503,,,indian,False,,,,
n1871547602,Ice and Spice,restaurant,13.0282521,77.5729006,,,international,False,,,,
n1891043819,Cuppa Coffee,cafe,12.9122176,77.6817453,,,,False,,,,
n1898355603,Adda,restaurant,12.8945443,77.6203167,,,indian,False,,,,
n1923909491,Aditya,restaurant,12.8929275,77.5816768,,,indian,False,,,,
n1925227524,Toscano,restaurant,12.9750597,77.602857,,,italian,False,,,,
n1925227530,Three Quarter Chinese,restaurant,12.974503,77.6054637,,,,False,,,,
n1932422774,Kabab Mehal,restaurant,12.8865339,77.5819949,,,indian,False,,,,
n1941465446,Ruchi Restaurant,restaurant,12.9725555,77.6266554,,,,False,,,,
n1947633360,Frappy's,restaurant,13.0282258,77.5730112,,,,False,,,,
n1951182083,Cafe Svarasya,restaurant,12.8920259,77.5791107,,,indian;regional,True,,,,
n1951220184,SLV,restaurant,12.8908929,77.5819348,,,indian,False,,,,
n1952896921,Kakal Kai Ruchi,restaurant,12.8872845,77.5821065,,,indian,True,,,,
n1964234101,Barbeque Nation,restaurant,12.9255152,77.6370763,,,barbecue,False,,,,
n1966181684,Magadha,restaurant,12.8960869,77.5860483,,,indian;italian,False,,,,
n1966567863,Chutney Chang,restaurant,12.9737798,77.6028823,,,indian,False,,,,
n1966567931,Empire,restaurant,12.9754042,77.6027775,,,indian,False,,,,
n1966580573,Oye Amritsar,restaurant,12.9752422,77.6470259,,,,False,,,,
n1979050327,Hotel Manjushree,restaurant,12.9590436,77.5248426,,,fish,False,,,,
n1979053383,Cafe Coffe Day,cafe,12.9734094,77.5417665,,,,False,,,,
n1979075210,1947,restaurant,12.9829855,77.5486383,,,,False,,,,
n1990628319,Jalpaan,restaurant,12.92545,77.5768905,,,,False,,,,
n2013821580,Alibaba Cafe & Restaurant,restaurant,13.0005858,77.6148025,,,persian;arabic;bhatkali,False,,,,
n2019364212,"BBMP Park, Swimming Pool Extension",park,13.000713,77.5757942,,,,False,,,,
n2021571840,Sarovara,restaurant,12.8943291,77.5818071,,,indian,False,,,,
n2025970848,Coastal Express,restaurant,12.9867912,77.5794891,,,indian,False,,,,
n2057197440,Kamat,restaurant,12.9491655,77.5798273,,,indian,False,,,,
n2067977325,Chamarajendra Wodeyar Statue,memorial,12.9516703,77.5847849,,,,False,,,,
n2068101647,Ghar ka Khana,restaurant,13.0304259,77.569741,,,indian,False,,,,
n2084115343,Darband,restaurant,13.0305385,77.5698806,,,turkish,False,,,,
n2085451771,Posh Palates,restaurant,12.9253052,77.6698803,,,indian,False,,,,
n2093288411,PES Food Court,restaurant,12.9336327,77.5343127,,,indian,False,,,,
n2093290604,Cafe Coffe Day Express,cafe,12.9335839,77.5344798,,,indian,False,,,,
n2097550322,Rajadhani restaurant,restaurant,12.9788091,77.5750078,,,,False,,,,
n2098527087,Nando's,restaurant,13.0116018,77.5553246,,,chicken;portuguese,False,,,,
n2098527091,Toscano,restaurant,13.011218,77.5554078,,,italian,False,,,,
n2098527092,Mainland China,restaurant,13.0107099,77.5554114,,,chinese,False,,,,
n2123582390,Ramanjenaya Nagara Park,park,12.9117827,77.5468577,,,,False,,,,
n2123769731,Beiging Bites,restaurant,12.8883745,77.5820587,,,chinese;thai,False,,,,
n2125941628,Peacock Restaurant,restaurant,13.0304891,77.6081971,,,regional,False,,,,
n2148655413,Chianti,restaurant,12.933447,77.6219099,,,italian,False,,,,
n2181449422,Matteo's Coffee,cafe,12.9743507,77.6070733,,,coffee_shop,False,,,,
n2188840978,Hae Kum Gang,restaurant,12.9679393,77.6074294,,,korean,False,,,,
n2194288983,Punjabi Food Corner,restaurant,12.8920876,77.5817631,,,indian,False,,,,
n2198288204,Mast Kalander,restaurant,12.978669,77.6440415,,,,True,,,,
n2199535405,Cafe Coffee Day,cafe,12.9286056,77.5453234,,"Mo-Su,PH 10:00-22:00",coffee_shop,False,,,,
n2211056425,Empire Restaurant,restaurant,13.0145004,77.635717,,,indian,False,,,,
n2212451363,Swathi Restaurant,restaurant,12.9608966,77.5075094,,,,False,,,,
n2247443467,Davanagere Benne Dose,restaurant,12.991114,77.5407958,,,indian,False,,,,
n2247460569,Nandini palace,restaurant,12.9985485,77.5840303,,,,False,,,,
n2247465952,Best of Bengal,restaurant,12.9955047,77.6081944,,,,False,,,,
n2254725055,Aishwarya Parkland,restaurant,12.8846171,77.5961943,,,,False,,,,
n2255802679,Jain Bhavan,restaurant,12.9461645,77.5734435,,,,True,,,,
n2261284950,Kamat Yatrinivas,restaurant,12.9758817,77.5786471,,,,False,,,,
n2274691955,Dr. Vittal Mallya,memorial,12.9712738,77.5979269,,,,False,,,,
n2281106615,Kabab Magic,restaurant,12.9787433,77.6955214,,Mo-Su 12:30-23:30,,True,,,,
n2293249618,Adyar Ananda Bhavan,restaurant,12.9843055,77.5537764,,,regional,True,,,,
n2296631913,New Shanti Sagar,restaurant,12.9977544,77.5472561,,,indian,False,,,,
n2297715693,Chandrappa Hotel,restaurant,13.0293289,77.5617382,,,indian,False,,,,
n2301066273,Sea Route Restaurant,restaurant,12.9973524,77.5476248,,"11:30-15:30, 18:30-23:00",seafood,False,,,,
n2303827881,Sattvam,restaurant,13.0057592,77.5804279,,,indian,False,,,,
n2309677672,Bhaga's,restaurant,13.028009,77.5728764,,,indian,False,,,,
n2309677686,Tomatoes,restaurant,13.0281424,77.5733461,,,international,False,,,,
n2309684404,Darasuni,restaurant,13.0273348,77.5765728,,,indian,False,,,,
n2310497999,Deccan House,restaurant,13.032401,77.5669086,,,chicken,False,,,,
n2319910852,Nizam's Biryani House,restaurant,12.9605015,77.7016821,,,,False,,,,
n2322728642,Kalmane Koffees,cafe,12.8757152,77.595244,,,coffee_shop,False,,,,
n2322728644,Oye Amritsar,restaurant,12.8762432,77.5957831,,,indian,False,,,,
n2322728645,Rajdhani Thali,restaurant,12.8759927,77.5960602,,,indian,False,,,,
n2322728647,TGIF,restaurant,12.8762457,77.5955916,,,,False,,,,
n2322731619,Venezia,restaurant,12.9274214,77.5771125,,,italian,False,,,,
n2322736999,Sweet Chariot,cafe,12.9684869,77.6008019,,,,False,,,,
n2334547031,Coconut Grove,restaurant,12.9752848,77.6043238,,,indian,False,,,,
n2335438256,Pakashala,restaurant,13.0724465,77.556674,,,,True,,,,
n2357184836,Pizza Stop,restaurant,12.9055105,77.595119,,,pizza,False,,,,
n2357184837,Gelato,restaurant,12.9056098,77.595119,,,ice_cream,False,,,,
n2357184842,Daily Bread,cafe,12.9063288,77.5965004,,,sandwich,False,,,,
n2357184843,Barbeque Nation,restaurant,12.9064308,77.5968652,,,kebab,False,,,,
n2357184852,MTR 1924,restaurant,12.9117616,77.5990109,,,regional,False,,,,
n2384193105,Grills and Rolls,restaurant,12.9004538,77.5859289,,,,False,,,,
n2389668260,Sri Krishna Upahara,restaurant,12.9031858,77.6245476,,,indian,False,,,,
n2405825779,Pigeon Hole,attraction,12.9480567,77.5879713,,,,False,,,,
n2432309201,Clubhouse Cafe,cafe,12.9357533,77.6962873,,,,False,,,,
n2458999135,Adyar Ananda Bhavan,restaurant,13.0229372,77.5848295,,,regional,True,,,,
n2480865063,California Burrito,restaurant,12.9941909,77.6606796,,,mexican,False,,,,
n2483744075,Royal's Coffe House,cafe,12.9709921,77.5368677,,,,False,,,,
n2485930886,Ammi's Biryani,restaurant,12.9607284,77.5284077,,,,False,,,,
n2486109003,Polar Bear,cafe,12.9602967,77.5302803,,,ice_cream,False,,,,
n2487658331,Panchavati,restaurant,12.9728225,77.537934,,,Andhra,False,,,,
n2487658334,Hotel Karavali,restaurant,12.9728818,77.5400131,,,regional,False,,,,
n2487658335,Alemane Cane Juice,cafe,12.9728604,77.5392872,,,,False,,,,
n2487658336,Gokul Veg,restaurant,12.9727493,77.5389814,,,regional,False,,,,
n2489042433,You Mee,restaurant,13.0118346,77.5553934,,,japanese,False,,,,
n2489042437,Vinegar,restaurant,13.0114881,77.5553553,,,,False,,,,
n2496920257,Cafe Coffe Day,cafe,12.9818276,77.6092079,,,coffee_shop,False,,,,
n2496920271,Shiv Sagar,restaurant,12.9819355,77.6082221,,,regional,False,,,,
n2497073991,Fresh and ground,cafe,12.989651,77.5377152,,,coffee_shop,False,,,,
n2505556376,Brahmins,restaurant,12.8918378,77.5795358,,,indian,True,,,,
n2513569165,Gandharva Upahāra,restaurant,12.9787017,77.5742352,,08:00-21:00,indian,True,,,,
n2513711714,Hotel Savaji's,restaurant,12.9737304,77.543367,,,,False,,,,
n2514705826,Beijing Bites,restaurant,12.9606895,77.5287669,,,chinese,False,,,,
n2531029517,Cafe Coffee Day,cafe,12.9303605,77.6228604,,,coffee_shop,False,,,,
n2531808714,New Prashanth Hotel,restaurant,12.9985477,77.5510414,,,regional,False,,,,
n2542686704,Sagar Fast Food,restaurant,12.9305918,77.6229717,,,indian,False,,,,
n2554302439,Crane Crush,cafe,12.9855811,77.5556847,,,regional,False,,,,
n2558557178,Ammi's Biryani,restaurant,12.8985744,77.6217071,,,indian,False,,,,
n2577055910,Woody's,restaurant,12.9655171,77.5949458,,,,True,,,,
n2600844368,Shezan,restaurant,12.9736811,77.5987096,,,indian,False,,,,
n2600844534,High Court Canteen,restaurant,12.9790476,77.5935254,,,,True,,,,
n2614285176,Cafe Coffee Day,cafe,13.007962,77.658766,,,coffee_shop,True,,,,
n2616233221,Kerala Coast,restaurant,13.053347,77.5980418,,,,False,,,,
n2620621558,Melange,restaurant,12.8899711,77.6398117,,,indian,False,,,,
n2621198134,Green Chillies,restaurant,12.8922631,77.5814764,,,indian,False,,,,
n2624184578,Sweet Chariot Cafe,cafe,13.0218163,77.657739,,,,False,,,,
n2624203093,Daily Bread,cafe,13.0185804,77.6534032,,,,False,,,,
n2624209440,Cafe Coffee Day,cafe,13.0189051,77.6567845,,,,False,,,,
n2625722535,Chung Wak,restaurant,13.0217627,77.6577043,,,chinese,False,,,,
n2627955741,Dosa Corner,restaurant,12.927382,77.5764857,,,,False,,,,
n2631196051,Maiyas,restaurant,13.0020277,77.5707457,,,indian,False,,,,
n2638243343,Chefmaster,restaurant,12.9237751,77.5969146,,,indian,False,,,,
n2638262803,New Shanthi Sagar,restaurant,12.9302771,77.5831394,,,indian,False,,,,
n2642013545,Saaga,restaurant,13.0371532,77.5896694,,,indian,False,,,,
n2647774013,Starbucks,cafe,12.9351849,77.6135299,,10:00-23:00,coffee_shop,False,,,,
n2649089252,Adyar Ananda Bhavan,restaurant,12.9218455,77.5854901,,,regional,True,,,,
n2649089254,Cafe Coffee Day,cafe,12.9218091,77.5893861,,,coffee_shop,False,,,,
n2678556603,New Tandoori Point,restaurant,12.9569985,77.7032975,,,,False,,,,
n2694347072,New Surya Sweets,restaurant,12.9250286,77.6143616,,,sweet_and_chat_shop,False,,,,
n2700229003,Ambur Biriyani,restaurant,12.9308439,77.6226408,,10:00-19:00,regional,False,,,,
n2702151800,Cafe Rossini,cafe,13.0273584,77.5763017,,,bavarian,False,,,,
n2727229635,Ground Up Coffee,cafe,12.9378458,77.5852753,,,coffee_shop,False,,,,
n2727229637,Cuppa,cafe,12.9409838,77.5850433,,,,False,,,,
n2730805923,Rastarasta.com,cafe,13.020785,77.6435221,,,,False,,,,
n2746556770,Black Pearl,restaurant,12.9344918,77.6160061,,,barbecue,True,,,,
n2786019781,War Memorial,memorial,12.9857827,77.5905553,,,,False,,,,
n2835792671,Guru Garden Restaurant,restaurant,12.8911903,77.5981332,,,indian,False,,,,
n2868082724,Woody's,restaurant,12.9818715,77.6094935,,,,False,,,,
n2896563906,Canyin,restaurant,13.0271848,77.571876,,,chinese,False,,,,
n2897376820,A1 Rice Bowl,restaurant,13.0282899,77.5714773,,,,False,,,,
n2901080141,Khan Saheb,restaurant,12.9714443,77.6350673,,,,False,,,,
n2901127015,Udupi Krishna Vihar,restaurant,12.9117776,77.6006489,,,indian,False,,,,
n2901145092,Manjunatha Refreshments,restaurant,12.9171114,77.6337407,,,indian,False,,,,
n2901145730,Empire,restaurant,12.91519,77.6355368,,11:30-23:30,indian,False,,,,
n2901369804,Star Biryani,restaurant,12.914592,77.6367272,,,kebab,False,,,,
n2901369806,Swathi Spice and Ice,restaurant,12.9165146,77.6355216,,,indian,False,,,,
n2910306405,Kempegowda Tower,monument,13.0124266,77.582456,,,,False,,,,
n2911691002,Empire Hotel,restaurant,13.0169921,77.5914678,,,,False,,,,
n2911691005,Kudla,restaurant,13.0174262,77.5916716,,,indian,False,,,,
n2911691006,Adiga's,restaurant,13.0168458,77.591398,,,,True,,,,
n2914218960,By-two Coffee,cafe,12.9649244,77.5387391,,Mo-Su 09:30-21:00,South_Indian,False,,,,
n2934044443,Denny's,restaurant,12.9164737,77.596929,,,american,False,,,,
n2934044447,Kabab Magic,restaurant,12.9162385,77.5970407,,,indian,False,,,,
n2934044450,The Pongal,restaurant,12.9158974,77.5967626,,,indian,False,,,,
n2934051707,Shanthi Sagar,restaurant,12.9136768,77.5859029,,,,False,,,,
n2934051708,Siddhas Veg,restaurant,12.9123213,77.5855908,,,indian,False,,,,
n2937454027,Church Street Social,restaurant,12.9757617,77.6026084,,,american,False,,,,
n2951208680,Clay Oven Restaurant,restaurant,12.891268,77.5816626,,,chinese;indian,False,,,,
n2962764486,Bejing Bites,restaurant,12.8922835,77.5982384,,,chinese,False,,,,
n2984282932,Shanthi Sagar,restaurant,12.9088477,77.5486338,,,,False,,,,
n2986412023,Ganesh Juice Center,cafe,12.9112765,77.5670395,,,,False,,,,
n2986480256,Shri Banashankari Darshini,restaurant,12.9048653,77.5657348,,,regional,False,,,,
n2996236143,Monish Corner,restaurant,12.9266584,77.5199911,,,regional,False,,,,
n2999559155,Daysie,restaurant,12.9722421,77.6184419,,,,False,,,,
n2999617616,Vijayant Tank,memorial,12.9621165,77.6286126,,,,False,,,,
n3004782370,Cafe Coffee Day,cafe,12.9287251,77.5912567,,,coffee_shop,False,,,,
n3013765074,Black Pepper Lounge,restaurant,12.9363204,77.6222034,,,international,False,,,,
n3016090363,Spice Stories,restaurant,12.956002,77.6416096,,,indian;regional,False,,,,
n3016090369,Pizza Hut,restaurant,12.9061288,77.593146,,,pizza,False,,,,
n3019535004,Chamundeshwari Coffee,cafe,12.9659456,77.5924964,,05:00-19:30,coffee_shop,False,,,,
n3019860765,Athithi Andhra Style Restaurant,restaurant,12.8885816,77.5970487,,,,False,,,,
n3019860767,Bengaliana,restaurant,12.8897004,77.5974903,,,bengali,False,,,,
n3019860773,Dadi's Dum Biryani,restaurant,12.8897164,77.5975027,,,mughlai;hyderabadi,False,,,,
n3019860778,Pizza Hut,restaurant,12.8895058,77.5974312,,,pizza,False,,,,
n3019860787,Zanghs Dynasty,restaurant,12.890143,77.5976943,,,chinese,False,,,,
n3019918467,Sufiyan,restaurant,12.8922596,77.5983606,,,chinese,False,,,,
n3019919812,Hot Burg,restaurant,12.892252,77.5983398,,,burger,False,,,,
n3022109714,Chowman,restaurant,12.9232047,77.6711807,,,,False,,,,
n3022109715,Starbucks,cafe,12.90602,77.5937277,,,coffee_shop,False,,,,
n3024944754,Wangs Kitchen,restaurant,12.9061196,77.5926081,,,,False,,,,
n3024967811,Eden Park Restaurant,restaurant,12.9234752,77.5852645,,,,False,,,,
n3047997926,Sweet Chariot,cafe,12.9683557,77.6512329,,,cake,False,,,,
n3121611749,Kwality'S Ice Cream Parlour,restaurant,12.9241055,77.5671349,,,ice_cream,False,,,,
n3125514991,Ammys Biriyani,restaurant,12.8896399,77.5633218,,,indian,False,,,,
n3145158638,S T Bed Park at 5th Cross,park,12.9342822,77.6317632,,,,False,,,,
n3145158639,S T Bed Park and Field at 8th Cross,park,12.9330379,77.6329291,,,,False,,,,
n3170025557,Carnival De Goa,restaurant,12.9750047,77.6200027,,,regional,False,,,,
n3170060228,Ayda,restaurant,12.9742729,77.607273,,,indian;persian,False,,,,
n3170077781,Chai Point,cafe,12.9224971,77.668466,,,coffee_shop,True,,,,
n3170080378,Gopal Jee,restaurant,12.9245494,77.6743341,,,,True,,,,
n3193511367,Cafe Coffee Day,cafe,13.0053577,77.5810409,,,coffee_shop,False,,,,
n3193521628,Sri Devi Café,restaurant,12.9977551,77.6205782,,,regional,False,,,,
n3198533405,Lou Han,restaurant,12.9159911,77.6513702,,,chinese;thai,True,,,,
n3198549998,Napoli,restaurant,12.9160016,77.6519298,,,italian,False,,,,
n3198561995,Greasy Spoon,restaurant,12.9168988,77.6515537,,,american,False,,,,
n3198577860,Just momo,restaurant,12.912101,77.6485607,,,chinese,False,,,,
n3198578925,Wang's Kitchen,restaurant,12.9124615,77.6517484,,,chinese,False,,,,
n3198599095,Adyar Ananda Bhavan,restaurant,12.9137923,77.6374114,,,regional,True,,,,
n3198606756,Pizza Hut,restaurant,12.9122107,77.6377107,,,pizza,False,,,,
n3198609226,Calvins,restaurant,12.9122576,77.6375965,,,italian,False,,,,
n3198616661,Hotel Sanman,restaurant,12.98415,77.5781517,,,regional,False,,,,
n3204483729,Goli,restaurant,12.9908478,77.6800019,,,vada_pav,False,,,,
n3207060489,Andhra Biryanis,restaurant,13.0413885,77.6223832,,,,False,,,,
n3208555392,Nammoora,restaurant,12.9045002,77.5888265,,,"regional_(South_Indian,_North_Indian)",False,,,,
n3211789974,California Burritos,restaurant,12.9341751,77.6170762,,,,False,,,,
n3217667995,Pizza Hut,restaurant,12.9117609,77.6816564,,,pizza,False,,,,
n3217683310,Funky Punjab,restaurant,12.9001563,77.585937,,,punjabi,False,,,,
n3217683311,Vasantha Grand,restaurant,12.9043815,77.5858999,,,indian,False,,,,
n3220550248,Vinaya Cafe,restaurant,12.9058961,77.5802982,,,indian,False,,,,
n3226589031,Sreeraj Lassi Bar,cafe,12.9844175,77.6033409,,,,False,,,,
n3226825473,Karavali Garden Restaurant,restaurant,12.9044659,77.5802459,,,indian,False,,,,
n3237596895,Bhagini,restaurant,12.9398646,77.6959322,,,regional,False,,,,
n3239060994,Pizza Hut,restaurant,12.9389751,77.6953137,,,pizza,False,,,,
n3245631492,Happy Endings,cafe,12.9245757,77.6729089,,,,False,,,,
n3245631791,Chalo Punjab,restaurant,12.9241101,77.671697,,,,False,,,,
n3251598601,Ruh,restaurant,12.9245431,77.6728693,,,,False,,,,
n3255146520,Dosa Time,cafe,12.9147042,77.6760561,,16:00-22:00,,False,,,,
n3255146521,Juice,cafe,12.9147382,77.6760668,,,juice,False,,,,
n3255146522,Chat & More,cafe,12.9147905,77.6760749,,,,False,,,,
n3255176718,Blue Rock's Fusion Restaurant and Bar,restaurant,12.9146917,77.6760958,,,,False,,,,
n3257966389,Cafe Coffee Day,cafe,12.9757451,77.6046148,,,coffee_shop,False,,,,
n3283293168,D'Lish,restaurant,12.9765959,77.5706263,,,,False,,,,
n3286297186,Adhishakthi,restaurant,12.9729868,77.5700133,,,,False,,,,
n3294398729,Jalsa,restaurant,12.9263463,77.5647627,,,,False,,,,
n3298494102,CV Raman Statue,memorial,12.979247,77.6531648,,,,False,,,,
n3298916258,Odia Dyne,restaurant,12.9563085,77.6560269,,,regional,False,,,,
n3300076798,J's Pastas n Pizzas,restaurant,12.9558936,77.6535219,,,pizza,False,,,,
n3304100396,Srinidhi Sagar,restaurant,12.9607933,77.64587,,,,False,,,,
n3304204495,Nandini Cool Joint,restaurant,12.9110059,77.6444953,,,,False,,,,
n3307010962,Chung Wah,restaurant,13.0285702,77.5714972,,,chinese,False,,,,
n3309207333,Diya Family Restaurant,restaurant,12.9571881,77.6550651,,,meals,False,,,,
n3313847821,Akshaya Veg,restaurant,12.9565128,77.6537159,,,meals,False,,,,
n3316943067,Brahmin's Thatte Idli,restaurant,13.0268022,77.5794516,,,,True,,,,
n3328011093,Adyar Ananda Bhavan,restaurant,13.04098,77.6243953,,,regional,False,,,,
n3340457186,Status,restaurant,12.953121,77.652908,,,,False,,,,
n3340457188,Udipi Park,restaurant,12.9530588,77.652888,,,,False,,,,
n3342219979,Richies Rahhams Families International,restaurant,13.000752,77.6131248,,,,False,,,,
n3355272069,Big Mummy,restaurant,12.96257,77.6432823,,,,False,,,,
n3355272070,Nandu Biryani Corner,restaurant,12.9627703,77.6424953,,,hyderabadi,False,,,,
n3355609489,Starbucks,cafe,12.9745524,77.6073356,,"PH,Mo-Su 08:00-23:30",coffee_shop,False,,,,
n3361649542,Kavya Sagar,restaurant,12.9582479,77.6146254,,,regional,False,,,,
n3369857851,MTR 1924,restaurant,12.9805426,77.6405571,,,,False,,,,
n3369890731,Cafe Coffee Day,cafe,12.9781425,77.6387579,,,coffee_shop,True,,,,
n3369890732,Tadka Singh,restaurant,12.9781375,77.638642,,12:00-22:30,indian,True,,,,
n3369940349,Chinita,restaurant,12.9810166,77.6370813,,12:00-23:00,mexican,False,,,,
n3369940351,Paakashala,restaurant,12.9811616,77.6371262,,,regional,False,,,,
n3369957258,Dosa Camp,restaurant,12.9797703,77.6393433,,,,False,,,,
n3370003811,Adupadi,restaurant,12.9788158,77.6365941,,,Chettinad,False,,,,
n3370005705,Officers Housing Colony Memorial,memorial,12.9765911,77.6445115,,,,False,,,,
n3370020257,Lajawaab,restaurant,12.9782871,77.6426631,,,indian,False,,,,
n3370020259,Rasa India,restaurant,12.9782063,77.6431582,,,indian,False,,,,
n3370028599,Cafe Max,restaurant,12.9783994,77.6443108,,,german,False,,,,
n3370028965,Esplanade,restaurant,12.978961,77.636588,,,Calcutta,False,,,,
n3370115618,Istanbul Doner Turkish Grill,restaurant,12.9821282,77.6395715,,,,False,,,,
n3370171473,Durga Andhra Mess (Veg/Non-Veg),restaurant,12.9804418,77.6391466,,,indian,False,,,,
n3370171475,Food Town,restaurant,12.9822114,77.6391056,,,,False,,,,
n3370279043,Nagarjuna,restaurant,12.9774668,77.6363765,,,indian,False,,,,
n3370283251,Imperial Restaurant,restaurant,12.9755127,77.6360648,,,,False,,,,
n3370453172,Annapoorani,restaurant,12.97475,77.635825,,,indian,False,,,,
n3371304648,Barebones,restaurant,12.9801713,77.6405925,,,,False,,,,
n3371410044,Coffee Club,cafe,13.0189413,77.5708021,,"Mo-Fr 10:00-11:30,15:00-17:00",,False,,,,
n3371785036,Swathi,restaurant,12.9891614,77.5722338,,,,True,,,,
n3380959471,Punjabi Rasoi,restaurant,12.9821972,77.6388396,,,,False,,,,
n3381393099,Sri Upahara,restaurant,12.9105018,77.5816131,,,South_Indian,False,,,,
n3384450215,Meghana Foods,restaurant,12.9728223,77.6091815,,,indian,True,,,,
n3389131746,Curries and Pickles,restaurant,12.9822012,77.6382936,,,,False,,,,
n3391135051,Hotel Annakuteera vegetarian,restaurant,12.962822,77.5764714,,,,True,,,,
n3391135057,New Sagar Fast Food & Party Hall,restaurant,12.9899339,77.5526805,,,,False,,,,
n3393485027,H.S.M Iyengar,cafe,12.910505,77.5820811,,,,False,,,,
n3393504221,Paakashala,restaurant,12.9106315,77.584622,,,regional,True,,,,
n3393508235,Bust of Dr. Rajkumar,monument,12.9104577,77.5855754,,,,False,,,,
n3393511032,Spicy Tree,restaurant,12.9106137,77.5805904,,,regional,False,,,,
n3393529951,Rolls of heaven,restaurant,12.9110226,77.578561,,,regional,False,,,,
n3393529952,Sri Devi,restaurant,12.9108461,77.5782827,,,,False,,,,
n3393531563,Sunrise Restaurant,restaurant,12.9110743,77.5780397,,,,False,,,,
n3399331050,Aditya Hotel,restaurant,13.0019334,77.5784395,,,,False,,,,
n3400223536,F A Tea stall,cafe,13.0183459,77.5572174,,,,False,,,,
n3400223537,Five Star Veg,restaurant,13.0069934,77.5693219,,,,False,,,,
n3400224073,Five Star Chicken,restaurant,13.0070927,77.5693166,,,,False,,,,
n3401671688,Hotel Aradhana,restaurant,12.9115865,77.6002227,,,,False,,,,
n3403067275,Shri Lakshmi Darshini,restaurant,12.9113058,77.6001591,,,,False,,,,
n3403067460,Prasanna bar and restaurant,restaurant,12.9113345,77.6001135,,,,False,,,,
n3410462437,Aircraft (LCA),memorial,12.9623454,77.6825383,,,,False,,,,
n3412397362,Cafe Coffee Day,cafe,12.9898332,77.5561709,,,coffee_shop,False,,,,
n3422057411,Holy Smoke,restaurant,12.9103456,77.6097988,,,,False,,,,
n3451568023,Sri Ananda Bhavan,restaurant,12.9944143,77.6631498,,,indian,False,,,,
n3451568025,Sri Krishna Grand,restaurant,12.9938792,77.6622186,,,indian,False,,,,
n3451568043,Basaveshwara Khanavali,restaurant,12.9944662,77.6632297,,Mo-Su 09:00-21:00,regional,False,,,,
n3451583670,Sai Shiv Sagar,restaurant,12.9950242,77.662944,,,,False,,,,
n3451678764,Nellore Mess,restaurant,12.994594,77.6634203,,,regional,False,,,,
n3453556764,Annapurna,restaurant,12.95904,77.6382864,,,,False,,,,
n3453556775,Kerela Pavilion,restaurant,12.9603147,77.6371987,,,,False,,,,
n3453556789,Under The Tree,restaurant,12.9592176,77.6385092,,,,False,,,,
n3453558193,Tamarind House,restaurant,12.9591069,77.6383016,,,,False,,,,
n3458333999,Smoke House Deli,restaurant,12.9715104,77.5983259,,,italian;burger,False,,,,
n3470923201,Annapoorneshwari Mess,restaurant,12.9819249,77.6395066,,,regional,False,,,,
n3477797685,Classic Biriyani Center,restaurant,12.92478,77.6746246,,,,False,,,,
n3477797826,Mani's Dum Biriyani,restaurant,12.9242898,77.6737254,,,indian,False,,,,
n3483711802,Ibaco,cafe,13.0374157,77.5661276,,11:00 -23:00,dessert,False,,,,
n3485239573,Café Coffee Day,cafe,12.9193173,77.5041769,,,coffee_shop,False,,,,
n3493124417,Aastha Mess,restaurant,13.0218114,77.5586653,,,Bengali,False,,,,
n3493124418,Thanco's Natural Ice Cream,restaurant,13.027416,77.5610663,,,ice_cream,False,,,,
n3496426170,Chocolate Lounge,cafe,12.9705433,77.642076,,,,False,,,,
n3497321173,Mast Kalandar,restaurant,12.9548274,77.6415855,,"08:30-12:30,15:30-22:00",indian;regional,False,,,,
n3497378218,Ambur Biriyani,restaurant,12.9582235,77.6415281,,,regional,False,,,,
n3497378219,Chef Inn Regency,restaurant,12.95771,77.6416441,,,,False,,,,
n3497378222,Shabari Tea Stall,cafe,12.9580508,77.641507,,,,False,,,,
n3507444982,Sanjeevanam,restaurant,12.9254221,77.6194529,,,,False,,,,
n3510015824,Juice Maker,cafe,12.9417768,77.6215095,,08:00-23:00,coffee_shop,False,,,,
n3510047245,Dyu Art Cafe,cafe,12.9371896,77.6176798,,10:00-22:30,coffee_shop,False,,,,
n3510053759,Juicy,cafe,12.9360891,77.6159498,,,Juice_shop,False,,,,
n3510063809,Momoz,restaurant,12.9359584,77.6162475,,"12 Noon to 3:30 PM, 7 PM to 11 PM",chinese,False,,,,
n3510063810,Chai Point,cafe,12.9346905,77.6159203,,,coffee_shop,False,,,,
n3510063811,California Pizza Kitchen,restaurant,12.9344396,77.6160195,,11:00-23:00,pizza,False,,,,
n3510874140,Sharekhan Restaurant,restaurant,12.9187187,77.6491667,,,,False,,,,
n3513207640,Sathkar Cafe,cafe,12.9589736,77.6628578,,,,False,,,,
n3526180140,Indiradarshini,cafe,13.0036378,77.6166655,,Mo-Su 07:00-21:00,indian,False,,,,
n3540823601,Meghana Foods,restaurant,12.9496216,77.6997317,,,regional,True,,,,
n3540944743,Mast Kalandar,restaurant,12.9255448,77.6762576,,,regional,False,,,,
n3541170091,Cafe Coffee Day,cafe,13.0334985,77.5309521,,,coffee_shop,False,,,,
n3541202412,PSR Andhra Style Restaurant,restaurant,13.0374407,77.5225394,,,regional,False,,,,
n3541605986,Barbeque Nation,restaurant,12.9481695,77.6986773,,,barbecue,True,,,,
n3541742496,Anjappar,restaurant,12.9506209,77.6999061,,,regional,True,,,,
n3541742497,Spice World,restaurant,12.9504495,77.6999604,,,,False,,,,
n3541742498,Jimi's,restaurant,12.9504952,77.699942,,,,False,,,,
n3541784356,Barkaas Indo Arabic Restaurant,restaurant,12.9512065,77.6994054,,,Andhra,False,,,,
n3541798348,Wareabouts Grill & Lounge,restaurant,12.9517332,77.6994362,,,,False,,,,
n3541874777,Tandoori Junction,restaurant,12.9517821,77.7001004,,,Punjabi,False,,,,
n3541884418,Nanda's,restaurant,12.9515881,77.7000708,,,Andhra,False,,,,
n3549831014,Bhavani Tiffin Center,restaurant,12.9862102,77.5741379,,13:00-15:00,regional,False,,,,
n3555811424,Chung Wah,restaurant,13.0279983,77.5726967,,,chinese,False,,,,
n3556046875,Sree Manjunatha Coffee Bar,cafe,12.9824022,77.6376847,,,,False,,,,
n3556124473,Ambur Biriyani,restaurant,12.9822182,77.6385728,,,indian,False,,,,
n3556124476,Juicea- Fresh juice and ice creams,cafe,12.9822235,77.6390347,,,,False,,,,
n3556341351,Al Zaid,restaurant,12.9822569,77.6393124,,,indian,False,,,,
n3556379076,Le Cremosa,cafe,12.9800955,77.6398191,,,,False,,,,
n3571019993,NIAS Main Eating Point,restaurant,13.0290505,77.5634364,,,regional,False,,,,
n3571023993,Shri M Hamid Ansari - Planted Tree,park,13.0292739,77.5636598,,,,False,,,,
n3591576155,Cafe Coffee Day,cafe,13.0207677,77.5929009,,,coffee_shop,False,,,,
n3652359334,St. Martha's Canteen,restaurant,12.9701247,77.5866611,,,,False,,,,
n3654142906,KGID Canteen,restaurant,12.981906,77.5956848,,,regional,False,,,,
n3665564554,Fruit Face,cafe,12.9811573,77.6366177,,Mo-Su 10:00-23:00,juice;salad,False,,,,
n3677324087,Freedom Cafe,cafe,13.0302272,77.5627649,,11:00-23:00,Fast_Food,False,,,,
n3690755778,Twillight Tandoor Resto,restaurant,12.9313955,77.5179594,,,regional,False,,,,
n3702210813,Seashell Savoury,restaurant,12.9311314,77.6007942,,,Multi-cuisne,False,,,,
n3702268573,Chicken County,restaurant,12.9307235,77.6004442,,,indian,False,,,,
n3710903429,Kittur Rani Chennama Statue,memorial,12.963396,77.5855103,,,,False,,,,
n3710999579,Trignometric Survey Baseline Plaque,memorial,13.0126325,77.5822301,,,,False,,,,
n3713450648,University Cafeteria,cafe,12.9433024,77.5055822,,,,False,,,,
n3719529455,Akshaya Deluxe,restaurant,13.0374079,77.5654203,,,indian,False,,,,
n3725679610,Anjappar Chettinad Restaurant,restaurant,12.9755345,77.6413688,,,south_indian,False,,,,
n3725684688,Creme & Crust,restaurant,12.9749878,77.6412398,,,,False,,,,
n3725687613,Peacock Fine Dining,restaurant,12.9750628,77.6412415,,,,False,,,,
n3725719348,Hungry Walker,restaurant,12.9695996,77.641102,,Mo-Su 10:00-23:00,asian;malaysian;indonesian,False,,,,
n3725719377,Little Italy,restaurant,12.9773951,77.6406976,,,,False,,,,
n3725752594,Rajdhani,restaurant,12.963873,77.6418506,,,,False,,,,
n3725752595,The Rock,restaurant,12.963753,77.6419024,,,,False,,,,
n3725814429,pakwan,restaurant,12.9742661,77.6409041,,,,False,,,,
n3725814432,Kota Kachori,restaurant,12.9740974,77.640751,,,indian,False,,,,
n3725850699,Sri Udupi Park,restaurant,12.9736716,77.6409138,,,,False,,,,
n3726036589,Thai Refresh,restaurant,12.9706146,77.6415013,,,,False,,,,
n3726039620,The Biriyani World,restaurant,12.9694583,77.6415886,,,,False,,,,
n3726120743,Chai Gali,cafe,12.981682,77.6394877,,,tea,False,,,,
n3726145522,Brahmin's Tatte Idli,cafe,12.9801908,77.6372443,,,,False,,,,
n3727147613,Barbeque Factory,restaurant,12.9641752,77.6413104,,,,False,,,,
n3727147623,News Cafe,cafe,12.9659502,77.6412101,,,,False,,,,
n3727148131,Smoke House Deli,restaurant,12.9656588,77.6412508,,,italian;burger,False,,,,
n3730961535,Kumbakonam Traditional Coffee,cafe,12.9739292,77.6232945,,,,False,,,,
n3742215657,Atithis,restaurant,13.0017604,77.5783235,,,chats,False,,,,
n3742854806,Swaad,restaurant,12.9696235,77.654847,,,Punjabi,False,,,,
n3760065158,Beijing Bites,restaurant,12.9185551,77.6704667,,"Mo-Su 12:00-15:45,19:00-23:00",chinese,False,,,,
n3760236416,Cafe Coffee Day,cafe,12.9754589,77.6067378,,,coffee_shop,False,,,,
n3760247146,Bheema's,restaurant,12.9751858,77.6035875,,,regional,True,,,,
n3760251186,Mainland China,restaurant,12.9752374,77.6034215,,,chinese,False,,,,
n3760253378,Oh! Calcutta,restaurant,12.975223,77.6035195,,,regional,False,,,,
n3760572439,Hooked,restaurant,12.9755584,77.6031289,,,seafood,False,,,,
n3760572440,Matsya,restaurant,12.9755444,77.6031965,,,,False,,,,
n3760580545,Bundle Company,restaurant,12.9756151,77.6029253,,,,False,,,,
n3761073062,Karavalli,restaurant,12.9720694,77.6089097,,"Mo-Su 12:30-15:00,19:00-23:30",regional;south_western_coastal,True,,,,
n3761073063,Udupi Park,restaurant,12.9728503,77.6091975,,,,False,,,,
n3761074634,Nagarjuna,restaurant,12.97323,77.609195,,,andhra,True,,,,
n3761230359,The Grill House,restaurant,12.9749935,77.6199471,,,mexican,False,,,,
n3761239273,Zaitoon,restaurant,12.9597633,77.6470458,,,,False,,,,
n3761373132,Cheeni Kum,restaurant,12.9600581,77.6451404,,,,False,,,,
n3761385393,Chai Point,cafe,12.9600755,77.6448826,,,coffee_shop,False,,,,
n3761406785,Desi Bytes,restaurant,12.9601577,77.6443247,,,,False,,,,
n3761429336,Golden Plate Restaurant,restaurant,12.9592065,77.6530201,,,,False,,,,
n3761463626,Cafe Coffee Day,cafe,12.9592219,77.6550084,,,coffee_shop,False,,,,
n3761466913,Samruddhi,restaurant,12.9592402,77.6547402,,,Andhra,False,,,,
n3765310520,Rastra Kavi Kuvempu,memorial,12.9787583,77.5826869,,,,False,,,,
n3778335491,Blue Terrain,restaurant,12.9300348,77.6834526,,,,False,,,,
n3778335492,The Square,restaurant,12.9301328,77.6833467,,,,False,,,,
n3780780966,Punjabi Bites,restaurant,12.954539,77.6526273,,,,False,,,,
n3781792270,Adyar Ananda Bhavan,restaurant,12.997771,77.571072,,,regional,False,,,,
n3783556814,Clubhouse,restaurant,12.9594395,77.6436156,,,,False,,,,
n3785906627,Caesars,restaurant,12.9733842,77.6163899,,,indian,False,,,,
n3799002966,Sri Krishna Nandagokula Veg,restaurant,12.9365363,77.5167879,,,regional,True,,,,
n3800281856,Shanti Sagar,restaurant,12.9735894,77.5783998,,,,False,,,,
n3801706348,Ichin Restaurant,restaurant,12.937762,77.6271125,,,,False,,,,
n3803102820,Satis Tiffins,restaurant,12.9557359,77.6918384,,,,False,,,,
n3803200447,Bhagini Deluxe,restaurant,12.9571303,77.701865,,,Andhra,False,,,,
n3803201072,Vaikuntam,restaurant,12.9571332,77.7018887,,,Andhra,False,,,,
n3804507829,Raju's Royal,restaurant,12.9595599,77.6559904,,,,False,,,,
n3805138252,Udupi Vaibhava,restaurant,12.9572917,77.7009166,,,,False,,,,
n3806232205,Delhi Biriyani,restaurant,12.9343194,77.6895154,,,,False,,,,
n3806281887,Sri Manjunatha Condiments,cafe,12.9876025,77.5736105,,,,False,,,,
n3808139771,Reverend Ferdinand Kittel,memorial,12.9741022,77.6115552,,,,False,,,,
n3808163238,Chung Wah,restaurant,12.9740669,77.6092489,,,chinese,False,,,,
n3808171450,Donne Biryani House,restaurant,12.9732979,77.6093585,,,,False,,,,
n3812492578,Chiah Hok,restaurant,12.8917806,77.5792737,,,indian,False,,,,
n3819250513,Empire,restaurant,12.9672647,77.6090629,,,,False,,,,
n3820249094,Tandoor,restaurant,12.9736722,77.6131796,,,,False,,,,
n3837000083,New Life Kerala Mess,restaurant,12.9726449,77.6382683,,Mo-Su 09:00-23:00,kerala,False,,,,
n3837000084,Coastal Delight,restaurant,12.9783646,77.6362045,,,indian,False,,,,
n3837000889,Raaga,restaurant,12.9781459,77.6364882,,,indian,False,,,,
n3837007682,The Grill House,restaurant,12.9723182,77.6370479,,,steak_house,False,,,,
n3837015994,Wanley Restaurant,restaurant,12.9792707,77.6426443,,,chinese,False,,,,
n3837026832,Viceroy's Sarathi,restaurant,12.9792825,77.6425169,,,regional,False,,,,
n3837219271,Sharon Tea Stall,cafe,12.9731666,77.6470466,,Mo-Sa 05:30-22:00; Su 16:00-22:00,,False,,,,
n3837270531,Soo Ra Sang Korean Cuisine,restaurant,12.9656704,77.6492943,,Mo-Su 12:00-23:00,korean,False,,,,
n3839535784,Chung's Pavillion,restaurant,12.9663676,77.6372366,,,chinese,False,,,,
n3841346586,Green Pepper,restaurant,12.9688091,77.6489013,,,kerala,True,,,,
n3842746873,Santé Spa Cuisine,restaurant,12.963907,77.6386951,,Mo-Su 11:00-23:00,indian;international;italian;pasta;pizza;thai,True,,,,
n3846368540,Paparazzi,restaurant,12.9748952,77.6153654,,,,False,,,,
n3846368541,Pinxx,cafe,12.9748429,77.6153686,,,,False,,,,
n3851555733,Siri's Camille's Ice Cream Bar,cafe,12.9702195,77.6476869,,,ice_cream,False,,,,
n3851937460,Theobroma,cafe,12.9702094,77.6440181,,,,False,,,,
n3862580459,Cafe Coffee Day,cafe,12.9736889,77.6112977,,,coffee_shop,False,,,,
n3872737461,R. P. Kamat's,restaurant,12.9759239,77.5749981,,,,True,,,,
n3872737462,Sukh Sagar,restaurant,12.9766765,77.5777178,,,,True,,,,
n3885873103,Shree Yummy's Palace,restaurant,13.0076007,77.5710725,,,regional,False,,,,
n3918664256,Arirang Korean Restaurant,restaurant,13.0195687,77.6371797,,,korean,False,,,,
n3937649657,Khan Saheb Grills and Rolls,restaurant,12.9826791,77.61051,,,,False,,,,
n3961375648,Hotel Dil Coorg,restaurant,12.9779131,77.6328957,,,coorg,False,,,,
n3971246020,Al Bek,restaurant,12.9942736,77.5715823,,,,False,,,,
n3980403402,Muscle Power Exhibit,attraction,12.9843074,77.5913805,,,,False,,,,
n3993281428,Annapoorneshwari Restaurant,restaurant,12.9578247,77.6551191,,,meals,False,,,,
n4005181106,Little Orissa,restaurant,12.9622425,77.6448007,,,,False,,,,
n4008859835,Shristi Sagar,restaurant,13.0076756,77.5640516,,06:00-10:00,indian,False,,,,
n4029938933,GTS Baseline Survey Point,attraction,13.0125912,77.5823361,,,,False,,,,
n4035007844,Sri Krishna Sagar,restaurant,12.9852789,77.5434809,,,indian,False,,,,
n4038158089,SodaBottleOpenerWala,restaurant,12.9706578,77.5975349,,,indian,False,,,,
n4038176379,Lazy Suzy,cafe,12.9708508,77.6474894,,,,False,,,,
n4044195456,Dasaprakash,restaurant,12.9765168,77.6029754,,,,False,,,,
n4059440074,Onestà,restaurant,12.9787278,77.6435358,,12:30-23:00,pizza,False,,,,
n4066841503,Sri Krishna Sagar,restaurant,12.9930498,77.663735,,,indian,True,,,,
n4087675581,Priyadarshini Grand,restaurant,12.9902817,77.5378602,,,regional,False,,,,
n4101094995,Khawja Hotel,restaurant,12.9625119,77.5486586,,,,False,,,,
n4101957723,Hotel Orange tree Residency,restaurant,12.9793184,77.6435354,,,,False,,,,
n4101957728,Spoonful Sugar Pastisserie & cafè,cafe,12.9793017,77.6436594,,,,False,,,,
n4102048400,Coorg Restaurant,restaurant,12.9790201,77.6419756,,,,False,,,,
n4117092201,Jose Mess,restaurant,12.9310409,77.6081159,,,indian,False,,,,
n4117249122,Shanti Sagar,restaurant,12.987086,77.6189974,,,,False,,,,
n4130934098,Bismillah Tea Hotel,cafe,12.9608368,77.5485824,,,,False,,,,
n4130960396,Bismillah Tea Hotel,cafe,12.9615054,77.5504015,,,,False,,,,
n4130960491,Khalil Tea Hotel,cafe,12.9641082,77.5504793,,,,False,,,,
n4130960492,Bombay tea hotel,cafe,12.9632318,77.5500256,,,,False,,,,
n4130961391,Bismillah Tea Hotel,cafe,12.9661241,77.5521383,,,,False,,,,
n4130962591,Bismillah Tea Hotel,cafe,12.9638664,77.5510308,,,,False,,,,
n4133355393,Mani's Dum Biriyani,restaurant,12.9274912,77.6373711,,,,False,,,,
n4140677508,The Kabab Company,restaurant,12.9787711,77.6365491,,,indian,False,,,,
n4156058889,Hot Soup & Bowl,restaurant,12.9576049,77.5247105,,Mo-Su 11:00-22:30,indian;chinese;italian;pasta,False,,,,
n4173839908,Pakvan,restaurant,13.0033921,77.5783685,,,indian,False,,,,
n4173858166,Meera Delicacy,restaurant,12.9476142,77.5797544,,,indian,False,,,,
n4195432539,Suryawanshi,restaurant,12.9702478,77.6357689,,,,False,,,,
n4197757510,Donne Biriyani Hotel,restaurant,12.9204794,77.5956182,,,chicken;regional,False,,,,
n4197977500,Third Wave Coffee Roasters,cafe,13.0610589,77.5872299,,,coffee_shop,False,,,,
n4197977501,Hyderabad Biryani,restaurant,13.0591909,77.5875414,,,regional,False,,,,
n4197977502,Adigas,restaurant,13.0589975,77.5875951,,,,True,,,,
n4198402538,Svensens Icrecream,cafe,13.0637714,77.5905824,,,ice_cream,False,,,,
n4200239822,Mane Holige Kuruk thindi,restaurant,12.9288993,77.5818811,,Mo-Su 07:30-22:00,,True,,,,
n4204002589,Green Onion,restaurant,12.9589543,77.6521562,,,chinese,False,,,,
n4210670194,Kaapi Katte,restaurant,12.9162563,77.520671,,,indian,False,,,,
n4210670196,OSR Andhra Spice,restaurant,12.9061516,77.5209983,,,regional,False,,,,
n4211878795,Sri Raghavendra Darshini,restaurant,12.9744534,77.6388972,,,,False,,,,
n4217842490,Swathi Deluxe,restaurant,12.9378825,77.6991184,,,indian;seafood;chicken;egg;mutton;tandoor,False,,,,
n4227854812,Moritz Nano Restaurant,restaurant,12.9875826,77.6188927,,,,False,,,,
n4236318489,Nanak,restaurant,12.967557,77.6061228,,,,False,,,,
n4243908360,Nescafe,cafe,12.9355646,77.5345308,,,indian,False,,,,
n4246843765,Prasad Icecream Parlour,cafe,12.9392188,77.5600997,,,ice_cream,False,,,,
n4252092996,Cafe Thulp,cafe,12.9908261,77.6193188,,,,False,,,,
n4254309393,AL-BEK,restaurant,12.916485,77.5982924,,,arab,False,,,,
n4254383391,Curry Leaves,restaurant,12.9230018,77.5972171,,,indian,False,,,,
n4256250292,Casa Fresco by Tea Brew,restaurant,12.9645114,77.638624,,,,False,,,,
n4258205108,Oye Lassi,cafe,13.0053566,77.5712414,,,,False,,,,
n4264037789,Udupi Upachaar Veg,restaurant,13.0054082,77.5691051,,,,False,,,,
n4272727195,jaamun,attraction,12.9694804,77.6457024,,,,False,,,,
n4272785489,New Shanthi Sagar,restaurant,12.9783586,77.6363142,,,,False,,,,
n4274757591,Delicacy,restaurant,12.8826056,77.5834699,,,chinese;thai,False,,,,
n4280117589,Biriyani Zone,restaurant,12.9202717,77.6451895,,,,False,,,,
n4294255677,Brigade Dreams,restaurant,12.9685412,77.606131,,,,False,,,,
n4294260125,Chariot,restaurant,12.9718911,77.6066836,,,,True,,,,
n4294272999,Sree Balaji Art Gallery,gallery,12.9808556,77.6022435,,,,False,,,,
n4294801430,Laban Palace,restaurant,12.9729346,77.6357245,,,,False,,,,
n4294801432,Srinidhi Sagar Foodline,restaurant,12.9733837,77.6360035,,,,False,,,,
n4294801602,Rayaru's Kitchen,restaurant,12.9728794,77.6357245,,,,False,,,,
n4294801604,Byte,restaurant,12.9731905,77.6359606,,,,False,,,,
n4301452672,Hotel Metropole,restaurant,12.9806364,77.602787,,,,False,,,,
n4301868889,Madurai Cafe,restaurant,12.9590093,77.7016921,,,indian,True,,,,
n4302369009,Chai Point,cafe,13.0085444,77.5695202,,,coffee_shop,False,,,,
n4302885789,Athithi Gruha,restaurant,12.8866506,77.5822279,,,indian,False,,,,
n4307156988,Pahala Rasagola shop,cafe,12.9355231,77.6189666,,Mo-Su 07:30-21:00,regional;odia,False,,,,
n4307449563,Chulha Bhatti,restaurant,12.9413212,77.6966738,,,,False,,,,
n4307542692,Dinner Friends,restaurant,12.970892,77.6471187,,,,False,,,,
n4307551330,Treat,restaurant,12.9717545,77.6470421,,,,False,,,,
n4307554248,Chung's Pavilion,restaurant,12.9717482,77.6470434,,,,False,,,,
n4307569363,Tasty Stories,restaurant,12.9720285,77.6470024,,,,False,,,,
n4307597444,Twist of Tadka,restaurant,12.9678797,77.6066222,,,,False,,,,
n4314392992,Swathi Deluxe,restaurant,12.9541378,77.5920058,,,indian,True,,,,
n4315563373,Chianti,restaurant,12.9699905,77.6403837,,,italian,False,,,,
n4315563374,Phobidden Fruit,restaurant,12.9699237,77.6396323,,,vietnamese,False,,,,
n4315678622,Pathan Sir,restaurant,12.9705618,77.6471201,,,,False,,,,
n4315678625,Salt Canvas,restaurant,12.9706145,77.6464605,,,,False,,,,
n4315678626,The Fatty Bao,restaurant,12.970492,77.645222,,,asian,True,,,,
n4319280082,Maria's Goan Kitchen,restaurant,12.9364231,77.6151528,,,,False,,,,
n4320467192,24th Main Pan Indian Bistro,restaurant,12.9085614,77.5859107,,12:00-22:30,indian;chinese,True,,,,
n4321245416,Zaitoon,restaurant,12.9030809,77.5855786,,Mo-Su 11:30-23:30,arab,False,,,,
n4321245505,Sea Salt,restaurant,12.9017285,77.5857629,,,indian,False,,,,
n4321280190,Egg Factory,restaurant,12.9061462,77.5906223,,,,False,,,,
n4321288191,Cafe Coffee Day,cafe,12.9061407,77.5918526,,,coffee_shop,False,,,,
n4321288192,Pipe Yard,cafe,12.9061034,77.5920152,,,,False,,,,
n4322794145,Citrus,restaurant,12.9702025,77.6389092,,,,False,,,,
n4322796484,Delhi Highway,restaurant,12.9703059,77.6394339,,,,False,,,,
n4325367592,Bijoor Biryani House,restaurant,12.9789013,77.6955987,,,,True,,,,
n4332512093,Viajaya Sai Andhra Hotel,restaurant,12.9488177,77.6861236,,,,False,,,,
n4332512094,Sri Akshaya Upahar,restaurant,12.9451041,77.6804651,,,,False,,,,
n4332547191,Diamond Restaurant,restaurant,12.948945,77.6873384,,,,False,,,,
n4349317390,Anand Bhavan,restaurant,12.954324,77.5850242,,,,False,,,,
n4349317396,Timepass Dinner,restaurant,12.9453667,77.5709983,,,,False,,,,
n4349394389,South Inn,restaurant,12.9944952,77.6159529,,,,False,,,,
n4350028789,Punjab Bistro,restaurant,12.9820149,77.6927858,,Mo-Su 12:00-23:30,indian,True,,,,
n4358561702,Madhura Bhavan,restaurant,12.9221578,77.576215,,,,False,,,,
n4360019301,Garden By Su,restaurant,12.9166705,77.5834214,,Mo-Su 12:00-23:00,indian;italian;italian_pizza;italian_pasta;burger;japanese;sushi;mexican;thai;ice_cream;greek;international;mediterranean;bistro,True,,,,
n4368861391,Indiranagar Plaque,memorial,12.9803441,77.637495,,,,False,,,,
n4368864093,Fruit xtracts,cafe,12.9665145,77.6065215,,,,False,,,,
n4382238221,Pot-O-Noodles,restaurant,12.9684698,77.6404858,,,,False,,,,
n4382905016,Sarayu Fine Dine,restaurant,12.9992855,77.5495195,,,,False,,,,
n4386500099,Juba Cafe,cafe,13.025295,77.6036548,,,,False,,,,
n4386500195,Joy IceCream,cafe,13.0252496,77.6036506,,,,False,,,,
n4386506509,Chitra Darshini,restaurant,13.0276765,77.6043712,,,,False,,,,
n4386506902,Cool Corner,cafe,13.0275755,77.6043124,,,,False,,,,
n4391177991,ಮ್ಯಾಂಗಲೋರ್ ಪರ್ಲ್,restaurant,12.9944824,77.6153605,,,,False,,,,
n4392117494,Upsouth,restaurant,12.9371939,77.6198328,,,,False,,,,
n4392117495,Swadist,restaurant,12.9365073,77.6197375,,,,False,,,,
n4413510290,CCD,cafe,12.969833,77.5775083,,09:00-06:00,coffee_shop,False,,,,
n4422272112,Al Bek,restaurant,13.022359,77.5927417,,,,False,,,,
n4422390089,Hong Kong Noodles,restaurant,13.020749,77.6768991,,,,False,,,,
n4426126391,Al Amanah Cafe,cafe,13.0155316,77.6394955,,,,False,,,,
n4430492477,Royal Afghan,restaurant,12.9939131,77.585708,,,indian,False,,,,
n4440837939,Wolfish,restaurant,12.9743668,77.6071761,,,,False,,,,
n4443260812,North Indian Restaurant,restaurant,12.9077046,77.6080359,,09:00-00:30,regional,False,,,,
n4443267488,Paratha Junction,restaurant,12.9153987,77.6010351,,10:00-23:00,regional,False,,,,
n4443274831,Cafe Coffee Day,cafe,13.0012948,77.6324696,,00:00-12:00,coffee_shop,False,,,,
n4443323771,Presto,restaurant,12.9371526,77.5728792,,08:00-23:00,regional,False,,,,
n4443345110,Halli Thindi,restaurant,12.9435256,77.5655166,,07:00-22:00,,False,,,,
n4443365241,Baisakhi Vegetarian Restaurant,restaurant,12.9462613,77.5703662,,"Mo-Su 12:30-16:00, 19:00-23:00",regional,True,,,,
n4443397448,Szechuan Dragon Chinese Restaurant,restaurant,12.9446256,77.569918,,"12-16, 7-23",regional,False,,,,
n4443401779,Cafe Coffee Day,cafe,12.9209516,77.6820594,,09:00-23:00,coffee_shop,False,,,,
n4443420825,Koli Mane,restaurant,12.9326403,77.5656287,,,regional,False,,,,
n4443463419,Beijing Bites,restaurant,13.0245213,77.6350534,,"12:00-16:00 ,19:00-23:00",regional,False,,,,
n4443512312,Mainland China,restaurant,12.9739174,77.5702629,,"12:00-15:30,19:00-23:30",regional,False,,,,
n4443525945,Sigree Global Grill,restaurant,13.0255437,77.6371608,,"12:30-15:30,19:00-23:00",regional,False,,,,
n4443559999,Chung Wah,restaurant,13.0230441,77.6398714,,"12:00-15:30,19:00-23:00",chinese,False,,,,
n4443583791,Fragrant Kitchen,restaurant,13.0278559,77.6397264,,10:30-23:00,regional,False,,,,
n4443594010,Thran,restaurant,13.0214839,77.6408994,,"12:00-15:00,18:00-22:00",korean,False,,,,
n4443610206,Aioli BBQ & Grill Smoke House,restaurant,13.0250222,77.6372087,,11:45-23:30,mediterranean,False,,,,
n4443620086,Unwined,restaurant,13.0260656,77.6370378,,11:30-23:30,seafood,False,,,,
n4443682939,Tabla Restaurant,restaurant,12.9513838,77.6994322,,11:00-23:00,regional,False,,,,
n4443774568,Brunchilly,restaurant,12.9786306,77.694542,,07:00-23:00,,True,,,,
n4444035799,Mumbai Spice,restaurant,13.0002869,77.5718472,,11:30-23:00,fast_food,False,,,,
n4444077849,Asha Sweet Center,restaurant,13.0007561,77.5723691,,08:30-22:00,fast_food,False,,,,
n4444099475,Chandu's Deluxe,restaurant,12.9992108,77.5722756,,11:30-20:30,indian;seafood,False,,,,
n4444115321,Sri Venkateshwara Hotel,restaurant,13.0026752,77.5720532,,09:00-22:00,,True,,,,
n4444125315,New Fishland,restaurant,12.9972964,77.5718337,,11:30-23:00,indian,False,,,,
n4444142525,Srushti Coffee,restaurant,13.00764,77.5640167,,11:00-23:00,indian,False,,,,
n4444149087,Chetty's Corner,restaurant,13.0067326,77.5642658,,10:00-23:00,fast_food,False,,,,
n4444162516,Hotel Ayodhya Upahar,restaurant,13.0018939,77.5784746,,07:00-22:30,"indian,chinese",False,,,,
n4444173276,Brahmins Thatte Idli,restaurant,13.008246,77.563189,,07:00-22:30,regional,False,,,,
n4444192976,Fenix - Sunray Hotel,restaurant,12.9425467,77.697942,,00:00-24:00,,False,,,,
n4444204034,Thalassery Restaurant,restaurant,12.9566607,77.7026574,,07:00-23:00,,False,,,,
n4444250037,Kritunga Restaurant,restaurant,12.9478299,77.6993579,,"12:00-16:00, 19:00-23:00",,False,,,,
n4444302108,Absolute Barbecue,restaurant,12.9498696,77.6990767,,"12:00-15:00,18:30-22:00",barbecue,True,,,,
n4444302998,Cave n Dine,restaurant,12.9862573,77.5403259,,"11:00 to 16:00 , 180:30  to 23:30",chinese,False,,,,
n4444328401,Nandhana Palace,restaurant,12.9490913,77.6996578,,"11:00-15:30, 18:30-23:00",regional,False,,,,
n4444371825,Nisarga restaurant,restaurant,12.9682261,77.5375793,,"11:30-15:00,19:00-22:30",regional,False,,,,
n4444374773,Sandwich Guru,restaurant,12.9604112,77.529879,,12:00-23:00,regional,False,,,,
n4444433725,Earth Plate,restaurant,12.9120592,77.637908,,"12:00-15:30, 19:00-23:00",regional,False,,,,
n4444983153,Chung Wah,restaurant,13.0044531,77.5783579,,12:00-23:00,chinese,False,,,,
n4444989839,1947 Restaurant,restaurant,13.0056571,77.5690976,,12:30-22:30,indian,False,,,,
n4445083916,Reddy Restaurant,restaurant,12.912147,77.6502115,,11:30- 23:30,regional,False,,,,
n4445094274,Kohinoor,restaurant,12.9174988,77.6519079,,11:30- 23:30,italian,False,,,,
n4445101752,The Punjabi Rasoi,restaurant,12.9118274,77.6384331,,11:30- 23:30,regional,False,,,,
n4445129105,Sea Spice,restaurant,12.9188109,77.5687298,,11:00-23:00,indian;seafood;fine_dining,False,,,,
n4445134680,The Platter,restaurant,12.9271751,77.561435,,12:00-23:00,indian,False,,,,
n4445153971,Swadesh Tadka,restaurant,12.9256225,77.5646676,,12:00-22:30,indian,False,,,,
n4445161446,Rasoi Restaurant,restaurant,12.9269753,77.5643645,,11:00-23:00,indian,False,,,,
n4445170393,Mantra Multicuisine Restaurant,restaurant,12.9235989,77.5550354,,10:30-22:30,indian,False,,,,
n4445171747,Srinidhi Sagar,restaurant,12.960753,77.575626,,07:00-23:00,regional,False,,,,
n4445192190,Ayda Restaurant,restaurant,12.9247336,77.565329,,11:30-23:00,indian,False,,,,
n4445197030,Nisarga Garden Restaurant,restaurant,12.9418834,77.5707551,,,regional,False,,,,
n4445208559,Hotel New Karavali,restaurant,12.9402569,77.5533988,,11:00-23:00,indian,False,,,,
n4445209596,Puliyogare Point,restaurant,12.9406714,77.5703714,,07:00-21:30,regional,False,,,,
n4445212951,Vinny's,restaurant,12.9243553,77.5648981,,12:00-22:00,italian,False,,,,
n4445214907,Cafe Mondo,restaurant,12.9396202,77.5775391,,11:00-23:00,regional,False,,,,
n4445216483,Vi Ra's Bar and Restaurant,restaurant,12.9222433,77.5618332,,11:00-23:00,indian,False,,,,
n4445233886,Hotel New Atithya,restaurant,12.9473154,77.5690141,,"07:00:30-15:30, 17:00-23:30",regional,False,,,,
n4445259436,New Prashanth Hotel,restaurant,12.9446421,77.5719424,,,regional,False,,,,
n4445269296,SLV Corner,restaurant,12.9483651,77.5685364,,08:00-22:30,regional,False,,,,
n4445281666,Thindi Katte,restaurant,12.9379147,77.5748672,,,regional,False,,,,
n4445291691,Cool corner,restaurant,12.947549,77.5739319,,08:00-22:00,regional,False,,,,
n4445298694,New Shanthi Sagar,restaurant,12.9387861,77.5799087,,07:30-21:30,regional,False,,,,
n4445303925,Maha Lakshmi Tiffin Room,restaurant,12.9470578,77.5714933,,"Mo-Tu 06:30-11:30,14:30-20:00; Th-Su 06:30-11:30,14:30-20:00",regional,False,,,,
n4445314674,Ice Thunder,restaurant,12.9448665,77.5715764,,08:30-21:30,regional,False,,,,
n4445323668,Imperial Plaza,restaurant,12.937747,77.5758056,,,regional,False,,,,
n4445337724,Cafe Coffee Day,cafe,12.947133,77.5694107,,11:00-23:00,coffee_shop,False,,,,
n4445351321,Thanco's Natural Ice Cream,restaurant,12.9471057,77.5716965,,11:00-23:00,regional,False,,,,
n4445372309,Helloo Delhi,restaurant,12.911789,77.6432674,,"09:00-11:00,12:00-15:30,19:00-22:30",regional,True,,,,
n4445386697,The Biryani Cafe,restaurant,12.9431647,77.5415743,,18:30-22:30,regional,False,,,,
n4445394666,Smacznego,restaurant,12.9240662,77.5642334,,11:00-22:30,fast_food,False,,,,
n4445404066,Fish & Fries,restaurant,12.9085132,77.6515084,,12:00-22:35,italian,False,,,,
n4445411931,Cinnamon,restaurant,12.9153185,77.6367517,,"12:00-15:30,19:00-23:00",italian,False,,,,
n4445423961,Tomatina,restaurant,12.9153154,77.6516588,,"10:36 to 15:36 ,19:00 to 220:45",italian,False,,,,
n4445433361,New Udupi Upahar,restaurant,12.9073279,77.6283365,,,indian,False,,,,
n4445435686,Cafe Coffee Day,cafe,12.8757393,77.5953738,,11:00-21:30,coffee_shop,False,,,,
n4445449989,Sardarji Ka Dhaba,restaurant,12.9121011,77.6262626,,"11:00-17:00,19:00-23:30",regional,False,,,,
n4445493335,Ammis Biryani,restaurant,12.9025398,77.6253423,,12:00-23:00,regional,False,,,,
n4445574724,Chicken Hunt,restaurant,12.9268231,77.548292,,11:30-22:30,indian,False,,,,
n4445597227,Karavali Lunch Home,restaurant,12.9306311,77.5535559,,"12:00-16:00,18:30-23:00",indian,False,,,,
n4445599296,Desi Tadka,restaurant,13.0499324,77.5980885,,09:00-22:00,regional,False,,,,
n4445614215,Al Khair Restaurant,restaurant,13.0373064,77.6052013,,11:00-23:00,regional,False,,,,
n4445616482,Tandoori Knight,restaurant,12.9257484,77.5642118,,12:00-22:30,indian,False,,,,
n4445633509,Swastik Bar & Restaurant,restaurant,13.0496657,77.597496,,10:30-23:30,regional,False,,,,
n4445678275,Rolls Corner,restaurant,12.9391651,77.5637852,,,regional,False,,,,
n4445703389,Sea Rock,restaurant,12.9329124,77.5684358,,,italian,False,,,,
n4445716765,Oval bar,restaurant,12.991754,77.5711303,,10:00-23:30,chinese,False,,,,
n4445727000,Harshi Super Sandwich,restaurant,12.9385441,77.5699295,,10:00-21:30,regional,False,,,,
n4445737595,Vybhava,restaurant,12.9365742,77.5739529,,06:30-22:30,regional,False,,,,
n4445742395,The Other Crescent,restaurant,12.937044,77.5753259,,07:00-22:30,regional,False,,,,
n4445757328,Hotel Sanman,restaurant,12.9373404,77.579911,,,regional,False,,,,
n4445782638,Amandé Patisserie,restaurant,12.9363723,77.5682018,,09:00-18:00,regional,False,,,,
n4445799119,Bakery World,restaurant,12.9488056,77.5743239,,07:00-22:00,regional,False,,,,
n4446256785,Aramane Hotel,restaurant,13.0044548,77.5493716,,07:00-22:00,regional,True,,,,
n4446271460,Navarang Kabab Corner,restaurant,12.9908258,77.5578843,,"12:00-15:00,18:30-22:00",regional,False,,,,
n4446284111,Kolkata Biryani And Rolls,restaurant,12.9845159,77.5478044,,"12:00-15:00,18:30-22:00",regional,False,,,,
n4446286001,Pure and Natural,restaurant,12.9234527,77.5697585,,09:00-23:00,fast_food,False,,,,
n4446292152,White Horse,restaurant,13.0078812,77.5569436,,11:30 - 23:30,regional,False,,,,
n4446305142,Hotel Fish Palace,restaurant,13.0081283,77.5545993,,"11:00-15:30,19:00-22:30",regional,False,,,,
n4446310318,New Prashanth Hotel,restaurant,12.9303018,77.5666608,,"12:30-16:00,19:30-23:00",regional,False,,,,
n4446314013,Dwinks Gastropub,restaurant,12.999247,77.5495939,,,,False,,,,
n4446322676,Kudla beach,restaurant,12.9903931,77.5584441,,"11:30-16:30,18:30-23:00",regional,False,,,,
n4446323202,Bengaluru Coffee House,restaurant,12.9349664,77.5469781,,06:30-22:30,indian,False,,,,
n4446330574,Mayura andra style restaurant,restaurant,12.9758048,77.5526524,,"11:30-16:00,18:30-23:00",regional,False,,,,
n4446337629,Cave N Dine,restaurant,12.9864094,77.5405663,,"11:00-16:00,18:30-23:30",regional,False,,,,
n4446338453,Mandara Bar and Restaurant,restaurant,12.9278495,77.5462411,,00:00-24:00,indian,False,,,,
n4446343508,Sagar Caterers and Hotel,restaurant,12.9967355,77.5543173,,11:00-23:00,regional,True,,,,
n4446347659,Shree Nandana Palace,restaurant,12.9891546,77.5500014,,12:00-23:00,regional,False,,,,
n4446357174,Swathi Green Land,restaurant,12.9780294,77.5426878,,12:00-23:00,regional,False,,,,
n4446359270,Ayodhya Upachar,restaurant,12.9285834,77.5457702,,07:00-23:00,regional,False,,,,
n4446363950,Park View,restaurant,12.9728679,77.5391454,,10:00-23:00,regional,False,,,,
n4446374048,Sai Prasadam,restaurant,12.9643262,77.5404059,,10:00-22:00,regional,False,,,,
n4446403278,Koli Mane,restaurant,12.9606425,77.5300492,,12:00-23:00,regional,False,,,,
n4446404163,Rolls on Wheels,restaurant,12.925663,77.5644456,,10:30-22:00,fast_food,False,,,,
n4446406406,Ahaar Family Restaurant,restaurant,12.9450272,77.6807331,,06:30-21:30,,False,,,,
n4446409048,Janahaar,restaurant,12.9279866,77.5519145,,09:00-21:00,regional,False,,,,
n4446411046,Classic inn veg and non veg,restaurant,12.9698886,77.5327543,,10:00-22:00,regional,False,,,,
n4446411830,New Sri Banashankari Donne Biriyani Corner,restaurant,12.9416198,77.5573584,,"12:30-16:00,19:00-22:00",regional,False,,,,
n4446414071,Sagar Restaurant,restaurant,12.9731233,77.5403966,,07:00-23:00,regional,False,,,,
n4446419067,Souvee,restaurant,12.9467628,77.6811611,,,,False,,,,
n4446427903,Ammi's Biryani,restaurant,12.9245511,77.5655512,,12:00-23:00,regional,False,,,,
n4446439565,Coffee Bytes,restaurant,12.9415734,77.5578002,,"07:00-12:00,16:00-20:30",fast_food,False,,,,
n4446440859,Pizza Hut,restaurant,12.9677845,77.535901,,11:00-11:00,pizza,False,,,,
n4446446747,Hari Super Sandwich,cafe,12.9256173,77.5649753,,10:00-20:00,fast_food,False,,,,
n4446474806,Coastal heritage,restaurant,12.9673983,77.5239973,,"11:30 t0 15:30,18:30 to 23:00",regional,False,,,,
n4446483162,Rotti Mane,restaurant,12.969586,77.5346634,,"12:00-16:00,18:00-22:00",regional,False,,,,
n4446489376,The square plate,restaurant,12.9787404,77.5405545,,"11:30-15:30,18:30-23:00",regional,False,,,,
n4446511509,Donne biryani house,restaurant,12.9528642,77.5289366,,"12:00-16:00,19:00-22:00",regional,False,,,,
n4446517434,Spoorthy dosa point,restaurant,12.9757428,77.5335935,,"07:30-12:00,16:00-23:00",regional,False,,,,
n4446549310,Andhra Mess,restaurant,12.9489617,77.6873872,,,,False,,,,
n4446553289,Hotel Moon Light,restaurant,12.9966939,77.5687228,,12:00-23:00,regional,False,,,,
n4446600481,Rajhadhani Thali Restaurant,restaurant,12.9918756,77.5701543,,"11:30-15:30,19:30-23:00",regional,False,,,,
n4446606617,Pizza stop,restaurant,13.0081862,77.5709853,,11:00-23:00,pizza,False,,,,
n4446607627,"Sampradaya - Fast Food, Fresh Fruits And Vegetables",restaurant,12.9485945,77.6827666,,07:00-20:00,,False,,,,
n4446618881,High Ultra Lounge,restaurant,13.0121369,77.5564966,,"12:30-15:30,17:30-01:00",regional,False,,,,
n4446632053,Iyer Mess,restaurant,12.9987069,77.5699054,,"11:30-15:15,19:15-21:15",regional,False,,,,
n4446869496,Sway,restaurant,13.0208903,77.643156,,,regional,False,,,,
n4446949042,Yogis Donne Biryani,restaurant,13.0180644,77.6548189,,07:00-22:00,regional,False,,,,
n4446954987,Matru Sagar,restaurant,13.0259923,77.6405519,,11:00-23:00,regional,False,,,,
n4446961587,Food Magic Restaurant,restaurant,13.0217392,77.6397872,,08:00-00:00,regional,False,,,,
n4446969359,Udupi Park Deluxe,restaurant,13.0313957,77.6359521,,06:00-22:30,regional,False,,,,
n4446972680,Gawa,restaurant,13.0226589,77.6395368,,,regional,False,,,,
n4446973326,Udupi Ruchis,restaurant,12.9170843,77.5596138,,07:00-22:30,indian,False,,,,
n4446975139,Faasos,restaurant,13.0222694,77.6397678,,09:00-23:00,regional,False,,,,
n4446978239,Antarastriya,restaurant,12.9982337,77.570518,,12:00-22:00,regional,False,,,,
n4446981238,Al Amanah Cafe,restaurant,13.0155944,77.6397049,,16:00-23:30,regional,False,,,,
n4446983586,Matru Sagar,restaurant,12.94167,77.5564774,,07:00-22:00,indian,False,,,,
n4446983972,Kera Cafe,restaurant,13.0257816,77.6378902,,11:00-23:00,regional,False,,,,
n4446989153,Halli Dhaba,restaurant,12.9334596,77.5463009,,00:00-23:59,indian,False,,,,
n4446989687,Paakashala,restaurant,13.0071899,77.5682268,,07:30-22:00,regional,True,,,,
n4446990609,Raidan RestaurantRaidan Restaurant,restaurant,13.0220667,77.6302525,,11:00-23:00,regional,False,,,,
n4446992350,Sri Banashankari Nati Style,restaurant,12.9152705,77.5609497,,"12:00-16:00,19:00-22:30",regional,False,,,,
n4446992387,Big Straw Boba Bistro,restaurant,13.0050001,77.5654236,,11:00-21:00,regional,False,,,,
n4446992573,Rao's Biryani Center,restaurant,12.9447368,77.5537072,,12:00-22:30,regional,False,,,,
n4446993180,Sri Raghavendra Store,restaurant,13.0007571,77.563817,,"06:00-13:00,16:00-21:00",regional,False,,,,
n4446993670,Indosyke Nal,park,12.9448255,77.6645367,,,,False,,,,
n4446997759,Sri Krishna Bhawan,restaurant,13.0230548,77.6472679,,06:00-23:00,regional,False,,,,
n4446999237,BYLI - Bet You Love It!,restaurant,13.0225104,77.6395484,,09:00-23:00,regional,False,,,,
n4447001196,Satvik Grand,restaurant,12.9985408,77.5695317,,,regional,False,,,,
n4447001525,Bullet Biryani,restaurant,13.023783,77.6399492,,"12:00-15:00,19:00-22:00",regional,False,,,,
n4447006252,Cake House,restaurant,13.0222385,77.6399929,,,regional,False,,,,
n4447006716,Suchi ruchi veg,restaurant,13.0012483,77.5723483,,11:00-23:30,regional,False,,,,
n4447009029,Regency Park,restaurant,13.0230092,77.6370539,,11:30-23:00,regional,False,,,,
n4447010999,A1 Biryani Restaurant,restaurant,12.9961953,77.5715924,,11:00-23:00,regional,False,,,,
n4447012034,Sukh Sagar,restaurant,13.0207053,77.6367655,,07:30-22:30,regional,False,,,,
n4447013603,Sri Sathya Sai Food Corner,restaurant,12.943229,77.6091984,,"08:00-12:00, 17:00-21:00",regional,False,,,,
n4447016309,Holige Mane,restaurant,13.0011281,77.5724061,,10:00-21:30,regional,False,,,,
n4447017355,Taj Food Point,restaurant,12.939969,77.6091099,,,regional,False,,,,
n4447017910,Pars Restaurant,restaurant,13.0259481,77.6372048,,14:30-23:00,regional,False,,,,
n4447019429,Hruday's D- 3,restaurant,12.9438907,77.6073926,,05:30-22:00,regional,False,,,,
n4447020027,UP south,restaurant,12.9917339,77.5706166,,08:00-24:00,indian,False,,,,
n4447020567,D3 multi cusine,restaurant,12.9424172,77.6079042,,,regional,False,,,,
n4447071066,U.D Roti Ghar &Cake ghar,restaurant,12.9447626,77.5717734,,07:30-22:30,regional,False,,,,
n4447072621,Soho Bar & Grill,restaurant,12.9446144,77.5729301,,11:30-23:30,regional,False,,,,
n4447075922,Shri Ganesh Upahar,restaurant,12.9414978,77.6087872,,10:00-22:00,regional,False,,,,
n4447076724,Gokul Veg,restaurant,12.9444068,77.5709394,,11:00-22:30,regional,False,,,,
n4447076789,Hotel Nalapaka,restaurant,12.9985137,77.5523235,,"07:30-15:30,17:00-22:30",regional,False,,,,
n4447078189,Presto,restaurant,12.9378405,77.574857,,08:00-23:00,regional,False,,,,
n4447078886,iLounge Cafe,restaurant,12.9415138,77.6083283,,,regional,False,,,,
n4447082895,Kamath Bugle Rock,restaurant,12.9396288,77.5667866,,07:00-22:30,regional,False,,,,
n4447085544,The Rogue Elephant,restaurant,12.9415832,77.5770807,,11:00-20:30,regional,False,,,,
n4447087023,Delhi Walle,restaurant,12.9617937,77.7013456,,11:00-23:00,regional,False,,,,
n4447087215,Kairali,restaurant,12.9266045,77.5459463,,08:00-23:00,regional,False,,,,
n4447090061,Udupi Sri Krishna Bhavan,restaurant,12.9458476,77.5710517,,07:30-20:30,regional,False,,,,
n4447090186,Shanghai times,restaurant,12.9980375,77.6962682,,11:00-23:00,,False,,,,
n4447099294,Gilly's resto-bar,restaurant,12.9820804,77.6926306,,,,True,,,,
n4447099380,Kabab Magic,restaurant,12.9403117,77.5798319,,12:30-23:00,regional,False,,,,
n4447101867,Punjabi Dawat,restaurant,12.9499525,77.700234,,"11:00-16:00,19:00-23:00",regional,False,,,,
n4447105420,Leanin Tree Art Cafe,restaurant,12.9377243,77.5794545,,11:00-23:00,regional,False,,,,
n4447108501,PBN Express,restaurant,12.9979686,77.6966599,,11:00-22:30,,False,,,,
n4447108639,New Modern Hotel,restaurant,12.9543124,77.5786901,,,regional,False,,,,
n4447110450,Hungerez,restaurant,12.9444202,77.5729266,,11:00-22:00,regional,False,,,,
n4447114135,The Grand Taj,restaurant,12.9814422,77.6030131,,"11:00- 16:30 , 19:00-23:30",regional,False,,,,
n4447114176,Grand Village,restaurant,12.9444107,77.5721169,,"12:00-14:30, 19-22:30",regional,False,,,,
n4447119333,Copper Chimney,restaurant,12.9973146,77.6969454,,"12:00-15:30, 19:00-23:00",,False,,,,
n4447120056,K. V.,restaurant,12.983648,77.6090046,,"07:00-11:00,12:30-15:30",indian,True,,,,
n4447120631,Szechuan Dragon Chinese Restaurant,restaurant,12.9401607,77.5643716,,"12-16:00, 19:00-23:00",regional,False,,,,
n4447122292,69 Second,restaurant,12.9391586,77.6892056,,,,False,,,,
n4447124200,Hotel Dwarka,restaurant,12.9376671,77.5676462,,We-Su 07:00-20:30,regional,False,,,,
n4447127000,Pramukh Family Restaurant - Prassidhi Enterprises,restaurant,12.9440883,77.5725864,,11:30-23:30,regional,False,,,,
n4447132775,Hotel Aditya,restaurant,13.003897,77.5435549,,"07:00-11:00,12:30-16:00,19:00-23:00",regional,False,,,,
n4447135317,Vidyarthi Bhavan,restaurant,12.9450065,77.5714721,,"Mo-Th 06:30-11:30, Mo-Th 14:00-20:00, Sa-Su 06:30-12:00, Sa-Su 14:30-20:00",regional,True,,,,
n4447143200,Gandharva Family Restaurant,restaurant,12.9375122,77.5759985,,,regional,False,,,,
n4447156426,Shree Nandini Palace,restaurant,12.9898003,77.5500343,,"10:30-16:00,18:00-22:30",regional,False,,,,
n4447156679,Tiger Trail,restaurant,12.9839499,77.5985328,,"12:00-15:30,19:00-23:00",regional,False,,,,
n4447158330,Koli Mane,restaurant,12.9328003,77.5688005,,,regional,False,,,,
n4447160251,Classic Tea Stall,cafe,12.9343229,77.6861083,,,,False,,,,
n4447161307,South Thindies,restaurant,12.938888,77.5755794,,"06:00-15:30,16:30-22:30",regional,False,,,,
n4447161315,Hilal Restaurant,restaurant,12.9857716,77.6020901,,09:00-23:30,regional,False,,,,
n4447163802,Social,restaurant,12.9971395,77.6969098,,Mo-Su 09:00-12:30,,False,,,,
n4447163847,Adyar Ananda Bhavan,restaurant,12.9445488,77.57272,,,regional,True,,,,
n4447163944,Ambika Veg Restaurant,restaurant,12.9878305,77.5558493,,10:00 - 01:00,regional,False,,,,
n4447171741,Impering,restaurant,12.9821477,77.6032233,,06:30-1:00,regional,False,,,,
n4447193074,viking,restaurant,13.006544,77.5647739,,"Mo-Su 11:30-15:30,18:30-23:30",regional,False,,,,
n4447226448,OvenTreats - Patisserie.Bistro,restaurant,13.0222667,77.6470832,,09:00-21:00,regional,False,,,,
n4447235887,Chulha Chowki Da Dhaba,restaurant,13.0249093,77.6317491,,"12:00-15:30,19:00-22:30",regional,False,,,,
n4447236549,ande ka funda,cafe,12.9369135,77.6905688,,,,False,,,,
n4447243242,Paradox Resto-Cafe,restaurant,13.028492,77.6347149,,10:30-22:30,regional,False,,,,
n4447249418,Shawarma king,restaurant,12.9997652,77.6173181,,12:30-23:30,regional,False,,,,
n4447263066,Tashan The Punjabi Cuisine,restaurant,13.0239866,77.6329956,,19:00-23:00,regional;punjabi,False,,,,
n4447268977,Paranthas and Dosas,restaurant,13.021689,77.639838,,09:00-22:30,regional,False,,,,
n4447271702,Delicacy Restaurant,restaurant,13.0263547,77.6405892,,11:00-23:00,regional,False,,,,
n4447284873,Oye Hoye,restaurant,13.0184721,77.6427206,,"09:30-15:30,18:30-22:00",regional,False,,,,
n4447291372,Chung's Chinese Corner,restaurant,13.0221892,77.6397816,,"12:00-15:30,19:00-23:00",regional,False,,,,
n4447307112,La Casa,restaurant,13.0250736,77.6401906,,11:00-23:00,regional,False,,,,
n4447308906,7 Plates,restaurant,13.0232051,77.639886,,12:30-23:30,regional,False,,,,
n4447315290,Mast Kalandar,restaurant,13.0219932,77.6405659,,12:00-23:00,regional,False,,,,
n4447317940,Hi Seoul,restaurant,13.0149162,77.6466021,,"11:30-15:00,17:30-22:00",korean,False,,,,
n4447320093,Unwined,restaurant,13.0254536,77.6397912,,11:30-23:30,regional,False,,,,
n4447327735,Aioli BBQ & Grill Smoke House,restaurant,13.0232481,77.6394478,,11:45-23:30,regional,False,,,,
n4447331157,Thran,restaurant,13.0240994,77.6340746,,"12:00-15:00,18:00-10:00",regional,False,,,,
n4447343877,Rajdhani,restaurant,12.9968154,77.6968884,,"Mo-Su 11:30-15:30,19:30-23:00",,False,,,,
n4447345580,Chili's,restaurant,12.996706,77.6968735,,,tex-mex,False,,,,
n4447350026,Mani's Dum Biryani,restaurant,13.0256069,77.6384078,,"12:30-15:30,19:00-23:00",regional,False,,,,
n4447354211,Cafe Noir,restaurant,12.996601,77.6968556,,10:30-23:00,french,False,,,,
n4447355796,Mainland China,restaurant,13.0255101,77.6383709,,"12:00-15:30,19:00-23:30",regional,False,,,,
n4447363016,Barbeque Nation,restaurant,13.0215823,77.6403247,,12:30-22:30,regional,False,,,,
n4447373687,Beijing Bites,restaurant,13.0245897,77.637388,,"12:00-16:00 ,19:00-23:00",regional,False,,,,
n4447438489,Belgyum,restaurant,12.9963625,77.6968264,,,regional,False,,,,
n4447486771,Buntea &Bubbly,cafe,12.9960668,77.6965785,,,,False,,,,
n4447494197,Starbucks,cafe,12.9977264,77.6966474,,10:30-22:00,coffee_shop,False,,,,
n4447495451,Cafe Coffee Day,cafe,13.0450945,77.6265054,,10:00-21:30,cafe,False,,,,
n4447594673,Dialogues Cafe,cafe,12.9353486,77.6249595,,Mo-Su 10:00-22:00,,False,,,,
n4448657260,Noodle Bar,restaurant,12.9977968,77.6959728,,10:30-22:00,regional,False,,,,
n4448806479,Ira Residency,restaurant,12.9216216,77.6638046,,Mo-Su 07:00-23:00,regional,False,,,,
n4448886964,Ira Residency,restaurant,12.9233799,77.6341276,,,regional,False,,,,
n4455967178,Canteen,restaurant,12.9712159,77.6038085,,,,False,,,,
n4456339091,Athithi Grand,restaurant,12.8912738,77.5649779,,,indian,False,,,,
n4457272193,Chakum Chukum,restaurant,12.9794606,77.6467914,,,,False,,,,
n4457272195,Thai Chy,restaurant,12.9779506,77.6364756,,,thai,False,,,,
n4457282878,Ghar Ki Thali,restaurant,12.9730709,77.6473851,,,north_indian,False,,,,
n4457282879,NH 8,restaurant,12.9732957,77.6468196,,,Rajasthan,False,,,,
n4457286919,The Waffle House,restaurant,12.9705577,77.6471384,,,,False,,,,
n4457339489,Empire,restaurant,12.9330908,77.5814924,,,kebab;grill,False,,,,
n4457721688,Teal Door Cafe,cafe,12.9824862,77.6393384,,,,False,,,,
n4463224992,Kona Kafe,cafe,12.9070086,77.5488113,,,,False,,,,
n4464435191,Java City Jayanagar,cafe,12.9349175,77.5829015,,Mo-Su 11:00-22:00,coffee_shop;burger;american,False,,,,
n4472344002,Hitel Tadka,restaurant,12.9544918,77.6490249,,,,False,,,,
n4477083305,Onesta,restaurant,12.9977967,77.5474478,,,italian,False,,,,
n4477083306,Chung's Chinese Corner,restaurant,12.9973118,77.5469972,,"12:00-15:00, 19:00-23:00",chinese,False,,,,
n4489756652,"The Craftery by Subko, BLR",cafe,12.9260287,77.625487,,,coffee_shop,False,,,,
n4506805592,The Chocolate Room,cafe,12.936323,77.6148832,,Mo-Su 11:00-23:00,burger;sandwich;ice_cream;cake;coffee_shop;donut;pancake;pizza;italian_pizza;mexican;breakfast;tea;italian,True,,,,
n4511497057,3 Ediots,restaurant,13.054399,77.6450739,,"12:00-15:30,18:30-23:15",chinese;indian,False,,,,
n4512283089,Bengaluru House,restaurant,12.9682582,77.6517189,,,regional,False,,,,
n4512358072,Sri Udupi Park Signature,restaurant,12.9621711,77.6492415,,"Mo-Su,PH 07:00-23:00",indian,False,,,,
n4512413322,Kuvempu,memorial,12.9751413,77.6546502,,,,False,,,,
n4518535691,Utsav Veg,restaurant,12.9740785,77.5498168,,,,False,,,,
n4519919490,South Ruchi veg,restaurant,12.97755,77.5455277,,,,False,,,,
n4528143099,Zarco,cafe,12.9991705,77.6946147,,10:00 - 22:00,,False,,,,
n4530356087,Priya Tiffin Room,cafe,12.9889585,77.555959,,,,False,,,,
n4535189245,Fusion,restaurant,13.021608,77.6416377,,,,False,,,,
n4535329595,Chai Point,cafe,12.9820341,77.609063,,,coffee_shop,False,,,,
n4535338194,Woodys,restaurant,12.9824503,77.6102305,,,,False,,,,
n4542486736,Adyar Ananda Bhavan,restaurant,12.9537484,77.543639,,7:00-22:30,South_Indian,True,,,,
n4545856993,Rotti Mane Dhabha,restaurant,12.9070254,77.5331667,,,chinese;fish_and_chips;chicken;indian,True,,,,
n4545906789,Vanani Bar and Restaurant,restaurant,12.9135341,77.5588078,,,regional;local;chinese;noodles;fish_and_chips;chicken;indian,True,,,,
n4545906790,Naksha Restaurant,restaurant,12.9070542,77.5456383,,,,False,,,,
n4545906793,Shri Krishna Bhavan,restaurant,12.9174334,77.5732706,,,chinese;sandwich;tea;indian;coffee_shop,True,,,,
n4546027012,South Grand,restaurant,12.90929,77.5492265,,06:30-22:00,,True,,,,
n4550422492,Chai,cafe,13.0190302,77.6545564,,,,False,,,,
n4550578791,Annapurna benne dosa,restaurant,12.949078,77.5978259,,Mo-Sa 16:00-21:30,,False,,,,
n4552198797,Abc Resto,restaurant,12.9459795,77.5885235,,10:00-22:00,indian;japanese,False,,,,
n4552278323,Gilly's Resto Bar,restaurant,13.0271537,77.5718835,,,,False,,,,
n4552303417,Starbucks,cafe,13.009057,77.5803021,,,coffee_shop,False,,,,
n4558318692,Ambur Hot Dum Biriyaani,restaurant,13.0182197,77.6545197,,,,False,,,,
n4574199494,Hakuna Matata,restaurant,12.8940807,77.5866165,,,,False,,,,
n4581285892,Toscano,restaurant,12.9370636,77.5851757,,,italian,False,,,,
n4586321863,Empire Plaza,restaurant,12.9978602,77.5519674,,11:00-23:00,regional,False,,,,
n4586321864,Nisarga Family Resturant,restaurant,12.9984348,77.5530658,,7:00-20:30,regional,False,,,,
n4586355538,Ibaco,cafe,13.0450568,77.6265787,,11:00 - 23:00,dessert,False,,,,
n4586429691,Cafe Coffee Day,cafe,12.9874054,77.5944696,,,coffee_shop,False,,,,
n4586451891,Upahara Darshini,restaurant,12.916778,77.5925291,,,,False,,,,
n4590905889,STC Canteen,restaurant,12.9754483,77.5699255,,,,False,,,,
n4596325797,The Tower Of Pizza,restaurant,12.9331913,77.6230591,,Mo-Su 11:30-03:30,italian_pizza;italian,False,,,,
n4597419989,Al-Bek,restaurant,12.9966984,77.5613324,,,,False,,,,
n4599152890,Janpriya Tiffin,restaurant,12.9890578,77.6640639,,,,False,,,,
n4599701763,NID Canteen,restaurant,13.0346821,77.5351685,,,,False,,,,
n4602142609,Aaradhya Food Line,restaurant,12.9236989,77.5734586,,,south_indian,False,,,,
n4603539289,Down bekary,cafe,13.0374651,77.5616603,,,,False,,,,
n4605424489,Krish Punjabi Kitchen,restaurant,12.974339,77.6482791,,,,False,,,,
n4612035441,Phase 2 Park,park,12.9874371,77.6768454,,,,False,,,,
n4612035442,Phase 2 park 2,park,12.9876923,77.6769799,,,,False,,,,
n4621580989,Ranga Shankara Cafe,cafe,12.9114527,77.5870878,,,,False,,,,
n4621845493,Java,restaurant,12.958119,77.6442446,,,indian;burger,False,,,,
n4621852890,California Burrito,restaurant,12.9487465,77.6907033,,,mexican,False,,,,
n4635147132,Karama restaurant,restaurant,12.9348261,77.6158067,,,,False,,,,
n4685201691,New Tandoor,restaurant,12.9853868,77.667554,,,,False,,,,
n4686175591,Pizza Hut,restaurant,12.9856559,77.6682476,,,pizza,False,,,,
n4686180890,Mast calender,restaurant,12.9858822,77.6687616,,,,False,,,,
n4686864195,Punjab junction,restaurant,12.9853614,77.6734987,,,,False,,,,
n4688310491,Bramhashree Condiments,cafe,12.9708787,77.5435028,,,regional,False,,,,
n4689032589,HotPot,restaurant,12.9860689,77.6705963,,,,False,,,,
n4690003725,Aandal Mess,restaurant,12.9712436,77.6471463,,,south_indian,False,,,,
n4691598844,"Dr. BR Ambedkar, Constitution of India",monument,12.9603763,77.6015418,,,,False,,,,
n4694045563,Box8,restaurant,12.9591965,77.6549169,,,regional,False,,,,
n4694045571,Shree Durga Restaurant,restaurant,12.9588377,77.6551114,,,coastal,False,,,,
n4695733989,Agarwal Bhavan,cafe,12.9132492,77.6351438,,,,False,,,,
n4702704789,S L V Bhavan,restaurant,12.8775041,77.6031664,,,,False,,,,
n4703733901,Nadaprabhu Kempe Gowda,memorial,12.9716421,77.6582993,,,,False,,,,
n4711802190,Red Latern,restaurant,12.9890974,77.5936081,,,chinese;thai,False,,,,
n4715340490,Basavanna Monument,memorial,12.9844199,77.5885602,,,,False,,,,
n4733642622,De Street Cafe,cafe,12.9356426,77.6087092,,24/7,italian_pizza,False,,,,
n4739613826,Chai Point,cafe,12.9129312,77.6802845,,,coffee_shop,False,,,,
n4774402250,Cilantro,restaurant,12.9360665,77.6314327,,,continental,False,,,,
n4791783628,New Punjabi Hotel,restaurant,12.9726305,77.6468766,,,,False,,,,
n4791787148,Taza Tawa,restaurant,12.9678541,77.6527869,,,,False,,,,
n4797659571,Adyar Ananda Bhavan,restaurant,12.9293898,77.5519618,,,regional,False,,,,
n4798061775,Adyar Ananda Bhavan,restaurant,13.0216594,77.6396888,,06:30-22:30,regional,True,,,,
n4798289921,Taj Hotel,restaurant,12.9853101,77.6069879,,,,False,,,,
n4799176111,Adyar Ananda Bhavan,restaurant,12.9761326,77.577703,,,regional,True,,,,
n4799176113,Adyar Ananda Bhavan,restaurant,12.893068,77.5987074,,,regional,True,,,,
n4799194308,Adyar Ananda Bhavan,restaurant,12.9742651,77.5753347,,,regional,True,,,,
n4828690973,Doctor Rajkumar,memorial,12.9365741,77.5798876,,,,False,,,,
n4834488421,Udupi Vaibhav,restaurant,12.9759801,77.6252681,,,,False,,,,
n4840984963,Biryani palace,restaurant,12.9469705,77.5944165,,,,False,,,,
n4841950721,AR Tea Sagar,cafe,12.9453765,77.59506,,,,False,,,,
n4843099622,A1 biryani,restaurant,12.9439985,77.5946425,,,,False,,,,
n4843099625,Ambur Dum Biryani,restaurant,12.956397,77.5921935,,,,False,,,,
n4843099627,Sea Pearl,restaurant,12.9594205,77.5937772,,,,False,,,,
n4843099631,Brahmin's Veg Restaurant,restaurant,12.9695875,77.6063601,,,,False,,,,
n4843100427,Snack dine meet,restaurant,12.9707396,77.6070806,,,,False,,,,
n4843100428,Brigade Prince,restaurant,12.9689652,77.6064394,,,,False,,,,
n4843100430,The Grill house,restaurant,12.9690922,77.6061839,,,,False,,,,
n4843100431,Shangri-la Plaza,restaurant,12.9728948,77.6070991,,,,False,,,,
n4843104322,Alfa fried and Grill,restaurant,12.9454861,77.595168,,,,False,,,,
n4843105721,Rahhams,restaurant,12.9580965,77.593251,,,,False,,,,
n4843123823,Samsung smartcafe,cafe,12.9584582,77.5934393,,,,False,,,,
n4843125822,Parijatha,restaurant,12.9593625,77.5937351,,,,False,,,,
n4844863330,New Shanti sagar,restaurant,13.0129746,77.6479687,,,,False,,,,
n4844863341,Biryani House,restaurant,13.0290724,77.6635243,,,,False,,,,
n4844863342,Kalleshwari Rice corner,restaurant,13.0287244,77.6638803,,,,False,,,,
n4844863349,Dolphins,restaurant,12.9968223,77.6195998,,,,False,,,,
n4844863351,Perfect corner,restaurant,12.9948513,77.6160845,,,,False,,,,
n4844863371,Udapas Veg Restaurant,restaurant,12.9998566,77.6251653,,,,True,,,,
n4844863384,Nandana Palace,restaurant,13.015025,77.6358463,,,,False,,,,
n4844865024,Shiv Sagar,restaurant,13.0021714,77.6329882,,,,False,,,,
n4844865037,Pepper Cafe,cafe,12.985305,77.6152381,,,,False,,,,
n4844865038,Tasty food corner,restaurant,12.9841388,77.6142655,,,,False,,,,
n4844865056,Kairali,restaurant,13.0142154,77.6363852,,,,False,,,,
n4845223689,Adyar Anand Bhawan,restaurant,12.9877987,77.618514,,,,False,,,,
n4846789723,Driven Cafe,cafe,12.9729083,77.6084987,,,,False,,,,
n4846817422,Marzipan Cafe,cafe,12.9756623,77.6170921,,,greek,False,,,,
n4847294835,Brigade Garden,restaurant,12.9731397,77.6074555,,,,False,,,,
n4847294841,Tiffany's,restaurant,12.9598633,77.593474,,,,False,,,,
n4847824823,Alfa,restaurant,12.9453166,77.5950506,,,,False,,,,
n4847824923,Bacardi,restaurant,12.9549365,77.5915735,,,,False,,,,
n4847827721,Hotel Revoli,restaurant,12.9560009,77.5920884,,,,False,,,,
n4847829321,Kolkata,restaurant,12.9447719,77.5949585,,,,False,,,,
n4847850821,Sri Ram coffee shop,cafe,12.9390995,77.5946074,,,,False,,,,
n4849094824,Coffee works,cafe,12.9458364,77.5959506,,,,False,,,,
n4849094826,Punjabi by Nature,restaurant,12.935018,77.6088654,,,,False,,,,
n4849108623,The Royal Pride,restaurant,12.9355551,77.608926,,,,False,,,,
n4849108921,Forum Park,restaurant,12.9353982,77.6090182,,,,False,,,,
n4849577725,Star Biryani,restaurant,12.9441951,77.5944954,,,,False,,,,
n4849618943,Priya,restaurant,12.9417742,77.5938148,,,,False,,,,
n4851692298,Ruchi,restaurant,13.0310425,77.6689617,,,,False,,,,
n4851692302,New Taj Biryani Center,restaurant,13.0007498,77.6134894,,,,False,,,,
n4851692304,Pista House,restaurant,13.000759,77.6134424,,,,False,,,,
n4878036555,three dots and a dash,restaurant,12.9806921,77.6410053,,,,False,,,,
n4881256663,Empire restaurant,restaurant,12.9330586,77.5817527,,,,False,,,,
n4886691221,Sri Krishna restaurant,restaurant,12.9945917,77.6669317,,,chinese;indian,False,,,,
n4914346837,Chaithanya Express,restaurant,12.9822891,77.6394663,,,indian,False,,,,
n4928125521,ಬಿಸ್ಕ,cafe,13.0055374,77.5711178,,,,False,,,,
n4954362671,Chai Point,cafe,12.9937229,77.6608029,,Mo-Su 09:00-21:00,coffee_shop;sandwich;tea,False,,,,
n4973060956,Hotel Emirates,restaurant,13.0224361,77.5847518,,,,False,,,,
n4973060962,Hotel New Karavali,restaurant,13.0299258,77.6343634,,,,False,,,,
n4973098294,Felicita,restaurant,13.0453918,77.6270134,,,,False,,,,
n4973099938,Joicy's Kitchen,restaurant,13.059224,77.6430226,,,indian;kerala,False,,,,
n4973099940,Ambur Hot Dum Biryani,restaurant,13.0313483,77.6359163,,,,False,,,,
n5003290033,Banarasi Tadka,restaurant,12.9685563,77.6495171,,,,False,,,,
n5012445079,Fat Buddha,restaurant,12.9899243,77.5913426,,,,False,,,,
n5018940970,Amrutha multicuisine restaurant,restaurant,12.9081267,77.6761051,,,,False,,,,
n5029379019,Naati Manae,restaurant,12.9345723,77.6199541,,,,False,,,,
n5036131084,Casinova,restaurant,12.9336798,77.6222761,,,indian,False,,,,
n5036138595,Java City,cafe,12.9334968,77.6212815,,,,False,,,,
n5036145690,Rajdhani Thali,restaurant,13.0115423,77.5553238,,,indian,False,,,,
n5061380655,Annappa's Naati Mane Hassan Style,restaurant,12.9981249,77.5532794,,,indian,False,,,,
n5081907157,Kobe Sizzlers,restaurant,12.9290157,77.5912224,,,,False,,,,
n5103586722,Imperial Restaurant,restaurant,12.9536888,77.543512,,,,False,,,,
n5109189321,Biryani Day,restaurant,13.0081078,77.5549568,,,,False,,,,
n5112171717,Vaishali,restaurant,12.9235363,77.5530586,,11:30-23:30,indian,False,,,,
n5112185895,Raghavendra Bhavan,restaurant,13.0086666,77.6559015,,,regional;indian;breakfast,False,,,,
n5141071423,Peninsular Gneiss,attraction,12.9776542,77.5973699,,,,False,,,,
n5155524921,Cross Roads Cafe,cafe,12.9751276,77.6472097,,,,False,,,,
n5164915543,Madhuram Andhra Restaurant,restaurant,12.981241,77.6462009,,,,False,,,,
n5167596355,RVCE Founder's Memorial,memorial,12.9225418,77.4981542,,,,False,,,,
n5168668873,MS Restaurant,restaurant,12.9646268,77.6139096,,,,False,,,,
n5191746658,Begum's Biriyani,restaurant,12.9727825,77.6484278,,,,False,,,,
n5191746663,Emperor Family Restaurant,restaurant,12.9728739,77.6483001,,,,False,,,,
n5227398203,Santhosh Bar & Restaurant,restaurant,12.997507,77.5500266,,,,False,,,,
n5227399587,Hotel Nalapaka,restaurant,12.9979227,77.5522341,,,,False,,,,
n5229456546,New Karavali Bar & Restaurant,restaurant,12.9935528,77.5712961,,,,False,,,,
n5234786387,Mandarthi Veg,restaurant,12.9173939,77.5781136,,,,False,,,,
n5234798353,Vakulaa Veg Restaurant,restaurant,12.9306435,77.5863284,,,,False,,,,
n5234799277,Al Dubai Family Restaurant,restaurant,12.9283464,77.595684,,,,False,,,,
n5234803135,4 Seasons Multi Cuisine Restaurant,restaurant,12.9306359,77.5995495,,,,False,,,,
n5234805899,Vijayalakshmi Veg,restaurant,12.9285254,77.6000608,,,,False,,,,
n5237321921,Kota Venkataramana Swamy Temple,attraction,12.9520485,77.5774243,,,,False,,,,
n5247276738,Via Milano,cafe,12.9370109,77.6275262,,,,False,,,,
n5250122790,Kempegowda Tower,monument,12.9797866,77.6211119,,,,False,,,,
n5250142957,Kempegowda Tower,monument,12.9479473,77.5634015,,,,False,,,,
n5250142964,Kempegowda Statue,memorial,12.9491053,77.5629079,,,,False,,,,
n5255533514,Malik Deenar,restaurant,13.0101171,77.6573914,,,,False,,,,
n5261452102,Hotel Shreesagar,restaurant,12.9744205,77.5708775,,,,False,,,,
n5265620513,Hyderabad Biryani,restaurant,12.9168645,77.5859473,,,indian,False,,,,
n5273034143,Nagarjuna Andhra Style,restaurant,12.904966,77.6016531,,,,False,,,,
n5292780514,Hyderabad Biryaani House,restaurant,13.023331,77.6370384,,,,False,,,,
n5295004544,Sri Devi Grand Veg,restaurant,13.0466774,77.6279032,,,indian,True,,,,
n5302772310,Bengaluru Coffee House,restaurant,12.9309162,77.5473845,,"06:30-12:30,16:00-20:30",,False,,,,
n5302772314,Davanagere Bajji Centre,restaurant,12.9306982,77.5474396,,,,False,,,,
n5304601878,Aahar Utsav,restaurant,12.9373192,77.549336,,,,False,,,,
n5304601882,Havyaka Mess,restaurant,12.9377041,77.5492421,,,,False,,,,
n5304601923,coffee bite,cafe,12.9386661,77.549057,,,,False,,,,
n5304601939,New Sagar Fast Food,restaurant,12.9389282,77.5515602,,,,False,,,,
n5304601954,Bunt's Biriyani Palace,restaurant,12.9389157,77.5518525,,,,False,,,,
n5304602016,Manoor Maiya's South Kitchen,restaurant,12.9386805,77.5523454,,,,False,,,,
n5304602017,Venkateswara Chats,restaurant,12.9387811,77.5521845,,,,False,,,,
n5304602019,Brahmin Cafe,restaurant,12.9387151,77.5520336,,,,False,,,,
n5306017410,Dakshin Kitchen,restaurant,12.9437583,77.5665638,,,,False,,,,
n5306017411,Chinese Kitchen,restaurant,12.9437988,77.5665812,,,,False,,,,
n5306751743,Ramu Tiffin Center,restaurant,12.9512527,77.5774267,,,,False,,,,
n5306751763,Sri Krishna Darshini,restaurant,12.9524087,77.5773087,,,,False,,,,
n5320170731,Indira Canteen,restaurant,13.0534563,77.5747466,,"Mo-Su 08:00-10:00,12:00-14:00, 20:00-22:00",regional,False,,,,
n5349554920,Vijayanagar Vaibhav,restaurant,12.9662347,77.5351942,,,regional,True,,,,
n5383249123,Mama’s,restaurant,13.0573793,77.6270261,,,,False,,,,
n5383258724,"Chai Point, Juice Corner",cafe,13.0576351,77.626399,,,,False,,,,
n5390195363,Brahmin's cafe,restaurant,12.9608314,77.528917,,,,False,,,,
n5398017751,Devi Upahar,restaurant,12.9597909,77.5269754,,,,False,,,,
n5402224027,3 Page,restaurant,12.9866165,77.579997,,,,False,,,,
n5402224032,Cafe Coffee Day,cafe,12.9802917,77.5779251,,,coffee_shop,False,,,,
n5402307943,Fattoush,restaurant,12.8931572,77.5987475,,,,False,,,,
n5402308121,New Udupi Upahar,restaurant,12.964262,77.5967957,,,,False,,,,
n5409621836,Thalassery restaurant,restaurant,12.9258549,77.6757002,,,,False,,,,
n5414858921,rara avis,restaurant,13.0628795,77.5926056,,,,False,,,,
n5418989524,Cafe Coffee Day,cafe,13.0448386,77.620895,,,coffee_shop,False,,,,
n5447887277,Hotel Sanman,restaurant,12.9867899,77.5745807,,Mo-Su 10:00-22:00,indian,False,,,,
n5459261729,Stone House Cafe,cafe,12.932306,77.5165647,,,,False,,,,
n5462868116,South Canara Coffeehouse,cafe,12.9722318,77.5787988,,,,False,,,,
n5486846121,Truffles,restaurant,13.0216067,77.6397736,,,burger;breakfast,False,,,,
n5486928824,Bhagya Veg Hotel,restaurant,12.8905373,77.6447752,,,,True,,,,
n5491156814,Swami Vivekananda,memorial,12.9781865,77.6410876,,,,False,,,,
n5503164674,Ambur Biriyani,restaurant,12.9702401,77.6939474,,10:00-22:00,biriyani;chicken,False,,,,
n5503164683,Gopal Dhaba,restaurant,12.9690025,77.6934988,,,indian,False,,,,
n5524163946,Cafe Felix,cafe,12.9737445,77.62041,,,,False,,,,
n5524163948,Shri Mahastri Refreshments,restaurant,13.0756865,77.6037087,,,,False,,,,
n5524163953,Jus Trufs,cafe,13.0725063,77.6038452,,,,False,,,,
n5524163957,Udupi Upahar,restaurant,13.0687358,77.6035241,,,,False,,,,
n5524164979,Hotel Guru Nanak,restaurant,13.0755514,77.6041885,,,,False,,,,
n5570654721,New Udipi Park,restaurant,13.014431,77.6580134,,,,False,,,,
n5578956423,Green Leaf Kerela Hotel,restaurant,12.9757683,77.6930887,,,fish;chicken;diner;indian;curry,False,,,,
n5595762821,Canteen,restaurant,12.8934924,77.6020899,,,,False,,,,
n5611358758,Aramane Donne Biriyani,restaurant,12.9979072,77.5695359,,,regional,False,,,,
n5643902787,Cafe Thulp,cafe,12.9242949,77.6743216,,,,False,,,,
n5685542194,Breadworks,restaurant,13.0638835,77.5880338,,,,False,,,,
n5685604413,Udupi Garden,restaurant,13.0666013,77.5955056,,,,True,,,,
n5692527621,Dr M H Mari Gowda Statue,memorial,12.9530509,77.5851199,,,,False,,,,
n5711066684,Truffles,restaurant,12.9806974,77.6405653,,,italian,False,,,,
n5730437664,Illam Resturant,restaurant,12.8759565,77.6397754,,Mo-Su 09:00-22:00,indian;kerala,False,,,,
n5762989003,Burma Burma Restaurant & Tea Room,restaurant,12.9705567,77.6447309,,"Mo-Fr 12:00-15:00, 19:00-23:00, 09:00-18:00; Sa, Su 12:00-15:30, 19:00-23:00",,False,,,,
n5773097749,Bakasur,restaurant,12.9380609,77.6275572,,,,False,,,,
n5774305372,Vandana,restaurant,12.9120759,77.6826513,,,Andhra;indian,False,,,,
n5797562422,Chai World,cafe,12.9132073,77.6797975,,,,False,,,,
n5797562423,Chai Point,cafe,12.9131563,77.6799249,,,coffee_shop,False,,,,
n5804561676,California Burrito,restaurant,12.9119288,77.6823373,,,mexican,False,,,,
n5807148431,Cafe Coffee Day,cafe,12.9187002,77.6701646,,,coffee_shop,False,,,,
n5807262206,Pingara,restaurant,12.9251568,77.6338744,,,,False,,,,
n5808823853,City Viewpoint,viewpoint,12.9053691,77.5327172,,,,False,,,,
n5817729766,Sri Vishnu Grand,restaurant,12.9381615,77.6991559,,,chaats;indian;juice,True,,,,
n5820280254,Bangalore World Trade Center,attraction,13.0122926,77.5562115,,,,False,,,,
n5824776414,Cafe Coffee Day,cafe,12.9124456,77.6415145,,Mo-Su 09:00-23:30,coffee_shop,False,,,,
n5826624554,Hotel Sree Cauvery,restaurant,12.974315,77.6366178,,,,False,,,,
n5838249385,Balaji Andhra Mess,restaurant,13.0580013,77.5960278,,,,False,,,,
n5905947501,The London Curry House,restaurant,12.9855047,77.5792404,,"Mo-Su 12:00-15:00,19:00-23:00",,False,,,,
n5915195084,MDP Coffee shop,cafe,12.9347403,77.6126656,,,,False,,,,
n5915195090,Bamey’s Restro Cafe,restaurant,12.9360677,77.6160036,,,nepali,False,,,,
n5915195103,Carrots,restaurant,12.9388196,77.625775,,,,False,,,,
n5915247700,Tarbouche,cafe,12.9329338,77.6145578,,,,False,,,,
n5915409397,House of Commons,restaurant,12.9348404,77.6162173,,,,False,,,,
n5915409400,Juice Junction,restaurant,12.9341641,77.6166913,,,,False,,,,
n5915409401,Hatti Kaapi,cafe,12.9339899,77.6170683,,,,False,,,,
n5915569163,Nasi and Mee,restaurant,12.9350683,77.6292839,,,asian,False,,,,
n5915887963,BSR Lassi Packers Shop,restaurant,12.9344393,77.6295345,,,,False,,,,
n5915887969,Bistro Claytopia,restaurant,12.9255456,77.6333329,,,,False,,,,
n5915887971,Magnolia,restaurant,12.9260044,77.6332862,,,,False,,,,
n5915906217,Barbeque Nation,restaurant,12.9251513,77.6378065,,,barbecue,False,,,,
n5922608008,Majestic Bar & Restaurant,restaurant,12.974151,77.5749138,,,,False,,,,
n5922660392,Sri Durga Grand Veg,restaurant,12.9899111,77.5532211,,,regional,False,,,,
n5960908739,Purani Dilli,restaurant,12.9167208,77.6732764,,,,False,,,,
n5960908740,Nayi Dilli,restaurant,12.9166598,77.6733314,,,North_Indian,True,,,,
n5961174122,South Inn,restaurant,12.9125709,77.6814162,,,,False,,,,
n5961237643,Cafe Coffee Day,cafe,12.9162445,77.6519142,,,coffee_shop,True,,,,
n5963536174,Nagarjuna,restaurant,12.948404,77.6988272,,"Mo-Su 12:00-16:00,09:00-18:00,19:00-23:00",indian,True,,,,
n5964486005,The Chef's Story,restaurant,13.0182739,77.643275,,,,False,,,,
n5964486007,Churrascaria Brazil,restaurant,13.0240792,77.6370348,,,barbecue,False,,,,
n5966255482,Zaica Dine & Wine,restaurant,13.0411194,77.624478,,,,False,,,,
n5966255484,Baithaa,restaurant,13.0412239,77.6245156,,,regional,False,,,,
n5966255510,Chosen Cafe,cafe,13.0610325,77.6420653,,,,False,,,,
n5983371030,Indira Canteen,restaurant,13.0260907,77.5849835,,,,False,,,,
n5983526474,Cafe 916,cafe,12.9084069,77.6837867,,,,False,,,,
n5984919168,Hotel Tanish,restaurant,12.9156309,77.6468534,,Mo-Sa 08:00-20:00,indian;regional,False,,,,
n5995079072,Prabhakar's,cafe,12.8939257,77.6011614,,,coffee_shop;tea_shop,False,,,,
n5995081003,Yellow Submarine,restaurant,12.8976051,77.5997,,,pizza;italian;sandwich,False,,,,
n6017445198,Raata,restaurant,12.997555,77.5445911,,,regional,False,,,,
n6017445199,Empire,restaurant,12.9977118,77.5467135,,,indian,False,,,,
n6063102085,Third Wave,cafe,12.978657,77.6452907,,,,False,,,,
n6067927667,Xoox Brewmill,restaurant,12.9354619,77.6150961,,,asian,False,,,,
n6072228712,Jayanagar Thindi Mane,restaurant,12.9233543,77.5850596,,"Mo-Su 09:00-15:00, 18:00-22:00",indian;regional,True,,,,
n6072894766,Zak Cafe,cafe,12.8989205,77.5888391,,,,False,,,,
n6072907744,Kakal Kai Ruchi,restaurant,12.9007694,77.5872749,,,,False,,,,
n6073775977,Paani kum Chai,cafe,12.9004635,77.5857728,,,tea;sandwich;chicken;regional,False,,,,
n6074032575,Once In Nature (Organic Cafe),cafe,12.9001446,77.5859196,,,,False,,,,
n6079457673,Hotel Sankaranarayana Tiffanes,restaurant,12.9001036,77.585916,,,,False,,,,
n6080243881,MDP Coffee House,restaurant,12.9217794,77.5852464,,,,False,,,,
n6094890251,Children's Park,park,12.9274741,77.6719868,,,,False,,,,
n6124618695,The Tiffin Express,restaurant,12.9367615,77.6276835,,,,False,,,,
n6175812290,Kerala Mess,restaurant,13.0278016,77.6310134,,08:00-22:30,Kerala,False,,,,
n6175824245,Local Cafe,cafe,13.0279504,77.6305051,,,,False,,,,
n6201924576,Marusa Food Family Restaurant,restaurant,12.9712219,77.6943085,,Mo-Sa 07:00-22:00,,True,,,,
n6204931244,Moritz,restaurant,12.9186447,77.6707111,,,,False,,,,
n6205576497,Sarjapura Social,restaurant,12.9098869,77.6855406,,,,True,,,,
n6209428549,New Sagar Hotel,restaurant,12.9585898,77.5392625,,,,False,,,,
n6209860334,Arogya Ahaara Takeaway,restaurant,12.9180605,77.6378597,,"Mo-Su,PH 07:30-22:00",,False,,,,
n6219202473,Biryani Paradise,restaurant,12.9816022,77.6970228,,,,False,,,,
n6239093323,Bhuvaneshwari Nagar Park,park,13.0544039,77.6021484,,,,False,,,,
n6246844931,Salvadores,restaurant,12.973506,77.6113148,,,,False,,,,
n6248981887,Vyshali Food Corner,restaurant,12.9611012,77.5887564,,,tea;chicken;noodles;coffee_shop;curry;indian;local,True,,,,
n6298960985,Sattvik Udupi Uphar,restaurant,12.9056713,77.6039543,,,South_Indian,True,,,,
n6298964736,Cafe Coffee Day,cafe,12.9055794,77.6052372,,,coffee_shop,False,,,,
n6298970281,Swiss Cream,cafe,13.0632918,77.5910715,,,,False,,,,
n6298973771,Kalpavruksha,restaurant,12.9035992,77.6019963,,,,True,,,,
n6338071472,Empire Restaurant,restaurant,12.9020427,77.5857467,,,,False,,,,
n6341376490,Kakal Kai Ruchi,restaurant,12.8973677,77.5858738,,,,False,,,,
n6351596280,Cafe Coffee Day,cafe,12.8957489,77.599975,,,coffee_shop,False,,,,
n6355866004,Canteen NLSIU,restaurant,12.9552984,77.5171196,,,,False,,,,
n6378793984,iSiri Cafe,restaurant,12.8832343,77.6075065,,,indian;south_indian,False,,,,
n6380870463,Academic Cafeteria,cafe,13.0712071,77.5806832,,Mo-Fr 09:30-17:45; Sa 10:00-16:00,,False,,,,
n6393878845,1311 Restaurant,restaurant,12.9699627,77.6415269,,,pizza,False,,,,
n6397870986,Pulimanchi,restaurant,12.9806794,77.6405105,,,,False,,,,
n6398517993,Portland,restaurant,12.9702258,77.6146582,,,,False,,,,
n6419051485,Kannada Flag,attraction,12.969018,77.5779834,,,,False,,,,
n6419145385,Udupi Sri Krishna Bhavan,restaurant,12.9716342,77.5741018,,We-Mo 07:45-19:45,indian,False,,,,
n6422664985,Punjabi Rasoi,restaurant,12.9812549,77.6405264,,,punjabi,False,,,,
n6487165548,Hotel Sanman,restaurant,12.977562,77.5744205,,,indian,False,,,,
n6487165551,Udupi Upachar,restaurant,12.9904646,77.5505346,,,indian,False,,,,
n6491957990,Vidya Cafe,cafe,12.9123405,77.5913841,,,,False,,,,
n6497014280,Mood for Food,cafe,12.9696336,77.6489861,,,,False,,,,
n6497017194,Savoury Express,restaurant,12.9686909,77.6486916,,,,False,,,,
n6497032492,Bharatiya Jalpan,restaurant,12.9687696,77.6416126,,,,False,,,,
n6497594127,Chai Darbar,restaurant,12.9718326,77.6798268,,Mo-Su 07:00-23:00,regional;arabic;grill,False,,,,
n6499750801,Kerala Kitchen,restaurant,13.0037091,77.6226122,,Mo-Su 09:00-22:00,,False,,,,
n6542893133,Hatti Kaapi,cafe,13.0112702,77.5556794,,,,False,,,,
n6542893134,Chai Point,cafe,13.0116766,77.5556861,,,coffee_shop,False,,,,
n6542893146,Cookie Man,cafe,13.0110494,77.5549485,,,,False,,,,
n6542893147,Bombay Brasserie,restaurant,13.0108052,77.5554043,,,regional,False,,,,
n6546848148,Hotel Akshaya Non Veg,restaurant,12.9977484,77.5473746,,,,False,,,,
n6552306254,Devi Upahara,restaurant,12.9636997,77.5923663,,,regional,False,,,,
n6584009915,eat.fit,restaurant,12.9751224,77.6040068,,,,False,,,,
n6584009921,Brik Oven,restaurant,12.9747264,77.6053204,,,pizza,False,,,,
n6584009931,Chai Point,cafe,12.974665,77.6066507,,,coffee_shop,False,,,,
n6584009934,Coast II Coast,restaurant,12.9746251,77.6073769,,,,False,,,,
n6584009940,saatvikk,restaurant,12.9743644,77.607851,,,indian,False,,,,
n6584009960,Tea Trails,cafe,12.9729301,77.6074769,,,,False,,,,
n6584009961,Frozen Bottle,cafe,12.9728288,77.607387,,,,False,,,,
n6594341985,"Champaca Bookstore, Library & Cafe",cafe,12.9873463,77.5959886,,Tu-Su 11:00-19:00,,False,,,,
n6601884724,Udaan,restaurant,12.9116699,77.643421,,,,False,,,,
n6611728376,Nandini Milk Parlor,cafe,12.9138994,77.5374377,,,,False,,,,
n6613030600,The Black Pearl,restaurant,12.9392131,77.6947005,,,,False,,,,
n6646295302,New Shanthi Sagar,restaurant,12.9860978,77.5543504,,Mo-Su 06:00-22:00,indian;juice;ice_cream,False,,,,
n6657724259,Nandanam,restaurant,12.876884,77.6392801,,Mo-Su 08:00-23:00,indian;kerala,False,,,,
n6658119308,Sri Krishna Grand,restaurant,12.8743782,77.6405809,,,regional,True,,,,
n6662095297,Oye Punjab Resturant,restaurant,12.8787352,77.6367386,,,,False,,,,
n6677334945,Magic Oven,cafe,12.8777101,77.6387217,,,burger;sandwich,False,,,,
n6681215510,Majestic Hotel,restaurant,12.9774153,77.5744736,,,indian,False,,,,
n6681215529,Cafe Mor'ish,cafe,12.9659363,77.6035702,,08:30-22:00,,False,,,,
n6681254107,Al-Taj Restaurant,restaurant,12.9899287,77.5529918,,,,False,,,,
n6681254112,by 2 coffy,cafe,12.9869192,77.5562131,,,,False,,,,
n6690499039,Justbe Resto Cafe,restaurant,13.0071836,77.5794783,,Tu-Th 11:00-22:00; Fr-Su 11:00-23:00,,True,,,,
n6698387555,Nisarga,restaurant,12.9835262,77.5942425,,,,False,,,,
n6702708923,Kaapi Right,cafe,12.9822733,77.6392502,,,,False,,,,
n6702711742,Ambur Biriyani,restaurant,12.9822477,77.6389715,,,,False,,,,
n6755811686,Devi Sri Juice and Condiments,restaurant,12.9420698,77.6280215,,Mo-Su 08:00-23:00,indian;north_indian;regional,False,,,,
n6761308488,Udupi Athithiya,restaurant,12.9255829,77.6762661,,,indian,False,,,,
n6771722354,Dal Baati Corner,restaurant,12.9716726,77.6573587,,,indian,False,,,,
n6771722357,Plantain Leaf,restaurant,12.9718144,77.6548499,,,,False,,,,
n6771722369,Biriyani Zone,restaurant,12.9733672,77.6783788,,,,False,,,,
n6779117312,Mylari-Inn,restaurant,13.066438,77.5969948,,,,False,,,,
n6794727082,Arabian Restaurant,restaurant,13.0189687,77.5575829,,,,False,,,,
n6794780737,Hotel Vande Matharam,restaurant,13.010724,77.5502667,,,regional,False,,,,
n6794794200,Sangam,restaurant,13.0140978,77.5542326,,,,False,,,,
n6795544734,ASEAN - On The Edge,restaurant,12.9754648,77.6050615,,,asian,False,,,,
n6805721261,California Burrito,restaurant,12.9816457,77.6968724,,11:00-23:00,mexican,False,,,,
n6807501871,Hassan Iyenger Bakery,restaurant,13.0039628,77.5507974,,,,False,,,,
n6808228304,stories,restaurant,13.0080788,77.5489767,,,chicken,False,,,,
n6815596324,Rolls Rice Cafe,cafe,12.9251181,77.498842,,,,False,,,,
n6819880190,Green Theory,restaurant,12.9683503,77.6027151,,,international,True,,,,
n6832288685,Lavonne Café,cafe,12.9669254,77.6368937,,,coffee_shop;bakery,False,,,,
n6834046687,Ayodhya vihar,restaurant,12.9687494,77.6492656,,Mo-Su 08:00-22:00,,False,,,,
n6856463614,Udupi Brahmashree,restaurant,13.0370574,77.5896455,,,,False,,,,
n6856463615,Udupi Park Inn,restaurant,13.0351773,77.5890219,,Mo-Sa 09:45-20:00,,False,,,,
n6857394484,De Grand,restaurant,13.0663312,77.6402789,,,,False,,,,
n6857427253,Beijing Bites,restaurant,13.0725613,77.6024947,,,,False,,,,
n6859406244,Pataka Mannar's,restaurant,12.9342412,77.5828783,,,,False,,,,
n6892877471,Sendhoor Coffee,restaurant,12.9822473,77.6390337,,,,False,,,,
n6898530486,Le Bistro,restaurant,12.9718776,77.5962988,,,pizza;pasta;burger,False,,,,
n6899554638,Coffee House,cafe,12.9349174,77.5367638,,,,False,,,,
n6927679728,Addiction,restaurant,12.9586968,77.53347,,Mo-Su 11:00-23:00,pizza;burger;italian;ice_cream;MILK_SHAKE;american,False,,,,
n6948470987,Cafe Coffee Day,cafe,13.0355929,77.6285283,,,coffee_shop,False,,,,
n6952164915,Eastwind (Delicious Biryani),restaurant,12.9366068,77.5176248,,,,False,,,,
n6956587094,Thalassery,restaurant,13.0194926,77.6369287,,,,False,,,,
n6956588689,Moriz,restaurant,13.0189238,77.6367836,,,,False,,,,
n6959716598,Dindigul Thalapakkatti,restaurant,12.9121078,77.6379727,,,indian,True,,,,
n6968692485,Hatti Kaapi,cafe,12.9284055,77.5816846,,,,False,,,,
n7013311585,Sharief Bhai,restaurant,12.9811972,77.6368727,,,arab,False,,,,
n7016516842,Udupi Upahar,restaurant,12.8901826,77.6397297,,,indian,False,,,,
n7035372785,BNG Dining,restaurant,12.9314962,77.609838,,,chinese;chicken;asian;indian,False,,,,
n7035947782,Upahara Darshini,restaurant,12.9288786,77.5837575,,,indian;regional,False,,,,
n7037768785,Farzi Cafe,restaurant,12.9720385,77.5956455,,,chinese;coffee_shop;curry;indian,False,,,,
n7043229688,New Ambur Biriyani,restaurant,12.9549086,77.5857588,,,,False,,,,
n7043255185,Hotel Nandeshwara Lunch Home,restaurant,12.9554304,77.585944,,,indian,False,,,,
n7043992185,Peace Restaurant,restaurant,12.9620164,77.5978486,,,,False,,,,
n7046466599,NuTy Central Kitchen,restaurant,12.8776064,77.6449397,,,,False,,,,
n7059752703,Sri Raghavendra Upaahar,restaurant,12.9681659,77.5292945,,,,False,,,,
n7074561086,Paris Panini,restaurant,12.9702706,77.6446231,,,panini,False,,,,
n7079728383,Gangotri,restaurant,12.9684181,77.5324474,,,,False,,,,
n7085464942,Pappu Chaiwala,cafe,12.913213,77.6445226,,,,False,,,,
n7085465358,Rebarbiq,restaurant,12.9123452,77.6425923,,,,True,,,,
n7085470153,Lassi Treat,cafe,12.9163542,77.6449309,,,,False,,,,
n7087593367,Raidan Restaurant,restaurant,12.9941666,77.6103415,,,,False,,,,
n7105191687,Sindhoor,restaurant,12.8834749,77.550013,,,Andhara;Karnataka_Coastal;seafood,True,,,,
n7106702479,Kakkal Kai Ruchi,restaurant,12.8864483,77.5661623,,,indian;ice_cream,False,,,,
n7110589921,Sri Racha,restaurant,12.970504,77.6449169,,,asian,False,,,,
n7110589922,Sanchez,restaurant,12.9704504,77.6449169,,,mexican,False,,,,
n7112491585,Mangalore Kabab Korner,restaurant,12.9728026,77.5284941,,,,False,,,,
n7112539085,Samudra,restaurant,12.9761897,77.5331156,,,,False,,,,
n7115980786,Brahmi Ruchi,restaurant,12.9664596,77.5344276,,,,False,,,,
n7115980787,Udupi Aruna Grand,restaurant,12.9665005,77.5343128,,,,False,,,,
n7116375085,South spicy bites,restaurant,12.9662613,77.5350611,,,,False,,,,
n7120241070,Kabab Souq,restaurant,12.9722044,77.6797193,,11:00-23:00,arabic;grill;regional,False,,,,
n7122031685,A Naidu's Ootada Mane,restaurant,12.9825676,77.6393698,,,,False,,,,
n7125698286,Karavali Grand,restaurant,12.9585512,77.5253725,,,,False,,,,
n7126122233,Kesariya,restaurant,12.9066049,77.5896205,,,indian,True,,,,
n7131191486,New Shanthi Sagar,restaurant,12.9689194,77.5361437,,,,False,,,,
n7140653795,Cow Bar - Milk Shakes,restaurant,12.9721106,77.6807544,,10:00-23:00,,False,,,,
n7140653796,Darbar Express,restaurant,12.9721622,77.6807678,,15:00-23:30,arab;grill,False,,,,
n7140666410,Moriz,restaurant,12.9721564,77.6798786,,,indian;arabic;grill;chinese,False,,,,
n7140680686,Treat Kitchen,restaurant,12.9719525,77.6797237,,,,False,,,,
n7140763291,Moti's Kitchen,restaurant,12.972565,77.6533496,,,fish,False,,,,
n7146770599,Cafe 916 & Bake,cafe,12.9976465,77.5523655,,,,False,,,,
n7146770602,Karavali Fine Dine,restaurant,12.9921881,77.5546494,,,regional,False,,,,
n7147351710,Chai Point,cafe,12.969455,77.6827513,,,coffee_shop,False,,,,
n7147351712,Mani's Dum Biryani,restaurant,12.9705826,77.6818132,,,indian,False,,,,
n7156536807,Pappu Chaiwalla,cafe,12.9682966,77.536114,,,,False,,,,
n7160747616,Kappa Chakka Kandhari,restaurant,12.9405303,77.6235653,,,regional,True,,,,
n7162186811,Annapurneshwari Canteen,restaurant,12.9741713,77.5880263,,Mo-Sa 10:00-18:00,regional;indian,False,,,,
n7164319496,Mayur Andra Style Restaraunt,restaurant,12.9209511,77.620137,,,,False,,,,
n7164333857,Couchpotato,restaurant,12.9162833,77.6132641,,,,False,,,,
n7164719475,Venad Kitchen,restaurant,12.971553,77.6803025,,,,False,,,,
n7164731974,Maraheb Restaurant - Mandi & Madfoon,restaurant,13.0228,77.6398442,,,arab,False,,,,
n7164764134,NH 47 Kerala Kitchen,restaurant,12.9809503,77.6935452,,,,False,,,,
n7164771196,Imperio,restaurant,13.0239905,77.6430942,,,indian;arab,False,,,,
n7176651785,Azuki Japan Travel Bistro & Sake,restaurant,12.9611765,77.604694,,"Mo-Su 12:00-15:00,18:00-22:30",japanese,False,,,,
n7178597284,Loafer and Co.,cafe,13.0491295,77.601753,,,,False,,,,
n7178597794,Food Hall,cafe,12.9964417,77.695743,,,,False,,,,
n7178597795,Food Hall,cafe,12.973545,77.6204172,,,,False,,,,
n7178905240,Malabar Hotel,restaurant,12.9739747,77.6787485,,,,False,,,,
n7178923561,Basaveshwara Khanavali,restaurant,12.9793475,77.69571,,Mo-Su 10:00-22:00,,False,,,,
n7178923562,Sri Dwaraka Foods Andhra Biriyani,restaurant,12.9793397,77.6956825,,"12:00-15:30,19:30-22:30",,True,,,,
n7178923563,Aha Andhra Restaurant,restaurant,12.9793214,77.6957985,,,,True,,,,
n7178923565,ISIRI Resto Bar,restaurant,12.979456,77.6952193,,11:30-23:30,,True,,,,
n7178929299,Iyer Idly,restaurant,12.9724119,77.6800338,,,,False,,,,
n7178988356,Angel Mess,restaurant,12.9744158,77.6804352,,,,False,,,,
n7179084273,Kadak Hotel,restaurant,13.0660933,77.5983768,,,indian,False,,,,
n7180744036,California Burrito,restaurant,12.9859657,77.69436,,,mexican,False,,,,
n7192992580,Nature's Cafe,cafe,13.0063463,77.5823289,,,coffee_shop;indian;burger,False,,,,
n7195158622,Biryani Bhavan,restaurant,12.9246587,77.4983083,,,regional,False,,,,
n7206004834,Royal Andhra Spice,restaurant,13.024534,77.6418448,,,regional,False,,,,
n7206004835,White Garden,restaurant,13.0238518,77.6431395,,,,True,,,,
n7206016086,Aramana,restaurant,13.0200444,77.6434466,,,arab;regional,False,,,,
n7206419492,Thomchi Unisex Salon;The Leslie's,cafe,13.0532368,77.6455767,,,,False,,,,
n7208502385,By2coffee,restaurant,12.9727456,77.511896,,,,False,,,,
n7227412373,Mom's Kitchen - Tanang Naga,restaurant,13.0550686,77.6453537,,,regional,False,,,,
n7227412374,Cafe Zamorin,restaurant,13.0587371,77.643232,,,,False,,,,
n7227446792,Taawoon,restaurant,13.0645806,77.6483658,,,,False,,,,
n7229958826,Sip n Hog,cafe,12.9250769,77.4987938,,,,False,,,,
n7235029659,Watsons,restaurant,13.063717,77.5906393,,,,False,,,,
n7255294908,Rajbhog,restaurant,12.9989715,77.5521791,,,regional,False,,,,
n7255870169,Luqma,restaurant,13.0520168,77.6460806,,,,False,,,,
n7255870170,Jiffy Cafe,cafe,13.0530266,77.6457949,,,,False,,,,
n7255870174,Fella Cafe,cafe,13.0572301,77.6441366,,,,False,,,,
n7255929397,Grand Spicy,restaurant,12.9901417,77.5932464,,,,False,,,,
n7255929403,Empire,restaurant,12.9916615,77.5943595,,,indian,False,,,,
n7255929445,Cafe Arabica,cafe,12.9995034,77.6161296,,,,False,,,,
n7255929449,Royal Pavilion,restaurant,13.000456,77.6153719,,,,False,,,,
n7255929462,King Kong,restaurant,13.0009355,77.6142669,,,chinese,False,,,,
n7256979678,Moriz,restaurant,13.0466615,77.6445812,,,,False,,,,
n7256985313,Ancient Hyderabad,restaurant,13.040834,77.6197195,,,,False,,,,
n7256985314,Food Castle,restaurant,13.0413703,77.6219407,,,,False,,,,
n7257728203,Burp,restaurant,13.0337165,77.5689791,,,,False,,,,
n7276566924,Asia Alive,restaurant,12.9193144,77.6651081,,,asian,False,,,,
n7291611577,Cafe Coffee Day,cafe,13.0117027,77.5520208,,,coffee_shop,False,,,,
n7293719385,Malabar Cafe,restaurant,12.9601322,77.6017597,,,,False,,,,
n7293721311,Rezwan Razack Museum of Indian Paper Money,museum,12.9713364,77.61411,,Tu-Su 10:30-18:00,,False,,,,
n7293804847,Taste of Rampur,restaurant,12.9329058,77.6134662,,,indian,False,,,,
n7293817086,Biriyani Paradise,restaurant,12.9433728,77.6079865,,,,False,,,,
n7294299935,Lounge 189,restaurant,12.9179105,77.6238799,,,,False,,,,
n7294299936,The Aroma,restaurant,12.9178543,77.6241066,,,,False,,,,
n7294299937,Cafe Awesome,cafe,12.9178269,77.6237981,,,,False,,,,
n7301726067,The Water Tough,monument,12.9824012,77.6346696,,,,False,,,,
n7302387905,Star Hotel,restaurant,13.038616,77.5899484,,,,False,,,,
n7389069386,Dhansagar,restaurant,12.9135395,77.6065388,,Mo-Su 10:00-21:00,indian,False,,,,
n7440128616,Condiments,cafe,13.0069827,77.5483088,,,coffee_shop,False,,,,
n7466913104,Udupi,restaurant,12.9670013,77.6824507,,,,False,,,,
n7520954480,Veg Corner,restaurant,12.9001694,77.5603874,,,south_indian,False,,,,
n7520954481,Veg Corner,restaurant,12.9001862,77.5603615,,,,False,,,,
n7528069001,Just Bake,restaurant,12.934076,77.6056306,,,,False,,,,
n7528069002,Raja Rajeswari Hotel,restaurant,12.9337727,77.6047348,,,,False,,,,
n7605605797,Cumins Sports park,park,13.0291681,77.6691999,,,,False,,,,
n7658290107,LORE,restaurant,12.9802518,77.5861466,,,,False,,,,
n7658290108,Tijuori,restaurant,12.9800179,77.5859709,,,,False,,,,
n7944450116,Sunny Side Up,cafe,13.0018413,77.6235055,,,,False,,,,
n7949885732,Go Native,restaurant,12.9688442,77.5970887,,,,False,,,,
n7955064188,Apaulogy,gallery,13.0017229,77.6184011,,,,False,,,,
n8012727677,Iyengar Bakery,cafe,13.0535572,77.5752216,,,,False,,,,
n8078201627,Saapaad,restaurant,12.9812033,77.6369044,,,,False,,,,
n8136105934,Karma Kaapi – Caffeine Studio,cafe,12.9232558,77.5814085,,,coffee_shop,False,,,,
n8188057111,Ghar Ka Dhaba,restaurant,13.0548524,77.6124503,,,,False,,,,
n8188057146,Dashami Fast Food,restaurant,13.044658,77.552906,,,,False,,,,
n8188057258,Annapurna Restaurant,restaurant,13.022342,77.5528657,,,,False,,,,
n8188057276,As chai and zyka,restaurant,13.0203034,77.5923603,,,,True,,,,
n8188058140,Annakuta Prasadam Restaurant,restaurant,13.0102358,77.5516049,,,,False,,,,
n8188058188,The Orchard Vegetarian Indian Restaurant,restaurant,13.004777,77.581093,,,,True,,,,
n8188058456,Atithi Family Restaurant,restaurant,12.974256,77.5598391,,,,False,,,,
n8188058800,Thamboola Fine Dine Vegetarian Restaurant,restaurant,12.9276526,77.5620661,,,,True,,,,
n8205055155,IDC Idli Dosa Coffee Central Kitchen,restaurant,12.9659973,77.594522,,Mo-Su 08:00-20:00,regional,True,,,,
n8240257742,Pizza Hut,restaurant,12.9584293,77.5192308,,,pizza,False,,,,
n8240293381,Brik Oven,restaurant,12.985676,77.5878675,,,pizza,False,,,,
n8244271796,Happy Belly Bakes,cafe,12.9790136,77.642347,,,,False,,,,
n8252529146,Go Native HSR,cafe,12.9133296,77.6383239,,,,False,,,,
n8252529418,Go Native Jayanagar,restaurant,12.9226084,77.5846459,,,,False,,,,
n8252549787,Go Native Sadashivnagar,restaurant,13.0044097,77.581653,,,regional,False,,,,
n8255002879,Garden Restaurant,restaurant,13.0193484,77.5570913,,,,False,,,,
n8255015075,Coffee Break,cafe,13.0087525,77.5693951,,,,False,,,,
n8282914503,Masala Mane,cafe,12.9551776,77.5282122,,,,False,,,,
n8300225144,Trupti Thindi,restaurant,13.0691806,77.5809502,,"PH,Mo-Su 07:00-21:30",,False,,,,
n8300228268,Nila Food Corner,restaurant,13.0690971,77.5809341,,"PH,Mo-Su 07:00-20:00",,False,,,,
n8347895697,Copper + Cloves @ the organic world,cafe,12.9704763,77.6450672,,Mo-Su 09:00-19:00,plant_based,True,,,,
n8442476340,Baohood,restaurant,13.0555416,77.6079033,,,asian,False,,,,
n8442476342,Comal,restaurant,12.9723374,77.6187616,,"Tu-Su 12:00-15:00,19:00-22:30",mexican,False,,,,
n8491901655,Cafe Naturals,cafe,13.0628968,77.576413,,"PH,Mo-Su 10:00-20:00",,False,,,,
n8531451430,Viragallu,memorial,13.0203439,77.5695591,,,,False,,,,
n8544090696,Frozen Bottle,cafe,13.0320123,77.5698439,,,,False,,,,
n8597958242,Post office - Kothanur,restaurant,13.0632605,77.6488771,,Mo-Sa 08:00-14:00,,False,,,,
n8627296822,Raidan Restaurant,restaurant,13.0188427,77.636598,,,kebab,False,,,,
n8645272055,Candy Cloud,cafe,12.9333892,77.6156339,,,,False,,,,
n8758561575,Third Wave Coffee Roasters,cafe,12.9701976,77.6386624,,,coffee_shop,False,,,,
n8758566370,Ainmane,cafe,12.9719367,77.6419161,,,coffee,False,,,,
n8873771371,Lassi Park,cafe,12.9285095,77.5825416,,,,False,,,,
n8887097194,The Circus Canteen,restaurant,13.013775,77.5481048,,,regional,True,,,,
n8985207467,Thalassery Restaurant,restaurant,13.0586132,77.5931287,,Mo-Su 11:00-22:30,,False,,,,
n9007969017,The Pizza Bakery,restaurant,12.9702024,77.6447081,,Su-Th 12:00-23:00; Fr-Sa 12:00-23:45,pizza,False,,,,
n9063447833,Rasayana coffee bar,cafe,12.9870447,77.5422372,,,,False,,,,
n9063471385,Dolci Cafe,cafe,12.98638,77.5949228,,,,False,,,,
n9102882915,Pizza Hut,restaurant,12.9141809,77.6062896,,Mo-Su 10:00-21:00,pizza,False,,,,
n9140200231,Makkah Cafe,cafe,12.9639276,77.6064804,,,,False,,,,
n9140200243,Coffee,cafe,12.9689448,77.5842382,,,,False,,,,
n9144230968,Yak's Kitchen,restaurant,12.9738424,77.6068454,,,tibetan,False,,,,
n9144230970,Mandarin Box,restaurant,12.9752996,77.6031962,,,chinese,False,,,,
n9144230971,Burger Seigneur,restaurant,12.9752171,77.6024974,,,burger,False,,,,
n9160955548,Pākaśāla,restaurant,12.9747331,77.6083874,,07:30-22:00,indian,True,,,,
n9161529874,JNS Tiffin Centre,restaurant,13.0720813,77.5728428,,,,False,,,,
n9165209208,Sri Krishna Sagar,restaurant,12.9138932,77.6060959,,"PH,Mo-Su 09:00-22:00",indian;regional,True,,,,
n9165337880,Laddoos,restaurant,12.9136582,77.610198,,"PH,Mo-Su 09:30-21:30",indian,False,,,,
n9165337881,Chai Point,cafe,12.9135458,77.6101845,,"PH,Mo-Su 09:30-21:30",coffee_shop,False,,,,
n9171580315,Aum Zone,restaurant,12.9983064,77.5498825,,,,False,,,,
n9175932903,Miyajima Bento,restaurant,12.9654384,77.6144426,,,japanese,False,,,,
n9175932904,Vimor Museum of Living Textiles,museum,12.9640962,77.6137466,,,,False,,,,
n9179389770,The Cafe @ Saanchi,cafe,12.9583652,77.604285,,,persian,False,,,,
n9197342023,Old Madras Baking Company,cafe,13.0274554,77.5772913,,08:00-23:00,,False,,,,
n9197342024,Third Wave Coffee Roasters,cafe,13.0272477,77.5765631,,,,False,,,,
n9197342026,Starbucks,cafe,13.0274123,77.575867,,,coffee_shop,False,,,,
n9197342029,IDC Kitchen,restaurant,13.0279894,77.5726551,,,,False,,,,
n9197342030,Queens,restaurant,13.0286549,77.5719067,,,punjabi,False,,,,
n9197342031,Leon Grill,restaurant,13.0284577,77.571902,,,,False,,,,
n9197342034,The Belgian Waffel Co.,restaurant,13.0281976,77.5731593,,,,False,,,,
n9214185039,Sea Rock Restaurant,restaurant,12.9867761,77.5796677,,,,False,,,,
n9214185060,The Rasoi,restaurant,12.989193,77.5744736,,,,False,,,,
n9230655241,Cafe Azzure,cafe,12.97501,77.6074728,,,,False,,,,
n9230655289,Dindigul Thalappakatti,restaurant,12.972361,77.6186442,,,regional,True,,,,
n9230655290,Chianti,restaurant,12.9723446,77.618718,,,italian,False,,,,
n9230655291,Starbucks,cafe,12.9723937,77.6184551,,,coffee_shop,False,,,,
n9230690428,Taj Tea House,cafe,12.9992268,77.6160355,,,,False,,,,
n9230690429,Savoury,restaurant,12.9994524,77.6157635,,,regional,False,,,,
n9230690432,Frazer Town Plaque,memorial,12.9959275,77.6135721,,,,False,,,,
n9230690436,Thiruvalluvar Statue,memorial,12.9809601,77.6156482,,,,False,,,,
n9257555904,The Registry of Sarees,museum,12.95618,77.6368819,,,,False,,,,
n9277677273,Starbucks,cafe,12.9201772,77.6851549,,,coffee_shop,False,,,,
n9277677274,The Pizza Bakery,restaurant,12.9206591,77.6844254,,,pizza,False,,,,
n9277677275,Nasi and Mee,restaurant,12.9206651,77.6843281,,,asian,False,,,,
n9277677276,Bombay Brasserie,restaurant,12.9201786,77.6843019,,,indian,True,,,,
n9288431529,California Burrito,restaurant,12.9674314,77.6366472,,,mexican,False,,,,
n9288431549,Salt Mango Tree,restaurant,12.9704038,77.6399131,,,,False,,,,
n9288431562,Maison du,cafe,12.9709404,77.6402441,,,,False,,,,
n9289356417,Udupi Sagar Veg Restaurant,restaurant,12.9580517,77.5824765,,,,False,,,,
n9291015214,Chulha Chauki da Dhabha,restaurant,12.9820309,77.6927316,,,indian;rajasthani,True,,,,
n9296060500,Coracle,restaurant,12.9666459,77.6352847,,,indian,False,,,,
n9310793307,Maven Kitchen,restaurant,12.9507013,77.6235404,,,,False,,,,
n9312685207,Cafe 27,restaurant,12.9113501,77.6522374,,,,True,,,,
n9312716290,Chai Point,cafe,12.9126498,77.6520113,,,coffee_shop,True,,,,
n9312818689,Kabab Mirchi,restaurant,12.9556399,77.6918849,,,,True,,,,
n9318156172,Float Rooftop Restaurant,restaurant,12.9388351,77.6952036,,,,False,,,,
n9318156173,Jalsa Gold Restaurant,restaurant,12.9388878,77.6952654,,,,False,,,,
n9318453203,Sri Vishnu,restaurant,12.9386526,77.6973755,,,regional;coffee;tea,True,,,,
n9333624192,Fullyfilled,restaurant,12.9761736,77.6388664,,,,False,,,,
n9381352862,Unitea Hub Cafe,cafe,12.9565619,77.6972364,,,,False,,,,
n9381352866,Amintri Cafe and Pastries,cafe,12.9737225,77.6032468,,,pastry;coffee_shop;tea;cake,False,,,,
n9459434782,Cafe 35,cafe,12.9089895,77.6812944,,,,False,,,,
n9483060393,Nitiksha Rasoi,restaurant,13.0705642,77.576758,,Mo-Su 09:00-18:00,,False,,,,
n9507141939,Sreeraj Lassi Bar,cafe,12.959883,77.5978925,,,juice,False,,,,
n9507166593,Karak Chai,cafe,12.9611473,77.5982936,,,tea_shop,False,,,,
n9513780414,Bombay Borough,restaurant,12.9669121,77.6081804,,,regional,False,,,,
n9514389117,You Me And Tea,restaurant,12.9089414,77.6517168,,,,False,,,,
n9527967719,Sharief Bhai,restaurant,13.0232822,77.6396339,,,regional,False,,,,
n9527967763,Orange Leaf,restaurant,13.0414029,77.6227494,,,,False,,,,
n9527967818,Dilawar,restaurant,13.0300261,77.6344451,,,,False,,,,
n9531680758,Mayuri,restaurant,12.9559991,77.5806662,,,indian,False,,,,
n9532858987,Starbucks,cafe,12.97119,77.5982058,,,coffee_shop,False,,,,
n9532858988,Theobroma,cafe,12.9712972,77.5975701,,,,False,,,,
n9532858994,Lavonne Cafe,cafe,12.9695074,77.6003515,,,,False,,,,
n9532858999,Brassa,restaurant,12.9705196,77.6006386,,,,False,,,,
n9532893822,Juice Stall,cafe,13.017793,77.556767,,,,False,,,,
n9534316322,Wakame,restaurant,12.9699492,77.6394919,,,asian,False,,,,
n9534316324,Bhola & Blonde,restaurant,12.9699243,77.6393627,,,,False,,,,
n9534316325,Secret Story Bar & Kitchen,restaurant,12.9698751,77.6392046,,,,False,,,,
n9536777476,Raahi Neo Kitchen and Bar,restaurant,12.9731085,77.6023458,,,,False,,,,
n9536777477,Sandesha Museum of Communication,museum,12.9728315,77.603711,,Mo-Sa 10:00-16:00,,False,,,,
n9540035596,Luckhnow Street,restaurant,12.97585,77.6018975,,,regional,False,,,,
n9545465487,Indiranagar Social,restaurant,12.970764,77.6475812,,,,False,,,,
n9545465488,Bombay Brasserie,restaurant,12.9702302,77.6458988,,,regional,False,,,,
n9545465493,Magnolia Bakery,cafe,12.9700759,77.640814,,,,False,,,,
n9545465494,Bohemians,restaurant,12.9699073,77.6394944,,,,False,,,,
n9545465495,Café Plume,cafe,12.9637891,77.6403908,,,,False,,,,
n9557108715,New Krishna Sagar,restaurant,13.0727318,77.604253,,,,False,,,,
n9568878438,Santhu Spicy Table,restaurant,13.0683205,77.5785541,,"PH,Mo-Su 08:00-22:00",,False,,,,
n9573432745,Third Wave Coffee Roasters,cafe,12.9875523,77.5947766,,08:00-00:00,coffee_shop,False,,,,
n9573432746,Pasta Street,restaurant,12.9883998,77.5937028,,,pasta,False,,,,
n9573432747,India Chai Lounge,cafe,12.9891564,77.5926858,,,,False,,,,
n9574153223,Crepito,restaurant,12.9974557,77.5448459,,,regional,False,,,,
n9575201277,STEGI,restaurant,12.9942403,77.5814707,,,,False,,,,
n9575294002,Restaurent1179,restaurant,12.9936332,77.5809283,,,,False,,,,
n9583509836,Huliyappa's Donne Biryani,restaurant,13.0668211,77.5928883,,,regional,False,,,,
n9590333379,Biriyani Zone,restaurant,13.0414094,77.6215772,,,indian,False,,,,
n9649419315,Chili's,restaurant,12.9201817,77.6841934,,,tex-mex,False,,,,
n9649419316,Third Wave Coffee,cafe,12.9206464,77.6848157,,,,False,,,,
n9649454218,Paris Panini,restaurant,12.9201575,77.684754,,,panini,False,,,,
n9649454219,Chaayos,cafe,12.9204987,77.6851684,,,tea,False,,,,
n9649527842,The Pet People Cafe,cafe,12.9127406,77.6445048,,,,False,,,,
n9649527853,Starbucks,cafe,12.9121236,77.6508737,,,coffee_shop,True,,,,
n9649527854,Onesta,restaurant,12.9122779,77.6517119,,,pizza,False,,,,
n9649527871,Kapoor's Cafe,restaurant,12.9080295,77.6519331,,,,False,,,,
n9654389704,Sharief Bhai,restaurant,12.9332287,77.6146102,,,,False,,,,
n9672296508,Maverick and Farmer Coffee,cafe,12.9811568,77.6141516,,,,False,,,,
n9685654766,The rich crust cafe and bar,cafe,13.0588929,77.5860351,,,,False,,,,
n9687954318,Kaara by Lake,cafe,12.9865306,77.6194645,,,,False,,,,
n9688218540,Balekundri Statue,memorial,12.9840884,77.5972644,,,,False,,,,
n9688311022,Air Cafe,cafe,12.9529243,77.5162442,,,,False,,,,
n9689539840,Mahesh Lunch Home,restaurant,12.9653338,77.6417575,,,,False,,,,
n9689539842,Chai Days,cafe,12.9664617,77.6417179,,,,False,,,,
n9689539843,Chaayos,cafe,12.9703615,77.640816,,,tea,False,,,,
n9689539845,Paris Panini,restaurant,12.9702412,77.639087,,,panini,False,,,,
n9704972553,Vegan Vogue,restaurant,12.971271,77.6475102,,,regional,False,,,,
n9709501451,Glen's Bakehouse,cafe,13.0282825,77.5728013,,,,False,,,,
n9723056435,Avoke: The Avocado Cafe,cafe,12.9698942,77.6386368,,,,False,,,,
n9723056440,The Kitchen of Joy,restaurant,12.9685272,77.6360685,,,,False,,,,
n9723056441,Chilli and Chives,restaurant,12.9684449,77.6361007,,,asian,False,,,,
n9723056489,infinitea,cafe,12.969035,77.6361658,,,,False,,,,
n9723056490,Coffee Mechanics,cafe,12.966793,77.6352431,,,,False,,,,
n9738067183,Boteco - Restaurante Brasileiro,restaurant,12.97338,77.6143819,,,brazilian,True,,,,
n9738943447,Ground Up Coffee,cafe,12.968292,77.6027535,,,,False,,,,
n9739831279,Punjabi Rasoi,restaurant,13.0221154,77.5847036,,,regional,False,,,,
n9739850131,MisoSexy,restaurant,12.9699668,77.6398927,,,asian,False,,,,
n9759551595,Shanti Sagar,restaurant,12.9335397,77.6968456,,,,False,,,,
n9759746780,Peepletree,gallery,13.0068,77.5825497,,,,False,,,,
n9759746799,Mahua - The Art Gallery,gallery,13.0055691,77.581666,,,,False,,,,
n9775599250,Just BLR,cafe,12.9732797,77.6072583,,,,False,,,,
n9779286640,Curly Sue Pork,restaurant,12.9911604,77.5944675,,Mo-Su 10:00-21:00,,False,,,,
n9779286641,BMD || Burger - Melts - Dogs,restaurant,12.9911473,77.5944346,,Mo off; Tu-Th 11:00-20:30; Fr-Su 11:00-21:00,,False,,,,
n9779286686,Pure and Natural,cafe,12.9927174,77.5907506,,,,False,,,,
n9779286691,Desserted,cafe,12.9927618,77.5892942,,,,False,,,,
n9779742235,Railway Locomotive,attraction,12.9851197,77.5912616,,,,False,,,,
n9780918379,Slice N Dice Cafe,cafe,13.0007264,77.5494271,,,,False,,,,
n9781094434,Root77,restaurant,13.0504346,77.6463219,,,,False,,,,
n9781262330,Sri Vishnu Priya Veg,restaurant,12.9270721,77.694891,,,,True,,,,
n9784639601,Hyderabadi Biryani,restaurant,12.9938523,77.5713777,,,regional,False,,,,
n9786116688,Mahakavi Kuvempu,memorial,12.9968751,77.5713008,,,,False,,,,
n9786123495,Karama,restaurant,12.9997243,77.6161519,,,,False,,,,
n9796145357,Cafe Stone,cafe,12.98131,77.612613,,,,False,,,,
n9796460458,MKF Museum of Art,gallery,12.970713,77.5978209,,,,False,,,,
n9796561552,Blue Tokai,cafe,12.9811522,77.6032115,,,,False,,,,
n9796708090,Annapurna Andhra Veg,restaurant,12.91459,77.6399027,,,indian,False,,,,
n9797011342,Hamza Hotel,restaurant,12.9861037,77.6048389,,,,False,,,,
n9797011350,Chai Shop,cafe,12.9856477,77.6017275,,,,False,,,,
n9810748011,Sri Udupi Park,restaurant,12.9518521,77.7001674,,,,False,,,,
n9810748012,Sour House,restaurant,12.9350754,77.6249289,,,,False,,,,
n9811360820,Paakashala,restaurant,12.9760189,77.6148006,,,regional,False,,,,
n9812418541,Mandya,restaurant,12.9384557,77.69786,,,,False,,,,
n9814659995,Kailash Parbat,restaurant,12.9715331,77.6474559,,,regional,True,,,,
n9814660000,Eddy's Cafe,cafe,12.9738456,77.6450714,,Tu-Fr 08:00-19:00; Sa-Su 09:00-20:00,,False,,,,
n9819692854,Dine Bell,restaurant,12.9380879,77.6985118,,,,False,,,,
n9819692877,For Food Lovers,restaurant,12.9292665,77.6948478,,,,False,,,,
n9819692886,Ambur Hot Dum Biryani,restaurant,12.9264576,77.6949779,,,biryani,False,,,,
n9819692887,Ambur Dum Biryani,restaurant,12.9258733,77.6947064,,,biryani,False,,,,
n9826431267,The Punjabi Rasoi,restaurant,13.0222937,77.5847256,,,,False,,,,
n9826455125,Bologna,restaurant,12.9719543,77.6409398,,,italian,False,,,,
n9828595270,Zaatar,restaurant,12.9233117,77.6697031,,,arab,False,,,,
n9828605792,Zed The Baker,cafe,12.9760006,77.602614,,,,False,,,,
n9830902368,Cafe Coffee Day,cafe,12.9130791,77.6662145,,,coffee_shop,False,,,,
n9830902380,Little Italy,restaurant,12.920196,77.6670676,,,italian,False,,,,
n9833630902,Leon Grill,restaurant,12.9117875,77.6437931,,,,False,,,,
n9833630907,Chai Point,cafe,12.9115857,77.6379397,,,coffee_shop,False,,,,
n9839297921,Dr B R Ambedkar,memorial,12.9795676,77.5920674,,,,False,,,,
n9839297922,Mahatma Gandhi,memorial,12.9789737,77.5895731,,,,False,,,,
n9841349418,Sri Udupi Park,restaurant,12.9748408,77.6972081,,,,False,,,,
n9841433849,Sree Kritunga,restaurant,12.9484798,77.698872,,,,False,,,,
n9842001437,Kabab Dinne Biryani House,restaurant,12.926973,77.6949031,,,biryani,False,,,,
n9843123491,Ambur Biryani,restaurant,12.9385622,77.6975519,,,,False,,,,
n9843457267,Hyderabad House,restaurant,12.948784,77.6988437,,,curry;biryani;kebab,False,,,,
n9843457268,Foxtrot Dhaba,restaurant,12.9494344,77.6991499,,,,False,,,,
n9846394221,Ambur Hot Dum Biryani,restaurant,12.9345352,77.6906624,,,biryani,False,,,,
n9852234204,Platform 65,restaurant,12.8792756,77.5952473,,,,False,,,,
n9856264725,Neemsi,restaurant,12.9061738,77.5825444,,,,False,,,,
n9870845395,Dindigul Thalapakatti,restaurant,12.9972198,77.5466269,,,regional,False,,,,
n9872645103,Tandoor Chai Point,cafe,12.9895171,77.5561675,,,,False,,,,
n9881508838,Bhairaeshwara Idli Center,restaurant,13.0008297,77.5637937,,,regional,False,,,,
n9881508857,Sri Raghavendra Dosa Camp,restaurant,13.0008532,77.5639104,,,regional,False,,,,
n9887411598,Krishnam Udupi Hotel,restaurant,12.8832022,77.5485669,,,regional;chinese;indian,True,,,,
n9890165409,Charlie Chaplain La Vegano,cafe,12.9703013,77.6360987,,,,False,,,,
n9890165410,Street Storyss,restaurant,12.970287,77.6358332,,,,True,,,,
n9890165411,Cafe Noir,restaurant,12.9701066,77.636261,,,french;burger,False,,,,
n9890195718,Nirula's,restaurant,12.9669413,77.6372366,,,regional,False,,,,
n9892036239,Sri Govinda Rao Military Hotel,restaurant,12.972753,77.570233,,,regional,False,,,,
n9892036251,Zama,restaurant,12.9802897,77.6405485,,,kebab,False,,,,
n9892036252,Klayworkz Barista,restaurant,12.9068098,77.5995603,,,,False,,,,
n9892036253,Hitchki,restaurant,12.9969552,77.6969165,,,regional,False,,,,
n9892036255,SLAY Coffee,cafe,12.9126949,77.6523221,,,,False,,,,
n9892036258,KUBO,restaurant,12.9352141,77.582936,,,asian,False,,,,
n9892036259,Inanna Taproom,restaurant,12.8738056,77.6090768,,,,False,,,,
n9892041720,Baking Bad,restaurant,12.9790194,77.6438034,,,pizza,False,,,,
n9893685129,Namma Bengaluru Cafe,restaurant,12.9787033,77.6964058,,,,True,,,,
n9895593204,Cafe Rome,cafe,13.0606314,77.5896449,,,italian,False,,,,
n9904111106,Kota Kachori,restaurant,12.9170177,77.5947337,,,,False,,,,
n9904130017,Just Coffee,cafe,12.9205157,77.5896751,,,,False,,,,
n9904130022,Theobroma,cafe,12.9202281,77.5838386,,,,False,,,,
n9904143772,Bhartiya Jalpan,restaurant,12.9155289,77.6515804,,,indian,True,,,,
n9908694114,Dofu,restaurant,12.9801263,77.6405968,,,asian,False,,,,
n9908694115,Thai Basil,restaurant,12.9806167,77.6410098,,,thai,False,,,,
n9908694116,Paper & Pie,cafe,12.9809732,77.6410038,,,coffee_shop,False,,,,
n9910000932,Kaappi Ready,cafe,12.9977366,77.5493745,,,,False,,,,
n9910066818,Thimmayya Bust,memorial,12.9818667,77.5944952,,,,False,,,,
n9912846632,Adyar Ananda Bhavan,restaurant,13.0479288,77.5785318,,,regional,False,,,,
n9912860204,The Culinarian,restaurant,13.0559557,77.6447488,,,,False,,,,
n9921945891,Le Arabia,restaurant,12.9533575,77.7004454,,,,False,,,,
n9922275694,Leon Grill,restaurant,12.9505181,77.6998945,,,,False,,,,
n9922802696,Big White Silk Tree,attraction,12.9499723,77.5828679,,,,False,,,,
n9924452291,Naru Noodle Bar,restaurant,12.9584054,77.5928903,,"Tu 18:30-20:30; We-Su 12:30-14:30,18:30-20:30",ramen,False,,,,
n9930197200,Tank Model,attraction,12.9638047,77.6107243,,,,False,,,,
n9935476931,Third Wave Coffee,cafe,13.0070091,77.5690261,,,,False,,,,
n9937603698,Sindhoora Gardenia,restaurant,12.9937994,77.7012007,,,,False,,,,
n9953056788,Onesta Italian,restaurant,12.8830731,77.5486374,,,,False,,,,
n9954106618,Uttara Karnataka Food Store,restaurant,12.9390473,77.6283697,,,,False,,,,
n9954120118,Chubby Chai,cafe,12.9391694,77.6283469,,,,False,,,,
n9967070882,Third Wave Coffee,cafe,12.9694108,77.700554,,08:00-01:00,coffee_shop;sandwich;burger,True,,,,
n9967388991,Cafe Coffee Day,cafe,12.9699094,77.609892,,,coffee_shop,False,,,,
n9981910307,Third Wave Coffee Roasters,cafe,12.974683,77.6067111,,,coffee_shop,False,,,,
n9981919772,Wilson Car Museum,gallery,12.963329,77.6399222,,,,False,,,,
n9981998134,The Pizza Bakery,restaurant,12.9752466,77.6045841,,,pizza,False,,,,
n9983411019,Broadway,restaurant,12.9237747,77.651372,,,,False,,,,
n9984551450,Kempegowda Museum,museum,12.9741606,77.6107368,,,,False,,,,
n10009232548,Kamat Vegetarian Restaurant,restaurant,12.9819129,77.6057536,,,regional,True,,,,
n10009475717,Virinchi Cafe,restaurant,12.9688544,77.601449,,,,False,,,,
n10009475817,Fuga,cafe,12.9688078,77.6013703,,,,False,,,,
n10009663804,Udupi Upachar,restaurant,13.0522981,77.6042904,,"PH,Mo-Su 07:30-22:45",south_indian;north_indian;juice;snacks,False,,,,
n10015163287,Gallery G,gallery,12.9743644,77.5988133,,,,False,,,,
n10015389086,Bao Bangalore,restaurant,12.9692297,77.6478401,,,asian,False,,,,
n10032026857,Café Nosh,cafe,13.0688434,77.5803865,,,,False,,,,
n10032026859,Travellers Bungalow,restaurant,12.9702291,77.6458147,,,,False,,,,
n10032026861,The Woodpegger,restaurant,13.040585,77.6196662,,,,False,,,,
n10032117240,Cafe Amudham,restaurant,12.9477787,77.592107,,,regional,False,,,,
n10032117268,16th (The Queen's) Lancers,memorial,12.9541208,77.604649,,,,False,,,,
n10033755411,Chinese Wok,restaurant,13.0272434,77.571858,,,chinese,False,,,,
n10033755413,Vinny's,restaurant,13.0329244,77.5692613,,,italian;pizza,False,,,,
n10033755414,Hao Chi,restaurant,13.0352714,77.567758,,,chinese,False,,,,
n10033755415,Ganesh Darshan,restaurant,13.0285638,77.5618686,,,south_indian,True,,,,
n10033755416,Thalassery,restaurant,13.0301774,77.5621558,,,kerala;chinese;south_indian;north_inddian;arabic,False,,,,
n10033768417,Calicut,restaurant,13.0302419,77.5620777,,,kerala;south_indian,False,,,,
n10036568019,Coasta,restaurant,12.9436787,77.6211534,,,,False,,,,
n10036648022,The Coorg Food Company,restaurant,12.941012,77.6241505,,,,False,,,,
n10036648023,Biriyani Depot,restaurant,12.9408608,77.6243138,,,,False,,,,
n10036648122,Tea Coffee House,cafe,12.9409106,77.6242697,,,,False,,,,
n10036648218,Madurai Restaurant,restaurant,12.9419888,77.6230815,,,,False,,,,
n10036648219,Cafe Five Guys,cafe,12.9414494,77.6236346,,,,False,,,,
n10036672417,Ambur Biryani,restaurant,12.9386047,77.6292569,,,,False,,,,
n10045512762,Rumale Art House,gallery,12.9889068,77.55567,,,,False,,,,
n10049251547,To Be Continued,restaurant,12.9229003,77.6514302,,Mo-Su 11:00-01:00,,False,,,,
n10049251590,Bathinda Station,restaurant,12.9186175,77.6515432,,,,False,,,,
n10049386158,Paris Panini,restaurant,12.912117,77.6471343,,,panini,False,,,,
n10049434094,Sri Muthanahalli Veg,restaurant,12.9166069,77.6445927,,,,True,,,,
n10051816947,Burgerman,restaurant,12.9701549,77.6371431,,,burger,False,,,,
n10051816948,The Merak Brewhouse,restaurant,12.9721424,77.5951388,,,asian,False,,,,
n10051816949,Chowman,restaurant,12.9790643,77.6366391,,,chinese,False,,,,
n10051816951,The Studs Sports Bar + Grill,restaurant,12.9070051,77.5982256,,,,False,,,,
n10051816952,Maya,restaurant,12.9219975,77.5845867,,,regional,False,,,,
n10051816953,Araku Coffee,cafe,12.9699145,77.639208,,,,False,,,,
n10051816954,Bergamot,restaurant,12.9812467,77.6462366,,,,False,,,,
n10051816955,Horizon,restaurant,13.0123454,77.5564235,,,asian,False,,,,
n10051816956,Delistic,cafe,12.9688477,77.6002752,,,,False,,,,
n10066902933,Mirchi Maharaj,restaurant,12.9124528,77.6386588,,,,False,,,,
n10066902935,Once Upon a Flame,restaurant,12.9118525,77.6379087,,,,True,,,,
n10066902940,Gustom,restaurant,12.9113914,77.6378892,,,,False,,,,
n10066902942,California Burrito,restaurant,12.9105761,77.6379155,,,mexican,True,,,,
n10066902995,Donne Biryani House,restaurant,12.9092069,77.6383155,,,biryani;karnataka;regional;indian,False,,,,
n10066903002,Chinese Wok,restaurant,12.909461,77.6386269,,,chinese,False,,,,
n10066903003,Daily Sushi,restaurant,12.9094243,77.6386255,,,asian,False,,,,
n10066903029,Hebe's Cafe,cafe,12.9091843,77.6401913,,,,False,,,,
n10067234353,Chinese Wok,restaurant,12.9609687,77.7017563,,,chinese,True,,,,
n10068523449,Swami Vivekananda,memorial,12.9858214,77.6222586,,,,False,,,,
n10068956759,La Arabia,restaurant,12.933337,77.6226923,,,,False,,,,
n10068956760,What's In a Name,cafe,12.9338428,77.6197996,,,,False,,,,
n10068956762,Moplah's,restaurant,12.9334588,77.6210465,,,regional;indian,True,,,,
n10068956764,Basaveshwar Khanavali,restaurant,12.9334854,77.6210369,,,,False,,,,
n10068956765,Cafe Malabars,restaurant,12.9334799,77.621003,,,indian;regional,False,,,,
n10068956768,Tim Tai,restaurant,12.9336927,77.6224652,,,chinese;thai,False,,,,
n10068956859,Blue Tokai,cafe,12.9407577,77.6202069,,,,False,,,,
n10073419802,ner.lu,cafe,12.9851903,77.5806709,,,coffee_shop,False,,,,
n10075729572,German BrezelHaus,cafe,12.9824601,77.6384512,,Tu-Su 10:00-20:00,german,False,,,,
n10075730590,La Pino'z Pizza,restaurant,12.932216,77.6321306,,,,False,,,,
n10106533217,Brindavan Andhra Style,restaurant,12.9513036,77.6229768,,,,False,,,,
n10110415035,Paradise Biryani,restaurant,12.9650534,77.7017054,,11:00-23:00,regional,True,,,,
n10110472158,Hi Seoul,restaurant,13.0605339,77.5897128,,,korean,False,,,,
n10110472161,Davanagere Benne Dosa,restaurant,13.0619585,77.5878057,,,south Indian,False,,,,
n10110472167,Brahmin's Thatte Idli,restaurant,13.0637468,77.5853374,,,,False,,,,
n10111481929,Login2Eat.com,restaurant,12.9353206,77.6299347,,,,False,,,,
n10123822787,Bramble,restaurant,12.9169681,77.5792509,,,,False,,,,
n10124399238,Tealicious,cafe,13.0072927,77.5485065,,,,False,,,,
n10129602779,Tank,attraction,12.987766,77.6222853,,,,False,,,,
n10139996737,Starbucks,cafe,12.9703055,77.6399193,,,coffee_shop,False,,,,
n10159788166,The Persian Terrace,restaurant,13.0125364,77.5551228,,,persian,False,,,,
n10159788179,Theobroma,cafe,13.0114451,77.5548993,,,,False,,,,
n10159788180,Starbucks,cafe,13.0107148,77.5553119,,,coffee_shop,False,,,,
n10159788181,Smoor,cafe,13.011584,77.5548391,,,,False,,,,
n10162602110,The Prestige Story,gallery,12.9710711,77.6144452,,,,False,,,,
n10171897485,Cafe Terra,cafe,12.979878,77.6393583,,,,False,,,,
n10171897492,Bento Bento,restaurant,12.9779298,77.6364858,,,asian,False,,,,
n10171897493,Yo Colombo,restaurant,12.9778688,77.6363891,,,regional,False,,,,
n10174066584,Thyme & Whisk,restaurant,12.9161745,77.6730166,,,continental;italian;mexican;asian;indian,False,,,,
n10174066585,Cafe Rite,cafe,12.9164974,77.6679148,,,,False,,,,
n10174066602,Chat House,cafe,12.9139881,77.6667861,,,,False,,,,
n10174066603,Frozen Bottle,cafe,12.9139682,77.6667895,,,,False,,,,
n10174066606,Starbucks,cafe,12.9239689,77.6714984,,,coffee_shop,True,,,,
n10177662894,Andhra Vilas,restaurant,12.9142185,77.6449154,,,,False,,,,
n10178386010,Copper + Cloves,cafe,12.9778518,77.6370931,,7:30-21:00,,False,,,,
n10195307517,Dal Rotti Sabji,restaurant,12.9809864,77.6462097,,"11:00-16:00,18:30-22:30; Sa off",indian,False,,,,
n10196255892,Kesar,restaurant,12.9106393,77.6855957,,,,False,,,,
n10197286017,Paratha Plaza,restaurant,12.9801188,77.6404801,,,indian,False,,,,
n10203735337,HumbleBean Coffee,cafe,12.969133,77.6358587,,10:00-20:00,,False,,,,
n10212418991,Nammura Naati Mane,restaurant,13.0276122,77.5764397,,,regional,False,,,,
n10212418992,Theobroma,cafe,13.0276645,77.5762868,,,,False,,,,
n10215045108,Applebee's,restaurant,13.0108103,77.555314,,,american,False,,,,
n10219023839,Peepai Kitchen & Brewery,restaurant,13.0554338,77.5930008,,,,False,,,,
n10219532237,Alt Pizza,restaurant,12.9351115,77.6292155,,12:30-22:30,pizza,False,,,,
n10220802211,Atta Galatta,cafe,12.9342205,77.617012,,,,False,,,,
n10228304184,The Noodle Theory,restaurant,12.9873323,77.5801221,,,,False,,,,
n10228570996,Jawaharlal Nehru,memorial,12.9882525,77.5766314,,,,False,,,,
n10236025477,Cantan,restaurant,12.9706006,77.5975205,,,asian,False,,,,
n10236025482,Glen's Bakehouse,cafe,12.969789,77.5974038,,,,False,,,,
n10236025507,Kazé,restaurant,12.965343,77.5963108,,,asian,False,,,,
n10238264062,Indian Music Experience,museum,12.8918025,77.5835797,,Tu-Fr 10:00-18:00; Sa-Su 11:00-19:00,,False,,,,
n10238264069,NIMHANS Brain Museum,museum,12.9406685,77.5987087,,,,False,,,,
n10238264070,SL Bhatia Medicine Museum,museum,12.9298525,77.6209523,,Mo-Fr 09:00-16:30; Su 09:00-13:00,,False,,,,
n10241529218,Kuuraku,restaurant,12.9727934,77.6067446,,12:00-14:30; 18:00-22:30,japanese,False,,,,
n10244979164,Now Boarding Cafe,cafe,12.9338482,77.5837728,,Tu-Su 12:00-23:00,,False,,,,
n10250904436,Coffee Metanoia,cafe,13.0554134,77.6429841,,,,False,,,,
n10265825051,Sly Granny,restaurant,12.972689,77.6070189,,,,False,,,,
n10265825052,Dhaba - Estd 1986 Delhi,restaurant,12.9726603,77.6070088,,,regional,False,,,,
n10265825054,Cafe Delhi Heights,restaurant,12.9726792,77.6069572,,,regional,False,,,,
n10265825055,Foo,restaurant,12.9729385,77.6064043,,,asian,False,,,,
n10265825056,Burma Burma,restaurant,12.9730026,77.6061374,,,regional,False,,,,
n10265825073,T'ART Cafe,cafe,12.9727906,77.6066668,,,,False,,,,
n10265825074,Punjab Grill,restaurant,12.9729842,77.6064169,,,north_indian,False,,,,
n10265825076,Nando's,restaurant,12.97292,77.6064784,,,chicken;portuguese,False,,,,
n10269214110,Pathyam Paakam,restaurant,12.9236267,77.5936767,,,,False,,,,
n10274195709,UDAY HUTS,restaurant,13.0770305,77.5922254,,,chinese;indian,True,,,,
n10276162821,Connectivitea,cafe,13.0028208,77.5502777,,,,False,,,,
n10279324973,Hokkaido,restaurant,12.9723622,77.637045,,,japanese;korean,False,,,,
n10280801510,Daily Sushi,restaurant,12.9698374,77.6385241,,,asian,False,,,,
n10285017654,Empire Restaurant,restaurant,12.8831068,77.5486654,,,,False,,,,
n10285017655,Barbeque Nation,restaurant,12.8829353,77.5487865,,,,False,,,,
n10285017668,Adayar Ananda Bhavan (A2B),restaurant,12.8837021,77.5486217,,,regional;south_indian;north_indian;chinese,True,,,,
n10285926888,Swagat,restaurant,12.9894334,77.5540446,,,regional,False,,,,
n10286250881,Barbeque Nation,restaurant,12.9813757,77.5632861,,,,False,,,,
n10286250883,Starbucks,cafe,12.981177,77.563085,,,coffee_shop,False,,,,
n10290842821,One Night in Bangkok,restaurant,12.9722002,77.5963457,,,thai,False,,,,
n10293607199,Frozen Bottle,cafe,12.9706183,77.645414,,,,False,,,,
n10294519333,Misu,restaurant,12.9706449,77.6006598,,,asian,False,,,,
n10294575489,No. 10 Fort Cochin,restaurant,12.9706732,77.600667,,,fish;regional;seafood,False,,,,
n10295397878,The Konkan,restaurant,12.9759297,77.6018023,,,regional,False,,,,
n10295397888,Nandhini Deluxe,restaurant,12.971816,77.6008947,,,,False,,,,
n10295411715,Jaisalmer,restaurant,12.9711129,77.6006185,,,regional,False,,,,
n10295411750,Blini Bistro,cafe,12.975061,77.6040322,,,,False,,,,
n10296978082,Nuage Pâtisserie & Café,cafe,12.9699596,77.6408261,,,,False,,,,
n10296987077,Lucky Chan,restaurant,12.9705144,77.6427915,,,sushi,False,,,,
n10297770886,Nasi and Mee,restaurant,12.9686723,77.6025993,,,asian,False,,,,
n10297771171,Playful Palette Bistro,cafe,12.981311,77.6405264,,,,False,,,,
n10297778664,Klaa Kitchen,restaurant,12.980355,77.6372601,,,,False,,,,
n10302647643,Snow Lion Tibet Kitchen,restaurant,13.0305507,77.569124,,,tapas,False,,,,
n10302647645,Lan Thai,restaurant,13.0292246,77.571546,,,thai,False,,,,
n10302658789,Bombay Adda,restaurant,12.9364556,77.6162683,,,regional,False,,,,
n10302879020,Banoffee,cafe,12.9148942,77.6383685,,,,False,,,,
n10303872105,Pratidinam,restaurant,13.0013181,77.553043,,,,False,,,,
n10303872107,Savipriya Hindu Military Hotel,restaurant,13.0011678,77.5532246,,,,False,,,,
n10314122725,Third Wave Coffee Roasters,cafe,12.9347397,77.6296212,,,coffee_shop,False,,,,
n10524276373,Pride Cafe,cafe,12.9732339,77.608862,,,,False,,,,
n10572417835,Kailash Parbat,restaurant,13.0078663,77.5799668,,,regional,True,,,,
n10572689357,The Bunt Kitchen,restaurant,12.9740758,77.5345027,,,regional;mangalorean,False,,,,
n10574692876,And It Was Called Yellow,restaurant,13.0637785,77.5906715,,,regional,False,,,,
n10591415447,Maayaa,restaurant,12.9859225,77.5877778,,,regional,False,,,,
n10591455581,LUPA,restaurant,12.9755984,77.6045793,,,roman;pizza;mexican;mediterranean,True,,,,
n10600408936,New BEL Road SOCIAL,restaurant,13.0368157,77.5659898,,,american,False,,,,
n10600476810,Seta,restaurant,12.9484649,77.6454771,,,,False,,,,
n10600476820,Prequel,restaurant,13.0518169,77.5944722,,,,False,,,,
n10606688619,Frozen bottle,cafe,12.9591479,77.6568349,,,,False,,,,
n10606721485,Sharon Tea Stall,cafe,12.9545096,77.6527942,,,tea,False,,,,
n10606721486,Sharon Tea stall,cafe,12.9577341,77.6551766,,,tea,False,,,,
n10606721487,New Udipi Garden,restaurant,12.9567399,77.6536857,,Mo-Su 07:00-23:00,indian,True,,,,
n10617515634,Lama's Cafe,cafe,12.9125805,77.6522127,,,,False,,,,
n10617515635,Ice Treat Cafe,cafe,12.912647,77.6535082,,,,True,,,,
n10649347387,Maverick and Farmer Coffee,cafe,12.935354,77.6284155,,,,False,,,,
n10651832563,De Grand,restaurant,13.0180125,77.6525441,,,,False,,,,
n10651832568,Desi Masala,restaurant,13.0178721,77.6521625,,,,False,,,,
n10651879010,Madouk Cafe,cafe,12.9553102,77.6486592,,,,False,,,,
n10676117962,Barista,cafe,13.0090515,77.5807017,,,coffee_shop,False,,,,
n10676117963,Third Wave Coffee Roasters,cafe,13.0083014,77.5798273,,,,False,,,,
n10680782993,Harmakki Coffee Company,cafe,13.0085545,77.5635455,,10:00-21:00,coffee_shop,True,,,,
n10683877995,Birbal Biryani,restaurant,12.8947657,77.6615988,,,indian;chinese;sandwich;american,True,,,,
n10685007738,Gopal Jee Cafe,cafe,12.8947279,77.6614484,,,indian,False,,,,
n10693248095,Sri Udupi Food Hub,restaurant,12.9664198,77.6371428,,,regional,True,,,,
n10694736146,Cafe Muziris,cafe,12.9688696,77.6358915,,,,False,,,,
n10695242202,Lucky Chan,restaurant,13.0519109,77.5942844,,,sushi,False,,,,
n10695242204,Maffei Kitchen,restaurant,12.9351187,77.6226367,,11:00-23:00,mediterranean,False,,,,
n10695273906,DYCE,restaurant,12.9235862,77.5814567,,07:00-23:00,,False,,,,
n10695273907,Alchemy Coffee Roasters,cafe,12.9232698,77.5810327,,,indian,False,,,,
n10695273908,Chianti,restaurant,13.0553339,77.5940306,,,italian,False,,,,
n10695273911,Roxie,restaurant,12.9152962,77.6657814,,,,True,,,,
n10695273912,Fia's Lounge,restaurant,12.9658405,77.6028092,,11:00-23:00,parsi,False,,,,
n10696981907,The Filter Coffee,restaurant,12.9716853,77.6470488,,,regional,True,,,,
n10696981908,The Filter Coffee,restaurant,13.0177551,77.6429169,,,regional,True,,,,
n10697707069,Nagarjuna,restaurant,12.9047312,77.6014844,,,indian,True,,,,
n10697707088,Empire,restaurant,12.8913045,77.5986655,,,indian,True,,,,
n10703105218,Bengaluru Bites,restaurant,13.0005508,77.6762035,,,indian,True,,,,
n10719499934,Kundana,restaurant,12.9597192,77.7029037,,,,False,,,,
n10727947513,Amdo's Corner,restaurant,12.958211,77.6152351,,,tibetan,False,,,,
n10727955501,Dunk'd,cafe,12.9014685,77.6504016,,,,False,,,,
n10727955502,Dunk'd,cafe,12.9683018,77.651787,,,,False,,,,
n10727955503,Yauatcha,restaurant,12.9732928,77.6203649,,,cantonese,False,,,,
n10728008690,Terra Bites,restaurant,12.9342717,77.6167694,,,,False,,,,
n10728008691,Malgudi Mylari Mane,restaurant,12.9374388,77.6176518,,,regional,False,,,,
n10728008692,Panditji - Ras Bana Rahe,restaurant,12.9721558,77.6421739,,,regional,False,,,,
n10728008693,154 Breakfast Club,restaurant,12.933281,77.6270744,,,american,False,,,,
n10728008695,Sendhoor Coffee,restaurant,12.9370153,77.6202241,,Mo-Su 10:00-22:00,regional,True,,,,
n10728008696,The Tea Toast Co.,cafe,12.9333868,77.6223524,,,,False,,,,
n10731130832,Thalassery Restaurant,restaurant,13.0641051,77.6491168,,,regional,False,,,,
n10731130843,Athutheeram,restaurant,13.0651607,77.6458982,,,regional,False,,,,
n10731130879,New Krishna Sagar,restaurant,13.067908,77.6324992,,,regional,False,,,,
n10731130884,Pinch of Pepper,restaurant,13.0679158,77.6299082,,,regional,False,,,,
n10731130887,Suruchi Veg,restaurant,13.068829,77.6275063,,,regional,False,,,,
n10731156961,O'ver Coffee,cafe,12.974959,77.599563,,,,False,,,,
n10731175586,Megdooth Biryanis,restaurant,13.0221327,77.6472405,,,,False,,,,
n10731175591,Nimma Local,cafe,13.0219409,77.6477666,,,,False,,,,
n10731190951,Kailash Parabat,restaurant,13.0241762,77.6397077,,,,False,,,,
n10731190952,Food Heaven,restaurant,13.0239384,77.6399604,,,,False,,,,
n10731190997,Chaayos,cafe,13.0218548,77.6396997,,,tea,False,,,,
n10731190998,Third Wave Coffee,cafe,13.0218029,77.639821,,,coffee_shop,False,,,,
n10731191004,The Pizza Bakery,restaurant,13.0230512,77.6394769,,,pizza,False,,,,
n10731191005,Bamboos,restaurant,13.0229883,77.6394968,,,,False,,,,
n10731191010,The Coffee Room,cafe,13.0228447,77.6393593,,,,False,,,,
n10738611866,Chaayos,cafe,12.9814845,77.6963328,,,tea,False,,,,
n10741197688,Chupa Rustam,restaurant,12.9694276,77.683007,,,indian,False,,,,
n10749130206,Sirimane,restaurant,12.9884468,77.5346227,,,multicuisine,False,,,,
n10753140996,Taste of Coast,restaurant,13.0362055,77.5747083,,,chinese;indian,False,,,,
n10753340333,Karims,restaurant,12.9721868,77.6008731,,,,False,,,,
n10753340367,MAP Cafe,cafe,12.9746415,77.5967427,,,,False,,,,
n10761493314,La Bonita Confiteria,cafe,12.9870949,77.5957107,,Tu-Sa 09:00-19:00; Su 08:00-20:00,,True,,,,
n10763481567,Rasotsav,restaurant,12.8877982,77.5627778,,,,False,,,,
n10763481568,The Kind Roastery and Brewroom,cafe,12.9105942,77.5896147,,,coffee_shop,False,,,,
n10763481597,Magnolia Bakery,cafe,12.8886906,77.5634793,,11:00-22:00,,False,,,,
n10770523198,Glen's Bakehouse,cafe,13.0227055,77.6435679,,,,False,,,,
n10792878649,Third Wave Coffee Roasters,cafe,12.9971943,77.6968291,,,coffee_shop,False,,,,
n10792878651,Blue Tokai Coffee Roasters,cafe,12.9960944,77.6953909,,Mo-Sa 08:00-23:00,coffee_shop,False,,,,
n10833870880,Ambedkar Statue,artwork,12.9676526,77.5935401,,,,False,,,,
n10854298571,Dindigul Thalappakatti,restaurant,12.9168615,77.5856531,,,regional,False,,,,
n10865280923,Öz by Kebapçi,restaurant,12.9716094,77.5960305,,,turkish,False,,,,
n10873245740,Capt. Neikezhakuo Kengurüse,memorial,12.9654652,77.6197111,,,,False,,,,
n10895937219,Cariappa Curry Company,restaurant,13.0045271,77.5533373,,,regional,False,,,,
n10908375116,Klava,cafe,12.9727456,77.6067858,,,turkish,False,,,,
n10908391629,Amiel Gourmet,restaurant,13.0601937,77.5813253,,,french,False,,,,
n10913665921,ner.lu,cafe,12.96343,77.6410807,,,,False,,,,
n10924790334,Pasta Street,restaurant,12.9328588,77.6309864,,,pasta,False,,,,
n10931287090,bub lee,cafe,13.0333141,77.568959,,,,False,,,,
n10931590329,Gallery Time & Space,gallery,12.968434,77.5963616,,,,False,,,,
n10941504378,My La Pure,restaurant,13.0057338,77.5788406,,,,True,,,,
n10944433589,Hebbal Social,restaurant,13.055451,77.5940239,,,american,False,,,,
n10957841082,Pizza Hut,restaurant,12.9402744,77.5253631,,Mo-Su 11:00-23:00,pizza,False,,,,
n10964514741,Retro chinese cuisine,restaurant,12.9535497,77.652907,,,chinese;japanese;asian,True,,,,
n10978900735,Bounce,theme_park,13.0117942,77.5551054,,,,False,,,,
n10979409747,Urban Solace,cafe,12.9850531,77.6182955,,,american,False,,,,
n10982294157,Punjab Grill,restaurant,12.8882388,77.5634819,,,,False,,,,
n10982294158,You Mee,restaurant,12.8880845,77.5633371,,,japanese,False,,,,
n10984741483,Rangoli Kitchen,restaurant,13.0663665,77.6114036,,,regional,False,,,,
n11003327933,Shambhu's Cafe,cafe,12.9727798,77.6408925,,,,False,,,,
n11005461570,Cafe Hug,cafe,13.0050579,77.623362,,,,False,,,,
n11005547716,Olive Cafe,cafe,13.0036865,77.6225968,,,,False,,,,
n11014674470,Chaayos,cafe,12.9858369,77.6939845,,,tea,False,,,,
n11019815734,Conçu,cafe,12.9698139,77.6379119,,,,False,,,,
n11019815735,Nomad Pizza,restaurant,12.9704318,77.6434584,,,pizza,False,,,,
n11025051050,Sai Sogadu,restaurant,13.0002965,77.5500266,,,regional,True,,,,
n11035521585,Canopy Restaurant,restaurant,12.9744578,77.6099425,,,regional,False,,,,
n11035521589,Daily Sushi,restaurant,12.9759634,77.6026133,,,asian,False,,,,
n11035521590,The Caffeine Baar,cafe,12.9757608,77.6024073,,08:00-23:00,coffee_shop,False,,,,
n11035521591,Suryawanshi,restaurant,12.975504,77.6019172,,,regional,False,,,,
n11035536950,Paragon,restaurant,12.9752499,77.6023564,,,regional,False,,,,
n11041699824,Cafe A Paris,restaurant,12.9378285,77.6177291,,,,False,,,,
n11043864435,Tea Time,cafe,12.9996279,77.488847,,Mo-Su 06:30-21:30,tea_shop;coffee_shop;pizza;burger;sandwich;veg_rolls,False,,,,
n11046880966,Chez Kina,cafe,13.0048779,77.6171409,,,,False,,,,
n11058907191,Chulha Chauki da Dhaba,restaurant,12.9099457,77.6855781,,,,False,,,,
n11061437782,Chili's,restaurant,12.9817102,77.5636162,,,tex-mex,True,,,,
n11061488462,Biryani Blues,restaurant,12.9139024,77.6383224,,,,False,,,,
n11061488475,General Bipin Rawat Circle Memorial,memorial,12.9121941,77.6382957,,,,False,,,,
n11061527357,Beanlore,cafe,12.9123548,77.6417639,,,coffee_shop,False,,,,
n11063128444,Starbucks,cafe,12.9886447,77.5940005,,,coffee_shop,False,,,,
n11063128445,Chaayos,cafe,12.9885799,77.594038,,,tea,False,,,,
n11085582497,Glen's Bakehouse,cafe,12.9120817,77.6482942,,,,False,,,,
n11085582500,Kolkata Famous Kati Roll,restaurant,12.9136695,77.6516824,,,,False,,,,
n11085606210,Sri Balaji Sweets,restaurant,12.9134457,77.6519727,,,,False,,,,
n11085606213,Shree Muthahalli Veg,restaurant,12.9148413,77.6446256,,,indian,True,,,,
n11085704835,Suku,restaurant,12.9038504,77.6490166,,,sushi,False,,,,
n11086634346,NIFT College Art Gallery,gallery,12.9118297,77.653312,,,,False,,,,
n11086634348,Karnataka Chitrakala Parishath,gallery,12.989044,77.5806803,,,,False,,,,
n11088682661,Chef Pillai,restaurant,12.9706973,77.6071349,,,regional,False,,,,
n11091793277,Narmada,restaurant,12.948416,77.6995832,,,,True,,,,
n11091793280,Dindigul Thalappakatti,restaurant,12.9481479,77.6994712,,,,False,,,,
n11091793285,Gismat Jail Mandi,restaurant,12.9480099,77.6994392,,,,True,,,,
n11096390238,The Doner Company,restaurant,12.9346233,77.62302,,,,False,,,,
n11096390239,De Shack,restaurant,12.9345149,77.6232464,,,,False,,,,
n11096390254,Shyamji's Chole Bature,restaurant,12.9354458,77.6212553,,,,False,,,,
n11096390255,Chaska Bun,restaurant,12.9358867,77.6214265,,,,False,,,,
n11096390256,Fresh Pressery,cafe,12.9356285,77.6210394,,,,False,,,,
n11096390281,Churoland,restaurant,12.9337599,77.6188292,,,,False,,,,
n11096390285,Jalandhar Sweets,cafe,12.9341198,77.6169953,,,,False,,,,
n11096397009,Marcopolo,restaurant,12.9340007,77.6155974,,,,False,,,,
n11096818319,PizzaExpress,restaurant,12.9337796,77.6214948,,,pizza,False,,,,
n11096903665,Cafe Lazy Lad,cafe,13.0002181,77.6257065,,,,False,,,,
n11096914885,Green Onion,restaurant,12.994573,77.6156616,,,chinese,False,,,,
n11102274266,Kim Lee Restaurant,restaurant,12.9847002,77.5536101,,,,False,,,,
n11102274267,Sicilia Point,restaurant,12.9857652,77.55176,,,,False,,,,
n11107546220,Cumulus,restaurant,12.9744846,77.5967949,,Tu-Su 12:00-15:30;19:00-23:00,,False,,,,
n11116490519,Flechazo,restaurant,12.9744148,77.6973898,,,mediterranean,False,,,,
n11116490521,Gowdru Rajanna Hotel,restaurant,12.9774464,77.6965554,,,,False,,,,
n11117236924,Tea Villa Cafe Jayanagar,cafe,12.9275794,77.5808948,,,,False,,,,
n11117236925,Macaw by Stories,restaurant,12.8844763,77.643342,,,,False,,,,
n11117243810,Nomad Pizza,restaurant,13.0299497,77.5784688,,,pizza,False,,,,
n11117243811,Papa Pho,restaurant,13.0345161,77.5680296,,,asian,False,,,,
n11117270548,Glen's Bakehouse,cafe,13.0627726,77.5872356,,,,False,,,,
n11117270549,Glen's Bakehouse,cafe,12.9899954,77.5372124,,,,False,,,,
n11117270550,Glen's Bakehouse,cafe,13.0223754,77.643519,,,,False,,,,
n11117270551,Glen's Bakehouse,cafe,12.8858555,77.5964691,,,,False,,,,
n11117270552,Glen's Bakehouse,cafe,12.937942,77.6262087,,,,False,,,,
n11117270553,Glen's Bakehouse,cafe,12.9174347,77.5834483,,,,False,,,,
n11119054523,Durga shree Samruddhi Grand,restaurant,13.0356097,77.6096075,,,indian,True,,,,
n11119061505,Sri Udupi Grand,restaurant,13.0219401,77.6026255,,,,False,,,,
n11119061522,Cafe Coffee Day,cafe,13.0282096,77.5863039,,,coffee_shop,False,,,,
n11125193108,The World Cafe,cafe,13.0120438,77.5564921,,,,False,,,,
n11125591716,The Big Barbeque,restaurant,12.9485747,77.6986371,,"Mo-Su 12:00-15:30,18:30-23:30",barbecue,False,,,,
n11125629939,The Big Barbeque,restaurant,12.8818799,77.5957811,,"Mo-Su 12:00-15:30,18:30-23:30",barbecue,False,,,,
n11131430556,Hong Kong Chinese Restaurant,restaurant,12.9696889,77.6325273,,,chinese,False,,,,
n11131430566,Cafe Coffee Day,cafe,12.9755415,77.6412501,,,coffee_shop,False,,,,
n11132159740,The Delhi Ritual,restaurant,13.0023309,77.5526894,,,regional,False,,,,
n11146745924,Spettacolare,restaurant,12.9798186,77.6367736,,,italian,False,,,,
n11149315613,Kabab Souq,restaurant,12.9785893,77.6754889,,,shawarma;rolls;biriyani,False,,,,
n11149339761,Kannan Cafe,restaurant,12.9789613,77.6754519,,,south_indian;dosa;idly;regional,True,,,,
n11153633341,Kyba,restaurant,13.0600654,77.592715,,,,False,,,,
n11155827457,Spiceguard,restaurant,12.9326637,77.6139282,,,,False,,,,
n11162603758,Vyana World Cuisine,restaurant,12.9100271,77.5953771,,,,False,,,,
n11176400127,Ayodhya aahar,restaurant,13.0271928,77.5767475,,,,True,,,,
n11178098078,Sri Ranganatha Military Hotel,restaurant,12.9578846,77.5694661,,,,False,,,,
n11178123521,2 Half Coffee,cafe,12.9581135,77.5684411,,,coffee_shop,False,,,,
n11178123527,Vasu Donne Biryani,restaurant,12.9589489,77.5683821,,,,False,,,,
n11178140427,Bharathi Refreshments,restaurant,12.9603952,77.5691466,,,,False,,,,
n11178150970,Udipi Aatithya,restaurant,12.9570712,77.5703413,,,regional,True,,,,
n11178186955,Sri Sai Cafe,restaurant,12.9588384,77.5660035,,,indian,False,,,,
n11178186979,Udupi Coffee Time,restaurant,12.9587166,77.5619858,,,indian,False,,,,
n11180325241,Cafe Coffee Day,cafe,13.0079648,77.5562786,,,coffee_shop,False,,,,
n11181022085,Cafe Noir,restaurant,13.011491,77.555324,,,french,False,,,,
n11181022087,Chili's,restaurant,13.0111147,77.5553159,,,tex-mex,False,,,,
n11183640991,Khmer Kitchen,restaurant,12.9065319,77.5866397,,11:30-22:30,asian,False,,,,
n11185907895,Chat Bandi,restaurant,12.9219032,77.5849758,,,,False,,,,
n11185921420,Eat First,restaurant,12.9216145,77.5846609,,,,True,,,,
n11195725384,Namma MTR,restaurant,13.0011015,77.5718209,,,,False,,,,
n11195725401,Basaveshwara Khanavali,restaurant,12.9993936,77.5722501,,,,False,,,,
n11195725581,Paakashaala,restaurant,13.0055391,77.5713515,,,indian,False,,,,
n11198888988,PizzaExpress,restaurant,13.0109277,77.5553082,,,pizza,False,,,,
n11201322521,Check Post,restaurant,12.9107075,77.5992431,,11:00-23:00,indian;seafood,False,,,,
n11201648143,Danapani,restaurant,12.8872931,77.5821444,,,,True,,,,
n11202391302,Shades of Coffee,cafe,12.9094275,77.6393304,,,coffee_shop,False,,,,
n11205796364,Barbeque Nation,restaurant,13.0552622,77.5941685,,,barbecue,False,,,,
n11209916090,Mani's Dum Biryani,restaurant,13.058685,77.5924599,,,,False,,,,
n11209916092,Malwan Tadka,restaurant,13.0586149,77.5926095,,,,False,,,,
n11214889005,Thenga Manga,restaurant,12.9706241,77.6072636,,,regional,False,,,,
n11214889006,Dr BR Ambedkar,memorial,12.9721333,77.6071503,,,,False,,,,
n11214889007,Starbucks,cafe,12.972545,77.6073523,,,coffee_shop,False,,,,
n11214889025,Boba Tree,cafe,12.9857351,77.5877616,,,,False,,,,
n11214889027,Misu,restaurant,12.9856786,77.587802,,,asian,False,,,,
n11215489423,Basavanna Statue,memorial,12.9974831,77.5502949,,,,False,,,,
n11215576556,Qube Cafe,cafe,12.9748074,77.6062759,,,,False,,,,
n11215576563,Tadka Singh,restaurant,12.9754649,77.6020993,,,punjabi,False,,,,
n11215576564,Shenzhen Kitchen,restaurant,12.9754819,77.6020203,,,chinese,False,,,,
n11215576574,Roomali,restaurant,12.975208,77.6031826,,,persian,False,,,,
n11215814231,Iyengars Inn,restaurant,12.944634,77.5680511,,,south_indian,False,,,,
n11215840059,Juice Junction,cafe,12.9433205,77.5677668,,,,False,,,,
n11215990973,Lalbagh Grand,restaurant,12.9475467,77.5797314,,,indian,False,,,,
n11219451413,Bandipura Donne Biriyaani,restaurant,13.014037,77.6423838,,,,False,,,,
n11219782024,Donne Biriyani Aramane,restaurant,13.0629587,77.5919622,,,,False,,,,
n11219782026,Box8,restaurant,13.0628837,77.5920111,,,,False,,,,
n11220149678,Restaurant 1179,restaurant,13.063843,77.5881151,,,,True,,,,
n11220149726,Pizza Hut,restaurant,13.0636761,77.5907629,,,pizza,False,,,,
n11220149732,hyderabad bawarchi Multi Cuisine Restaurant,restaurant,13.0630591,77.5922004,,,,False,,,,
n11229746065,Third Wave Coffee Roasters,cafe,13.0415009,77.6196219,,,coffee_shop,False,,,,
n11229746066,Toscano,restaurant,13.0415139,77.6194583,,,italian,False,,,,
n11232366435,Napoli,cafe,12.912674,77.6524696,,,,False,,,,
n11232384244,Yes Sir,cafe,12.9131129,77.6536565,,,,False,,,,
n11232384245,Toping Twist,cafe,12.9130612,77.6536558,,,,False,,,,
n11233733246,Coffee Makers,cafe,12.9036184,77.6486952,,,snacks;tea;juice,False,,,,
n11234174826,Coffee Brewery,cafe,12.9258445,77.66963,,,coffee_shop,False,,,,
n11249358262,Hotel Gowdru,restaurant,12.9739972,77.6358989,,,,False,,,,
n11250238063,Sendhoor,restaurant,12.9517147,77.6993842,,,,False,,,,
n11250659619,Backyard Burgers and Grill,restaurant,12.9748436,77.6412512,,,,False,,,,
n11250781823,Atthemane Restaurants,restaurant,12.9139562,77.6322007,,,,False,,,,
n11250788395,Curries N Fries,restaurant,12.9144911,77.6329266,,,,False,,,,
n11250809080,Tawa Ghar Ka,restaurant,12.9152666,77.6321844,,,,False,,,,
n11250811583,Copper Kitchen,restaurant,12.9149523,77.6321974,,,,True,,,,
n11255385172,Vijaya Lakshmi,restaurant,13.000978,77.5692398,,,,True,,,,
n11257087553,Absolute Barbeque,restaurant,12.9346348,77.6158725,,,,False,,,,
n11257087558,Star Briyani,restaurant,12.9346423,77.6159362,,,,False,,,,
n11258034031,Babai Tiffins HSR High Street,restaurant,12.912748,77.635114,,,,False,,,,
n11258036123,Quickbites,restaurant,12.9127939,77.6351149,,,,False,,,,
n11258036375,Mr. Shawarma & Miss Grills,restaurant,12.9127707,77.6351127,,,,False,,,,
n11259899013,Raghavendra Tiffins,restaurant,12.912755,77.6353859,,,,False,,,,
n11259899015,Teatings,cafe,12.9130125,77.6354074,,,,False,,,,
n11259899018,Aromas of Biryani,restaurant,12.9133576,77.635162,,,indian,False,,,,
n11262514226,Anands Kitchen,restaurant,12.9086561,77.6445904,,,,False,,,,
n11262546939,Fruit Bae,restaurant,12.9108215,77.6379404,,,,False,,,,
n11268368110,Paakshala,restaurant,12.9670134,77.641294,,,,False,,,,
n11276565395,Sree Sagar Veg,restaurant,13.0141711,77.4935416,,,,False,,,,
n11276588841,Restaurant,restaurant,13.0142187,77.4929369,,,,False,,,,
n11277885669,Ssura,restaurant,12.9398026,77.625213,,,,False,,,,
n11277885670,Isobel,cafe,12.9395026,77.5846124,,Mo-Su 08:00-01:00,coffee_shop;pasta;sandwich;tea,False,,,,
n11277885671,Ferrara,restaurant,12.936282,77.6225938,,,italian,False,,,,
n11277885672,Coffeetales,cafe,12.9120591,77.6479631,,,,False,,,,
n11277885674,Blue Tokai Coffee Roasters,cafe,12.9223701,77.5845985,,Mo-Su 08:00-23:00,,False,,,,
n11277885676,Avocados and Brownies,cafe,12.935039,77.6161015,,,,False,,,,
n11277885706,ZEST,restaurant,12.9747264,77.5994101,,,,False,,,,
n11277885723,Light of Italy,restaurant,12.9160112,77.6511084,,,italian;mexican,True,,,,
n11277885724,The Verandah,restaurant,12.9291597,77.6273802,,,,False,,,,
n11277885753,Societe Rangoon,restaurant,12.9067066,77.5896865,,,burmese,False,,,,
n11277885754,Europa 360,restaurant,12.9502816,77.6989871,,,,False,,,,
n11279297560,Nebula,cafe,13.011807,77.5569139,,,,False,,,,
n11279857285,Neena's Steakhouse and Burgers,cafe,12.9165053,77.6020816,,,,False,,,,
n11279857309,Biryani Mane,restaurant,12.9166682,77.5930319,,,,False,,,,
n11281292792,Shreeyas Bar and Restaurant,restaurant,13.0188266,77.5580652,,,,False,,,,
n11281329857,Nadaprabhu Sri Kempegowda,memorial,12.9787383,77.5913043,,,,False,,,,
n11281329858,Sri Basaveshwara,memorial,12.9791458,77.5916933,,,,False,,,,
n11281329863,Jawaharlal Nehru,memorial,12.9784614,77.5910229,,,,False,,,,
n11282630635,Big Bang Pizza,restaurant,12.9946253,77.6150139,,,pizza,False,,,,
n11285259372,Costa,cafe,12.9806797,77.5635843,,,coffee_shop,True,,,,
n11285259381,Chai Point,cafe,12.9812823,77.5637362,,,coffee_shop,True,,,,
n11285259384,Qmin,cafe,12.9818723,77.5637939,,,,False,,,,
n11290423204,Big Baadshaah,restaurant,12.9485693,77.6985592,,,,True,,,,
n11290812040,Roti Wala,restaurant,12.9136069,77.6040059,,,indian,False,,,,
n11290812041,Third Wave Coffee,cafe,12.9136855,77.6051806,,,,False,,,,
n11291647603,La Pino'z Pizza,restaurant,12.9137938,77.6090636,,,pizza,False,,,,
n11291647621,Kullad Cafe,cafe,12.9126429,77.6099166,,,,False,,,,
n11291647627,Olive Street Food Cafe,restaurant,12.9139319,77.6104393,,,,False,,,,
n11292214412,Food Track,restaurant,12.9773889,77.5694124,,,,True,,,,
n11293201589,Kimchi,restaurant,12.9061135,77.5934146,,,korean,False,,,,
n11293333405,Sattvam,restaurant,12.906084,77.586789,,,sattvic,False,,,,
n11293333411,Sahukar Chai,cafe,12.9065122,77.5904379,,,tea,False,,,,
n11293333414,Jayanagara Donne Biryani,restaurant,12.9065647,77.5904576,,,,False,,,,
n11293333423,Peek-a-Boo,restaurant,12.9061295,77.5884337,,,,False,,,,
n11293333432,Yuki,restaurant,12.9060555,77.5898068,,,asian,False,,,,
n11293484209,154 Breakfast Club,restaurant,12.9065628,77.5925599,,,,False,,,,
n11293484225,Paris Panini,restaurant,12.9064935,77.5917984,,,sandwich,False,,,,
n11293484229,The Pizza Bakery,restaurant,12.9065116,77.5917977,,,pizza,False,,,,
n11293554463,Pizza Hut,restaurant,12.9810019,77.5630863,,,pizza,False,,,,
n11293599069,Punjab Grill,restaurant,12.9817167,77.5637005,,,north_indian,True,,,,
n11295254832,NIMHANS Heritage Museum,museum,12.9399469,77.5951106,,Mo-Fr 09:00-16:30,,False,,,,
n11295513149,Hoy Punjab,restaurant,12.9364799,77.6168107,,,,False,,,,
n11295513155,Babylonia,restaurant,12.9363255,77.6158017,,,,False,,,,
n11295714523,Murugan Cafe,cafe,12.9540945,77.5913153,,Mo-Su 05:00-23:00; PH open,,False,,,,
n11295826654,Sri Vishnu Bhavan,restaurant,12.9550118,77.5925388,,,,False,,,,
n11295836842,Temple Meals,restaurant,12.9984291,77.5695374,,,,False,,,,
n11296562017,Millenials,restaurant,12.9070559,77.6003303,,,,False,,,,
n11296562018,Pizza Hut,restaurant,12.9060834,77.5953108,,,pizza,False,,,,
n11296562019,Wood and Brixx Pizza,restaurant,12.9059837,77.596215,,,pizza,False,,,,
n11296562028,Crumb Together,restaurant,12.9070463,77.6002896,,,,False,,,,
n11296660887,Blue Tokai Coffee Roasters,cafe,12.906721,77.5992833,,,coffee_shop,False,,,,
n11296660890,Saiko,restaurant,12.9062801,77.597683,,,japanese,False,,,,
n11296660893,Puneri Katta,cafe,12.9134212,77.6083447,,,indian,False,,,,
n11301408895,Jai Maruti 99 Variety Dosa,restaurant,12.8782186,77.6381148,,,,False,,,,
n11301539100,Dwarka Bhavan,restaurant,12.8773579,77.6389209,,Mo-Fr 05:30-22:30; PH open,,False,,,,
n11302751559,Basil Bistro,restaurant,12.9155123,77.6489119,,,,False,,,,
n11302751566,Miss Misal,restaurant,12.9153968,77.6491631,,,,False,,,,
n11302937519,Empark Restaurant,restaurant,12.9455956,77.5952641,,Mo-Su 07:00-23:30,indian;chinese;tibetan;regional;kebab;chicken,False,,,,
n11303632425,Arogya Ahaara,restaurant,12.9108057,77.5821293,,,,False,,,,
n11303681840,Bangalore Art Hub,gallery,12.9066046,77.5774588,,,,False,,,,
n11303698297,Bendakaluru Donne Briyani,restaurant,12.9067877,77.5858782,,,,False,,,,
n11303698307,Dosa Kuteera,restaurant,12.8889281,77.6259852,,"Mo-Su 08:00-12:00,18:00-22:00; Sa; PH open",,False,,,,
n11303702484,Paradise Biryani,restaurant,12.9103011,77.5858865,,,,False,,,,
n11303710927,Cafe Coffee Day,cafe,12.9122347,77.5855628,,,coffee_shop,False,,,,
n11303711405,Eagle Bar & Restaurant,restaurant,12.9061552,77.5903307,,,,False,,,,
n11303742269,Aata Oota Maathu,restaurant,12.910476,77.5822027,,,,False,,,,
n11303744483,Third Wave Coffee,cafe,12.9061058,77.5876799,,,,False,,,,
n11303751506,1947,restaurant,12.9061033,77.5866031,,,,False,,,,
n11303762242,Casa Piccosa,restaurant,12.9060616,77.5855244,,"00:00-01:00,11:00-24:00",,False,,,,
n11303762245,NI YU,restaurant,12.9065673,77.5864076,,,asian,False,,,,
n11303767325,Benki Coffee,cafe,12.9103136,77.5875758,,Mo-Tu 11:00-20:00; We-Su 07:00-21:00,coffee_shop,False,,,,
n11303771924,Baba Punjabi,restaurant,12.9105758,77.5880187,,,,False,,,,
n11304774643,Hotel Raghavendra Prasanna,restaurant,12.9690078,77.5750942,,,,False,,,,
n11304864993,Kadamba Veg,restaurant,12.9765433,77.5717628,,,,False,,,,
n11305116643,Third Wave Coffee,cafe,13.0704482,77.5909618,,,,False,,,,
n11305116644,Chaayos,cafe,13.0704391,77.5911308,,,tea,False,,,,
n11305149280,Perch,cafe,13.0709878,77.5908934,,,,False,,,,
n11305149292,Tim Hortons,cafe,13.0705632,77.5906654,,,coffee_shop,False,,,,
n11305149293,Starbucks,cafe,13.0710204,77.5907325,,,coffee_shop,False,,,,
n11305178269,Brahma Brews,restaurant,12.8932346,77.5864718,,,barbecue;burger;chinese;curry;deli;friture;indian,False,,,,
n11305184200,Pizza Hut,restaurant,13.0704489,77.591047,,,pizza,False,,,,
n11305184202,Chili's,restaurant,13.0704913,77.5908566,,,tex-mex,False,,,,
n11305184203,PizzaExpress,restaurant,13.0705612,77.5905608,,,pizza,False,,,,
n11305184204,Rajdhani,restaurant,13.0705828,77.5904703,,,,False,,,,
n11305184205,Nando's,restaurant,13.0705985,77.5903831,,,chicken;portuguese,False,,,,
n11305184207,Punjab Grill,restaurant,13.0708088,77.5903818,,,north_indian,False,,,,
n11305184208,You Mee,restaurant,13.0708316,77.5902115,,,,False,,,,
n11305184209,Jamie's Italian,restaurant,13.0709479,77.5899017,,,,False,,,,
n11305184210,Burger Seigneur,restaurant,13.0709074,77.5900231,,,burger,False,,,,
n11305184212,Bhartiya Jalpan,restaurant,13.0710518,77.5899285,,,indian,False,,,,
n11305184215,Burma Burma,restaurant,13.0705638,77.5905307,,,,False,,,,
n11305184216,Cafe Allora,cafe,13.0704868,77.5909122,,,,False,,,,
n11305184226,Magnolia Bakery,cafe,13.071202,77.5904073,,,,False,,,,
n11309805446,Ni O Ven,restaurant,12.9162733,77.612705,,,,False,,,,
n11309805448,Star Biryani,restaurant,12.9163162,77.6113417,,,,False,,,,
n11309875104,Muro,restaurant,12.9745598,77.6031318,,,thai;cantonese,False,,,,
n11314428137,Board 4 Bored,cafe,12.9404688,77.5713638,,,,False,,,,
n11323076631,Kadamba Classic Hotel,restaurant,12.9523737,77.5438444,,,,False,,,,
n11328526485,Indrani Hotel,restaurant,12.9828282,77.6346451,,,,False,,,,
n11331558611,Masala Mandi,restaurant,12.9106885,77.6855632,,,regional;indian,True,,,,
n11340895287,Ba Guru Thindi Madona,restaurant,12.9294996,77.5352415,,,,False,,,,
n11355554483,Garden House Cafe,cafe,12.9087228,77.6506028,,,,False,,,,
n11355554484,The Brussles Waffle,cafe,12.9087123,77.6505691,,,,False,,,,
n11356383315,Lime Light,cafe,12.9760718,77.60261,,,,False,,,,
n11356383323,Smoor,cafe,12.972872,77.6002751,,,,False,,,,
n11359601431,Tandoor Chai,cafe,12.9611876,77.5261787,,,,False,,,,
n11362736269,Udupi Garden,restaurant,13.0386087,77.5742563,,"PH,Mo-Su 06:00-23:00",chinese;indian,True,,,,
n11368536065,Imperio,restaurant,12.9117112,77.6497366,,,,False,,,,
n11372676269,Iris cafe HSR,cafe,12.9117456,77.6428015,,Mo-Su 09:30-23:00,,False,,,,
n11380994993,Arogya Aahara,restaurant,12.9168233,77.6380395,,"Mo-Su,PH 07:00-22:00+",,True,,,,
n11383593073,Chaayos,cafe,12.9123483,77.6516988,,,tea,False,,,,
n11384926620,Central Jail Restaurant,restaurant,12.9156318,77.651576,,,,False,,,,
n11384926621,Sadda Punjabi Cafe,restaurant,12.9155862,77.6515716,,,,False,,,,
n11385511625,Chai Fast,cafe,12.9271334,77.6332033,,,,False,,,,
n11385511630,Barista,cafe,12.9310729,77.6326552,,,coffee_shop,False,,,,
n11385511632,Starbucks,cafe,12.9323886,77.6314845,,,coffee_shop,False,,,,
n11385580185,The Coorg Food Company,restaurant,12.9408888,77.6242864,,,,False,,,,
n11393362100,The Coffee Brewery,cafe,12.9169721,77.5977608,,,,False,,,,
n11395345925,Tea Time,cafe,12.9168623,77.602811,,,,False,,,,
n11396013057,chai sutta bar,restaurant,12.9346055,77.6168873,,,,False,,,,
n11396013058,Smoky Docky,restaurant,12.9347048,77.6167408,,,,False,,,,
n11398011945,Chaayos,cafe,12.9390758,77.6191481,,,tea,False,,,,
n11398011946,Tim Hortons,cafe,12.9394664,77.6193423,,,coffee_shop,False,,,,
n11398011947,Bonito Bistro,restaurant,12.939072,77.6180094,,,,False,,,,
n11398011948,Amritsari,restaurant,12.9390011,77.6179869,,,punjabi,False,,,,
n11398011950,Thar - Rajasthani Restaurant,restaurant,12.9381608,77.6177663,,,rajasthani,False,,,,
n11406977578,Calm Down Cafe,restaurant,13.0681222,77.5791911,,,,False,,,,
n11414534035,The Humble Pie,cafe,12.9085228,77.6504774,,,,False,,,,
n11423202993,Andrea's Brasserie,restaurant,13.0709074,77.5907533,,,italian,False,,,,
n11425682973,La Melano,restaurant,12.9549447,77.7003108,,,pizza,False,,,,
n11433878025,Coffee & More,cafe,12.9085772,77.6499484,,,coffee_shop,False,,,,
n11444019769,Sattvam,restaurant,12.9937268,77.7008262,,"Mo-Su 12:00-15:30,19:00-23:00",barbecue;indian,True,,,,
n11458986892,Cafe Coffee Day,cafe,12.9755682,77.60516,,,coffee_shop,False,,,,
n11463203516,Dishkeyaun,restaurant,12.9727544,77.6068494,,,indian,False,,,,
n11468638832,Ebisu,restaurant,12.9728208,77.6066762,,,japanese,False,,,,
n11471929579,Wood Museum and Interpretation Centre,museum,13.0133099,77.5707878,,,,False,,,,
n11471931588,Agricultural Science Museum,museum,13.0736184,77.5916301,,,,False,,,,
n11472482870,Boba Cafe - A true bubble tea,cafe,12.9927608,77.5906166,,,,False,,,,
n11472482871,Shree Vinayaka Juice Center,cafe,12.9923755,77.5926567,,,,False,,,,
n11472852217,Taj Hotel,restaurant,13.0003295,77.6173282,,,indian;biryani,False,,,,
n11472852238,Sheesh Kebab,restaurant,13.0003724,77.6167827,,,indian;kebab;persian,False,,,,
n11472852242,Chichabas Dawat,restaurant,13.0002804,77.6174439,,,,False,,,,
n11473057369,hunkal coffee,cafe,12.9930468,77.5900341,,,,False,,,,
n11473108147,Public Bar and Kitchen,restaurant,12.9299719,77.6859289,,,,False,,,,
n11475453356,Tudum,restaurant,12.9865466,77.5950151,,,,False,,,,
n11475453357,Cafe Noir,restaurant,12.9865301,77.5951866,,,french;burger,False,,,,
n11475679272,Rosé Restaurant And Patisserie,cafe,13.0282636,77.5731795,,,,False,,,,
n11476370293,New Mohan Restaurant & Bar,restaurant,12.9657039,77.5953613,,,,False,,,,
n11478107299,Samudra,restaurant,12.989032,77.5750062,,,,False,,,,
n11478259470,Tandoori Taal,restaurant,12.9858618,77.5877734,,,punjabi,False,,,,
n11488322160,Hyderabad Biryani,restaurant,12.9963038,77.6947333,,,,False,,,,
n11492167636,Queen's Restaurant,restaurant,12.9747312,77.6067208,,,punjabi,False,,,,
n11493951524,Anaia Cafe,cafe,12.9770467,77.6406776,,,,False,,,,
n11494322420,Rajanna Military Hotel,restaurant,12.9662399,77.5351318,,,,False,,,,
n11497490337,Glen's Bakehouse,cafe,12.8883217,77.5630735,,,,False,,,,
n11499112406,Podi and Spice,restaurant,12.972617,77.6266243,,,,False,,,,
n11500714575,Doner Club,restaurant,13.0149527,77.6321133,,Mo-Su 13:30-23:30,turkish;mediterranean;arab,False,,,,
n11502593621,Sri Annapurneswari Restaurant,restaurant,12.9121692,77.6064581,,,indian,False,,,,
n11505695830,Tatvika Cafe,cafe,12.9268066,77.6332725,,,,False,,,,
n11505846466,Cafe Levista,cafe,12.9751478,77.6067188,,,coffee_shop,False,,,,
n11508687652,Netaji Subhash Chandra Bose,memorial,12.9803041,77.589034,,,,False,,,,
n11524809954,Caffe Macs,cafe,12.9821284,77.5962022,,,,False,,,,
n11527727219,Kudlada Kitchen,restaurant,12.9694532,77.6489867,,,,False,,,,
n11532959813,New Barratt Hotel,restaurant,12.92346,77.6497698,,,,False,,,,
n11532959815,Kung Pao Town,restaurant,12.9230421,77.6497684,,,chinese,False,,,,
n11532959819,Ambur Hot Dum Biryani,restaurant,12.9223989,77.6496522,,,,False,,,,
n11532970846,HSR Juicy Cafe,cafe,12.9193616,77.6511843,,,,False,,,,
n11533104853,Amaravati,restaurant,12.9205921,77.6494971,,,,False,,,,
n11533108364,Casa Fresco,restaurant,12.9206676,77.6504656,,,american;asian;breakfast;burger;chinese,False,,,,
n11533137080,The Vijayanagar Tiffins and Coffee,restaurant,12.9158807,77.649347,,,,False,,,,
n11533141769,HSR Donne Biryani,restaurant,12.9146948,77.6489015,,,,False,,,,
n11533595492,Indian Coffee House,restaurant,12.9092366,77.6446155,,,coffee_shop;indian,False,,,,
n11534808271,Pizza 4P's,restaurant,12.9700536,77.6361068,,,pizza,False,,,,
n11534808272,KOKO,restaurant,12.9603913,77.6479068,,,asian,False,,,,
n11535240176,Desī Masālā,restaurant,12.97995,77.5771154,,07:00-23:00,indian;buffet,True,,,,
n11539135182,IDC Kitchen,restaurant,12.9776114,77.5778024,,,indian;coffee,True,,,,
n11539135183,Sai Grand,restaurant,12.9790306,77.5762924,,,indian,True,,,,
n11539167044,Yuki,restaurant,12.9804302,77.6410373,,,asian,False,,,,
n11540382457,Bharaṇi Kafe,restaurant,12.9788456,77.5794256,,,indian,True,,,,
n11540382458,Priyadarśini,restaurant,12.9775335,77.57581,,07:00-22:00,indian,True,,,,
n11542230570,United Telugu Kitchens,restaurant,12.8878061,77.5624901,,,,False,,,,
n11543546144,Vinaya Sāgar,restaurant,12.9837692,77.6083351,,07:00-22:30,indian,True,,,,
n11543578082,Bangalore Thindies,restaurant,12.981187,77.6042415,,08:00-21:30,indian,True,,,,
n11543598140,JCL,restaurant,12.9833049,77.6099837,,07:00-22:00,indian,True,,,,
n11545522273,Misu,restaurant,12.9704621,77.6427962,,,asian,False,,,,
n11553915189,The Kind,cafe,12.9205209,77.6850939,,,,False,,,,
n11553915190,Prequel,restaurant,12.9201497,77.6845796,,,,False,,,,
n11553915193,Punjab Grill,restaurant,12.9203248,77.6843208,,,north_indian,False,,,,
n11553915194,Lucky Chan,restaurant,12.9201579,77.6845381,,,,False,,,,
n11553915196,Chinita,restaurant,12.9208438,77.6843738,,,mexican,False,,,,
n11553915197,Kampot,restaurant,12.9206595,77.6845273,,,,False,,,,
n11553915198,Cafe Noir,restaurant,12.9206386,77.6849645,,,french,False,,,,
n11553915199,Chianti,restaurant,12.9206529,77.6846507,,,italian,False,,,,
n11553915200,Sauce Code,restaurant,12.9201458,77.6849189,,,,False,,,,
n11553915201,Adyar Ananda Bhavan,restaurant,12.9201628,77.6846279,,,,False,,,,
n11554517078,South Table,restaurant,12.9207222,77.6874778,,,,False,,,,
n11554517079,Daily Sushi,restaurant,12.9209327,77.6874818,,,asian,False,,,,
n11554517081,Bhartiya Jalpan,restaurant,12.9207261,77.6873383,,,indian,False,,,,
n11554517084,Cafe Glocal,restaurant,12.920517,77.6874845,,,,False,,,,
n11554517085,Brik Oven,restaurant,12.9204307,77.6866329,,,pizza,False,,,,
n11554517086,Lavonne Cafe,cafe,12.9204176,77.6868528,,,,False,,,,
n11554517089,Blue Tokai Coffee Roasters,cafe,12.9204516,77.6860441,,,coffee_shop,False,,,,
n11557032415,Kongsi Tea Bar,cafe,12.9273559,77.5861504,,11:00-23:00,bubble_tea,False,,,,
n11557043272,Bäcker & Charlie,cafe,12.9948602,77.6175033,,,,False,,,,
n11558700131,BLR Design Centre,gallery,12.9756868,77.602692,,Mo-Fr 10:00-19:00,,False,,,,
n11564416076,Devaras Restaurant,restaurant,13.0031628,77.553654,,,south_indian,False,,,,
n11564661260,Blue Tokai,cafe,12.9672955,77.6367143,,,coffee_shop,False,,,,
n11566356796,Field Marshal Sam Manekshaw,memorial,12.9774878,77.6073907,,,,False,,,,
n11566358594,Plan B,restaurant,13.0710194,77.5909062,,,,False,,,,
n11566358595,Cafe Noir,restaurant,13.070892,77.590808,,,french,False,,,,
n11576380624,Mon Cheri,restaurant,12.9780767,77.6376372,,,,False,,,,
n11578449948,Ouro,restaurant,12.9727753,77.606803,,12:00-01:00,mexican,False,,,,
n11578469506,Pijja,restaurant,12.980087,77.6461181,,,,False,,,,
n11584464960,The Milton St. Cafe,cafe,13.0016951,77.6236518,,,ice_cream;pizza;pasta,False,,,,
n11594831328,Calm Down Cafe,restaurant,13.0680231,77.5791747,,,,False,,,,
n11602938164,Cafe Khadya,restaurant,12.9107013,77.5991351,,,indian,False,,,,
n11602938165,three dots & a dash,restaurant,12.9107288,77.5993819,,,indian;italian,False,,,,
n11609591871,bychance,restaurant,12.972836,77.6075385,,,,False,,,,
n11609850711,Moglu,restaurant,12.9752775,77.6017783,,,,False,,,,
n11610336058,Le Kéne,cafe,12.9154975,77.6445918,,,,False,,,,
n11618114056,Kinya Coffee,cafe,12.9052307,77.5954974,,,coffee_shop,False,,,,
n11619085867,Namma Adigas (Veg),restaurant,12.8825682,77.5466598,,Mo-Su 07:00-22:30,indian;regional;sandwich;tea,True,,,,
n11619096954,Anand Sweets,restaurant,12.8823832,77.5466504,,,,False,,,,
n11622375962,Cafe Coffee Day,cafe,13.0268329,77.6369701,,,coffee_shop,False,,,,
n11630772965,Ambur Hot Dum Biriyani,restaurant,12.9784895,77.6299631,,,indian,False,,,,
n11637669678,PizzaExpress,restaurant,12.970314,77.6391971,,,pizza,False,,,,
n11637864322,Kerala Pavilion,restaurant,12.9723216,77.6415259,,,,False,,,,
n11637864324,Taiki,restaurant,12.976865,77.6406884,,,,False,,,,
n11640105920,Gongura Grand,restaurant,12.9190532,77.6709872,,,,False,,,,
n11644229938,Grasshopper,restaurant,12.8643426,77.5892945,,,,False,,,,
n11644774613,Dwija Art Gallery,gallery,12.9690604,77.6024708,,12:00-18:00,,False,,,,
n11648718431,Nadaprabhu Kempegowda Statue,memorial,13.0436723,77.5915405,,,,False,,,,
n11655341947,Raman Archival Gallery,gallery,13.0128265,77.5805113,,,,False,,,,
n11655341948,Raman Museum,museum,13.0128369,77.5807741,,,,False,,,,
n11655480620,Archives at NCBS,gallery,13.0711582,77.5807044,,,,False,,,,
n11658482144,Sai food junction,restaurant,12.9925676,77.5921137,,,,False,,,,
n11658802851,The food corner,restaurant,12.9928201,77.5902016,,,,False,,,,
n11659633762,Sir Mokshagundam Visvesvaraya,memorial,12.9939515,77.5932056,,,,False,,,,
n11659905693,Chai Point,cafe,12.9307348,77.633114,,,coffee_shop,False,,,,
n11659905694,Gabru Di Chaap,restaurant,12.9309544,77.6330697,,,,False,,,,
n11659995791,Mini Samrat Veg,restaurant,12.9929918,77.5955337,,,regional,False,,,,
n11662768862,Rotana Cafe,restaurant,12.899593,77.6755634,,,kebab;shawarma,False,,,,
n11662768864,Indian Dum Biriyani,restaurant,12.8993376,77.6755636,,,biriyani,False,,,,
n11662768865,Ambur Dum Biriyani,restaurant,12.8998435,77.675559,,,,False,,,,
n11662811567,Chai Kada,cafe,12.8985354,77.6753954,,,,False,,,,
n11664019648,Pita Pocket Factory,restaurant,12.8989754,77.6761562,,,,False,,,,
n11665637089,LifeTree Cafe,restaurant,12.9647773,77.5986103,,,indian;pizza,True,,,,
n11676514158,Tea Time,cafe,12.9891525,77.5937198,,,,False,,,,
n11677179251,Kanteen,restaurant,12.9795114,77.5748405,,,,False,,,,
n11677179255,Chicken County,restaurant,12.9779603,77.5752566,,,,False,,,,
n11677179259,Sri Kenchamba,restaurant,12.9783689,77.5760446,,,,False,,,,
n11677179261,Hotel Sagar,restaurant,12.9777076,77.5753452,,,,False,,,,
n11680844202,Bengaluru Art Gallery,gallery,12.927335,77.5871229,,,,False,,,,
n11680849403,PARSEC - Param Science Experience Centre,museum,12.9274278,77.5792211,,"Tu-Fr 10:00-18:00, Sa-Su 11:00-19:00",,False,,,,
n11681984873,Amulya Veg Restaurant,restaurant,12.9766767,77.5761455,,,,False,,,,
n11681984878,Ashok Ahaar,restaurant,12.9758159,77.5757621,,,,False,,,,
n11681984882,Sri Maruthi Gowdas Military Hotel,restaurant,12.9771207,77.5761475,,,,False,,,,
n11683469597,Salt Lake,restaurant,12.9059999,77.6126561,,,,False,,,,
n11684016162,Mylapore Cafe,cafe,12.9180306,77.6381771,,,,False,,,,
n11684016166,Royal Tandoor,restaurant,12.9367572,77.6276099,,,,False,,,,
n11684465147,Zamam's Darbaar,restaurant,12.9776129,77.6273546,,,,False,,,,
n11684647131,Royal Biriyani,restaurant,12.9901802,77.5721599,,,,False,,,,
n11684647132,Party Hall Restaurant,restaurant,12.9903609,77.5719554,,,,False,,,,
n11684876155,Gowdru Mane Baduta,restaurant,13.0221502,77.5534251,,,,False,,,,
n11684876161,Punjabi Tadka,restaurant,13.022188,77.5537812,,,,False,,,,
n11684876162,New Mangalore Hotel,restaurant,13.0222422,77.5538305,,,,False,,,,
n11694166515,Sri Krishna Foodline,restaurant,12.9753427,77.6255211,,,,False,,,,
n11694188673,Kaati King,restaurant,12.9760589,77.6248726,,,chinese,False,,,,
n11694248757,Samutara Restaurant,restaurant,12.9771934,77.6270227,,,,False,,,,
n11694248758,New Taj,restaurant,12.9772272,77.6270474,,,,False,,,,
n11696225388,Tashann Multicuisine Restaurant,restaurant,12.98872,77.689524,,,indian,False,,,,
n11696226868,Nagavara Social,restaurant,13.0419372,77.6196541,,,,False,,,,
n11696309274,Manasi Roof Top Restaurant,restaurant,12.9563163,77.6958123,,11:00-24:00,indian,False,,,,
n11708776949,V. V. Puram Food Street,attraction,12.9513441,77.5774197,,,,False,,,,
n11739418608,Tibetan Mother's Kitchen,restaurant,12.9348122,77.612678,,,tibetan,False,,,,
n11749394029,Rainwater Harvesting Theme Park,gallery,12.920266,77.5825337,,,,False,,,,
n11752296520,Absolute Barbecues,restaurant,12.9188259,77.6701594,,,,False,,,,
n11754772661,JP Nagara Social,restaurant,12.9061758,77.5805046,,,american,False,,,,
n11757924267,Thelagram,restaurant,12.905666,77.6012072,,,,False,,,,
n11757924268,IDC Kitchen,restaurant,12.9057693,77.6012005,,,regional,False,,,,
n11758608876,Daily Bakehouse,cafe,12.9313963,77.6234718,,08:00-23:00,,False,,,,
n11758608877,Just Loaf,restaurant,12.9313462,77.6234605,,Mo-Su 08:00-23:00,american;breakfast;burger;coffee_shop,False,,,,
n11770650943,Fiero Pizza,restaurant,12.9375779,77.6191715,,,pizza,False,,,,
n11770974408,The Belstreet,cafe,13.0300772,77.5705291,,,coffee_shop;pizza;sandwich;burger,False,,,,
n11771063155,Bong Connection,restaurant,13.0301991,77.562353,,Mo-Su 11:30-22:30,indian;chicken,True,,,,
n11774110691,"Geological Museum of Minerals, Rocks and Fossils",museum,12.9100722,77.5673297,,,,False,,,,
n11777585622,Ishaara,restaurant,13.0709551,77.5905318,,10:30-22:30,,False,,,,
n11777585623,Karigari,restaurant,13.0711653,77.5904409,,12:00-23:30,,False,,,,
n11777585624,Plaka,restaurant,13.0711299,77.5905713,,11:00-00:00,,False,,,,
n11780212783,Cafe Reset,cafe,12.9376205,77.6243795,,,,False,,,,
n11786003993,Jamie Oliver Kitchen,restaurant,12.9702907,77.6393544,,11:00-23:00,,False,,,,
n11789306897,Boschi India Experience Centre,museum,12.9460103,77.6044178,,,,False,,,,
n11794856453,Thalassery Restaurant,restaurant,12.9073172,77.5639625,,,,False,,,,
n11794875010,Namm Kannada,cafe,12.9080228,77.5639733,,,,False,,,,
n11799677685,Third Wave Coffee Roasters,cafe,12.8917881,77.583915,,,,False,,,,
n11799695219,Evo World Veg Cuisine,restaurant,12.9262135,77.5778452,,,,False,,,,
n11803799804,Bastian,restaurant,12.9697995,77.6000632,,,,False,,,,
n11811087970,Daily Sushi,restaurant,13.0418236,77.6194368,,,,False,,,,
n11811087971,Bombay Curry House,restaurant,13.0418536,77.6196474,,,,False,,,,
n11811087975,Radio Bar,restaurant,12.9208216,77.6860615,,12:00-01:00,,False,,,,
n11811087976,Mr. Philly's American Cheeseburgers,restaurant,12.9506397,77.6999903,,,burger,False,,,,
n11817854570,The Fisherman's Wharf,restaurant,13.0795514,77.59238,,,,False,,,,
n11822465878,Glowachia,cafe,13.0013403,77.6235811,,,,False,,,,
n11835382817,The Modak,restaurant,12.9217918,77.6653251,,,,False,,,,
n11836739201,Nagarjuna,restaurant,12.9245134,77.672771,,,,False,,,,
n11836983254,Third Wave Coffee Roasters,cafe,12.909966,77.6378373,,Mo-Su 07:30-24:00,coffee_shop,False,,,,
n11853276286,Dharmik Veg,restaurant,12.9993695,77.6160179,,,,False,,,,
n11853327828,Raidan Restuarant,restaurant,12.9974892,77.6143806,,,regional,False,,,,
n11853327835,Sharief Bhai,restaurant,12.9969083,77.6139947,,,indian,False,,,,
n11853329077,Iftar Restaurant,restaurant,12.9992932,77.6157895,,,,False,,,,
n11853338971,Oh! Perch,restaurant,12.9976512,77.6148873,,,,False,,,,
n11853708686,Arabian Mataan,restaurant,13.0005676,77.6177086,,,,False,,,,
n11853708706,Namma Dosa,restaurant,12.9986449,77.6179603,,,,False,,,,
n11853708707,New Delicacy,restaurant,12.9985669,77.6179429,,11:30-23:00,,False,,,,
n11865663531,Chaayos,cafe,13.0595575,77.5875065,,,tea,False,,,,
n11865663544,Starbucks,cafe,13.0601781,77.5876486,,,coffee_shop,False,,,,
n11868811425,Eleven Bakehouse,cafe,13.0115415,77.5553607,,,,False,,,,
n11881863386,Sunrise Cafe,cafe,12.9524277,77.5153725,,Mo-Su 09:00-21:00,,False,,,,
n11885861242,Paakashala Heritage,restaurant,12.9038928,77.5307716,,Mo-Su 06:30-22:30,north_indian;south_indian;chinese,True,,,,
n11896574561,Chaayos,cafe,12.9113077,77.6382804,,,tea,False,,,,
n11896574562,Wagh Bakri Tea Lounge,cafe,12.9113468,77.6382558,,,,False,,,,
n11896581674,Mani's Dum Biryani,restaurant,12.9147527,77.6384114,,,,False,,,,
n11896623367,Udupi Aaradhya,restaurant,12.9996529,77.6766093,,,regional,True,,,,
n11896623368,Sindhoora Gardenia,restaurant,12.9996515,77.6765418,,,,False,,,,
n11897959731,Tea Time,cafe,12.9966271,77.5680009,,,,False,,,,
n11897969904,Crazy Bites,cafe,13.007032,77.5692771,,,,False,,,,
n11897971010,Sri Rajrajeshwari Iyer Mess,restaurant,13.0066759,77.5692942,,,,False,,,,
n11897978431,Sarvam Upahara,restaurant,13.0024329,77.5711746,,,indian,False,,,,
n11898009853,Udupi Gardens,restaurant,12.9977364,77.5715142,,,,False,,,,
n11898624845,Krishna Vaibhava,restaurant,12.967247,77.5356517,,,indian,True,,,,
n11903122244,Susswadu,restaurant,12.9231919,77.6712011,,,,False,,,,
n11903125908,Chimi's,restaurant,12.9217411,77.6452006,,,,False,,,,
n11904042865,Mandya Cafe,cafe,12.9595766,77.535977,,,,False,,,,
n11913147716,Malgudi Amrutha Chaha,cafe,12.8816697,77.5506451,,"Mo-Su,PH 07:00-21:00; Tu off; 2025 Nov 01-2025 Dec 15 off",coffee_shop;noodle;sandwich;regional,False,,,,
n11915646724,Tuk Tuk Thai,restaurant,12.9333446,77.6223642,,,thai,True,,,,
n11921199878,Sozo Skyline,restaurant,12.9746977,77.5970538,,,asian,False,,,,
n11921216772,Lucky Chan,restaurant,12.8876535,77.5626484,,,sushi,False,,,,
n11935136814,Ishtaa,restaurant,12.9289467,77.5814326,,,regional,True,,,,
n11939689177,idylll,restaurant,12.9705013,77.6447301,,,,False,,,,
n11944331744,Sri Udupi Park Cafe,restaurant,12.9557242,77.6979149,,,,False,,,,
n11949229012,Nandha Palace,restaurant,13.0596175,77.5926342,,,andhra,False,,,,
n11949230567,Royal Chef Biriyani RCB,restaurant,13.0592363,77.5913196,,,,False,,,,
n11949236065,Bhubaneswari Hotel,restaurant,13.0590635,77.5928484,,,,False,,,,
n11949236364,Hotel Lasara,restaurant,13.0595771,77.5926555,,,,False,,,,
n11949241901,The Punjabi Rasoi - Authentic Punjabi Khana,restaurant,13.0576217,77.5893868,,,,False,,,,
n11949298717,Cubbonpete Donne Biriyani,restaurant,13.0589986,77.5914909,,,,False,,,,
n11949298723,Hotel Jagannath,restaurant,13.0593638,77.5928984,,,,True,,,,
n11949298724,Kadal Machili,restaurant,13.0593628,77.5927727,,,,False,,,,
n11949301163,New Punjabi Pure Veg Restaurant,restaurant,13.058578,77.5915142,,,,False,,,,
n11949302143,Udupi Veg,restaurant,13.0588947,77.5929577,,,regional,True,,,,
n11949307490,Hotel Raanga,restaurant,13.0589242,77.5924612,,,regional,False,,,,
n11949307907,Ambur Dum Biryani,restaurant,13.0587704,77.5914148,,,,False,,,,
n11949308094,Shri Manjunatha Upahara,restaurant,13.0573975,77.5909347,,,indian,True,,,,
n11949309245,Ajji Hotel,restaurant,13.0590516,77.5927236,,,,False,,,,
n11949312465,Balaji Gowdru Hotel,restaurant,13.0574417,77.5904539,,,indian;regional,False,,,,
n11949313695,Udupi Aatithya,restaurant,13.0601933,77.5873812,,,indian,True,,,,
n11949316302,Hello Indore,restaurant,13.0595123,77.5929942,,,,False,,,,
n11949322577,Disha Hyderabad Irani Tea,cafe,13.0590116,77.5929348,,,,False,,,,
n11949332175,Pitambara Restaurant,restaurant,13.0590645,77.5925304,,,,False,,,,
n11949336568,Shaambhavi,restaurant,13.0592673,77.5924667,,,,False,,,,
n11949347826,Kritunga Restaurant And Take Awa,restaurant,13.0593147,77.5931056,,,,False,,,,
n11949350695,Mangalore Military Hotel,restaurant,13.0575915,77.5894655,,,,False,,,,
n11949351187,Beijing Bites,restaurant,13.0604981,77.5875519,,,chinese,False,,,,
n11949351190,fika sip savor,cafe,13.0602384,77.5878403,,09:30-21:30,,False,,,,
n11949351191,BubLee,cafe,13.0600394,77.5876573,,,,False,,,,
n11957613931,Sri Laksmi Upahara,restaurant,12.891759,77.6059942,,Mo-Su 07:00-22:00,,False,,,,
n11957620951,Brahmin Tiffins and Coffee,restaurant,12.8918045,77.6064435,,Mo-Su 06:30-21:30,,True,,,,
n11962404393,Sharief Bhai's,restaurant,12.9191947,77.6686389,,,,False,,,,
n11962616017,The Living Room,cafe,12.9737711,77.6092416,,,,False,,,,
n11962616019,Shiv Sagar,restaurant,12.9744579,77.6095119,,09:00-23:00,indian;international;pizza;sandwich,True,,,,
n11964861618,Galatta,restaurant,12.915076,77.6491414,,,ice_cream,False,,,,
n11968716837,Mäki Pâtisserie,cafe,12.9667996,77.6373194,,,,False,,,,
n11968859179,Eating Love,restaurant,12.9193602,77.5838613,,,pizza,True,,,,
n11968859180,Roastea,cafe,12.9357945,77.6280548,,,,False,,,,
n11968859185,Ouzo by Fire,restaurant,12.9771689,77.6406725,,,,False,,,,
n11975333361,Ithaca,cafe,12.9659664,77.5987275,,,,False,,,,
n11982451441,North Star,cafe,12.9117555,77.6389783,,,,False,,,,
n11982451442,Kesari,restaurant,12.9118007,77.639029,,,,False,,,,
n11984487708,Sendhoor Coffee,restaurant,12.9106707,77.6326678,,,,False,,,,
n11984519420,Nammura Banasiga,restaurant,12.9179361,77.6378442,,,,False,,,,
n11990146056,Ramans cafe,restaurant,13.0208994,77.6287709,,,,False,,,,
n11993660916,Chulha Chauka Da Dhaba,restaurant,13.0121339,77.5541881,,,,False,,,,
n11993660922,California Burrito,restaurant,13.0118452,77.5550008,,,mexican,False,,,,
n11998178511,Konkan Express,restaurant,13.0221896,77.5509196,,,,False,,,,
n11998178513,Dakshin Delicacy,restaurant,13.0318753,77.5337721,,,,False,,,,
n12000106440,Monument Inside Lalbagh,monument,12.9497654,77.5840136,,,,False,,,,
n12009009947,natuf,cafe,12.9691458,77.6361275,,,,False,,,,
n12017326334,Starbucks,cafe,13.0266801,77.5448613,,,coffee_shop,False,,,,
n12018176333,Daysie,restaurant,12.9331882,77.5167967,,,,False,,,,
n12020411693,God's own cafe,restaurant,12.9371283,77.6143212,,"Tu-Su 12:30-15:00,19:30-22:00",,False,,,,
n12020449758,Sanchez,restaurant,13.0416067,77.6196259,,12:00-00:00,mexican,False,,,,
n12022437803,Sublime House of Tea,cafe,12.9857937,77.5877686,,,,False,,,,
n12022437804,Zed The Baker,cafe,12.9857221,77.5879276,,,,False,,,,
n12022437805,Starbucks,cafe,12.9859481,77.5879172,,,coffee_shop,False,,,,
n12030715034,Mahe Global Kitchen,restaurant,12.9336933,77.622146,,,,False,,,,
n12035150490,The Caffeine Baar,cafe,12.9163712,77.5928203,,08:00-23:00,coffee_shop,False,,,,
n12041051350,Ayutthaya cuisines of India,restaurant,12.9326835,77.6137535,,,,False,,,,
n12041067182,Kannu Ki Chai,cafe,12.9328303,77.6139704,,,,False,,,,
n12041924140,23rd Street Pizza,restaurant,12.9680561,77.6071899,,"Sa-Su 12:30-16:00,18:30-00:00; Mo,We-Fr 17:00-23:00",pizza,False,,,,
n12046469616,The Secret Garden,restaurant,12.9775379,77.6968009,,,,True,,,,
n12046492140,Starbucks,cafe,13.019331,77.6430305,,,coffee_shop,False,,,,
n12048666409,Chai Point,cafe,12.970242,77.6999922,,08:00-23:00,coffee_shop,True,,,,
n12049142299,The Ramanatheswaram Cafe,restaurant,12.9518751,77.7002187,,,,False,,,,
n12050701169,Soya Chaap Restaurant,restaurant,12.8846746,77.5912603,,Mo-Su 12:00-23:00,indian,False,,,,
n12051379643,Absolute Barbecues,restaurant,12.9164193,77.6047377,,,indian;italian,False,,,,
n12051383426,Secrets Of Bengaluru,cafe,12.9092956,77.5275152,,,,False,,,,
n12051506508,Ramji Chaiwale,cafe,12.9674667,77.5999201,,,,False,,,,
n12052440875,Sanjay Punjabi Dhaba,restaurant,13.0577588,77.595066,,,,False,,,,
n12052440876,RRR Royal Gardenia,restaurant,13.0578649,77.5949142,,,,False,,,,
n12057058306,Bellandur Social,restaurant,12.9377734,77.6946701,,,american,True,,,,
n12059144982,J's La Quill Museum,museum,12.9601741,77.5756994,,10:00-17:00,,False,,,,
n12059584769,Kopitiam Lah,cafe,12.9698254,77.6380772,,"Tu-Su 08:30-11:30,12:30-16:30",malaysian,False,,,,
n12059625405,Vanamo,restaurant,12.9732039,77.6414403,,11:00-23:00,,False,,,,
n12060775542,Sri Shakthi Condiments,cafe,12.9550804,77.5655815,,,,False,,,,
n12061239754,Roma Italian Deli,restaurant,12.9340508,77.6196507,,,italian,False,,,,
n12067307829,Mezzaluna,restaurant,12.9779654,77.6357116,,,,False,,,,
n12067529110,Bhartiya Jalpan,restaurant,12.9816919,77.6095569,,,indian,False,,,,
n12069343569,Coffee Stories,cafe,12.8870224,77.5819791,,,,False,,,,
n12075133356,La Gioia,restaurant,12.9697917,77.6383974,,12:00-23:30,italian,False,,,,
n12078138003,Tea Lounge Cafe,cafe,12.967035,77.6089891,,,,False,,,,
n12078376833,Cafe Zubaan,restaurant,12.9408051,77.6241773,,,arab,False,,,,
n12078774435,An Te Ra,restaurant,12.9471553,77.6991682,,,,True,,,,
n12083603348,Dialogues Cafe,cafe,12.9325502,77.6318589,,,,False,,,,
n12083603349,Helloo Dilli,cafe,12.931798,77.632117,,,,False,,,,
n12083603354,Thai Basil,restaurant,12.9313995,77.6329049,,,thai,False,,,,
n12087229011,Soda Factory,restaurant,12.9580734,77.4875539,,Mo-Sa 11:30-01:00,,False,,,,
n12088164538,Paper & Pie,cafe,12.9207682,77.6867592,,,,False,,,,
n12088455650,Muthashy's Restaurant,restaurant,12.9207693,77.6132181,,,,False,,,,
n12088583359,Burma Burma,restaurant,13.0109686,77.5554054,,,regional,True,,,,
n12093192395,Hustle,cafe,12.9090973,77.6425409,,,,True,,,,
n12094543106,Si Nonna's,restaurant,12.9062386,77.5788939,,,pizza,False,,,,
n12101659685,The Bangalore Cafe,cafe,12.9615765,77.5946056,,,,False,,,,
n12101709440,In Wok,restaurant,12.9654191,77.6027516,,,,False,,,,
n12102862215,Suay,cafe,12.906053,77.5890997,,,,False,,,,
n12102862216,Take A Break,cafe,12.906036,77.5889428,,,,False,,,,
n12102879362,Museum of Memories,museum,12.9723819,77.6033838,,,,False,,,,
n12102883179,Street Storyss,restaurant,12.9727001,77.6069156,,,,False,,,,
n12102958394,Deliciae,cafe,12.966625,77.6483403,,,,False,,,,
n12103968912,Cake Kafe,cafe,13.0011822,77.629166,,,,False,,,,
n12103968916,Belgian Waffle Factory,cafe,12.9951282,77.6143536,,,,False,,,,
n12105836712,Roti Kulcha aur Naan,restaurant,12.919647,77.6506868,,Mo-Su 11:00-23:00,indian,True,,,,
n12106298501,Upahar Kerala Mess,restaurant,12.9259496,77.6778517,,,indian,False,,,,
n12107634725,Neon Market,cafe,12.9727674,77.6397586,,,,False,,,,
n12109666322,Nom Nom,restaurant,12.920914,77.6871755,,,asian,False,,,,
n12115149768,Onesta,restaurant,12.9333297,77.6310562,,,pizza,False,,,,
n12115251881,Cafe OTW On The Way,cafe,12.9295347,77.6308153,,,,False,,,,
n12115251886,Kaffe 399,cafe,12.9295262,77.6319228,,,,False,,,,
n12115251889,Belgian Waffle,cafe,12.9305861,77.6331696,,,waffle,False,,,,
n12116713302,Los Cavos,restaurant,12.9699586,77.6410247,,Mo-Su 18:00-00:00,nikkei;japanese;peruvian,False,,,,
n12118846718,The Evening Post Office,gallery,12.9730615,77.6035863,,,,False,,,,
n12118862838,India Chai,cafe,12.9734731,77.6073186,,,,False,,,,
n12118862842,Ghee Roast Company,restaurant,12.9754132,77.6023491,,,,False,,,,
n12118862843,Kazan Japanese Ramen,restaurant,12.9758297,77.6020658,,,ramen,True,,,,
n12119590183,Third Wave Coffee,cafe,12.9717772,77.5958246,,,,False,,,,
n12119612607,The Kind,cafe,12.9702072,77.6448025,,08:00-23:00,,False,,,,
n12122128698,Navathanyam,restaurant,12.966624,77.6369819,,11:00-23:00,regional,True,,,,
n12129014444,Tinytalian,restaurant,12.9128766,77.6536551,,,italian,False,,,,
n12129014445,Olive Street Food Cafe,restaurant,12.9127014,77.6531643,,,,False,,,,
n12129014446,Roastea,cafe,13.0247795,77.639721,,,,False,,,,
n12129019639,The Peck,cafe,12.9408358,77.6202589,,,,False,,,,
n12129019646,PI - Lounge Bar,restaurant,12.9263468,77.6828992,,,,False,,,,
n12129019647,Botany Brew and Kitchen,restaurant,12.9746519,77.5970726,,,,False,,,,
n12129019648,Blue Tokai Coffee Roasters,cafe,13.014757,77.5559168,,,coffee_shop,False,,,,
n12134185316,Lakshmi Devi,memorial,12.9659458,77.5874153,,,,False,,,,
n12134185335,First Traffic Signal,memorial,12.9654913,77.5867437,,,,False,,,,
n12137671689,IRD Salappa,memorial,12.9664141,77.5880578,,,,False,,,,
n12137671796,Sri Ammebal Subbarao Pai,memorial,12.9642551,77.585456,,,,False,,,,
n12138994444,Ramnarayan Chellaram,memorial,12.984022,77.5875776,,,,False,,,,
n12138994445,Valmiki,memorial,12.9827191,77.5891185,,,,False,,,,
n12138994446,Kanakadasa,memorial,12.9823009,77.5896603,,,,False,,,,
n12144440751,Nahdi Mandi,restaurant,12.920774,77.6201642,,Mo-Su 12:30-24:00,,False,,,,
n12145301107,Bootstrapped Cafe,cafe,12.9730151,77.6155463,,,,False,,,,
n12145301108,Malnad Spicy,restaurant,12.9573524,77.7008566,,,,False,,,,
n12145301109,Cooking Mum,restaurant,12.9211418,77.6871693,,,,False,,,,
n12145301146,Runway 27,restaurant,12.9501965,77.6899474,,,,False,,,,
n12145301148,Tovo,restaurant,12.9806604,77.6410844,,,,False,,,,
n12145301178,CR Tavern Bar & Kitchen,restaurant,12.9576909,77.6415798,,,,False,,,,
n12147208911,Bharat Ratna Sir. M. Visvesvaraya,memorial,12.9834266,77.5958169,,,,False,,,,
n12147454694,Statue Of Samskriti,memorial,12.9843419,77.5871382,,,,False,,,,
n12147974357,The Constitution of India,memorial,12.9834422,77.5958308,,,,False,,,,
n12149279048,Ajji House by Subko,cafe,12.9584959,77.5927545,,,coffee_shop,False,,,,
n12149544732,The Pizza Bakery,restaurant,13.0275983,77.5748627,,,pizza,False,,,,
n12155310940,The Filter Coffee,restaurant,12.9337842,77.6224798,,,south_indian,True,,,,
n12157006659,Muru Muru,cafe,12.9821836,77.6378462,,,coffee_shop,True,,,,
n12158796350,Izanagi,restaurant,12.9811678,77.6404826,,Mo-Su 11:00-22:30,japanese,False,,,,
n12161544267,Samskruthi Sathkara,restaurant,12.9030499,77.5859107,,,,False,,,,
n12162201547,Dindigul Ponram,restaurant,12.9393477,77.6192653,,,regional;indian,False,,,,
n12164756014,Dum Durrust,restaurant,12.9725933,77.7009999,,,indian,False,,,,
n12164866909,Kuttanad Restaurant,restaurant,12.9370365,77.6196493,,,keralite,False,,,,
n12164866913,Saaras Café,restaurant,12.9364604,77.6166936,,,,False,,,,
n12164901532,Varaha Cafe,restaurant,12.9674645,77.6066197,,,north_indian;south_indian;chinese,False,,,,
n12168445592,Sandhya Veg,restaurant,12.9489708,77.5979648,,,,True,,,,
n12174714926,North Rasoi,restaurant,12.9949316,77.6970521,,,,False,,,,
n12174714927,Restaurant Chef Pillai,restaurant,12.9949545,77.6972062,,,,False,,,,
n12175883071,Swad authentic kerala restaurant,restaurant,13.0708682,77.5781591,,,,False,,,,
n12178338601,Gully Coffee Roasters,cafe,12.9331657,77.6139128,,Mo-Su 11:00-23:00,coffee_shop;international,False,,,,
n12178421101,Shokudo Select,restaurant,13.0128114,77.6483893,,12:00-23:00,asian,False,,,,
n12201302000,Hotel Thirthahalli,restaurant,12.9181213,77.6447317,,,regional,False,,,,
n12201302114,Dexter's,restaurant,12.9219357,77.651361,,,,False,,,,
n12205299937,Cuppa Redifined,cafe,12.9119751,77.6323279,,,,False,,,,
n12208448673,Brunch Project,cafe,12.9333097,77.6270074,,Mo-Su 09:00-20:00,,False,,,,
n12208448686,Brewing Untold Stories,cafe,12.9370597,77.5731459,,,coffee_shop,False,,,,
n12208504059,Huvu Cafe,cafe,12.9695009,77.6478334,,,coffee_shop,False,,,,
n12208522215,Brewing Untold Stories,cafe,12.9198961,77.5898065,,,coffee_shop,False,,,,
n12208522216,Brewing Untold Stories,cafe,12.9071301,77.6130988,,,coffee_shop,False,,,,
n12208562950,Anmay,restaurant,12.9155146,77.651541,,,,False,,,,
n12208562951,Underdoggs,restaurant,13.0605884,77.5925727,,,,False,,,,
n12212780814,Asha Tiffins,restaurant,12.9118609,77.6326125,,,,False,,,,
n12212780815,Tea House,cafe,12.9107426,77.6326455,,,,False,,,,
n12212780817,Kailash Parbat,restaurant,12.9103743,77.6323509,,,,False,,,,
n12212780818,SKP Donne Biriyani,restaurant,12.9105383,77.6327368,,,,False,,,,
n12219081017,Ninan Steak house and Burgers,restaurant,12.9164837,77.6022732,,,,False,,,,
n12222732600,Amagat Garden Cafe,cafe,12.9840162,77.6174052,,,,False,,,,
n12229924652,Mitra Cafe,restaurant,12.93678,77.6249117,,,indian,False,,,,
n12230072796,Tealogy,cafe,12.8806782,77.6525736,,Mo-Su 10:00-22:30,tea;indian,False,,,,
n12231384212,BMJH Cafe,cafe,12.9908221,77.5958341,,,,False,,,,
n12238317018,China Town,restaurant,12.9158761,77.6326504,,,,False,,,,
n12238318499,Biriyani Zone,restaurant,12.9116751,77.6350367,,,,False,,,,
n12238336221,Samosa Point,restaurant,12.9103731,77.6328115,,,,False,,,,
n12238343315,Cevi,restaurant,12.9168855,77.6450023,,,indian,False,,,,
n12238349604,The  Coffee Brewery,cafe,12.9118307,77.6423017,,,,False,,,,
n12247875513,Sutta Brake,cafe,12.9160425,77.6122943,,,,False,,,,
n12247875514,Gyani Da Punjabi Dhaba,restaurant,12.9161858,77.6122795,,,indian,False,,,,
n12247899717,Cremeux,cafe,12.9135804,77.6043652,,,,False,,,,
n12247899718,The Koi,restaurant,12.9137236,77.6051894,,,asian,False,,,,
n12247957446,GoPizza,restaurant,12.9756219,77.6052086,,,pizza,False,,,,
n12248323804,Aligargh House,restaurant,12.908452,77.6352471,,,,False,,,,
n12260448999,Sakura Matcha Bar,cafe,12.9664693,77.6126813,,,,False,,,,
n12260555320,11grams Coffee Roasters,cafe,12.971271,77.608012,,,,False,,,,
n12260569934,Sunshine Cafe,cafe,12.9258462,77.6184377,,,,False,,,,
n12260569946,Somras Bar and Kitchen,restaurant,12.9121681,77.6495312,,,,False,,,,
n12260569947,Koshe Kosha,restaurant,12.978104,77.6379997,,,bengali,False,,,,
n12260570014,Neravi,restaurant,13.0177761,77.5917014,,,,False,,,,
n12260570015,Bombay Brasserie,restaurant,13.0420326,77.6194409,,,regional,False,,,,
n12260570016,Maffei Kitchen,restaurant,12.9864317,77.5952943,,,mediterranean,False,,,,
n12260570036,Darshan Bar & Restaurant,restaurant,13.05513,77.534738,,,,False,,,,
n12260570041,Yara Cafe,restaurant,12.9421337,77.6219393,,,,False,,,,
n12265540838,Sri Rameshwara Cafe,restaurant,13.0518455,77.6312217,,,,False,,,,
n12265540839,Pizza Hut,restaurant,13.0519137,77.6312054,,,pizza,False,,,,
n12265548260,Bismillah Hotel,restaurant,13.0025681,77.6120094,,,,False,,,,
n12272838623,Shree Cafe,restaurant,12.9152207,77.6650205,,,,False,,,,
n12285662757,Cafe Amudham,restaurant,12.9337934,77.6197867,,,,False,,,,
n12285673035,The Filter Coffee,restaurant,12.9336313,77.6226322,,,,False,,,,
n12285684753,MM Nati Mane,restaurant,12.909786,77.6325956,,,,False,,,,
n12287375450,Guerilla Diner,restaurant,12.9717604,77.6275714,,,burger;mexican,False,,,,
n12287399683,Panetteria Bengaluru,cafe,12.9792277,77.6366448,,12:00-23:00,,True,,,,
n12291308526,Kerbside Bistro,cafe,13.0077805,77.5779394,,,,False,,,,
n12291501592,Thalassery Cafe,cafe,13.0373232,77.5655573,,,,False,,,,
n12291502162,Chai Theory,cafe,13.0336695,77.5686948,,,,False,,,,
n12292078854,Nenapu,cafe,12.9060713,77.5943602,,,,False,,,,
n12307015095,Bismilla Biriyani,restaurant,12.9106722,77.6294978,,,,False,,,,
n12309075244,Katte Kulture,cafe,12.9258756,77.5894258,,10:00-21:00,coffee_shop,False,,,,
n12318821671,Tribe Roots,restaurant,12.9772724,77.6314306,,,chinese,False,,,,
n12320273046,Cafe Petriqor,cafe,12.9066822,77.5851367,,,coffee_shop,False,,,,
n12320273047,Gaia,restaurant,12.906049,77.586435,,,regional,True,,,,
n12320285695,Crackle Kitchen,restaurant,12.9802567,77.6404701,,Tu-Su 19:00-23:00,,False,,,,
n12320506601,Koreyaki,restaurant,12.970248,77.6361439,,,korean,False,,,,
n12338274501,Rbp Greens garden bar and restaurant,restaurant,12.9053383,77.6105791,,,,False,,,,
n12343480340,Starbucks,cafe,12.9403258,77.5247379,,,coffee_shop,False,,,,
n12343542704,Starbucks,cafe,12.9403258,77.5247379,,,coffee_shop,False,,,,
n12345190706,Starbucks,cafe,12.9403258,77.5247379,,,coffee_shop,False,,,,
n12364237329,The Veg & Veg,restaurant,12.9705696,77.645413,,,south_indian,False,,,,
n12364258201,The Brown Table,cafe,13.0145068,77.5743315,,08:00-23:00,,False,,,,
n12366463178,Sri Krishna Bhavan,restaurant,12.9721073,77.6528331,,,indian;regional,True,,,,
n12366493014,Sir M Vishweshwaraiah,memorial,12.9705467,77.6507425,,,,False,,,,
n12366562184,Biryani Bhojana,restaurant,12.9684107,77.6501156,,,,False,,,,
n12366562185,Cafe Amudham,cafe,12.9683648,77.6500847,,,,False,,,,
n12366587251,Sri Laxmi Darshini,restaurant,12.9721997,77.6520018,,,,False,,,,
n12367353154,Sri Lakshmi Darshini Vaibhav Veg,restaurant,12.9724575,77.651995,,,indian,True,,,,
n12367522179,Cafe Muziris,cafe,12.9777988,77.6395581,,,,False,,,,
n12369618199,Maverick and Farmer Coffee,cafe,12.9873412,77.5934346,,,coffee_shop,False,,,,
n12378818543,Smoor,cafe,13.0077426,77.5798357,,,,False,,,,
n12395928051,Sunnys,restaurant,12.9221941,77.5850375,,,,False,,,,
n12395928063,Jolly Johnny's Bar,restaurant,12.9400829,77.6255134,,,,False,,,,
n12395928076,Cafe Jassie's,cafe,12.9307897,77.5434861,,,,False,,,,
n12395928078,Serious Slice,restaurant,12.9330366,77.5166559,,,pizza,False,,,,
n12395928081,Fast Coffee,cafe,12.9350501,77.6250594,,,coffee_shop,False,,,,
n12404254558,Murugan Cafe,restaurant,12.9764897,77.6269565,,,,False,,,,
n12404912802,Velvet Bakes,cafe,12.9996817,77.6000976,,,,False,,,,
n12405993166,Drip and Drop Coffee,cafe,12.906136,77.5905005,,"Mo-Th 09:00-22:00, Fr-Su 08:00-23:00",coffee_shop;cafe;breakfast;tea,False,,,,
n12406020970,Mara Coffee & Roasters,cafe,12.9079027,77.6475236,,,coffee_shop,False,,,,
n12408853763,Socialize,cafe,12.9926112,77.5391934,,,,False,,,,
n12409252953,Ovenly Bliss,cafe,12.9864387,77.594938,,,,False,,,,
n12411955440,SpiceKlub - Jayanagar,restaurant,12.9396048,77.5853855,,"Mo-Su 12:00-15:30,18:30-23:30",indian;modern_indian,True,,,,
n12412240592,Quattro Ristorante,restaurant,12.9396082,77.5853674,,"Mo-Su 12:00-15:30,18:30-23:30",italian;mexican,True,,,,
n12412376090,Quattro Bistro,cafe,13.007551,77.5793716,,Mo-Su 11:00-00:30,coffee_shop;italian;mexican,True,,,,
n12416076223,Park View,restaurant,12.9728389,77.6168178,,,indian,True,,,,
n12420181108,aubree,cafe,13.0045713,77.5787232,,,,False,,,,
n12420181109,California Burrito,restaurant,13.0051836,77.5788632,,,mexican,False,,,,
n12422100663,Blue Tokai Coffee Roasters,cafe,13.0069207,77.5789754,,,coffee_shop,False,,,,
n12422153142,Green Onion,restaurant,12.9734282,77.6093454,,,chinese,True,,,,
n12422650848,Street Storyss,restaurant,12.8872468,77.5623226,,,regional;indian,True,,,,
n12422943862,24/7,restaurant,12.9923685,77.5820643,,,,False,,,,
n12422953303,OKO,restaurant,12.9922169,77.5819811,,,asian,False,,,,
n12422953304,Baluchi,restaurant,12.9925122,77.5821367,,,indian,False,,,,
n12425915433,Jyoti Vriksh,memorial,12.9920385,77.5814145,,,,False,,,,
n12426224469,The Green Path,restaurant,12.990458,77.5719725,,,,False,,,,
n12426224585,Hermitage,restaurant,13.008566,77.563258,,,,True,,,,
n12432736252,Si Nonna's,restaurant,12.9365501,77.6150659,,,pizza,False,,,,
n12432736253,Si Nonna's,restaurant,12.9733047,77.6019212,,,pizza,False,,,,
n12438105895,Purandara Dasa Park,park,12.9749741,77.5366194,,"05:00-10:00,13:30-20:00",,False,,,,
n12438126007,Kuppu's Kafe,cafe,12.9607659,77.5335532,,,,False,,,,
n12438152842,Nadaprabhu Kempegowda,memorial,12.9747968,77.5383435,,,,False,,,,
n12438195367,Sri Krishna Vaibhav,restaurant,12.9671694,77.5355723,,,,False,,,,
n12441457817,TYD,restaurant,13.054452,77.6462415,,,,False,,,,
n12450551973,Brewsom Coffee,cafe,13.0211537,77.6519077,,,,False,,,,
n12450999454,Central Flavors,restaurant,13.028729,77.6320864,,,,False,,,,
n12450999457,Coffee Mechanics,cafe,13.0340054,77.6383349,,,,False,,,,
n12450999463,Andhra Spice,restaurant,13.0475766,77.6444763,,,,False,,,,
n12452433472,The White Room Coffee & Kitchen,cafe,12.9751544,77.6031683,,,,False,,,,
n12452460994,Lakehouse Cafe,cafe,13.0624577,77.6103951,,,,False,,,,
n12455028290,Kaippunyam Kerala Restaurant,restaurant,12.9707481,77.6066446,,,,False,,,,
n12460840947,Sando Club,restaurant,12.9716468,77.6126475,,,sandwich,False,,,,
n12461000328,Blue Tokai Coffee Roasters,cafe,12.971744,77.5943973,,,coffee_shop,False,,,,
n12461000329,Theobroma,cafe,13.0416197,77.6194652,,,,False,,,,
n12461000330,Nasi and Mee,restaurant,13.0420275,77.6196581,,,asian,False,,,,
n12461000333,Pasta Street,restaurant,12.9071543,77.5988211,,,pasta,False,,,,
n12461000335,Pasta Street,restaurant,12.9671434,77.6416627,,,pasta,False,,,,
n12461000336,Pasta Street,restaurant,13.063603,77.5912381,,,pasta,False,,,,
n12461052142,Sublime Galleria,gallery,12.9717232,77.5960989,,,,False,,,,
n12461052143,Sanchez,restaurant,12.9717337,77.5963457,,,,False,,,,
n12461052144,Badmaash,restaurant,12.9721153,77.5963095,,,,False,,,,
n12462536465,Ambala Cantt- Cloud Kitchen,restaurant,12.9186803,77.5482356,,Sa-Su 12:00-23:30,indian;punjabi;north_indian,True,,,,
n12466442938,Vijayalakshmi,restaurant,12.9451436,77.5680133,,,,True,,,,
n12468378369,Dave & Buster's,restaurant,12.9453987,77.6196691,,,american,False,,,,
n12473779779,Tree Tops,restaurant,12.9746984,77.5995302,,,,False,,,,
n12475405096,Mumbai Canteen,restaurant,12.9008407,77.6405262,,,,False,,,,
n12475430615,Desi Tea Master,cafe,12.9008242,77.6399197,,,,False,,,,
n12475698450,Magnolia Bakery,cafe,12.9734621,77.6019267,,,,False,,,,
n12482471684,Fish fry day,restaurant,12.9122602,77.6335967,,,,False,,,,
n12482474326,Godavari Cafe,restaurant,12.9156865,77.6325101,,,,False,,,,
n12482484107,Yewale,cafe,12.9086726,77.646939,,,,False,,,,
n12487002474,Champaran Dhaba,restaurant,12.9121081,77.6244415,,,,False,,,,
n12487007747,The Madras Mess,restaurant,12.906594,77.6492113,,,,False,,,,
n12491736742,Food Spring,restaurant,12.926303,77.5821451,,,chinese;thai;jain,True,,,,
n12491736750,Cafe Coffee Day,cafe,12.9259657,77.5839752,,,coffee_shop,False,,,,
n12491762696,Empark Restaurant,restaurant,12.9412309,77.5932246,,,,False,,,,
n12491762754,Starbucks,cafe,12.9246046,77.5839177,,,coffee_shop,False,,,,
n12491766742,Ice Cream Wonderland And Pizzeria,restaurant,12.925784,77.5839491,,,,False,,,,
n12491781860,Chaayos,cafe,12.9248546,77.5839196,,,tea,False,,,,
n12491962062,Dakshin Express,restaurant,13.0069665,77.5789097,,,regional;coffee_shop;indian,True,,,,
n12492393138,Krishna Cafe,cafe,12.9231939,77.5851987,,,,False,,,,
n12492736784,Shooketts,cafe,12.9750466,77.6179321,,Mo-Su 09:00-20:00,,False,,,,
n12492736878,Atty's Express Cafe,cafe,12.9753903,77.602846,,,,False,,,,
n12492736881,Levista Gourmet Studio,cafe,12.9747702,77.6064154,,,,False,,,,
n12495362003,Sir M. Visvesvaraya,memorial,12.9517631,77.5769902,,,,False,,,,
n12495429438,Annapurna Mess,restaurant,13.0586162,77.5915583,,,,False,,,,
n12497976590,Yumm Keralam,restaurant,13.0602016,77.6531562,,,,False,,,,
n12497976599,Zatar,restaurant,13.0485755,77.6457305,,,,False,,,,
n12511758515,Ferrara,restaurant,12.9727112,77.6069632,,12:30-02:00,pizza,False,,,,
n12512214800,Stories 2.0,restaurant,12.9159877,77.6326621,,,,False,,,,
n12512224856,Kritunga The Palegar's Cuisine,restaurant,12.9334666,77.6208718,,,,False,,,,
n12512224857,Be Luru,restaurant,12.9975563,77.584202,,,,False,,,,
n12512224859,Ethic Attic Cafe,cafe,12.9670968,77.6481231,,,,False,,,,
n12512224862,Karma & Kurry,restaurant,12.9700204,77.6093289,,,,False,,,,
n12512224863,Taffy's Rooftop Pub and Kitchen,restaurant,12.9972963,77.5472693,,,,False,,,,
n12521903069,Brik Oven,restaurant,12.9799611,77.6465523,,,pizza,False,,,,
n12525844608,The Hyderabad Chefs,restaurant,12.9866607,77.5742892,,,,False,,,,
n12525844623,KoMaama,restaurant,12.9711123,77.6068203,,,korean,False,,,,
n12526156587,Indian Coffee House,restaurant,12.9338133,77.6158653,,,coffee_shop;indian,False,,,,
n12526232547,Italia,restaurant,12.974056,77.6195173,,,,False,,,,
n12529348118,The Falcon Cafe,cafe,12.9712959,77.6143835,,Mo-Sa 09:00-17:30,,False,,,,
n12531311306,Ami Tea Stall,cafe,13.0266999,77.5392993,,,,False,,,,
n12531311311,First Electric Street Lamp Of Asia,memorial,12.9943775,77.608966,,,,False,,,,
n12531311350,Infantry On Tiger Hill Kargil,memorial,12.9944317,77.6090256,,,,False,,,,
n12531970254,Cajsa,restaurant,12.9669505,77.5958884,,,,False,,,,
n12532233223,Snow City,theme_park,13.0064028,77.5920742,,,,False,,,,
n12532233224,Star City,theme_park,13.0068079,77.5901833,,,,False,,,,
n12532233225,Water World,theme_park,13.0072104,77.591452,,,,False,,,,
n12538079626,Nadadevi Bhuvaneshwari,memorial,12.9801793,77.5886645,,,,False,,,,
n12538079772,The Lit Caffe,cafe,13.0153582,77.646874,,,,False,,,,
n12538586111,Dhanraj,restaurant,12.9094241,77.6387596,,,,False,,,,
n12539122837,Helen's Place,restaurant,12.950865,77.7000867,,,,False,,,,
n12541018910,Ola Farzi Cafe,cafe,12.9313727,77.6160967,,,,False,,,,
n12541388519,Truffles,restaurant,13.0282975,77.5731188,,,american,False,,,,
n12542058913,Dr. NG Pavanje Art Gallery,gallery,12.9725437,77.5859867,,Tu-Su 10:00-17:00,,False,,,,
n12543983033,Traffic Police Museum,museum,12.9830719,77.5969133,,,,False,,,,
n12545885467,PartTwo,restaurant,12.970907,77.5975481,,"Tu-Su 12:00-16:00,18:30-00:00",,False,,,,
n12546212501,Uttara Karnatakada Gama Gama,restaurant,12.9380412,77.5692291,,,,False,,,,
n12547020720,Meghana Foods,restaurant,12.8791766,77.646483,,,indian,False,,,,
n12550773109,Kebapci,restaurant,12.9361615,77.6224708,,,turkish,False,,,,
n12550871276,Kebapci,restaurant,12.8875145,77.562739,,,turkish,False,,,,
n12574343636,New Kudla,restaurant,12.9725668,77.6208704,,,,False,,,,
n12597548155,Clean Slate Cafe,cafe,13.0043996,77.570632,,,,False,,,,
n12597548185,Silaa - The Garden Cafe,cafe,13.0043931,77.5709921,,,,False,,,,
n12609542987,Iris Cafe and Kitchen,cafe,12.9057047,77.5831816,,,,False,,,,
n12620513270,Pind Baluch,restaurant,12.9145731,77.6767411,,,,False,,,,
n12622743939,Chill N Waffle,restaurant,12.9113947,77.615695,,,,False,,,,
n12622743941,Irani Chai Biscuit,cafe,12.9114044,77.6156456,,,,False,,,,
n12625817234,Veneta Cucine,restaurant,12.9988132,77.5839495,,,,False,,,,
n12631801632,The Kadubu Canteen,restaurant,12.8895956,77.5817507,,We-Mo 07:00-11:00,south_indian,False,,,,
n12632035859,Meloghrano,restaurant,12.9289114,77.5670627,,,,False,,,,
n12632035861,Kitchen Ministry,restaurant,12.9708215,77.6409964,,,,False,,,,
n12632035872,High Brew,restaurant,12.8995808,77.5944346,,,,False,,,,
n12632035873,Sree Godavari Ruchulu,restaurant,13.0225479,77.6375417,,,,False,,,,
n12632035875,Liquids Bar and Kitchen,restaurant,13.0302202,77.5704154,,,,False,,,,
n12632042170,Trippy Goat Cafe,cafe,12.9201239,77.6851535,,,,False,,,,
n12632042171,Kritunga The Palegar's Cuisine,restaurant,12.8922383,77.5985354,,,,False,,,,
n12632042172,YOYO! Fresh Tea Bar,cafe,12.972464,77.6203034,,11:00-23:00,bubble_tea,False,,,,
n12632074305,Chai Point,cafe,13.0222643,77.6383156,,,coffee_shop,False,,,,
n12632074306,The Dome Cafe,cafe,13.022525,77.6374982,,,,False,,,,
n12632074307,The King of Taste,restaurant,13.0223666,77.6380289,,,,False,,,,
n12632074308,Zamindar,restaurant,13.0223907,77.6379343,,,,False,,,,
n12632074313,The Rustic Roots,cafe,13.0227138,77.6379354,,,,False,,,,
n12632074324,Mahanagaram,restaurant,13.0188985,77.6429518,,,,False,,,,
n12632074325,The Mansion,restaurant,12.8714758,77.576331,,,,False,,,,
n12632074330,Hipp-E Panda,cafe,13.0556069,77.6449111,,,,False,,,,
n12632297989,Beyond Bean Cafe,cafe,12.9727491,77.6075407,,,,False,,,,
n12633608555,ilumi,restaurant,12.9802784,77.6404705,,,asian,False,,,,
n12634999220,Friendz Flavour Kitchen,restaurant,12.9353545,77.6295503,,,,False,,,,
n12648044975,Basaveshwar Khanavali,restaurant,12.9728678,77.6094161,,,indian;regional,True,,,,
n12648662791,Third wave coffee shop,cafe,12.9267856,77.5612233,,,,False,,,,
n12648710693,Pulimunchi Restaurant,restaurant,13.0056661,77.5806713,,,,False,,,,
n12655246955,Pancharangi Cafe,cafe,12.9180994,77.6306025,,,,False,,,,
n12666413603,Udupi Garden,restaurant,12.9190531,77.5970575,,,indian;chinese;coffee_shop;regional;noodle,True,,,,
n12672284473,The Coffee Brewery,cafe,13.0145341,77.649062,,,,False,,,,
n12672284474,11:11 Reserve,cafe,13.0147317,77.6491985,,,,False,,,,
n12672284475,Baileys Cafe and Restaurant,restaurant,13.0146538,77.6491446,,,,False,,,,
n12674329834,Aaha Thindi,restaurant,12.9847521,77.5970662,,,chinese;south_indian,False,,,,
n12676261352,Pizza Hut,restaurant,12.9955319,77.5546673,,,pizza,False,,,,
n12676261388,Sangam Bar & Restaurant,restaurant,13.0289168,77.559199,,,,False,,,,
n12676261392,Chandan Bar & Restaurant,restaurant,13.0307751,77.5597481,,,,False,,,,
n12676261395,Pizza Hut,restaurant,13.0332305,77.5581139,,,pizza,False,,,,
n12676265238,Trupti Bar & Restaurant,restaurant,13.0254939,77.5575302,,,,False,,,,
n12676813327,Dakshin Cafe,restaurant,12.9071,77.6003438,,,regional;indian,True,,,,
n12676833806,Laddu Boy,restaurant,12.9178963,77.5969663,,,regional;coffee_shop;indian,False,,,,
n12684804806,The Bloom,cafe,12.9261107,77.5898357,,,coffee_shop,False,,,,
n12696023094,Sri Krishna Bhog,restaurant,12.9272971,77.6692401,,,,False,,,,
n12696023096,Shahi Paneer,restaurant,12.927435,77.6692361,,,,False,,,,
n12697993702,block two coffee,cafe,12.9401608,77.5839468,,08:00-23:00,coffee_shop,False,,,,
n12715063631,Ila Bengaluru,restaurant,13.0215052,77.640534,,,,False,,,,
n12715796043,The Raghavendra Cafe,restaurant,12.9576679,77.5283537,,,indian;regional,True,,,,
n12717556901,RMV CANTEEN,cafe,13.0323908,77.5771592,,,,False,,,,
n12723340147,Huddle Coffee Co.,cafe,13.0401281,77.6343169,,,coffee_shop,False,,,,
n12729113332,Anjappar Chettinad Restaurant,restaurant,12.9143329,77.6372519,,,south_indian,False,,,,
n12734401875,Blue Tokai,cafe,13.0247149,77.6400121,,,coffee_shop,False,,,,
n12734401877,Got Tea,cafe,13.0235435,77.6399329,,,,False,,,,
n12734401878,Plan B,restaurant,13.022932,77.6398592,,,,False,,,,
n12734401879,Koreyaki,restaurant,13.0224355,77.6395306,,,,False,,,,
n12749935725,Starbucks,cafe,12.9824009,77.6108551,,,coffee_shop,False,,,,
n12757331351,kl. 58 Cafe,cafe,13.0696781,77.5553997,,,,False,,,,
n12759646717,Toastid Co,restaurant,12.966328,77.6371955,,"Tu-Su 12:00-16:00,18:00-22:00",,False,,,,
n12759732193,Iyengar's Tatte Idli Vada,cafe,13.0695592,77.5560754,,,,False,,,,
n12762692064,Karavali Restaurant,restaurant,12.922395,77.6339794,,,,False,,,,
n12762692745,7th Cross,restaurant,12.9218604,77.6337115,,,,False,,,,
n12766655523,Hotel Kiran,cafe,13.0683485,77.5544945,,,,False,,,,
n12766683182,Delights,cafe,13.0694917,77.5550848,,,,False,,,,
n12774297320,Cafe Azzure,cafe,13.0236036,77.6352605,,,coffee_shop,False,,,,
n12774297322,Store Coffee,cafe,13.0238741,77.6362241,,,coffee_shop,False,,,,
n12776185936,Sri Bhramalingeshwara Tiffin Center,cafe,13.0719161,77.5564029,,,,False,,,,
n12787887504,Zaatar,restaurant,12.9953369,77.6668819,,,,False,,,,
n12788682209,Citrus Cafe,restaurant,12.9872864,77.6168337,,,,False,,,,
n12795811355,Shift Rooftop Bar & Kitchen,restaurant,12.9469174,77.6992165,,,,False,,,,
n12800674482,Chai Point,cafe,12.9264285,77.5848661,,,coffee_shop,False,,,,
n12806085001,Topiary Garden,attraction,12.9506727,77.5830858,,,,False,,,,
n12809319559,Magnolia Bakery,cafe,13.0108881,77.5549465,,,,False,,,,
n12809397078,Chelvies Coffee Roastery,cafe,12.967796,77.6528464,,,,False,,,,
n12809397079,Fifty50,restaurant,12.9201787,77.6843798,,,,False,,,,
n12809397080,Serious Slice,restaurant,12.9885226,77.5940846,,,pizza,False,,,,
n12809397083,Fervor,restaurant,13.0235762,77.6396372,,,,False,,,,
n12809397084,The Indian Eatery,restaurant,13.0190566,77.6515321,,,,False,,,,
n12823540798,Open Door Coffee Co,cafe,13.0579231,77.6504167,,,,False,,,,
n12823540799,Cottage Loaf,cafe,13.054946,77.6537465,,,,False,,,,
n12823540800,Casa Napoli,restaurant,13.055743,77.6537355,,,italian,False,,,,
n12833666826,Udupi Nalapaka,restaurant,12.9314991,77.6861058,,,,True,,,,
n12833666827,Dalchini,restaurant,12.9315351,77.6859333,,,,False,,,,
n12846419059,Chalukya Samrat,restaurant,12.988547,77.5772027,,,regional,True,,,,
n12853586157,Kerala Pavilion,restaurant,12.9722075,77.6184168,,,,False,,,,
n12862846432,Mr. Philly's American Cheeseburgers,restaurant,12.9969004,77.6110877,,,burger,False,,,,
n12862846433,Sanky's Burger House,restaurant,13.016659,77.629651,,,burger,False,,,,
n12862846434,The High Joint,restaurant,12.9261467,77.6332737,,,burger,False,,,,
n12862846435,Simon Burgers,restaurant,13.0182719,77.6355845,,,burger,False,,,,
n12862846481,Cafe Noir,restaurant,12.997768,77.6961552,,,french;burger,False,,,,
n12862846482,Cafe Noir,restaurant,13.0117166,77.5554144,,,french;burger,False,,,,
n12864358384,Zepto Cafe,cafe,12.9165301,77.6714059,,,,False,,,,
n12872594926,New Ambur Hot Biriyani,restaurant,12.9268509,77.6789349,,,,False,,,,
n12873482029,Udupi Brahmins Kitchen,restaurant,12.9579424,77.533767,,,regional,True,,,,
n12877031186,Udupi Express,restaurant,13.0289671,77.5714346,,,regional;indian,True,,,,
n12890278992,Subway,restaurant,12.9445779,77.6949987,,,,True,,,,
n12890278994,California Burrito,restaurant,12.9444694,77.694929,,,mexican,True,,,,
n12890278996,The Real Pizza Company,restaurant,12.944468,77.6950778,,,pizza,False,,,,
n12890278997,Native,restaurant,12.944336,77.694819,,,,True,,,,
n12890278999,Copper Chimney,restaurant,12.9445124,77.6950135,,,,True,,,,
n12894266887,Meghana Foods,restaurant,12.9262117,77.5846466,,,,False,,,,
n12896426676,Dakshin Thindi,restaurant,12.9396495,77.5853022,,,,False,,,,
n12901334775,Third Wave Coffee Roasters,cafe,12.9859554,77.5509443,,,coffee_shop,False,,,,
n12901334776,Screws and Brews,cafe,13.0007892,77.5527658,,,,False,,,,
n12915242286,Sri Ganesh,restaurant,13.0023503,77.6611974,,,regional;indian,True,,,,
n12917043442,Third Wave Coffee Roasters,cafe,12.9209967,77.5835395,,,coffee_shop,False,,,,
n12917043444,Smoor,cafe,12.9213666,77.5838533,,,,False,,,,
n12917043446,Uncle Peter's Pancakes,restaurant,12.920632,77.5835341,,,,False,,,,
n12917043469,Chikmagalur Estate Coffee,cafe,12.9252227,77.58467,,,,False,,,,
n12917043480,Kaapi Corner,cafe,12.9254083,77.5836059,,,,False,,,,
n12927878004,Paul,restaurant,13.011695,77.5553974,,,french,False,,,,
n12927909818,Si Nonna's,restaurant,12.9805101,77.6410277,,,pizza,False,,,,
n12927909819,Benji Coffee,cafe,13.0009541,77.5696999,,,coffee_shop,False,,,,
n12927909821,Amintiri,cafe,12.9117328,77.6444626,,,,False,,,,
n12927909822,Smash Guys,restaurant,12.9703064,77.6390491,,,burger,False,,,,
n12927909823,Fuku Coffee Commune,cafe,13.021972,77.6378266,,,coffee_shop,False,,,,
n12941892980,Mainland China,restaurant,13.0255229,77.6391637,,,,False,,,,
n12942152841,Pizza Hut,restaurant,12.9381641,77.6991403,,,pizza,False,,,,
n12949690546,Om Sri Biryani Point,restaurant,12.9269376,77.5737205,,10:00-22:00,indian;fish;regional;kebab;chicken;noodle;curry;local,True,,,,
n12949903692,Krok Burgers,restaurant,12.9728006,77.6067987,,12:30-01:00,burger,False,,,,
n12951424134,Sri Guntu Ruchulu,restaurant,12.9546922,77.700256,,,andhra,True,,,,
n12957089042,The Stage Cafe,cafe,13.0275443,77.5770193,,09:00-23:00,coffee_shop,False,,,,
n12959672477,Mysore Lancer's World War I Memorial,memorial,13.0119157,77.5934502,,,,False,,,,
n12970637618,Puneri Amrutalaya,cafe,12.9182664,77.631985,,,,False,,,,
n12979176591,Cafe Amudham,cafe,12.9219531,77.665313,,"00:00-01:00,06:30-24:00",indian,False,,,,
n12979340852,Happy Endings,cafe,12.9273175,77.6690879,,,,False,,,,
n12979349715,A2B,restaurant,12.9274757,77.6717511,,,,False,,,,
n12979349718,Chaayos,cafe,12.9273544,77.6705606,,,tea,False,,,,
n12980092657,Piro,cafe,12.9088782,77.6461122,,,,False,,,,
n12980126189,The Snug Cuppa,cafe,12.9081116,77.6486571,,,,False,,,,
n12985593906,BBMP Park,park,13.0117456,77.5391611,,,,False,,,,
n12985604701,Sannidhi Grand,restaurant,13.009385,77.538382,,,,False,,,,
n12986072302,Downtown Diner,restaurant,12.9730015,77.6086779,,,american,False,,,,
n12988151784,Luscious,restaurant,12.9692513,77.6003167,,,,False,,,,
n12988151785,Kohinoor,restaurant,12.9692682,77.6001826,,,,False,,,,
n12988151786,4/1 Kitchen,restaurant,12.9692944,77.6000431,,,,False,,,,
n12988267480,Sendhoor Coffee,restaurant,13.0047453,77.6599498,,,indian;regional,True,,,,
n12988984440,TruBrew Cafe,cafe,12.9693345,77.6358435,,,,False,,,,
n12988984441,The Estate Deli,cafe,12.9694713,77.6358339,,11:00-23:00,,False,,,,
n12989944583,Cafe 363 x Neu Leaves,cafe,12.9663035,77.5090733,,,,False,,,,
n12989944584,Starbucks,cafe,12.9660814,77.5093295,,,coffee_shop,False,,,,
n12992403981,Sri Vasavi Cafe,restaurant,12.8756037,77.5688495,,,,False,,,,
n12995318314,Mathas Coffee,cafe,12.9428023,77.5854728,,,,False,,,,
n12999130466,Katana,restaurant,12.9688089,77.6359519,,,japanese,False,,,,
n12999130467,Louis Burger,restaurant,12.965292,77.6380121,,,,False,,,,
n12999130482,Brott,cafe,12.9648993,77.6392134,,,,False,,,,
n13008559922,Udupi Gokula,restaurant,12.929764,77.6851805,,,,False,,,,
n13011339074,Cafe Amudham,cafe,12.9403289,77.5798713,,,,False,,,,
n13013182897,Manyata,restaurant,13.0196646,77.6550064,,,,False,,,,
n13013584279,The Rogue Elephant Cafe,cafe,12.9833134,77.611239,,,,False,,,,
n13013584280,Kalmane Koffees,cafe,12.9921228,77.5703135,,,,False,,,,
n13013584281,Kalmane Koffees,cafe,12.9701145,77.6093423,,,,False,,,,
n13013584288,Vida Brazilian Cafe,cafe,13.0292834,77.6328787,,Tu-Su 11:00-22:00,,False,,,,
n13013584293,Moai,restaurant,12.9249841,77.5839479,,,,False,,,,
n13013584295,Curry Central,restaurant,13.0274933,77.5773905,,,,False,,,,
n13013584296,The Coffee Theatre,cafe,12.9702451,77.6393656,,,,False,,,,
n13013584298,Venn,restaurant,13.0220219,77.6399329,,,,False,,,,
n13013588701,Zenforest,cafe,13.0571759,77.5887121,,,coffee_shop,False,,,,
n13013588702,Tango,restaurant,12.9726668,77.6999433,,,,True,,,,
n13013588704,Garci,restaurant,12.9282787,77.576614,,,,False,,,,
n13013588705,Svarasa,restaurant,12.9864023,77.5953117,,,indian,False,,,,
n13013588706,154 Breakfast Club,restaurant,12.9112491,77.5133944,,,,False,,,,
n13013588709,The Junk Free Cafe,cafe,12.9918797,77.7026349,,,,False,,,,
n13013588711,Coffee Brewery,cafe,12.9226136,77.5601654,,,coffee_shop,False,,,,
n13013588714,Kalpaney,restaurant,12.906053,77.5897421,,,,False,,,,
n13013588715,Beyondburg Inc.,restaurant,12.9715351,77.6008446,,,burger,False,,,,
n13013588744,Si Nonna's,restaurant,13.0233978,77.6431482,,,pizza,False,,,,
n13013588745,Si Nonna's,restaurant,13.0276135,77.5717753,,,pizza,False,,,,
n13013588746,Si Nonna's,restaurant,12.9368179,77.6148469,,,pizza,False,,,,
n13013588747,Si Nonna's,restaurant,12.9155838,77.6324992,,,pizza,False,,,,
n13013588748,Brik Oven,restaurant,12.9136422,77.644891,,,pizza,False,,,,
n13013588749,Riko,restaurant,12.9716906,77.5960708,,,peruvian,False,,,,
n13013588750,Yan Yan,restaurant,12.9672746,77.6018938,,,chinese,False,,,,
n13013958063,ASF - Ancient Stone Flames,restaurant,12.9512351,77.6993442,,,barbecue,False,,,,
n13013958064,ASF - Ancient Stone Flames,restaurant,13.0255067,77.6392248,,,barbecue,False,,,,
n13013958065,Isobel Coffee House,cafe,12.9685475,77.5964624,,,,False,,,,
n13013958066,Piro,cafe,12.9091354,77.6463649,,,coffee_shop,False,,,,
n13013978925,The Food Factory,restaurant,13.079106,77.5924753,,,,False,,,,
n13013978926,The Fisherman's Wharf,restaurant,13.0788957,77.5924578,,,,False,,,,
n13013978945,Tommy's,restaurant,12.9589691,77.6613128,,,,False,,,,
n13013978947,La Grace,cafe,12.9346469,77.6139987,,,coffee_shop,False,,,,
n13013978948,Burma Burma,restaurant,12.920153,77.6848372,,,burmese,False,,,,
n13013978949,Tuk Tuk Thai,restaurant,12.906051,77.5825477,,,,False,,,,
n13016617321,Short Wave Radio Museum,museum,12.9842206,77.5376737,,,,False,,,,
n13023088269,The Green Door Coffee House,cafe,12.983093,77.5967084,,,,False,,,,
n13023090264,The Green Door Coffee House,cafe,12.9572298,77.5943978,,,,False,,,,
n13030841318,Brew La Paix,cafe,13.0226898,77.6393218,,,,False,,,,
n13043171812,Dolci,cafe,13.0337518,77.5689442,,,,False,,,,
n13043171817,BurgerMan,restaurant,13.0298987,77.5709049,,,,False,,,,
n13045205432,Olive Cafe,cafe,12.9333407,77.6149591,,,,False,,,,
n13060047832,Bathinda Junction,restaurant,12.9690741,77.6481302,,,,False,,,,
n13062869342,Starbucks,cafe,12.936848,77.6890633,,,coffee_shop,False,,,,
n13062869343,Starbucks,cafe,12.9162412,77.5925774,,,coffee_shop,False,,,,
n13062869344,Starbucks,cafe,12.8915803,77.5974736,,,coffee_shop,False,,,,
n13062869345,Starbucks,cafe,12.9075889,77.6012716,,,coffee_shop,False,,,,
n13062869346,Starbucks,cafe,12.8880139,77.5631493,,,coffee_shop,False,,,,
n13062869347,Starbucks,cafe,12.978323,77.644993,,,coffee_shop,False,,,,
n13062869348,Starbucks,cafe,12.9279907,77.6918155,,,coffee_shop,False,,,,
n13062869382,Starbucks,cafe,13.0207254,77.593135,,,coffee_shop,False,,,,
n13062869383,Starbucks,cafe,12.9698603,77.6098791,,,coffee_shop,False,,,,
n13062869384,Starbucks,cafe,12.9913578,77.5711154,,,coffee_shop,False,,,,
n13063810713,Malabar Kitchen,restaurant,12.9259883,77.6759119,,,,False,,,,
n13063830116,Leon's Burgers & Wings,restaurant,12.9242936,77.6737685,,,burger,False,,,,
n13068296071,Tribal Brew Coffee,cafe,12.974669,77.6058786,,,coffee_shop,False,,,,
n13070233795,Coffee Naa Tea Naa,cafe,12.9216656,77.5808654,,,,False,,,,
n13072721958,happen blr,cafe,12.9119746,77.609868,,,coffee_shop,False,,,,
n13072830363,Aarell Cafe,cafe,12.9204248,77.5896784,,,,False,,,,
n13073507651,The Anjanadri Cafe,cafe,12.9196735,77.6110805,,,,False,,,,
n13073507652,Thata Tea,cafe,12.9196668,77.6111457,,,,False,,,,
n13073507653,Shiva's Mess,restaurant,12.9196623,77.6113209,,,,False,,,,
n13073507656,Ambur Hot Sum Biryani,restaurant,12.9196523,77.6115636,,,,False,,,,
n13073507658,Udupi Sagar,restaurant,12.9196021,77.6130587,,,,True,,,,
n13073507660,Sanju's Kitchen,restaurant,12.919519,77.6142831,,,,False,,,,
n13073587685,Kempegowda,memorial,12.9498504,77.5801326,,,,False,,,,
n13077680175,Cafe Kempu,cafe,13.0579781,77.6476899,,,,False,,,,
n13077680177,Theo Cafe,cafe,13.0543354,77.6450764,,,,False,,,,
n13084285574,Cafe de Verde,cafe,12.940859,77.6234175,,,,False,,,,
n13084774561,Cafe Coffee Day,cafe,13.059645,77.5877546,,,coffee_shop,False,,,,
n13086275903,Thirtha,restaurant,12.9866522,77.5950672,,,,False,,,,
n13086275904,Hunaan,restaurant,12.9695571,77.6358305,,,,False,,,,
n13086275905,Mudde Saar,restaurant,12.9675813,77.6544647,,,south_indian,False,,,,
n13086275906,Pinocchio,restaurant,12.9730168,77.606288,,,italian,False,,,,
n13086275907,The Bombay Chapter 003,restaurant,12.9056206,77.6014402,,,,False,,,,
n13086275908,Extra Chutney,restaurant,12.979026,77.5776266,,,south_indian,False,,,,
n13086275909,Mai Mai,restaurant,12.970615,77.6468457,,,asian,False,,,,
n13086275910,Krust Cafe,cafe,12.9283909,77.6361652,,,,False,,,,
n13086275911,Bao To Me,restaurant,12.9288004,77.6353345,,,asian,False,,,,
n13086275912,Blanc The Coffee Place,cafe,12.985053,77.5791058,,,coffee_shop,False,,,,
n13086275913,Coffee Mechanics,cafe,12.9356585,77.698271,,,coffee_shop,False,,,,
n13098372342,Juliana's,restaurant,12.9795064,77.606818,,11:00-22:00,,False,,,,
n13100714478,Punjabi Adda,restaurant,13.0055959,77.6598682,,,,False,,,,
n13100714479,Rumi,restaurant,13.0056949,77.6598137,,,,False,,,,
n13103315636,Malabar Cafe,cafe,12.9308506,77.6065375,,,coffee_shop;tea;indian,False,,,,
n13108370790,Mast Marathi,restaurant,12.9114081,77.6443062,,08:30-22:30,indian;marathi,True,,,,
n13108814301,The LightHouse Restaurant,restaurant,13.0280492,77.5721604,,"Mo-Su 11:30-15:30, 19:00-23:00",indian,False,,,,
n13108989448,Empire,restaurant,13.05799,77.6483832,,,indian,False,,,,
n13109571372,Navodaya Military Hotel,restaurant,12.929944,77.5687446,,,indian;chinese;brunch;diner,False,,,,
n13110965034,Cafe Baha,cafe,12.8736761,77.6112921,,,,False,,,,
n13110965593,Coffee Chemistry,cafe,12.9233931,77.5734142,,,coffee_shop,False,,,,
n13112169128,Meghana Biryani,restaurant,12.9780951,77.6379044,,,,False,,,,
n13112256938,Begur Inscription Stone,memorial,12.8768648,77.6264508,,,,False,,,,
n13114307278,Casa Fresco,cafe,12.9826019,77.6403629,,,,False,,,,
n13116211434,Third Wave Coffee,cafe,12.9320549,77.685201,,,,False,,,,
n13116537351,Nalapaka Express,restaurant,12.9316969,77.6848482,,,indian;regional;south_indian;north_indian;chaat;juice;sandwich;coffee_shop,True,,,,
n13120496069,Circa 11,restaurant,12.97041,77.6403283,,,,False,,,,
n13130906992,Marseli Cafe & Patisserie,cafe,12.9162344,77.6492743,,Mo-Su 07:00-23:00,,False,,,,
n13131326934,Tea & cigarette stall,cafe,12.8715697,77.5696132,,,,False,,,,
n13131399191,Tea Shop,cafe,13.0124799,77.6526379,,Mo-Su 09:00-21:00,coffee_shop;tea,False,,,,
n13140342783,Chai Days,cafe,12.9309735,77.579566,,,,False,,,,
n13154523676,Lassi Shop,cafe,12.938528,77.5803599,,,,False,,,,
n13155043801,MM Foods,restaurant,12.9234508,77.4997987,,,,False,,,,
n13155090430,Hotel Dream Land Family Restaurant,restaurant,12.9248386,77.4985064,,,,False,,,,
n13155115801,Mojo Pizza,restaurant,12.9246933,77.4982973,,,,False,,,,
n13155991173,Flames Restaurant,restaurant,12.9492191,77.5962052,,,,False,,,,
n13158114701,Mayuri,restaurant,12.9128491,77.585578,,,indian;andhra;chinese;chicken;regional,True,,,,
n13159616821,Infant Cafe,cafe,12.9988048,77.640553,,,,False,,,,
n13162084334,Chin Lung,restaurant,12.976245,77.5787283,,"00:00-00:30, 12:00-00:00",indian;italian;chinese,True,,,,
n13168786887,Iris Cafe,cafe,12.9231064,77.5852789,,,coffee_shop,False,,,,
n13168786890,Nombre,cafe,12.9112282,77.5992921,,,coffee_shop,False,,,,
n13168786891,Royal China,restaurant,12.9721676,77.5964811,,,cantonese,False,,,,
n13168786892,Bamey's Gastro Bar,restaurant,12.933894,77.6198284,,,nepali,False,,,,
n13168786893,Jewel Sizzle,restaurant,12.9010005,77.5857148,,,,False,,,,
n13175147184,Blue Tokai,cafe,12.912761,77.6448505,,,coffee_shop,False,,,,
n13175147185,The Pizza Bakery,restaurant,12.9121235,77.6471927,,,pizza,False,,,,
n13175147186,Mannheim,cafe,12.9121736,77.6471643,,,,False,,,,
n13175211583,Make Di Hatti,restaurant,12.9121363,77.6496658,,,,False,,,,
n13176265277,Edge Cafe,cafe,12.935039,77.5859186,,,,False,,,,
n13189703465,Zion Food Corner,restaurant,12.9671849,77.5925648,,,,False,,,,
n13192247885,Andhra Ruchulu,restaurant,12.933225,77.5833782,,,,False,,,,
n13195256250,Nandhini Delux,restaurant,12.9716494,77.6008982,,,indian;andhra;chinese,True,,,,
n13208696268,Udupi Upahara,restaurant,12.880859,77.5459954,,,,False,,,,
n13227070703,Mountain Bee kombucha Hive,cafe,12.9812592,77.6362473,,Mo-Su 10:00-20:00,kombucha,False,,,,
n13227707085,The Faith Cafe,cafe,12.9124394,77.6419506,,,,False,,,,
n13227760612,The Filter Coffee,restaurant,13.0050569,77.5783253,,,,False,,,,
n13227760613,California Burrito,restaurant,13.0050491,77.5787196,,,mexican,False,,,,
n13228016712,The Indies Cafe,restaurant,13.0044381,77.5786929,,,,False,,,,
n13240113592,Paakashala,restaurant,12.9300874,77.5149732,,,,True,,,,
n13240199714,Blossom Bean Cafe,cafe,12.9280883,77.5180799,,,,False,,,,
n13251341683,Kebab Mahal,restaurant,12.8837389,77.5483971,,,,False,,,,
n13256101495,Maverick and Farmer Coffee,cafe,12.9753941,77.6024211,,,coffee_shop,False,,,,
n13256172751,Rosmarino,restaurant,12.9608524,77.6437363,,,pizza,False,,,,
n13260788309,Cherry Bean Coffee,cafe,12.9060589,77.5945085,,,,False,,,,
n13260788310,Bonheur Cafe,cafe,12.9029077,77.5947434,,,,False,,,,
n13269444090,Onesta,cafe,12.9300434,77.5149538,,,,False,,,,
n13275708490,Turtle Matcha,restaurant,12.9755494,77.6357652,,Mo-Su 12:00-22:00,asian;bagel;breakfast;cake;coffee_shop,False,,,,
n13277102840,Sri Krishna Grand,restaurant,12.9713848,77.6067146,,,,False,,,,
n13287325356,Biryani biryani,restaurant,12.98227,77.6393458,,,,False,,,,
n13287328700,1966 - The Mumbai Cafe,restaurant,12.9822844,77.6395739,,,,False,,,,
n13287348278,Namma Hallimane,restaurant,12.9822657,77.6391993,,,,False,,,,
n13287354615,Al Baik Biryani,restaurant,12.9821915,77.6391924,,,,False,,,,
n13288507189,Moonstone,restaurant,12.9453221,77.577083,,,,False,,,,
n13288585217,Big Bean Cafe,cafe,12.9201388,77.5780657,,,,False,,,,
n13288585218,Vintage Adda,restaurant,12.9736987,77.6066277,,,,False,,,,
n13288585225,Snuzzles,cafe,12.9269106,77.5842972,,,,False,,,,
n13288585226,Matsya,restaurant,13.0586141,77.5927775,,,,False,,,,
n13288585237,Mad Doh Sourdough Pizzeria,restaurant,12.9075231,77.5119377,,,pizza,False,,,,
n13288585454,Tribes Coffee,cafe,12.908973,77.6434796,,,coffee_shop,False,,,,
n13288585471,Nati Republic,restaurant,13.0346551,77.5678409,,,,False,,,,
n13288585509,Shinto,cafe,12.9663636,77.6377317,,,,False,,,,
n13288585556,Still Coffee,cafe,12.9613387,77.6456585,,,coffee_shop,False,,,,
n13288585563,Zarqash,restaurant,12.9675481,77.6017226,,,,False,,,,
n13288585564,By The Blue,restaurant,12.9292646,77.6278468,,,,False,,,,
n13288585566,Purpose Matcha and Coffee House,cafe,12.968775,77.6026099,,,coffee_shop,False,,,,
n13288585567,Madras Kitchen and The Bar,restaurant,12.9722581,77.5951553,,,,False,,,,
n13288585570,Loya,restaurant,12.9850109,77.5847599,,,,False,,,,
n13288585571,Indian Durbar,restaurant,12.9753916,77.6205926,,,,False,,,,
n13288585572,Lohri,restaurant,12.9724609,77.6201477,,,punjabi,False,,,,
n13288585573,Acai Theory,cafe,12.9662859,77.6416965,,,,False,,,,
n13288585574,Vesparo,restaurant,12.9665114,77.6417193,,,,False,,,,
n13324558094,Sri Udupi Vaibhava,restaurant,13.0024232,77.6613912,,,regional,True,,,,
n13338743101,"Oyster, Bar & Kitchen",restaurant,12.9119044,77.6379048,,,,False,,,,
n13341775166,Alankaaram,restaurant,12.9506612,77.5919149,,,,False,,,,
n13341880718,Nagarjuna,restaurant,12.9143672,77.6774049,,,indian;andhra,True,,,,
n13342571682,ATIL - Domlur,restaurant,12.956223,77.6366045,,,regional,False,,,,
n13342712901,Third Wave Coffee Roasters,cafe,12.942863,77.6921234,,,coffee_shop,False,,,,
n13344632701,The Red Lantern,restaurant,13.0021062,77.6615763,,,chinese,False,,,,
n13357167658,Loca Moca,cafe,12.9949462,77.6174919,,,coffee_shop,False,,,,
n13357304253,Bruno,cafe,12.9749065,77.6194507,,,,False,,,,
n13357442350,Amaravathi Palace,restaurant,12.9078426,77.5993414,,,indian,False,,,,
n13357442355,Sri Udipi Food Hub,restaurant,12.9254499,77.5969588,,06:00-24:00,indian,True,,,,
n13366201888,Quarter Peter,restaurant,12.9696748,77.6410845,,,,False,,,,
n13366201891,Yazu,restaurant,12.9733163,77.6017053,,,asian,False,,,,
n13366204719,TEKA,cafe,12.9798358,77.6384426,,,coffee_shop,False,,,,
n13366228002,Silaa The Garden Cafe,cafe,12.9125001,77.6393698,,,,False,,,,
n13366228003,Brewtroots Cafe,cafe,12.9118881,77.6392853,,,,False,,,,
n13366228004,Kaori by Chiran,cafe,12.9812171,77.6404308,,,,False,,,,
n13366228010,Kreme Kultura,cafe,13.0154219,77.6334862,,,coffee_shop,False,,,,
n13368666901,Chakum Chukum,restaurant,12.9058091,77.64458,,Mo-Su 11:00-00:00,,False,,,,
n13372172901,A2B,restaurant,12.9244351,77.6885399,,,,False,,,,
n13374172538,Taiki,restaurant,12.9148654,77.6384313,,,japanese;korean;asian,True,,,,
n13380656595,Phurr,restaurant,12.9705797,77.6458365,,,,False,,,,
n13381419276,Imperial Restaurant,restaurant,12.9912581,77.5936787,,,,False,,,,
n13384664045,Pari,restaurant,13.0117576,77.5521818,,,,False,,,,
n13384664046,Teresita,restaurant,12.9699602,77.6392255,,,,False,,,,
n13384664047,Foo,restaurant,13.011363,77.5554058,,,asian,False,,,,
n13384664048,Plente,restaurant,12.9710489,77.6475289,,,,False,,,,
n13384664049,Sable Cafe,cafe,12.9794442,77.6466519,,,,False,,,,
n13384664050,Smash Guys,restaurant,12.9206556,77.6852193,,,burger,False,,,,
n13384664051,The Burgery In,restaurant,12.9681018,77.6510775,,,burger,False,,,,
n13389960369,Kudla,restaurant,12.9662614,77.5949219,,,seafood,False,,,,
n13390683361,CMC Cafe,cafe,12.9765775,77.6270058,,,,False,,,,
n13392604832,Grumpy Girl Coffee,cafe,12.9749188,77.6362639,,09:00-18:00,,False,,,,
n13396678726,Sakura Matcha Bar,cafe,12.9088904,77.594996,,,,False,,,,
n13399242072,Diha,cafe,12.9061301,77.5971061,,,,False,,,,
n13401666866,Annapoorani,restaurant,12.9159788,77.6510171,,,,False,,,,
n13403844133,Araku,cafe,12.9706664,77.6104571,,,coffee_shop,False,,,,
n13406436965,Starbucks,cafe,12.9962952,77.6952327,,,coffee_shop,False,,,,
n13408952364,IKOI TOKYO,restaurant,12.9036192,77.5859915,,Mo-Sa 11:00-23:00; Su 10:30-23:00,japanese,True,,,,
n13410133255,Ishaara,restaurant,12.9966912,77.6967126,,,,False,,,,
n13410133256,Ishaara,restaurant,12.9752675,77.6019756,,,,False,,,,
n13411808220,Chalukya Samrat,restaurant,12.9285597,77.581973,,,,False,,,,
n13428525784,Paper & Pie,cafe,13.0603315,77.5925318,,,coffee_shop,False,,,,
n13428525785,1522,restaurant,13.0604757,77.5925547,,,,False,,,,
n13430562422,Third Wave Coffee Roasters,cafe,12.9945368,77.5397294,,,coffee_shop,False,,,,
n13434712638,Blue Tokai Coffee Roasters,cafe,12.9623612,77.7014722,,,coffee_shop,False,,,,
n13436974300,Blue Tokai,cafe,13.0261753,77.5458107,,,coffee_shop,True,,,,
n13437660234,Naughtee Cafe,cafe,12.9033317,77.5173602,,,,False,,,,
n13438511397,Nishy's Neer Dosa,restaurant,12.9088246,77.632668,,,,False,,,,
n13439886011,Got Tea,cafe,13.0149065,77.5559094,,,,False,,,,
n13439978792,Daily Bakehouse,cafe,12.988467,77.5936266,,,,False,,,,
n13442965101,Cafe Amudham,restaurant,12.9695016,77.6477886,,Mo-Su 07:00-01:00,,False,,,,
n13444583291,Third Wave Coffee Roasters,cafe,13.0108596,77.5553075,,,coffee_shop,False,,,,
n13450039301,MTR 1924,restaurant,12.9721859,77.6009205,,,,False,,,,
n13455856137,Schezuan Dragon,restaurant,12.9400588,77.5643695,,,asian,False,,,,
n13455856140,Hanumanthanagar Biriyani Junction,restaurant,12.9401949,77.5643718,,,,False,,,,
n13459600474,City Walk,restaurant,12.9743628,77.6072976,,,,False,,,,
n13459600475,Hotel The Curzon Court,restaurant,12.9744205,77.6078621,,,,False,,,,
n13459775801,OM Shakthi Hotel,restaurant,12.9683382,77.704882,,,,False,,,,
n13459782401,Om Shakthi Hotel,restaurant,12.9684181,77.7048823,,,,False,,,,
n13460698677,Andhra Chillies,restaurant,12.9519735,77.7001841,,,,False,,,,
n13461868322,Trippy Goat,cafe,12.973166,77.6143428,,,,False,,,,
n13463427690,Metro Cafe,cafe,12.9073997,77.5733618,,,coffee_shop,False,,,,
n13464026401,Meghana Foods,restaurant,12.9187785,77.6702136,,,indian,False,,,,
n13473351120,Barbeque Nation,restaurant,13.0303926,77.5420082,,,barbecue,False,,,,
n13481112035,Toms,restaurant,12.9670179,77.6063648,,,,False,,,,
n13481184835,Cafe Amudham,restaurant,13.0282328,77.5934519,,,,False,,,,
n13481201995,Udupi Express,restaurant,13.0250118,77.5875048,,,regional,True,,,,
n13481207501,Nisarga Grand,restaurant,13.0266598,77.5876107,,,,False,,,,
n13481207503,Biryani Loop,restaurant,13.026699,77.5874087,,,,False,,,,
n13482008838,The Smoke Meister,restaurant,13.0551627,77.6429732,,,,False,,,,
n13485170358,First Coffee,cafe,12.9218625,77.5849753,,,,False,,,,
n13485240462,Fast Coffee,cafe,12.9227412,77.5846644,,,,False,,,,
n13509361280,Bagelstein,cafe,12.9356186,77.6252806,,,,False,,,,
n13509361281,Bagelstein,cafe,12.9491009,77.6436704,,,,False,,,,
n13511696605,Costa,cafe,13.0090229,77.5812208,,,coffee_shop,False,,,,
n13513823023,Dome Cafe,cafe,12.9121669,77.6357893,,,,False,,,,
n13518461092,Acharya Cafe,restaurant,12.9257467,77.573709,,07:00-23:00,indian,True,,,,
n13519680301,The Hole in the Wall,cafe,12.9675841,77.6479361,,Tu-Su 07:30-20:30,breakfast;crepe;sandwich;savory_pancakes,False,,,,
n13525479413,Grill N Chill,restaurant,12.9295575,77.6308906,,,,False,,,,
n13531518186,Riyan's Tea Joint,cafe,13.0005558,77.6175765,,,,False,,,,
n13532197133,Paradise,restaurant,12.9600263,77.6449347,,,,False,,,,
n13536074294,Grazie The Cafe,cafe,12.9626241,77.6436053,,,,False,,,,
n13536102486,Uncle Peter Pancakes,cafe,12.9617266,77.6435467,,,pancake,False,,,,
n13536791401,Champaran Handiwale,restaurant,12.9345862,77.6257702,,Mo-Su 09:00-22:30,indian,False,,,,
n13541052229,Chai Point,cafe,12.9844179,77.7037454,,,coffee_shop,False,,,,
n13541052230,Third Wave Coffee Roasters,cafe,12.9874824,77.7036879,,,coffee_shop,False,,,,
n13546510501,Babai Tiffins,restaurant,12.9182479,77.6447299,,Mo-Su 07:00-01:00,,True,,,,
n13566162873,Adhira & Appa,restaurant,12.9195713,77.6682583,,,,False,,,,
n13566435717,Tim Hortons,cafe,12.9120206,77.647761,,,coffee_shop,False,,,,
n13588888209,Jaga,restaurant,12.9731092,77.5109925,,,,False,,,,
n13588888214,Dark Cafe,cafe,12.9742825,77.5093422,,,,False,,,,
n13588888215,Rowwdy Cafe,cafe,12.9739954,77.50948,,,,False,,,,
n13589034673,Rexon Fish Boat,restaurant,12.9746623,77.5127976,,,indian,False,,,,
n13605378389,Yuki,restaurant,12.9126127,77.679919,,,japanese,False,,,,
n13607088382,Ambur Hot Dum Biriyani,restaurant,12.9790982,77.6954712,,,indian,False,,,,
n13609012402,Raha You,cafe,12.9238366,77.5876117,,Tue - Sun 9.00am to 9.00pm,smoothie_bowls;cold_pressed_juices;chia_pudding;toasts,False,,,,
n13638889574,Pizza No Cap,restaurant,12.9753559,77.6168242,,,pizza,False,,,,
n13666061352,Thatha Tea,cafe,13.0216115,77.6475238,,,,False,,,,
n13688604741,Nāvu,restaurant,12.9731359,77.6144747,,Tu-Su 18:00-23:00,,False,,,,
n13688767222,Brooks And Bonds,restaurant,12.9340541,77.6232958,,,,False,,,,
n13688767224,Yuki,restaurant,12.9341072,77.6232967,,,japanese,False,,,,
n13715721083,Sendhoor Coffee,cafe,13.0114288,77.6799489,,,,False,,,,
n13718542920,Homiga,restaurant,12.9730512,77.6061516,,"Mo-Fr 12:00-16:00,18:00-00:00; Sa-Su 12:00-24:00",korean,False,,,,
n13721928951,Castle Multicuisine Restaurant,restaurant,12.9227202,77.6144323,,,,False,,,,
n13729135501,Punjabi Nukkad Pure Veg,restaurant,12.89797,77.6583941,,,indian,False,,,,
n13730703741,Cafe Nuvio,cafe,13.0488198,77.6457641,,,,False,,,,
n13731651391,Shimray,restaurant,12.9486947,77.6272873,,,,False,,,,
n13746237099,Third Wave Coffee Roasters,cafe,13.0041718,77.6602519,,,coffee_shop,False,,,,
n13747713833,Ambur Star Sum Biryani,restaurant,12.9947849,77.6980823,,,,False,,,,
n13747713834,Nati Kitchen,restaurant,12.9946147,77.6986687,,,,False,,,,
n13747713836,Thatha Tea,cafe,12.9945163,77.6989488,,,,False,,,,
n13781654129,FOMO - Flavours of Modern Orient,restaurant,12.9790273,77.640582,,,,False,,,,
n13786979883,Oye Kake,restaurant,12.973366,77.6145069,,,,False,,,,
n13786979884,Mai Mai,restaurant,12.9731007,77.6146209,,,asian,False,,,,
n13802835098,Nagarjuna Restaurant,restaurant,12.9953866,77.6972291,,,,False,,,,
n13807679741,Cafe Lazy Lad,cafe,13.0191454,77.6472071,,,,False,,,,
n13807679742,Coffee Casa,cafe,13.0167935,77.6471454,,,,False,,,,
n13807679743,Brisket and Chops,restaurant,13.0180831,77.6544772,,,,False,,,,
n13811113845,Bubble Tea,cafe,12.9089825,77.6448007,,,bubble_tea,False,,,,
n13812866847,NEKTR,restaurant,13.0730364,77.5951691,,,,False,,,,
n13816702096,Smash Guys,restaurant,12.947597,77.6918659,,,burger,False,,,,
n13816702097,Blue Tokai Coffee Roasters,cafe,12.9480963,77.6919034,,,coffee_shop,False,,,,
n13816702098,Paris Panini,restaurant,12.9479342,77.6918873,,,panini,False,,,,
n13816702099,The Pizza Bakery,restaurant,12.9482741,77.6919463,,,pizza,False,,,,
n13821556904,Bäcker & Charlie,cafe,12.9626572,77.6436102,,,,False,,,,
n13824117220,Dolci,cafe,12.9705043,77.5978029,,,coffee_shop,False,,,,
n13824117221,Hatti Kappi Signature,cafe,12.9706522,77.5978108,,,,False,,,,
n13887693501,Khao Aur Khane Do,restaurant,12.9642374,77.6400272,,,indian,False,,,,
n13911835540,Omira,cafe,12.9702491,77.6394944,,,coffee_shop,False,,,,
n13913670397,Gandhi Statue,memorial,12.9613669,77.6394584,,,,False,,,,
n13913682908,Meat & Eat Family Restaurant,restaurant,12.9613003,77.6370183,,,,False,,,,
n13913726646,Plume Cafe,cafe,12.9607342,77.6372443,,,,False,,,,
n13913731442,Sri Krishna Dosa Center,restaurant,12.9604486,77.6375258,,,,False,,,,
n13930795601,Udupi Naivedhyam Cafe,restaurant,12.9138816,77.5858948,,,,False,,,,
n13934923401,Eiffel Tower of Bengaluru,attraction,13.0563555,77.6022113,,,,False,,,,
n13934926901,Happiness Dhaaba,restaurant,13.0544307,77.6018627,,,,False,,,,
n13938129904,Third Wave Coffee Roasters,cafe,12.9222198,77.6693649,,,coffee_shop,True,,,,
n13938129905,Chianti,restaurant,12.9222418,77.6694437,,,italian,True,,,,
n13944445643,GroundUp Coffee,cafe,12.9915321,77.5796181,,,coffee_shop,False,,,,
n13945642501,Venify,restaurant,12.9839501,77.7040458,,,,False,,,,
n13949218096,Cafe Graze,cafe,12.9742763,77.6567157,,,,False,,,,
n13955133701,Simple Thindies,restaurant,12.9405494,77.5462401,,Mo-Sa 07:00-21:30; Su 07:00-12:30,indian,True,,,,
n13955577503,Meows & Muffins - Cat Café,cafe,13.0680138,77.5796321,,,coffee_shop;pasta;sandwich,False,,,,
n13956846705,Lavonne Cafe,cafe,12.9965109,77.5948584,,,,False,,,,
n13959537901,BUNGEO,cafe,12.9749503,77.6362628,,Mo-Su 12:00-22:00,ice_cream;korean;ramen,False,,,,
n13959538001,Goan POIEE,restaurant,12.913639,77.6490788,,Mo-Su 13:00-23:00,indian,False,,,,
n13961825702,Davanagere Benne Dosa Mane,restaurant,12.9107563,77.5789615,,Mo-Su 07:00-22:00,indian,False,,,,
n13962747991,Anthara,restaurant,12.9696742,77.7003728,,08:00-01:00,,False,,,,
n13964589901,Little Baghdad,restaurant,13.0144231,77.6394368,,Mo-Su 12:30-00:00,arab,False,,,,
n13964758432,The Leaf Table,restaurant,12.9693672,77.6416011,,,,False,,,,
n13964762819,Go Native Koramangala,restaurant,12.9247288,77.6190681,,,regional,True,,,,
n13964773250,The Lean Kafe,cafe,12.9344924,77.6177435,,,,False,,,,
n13968483244,Uttam Sagar,restaurant,13.0120028,77.6671738,,,,True,,,,
n13968496885,Udupi Mane Thindi,restaurant,13.0119883,77.6673519,,,regional,True,,,,
n13968496886,New Kadai,restaurant,13.0122119,77.6674544,,,,False,,,,
n13968510936,Pind Punjabi,restaurant,13.0119736,77.6674709,,,,False,,,,
n13969532999,The 11th Bean Cafe,cafe,12.9370412,77.5770397,,,coffee_shop,False,,,,
n13972255326,Udupi Garden,restaurant,13.0670502,77.6079925,,,,False,,,,
n13982059521,Swasthya Cafe,cafe,12.9755715,77.5712248,,,,False,,,,
n13987851130,Blue Tokai,cafe,12.9338618,77.6215007,,,,False,,,,
n13988540707,Iris Cafe,cafe,12.9231945,77.5852524,,,,False,,,,
n14008132001,Antera,restaurant,12.9624873,77.6414252,,,indian,False,,,,
n14042401385,Mitti Cafe,cafe,12.8948059,77.6027843,,Mo-Su 8:00-2:00,pizza;burger;coffee_shop;pasta;sandwich,False,,,,
n14051020266,Sai Jagannath Foods & Chats Point,restaurant,12.8944446,77.6201005,,,,False,,,,
n14051691645,Manju Chat Cart,restaurant,12.9247624,77.5817721,,,snack,True,,,,
n14051731711,AS Chai,restaurant,13.0181755,77.592175,,,tea;kebab,False,,,,
n14051731712,Medina Tea house,cafe,13.0179215,77.5920948,,,coffee_shop,False,,,,
n14051856781,TeaBoy,cafe,12.9134215,77.6148314,,Mo-Su 08:00-22:00,burger;sandwich;coffee_shop,False,,,,
n14057846301,Nandanam Cafe,restaurant,12.9617324,77.6495068,,,indian,False,,,,
n14061018968,Kame Matcha,cafe,12.985434,77.5964935,,,tea,False,,,,
n14061018969,La Couronne,cafe,12.9855077,77.5964131,,,,False,,,,
n14063940046,Third Wave Coffee Roasters,cafe,12.9602708,77.5310186,,,coffee_shop,False,,,,
n14072044552,Maverick and Farmer Coffee,cafe,13.0607032,77.6486313,,,coffee_shop,False,,,,
n14072986456,Happy Chopsticks,restaurant,12.9033564,77.5214452,,Mo-Su 10:30-22:30,chinese,True,,,,
n14075972901,Ganbeii Microbrewery,restaurant,12.9329789,77.6147807,,,,False,,,,
n14080080398,Chaayos,cafe,12.8881702,77.56314,,,tea,False,,,,
n14080080399,Third Wave Coffee Roasters,cafe,12.8881888,77.5631574,,,coffee_shop,False,,,,
n14081849942,California Burrito,restaurant,12.9354958,77.5175643,,Mo-Su 11:00-23:00,mexican,False,,,,
n14081850869,RR Vatika,restaurant,12.9260169,77.5178701,,Mo-Su 12:00-22:30,indian;chinese;punjabi,True,,,,
n14084366837,Ruchi Paratha,restaurant,12.9165653,77.5006115,,Mo-Su 11:30-22:00,indian;punjabi,True,,,,
n14085227237,Brik Oven,restaurant,12.9340877,77.6302814,,,pizza,False,,,,
n14085347410,Royal Indraprastha,restaurant,12.9039746,77.5116432,,Mo-Su 07:00-23:00,indian;chinese;punjabi;south_indian,True,,,,
n14087416613,California Burrito,restaurant,12.959652,77.5330099,,Mo-Su 11:00-23:00,mexican,False,,,,
n14096862398,Ondu Plate @Science Gallery,restaurant,13.0254373,77.5849564,,,regional,False,,,,
n14115128990,Chai Galli,cafe,12.9498622,77.6991587,,,,False,,,,
n14122433900,Blue Tokai Coffee Roasters,cafe,12.8839507,77.5830755,,,coffee_shop,False,,,,
n14122442546,Blue Tokai Coffee Roasters,cafe,12.8882165,77.5629441,,,coffee_shop,False,,,,
n14122448120,GOT Tea,cafe,12.9160465,77.6531026,,,,False,,,,
n14122457786,Blue Tokai Coffee Roasters,cafe,12.887321,77.6103267,,,coffee_shop,False,,,,
n14122468658,Blue Tokai Coffee Roasters,cafe,13.0705952,77.5902987,,,coffee_shop,False,,,,
n14122484107,Paper & Pie,cafe,13.0219364,77.6402119,,,coffee_shop,False,,,,
n14128846396,Malenadu Brahmins Cafe,cafe,12.8771177,77.5447454,,,,False,,,,
n14130387210,California Burrito,restaurant,12.9141532,77.6449553,,,mexican,False,,,,
n14133768380,Mixnosh Art Cafe,cafe,12.9075262,77.6455529,,,,False,,,,
n14137586701,Satvik Kitchen,restaurant,12.9235178,77.5850195,,Mo-Su 07:00-21:00,indian,False,,,,
n14144006001,Continuum,restaurant,12.9067702,77.5765996,,,asian;indian;oriental,False,,,,
n14144008301,Truffles,restaurant,12.9067587,77.5765666,,,american;burger;pasta;pizza,False,,,,
n14152728201,BeCafe,cafe,12.9759219,77.5985989,,,,False,,,,
n14154914301,National Horticulture Library and Museum,museum,12.9528362,77.5860312,,,,False,,,,
n14167036016,1522 The Pub,restaurant,13.0217628,77.6406387,,,,False,,,,
n14177298323,Third Wave Coffee Roasters,cafe,12.9095138,77.6326991,,Mo-Su 07:30-23:00,coffee_shop,False,,,,
n14177301716,Paper & Pie,cafe,13.0241132,77.6399571,,,coffee_shop,False,,,,
n14177351740,Pizza Valley,restaurant,13.0216646,77.6419929,,,pizza,False,,,,
n14179754750,Swami Vivekananda,memorial,12.9325137,77.575806,,,,False,,,,
n14180851119,Firefly Coffee Roasters,cafe,12.9231017,77.5923458,,Mo-Su 09:00-19:00,coffee_shop,False,,,,
n14188959089,Chaayos,cafe,12.97863,77.6422316,,,tea,False,,,,
n14196149524,Tan Coffee,cafe,12.9100936,77.595714,,,coffee_shop,False,,,,
n14196149529,Ambedo,restaurant,12.9102609,77.5980797,,,,False,,,,
n14196149530,Bologna,restaurant,12.9106034,77.5970015,,,italian,False,,,,
n14200893701,Grab N Go Cafe,restaurant,13.0325134,77.5665584,,,,False,,,,
n14208259435,Mezziki,restaurant,12.911806,77.6399302,,,mediterranean,False,,,,
n14208306357,Kebapci,restaurant,12.970681,77.6410125,,,turkish,False,,,,
n14208324424,Sattvam,restaurant,12.9203915,77.5835422,,,regional,False,,,,
n14213722127,Shree Vadanga Juices & Condiments,cafe,12.9255995,77.5858278,,,,False,,,,
n14213996455,Hotel Ganesh,restaurant,12.9429541,77.5978201,,Mo-Su 06:30-21:00,,False,,,,
n14214271391,Chatpatazz,restaurant,12.8869838,77.5517487,,,,False,,,,
n14226189002,Anama Coffee,cafe,12.9800893,77.6388629,,Mo-Su 08:00-20:00,,False,,,,
n14231118477,One more coffee,cafe,13.0159559,77.5622635,,,,False,,,,
n14231996120,Swaminatha Veg Restaurant,restaurant,12.9183732,77.6002428,,,,False,,,,
n14232070411,BTM Pizza,restaurant,12.9142257,77.6099499,,,,False,,,,
n14232070435,Mayuri,restaurant,12.9164414,77.6055619,,,,False,,,,
n14232070443,Swarnaloka,restaurant,12.9168443,77.6044183,,,,False,,,,
w15802464,Lalbagh Botanical Gardens,attraction,12.9488929,77.5866794,,,,False,,,,
w15802611,MN Krishna Rao Park,park,12.9421447,77.5753387,,,,False,,,,
w22895320,Cubbon Park,park,12.9741742,77.5934146,,,,False,,,,
w23494412,Silver Jubilee Park,park,12.9638755,77.5805412,,,,False,,,,
w27789854,Wipro Park,park,12.9283646,77.6334858,,,,False,,,,
w27791264,Putha Narasimhachar Park,park,12.9193523,77.5853001,,,,False,,,,
w28120266,Kuvempu Park,park,12.9147542,77.6089217,,,,False,,,,
w28186877,Lakshmi Devi Park,park,12.9390827,77.6197058,,,,False,,,,
w32258996,Sri SK Nataraj Park,park,12.9079385,77.58143,,,,False,,,,
w32315160,Sidharth Park,park,12.9341574,77.6191922,,,,False,,,,
w32316224,Chamundeshwari Park,park,12.941095,77.6156687,,,,False,,,,
w32424606,Rainwater Harvesting Theme Park,park,12.9205319,77.5825157,,,,False,,,,
w32424881,Brindavana Park,park,12.9248876,77.5822898,,,,False,,,,
w32425083,Paakashala,restaurant,12.9198117,77.5757987,,,,False,,,,
w32426890,Madhavan Park,park,12.936326,77.5857155,,,,False,,,,
w33725070,Richards Park,park,13.0040986,77.6169728,,,,False,,,,
w33834081,Manyata Park,park,13.0552468,77.6212394,,,,False,,,,
w35312034,Dr. Ambedkar Park,park,12.9592727,77.6634483,,,,False,,,,
w36327876,Defence Colony Park,park,12.9762608,77.6445025,,"06:00-12:00,15:00-20:00",,False,,,,
w36884560,Freedom Park,park,12.9774067,77.5819036,,,,False,,,,
w36897682,Silver Jubilee Park,park,12.9636973,77.582866,,,,False,,,,
w36958500,Sajjan Rao Park,park,12.952325,77.5768001,,,,False,,,,
w37107047,Jayaprakash Narayan Park,park,13.0348402,77.5507145,,,,False,,,,
w37786371,BBMP Park,park,12.9308899,77.6319955,,,,False,,,,
w38096679,Mariyappna Palya Park,park,12.9973223,77.5564063,,,,False,,,,
w38536363,Bashyam Park,park,12.9921466,77.5721822,,,,False,,,,
w38751028,Tippu's Summer Palace,attraction,12.9594759,77.5737979,,,,False,,,,
w38751029,Bangalore Fort,fort,12.9629032,77.5757838,,,,False,,,,
w38772822,Traffic Park,park,12.9734667,77.6009237,,,,False,,,,
w38858198,Ramana Maharshi Park,park,13.0121051,77.5828364,,,,False,,,,
w38858233,Sadashivanagar Low Level Park,park,13.0124497,77.5754611,,,,False,,,,
w38870537,Kumara Park West Park,park,12.9921116,77.5781507,,,,False,,,,
w38871248,Jawaharlal Nehru Planetarium,attraction,12.9845695,77.5901037,,,,False,,,,
w38872968,MS Building Park,park,12.9784331,77.5873824,,,,False,,,,
w38872969,Fun World,theme_park,13.0066002,77.5912607,,,,False,,,,
w39022406,Jayamahal Park,park,13.0012098,77.5976652,,"Mo-Su 05:00-09:00,16:00-20:30",,False,,,,
w40629065,Jayanti Garden,park,12.9439821,77.5732623,,,,False,,,,
w40629066,Madhava Rao Park,park,12.9440061,77.5772033,,,,False,,,,
w40631652,Vishnuvardhan Park,park,12.9251027,77.594732,,,,False,,,,
w41212267,General Iyappa Park,park,13.0472016,77.5561007,,,,False,,,,
w41749089,Swamy Vivekananda Park,park,12.9994423,77.5416585,,,,False,,,,
w42013538,HMT Park,park,13.0488414,77.5467445,,,,False,,,,
w42013636,Sharadamba Nagar Park,park,13.0465891,77.5422015,,,,False,,,,
w42434168,Netaji Subash Chandra Bose Park,park,12.9913539,77.5442696,,,,False,,,,
w42445763,Vishveshwaraya Park,park,12.995913,77.5413795,,Mo-Su 05:00-22:00,,False,,,,
w42475178,SKV Park,park,12.9977979,77.5416762,,,,False,,,,
w42475182,Uphill Park,park,12.9956433,77.5437901,,,,False,,,,
w45439811,BBMP Park,park,12.9439601,77.5973757,,,,False,,,,
w45443117,Nehru Park,park,12.9883532,77.5757988,,,,False,,,,
w51369519,Krantiveera Sangolli Rayanna Park,park,13.0072558,77.5580358,,,,False,,,,
w52032467,Karnataka Government Museum,museum,12.9748194,77.5958189,,Mo-Su 10:00-18:00,,False,,,,
w52057921,Jawahar Bal Bhavan Childrens Park,park,12.9760768,77.5966542,,,,False,,,,
w52059217,Jawahar Bal Bhavan,park,12.9765448,77.5972895,,"Mo-Su 10:30-13:30, 14:00-18:00",,False,,,,
w52063158,Mahatma Gandhi Park,park,12.9772497,77.5996818,,,,False,,,,
w52244609,Banappa Park,park,12.9692305,77.5854109,,,,False,,,,
w53857356,Lokmanya Tilak Park,park,12.9737304,77.5722918,,,,False,,,,
w54147280,Jayaprakash Narayana Park,park,12.9704117,77.5455182,,,,False,,,,
w54147968,Hampinagar Park,park,12.9623972,77.5410073,,,,False,,,,
w54148021,Aalada Mara (Banyan Tree),park,12.9590229,77.5364157,,,,False,,,,
w55684220,Dr Rajkumar Park,park,12.951867,77.5589753,,,,False,,,,
w55981268,BBMP Park,park,12.9636623,77.639361,,,,False,,,,
w56734547,BBMP Park,park,12.9656296,77.63705,,,,False,,,,
w59358729,B R Ambedkar Playground,park,12.9790236,77.6285473,,,,False,,,,
w59358734,Wood Park,park,12.9795107,77.6359131,,"5:00-9:00,16:00-20:30",,False,,,,
w59358786,Double Road Park,park,12.9812633,77.6375388,,"5:00-9:00,16:00-20:30",,False,,,,
w59358836,Indiranagar Park,park,12.9790665,77.6335165,,5:00-10:00;16:30-19:00,,False,,,,
w71516174,VV Park,park,13.0285944,77.5954864,,,,False,,,,
w72385373,Milton Street Park,park,13.0009284,77.624071,,,,False,,,,
w81172819,Nandini Park,park,12.9104809,77.6115911,,,,False,,,,
w81251699,BBMP Park,park,12.9309219,77.5444503,,,,False,,,,
w90843342,Nethravathi Park,park,12.9170621,77.6531496,,,,False,,,,
w90843344,Kaveri Park,park,12.9128446,77.649784,,,,False,,,,
w94441458,"Circular Park, Nandini Layout",park,13.0114373,77.5366935,,,,False,,,,
w98005709,Kuvempu Park,park,12.9749831,77.6545388,,,,False,,,,
w105317893,Jogger's Park,park,12.9801381,77.6337183,,"5:00-10:00,16:30-19:00",,False,,,,
w105318901,Shankarnag Park,park,12.9629172,77.6373121,,,,False,,,,
w114786294,Panchavati,attraction,13.0052976,77.5644774,,,,False,,,,
w115834973,Rest House Park,park,12.9725986,77.6053175,,,,False,,,,
w118926923,GP Raja Ratnam Park,park,12.9733878,77.656523,,,,False,,,,
w118926926,Visvesvaraya Park,park,12.970693,77.6505595,,"05:30-09:30,17:30-20:00",,False,,,,
w119132968,Gandhiji Park,park,12.9694333,77.649265,,,,False,,,,
w119172185,Kumaraswamy Layout Park,park,12.9021504,77.5588106,,,,False,,,,
w121883110,National Gallery of Modern Art,museum,12.9894478,77.5881204,,Tu-Su 11:00-18:00,,False,,,,
w121883114,National Gallery of Modern Arts,gallery,12.9891944,77.587991,,,,False,,,,
w125860879,BTM,park,12.9112883,77.6045664,,,,False,,,,
w125862469,Udupi Garden Park,park,12.9178254,77.6104897,,"Mo-Su 05:00-10:00, Mo-Su 18:00-20:00",,False,,,,
w125862474,BTM Park,park,12.9192245,77.6099548,,"Mo-Su 05:00-10:00, Mo-Su 18:00-20:00",,False,,,,
w128510778,Doopanahalli Park,park,12.9686326,77.6367992,,,,False,,,,
w131610644,BBMP Thavarkere Park,park,12.9286874,77.6025496,,,,False,,,,
w132417430,Sanjay Nagar Park,park,13.0319397,77.5774013,,,,False,,,,
w132706873,Navaranga Playground,park,12.9966867,77.553549,,,,False,,,,
w132928199,Jogger's Park,park,13.0059914,77.5755633,,,,False,,,,
w132998344,Dr Ambedkar Park,park,12.919261,77.5196974,,,,False,,,,
w133134238,Senior Citizen Park,park,12.9121774,77.5908568,,,,False,,,,
w133145605,Chenamma Kere Park,park,12.9268596,77.5542156,,,,False,,,,
w133182891,Coles Park,park,12.9941564,77.6090213,,,,False,,,,
w133268648,Uma Maheshwara park,park,12.928652,77.5726993,,,,False,,,,
w133378267,Vivekananda Park,park,12.9394835,77.5472653,,,,False,,,,
w133756163,Sir M Vishweshwaraya Park (Monkey Park),park,12.9897894,77.535985,,,,False,,,,
w133756192,Dhobi Ghat Park,park,12.9872218,77.5504671,,,,False,,,,
w133756195,SBI officers colony park,park,12.9911963,77.5341081,,,,False,,,,
w133857696,BBMP Park,park,13.05766,77.5982396,,,,False,,,,
w133857715,Bhuvaneswari Nagar Park,park,13.054544,77.6024809,,Mo-Su 08:00-22:00,,False,,,,
w138391170,Bapuji Layout Park,park,12.9625209,77.5270011,,,,False,,,,
w138391190,Subbana Garden Park,park,12.9654598,77.5296602,,,,False,,,,
w138449004,Balalayanna Kere Park,park,12.9782911,77.5278275,,,,False,,,,
w138905256,Kala Kesari Udayakumar,park,13.0026042,77.55172,,,,False,,,,
w139217425,Island Park,park,13.0126844,77.5746448,,,,False,,,,
w141790510,Nandanavana Udyanavana,park,12.9301996,77.5422679,,,,False,,,,
w143384387,Bangalore Palace,attraction,12.9986075,77.5919876,,,,False,,,,
w144964634,BHBCS Park,park,12.9583619,77.5279643,,,,False,,,,
w144989738,HAL Aerospace Museum,museum,12.9553785,77.6813314,,Mo-Su 09:00-17:00,,False,,,,
w147124751,Kitturu Rani Chennamma Park,park,12.9510783,77.594223,,,,False,,,,
w148032604,RIT Entrance Garden,park,13.0296722,77.5657745,,,,False,,,,
w148669366,Nehru Park,park,12.988255,77.5767046,,,,False,,,,
w149355875,Veterinary College Garden,park,13.0291133,77.5857219,,,,False,,,,
w149418901,Basava Dhama Park,park,13.0129604,77.5540663,,,,False,,,,
w149584314,Jnana Ganapati Temple Park,park,12.9469939,77.4918554,,,,False,,,,
w150894237,Gandhinagar Park,park,12.9783286,77.5783019,,,,False,,,,
w160470310,Tamarind,restaurant,13.0127015,77.6475739,,,,False,,,,
w162259366,SSM park (Chennammanakere park),park,12.9315108,77.5636909,,sunrise-sunset,,False,,,,
w162268002,Banashankari Brundavana Park,park,12.9247046,77.5662497,,,,False,,,,
w162268534,Public Park,park,12.9252458,77.5651227,,,,False,,,,
w166560446,L.A.Perumal Childrens Park,park,12.9655717,77.6360749,,,,False,,,,
w166733773,B R Ambedkar Park,park,12.9405031,77.6172058,,,,False,,,,
w168712748,Dr. Rajkumar Park,park,13.0163415,77.6407229,,,,False,,,,
w169709339,Udani Layout Park,park,12.9699932,77.633458,,,,False,,,,
w169717868,Paramahansa Yogananda Circle,park,12.9663077,77.6375826,,,,False,,,,
w169800539,MC Layout Park,park,12.972681,77.5356957,,,,False,,,,
w169805133,Nisarga Dhama Park,park,12.984444,77.5349691,,,,False,,,,
w172883350,NGV Park,park,12.9446538,77.6238972,,,,False,,,,
w172920310,Coffee Board Layout Park,park,13.0525398,77.605621,,,,False,,,,
w173051066,Sangameshwara Park,park,12.9161336,77.5218978,,,,False,,,,
w177266968,BBMP Park,park,12.8889766,77.5784217,,,,False,,,,
w182177279,Ulsoor Lake Park,park,12.9853954,77.6221829,,,,False,,,,
w184299457,Shiv Sagar Express,restaurant,13.0280798,77.572201,,,,False,,,,
w187152098,Manjunathnagar Park,park,12.992647,77.5500323,,,,False,,,,
w188030764,BDA Park,park,13.032747,77.6293274,,,,False,,,,
w191352335,Cariappa Memorial Park,park,12.9776094,77.6036679,,,,False,,,,
w192051693,Buddha Shanti Kanive,park,12.9796599,77.513564,,,,False,,,,
w192051695,Ramakrishna Hegde Park,park,12.9769572,77.5123,,,,False,,,,
w192184216,Line Park,park,12.9983963,77.5488518,,,,False,,,,
w197122158,Cafeteria,cafe,12.9315321,77.6053257,,,,False,,,,
w199024267,Ramakrishna Paramahamsa Park,park,13.0176526,77.5351791,,,,False,,,,
w199316737,Student Lounge,park,12.9345346,77.5354966,,,,False,,,,
w201068721,Leena Park,park,12.937577,77.6211789,,,,False,,,,
w201069173,Anuroopa Park,park,12.9367726,77.617663,,,,False,,,,
w201071753,Akhila Park,park,12.9345461,77.6218521,,,,False,,,,
w201072740,Daniel Park,park,12.91675,77.6192237,,,,False,,,,
w201253300,Satish Dhawan Memorial Park,park,13.0548129,77.5742951,,,,False,,,,
w202675804,AGS Layout Recreational Park,park,12.9131347,77.537404,,,,False,,,,
w213799479,B.D.A. Park,park,12.942856,77.5430107,,,,False,,,,
w217536635,Dr Ambedkar Park,park,12.9713377,77.6380075,,,,False,,,,
w217536640,Children's Park,park,12.9788845,77.6272201,,,,False,,,,
w217565212,Kanakadasa Park,park,12.9611962,77.6414111,,,,False,,,,
w217565867,Domlur SAARC Park,park,12.9614166,77.6393795,,,,False,,,,
w217937696,Bhuvanagiri Park,park,13.0118753,77.6591927,,,,False,,,,
w217937984,OMBR Outer Ring Road Park,park,13.012982,77.661694,,,,False,,,,
w223045577,Biryani Zone,restaurant,12.9523885,77.7003179,,,,False,,,,
w224321403,Hanumanthanagar Park,park,12.937686,77.5589287,,,,False,,,,
w224733814,Vidyaranyapura II Block Park,park,13.0712418,77.5567277,,,,False,,,,
w232237173,Jayashankar Park,park,12.918387,77.6305117,,,,False,,,,
w232780058,Lumbini Gardens,park,13.0432927,77.6097958,,,,False,,,,
w232875109,Green View Welfare Park,park,13.008287,77.6581534,,,,False,,,,
w232881073,BBMP Park,park,13.0007399,77.662477,,,,False,,,,
w233078450,California Burrito,restaurant,12.9060986,77.5903941,,,mexican,False,,,,
w233128987,Independence Park,park,12.907384,77.6472991,,,,False,,,,
w233247334,SJP2 Center Court,restaurant,12.9146521,77.6842257,,,indian,False,,,,
w233254176,SJP2 Canteen,restaurant,12.915127,77.6834462,,,indian,False,,,,
w233329530,SJP1 Canteen,restaurant,12.9140384,77.6861894,,,indian,False,,,,
w235147107,Main Park,park,12.9146584,77.6637767,,,,False,,,,
w239449057,Dr Abdul Kalam Park,park,12.8952439,77.5590033,,,,False,,,,
w239449580,Dr Satish Dhawan Park,park,12.8965422,77.5583021,,,,False,,,,
w239449581,Rastrakavi Kuvempu Playground,park,12.8982316,77.5605454,,,,False,,,,
w239555460,Triangle Park ISRO Layout,park,12.900548,77.5584899,,,,False,,,,
w239716959,Kalkere Park,park,13.0337917,77.6741535,,,,False,,,,
w244032543,Chennamma Kere Achukattu Park,park,12.9256966,77.5535578,,,,False,,,,
w248031124,ISI Park,park,12.9302966,77.502963,,,,False,,,,
w248981465,Ram Mandir Ground,park,12.9856441,77.5561073,,,,False,,,,
w257625435,Namma Park,park,12.9943301,77.5933937,,,,False,,,,
w259174707,Shantiniketan Park,park,12.8816232,77.6076027,,,,False,,,,
w259878361,Children's Park,park,12.8995957,77.5575497,,,,False,,,,
w262857972,Virat Nagar Park,park,12.9036079,77.6208549,,"Mo-Su 06:00-11:00, 17:00-21:00",,False,,,,
w273780381,Indira Gandhi Musical Fountain Park,park,12.9851453,77.591501,,,,False,,,,
w273780384,Indira Gandhi Musical Fountain,attraction,12.9852103,77.5918575,,19:00-20:30,,False,,,,
w273786646,National Military Memorial,attraction,12.9858095,77.5908885,,,,False,,,,
w278457027,Park at RT Nagar,park,13.0223671,77.5954429,,,,False,,,,
w286439576,Hemavati Park,park,12.9162888,77.6481638,,,,False,,,,
w287870134,BBMP Park,park,12.958176,77.5311508,,,,False,,,,
w299877333,Bugle Rock Park,park,12.9421433,77.5692538,,,,False,,,,
w307097420,DV Gundappa Park,park,12.924838,77.5692815,,,,False,,,,
w309936964,BM Kaval Childrens Park,park,12.9811042,77.647751,,,,False,,,,
w310909648,Sahakarnagar C Block Park,park,13.0629469,77.5819582,,,,False,,,,
w311364310,Bhagini Bellandur restaurant,restaurant,12.9253514,77.6759422,,"Fr,Sa 11:00-01:00, Su-Th 11:00-24:00",,False,,,,
w311369037,Rock Park,park,12.9242393,77.5623136,,,,False,,,,
w312367174,Cafe Coffee Day,cafe,13.0317557,77.559631,,,coffee_shop,False,,,,
w312368470,Kanthi Sweets,restaurant,13.0316113,77.5593212,,,regional,False,,,,
w313816690,Rose Garden Bar & Restaurant,restaurant,12.9994947,77.6246862,,,,False,,,,
w313828426,Madhav Rao Park,park,12.9866534,77.5788086,,,,False,,,,
w313831699,Teacher's Colony Park,park,12.9175448,77.6291049,,sunrise-sunset,,False,,,,
w313863260,Ecological Park,park,13.0232712,77.5235566,,,,False,,,,
w314082237,Children' play park,park,12.9898972,77.557249,,,,False,,,,
w314209406,Yogi-sthaan (Yoga House),cafe,12.9810383,77.6384098,,08:00-21:00,indian,False,,,,
w314368700,Trees,park,12.8878405,77.578451,,,,False,,,,
w314368702,Trees,park,12.8874841,77.5779472,,,,False,,,,
w314368703,Trees,park,12.8867528,77.578667,,,,False,,,,
w319551492,Vivekananda Park,park,12.9210796,77.519083,,,,False,,,,
w319552562,Rajarajeshwari Nagar Park,park,12.928623,77.5165144,,,,False,,,,
w322859361,Raj Katte Park,park,12.9088622,77.5610719,,,,False,,,,
w323037941,BEML Playground,park,12.974433,77.6694265,,,,False,,,,
w323094310,Sector 2 Park,park,12.9097681,77.6463546,,,,False,,,,
w323458335,Madiwala Park,park,12.9246934,77.6178048,,,,False,,,,
w323642593,Twin park 1,park,12.9080574,77.640543,,,,False,,,,
w323642594,Twin park 2,park,12.9075376,77.6405212,,,,False,,,,
w324651009,Dr. BR Ambedkar Park,park,12.9544229,77.6429246,,,,False,,,,
w325764244,MLA Layout Park,park,13.0416671,77.5645143,,,,False,,,,
w326032584,Richmond Town Park,park,12.9635291,77.6017119,,,,False,,,,
w327551780,Visvesvaraya Industrial and Technology Museum,museum,12.9752241,77.5964289,,Mo-Su 10:00-18:00,,False,,,,
w330471450,BDA Public Site,park,12.9750556,77.6400675,,,,False,,,,
w331330192,Glen's Bakehouse,cafe,12.9791511,77.6405367,,,pancake;breakfast;ice_cream;cake;coffee_shop,True,,,,
w331338674,Gokul Kuteera Restaurant,restaurant,12.978429,77.635725,,,,True,,,,
w331669853,Imli,restaurant,12.9798335,77.6395891,,,,False,,,,
w332394765,Sunnys,restaurant,12.9718635,77.5985557,,,international,False,,,,
w334146826,Dharma Naidu Udhyanavana,park,12.989147,77.5576453,,,,False,,,,
w335167581,Anna Basavanna Park,park,13.0086638,77.5441278,,,,False,,,,
w335167682,Anjaneya Swami Gudi Udyana,park,13.0087591,77.5460294,,,,False,,,,
w337520260,Hare Krishna Park,park,13.0055626,77.5491087,,,,False,,,,
w343611384,Magic Spice,restaurant,12.9258833,77.6768999,,,,False,,,,
w343678672,Parika,restaurant,12.9117877,77.6396796,,,seafood,False,,,,
w343842758,Defence Colony Childrens Park,park,12.9754282,77.6449018,,"08:00-12:00,15:00-19:00",,False,,,,
w343842760,Indiranagar Park,park,12.9712717,77.6441055,,"05:30-09:45,16:00-20:00",,False,,,,
w343842765,Senior Citizens Park,park,12.974917,77.6438798,,,,False,,,,
w345906113,Palate Restaurant,restaurant,12.9579223,77.5185445,,,,False,,,,
w346025222,Sarvagna Park,park,12.999408,77.6203085,,,,False,,,,
w346422524,Trupti Tindi,restaurant,13.0691169,77.5808726,,"Mo-Su 07:00-11:30,17:00-21:00",south_indian,True,,,,
w346425569,Kerala Mess,restaurant,13.0278009,77.6310139,,08:00-22:30,Kerala,False,,,,
w346457738,Jive Pub,restaurant,12.9732975,77.6360872,,Mo-Su 11:00-23:30,regional,False,,,,
w346726965,HKBK Hostel Mess,restaurant,13.0350694,77.6198957,,,,False,,,,
w346753343,"Brahmin's Fast Food, Juice and Chats",restaurant,13.0279158,77.5719737,,,south_indian,False,,,,
w346772871,Manora,gallery,12.9778216,77.6406734,,,,False,,,,
w346807969,NGEF Park,park,13.0377598,77.5749792,,"Mo-Su 06:00-08:00,16:30-20:00",,False,,,,
w346866570,Taran Sagar Restaurant,restaurant,13.0194971,77.539281,,,,False,,,,
w347039621,Udupi Upahar,restaurant,12.9251991,77.6337342,,07:00-22:30,regional,False,,,,
w347079961,Krishna Grand Restaurant,restaurant,12.9213283,77.5710801,,Mo-Sa 08:00-20:00,South_indian;North_Indian,False,,,,
w347123862,KAHALE - Filter kaapi bar,cafe,12.924482,77.5850928,,6 AM - 11 PM,coffee_shop,False,,,,
w347188663,Gillys 104 Bar,restaurant,12.9332863,77.6147148,,Mo-Sa 09:30-21:00,,False,,,,
w347225598,Jagli Thindi,restaurant,12.8918594,77.5909678,,Mo-Su 07:00-22:00,indian;udupi,True,,,,
w347231662,Paakashala,restaurant,12.896796,77.5703127,,,,False,,,,
w347237497,The Hole In The Wall Cafe,cafe,12.9347614,77.6254885,,Tu-Su 08:00-21:00,american,False,,,,
w347415933,MTR,restaurant,12.9163519,77.6445734,,Mo-Su 07:00-21:30,,False,,,,
w347447029,Shanti Sagar,restaurant,12.9537465,77.5673285,,08:00-22:00,indian;south_indian,True,,,,
w347447341,Nagarjuna,restaurant,12.9338342,77.6211473,,"Mo-Su 11:00-16:00,19:00-23:00",Andhra,False,,,,
w347482780,Hotel delight,restaurant,12.9307596,77.6030109,,,,False,,,,
w347482919,juice magic,cafe,12.9295624,77.6031531,,,regional;teax-mex,False,,,,
w347484379,Savoury - Sea Shell Restaurant,cafe,12.9310385,77.6009465,,24/7,international,False,,,,
w347564363,South Kitchen,restaurant,12.9380404,77.5686782,,"06:00-12:00,16:00-21:00",regional,False,,,,
w347990397,Dr. Vishnuvardhan Park,park,12.9637364,77.6429921,,"06:00-10:00,16:00-19:00",,False,,,,
w348080129,Fidelis Food Court,restaurant,12.934563,77.6935579,,,,True,,,,
w348098092,Sōmēśvaram,restaurant,12.9771074,77.5792163,,,indian,False,,,,
w348121410,Board 4 Bored,cafe,12.9137835,77.5209062,,,sandwich;chinese;italian;indian;mexican,False,,,,
w348168442,Donne Biryani House,restaurant,12.9261764,77.6779165,,,,False,,,,
w348182203,Chai House,cafe,12.9127182,77.6536643,,Mo-Su 08:30-23:30,coffee_shop;tea;sandwich;indian,False,,,,
w348248061,Worker's Canteen,restaurant,12.9319643,77.5026152,,"Mo-Fr 01:00-02:00, Mo-Fr 3:00-3:15",,False,,,,
w348257690,SN Refreshments,restaurant,12.9083141,77.5871102,,,indian;breakfast,False,,,,
w348498503,Juice Junction,restaurant,12.9058934,77.5952208,,,juice;sandwich;rolls,False,,,,
w348498697,Tattva Coffee Roasters,cafe,12.9129394,77.5971091,,,,False,,,,
w348537717,Sri Sharadadevi Park,park,12.9559445,77.5281528,,,,False,,,,
w348827303,Bhramins Thate Idly Shop,restaurant,13.0079616,77.5639934,,,indian;regional;south_indian,True,,,,
w348866051,Cafe Down The Alley,cafe,12.9353345,77.5329892,,,italian,False,,,,
w349461400,Smoke,restaurant,13.0278568,77.5732416,,,indian,False,,,,
w350572306,Kumara Bhavana,restaurant,12.9378721,77.5674301,,,,False,,,,
w351328935,Green House Park,park,13.0293609,77.5631302,,,,False,,,,
w351329776,NIAS residence Garden Area,park,13.0289146,77.563138,,,,False,,,,
w351370428,NIAS Guest House Cafe,cafe,13.0290439,77.5635122,,,,False,,,,
w362882089,South City Park,park,12.889091,77.5904551,,,,False,,,,
w362886442,Maruthi Layout Park,park,12.9207334,77.607243,,,,False,,,,
w362888858,Vijaya Bank Layout Park,park,12.8919306,77.6081055,,,,False,,,,
w362891218,BBMP,park,12.9001845,77.562125,,,,False,,,,
w362892978,New BDA Layout Park,park,12.9439233,77.5383902,,,,False,,,,
w362894524,Banagiri Nagar BBMP Park,park,12.9228933,77.5586199,,,,False,,,,
w362907846,Shamanna Park,park,12.9378191,77.5714966,,,,False,,,,
w362909552,Hanumanth Nagar Park,park,12.947441,77.5634781,,,,False,,,,
w362913765,Netaji Memorial Park,park,12.92941,77.5177585,,,,False,,,,
w362914141,Siddalingaiah Park,park,12.9295564,77.5212498,,,,False,,,,
w362919672,BBMP Park,park,12.9183608,77.6365654,,,,False,,,,
w362920330,Rectangle Park,park,12.9321809,77.6295061,,,,False,,,,
w362920876,Swabhimana Park,park,12.927514,77.6355294,,,,False,,,,
w362921972,Children's Park,park,12.9331364,77.6327824,,,,False,,,,
w362922597,S T Bed Park at 5th Cross,park,12.9342196,77.6318221,,,,False,,,,
w362927674,Virla Children's Park,park,12.9760106,77.6840346,,,,False,,,,
w362931600,BM Kaval Park,park,12.9804798,77.6447654,,,,False,,,,
w362932940,Shivaram Karanth Park,park,13.0034456,77.6618892,,,,False,,,,
w362936827,BBMP Park,park,13.027242,77.6274388,,,,False,,,,
w363065446,BBMP PARK,park,12.9950183,77.4878637,,,,False,,,,
w363065482,BBMP Park,park,12.9969187,77.4864089,,,,False,,,,
w363067369,BBMP Park,park,13.0184352,77.5394324,,,,False,,,,
w363067571,Ganesha Temple Park,park,13.0160649,77.5427512,,sunrise-sunset,,False,,,,
w363071335,ABC Park,park,12.9863238,77.5572633,,Mo-Su 05:00-20:00,,False,,,,
w363073628,Jyothivana Park,park,13.0340583,77.5754571,,,,False,,,,
w363121717,Dollar's Colony Park,park,13.0361307,77.5693741,,,,False,,,,
w363140629,Vishwamānava Kuvempu Park,park,12.9537975,77.5281294,,,,False,,,,
w363142561,Journalist Colony Garden,park,12.958053,77.5805763,,,,False,,,,
w363145084,Basava Park,park,12.9845464,77.541172,,,,False,,,,
w363598202,Swami Vivekanada Park,park,12.9978183,77.6631851,,,,False,,,,
w367411062,BBMP Amarjyothi Layout Park,park,13.0343582,77.5940581,,,,False,,,,
w368722865,Swami Vivekananda Park,park,12.9780116,77.6412739,,,,False,,,,
w369792972,Kempegowda Park,park,13.0438849,77.5922082,,,,False,,,,
w370418975,Konark Kanteerava,restaurant,12.9700671,77.5920245,,06:30-22:30,north_indian;chinese,True,,,,
w371381437,Diagonal Park,park,12.9697188,77.6562258,,,,False,,,,
w376802897,BBPM Park Ward 27,park,13.0047394,77.6269836,,,,False,,,,
w377324145,the Rasaganga,restaurant,12.9265734,77.6784282,,,South_Indian,False,,,,
w385200731,Cooke Town Park,park,13.0006187,77.6214792,,,,False,,,,
w388178594,Garden Villas Park,park,12.96327,77.5190795,,,,False,,,,
w393741532,BDA Park,park,12.9252465,77.556299,,,,False,,,,
w393754906,Prakruthi Vana,park,12.9363182,77.5797481,,,,False,,,,
w393754907,Laxman Rao Park,park,12.9185593,77.5799789,,,,False,,,,
w396653999,Judicial Layout Park,park,13.077687,77.5887622,,,,False,,,,
w403474874,ASC War Memorial,attraction,12.9651012,77.6189349,,,,False,,,,
w407212192,Nesara,restaurant,13.016633,77.5649402,,,indian,False,,,,
w412935378,Kempegowda Park,park,12.9976869,77.5363178,,,,False,,,,
w415452221,Daily Bread,cafe,12.9358287,77.6906223,,,coffee_shop,False,,,,
w422656532,Krishna Sagar Veg Restaurant,restaurant,12.9804902,77.6464008,,,,False,,,,
w432597584,The Fisherman's Wharf,restaurant,12.9144646,77.6664217,,Mo-Su 12:30-24:00,regional;goan,False,,,,
w432729333,ITI Layout Park,park,12.9003193,77.6408965,,,,False,,,,
w437565300,JJR Nagar Park,park,12.9640791,77.5557436,,,,False,,,,
w454700271,Rani Chennamma Park,park,12.9693436,77.6532351,,,,False,,,,
w460600474,Queen's Park,park,12.9786548,77.5979775,,,,False,,,,
w462300034,East park,park,13.0002009,77.6194417,,,,False,,,,
w464282944,BBMP Park,park,12.9685895,77.7022979,,,,False,,,,
w464283854,Children's play park,park,12.9704892,77.6994861,,,,False,,,,
w466642967,Jaraganahalli Park,park,12.9028846,77.5755502,,,,False,,,,
w468620531,"Small Park, used by local residents",park,12.9590139,77.6535055,,,,False,,,,
w469224891,AGS Layout park,park,12.9168668,77.5424594,,,,False,,,,
w469349055,Atal Bihari Vajpayee Park,park,12.9042459,77.5625,,,,False,,,,
w469349058,Ambabhavi park,park,12.9048447,77.5621046,,,,False,,,,
w469527203,BBMP Panduranga Park,park,12.8952889,77.5954581,,,,False,,,,
w471446263,M C Layout Park,park,12.9703936,77.535139,,,,False,,,,
w474654132,Third Wave Coffee,cafe,12.9714678,77.5978865,,,coffee_shop,False,,,,
w475682002,Central Bar District,restaurant,12.9591659,77.6546941,,,,False,,,,
w483509324,Dollars Colony Park,park,12.9030054,77.596625,,,,False,,,,
w484687954,Chandra Reddy,park,12.936059,77.631226,,,,False,,,,
w485554984,BTM Water Tank Park,park,12.9154665,77.6017729,,,,False,,,,
w495353387,RIT hostel courtyard 2,park,13.0324068,77.5649509,,,,False,,,,
w495353388,RIT Hostel courtyard 1,park,13.0320488,77.5648865,,,,False,,,,
w501844307,ISRO Layout Children's Park,park,12.8972207,77.5576885,,,,False,,,,
w509632696,Coffee Break,cafe,12.9236668,77.5762484,,,coffee_shop,False,,,,
w511623036,Nandanvan Childrens play Park,park,12.9213666,77.5892011,,,,False,,,,
w512515892,Makkala Koota Playground & Children Park,park,12.9576875,77.5725669,,,,False,,,,
w515344856,Amruth Park,park,12.9358415,77.6186465,,,,False,,,,
w525513750,Chung Wah,restaurant,13.0054129,77.6596136,,,chinese,False,,,,
w526096135,Childrens Playing Park,park,12.981077,77.6262588,,,,False,,,,
w530606764,Cafeteria,cafe,13.0581112,77.6434269,,,,False,,,,
w531029917,Chai 3:16,cafe,13.0572994,77.6454379,,,,False,,,,
w542443489,MS Ramaiah Park,park,13.032091,77.5684643,,,,False,,,,
w545806416,BBMP Playground,park,13.0035496,77.5525528,,,,False,,,,
w546260806,MEBP Park1,park,13.0477493,77.6205917,,,,False,,,,
w546261158,The Arena,viewpoint,13.0505893,77.6221073,,,,False,,,,
w547652016,BNV Park,park,12.9095691,77.594765,,,,False,,,,
w552372245,Dr. Puneeth Rajkumar Park,park,13.0229987,77.6414813,,,,False,,,,
w552430276,Sahakara Nagar CQAL Kids Park,park,13.0621911,77.5802961,,,,False,,,,
w553065511,Dr. Ambedkar Park,park,12.9589872,77.6645788,,,,False,,,,
w553192062,Ganesh Temple Park,park,13.0701069,77.5778563,,,,False,,,,
w554938055,B Narayanapura Park,park,12.9960258,77.6765204,,,,False,,,,
w556950053,Padmanabhanagar Park,park,12.9180877,77.5576506,,,,False,,,,
w575099726,Bengaluru Santhe,attraction,12.9852774,77.6432931,,,,False,,,,
w575099730,Bengaluru Santhe,attraction,12.9867657,77.6470334,,,,False,,,,
w579494263,RK Layout park,park,12.9149354,77.5570101,,,,False,,,,
w579495211,Carmel School,park,12.9186872,77.5592203,,,,False,,,,
w583239937,Atal Bihari Vajpayee Park,park,13.034535,77.5698022,,,,False,,,,
w585450310,BHCS Park,park,12.9068214,77.5504097,,"Mo-Su 05:00-09:00,16:00-20:00",,False,,,,
w585820761,IBC Evacuation area park,park,12.9325765,77.601826,,,,False,,,,
w594572531,Temple park,park,13.0581897,77.5912075,,,,False,,,,
w609531878,Namaste,restaurant,12.9117927,77.6398194,,,indian,True,,,,
w609913511,Bhartiya Jalpan,restaurant,12.9144167,77.676978,,Mo-Su 07:00-23:00,indian,True,,,,
w610094122,Kaikondrahalli Lake Park,park,12.9133958,77.6727771,,"Mo-Su 5:30-10:00,16:00-18:30",,False,,,,
w610111576,Agara Lake Park,park,12.9203509,77.6431558,,"Mo-Su 06:00-10:00,16:00-19:00",,False,,,,
w610471331,Kebaab Waala,restaurant,12.9182511,77.6712959,,,kabaab,False,,,,
w613474108,Chai World,cafe,12.9132197,77.6797959,,,,False,,,,
w625747310,Bhuvaneshwari Park,park,12.9474276,77.5952577,,,,False,,,,
w631225161,Anand Sweets,restaurant,12.9166618,77.6732112,,10:00-22:00,sweets;indian,True,,,,
w631225521,Nanda's,restaurant,12.9163971,77.6731116,,,,False,,,,
w631248149,Sendhoor Coffee,restaurant,12.969287,77.6489488,,Mo-Su 10:00-22:00,south_indian;dosa;coffee,True,,,,
w636489351,77 Place common park,park,12.9486798,77.6935747,,,,False,,,,
w639368292,Adyar Ananda Bhavan,restaurant,12.9168827,77.609506,,Mo-Su 07:00-23:00,regional,False,,,,
w655022868,Al-Daaz,restaurant,12.9208222,77.6514212,,,arab,False,,,,
w662280188,Heble Park,park,12.9281426,77.6274329,,,,False,,,,
w674038060,Freedom Park,park,12.905193,77.5998021,,,,False,,,,
w674383495,Shubhodaya Park,park,13.0348663,77.5699823,,,,False,,,,
w675682288,RHBCS Park,park,12.9791116,77.4983592,,,,False,,,,
w678062490,Raja Rajeshwari Apartment Common Area,park,12.8978289,77.6320545,,24/7,,False,,,,
w679185382,TC Palya Park,park,13.0175958,77.6955579,,,,False,,,,
w687216884,Babusabpalya Park,park,13.0211276,77.6511902,,,,False,,,,
w688590270,Park#2,park,12.9419271,77.6963953,,,,False,,,,
w694056975,Sobha Jasmine Park,park,12.9264524,77.6688343,,24/7,,False,,,,
w696150484,School Ground,park,13.0157782,77.5750449,,,,False,,,,
w705294093,B Phase Park 1,park,12.8947814,77.577033,,sunrise-sunset,,False,,,,
w705294094,B Phase Park 2,park,12.8947967,77.5762675,,sunrise-sunset,,False,,,,
w708987246,Ajwaa restaurant,restaurant,12.879313,77.6367654,,,,False,,,,
w712309876,Fossilized Tree,park,12.9504783,77.5838806,,,,False,,,,
w720154506,KPSC Layout Mini Park,park,12.945187,77.4871548,,,,False,,,,
w726934670,Bhuvanagiri Park,park,13.0120749,77.6534731,,,,False,,,,
w729512556,Joggers Park,park,12.926575,77.6716971,,,,False,,,,
w737361889,Banni Mantapa,park,12.9344285,77.5507627,,,,False,,,,
w741212145,HSR Friends Park,park,12.9078502,77.6426426,,,,False,,,,
w741214123,Swabhiman Park,park,12.9110011,77.6404772,,"Mo-Su 05:00-10:00,16:00-20:00",,False,,,,
w742766783,"Udyanavana, MEG Layout",park,12.9930448,77.6771874,,,,False,,,,
w742766784,"Children's Park, MEG Layout",park,12.9916714,77.676967,,,,False,,,,
w754824542,Sri Raja Ganapathi Temple park,park,13.0028296,77.6319981,,,,False,,,,
w754836769,Large Arekere Trees Park,park,12.8848842,77.6061833,,,,False,,,,
w754838389,Little Kaveri road park,park,12.8844328,77.6066769,,,,False,,,,
w755819916,NALRA Park,park,12.9259469,77.5989654,,,,False,,,,
w765173032,Children's Play Area,park,13.0459482,77.6015686,,,,False,,,,
w773825317,Science Gallery Bengaluru,museum,13.0255364,77.5846203,,,,False,,,,
w777287806,kitches@ JP Nagar,restaurant,12.8933586,77.586082,,,,False,,,,
w779344649,BDA Park,park,12.9308406,77.6358298,,,,False,,,,
w781001566,Swami Vivekananda Memorial Park,park,12.975776,77.5694161,,,,False,,,,
w781287761,Swachagraha Kalika Kendra,park,12.9154212,77.6391696,,,,False,,,,
w782108512,The Royale Senate,restaurant,13.0364932,77.5896365,,,,False,,,,
w796463146,Sampangi Tank Park,park,12.9680211,77.5903027,,,,False,,,,
w814167242,Cumins Sports Park,park,13.0291464,77.669209,,sunrise-sunset,,False,,,,
w816978768,Chetan Dhaba,restaurant,12.9230141,77.4959523,,,regional;north_indian,False,,,,
w874066501,Sundaranagar Park,park,13.0410007,77.5582603,,,,False,,,,
w961091789,Sanctuary,cafe,12.9990478,77.6242516,,,,False,,,,
w993823653,Children Park,park,13.0495317,77.5296335,,,,False,,,,
w993823807,Paschim Udayan,park,13.0514322,77.5286514,,,,False,,,,
w993824685,Pipeline Road Park,park,13.0471723,77.5211748,,,,False,,,,
w1005188719,Kalingas,restaurant,12.9072404,77.6108895,,,indian;regional,False,,,,
w1023657482,Mysore Lancer's Haifa Memorial,attraction,13.0120837,77.5937962,,,,False,,,,
w1039668733,Tasker Town Park,park,12.9844265,77.5988997,,,,False,,,,
w1047676498,Police Memorial Park,park,12.96843,77.5870212,,,,False,,,,
w1054489000,"BDA Park, 12th Block Nagarbhavi",park,12.9594394,77.5141914,,,,False,,,,
w1057702825,B Narayanapura Park,park,12.9972029,77.6837161,,Mo-Sa 08:00-20:00,,False,,,,
w1068852047,Navaranga Park,park,12.9968814,77.5533519,,,,False,,,,
w1072738478,Sri Lakshmi Venkateshwara Deluxe Mess,restaurant,12.9296045,77.6949781,,,regional;andhra,False,,,,
w1082449597,Canara Bank Park,park,12.963063,77.5852852,,,,False,,,,
w1082660835,Lake Park,park,12.9926266,77.685781,,,,False,,,,
w1089884358,Rashtrakutas,restaurant,12.9135985,77.644943,,,,False,,,,
w1089884373,Irani Chai,cafe,12.913772,77.6442852,,,,False,,,,
w1092672116,Netaji Subash Chandra Bose Ground,park,12.9905485,77.5438026,,,,False,,,,
w1095440452,HMT Heritage Center and Museum,museum,13.0533901,77.5503907,,,,False,,,,
w1099665569,Udupi Food Park,restaurant,12.9049667,77.6439936,,,,False,,,,
w1119921718,Corporation Park,park,13.0241957,77.5863016,,,,False,,,,
w1124083558,Museum of Art and Photography,museum,12.974527,77.5968523,,,,False,,,,
w1124089055,Oval Lawn,park,12.9669663,77.5975083,,,,False,,,,
w1137903957,Haveli,restaurant,12.9522525,77.6522708,,,indian,False,,,,
w1150947120,Pipeline Road Park,park,13.0471828,77.5204439,,,,False,,,,
w1156298790,Venkatappa Art Gallery,gallery,12.9743295,77.5952344,,,,False,,,,
w1157397997,Vidyanagara Park,park,12.9352391,77.5395846,,,,False,,,,
w1160859551,BBMP Park,park,12.9314127,77.6130167,,,,False,,,,
w1164638921,Swimming Pool Extension Park,park,12.9991751,77.574304,,,,False,,,,
w1167162947,SFHS Layout Park,park,12.9146334,77.6010348,,,,False,,,,
w1172709288,Loco Bear,theme_park,12.9271909,77.6408763,,"Mo-Fr 12:00-23:00, Sa-Su 11:00-23:00",,False,,,,
w1182968274,Rangoli Gardens,attraction,13.0660392,77.6106205,,09:00-18:00,,False,,,,
w1193332434,Le Jardin,restaurant,12.9773237,77.6967541,,,,False,,,,
w1196486571,Quest Garden,park,12.9300445,77.690722,,,,False,,,,
w1196486572,ETV Central Park,park,12.929697,77.6922799,,,,False,,,,
w1199489898,Banavasi,park,13.0097146,77.5555674,,,,False,,,,
w1203175535,BDA Sculpture Park,park,12.8961623,77.5252416,,,,False,,,,
w1205867303,Parvathamma Rajkumar Samadhi,memorial,13.0183471,77.5326271,,,,False,,,,
w1205867928,Puneeth Rajkumar Samdhi,memorial,13.0182913,77.5327452,,,,False,,,,
w1205869901,Ambareesh Samadhi,memorial,13.0192962,77.5325008,,,,False,,,,
w1207060126,Nagarbavi 2nd Stage BDA Park,park,12.9688314,77.5144954,,sunrise-sunset,,False,,,,
w1207332551,Harihara Park,park,12.9557774,77.5220995,,,,False,,,,
w1207332553,Chandragiri Park,park,12.9543706,77.5218587,,,,False,,,,
w1212105964,Wild Arena,artwork,13.0420206,77.6140979,,,,False,,,,
w1212574664,Udupi Kitchen,restaurant,12.9259924,77.6695792,,,regional;south_indian,True,,,,
w1215829536,Laxman Rao Park,park,12.9301855,77.5804388,,,,False,,,,
w1215829547,Laxman Rao Park,park,12.9269755,77.580471,,,,False,,,,
w1215829550,Laxman Rao Park,park,12.9279879,77.5798822,,,,False,,,,
w1215829551,Laxman Rao Park,park,12.9280271,77.5804724,,,,False,,,,
w1215829552,Laxman Rao Park,park,12.9253436,77.5799075,,,,False,,,,
w1215829553,Laxman Rao Park,park,12.9249386,77.580506,,,,False,,,,
w1215829554,Laxman Rao Park,park,12.9226147,77.5805398,,,,False,,,,
w1215829555,Laxman Rao Park,park,12.9208445,77.5805542,,,,False,,,,
w1215829556,Laxman Rao Park,park,12.9187696,77.5805559,,,,False,,,,
w1217350538,General Bipin Rawat Park,park,12.9213634,77.5605476,,,,False,,,,
w1217537982,Doctor Mujahid Pasha Park,park,12.9450003,77.5966138,,mo-su 06:30-20:00,,False,,,,
w1222502578,Third Wave Coffee,cafe,12.9117744,77.6502287,,,,False,,,,
w1224936682,Salumarada Thimmakka Park,park,12.9604938,77.5262461,,,,False,,,,
w1224937858,RN Shetty Statue,memorial,12.9009285,77.5182722,,,,False,,,,
w1224937916,by2coffee,cafe,12.9550831,77.5659679,,,,False,,,,
w1225131005,Basaveshwara HBCS Layout Park,park,12.9603286,77.5276789,,,,False,,,,
w1230094111,Vikas Park,park,12.9697936,77.6783609,,,,False,,,,
w1231037170,School Ground,park,13.0148798,77.5270213,,,,False,,,,
w1231037171,Cricket Ground,park,13.0145337,77.5285528,,,,False,,,,
w1236087650,Silbatti,restaurant,12.9162168,77.64458,,,indian;chinese,True,,,,
w1241556749,Malathhalli Lake Park,park,12.9654757,77.4948464,,,,False,,,,
w1242203428,Byrasandra Lake Park,park,12.9304859,77.5954162,,,,False,,,,
w1243254563,Deverabisanahalli Lake Park,park,12.9234495,77.6873047,,,,False,,,,
w1249829825,Rajguru Park,park,12.9156772,77.5985086,,,,False,,,,
w1249829826,Sukhdev Park,park,12.9137173,77.5985609,,,,False,,,,
w1249829827,Bhagat Singh Park,park,12.9116507,77.5987343,,,,False,,,,
w1249829828,Sanna Kaadu - Small Forest,park,12.9087483,77.5990498,,,,False,,,,
w1250240873,2nd Block Park,park,13.0250122,77.6261852,,,,False,,,,
w1251186677,Byrasandra Lake Park,park,12.9783306,77.6621393,,,,False,,,,
w1254353738,Vasanthanagara Park,park,12.9939445,77.5906114,,,,False,,,,
w1254749649,ITI Layout Lake Park,park,12.902166,77.6396091,,,,False,,,,
w1259020157,Bande park,park,12.8841259,77.618015,,,,False,,,,
w1261422222,Naganatheshwara Temple,attraction,12.877063,77.6266562,,,,False,,,,
w1262437141,HKBK Mess,restaurant,13.0352341,77.6200897,,,,False,,,,
w1262437142,HKBK canteen,restaurant,13.0369675,77.6197695,,,,False,,,,
w1265721075,Nayandahalli Lake Park,park,12.9396787,77.5214591,,,,False,,,,
w1265835948,Madiwala Lake Park,park,12.9095516,77.6137211,,,,False,,,,
w1267711028,Garudacharpalya Lake Park,park,12.9909748,77.6955113,,,,False,,,,
w1269267287,Yelachenahalli Kere Park,park,12.8996612,77.5656458,,,,False,,,,
w1270788423,Sarakki Lake Park,park,12.8983062,77.5778787,,,,False,,,,
w1270860707,Dore Kere Park,park,12.9027273,77.5508723,,,,False,,,,
w1274050061,HAL Park,park,12.9583561,77.6848331,,,,False,,,,
w1278772124,Goshala Lake Park,park,12.9868126,77.6981663,,,,False,,,,
w1287281136,Myfroyoland Premium Frozen Yogurt,restaurant,13.0634878,77.5918453,,10:00-00:00,ice_cream;froyo;frozen_yogurt;dessert;sorbet,True,,,,
w1294790763,Dasarahalli Lake Park,park,13.0410098,77.5124524,,,,False,,,,
w1296416079,Saul Kere Park,park,12.918331,77.6799134,,"Mo-Su 05:30-9:30,16:30-18:30",,False,,,,
w1312726768,Janaki Ammal Park,park,12.8981117,77.6713276,,,,False,,,,
w1312729960,Somasundarapalya Lake Park,park,12.8989203,77.6479446,,,,False,,,,
w1313972719,Cafe Krishnam,restaurant,12.9206935,77.5967678,,,north_indian;south_indian;chinese,False,,,,
w1314362194,Vaayu Vihar Canteen,restaurant,13.0265658,77.5625598,,,indian,False,,,,
w1315908996,HRBR Park,park,13.0187149,77.6461682,,,,False,,,,
w1316384538,Kittur Rani Chenamma Park,park,13.0245581,77.6381191,,,,False,,,,
w1318182718,Glenn's Bakehouse,cafe,12.9132217,77.6828834,,,,False,,,,
w1319188512,BWSSB Heritage Park,museum,13.0117197,77.5666858,,,,False,,,,
w1324924806,Udupi Gardenia,restaurant,13.0384768,77.6650296,,,regional;south_indian,True,,,,
w1324924811,Udupi Gardenia Jayantinagar,restaurant,13.0280364,77.6642559,,,regional;south_indian,True,,,,
w1328835858,Krishna Nagara Lake Park,park,12.8738206,77.5797828,,,,False,,,,
w1339448451,Cafe Coffee Day,cafe,13.0027861,77.5967064,,,coffee_shop,False,,,,
w1341450596,MC Layout Park,park,12.9723686,77.536601,,Mo-Su 05:00-22:00,,False,,,,
w1342034626,Bean Stop Café,cafe,12.9714033,77.5357915,,tue-sun 12:00pm to 10:00pm,coffee_shop;sandwich;dessert;mexican;burger,False,,,,
w1346107775,Horamavu Agara Lake Park,park,13.0355679,77.6587929,,,,False,,,,
w1346908275,The Spiceberry,restaurant,12.9259165,77.6690737,,,,False,,,,
w1352002175,Gubbalala Lake Park,park,12.8807487,77.5406157,,,,False,,,,
w1352846823,Gururaghavendra Layout Park,park,12.9208102,77.5581159,,Mo-Sa 05:00-20:00,,False,,,,
w1363975879,Atal Bihari Vajpayee Park,park,12.9803321,77.6714056,,,,False,,,,
w1366656634,Kalyan Nagar Park,park,13.026207,77.6355179,,,,False,,,,
w1366744186,OMBR Layout Park,park,13.0107611,77.6465591,,,,False,,,,
w1370798179,Xochi,restaurant,12.9238522,77.6732734,,,,False,,,,
w1379818685,Garden Park,park,12.9665427,77.6318997,,Mo-Fr 08:00-17:00,,False,,,,
w1380596863,Doddabommasandra Lake Park,park,13.063977,77.5638756,,,,False,,,,
w1383521657,Jagadhguru Shankaracharya Udyanavana,park,13.0020146,77.5630513,,,,False,,,,
w1386060497,Captain Kevin Park,park,13.0315745,77.5914906,,,,False,,,,
w1386060663,RBI Colony Park,park,13.0293226,77.5905011,,,,False,,,,
w1426810494,Open Area,park,12.9400753,77.6890487,,,,False,,,,
w1427123916,Kuvempu Park,park,12.9261305,77.5476418,,,,False,,,,
w1428274268,RR Park,park,12.9643667,77.4843286,,Mo-Su 10:00-20:00,,False,,,,
w1428293058,Kanti Sweets,restaurant,12.927789,77.5810239,,Mo-Su 08:00-22:00,,False,,,,
w1431706428,Beku,restaurant,12.9105907,77.5966425,,,,True,,,,
w1432600216,Brundavan Delicacy,restaurant,12.8748536,77.5703085,,,regional,True,,,,
w1444097610,KHB Colony Park,park,12.9366946,77.6191352,,,,False,,,,
w1457959841,Shiva Sharane Akka Mahadevi Park,park,12.995923,77.5429281,,,,False,,,,
w1458415588,Fahad Hafiz Park,park,12.9308871,77.6342939,,,,False,,,,
w1467494321,War Tank,attraction,12.9661503,77.6197623,,,,False,,,,
w1510438591,Krantiveera Sangolli Rayanna Park,park,13.0249992,77.644761,,,,False,,,,
w1538996365,MPM Layout Park,park,12.9654655,77.5018981,,Mo-Su 06:00-22:00,,False,,,,
w1543345603,Mitti Cafe @IIMB,cafe,12.8948074,77.6027826,,,pizza;burger;pasta;coffee_shop;sandwich,False,,,,
w1545024787,Smt. Komala Ramachandra Park,park,12.9356086,77.5730995,,,,False,,,,
w1545024827,Ambedkar Park,park,12.9336757,77.57867,,,,False,,,,
w1545167114,Upkara Park,park,12.9597721,77.4840905,,,,False,,,,
w1547659844,Food Box,cafe,12.9525244,77.51598,,,,False,,,,
w1558464528,Vishal Park,park,12.9612771,77.5300007,,,,False,,,,
w1558732617,Shri Ranadheera Kanteerava Park,park,12.9356193,77.5797489,,,,False,,,,
w1558732628,Chaitanya Children's Playground,park,12.9333889,77.5798338,,,,False,,,,
w1558732629,Shri Ranadheera Kanteerava Park,park,12.9345613,77.5797501,,,,False,,,,
w1559007441,Bhagat Singh Park,park,12.957651,77.52471,,,,False,,,,
r5284317,Vidhana Soudha,attraction,12.9797245,77.5906379,,,,False,,,,
r5665654,Chi. Udayashankar Children's Park,park,12.9678035,77.6513279,,,,False,,,,
r5908767,Laxman Rao Park,park,12.9336601,77.5801107,,,,False,,,,
r6030714,Sankey Tank Park,park,13.0100414,77.5744486,,"Mo-Su 06:00-10:00, 16:00-20:00",,False,,,,
r9362928,Yediyur Lake Park,park,12.9336169,77.5766335,,Mo-Su 07:00-21:30,,False,,,,
r9363116,B Narayanapura Lake Park,park,12.9963281,77.682841,,,,False,,,,
r9371341,Dollars Colony Park,park,13.0417933,77.5683917,,,,False,,,,
r9532913,Chelekere Lake Park,park,13.0262952,77.6451009,,,,False,,,,
r16057542,Iblur Lake Park,park,12.9220992,77.6667373,,"Mo-Su 05:00-10:00,16:00-19:00",,False,,,,
r17205860,Mini Forest,park,12.9118096,77.5988617,,,,False,,,,
r19063726,Rachenahalli Lake Park,park,13.062651,77.6140617,,,,False,,,,
r19074657,Narasipura Lake Park,park,13.072251,77.5585309,,,,False,,,,
r19098013,Konanakunte Lake Park,park,12.8914422,77.5685036,,,,False,,,,
r19180502,Herohalli Lake Park,park,12.9887873,77.4900397,,,,False,,,,
r19180503,Srigandakaval Lake Park,park,12.9839358,77.5006968,,,,False,,,,
r19293160,Mahadevapura Lake Park,park,12.9868233,77.6924751,,,,False,,,,
r19357326,Horamavu Lake Park,park,13.024268,77.6669984,,,,False,,,,
r19357371,Lake Park,park,13.026859,77.6871237,,,,False,,,,
r19509696,Begur Lake Park,park,12.8736965,77.630513,,,,False,,,,
r19509699,Arekere Lake Park,park,12.8830152,77.5988412,,,,False,,,,
r19522877,Kalkere Lake Park,park,13.0482088,77.6640111,,,,False,,,,
r19734168,Lake Park,park,13.0054851,77.6941001,,,,False,,,,
r19796501,Vibuthipura Lake Park,park,12.9679841,77.6779705,,,,False,,,,
r19963642,Benniganahalli Lake Park,park,12.9970807,77.666224,,,,False,,,,
r20742796,Doddanekundi Lake Park,park,12.9745964,77.6879526,,,,False,,,,
r21402244,Deepanjali Nagar Lake Park,park,12.9491138,77.5308913,,,,False,,,,
n301354121,Canara Bank Holiday Home,guest_house,12.9316521,77.5907098,,,,False,,,,
n456029958,Sri Krishna Lodge,hotel,12.9932258,77.5717309,,,,False,,,,
n663683086,The Capitol,hotel,12.9822391,77.594459,,,,False,,,,
n663941087,YMCA Hostel,hostel,12.9733828,77.5872809,,,,False,,,,
n665045266,Legislatures' Home,guest_house,12.983448,77.5899594,,,,False,,,,
n734864135,U-Block,hostel,13.0169402,77.5641412,,,,False,,,,
n1006492448,Hotel Swathi,hotel,12.989096,77.572253,,,,False,,,,
n1108016257,CYCD,hotel,12.967339,77.5427777,,,,False,,,,
n1462239302,HMT Guest House,guest_house,13.0541469,77.549106,,,,False,,,,
n1463664368,BEL Guest House,guest_house,13.0535251,77.5571463,,,,False,,,,
n1465192273,Century,hotel,12.9671321,77.6822005,,,,False,,,,
n1473910051,BVSS Maharatta Hostel,hostel,12.9535544,77.5678415,,,,False,,,,
n1474298491,Pai Vijay,hotel,12.9264034,77.5858296,,,,False,,,,
n1509292090,Hotel Mayflower,hotel,12.9478373,77.5970782,,,,False,,,,
n1772649601,Prakash Cafe & Lodge,hotel,12.9604081,77.5709546,,,,False,,,,
n1772751769,Nilgiri Men's Hostel,hostel,13.0311311,77.5671433,,,,False,,,,
n1782112652,B.K. Mariappa Charitable Trust Hostel,hostel,12.9590198,77.5700268,,,,False,,,,
n1791587945,Madhwa Yuvaka Sangha,hostel,12.9547408,77.5732553,,,,False,,,,
n1791975497,Jain Hostel,hostel,12.9534194,77.573307,,,,False,,,,
n1798913046,Ramakrishna Lodge,hotel,12.9717723,77.5729725,,,,False,,,,
n1851701770,Confident Propos,hotel,12.9560897,77.6055497,,,,False,,,,
n2247460567,Hotel Blue Diamond,hotel,12.9870577,77.572403,,,,False,,,,
n2249046277,Suvali,hotel,12.9881972,77.5494003,,,,False,,,,
n2249047641,Cafe Coffee Day,hotel,12.9959438,77.5548935,,,,False,,,,
n2344648079,Hotel Vintage Residency,hotel,12.9633735,77.5898343,,,,False,,,,
n2536347654,The Basil,hotel,12.9937001,77.571322,,,,False,,,,
n2800820360,PES Boys Hostel,hostel,12.9331275,77.5345817,,,,False,,,,
n2999619028,Air Force Officers' Mess,guest_house,12.9707054,77.6199809,,,,False,,,,
n3400223197,Swathi hotel,hotel,12.9256581,77.6006309,,,,False,,,,
n3424841462,Aahar Bhavan - Veg Hotel,hotel,12.9102961,77.6063748,,,,False,,,,
n3545949795,The Grand Adigas Residency,hotel,12.9296589,77.6851578,,,,False,,,,
n3710165701,Sahana hotel,hotel,12.9474456,77.5987375,,,,False,,,,
n4113138589,SnoozOtel,hostel,12.9925122,77.53131,,,,False,,,,
n4170955790,Babasa House Vijaynagar,guest_house,12.9767958,77.536167,,,,False,,,,
n4197078589,Md Guest House,guest_house,13.0305442,77.5951073,,,,False,,,,
n4219544303,Banad place,guest_house,12.9357351,77.5867892,,,,False,,,,
n4243919621,PES South Indian Mess,hotel,12.9333545,77.5350149,,,,False,,,,
n4260999602,SSD home...Hosur Road.,hostel,12.8849218,77.6422502,,,,False,,,,
n4282023690,A.K.M Plaza,guest_house,12.9464631,77.6260381,,,,False,,,,
n4307198426,Ajji's House,guest_house,12.9385338,77.5774383,,,,False,,,,
n4311239090,Pratik Comforts,hotel,12.9229815,77.5894385,,,,False,,,,
n4316705595,Shri Rama Hotel,hotel,13.0109804,77.5068574,,,,False,,,,
n4320655389,Home,guest_house,13.0360446,77.5268223,,,,False,,,,
n4324604192,Sri Sai Bala Ji PG,hotel,12.9095608,77.6043781,,,,False,,,,
n4326803490,Home,hotel,13.0004913,77.5417024,,,,False,,,,
n4327808291,"#224, 1st main, 9th Cross, Aanam Enclave, Ashwathnagar",guest_house,13.0503146,77.6378098,,24/7,,False,,,,
n4337897246,Vardhaman Paradise,hotel,12.9641301,77.570664,,,,False,,,,
n4371004691,Balaji PG for Boys,hostel,12.9191363,77.6488536,,24/7,,False,,,,
n4373986291,"Sai ram Ladies PG, Koramangala",hostel,12.9259212,77.6389613,,,,False,,,,
n4386500192,Sree Guru Cool Joint,hotel,13.0243972,77.6032595,,,,False,,,,
n4386500201,A1 Ambur Biryani,hotel,13.0272339,77.60426,,,,False,,,,
n4386506592,Sri Manjunatha Fast Food Hotel,hotel,13.0249623,77.6034912,,,,False,,,,
n4386507390,Sri Kampli Someshwara Tiffin Center,hotel,13.0270211,77.6041517,,,,False,,,,
n4400948694,Apartment,guest_house,12.9269593,77.5454463,,,,False,,,,
n4432924790,Nava Jyothi Girls Hostel,hostel,13.0557074,77.6437416,,,,False,,,,
n4443775288,Sri Sai Balaji PG,hostel,12.927817,77.6717213,,,,False,,,,
n4445059635,Sri Laxmi PG,guest_house,12.9217691,77.6649558,,,,False,,,,
n4445076391,Bavitha,hotel,12.9233121,77.664167,,,,False,,,,
n4445113821,Dass Suites,hotel,12.9466623,77.6476746,,,,False,,,,
n4445116252,Synergy Suites,hotel,12.9464234,77.6478264,,,,False,,,,
n4446554294,Vinayaka Hotel,hotel,12.9489087,77.6872536,,,,False,,,,
n4447114330,Sri Ram Luxury PG for Gents,hostel,12.9362604,77.6869852,,,,False,,,,
n4447297542,Hotel Little Imperial,hotel,13.0230447,77.6473827,,11:00-23:00,regional,False,,,,
n4447789296,Ayodhya Nagar,hostel,12.9013643,77.5885613,,,,False,,,,
n4475026334,Nirvana,hotel,12.9462306,77.6738079,,,,False,,,,
n4506230395,TAP Paradise Hotel,hotel,12.9725982,77.5794076,,,,False,,,,
n4535338190,TR Vysya Hostel and Choultry,hostel,12.982693,77.6098436,,,,False,,,,
n4542489893,Rosewood International Hotel,hotel,12.9529166,77.5450511,3.0,,,False,,,,
n4558466455,Sankethi's,hotel,12.9316906,77.5555034,,,,False,,,,
n4569868691,Electric Cats Annexe,hostel,12.9685159,77.6505961,,,,False,,,,
n4580594297,Hotel Tap Comfort,hotel,12.9701227,77.5794148,,,,False,,,,
n4586451789,Mass Residency,hotel,12.9087932,77.5984614,,,,False,,,,
n4619004091,Syed Manzil,guest_house,13.0041731,77.6068436,,,,False,,,,
n4666617189,Sri Sathya Pg for Gents,hostel,12.9531656,77.697046,,24/7,,False,,,,
n4697854892,Canara Coffee,hotel,12.984291,77.5543158,,Mo-Su 07:00-22:00,,False,,,,
n4703445290,Anand Sagar,hotel,12.9391683,77.5715609,,,,False,,,,
n4740837022,DXmax apartment,guest_house,12.8765157,77.6022719,,,,False,,,,
n4847845825,Limra,hotel,12.9359094,77.5927065,,,,False,,,,
n4849108629,Supreme,hotel,12.9470874,77.5941987,,,,False,,,,
n4867902023,white house,hostel,13.0546213,77.6433584,,,,False,,,,
n4970242326,Sai Ram PG,hostel,12.9073417,77.6108455,,24/7,,False,,,,
n5273601824,Ujval,hotel,12.9923067,77.5944585,,,,False,,,,
n5358515627,House Nobert,guest_house,12.9758113,77.5045508,,,,False,,,,
n5430002764,Aravind Home,guest_house,12.9423918,77.6204543,,,,False,,,,
n5435095922,Cafe Coffee Day,hotel,13.0491546,77.5930152,,,,False,,,,
n5435117121,Athidi,hotel,13.0488736,77.6120246,,,,False,,,,
n5524162719,Ladies PG,hostel,12.9655441,77.6497286,,,,False,,,,
n5713272022,Shyamala Pappu Nurses Hostel,hostel,12.9759883,77.6415288,,,,False,,,,
n5922660391,Sri Devi Lodge,hotel,12.9899117,77.5532573,,,,False,,,,
n5922660396,Aryan Residency,hotel,12.9899326,77.5527397,,,,False,,,,
n6137594016,2 Stay,hostel,12.9084688,77.6838018,,,,False,,,,
n6137642777,Amulya Womens' PG,hostel,12.9084589,77.6836162,,,,False,,,,
n6140340436,Sreevari Nilaya Boys PG,hostel,12.9791647,77.6313885,,,,False,,,,
n6175841450,Girls Hostel,hostel,13.027731,77.6317491,,,,False,,,,
n6240954285,Lalithamahal,hotel,12.9716633,77.5726981,,,,False,,,,
n6313710085,The Hood Co-Living Hostel,hostel,12.9349622,77.6221915,,,,False,,,,
n6347782781,Royal PG For Ladies,hostel,12.898651,77.6280784,,,,False,,,,
n6389221458,Fab Hotel,hotel,12.9648679,77.7016525,,,,False,,,,
n6418988788,Madhu Lodge,hotel,12.9711847,77.5763869,,,,False,,,,
n6419027189,Danveer Sheth kapurchand rajmalji Jain shwetamber dharmshala,guest_house,12.9693715,77.5769148,,,,False,,,,
n6449208762,Celestial Heights,hotel,12.9340481,77.5344673,,,,False,,,,
n6761308188,Ravindra PG for gents,hostel,12.9219011,77.6765701,,,,False,,,,
n6975264554,JK Tyre & Industries Limited - Transit House,guest_house,12.9876873,77.5929824,,,,False,,,,
n6991702678,New Brindavan Hotel,hotel,13.0076876,77.6836853,,,,False,,,,
n7003932062,The Jamun,guest_house,13.036702,77.5699098,,,,False,,,,
n7007305754,SKL Grand Rooms,hostel,12.9347724,77.511431,,,,False,,,,
n7156536794,Naidu Palace,hotel,12.98714,77.5494285,,,,False,,,,
n7159471513,Vemana Boys Hostel,hostel,12.9089151,77.6240472,,,,False,,,,
n7166273511,Kalpavriksha Upahar,hotel,12.921283,77.5932645,,,,False,,,,
n7232185449,Four Seasons Hotel,hotel,13.0191154,77.5851502,,,,False,,,,
n7236205665,H K Residency,hotel,12.9883253,77.5497463,,,,False,,,,
n7236205667,Navya Residency,hotel,12.9902802,77.5504638,,,,False,,,,
n7236205678,The Grand Coral,hotel,12.996571,77.5508266,,,,False,,,,
n7292235611,Mathrushree Residency,hotel,12.9899013,77.5533586,,,,False,,,,
n7301357909,Kengiri,hotel,12.9924782,77.5984472,,,,False,,,,
n7528043669,Nimhans Staff Quarters,hostel,12.9389909,77.6015027,,,,False,,,,
n8288379217,Sri Balaji Men's PG,hostel,13.0369061,77.6148395,,,,False,,,,
n8989627051,Oxford Inn,hotel,12.9723309,77.604513,,,,False,,,,
n9007481217,Casa Cottage,guest_house,12.9643604,77.6041802,,,,False,,,,
n9173864232,Spruce Tree Suites,hostel,12.9134312,77.610206,,,,False,,,,
n9563008717,Udupi upahar,hotel,13.0534758,77.5753819,,Mo-Su 20:00-22:30,,False,,,,
n9792404388,Alpha Living,hostel,12.9319793,77.6975119,,,,False,,,,
n9801217767,Central Government Touring Officers Guest House,guest_house,12.9594735,77.6393375,,,,False,,,,
n9936668905,Hotel Madhu,hotel,12.9836966,77.5493494,,,,False,,,,
n9967039254,The Liverpool Hotels,hotel,12.9747329,77.6971865,,,,False,,,,
n10009237338,Kamat’s Hotel Mayura,hotel,12.9820167,77.605782,,,,False,,,,
n10123822786,Le Foliage,hotel,12.9169645,77.5791794,,,,False,,,,
n10293635625,Nestaway,hotel,12.9158426,77.6456594,,,,False,,,,
n10719499933,Venkata Ramana PG for Ladies,hostel,12.9596391,77.7029058,,,,False,,,,
n11178091272,New Sai Baba PG for Gents,hostel,12.9573222,77.5694607,,,,False,,,,
n11178140428,SRM PG for Gents,hostel,12.9602989,77.5691407,,,,False,,,,
n11178156320,Sir Puttannachetty Veerasiva Free Boarding Home,hostel,12.9508302,77.5677823,,,,False,,,,
n11259898775,PSR Luxury PG for Gents,hostel,12.9126681,77.6284933,,,,False,,,,
n11259898776,Zolo Vinson,hostel,12.9127243,77.6290049,,,,False,,,,
n11279857489,Olive Jayanagar,hotel,12.9184255,77.5810973,,,,False,,,,
n11287892332,Anarghya PG for Ladies,guest_house,12.9142759,77.6127753,,,,False,,,,
n11290438222,Poornima Regency,hotel,12.9521048,77.5945294,,,,False,,,,
n11290812038,Perfect Ladies PG,guest_house,12.9135755,77.603733,,,,False,,,,
n11292715482,Vaka Living,hostel,12.911743,77.6098567,,,,False,,,,
n11518830718,Brunton Heights,hotel,12.9703425,77.6145858,,,,False,,,,
n11617890643,Greenpark Bengaluru,hotel,12.9083896,77.6010602,,,,False,,,,
n11630772964,Sri Venkateshwara PG,guest_house,12.9784836,77.6300026,,,,False,,,,
n11640105922,Sri Lakshmi PG,hostel,12.9190676,77.6710363,,,,False,,,,
n11658782434,Amber,hostel,12.9933123,77.5905954,,,,False,,,,
n11659012412,Blue bells clover,hostel,12.9921246,77.5900621,,,,False,,,,
n11676514142,Alpha Suites,hostel,12.9885553,77.5930653,,,,False,,,,
n11683483664,Starlive Co Living PG,guest_house,12.905101,77.6119457,,,,False,,,,
n11683483666,Sri S Swami PG for Gents,guest_house,12.9054456,77.6124051,,,,False,,,,
n11801896103,Sri Dharani Ladies PG,hostel,12.9072014,77.5611853,,,,False,,,,
n11801896104,Ladies PG,hostel,12.9070772,77.5612731,,,,False,,,,
n11897958368,AHS Ladies PG,hostel,13.0040837,77.5694752,,,,False,,,,
n12031661012,Woody's,hotel,12.9164559,77.5914845,,,,False,,,,
n12031695719,Olive by Embassy Group,hotel,12.9172625,77.6089283,,,,False,,,,
n12088166849,SS PG for boys,hostel,13.0581713,77.6438904,,,,False,,,,
n12169400828,Tavizoe Stays,guest_house,13.0013658,77.6237109,,,,False,,,,
n12247839780,Hotel Aaccord,hotel,12.9150972,77.6001882,,,,False,,,,
n12247839781,Grand Country Stays,hotel,12.9152214,77.6001762,,,,False,,,,
n12538615408,Indiranagar Ladies PG,hostel,12.9819034,77.6412425,,,,False,,,,
n12617079068,Shri Harshita Pg For Ladies,hostel,12.9390874,77.6317348,,,,False,,,,
n12717557701,Leela Mansion,guest_house,12.9268189,77.6088028,,24/7,,False,,,,
n12861870134,The Bouvice,hotel,12.9321442,77.6331345,,,,False,,,,
n12887909582,The Anantaar,hotel,12.9137636,77.5995367,,,,False,,,,
n13257879655,Annapurna PG,hostel,13.0043224,77.6284767,,,,False,,,,
n13297261618,Shreyas Inn,hotel,12.9297066,77.6851669,,,,False,,,,
n13315911039,Myspace Express GD Inn,hotel,12.9604673,77.6445251,,,,False,,,,
n13323350042,Kings Star House,hostel,12.9260341,77.672125,,,,False,,,,
n13469746301,Olive Life RT Nagar by Embassy Group,hotel,13.0326546,77.610977,,,,False,,,,
n13470911967,Rosalba,hotel,12.9593175,77.650493,,,,False,,,,
n13563529760,Hosteller,hostel,12.9132871,77.636336,,,,False,,,,
n13690167801,SLV delux PG for gents,hostel,13.0575879,77.5990344,,Mo-Su 06:00-22:00,,False,,,,
n13850202525,Hilton,hotel,12.9312851,77.6885024,,,,False,,,,
n13913776912,Sri Lakshmi Venkateshwara PG For Ladies,hostel,12.9604853,77.6374549,,,,False,,,,
n14231996186,The Wandernest,hostel,12.9142253,77.6121657,,,,False,,,,
w31536195,Old Hostel / Hostel-1,hostel,12.9317188,77.5029363,,,,False,,,,
w37829140,Crown Plaza Regency,hotel,13.0285247,77.635622,,,,False,,,,
w38872927,Taj West End,hotel,12.9857849,77.5848345,5.0,,,False,,,,
w51868684,Hotel Paraag,hotel,12.9824783,77.5945234,,,,False,,,,
w52332336,Maruti Dental College Hostel,hostel,12.8649476,77.6012007,,,,False,,,,
w69042638,MSRIT Boys Hostel Engg,hostel,13.032236,77.5647068,,,,False,,,,
w128624629,Guest House,guest_house,12.9341262,77.5036559,,,,False,,,,
w172920305,Jayamahal Palace Hotel,hotel,12.9967652,77.5973762,,,,False,,,,
w174496366,Lavelle Mansion,hotel,12.9665281,77.5962869,,,,False,,,,
w216229777,Jain Bhavan,hotel,12.9461479,77.5734306,,,,False,,,,
w223045581,Lotus Park Business Hotel,hotel,12.9647697,77.7015796,,,,False,,,,
w230473130,Octave Hotel,hotel,12.916851,77.6726242,,,,False,,,,
w240665269,Government Classified Boys Hostel,hostel,12.916925,77.6429193,,,,False,,,,
w255762670,Royal Luxury PG For Gents,hostel,12.9184936,77.6322358,,,,False,,,,
w308857573,Welive Co-Living,hostel,12.9284907,77.6721112,,,,False,,,,
w309674941,Stanza Living Rimini House,hostel,12.9232309,77.6739012,,,,False,,,,
w335370078,Sri Krishna PG for Gents,hostel,12.9072954,77.6072161,,,,False,,,,
w343601280,Stanza Living Cork House,hostel,12.9106217,77.6297148,,,,False,,,,
w345895282,Pleasant Boulevard,hotel,12.9394567,77.6286611,,,,False,,,,
w346501475,Karnataka Judicial Academy Hostel,hostel,12.985607,77.5823045,,,,False,,,,
w346519792,The Pommels,hotel,13.0243802,77.6420515,,,,False,,,,
w346698368,Casa 29,hostel,12.9916215,77.5919653,,,,False,,,,
w346701208,Krishinton Suites,hotel,13.0233133,77.5627482,,,,False,,,,
w346707229,Casa 39,hostel,12.9917923,77.5917108,,,,False,,,,
w346807867,Centenary Visitors House,guest_house,13.0272387,77.57045,,,,False,,,,
w346876258,Jawahar Visitors House,guest_house,13.016715,77.5595205,,,,False,,,,
w347028666,Hotel Race View,hotel,12.984042,77.5779534,,,,False,,,,
w347078610,Global Nursing Girls Hostel,hostel,12.9247551,77.5225968,,,,False,,,,
w347115829,Greens Bar and Restaurant,hotel,12.9239862,77.6544939,,,,False,,,,
w347412137,Sri Manjunatha Luxury Ladies PG,hostel,12.9813379,77.6445924,,,,False,,,,
w347418314,Central Government Touring Officers Guest House,guest_house,12.9247278,77.6213535,,,,False,,,,
w348106832,Signature Co-Living PG,hostel,12.9282223,77.6735221,,,,False,,,,
w348107359,Saranga Pg for Gents,hostel,12.926341,77.6718626,,,,False,,,,
w348124176,Atithi Executive PG for Gents,hostel,12.906474,77.6036117,,,,False,,,,
w348140608,Lotus Premium PG,hostel,12.9274207,77.6709522,,,,False,,,,
w348169804,Yeti PG for Gents,hostel,12.925478,77.6715379,,,,False,,,,
w349961993,Girls Hostel,hostel,13.0182886,77.5074508,,,,False,,,,
w352222730,Comet,hotel,12.9613564,77.7012646,,,,False,,,,
w354455058,Sri Kamakshi Thayi,hostel,12.9570176,77.6548892,,,,False,,,,
w367419231,BCW PG Girls Hostel,hostel,12.9362886,77.5023049,,,,False,,,,
w403473921,Balabrooie Guest House,guest_house,12.987715,77.5882213,,,,False,,,,
w437536512,Official Residence of Chief Minister of Karnataka,guest_house,12.9928397,77.5832334,,,,False,,,,
w437536515,Chief Minister's Guesthouse,guest_house,12.9933896,77.5837535,,,,False,,,,
w447586193,Citrus Classic,hotel,12.9232591,77.6716416,,,,False,,,,
w609993412,Cozy Rooms Men's Premium PG,hostel,12.9229659,77.6741967,,,,False,,,,
w695554345,High Court Guest House,guest_house,13.0371842,77.5887939,,,,False,,,,
w782014107,KSTDC Kumar Krupa,hotel,12.9907794,77.5811436,,,,False,,,,
w782063731,Hilton Bengaluru Embassy Manyata Business Park,hotel,13.0424779,77.6206056,5.0,,,False,,,,
w782089146,sri sai hitech pg for gents,hostel,13.0383993,77.6205106,,,,False,,,,
w891414546,Naidile Hostel,hostel,13.0718492,77.5761415,,,,False,,,,
w997966820,Government Arts College Boys Hostel,hostel,12.9707297,77.6117502,,,,False,,,,
w1061038563,SS Elite Ladies PG,hostel,12.9321152,77.6970333,,,,False,,,,
w1066396961,Colive Palmer,hostel,12.9258532,77.672591,,,,False,,,,
w1070002216,Bloom Hub,hotel,12.9468258,77.6991641,,,,False,,,,
w1070107466,Zolo Lakefront PG,hostel,12.9221987,77.6650279,,,,False,,,,
w1126243350,Sudarshan Women's Hostel,hostel,12.9984208,77.5485548,,,,False,,,,
w1127578173,Stanza Living Seattle House,hostel,12.9252723,77.6781514,,,,False,,,,
w1188254675,LOCL LOCAL Colive & Work,hostel,12.9232065,77.6745566,,,,False,,,,
w1207332537,BASE Guest House,guest_house,12.9510237,77.5178849,,,,False,,,,
w1212554488,Sri Sai Manasa PG for Ladies,hostel,12.9269744,77.670149,,,,False,,,,
w1212554494,Zolo Symphony,hostel,12.9266924,77.6699272,,,,False,,,,
w1212566051,ELEV8 Co-Living,hostel,12.9253468,77.6714932,,,,False,,,,
w1212566057,NS Stays Colive,hostel,12.9266426,77.6714808,,,,False,,,,
w1212566058,Pro4 Co-Living PG,hostel,12.9268886,77.6715706,,,,False,,,,
w1217530867,DRDO Transit Accomodation,guest_house,12.9866395,77.6699046,,,,False,,,,
w1219342652,Elite Premium PG Gents,hostel,12.9281196,77.6711902,,,,False,,,,
w1219342654,Ravindra PG for Ladies,hostel,12.9276824,77.6712365,,,,False,,,,
w1219342655,Sthira PG For Ladies,hostel,12.9277052,77.6713924,,,,False,,,,
w1227075554,Sai Vasavi Gents PG,hostel,12.9221843,77.6646312,,,,False,,,,
w1235996543,"Hotel Pai Comforts, JP Nagar",hotel,12.9166578,77.5900816,,,,False,,,,
w1242193136,Yuva Vikas,hostel,12.9276533,77.6057625,,,,False,,,,
w1242193144,Maria Bhavan,hostel,12.9298811,77.6050729,,,,False,,,,
w1248868635,Twenty Fourt Hotel,hotel,12.94268,77.6945842,,,,False,,,,
w1257688044,Jayalakshmi Luxury PG for Gents,hostel,12.9288886,77.6783863,,,,False,,,,
w1257688050,Goodwill Co-living Pg,hostel,12.929123,77.678703,,,,False,,,,
w1272659146,Attide Boutique,hotel,13.0795808,77.592201,,,,False,,,,
w1286468259,SL Prime PG for Ladies,hostel,12.9233053,77.5044365,,,,False,,,,
w1286609386,Aryabhatta Hostel,hostel,13.0189629,77.5596369,,,,False,,,,
w1307953568,37th Crescent Hotel,hotel,12.9848381,77.5808828,,,,False,,,,
w1313410395,Bha Living,hostel,12.9059662,77.6040338,,,,False,,,,
w1314102991,Sudarshan Luxury Living,hostel,12.8806681,77.5944243,,,,False,,,,
w1343404376,Siddaganga Student Hostel,hostel,12.9748506,77.5461418,,,,False,,,,
w1365975860,Brahma Tiffins,hotel,12.9286113,77.6721522,,,,False,,,,
w1366166764,Ushodaya New Gents PG,hostel,12.9270618,77.6743198,,,,False,,,,
w1366762775,Feb 30 Daffodil Co-Living Pg,hostel,12.9253862,77.6726872,,,,False,,,,
w1366762776,Feb 30 Marigold Coliving Pg,hostel,12.9255184,77.6727372,,,,False,,,,
w1368377112,SNS PG For Ladies,hostel,12.9265147,77.6713486,,,,False,,,,
w1447168047,Blue Bells PG,hostel,12.9621331,77.5976144,,,,False,,,,
r1332094,Parijata,hostel,13.071665,77.578994,,,,False,,,,
r8865168,Ladies Hostel,hostel,12.9412046,77.5057293,,,,False,,,,
lp3084c,The Leela Palace Bengaluru,hotel,12.960565,77.648481,5.0,,,False,9.6,1713.0,https://static.cupid.travel/hotels/48254908.jpg,liteapi
lpf5ef1,Radisson Bengaluru City Center,hotel,12.976252,77.619494,4.0,,,False,9.6,1608.0,https://static.cupid.travel/hotels/377056125.jpg,liteapi
lp5ba52,Sheraton Grand Bangalore Hotel at Brigade Gateway,hotel,13.012702,77.555105,5.0,,,False,9.8,833.0,https://static.cupid.travel/hotels/612975718.jpg,liteapi
lp4bef8,Radisson Blu Atria Bengaluru,hotel,12.979863,77.586271,5.0,,,False,9.0,2183.0,https://static.cupid.travel/hotels/232839373.jpg,liteapi
lpb514b,Holiday Inn Bengaluru Racecourse by IHG,hotel,12.980058,77.578464,4.0,,,False,9.6,1826.0,https://static.cupid.travel/hotels/251221932.jpg,liteapi
lp8554c,Shangri-La Bengaluru,hotel,12.991904,77.588475,5.0,,,False,9.6,911.0,https://static.cupid.travel/hotels/295688829.jpg,liteapi
lp6b68b,"The Ritz-Carlton, Bangalore",hotel,12.967601,77.601542,5.0,,,False,9.6,534.0,https://static.cupid.travel/hotels/470719638.jpg,liteapi
lp8a7c2,Fairfield by Marriott Bengaluru Outer Ring Road,hotel,12.928027,77.682545,4.0,,,False,9.8,267.0,https://static.cupid.travel/hotels/491772247.jpg,liteapi
lp6addf,JW Marriott Hotel Bengaluru,hotel,12.972455,77.594791,5.0,,,False,9.6,660.0,https://static.cupid.travel/hotels/456040448.jpg,liteapi
lpeeef0,Renaissance Bengaluru Race Course Hotel,hotel,12.983863,77.576444,5.0,,,False,9.8,642.0,https://static.cupid.travel/hotels/513923904.jpg,liteapi
lpb1787,Conrad Bengaluru,hotel,12.975241,77.620894,5.0,,,False,,853.0,https://static.cupid.travel/hotels/483813680.jpg,liteapi
lp5ab1c,Novotel Bengaluru Outer Ring Road,hotel,12.929693,77.683116,5.0,,,False,9.4,614.0,https://static.cupid.travel/hotels/447291368.jpg,liteapi
lp1fe22,The Oberoi Bengaluru,hotel,12.973174,77.61858,5.0,,,False,9.8,2743.0,https://static.cupid.travel/hotels/31211348.jpg,liteapi
lp52167,"ITC Gardenia, a Luxury Collection Hotel, Bengaluru",hotel,12.966974,77.595564,5.0,,,False,,1162.0,https://static.cupid.travel/hotels/506206157.jpg,liteapi
lpf8390,Holiday Inn Express Bengaluru Yeshwantpur by IHG,hotel,13.024833,77.547889,3.0,,,False,8.8,1091.0,https://static.cupid.travel/hotels/274318449.jpg,liteapi
lp5bf94,Taj Yeshwantpur Bengaluru,hotel,13.02906,77.540442,5.0,,,False,9.4,1973.0,https://static.cupid.travel/hotels/17173782.jpg,liteapi
lp3bf1a,Hyatt Centric MG Road Bangalore,hotel,12.973498,77.621855,5.0,,,False,9.2,1694.0,https://static.cupid.travel/hotels/535067699.jpg,liteapi
lp5e324,Radisson Blu Bengaluru Outer Ring Road,hotel,12.950235,77.699068,5.0,,,False,9.4,1017.0,https://static.cupid.travel/hotels/328862136.jpg,liteapi
lpca1ba,Courtyard by Marriott Bengaluru Hebbal,hotel,13.042792,77.609569,5.0,,,False,9.8,762.0,https://static.cupid.travel/hotels/535423978.jpg,liteapi
lpe9d4e,Four Seasons Hotel Bengaluru at Embassy ONE,hotel,13.01978,77.58428,5.0,,,False,9.8,1107.0,https://static.cupid.travel/hotels/589192081.jpg,liteapi
lp1aabc,"The Park Bangalore, MG Road",hotel,12.973908,77.61961,4.0,,,False,8.6,1848.0,https://static.cupid.travel/hotels/196185158.jpg,liteapi
lp655643ed,Grand Mercure Bengaluru at Gopalan Mall - An Accor Brand,hotel,12.992607,77.660589,5.0,,,False,9.8,928.0,https://static.cupid.travel/hotels/288596292.jpg,liteapi
lp65574c86,Hilton Garden Inn Bengaluru Embassy Manyata Business Park,hotel,13.041747,77.62034,4.0,,,False,8.3,632.0,https://static.cupid.travel/hotels/494384247.jpg,liteapi
lp19d8d,"ITC Windsor, a Luxury Collection Hotel, Bengaluru",hotel,12.994023,77.58611,5.0,,,False,9.6,1232.0,https://static.cupid.travel/hotels/469196138.jpg,liteapi
lp33df9,"Taj MG Road, Bengaluru",hotel,12.973072,77.620026,5.0,,,False,,475.0,https://static.cupid.travel/hotels/ex_8ac86035_z.jpg,liteapi
lp33d9b,Vivanta Bengaluru Residency Road,hotel,12.972497,77.608573,5.0,,,False,9.0,1242.0,https://static.cupid.travel/hotels/249794716.jpg,liteapi
lp8a0f7,Courtyard by Marriott Bengaluru Outer Ring Road,hotel,12.928035,77.682364,5.0,,,False,9.8,257.0,https://static.cupid.travel/hotels/587349220.jpg,liteapi
lp696dc,DoubleTree Suites by Hilton Bengaluru Outer Ring Road,hotel,12.919228,77.665056,5.0,,,False,8.1,477.0,https://static.cupid.travel/hotels/483814205.jpg,liteapi
lp31c74,Hotel Royal Orchid Bangalore,hotel,12.957522,77.644216,5.0,,,False,9.2,1034.0,https://static.cupid.travel/hotels/293454737.jpg,liteapi
lp69fec,Hilton Bangalore Embassy GolfLinks,hotel,12.948248,77.645917,5.0,,,False,9.6,477.0,https://static.cupid.travel/hotels/600951296.jpg,liteapi
lp6f09b,Aloft by Marriott Bengaluru Outer Ring Road,hotel,12.937256,77.695082,5.0,,,False,9.8,173.0,https://static.cupid.travel/hotels/518437605.jpg,liteapi
lp4c7de,"St Mark's Hotel Bengaluru, a member of Radisson Individuals",hotel,12.969075,77.60034,4.0,,,False,9.4,564.0,https://static.cupid.travel/hotels/436772938.jpg,liteapi
lp3ab04,"Royal Orchid Central Bangalore, MG Road",hotel,12.974868,77.615485,4.0,,,False,9.0,626.0,https://static.cupid.travel/hotels/112096402.jpg,liteapi
lp30702,"Taj West End, Bengaluru",hotel,12.984123,77.584518,5.0,,,False,9.6,1007.0,https://static.cupid.travel/hotels/545842818.jpg,liteapi
lp656c263d,Greenpark Bengaluru,hotel,12.89751,77.600046,5.0,,,False,8.5,731.0,https://static.cupid.travel/hotels/464860964.jpg,liteapi
lp708b5,"Welcomhotel by ITC Hotels, Richmond Road, Bengaluru",hotel,12.968873,77.61439,5.0,,,False,9.6,1693.0,https://static.cupid.travel/hotels/116271889.jpg,liteapi
lp4b207,Grand Mercure Bangalore,hotel,12.929168,77.62721,5.0,,,False,,182.0,https://static.cupid.travel/hotels/ex_351a906c_z.jpg,liteapi
lp65548471,V One Hotel-Ambara Elite,hotel,13.046598,77.507719,3.0,,,False,9.6,20.0,https://static.cupid.travel/hotels/ex_671f70fc_z.jpg,liteapi
lp6b77a,Fairfield by Marriott Bengaluru Rajajinagar,hotel,12.982693,77.559003,4.0,,,False,8.0,499.0,https://static.cupid.travel/hotels/439489882.jpg,liteapi
lp42ba1,"Fortune Select JP Cosmos, Bengaluru - Member ITC Hotels' Group",hotel,12.989521,77.59486,4.0,,,False,8.0,566.0,https://static.cupid.travel/hotels/144728576.jpg,liteapi
lp576cf,"La Marvella, Bengaluru",hotel,12.93683,77.580589,5.0,,,False,8.0,535.0,https://static.cupid.travel/hotels/144162884.jpg,liteapi
lp37198,The Lalit Ashok,hotel,12.992099,77.582158,5.0,,,False,6.9,815.0,https://static.cupid.travel/hotels/17818200.jpg,liteapi
lp6554e702,bloomrooms @ City Centre,hotel,12.990192,77.594805,3.0,,,False,10.0,760.0,https://static.cupid.travel/hotels/278980148.jpg,liteapi
lp56ec5,"Lemon Tree Premier, Ulsoor Lake, Bengaluru",hotel,12.987429,77.616622,5.0,,,False,7.5,457.0,https://static.cupid.travel/hotels/426471376.jpg,liteapi
lp6b3db,Ramada Encore by Wyndham Bangalore Domlur,hotel,12.955434,77.641039,4.0,,,False,,136.0,https://static.cupid.travel/hotels/ex_0878fdbb_z.jpg,liteapi
lp5b182,ibis Bengaluru Outer Ring Road,hotel,12.929777,77.683107,4.0,,,False,9.0,500.0,https://static.cupid.travel/hotels/217233287.jpg,liteapi
lp72dc3,ibis Bengaluru City Centre Hotel,hotel,12.966945,77.59195,4.0,,,False,,110.0,https://static.cupid.travel/hotels/ex_a22bb010_z.jpg,liteapi
lp4289d,Goldfinch Hotel Bangalore,hotel,12.985312,77.579487,4.0,,,False,8.6,697.0,https://static.cupid.travel/hotels/173377462.jpg,liteapi
lp65530,Davanam Sarovar Portico Suites Bengaluru,hotel,12.924752,77.63399,4.0,,,False,7.8,51.0,https://static.cupid.travel/hotels/ex_fc6a151a_z.jpg,liteapi
lp3d34c,The Chancery Pavilion,hotel,12.966049,77.598463,5.0,,,False,7.9,1061.0,https://static.cupid.travel/hotels/124204205.jpg,liteapi
lp656c2fc1,"U by Z Hotels, Bellandur",hotel,12.926602,77.698605,3.0,,,False,,31.0,https://static.cupid.travel/hotels/491697305.jpg,liteapi
lp4fc9f,The Pride Hotel,hotel,12.965153,77.599733,5.0,,,False,,219.0,https://static.cupid.travel/hotels/ex_c5475bc8_z.jpg,liteapi
lp5dfd7,ibis Bengaluru Hosur Road - An Accor Brand,hotel,12.900904,77.632316,4.0,,,False,8.0,970.0,https://static.cupid.travel/hotels/309432126.jpg,liteapi
lp655a7779,Olive Hotel Magrath by Embassy Group,hotel,12.970251,77.608751,3.0,,,False,9.2,1130.0,https://static.cupid.travel/hotels/314236629.jpg,liteapi
lp328b6,The Chancery Hotel,hotel,12.975861,77.599477,4.0,,,False,7.8,589.0,https://static.cupid.travel/hotels/275664502.jpg,liteapi
lpac1c8,Comfort Inn Insys,hotel,13.023953,77.557155,4.0,,,False,9.2,280.0,https://static.cupid.travel/hotels/101258371.jpg,liteapi
lp4bfa0,The President Hotel,hotel,12.93322,77.583362,3.0,,,False,8.0,327.0,https://static.cupid.travel/hotels/31553803.jpg,liteapi
lp5991e,Sterlings Mac Hotel,hotel,12.959538,77.648889,5.0,,,False,8.8,663.0,https://static.cupid.travel/hotels/60542865.jpg,liteapi
lp58fb1,Adarsh Hamilton,hotel,12.964277,77.598208,4.0,,,False,8.8,413.0,https://static.cupid.travel/hotels/11547082.jpg,liteapi
lp73b97,Bloom Hotel - Indiranagar,hotel,12.966599,77.641168,3.0,,,False,8.3,382.0,https://static.cupid.travel/hotels/462099526.jpg,liteapi
lp1bc215,X by Bloom - Indiranagar,hotel,12.9774,77.63778,3.0,,,False,9.2,26.0,https://static.cupid.travel/hotels/ex_4e05b748_z.jpg,liteapi
lp5c925,Gokulam Grand Hotel & Spa Bangalore,hotel,13.041989,77.554539,5.0,,,False,7.2,690.0,https://static.cupid.travel/hotels/153057592.jpg,liteapi
lp87981,"Country Inn & Suites By Radisson, Bengaluru Hebbal Road",hotel,13.042043,77.613201,4.0,,,False,6.8,731.0,https://static.cupid.travel/hotels/232842489.jpg,liteapi
lp2259ee,Raj Residency,hotel,13.014409,77.573961,3.0,,,False,8.4,208.0,https://static.cupid.travel/hotels/210435733.jpg,liteapi
lp70263,The Cunningham Hotel Bangalore,hotel,12.990204,77.592173,4.0,,,False,8.2,41.0,https://static.cupid.travel/hotels/ex_3f3429d6_z.jpg,liteapi
lp39cbf,Zone By The Park Infantry Bengaluru,hotel,12.98072,77.60474,4.0,,,False,7.6,106.0,https://static.cupid.travel/hotels/123688343.jpg,liteapi
lp655844ef,Leroy Grand - Yeshwanthpur,hotel,13.024565,77.546972,4.0,,,False,7.8,139.0,https://static.cupid.travel/hotels/385467086.jpg,liteapi
lpbb058,"The Royale Senate, Hebbal, Bengaluru",hotel,13.03648,77.58949,3.0,,,False,,3.0,https://static.cupid.travel/hotels/205512169.jpg,liteapi
lp6558e545,"Regenta Inn Grand-ORR, Mahadevapura",hotel,12.978378,77.697125,4.0,,,False,,91.0,https://static.cupid.travel/hotels/407765272.jpg,liteapi
lp82ddb,Tristar Service Apartments,hotel,12.96673,77.64142,3.0,,,False,9.2,72.0,https://static.cupid.travel/hotels/ex_d4b896d2_z.jpg,liteapi
lp532f6,"Keys Select by Lemon Tree Hotels, Hosur Road, Bengaluru",hotel,12.879665,77.646586,4.0,,,False,7.2,338.0,https://static.cupid.travel/hotels/43195219.jpg,liteapi
lp655847ec,ibis Bengaluru Hebbal - An Accor Brand,hotel,13.040083,77.618944,4.0,,,False,7.8,580.0,https://static.cupid.travel/hotels/385085387.jpg,liteapi
lp93596,The Waverly Hotel & Residences,hotel,12.995505,77.695494,5.0,,,False,8.4,56.0,https://static.cupid.travel/hotels/ex_ed0b97eb_z.jpg,liteapi
lp87dc7,bloomrooms @ Indiranagar,hotel,12.969097,77.641426,4.0,,,False,9.0,550.0,https://static.cupid.travel/hotels/71941131.jpg,liteapi
lp4f6be,The Grand Magrath Hotel,hotel,12.970968,77.608285,4.0,,,False,7.8,21.0,https://static.cupid.travel/hotels/ex_cc308660_z.jpg,liteapi
lp6558515b,Clarion Hotel Bangalore,hotel,12.90245,77.6352,4.0,,,False,9.6,2.0,https://static.cupid.travel/hotels/ex_7c16b129_z.jpg,liteapi
lp9efb9,Icon Suites by Bhagini,hotel,12.953447,77.700755,3.0,,,False,8.1,185.0,https://static.cupid.travel/hotels/292448576.jpg,liteapi
lp41fb7,Bangalore Gate Hotel & Conferences,hotel,12.973579,77.579197,3.0,,,False,7.8,167.0,https://static.cupid.travel/hotels/448410742.jpg,liteapi
lp4f6ce,The Elanza Hotel,hotel,12.965483,77.602266,4.0,,,False,,122.0,https://static.cupid.travel/hotels/ex_6d5d1141_z.jpg,liteapi
lp40565,"Fortune Park JP Celestial, Bengaluru - Member ITC Hotels' Group",hotel,12.980905,77.576024,4.0,,,False,7.0,379.0,https://static.cupid.travel/hotels/49986129.jpg,liteapi
lp91345,FabHotel Park Inn - Indiranagar,hotel,12.968977,77.636086,3.0,,,False,8.6,899.0,https://static.cupid.travel/hotels/525312413.jpg,liteapi
lp437de,Iris Hotel,hotel,12.97108,77.606953,4.0,,,False,,81.0,https://static.cupid.travel/hotels/ex_e9d1960f_z.jpg,liteapi
lp553b1,"juSTa Off MG Road, Bangalore",hotel,12.974776,77.617785,4.0,,,False,7.6,112.0,https://static.cupid.travel/hotels/87119199.jpg,liteapi
lp656bd00c,Olive Hotel Indiranagar 100Ft Road by Embassy Group,hotel,12.972751,77.639368,3.0,,,False,7.9,415.0,https://static.cupid.travel/hotels/507960158.jpg,liteapi
lp586df,juSTa MG Road Hotel ,hotel,12.972641,77.616377,3.0,,,False,,72.0,https://static.cupid.travel/hotels/ex_77a9933f_z.jpg,liteapi
lp655a78f3,Olive Hotel Indiranagar by Embassy Group,hotel,12.982157,77.645401,3.0,,,False,7.8,1353.0,https://static.cupid.travel/hotels/598077146.jpg,liteapi
lp3330a0,FabHotel Crown Heights - Nr Koramangala Club,hotel,12.935838,77.621544,3.0,,,False,8.9,1416.0,https://static.cupid.travel/hotels/525133469.jpg,liteapi
lp65767dc9,FabHotel Corporate Crown - Nr Jyoti Nivas University,hotel,12.934676,77.617874,3.0,,,False,9.0,1096.0,https://static.cupid.travel/hotels/173554890.jpg,liteapi
lp68139,Chairman's Resort,hotel,13.058477,77.58604,3.0,,,False,8.4,40.0,https://static.cupid.travel/hotels/ex_7b0cfc97_z.jpg,liteapi
lp235e91,Zion A Luxurious Hotel Bangalore,hotel,12.979588,77.577004,4.0,,,False,,31.0,https://static.cupid.travel/hotels/ex_e1770eb9_z.jpg,liteapi
lp657399de,FabHotel Crown Suites - Nr Sony Signals,hotel,12.937999,77.625317,3.0,,,False,8.7,1260.0,https://static.cupid.travel/hotels/153354419.jpg,liteapi
lp1b0b3e,The Porch Inn Hotel & Service Apartments Near Nimhans Hospital,hotel,12.944562,77.596513,3.0,,,False,,823.0,https://static.cupid.travel/hotels/232671538.jpg,liteapi
lp656c357c,Aiden by Best Western Hennur Bengaluru,hotel,13.0402,77.636048,3.0,,,False,9.3,188.0,https://static.cupid.travel/hotels/480694719.jpg,liteapi
lp657e2407,Townhouse OAK XOTEL near silk board metro,hotel,12.916109,77.619644,3.0,,,False,9.5,272.0,https://static.cupid.travel/hotels/612992012.jpg,liteapi
lp99448,Sarovar Portico Outer Ring Road Bengaluru,hotel,12.973671,77.693596,3.0,,,False,8.4,13.0,https://static.cupid.travel/hotels/ex_f68eb8b9_z.jpg,liteapi
lp4e858,Cross Roads Inn,hotel,12.908563,77.585999,3.0,,,False,8.4,45.0,https://static.cupid.travel/hotels/580258129.jpg,liteapi
lp694cb,Ginger Bangalore Inner Ring Road,hotel,12.952382,77.640039,3.0,,,False,7.0,19.0,https://static.cupid.travel/hotels/ex_c65bfd51_z.jpg,liteapi
lp65809e88,Pelican Inn,hotel,12.972947,77.608988,3.0,,,False,8.8,692.0,https://static.cupid.travel/hotels/553200633.jpg,liteapi
lp656c3074,Olive Zip Golflinks by Embassy Group,hotel,12.944888,77.649096,2.0,,,False,7.7,234.0,https://static.cupid.travel/hotels/591134507.jpg,liteapi
lp6571f109,Wandr Hotel- Near MG Road,hotel,12.994834,77.6149,3.0,,,False,8.9,529.0,https://static.cupid.travel/hotels/616383230.jpg,liteapi
lp655852ec,Sanctum Suites Indiranagar Bangalore,hotel,12.975397,77.635635,3.0,,,False,8.1,180.0,https://static.cupid.travel/hotels/516936499.jpg,liteapi
lp41fd4,Casa Cottage,hotel,12.964033,77.604903,3.0,,,False,8.8,593.0,https://static.cupid.travel/hotels/89847328.jpg,liteapi
lp6580f833,Bloom Hotel - Koramangala,hotel,12.934792,77.614706,3.0,,,False,9.0,372.0,https://static.cupid.travel/hotels/458327644.jpg,liteapi
lp50178,Vividus,hotel,12.984668,77.578344,4.0,,,False,6.8,698.0,https://static.cupid.travel/hotels/208412391.jpg,liteapi
lp656bc6c3,Olive Hotel JP Nagar by Embassy Group,hotel,12.906101,77.594502,3.0,,,False,8.5,394.0,https://static.cupid.travel/hotels/501988562.jpg,liteapi
lp6578313b,Olive Hotel Millers Road by Embassy Group,hotel,12.991027,77.594682,3.0,,,False,9.1,374.0,https://static.cupid.travel/hotels/598618100.jpg,liteapi
lp32f002,FabHotel GRK Comforts,hotel,12.919887,77.592564,3.0,,,False,8.3,1046.0,https://static.cupid.travel/hotels/560863658.jpg,liteapi
lp6557a2e2,Le Foliage by TGI,hotel,12.917215,77.576103,3.0,,,False,7.6,15.0,https://static.cupid.travel/hotels/ex_e8672f23_z.jpg,liteapi
lp657416a3,Grand Mercure Bangalore - An Accor Brand,hotel,12.929097,77.627434,5.0,,,False,8.8,479.0,https://static.cupid.travel/hotels/338206661.jpg,liteapi
lp657e8115,Super Townhouse Spruce Hotels Bellandur,hotel,12.92429,77.666869,4.0,,,False,7.0,206.0,https://static.cupid.travel/hotels/501627485.jpg,liteapi
lp65794847,"The Hosteller Bangalore, Brigade Road",hostel,12.967421,77.6066,,,,False,8.5,718.0,https://static.cupid.travel/hotels/541328839.jpg,liteapi
lp657d0692,VOVO PREMIER HOTEL,hotel,12.977493,77.576848,3.0,,,False,8.1,1180.0,https://static.cupid.travel/hotels/482124163.jpg,liteapi
lp65571261,Treebo Galaxy Suites Near Yeshwanthpur Railway Station,hotel,13.027884,77.561768,3.0,,,False,8.1,265.0,https://static.cupid.travel/hotels/244542418.jpg,liteapi
lp656c38b1,Olive Zip Indiranagar Metro by Embassy Group,hotel,12.978753,77.636898,3.0,,,False,8.7,494.0,https://static.cupid.travel/hotels/451552681.jpg,liteapi
lp657ef765,Hyatt Centric Hebbal Bengaluru,hotel,13.0541,77.593084,5.0,,,False,8.8,469.0,https://static.cupid.travel/hotels/574287045.jpg,liteapi
lp6576cb6c,BluO Studios - Koramangala,hotel,12.936995,77.614934,4.0,,,False,9.0,266.0,https://static.cupid.travel/hotels/478175519.jpg,liteapi
lp657d7922,Olive Service Apartments BTM Layout,hotel,12.915061,77.61061,3.0,,,False,9.4,140.0,https://static.cupid.travel/hotels/530044353.jpg,liteapi
lp6580fd11,FabHotel Galaxy Heights - Nagavara,hotel,13.03659,77.61413,3.0,,,False,9.6,82.0,https://static.cupid.travel/hotels/615817733.jpg,liteapi
lp656c2482,Hotel Gwen By Rivido Near IIM Bangalore,hotel,12.890764,77.609972,3.0,,,False,9.6,4.0,https://static.cupid.travel/hotels/ex_a34e20c1_z.jpg,liteapi
lp657b802d,FabHotel Blueberry - Bellandur,hotel,12.922931,77.694984,3.0,,,False,8.8,325.0,https://static.cupid.travel/hotels/592687600.jpg,liteapi
lp6da17,"The Fern Residency Bengaluru, Yeshwanthpur, Series by Marriott",hotel,13.026823,77.543875,4.0,,,False,7.9,121.0,https://static.cupid.travel/hotels/358234407.jpg,liteapi
lp655765a6,"Lilac Hotel, 5th Block",hotel,12.92223,77.58176,3.0,,,False,9.0,220.0,https://static.cupid.travel/hotels/219322868.jpg,liteapi
lp655795a4,Tulip Inn Koramangala Bangalore,hotel,12.938685,77.629828,4.0,,,False,7.9,464.0,https://static.cupid.travel/hotels/336696251.jpg,liteapi
lpba0a1,Maple Suites,hotel,13.030307,77.631972,,,,False,8.5,21.0,https://static.cupid.travel/hotels/124073464.jpg,liteapi
lp6576a22d,Hoodo Zoe - Hebbal Bangalore Apartments,hotel,13.058938,77.603135,3.0,,,False,9.4,125.0,https://static.cupid.travel/hotels/471934825.jpg,liteapi
lp696ea,Parijatha Gateway,hotel,13.014277,77.55407,3.0,,,False,,34.0,https://static.cupid.travel/hotels/ex_46492cec_z.jpg,liteapi
lp657faf87,HSR Homestay Chethana,hotel,12.913825,77.641187,,,,False,9.4,114.0,https://static.cupid.travel/hotels/517671970.jpg,liteapi
lp6581073f,"Southern Star,Bangalore",hotel,12.974658,77.599552,4.0,,,False,8.2,713.0,https://static.cupid.travel/hotels/380617458.jpg,liteapi
lp4dd24,Laika Boutique Stay,hotel,12.970406,77.616706,3.0,,,False,8.6,391.0,https://static.cupid.travel/hotels/465717225.jpg,liteapi
lp656bc7b7,Olive Zip Domlur by Embassy Group,hotel,12.958685,77.638331,3.0,,,False,8.5,389.0,https://static.cupid.travel/hotels/510920911.jpg,liteapi
lp33b5ee,Shravanti Sarovar Portico Bengaluru,hotel,12.907485,77.598596,3.0,,,False,6.6,3.0,https://static.cupid.travel/hotels/ex_ee445ef9_z.jpg,liteapi
lp65712d0c,Felix Inn - Manyata Tech Park,hotel,13.062008,77.624336,3.0,,,False,8.8,200.0,https://static.cupid.travel/hotels/579506797.jpg,liteapi
lp657d1372,Super Townhouse Oak Mahadevapura Opposite Phoenix Mall Formerly Grand Wilton Inn,hotel,12.99404,77.701269,4.0,,,False,8.5,332.0,https://static.cupid.travel/hotels/572073221.jpg,liteapi
lp86d29,Temple Tree Hotel,hotel,12.947934,77.594458,3.0,,,False,8.6,255.0,https://static.cupid.travel/hotels/96324096.jpg,liteapi
lp656f8c9d,Luho 41 Penthouse,hotel,12.926782,77.637884,4.0,,,False,9.8,36.0,https://static.cupid.travel/hotels/507843158.jpg,liteapi
lp657804aa,Art House- AC luxury service Apartments Bangalore,hotel,13.036616,77.601966,4.0,,,False,9.2,100.0,https://static.cupid.travel/hotels/459183517.jpg,liteapi
lp656bcc2f,FabHotel Phoenix Horamavu - Nr Horamavu Main Road,hotel,13.01989,77.65622,3.0,,,False,8.9,133.0,https://static.cupid.travel/hotels/506471566.jpg,liteapi
lp1f6c63,Olive Zip Btm Layout by Embassy Group,hotel,12.92154,77.610776,3.0,,,False,8.1,511.0,https://static.cupid.travel/hotels/458766104.jpg,liteapi
lp65757c99,Royal Ace Boutique Hotel - Manyata Techpark,hotel,13.041497,77.614351,4.0,,,False,8.2,451.0,https://static.cupid.travel/hotels/455796108.jpg,liteapi
lp65817b5d,BYOC Hostels - Indiranagar,hostel,12.964586,77.638277,,,,False,9.0,130.0,https://static.cupid.travel/hotels/494798572.jpg,liteapi
lp65741768,Olive Zip Richmond Circle by Embassy Group,hotel,12.966844,77.594683,3.0,,,False,7.9,728.0,https://static.cupid.travel/hotels/591131195.jpg,liteapi
lp656c36f5,SRS Vivanta,hotel,12.961726,77.649513,3.0,,,False,8.1,473.0,https://static.cupid.travel/hotels/457970089.jpg,liteapi
lp657b7b40,Goshen Inn Suites and Serviced Apartments,hotel,13.067048,77.649199,3.0,,,False,9.3,72.0,https://static.cupid.travel/hotels/457895664.jpg,liteapi
lp6556f7d5,Octave Himalaya Monarch,hotel,12.975872,77.576112,3.0,,,False,7.9,679.0,https://static.cupid.travel/hotels/349490595.jpg,liteapi
lp65596df2,Locul Uptown - Near Bangalore Palace Grounds,hotel,12.992712,77.586584,,,,False,8.7,1031.0,https://static.cupid.travel/hotels/140448825.jpg,liteapi
lp6557b39e,Treebo Suraksha Inn,hotel,12.978872,77.641948,3.0,,,False,10.0,6.0,https://static.cupid.travel/hotels/ex_aad128b6_z.jpg,liteapi
lp4c970,The Capitol,hotel,12.982814,77.591758,4.0,,,False,6.2,20.0,https://static.cupid.travel/hotels/ex_d09528bc_z.jpg,liteapi
lp6573bcee,"Astra Hotels & Suites - Kadubeesanahalli ,Opposite Oracle and JP Morgan, Marathahalli Outer Ring Road",hotel,12.94186,77.697065,3.0,,,False,8.3,349.0,https://static.cupid.travel/hotels/539132234.jpg,liteapi
lp65756277,Hotel Bulande Comforts 1 Bhk Flat Manyata Tech Park,hotel,13.061162,77.620845,3.0,,,False,8.7,170.0,https://static.cupid.travel/hotels/497289907.jpg,liteapi
lp65776ca7,FabHotel RMS Comforts - Nr Yeshwantpur Railway Station,hotel,13.033711,77.558296,3.0,,,False,8.3,303.0,https://static.cupid.travel/hotels/408763076.jpg,liteapi
lp657ee296,FabHotel Skyline - Banashankari,hotel,12.915664,77.559154,4.0,,,False,9.2,75.0,https://static.cupid.travel/hotels/584567527.jpg,liteapi
lp5a087,Halcyon Hotel Residences Koramangala - Bangalore,hotel,12.93583,77.6313,,,,False,8.0,13.0,https://static.cupid.travel/hotels/114106788.jpg,liteapi
lpe6233,Super Townhouse MG Road Near Commercial Street,hotel,12.981283,77.607727,4.0,,,False,8.2,325.0,https://static.cupid.travel/hotels/619219355.jpg,liteapi
lp655ad144,FabHotel S Comfort Inn - Indiranagar,hotel,12.97102,77.64714,3.0,,,False,8.5,1045.0,https://static.cupid.travel/hotels/318722874.jpg,liteapi
lp65788e37,"The Hosteller Bangalore, Manyata Tech Park",hostel,13.042143,77.61108,,,,False,8.8,172.0,https://static.cupid.travel/hotels/598871513.jpg,liteapi
lp65781411,StayMazing Manyata-24Hrs Check in & out-1BHKs with Balcony-Couple Friendly,hotel,13.037039,77.608072,4.0,,,False,9.2,92.0,https://static.cupid.travel/hotels/535341036.jpg,liteapi
lp6573eb95,Luxre Homes - Villa in Koramangala,hotel,12.933045,77.62698,3.0,,,False,9.4,54.0,https://static.cupid.travel/hotels/555510049.jpg,liteapi
lp655ac9c3,FabHotel Sanctuary Suites,hotel,12.96821,77.64461,3.0,,,False,8.6,828.0,https://snaphotelapi.com/hotels/207328169.jpg,liteapi
lp33c8d3,Regenta Inn Indiranagar,hotel,12.979318,77.637872,3.0,,,False,8.0,4.0,https://static.cupid.travel/hotels/ex_3a114cab_z.jpg,liteapi
lp657c88a1,Townhouse HSR Layout Formerly Seven Olives,hotel,12.906027,77.632117,3.0,,,False,8.7,155.0,https://static.cupid.travel/hotels/622139552.jpg,liteapi
lp65578e78,Treebo Fortune Stay,hotel,12.974509,77.63992,3.0,,,False,7.5,295.0,https://static.cupid.travel/hotels/331810497.jpg,liteapi
lp657c319f,Townhouse Bellandur Near Embassy Tech Village,hotel,12.927203,77.696331,4.0,,,False,8.6,178.0,https://static.cupid.travel/hotels/603463433.jpg,liteapi
lp657b317a,Castle HSR Sarjapur Road,hotel,12.912075,77.663713,4.0,,,False,9.3,47.0,https://static.cupid.travel/hotels/497103350.jpg,liteapi
lp655ac9b2,Super Townhouse Ramamurthy Nagar,hotel,13.00687,77.66681,4.0,,,False,8.7,661.0,https://static.cupid.travel/hotels/588948121.jpg,liteapi
lp655b9f46,Townhouse Karmelaram Railway Station Sarjapur,hotel,12.915786,77.698398,4.0,,,False,8.8,609.0,https://static.cupid.travel/hotels/525861983.jpg,liteapi
lp657cbeb0,Grand Continent Malleshwaram A Sarovar Portico Affiliate Hotel,hotel,12.993817,77.579334,3.0,,,False,8.4,262.0,https://static.cupid.travel/hotels/538713021.jpg,liteapi
lp72f5a,Hotel Vellara,hotel,12.96695,77.606837,3.0,,,False,8.2,300.0,https://static.cupid.travel/hotels/218743585.jpg,liteapi
lp657cafe9,Hotel Dhruv Palace Bangalore Jakkur,hotel,13.074477,77.60363,3.0,,,False,9.2,55.0,https://static.cupid.travel/hotels/335830807.jpg,liteapi
lp655d3858,Locul Midtown-Indiranagar,hotel,12.969508,77.644724,,,,False,8.5,946.0,https://static.cupid.travel/hotels/373490226.jpg,liteapi
lp6817d,Thyme the Transit,hotel,12.978027,77.639709,3.0,,,False,8.8,112.0,https://static.cupid.travel/hotels/193485421.jpg,liteapi
lp656ffbf9,Bloom Hotel - HSR Club,hotel,12.911226,77.644051,3.0,,,False,8.7,128.0,https://static.cupid.travel/hotels/497080224.jpg,liteapi
lp65842ebc,Flickstays Blossom,hotel,12.918603,77.645857,,,,False,9.9,16.0,https://static.cupid.travel/hotels/595277452.jpg,liteapi
lp38c79d,Townhouse Ulsoor Near Halasuru Metro Station,hotel,12.977354,77.627063,4.0,,,False,8.1,338.0,https://static.cupid.travel/hotels/610969023.jpg,liteapi
lp6579da65,DoubleTree Suites by Hilton Bengaluru Outer Ring Road,hotel,12.919228,77.665056,5.0,,,False,8.1,475.0,https://static.cupid.travel/hotels/483814205.jpg,liteapi
lp6572fcd1,The Rustic Manor - Homestay,hotel,12.933975,77.626802,,,,False,9.4,34.0,https://static.cupid.travel/hotels/503130397.jpg,liteapi
lp657052fb,Astra Hotels and Suites HSR Sector 1,hotel,12.922799,77.651382,,,,False,8.8,109.0,https://static.cupid.travel/hotels/542539068.jpg,liteapi
lpaa958,Bhagini Icon Premier Hotel,hotel,12.930263,77.685763,4.0,,,False,8.2,268.0,https://static.cupid.travel/hotels/278273077.jpg,liteapi
lp65751e16,X by Bloom l Indiranagar,hotel,12.977397,77.637781,3.0,,,False,8.0,367.0,https://static.cupid.travel/hotels/236203668.jpg,liteapi
lp655d5511,Woke HSR layout,hotel,12.912964,77.638287,,,,False,9.2,257.0,https://static.cupid.travel/hotels/214765818.jpg,liteapi
lp655d3216,Locul Central - Church Street,hotel,12.975663,77.602378,,,,False,8.4,1025.0,https://static.cupid.travel/hotels/261656103.jpg,liteapi
lp657fe7c6,Castle Hebbal Service Apartments,hotel,13.047922,77.595052,3.0,,,False,9.1,62.0,https://static.cupid.travel/hotels/522249560.jpg,liteapi
lp657074d5,Bloom Hotel - HAL Old Airport Road,hotel,12.963534,77.634957,3.0,,,False,8.5,150.0,https://static.cupid.travel/hotels/502025594.jpg,liteapi
lp65742111,The Auberge Boutique Hotel - Manyata Tech Park,hotel,13.06039,77.627342,3.0,,,False,8.9,75.0,https://static.cupid.travel/hotels/541814909.jpg,liteapi
lp6571a6ab,Astra Hotels & Suites - Koramangala,hotel,12.92575,77.61833,4.0,,,False,8.3,195.0,https://static.cupid.travel/hotels/620074613.jpg,liteapi
lp20e9ed,Livi Suites Serviced Apartments,hotel,13.031288,77.568007,4.0,,,False,8.6,177.0,https://static.cupid.travel/hotels/559005151.jpg,liteapi
lp656b4952,LUHO Grande,hotel,12.937622,77.623228,4.0,,,False,9.3,191.0,https://static.cupid.travel/hotels/394625590.jpg,liteapi
lp6574dac9,Daffodil Delight - Manyata Tech Park,hotel,13.035146,77.629732,3.0,,,False,8.0,334.0,https://static.cupid.travel/hotels/136174948.jpg,liteapi
lp656f91de,Octave Hotel & Spa - Sarjapur Road,hotel,12.918509,77.667839,3.0,,,False,7.4,852.0,https://static.cupid.travel/hotels/26052317.jpg,liteapi
lp6573cc3e,Dhoni Homes -Premium 1 BHK Service Apartment Manyata Tech Park,hotel,13.057269,77.628024,3.0,,,False,9.4,35.0,https://static.cupid.travel/hotels/503196350.jpg,liteapi
lp6576a9c1,Pride Premier Bengaluru,hotel,12.964757,77.599461,4.0,,,False,8.1,318.0,https://static.cupid.travel/hotels/95544077.jpg,liteapi
lp657f7c64,Sanctum Suites Domlur Bangalore,hotel,12.956855,77.641947,3.0,,,False,8.6,112.0,https://static.cupid.travel/hotels/311214951.jpg,liteapi
lp55449,Pai Viceroy,hotel,12.935847,77.583776,3.0,,,False,8.0,298.0,https://static.cupid.travel/hotels/597018127.jpg,liteapi
lp6572febf,Bloom Hotel - Richmond Road,hotel,12.964998,77.597136,3.0,,,False,8.4,162.0,https://static.cupid.travel/hotels/559540964.jpg,liteapi
lp657516e5,Idam Na Mama - Luxury Homestay by HomeSlice,hotel,12.908179,77.646888,,,,False,8.7,91.0,https://static.cupid.travel/hotels/486212052.jpg,liteapi
lpc46fa,Treebo Sahara Suites 750 M From St Johns Medical College And Hospital,hotel,12.926217,77.61694,3.0,,,False,8.6,113.0,https://static.cupid.travel/hotels/224238805.jpg,liteapi
lp657ea1c6,Elite Peak Serviced Apartments,hotel,12.88691,77.608776,4.0,,,False,8.7,92.0,https://static.cupid.travel/hotels/506762396.jpg,liteapi
lp657af818,Two Bedroom Independent Als Home,hotel,13.033504,77.609375,3.0,,,False,9.1,45.0,https://static.cupid.travel/hotels/555626009.jpg,liteapi
lp657a43c6,"The President Hotel, kumarapark",hotel,12.996088,77.583647,3.0,,,False,8.8,78.0,https://static.cupid.travel/hotels/412523298.jpg,liteapi
lp658112c6,Via Royal Sterling,hotel,13.060854,77.619175,3.0,,,False,8.0,264.0,https://static.cupid.travel/hotels/591144975.jpg,liteapi
lp65847f27,StayhomeStays Prime,hotel,12.941716,77.601313,3.0,,,False,8.5,120.0,https://static.cupid.travel/hotels/387692530.jpg,liteapi
lp19cc53,Stayhome Classic,hotel,12.894423,77.605404,,,,False,,49.0,https://static.cupid.travel/hotels/214710128.jpg,liteapi
lp65781abc,Hotel The Black Stone,hotel,12.934444,77.616556,3.0,,,False,8.2,219.0,https://static.cupid.travel/hotels/494575903.jpg,liteapi
lp6573aa3b,Bloom Hub l ORR Marathahalli,hotel,12.954525,77.70044,4.0,,,False,8.7,89.0,https://static.cupid.travel/hotels/494033626.jpg,liteapi
lp657e14bc,Sweet Crystal Homes C V Raman Nagar,hotel,12.992215,77.66029,3.0,,,False,9.4,49.0,https://static.cupid.travel/hotels/595610330.jpg,liteapi
lp657aebff,Golden Fortune Suites Hotel,hotel,13.02605,77.643012,3.0,,,False,8.2,178.0,https://static.cupid.travel/hotels/489030861.jpg,liteapi
lp6561948b,Castle JP Service Apartments,hotel,12.904514,77.593972,4.0,,,False,9.2,187.0,https://static.cupid.travel/hotels/241131232.jpg,liteapi
lp7bf9a,PearlSuites,hotel,12.955003,77.650646,3.0,,,False,7.4,5.0,https://static.cupid.travel/hotels/ex_f45beb74_z.jpg,liteapi
lp657f7105,Townhouse HAL Indiranagar Extension,hotel,12.975795,77.680434,4.0,,,False,7.9,283.0,https://static.cupid.travel/hotels/611670838.jpg,liteapi
lp95c4b,Treebo Akshaya Lalbagh Inn,hotel,12.94351,77.584107,3.0,,,False,6.8,376.0,https://static.cupid.travel/hotels/72210716.jpg,liteapi
lp1abe5e,Itsy Hotels Shivas Kuteera,hotel,12.910617,77.643187,3.0,,,False,8.7,69.0,https://static.cupid.travel/hotels/174951293.jpg,liteapi
lp65795d90,Regenta INN Grand Koramangala by Royal Orchid Hotels,hotel,12.943424,77.6214,3.0,,,False,7.8,327.0,https://static.cupid.travel/hotels/286773889.jpg,liteapi
lp6571a4eb,"The City Boho, Luxe 3BHK Jayanagar -Great Location",hotel,12.926395,77.587452,4.0,,,False,9.9,9.0,https://static.cupid.travel/hotels/582678065.jpg,liteapi
lp6557d0a5,Treebo Blu Orchid,hotel,12.974932,77.638997,3.0,,,False,7.7,367.0,https://static.cupid.travel/hotels/188806527.jpg,liteapi
lp65657d63,Castle Bannerghatta Road,hotel,12.89559,77.596488,4.0,,,False,9.6,88.0,https://static.cupid.travel/hotels/357650323.jpg,liteapi
lp657792fc,Treebo Galaxy Kings Suites Near Manyata Tech Park,hotel,13.052872,77.603765,3.0,,,False,8.6,79.0,https://static.cupid.travel/hotels/547950495.jpg,liteapi
lp657e9c68,Hotel Kinotree Yeshwanthpur,hotel,13.024042,77.557099,3.0,,,False,8.7,65.0,https://static.cupid.travel/hotels/529448764.jpg,liteapi
lp657959a4,Hotel O The Royal International Hotel,hotel,12.902444,77.633083,3.0,,,False,10.0,9.0,https://static.cupid.travel/hotels/442911348.jpg,liteapi
lp4296f,The Paul Bangalore,hotel,12.953635,77.639697,5.0,,,False,8.4,101.0,https://static.cupid.travel/hotels/15218362.jpg,liteapi
lp657a85b8,The Luxant Hotel,hotel,12.976509,77.578899,4.0,,,False,9.6,14.0,https://static.cupid.travel/hotels/607578379.jpg,liteapi
lp657b2009,AK Castle Suites,hotel,12.967344,77.609024,3.0,,,False,8.4,100.0,https://static.cupid.travel/hotels/593186809.jpg,liteapi
lp657041ac,Astra Hotels and Suites - Sector 7 HSR Layout,hotel,12.908263,77.632706,3.0,,,False,8.7,68.0,https://static.cupid.travel/hotels/617264639.jpg,liteapi
lp657fae41,Hotel Saarang Forever,hotel,13.020728,77.555485,3.0,,,False,7.8,263.0,https://static.cupid.travel/hotels/266919878.jpg,liteapi
lpad013,Tranquil Serviced Apartments,hotel,12.894567,77.619937,3.0,,,False,8.2,143.0,https://static.cupid.travel/hotels/118375497.jpg,liteapi
lp656e57db,"StayMazing-24 Hrs Check in & Out- 1,2 & 3 BHK AC Balcony Apartments at Manyata,Hebbal-30 mins to Airport",hotel,13.037004,77.607411,4.0,,,False,8.0,199.0,https://static.cupid.travel/hotels/499119780.jpg,liteapi
lp65570ec7,Treebo Sai Suites Inn Nagavara,hotel,13.042327,77.611822,3.0,,,False,7.9,216.0,https://static.cupid.travel/hotels/292144719.jpg,liteapi
lp656b1ee7,Luho 187,hotel,12.938336,77.620491,,,,False,9.5,76.0,https://static.cupid.travel/hotels/428809915.jpg,liteapi
lp657fd240,Treebo Memories Inn,hotel,12.88948,77.649312,3.0,,,False,9.6,26.0,https://static.cupid.travel/hotels/608239132.jpg,liteapi
lp888c8,Hotel Ivory Tower,hotel,12.975829,77.60513,3.0,,,False,8.4,20.0,https://static.cupid.travel/hotels/ex_7e76c3f8_z.jpg,liteapi
lp68164,SFO Hotel and Suites,hotel,12.916759,77.585423,,,,False,8.0,181.0,https://static.cupid.travel/hotels/247212432.jpg,liteapi
lp657b7c35,Super Townhouse Arekere Near Mithai Mahal,hotel,12.884102,77.604665,4.0,,,False,8.2,125.0,https://static.cupid.travel/hotels/539778209.jpg,liteapi
lp656bd258,Treebo Tiba,hotel,12.9741,77.570094,3.0,,,False,7.6,368.0,https://static.cupid.travel/hotels/507631948.jpg,liteapi
lp65847227,Flickstays Daffodil,hotel,12.9088,77.634024,,,,False,10.0,7.0,https://static.cupid.travel/hotels/621368164.jpg,liteapi
lp65873bb5,"Grand Continent Koramangala, Bangalore",hotel,12.930628,77.631072,3.0,,,False,10.0,5.0,https://static.cupid.travel/hotels/ex_63ed452c_z.jpg,liteapi
lp6585a8c1,TGI Oberon,hotel,12.940147,77.625387,2.0,,,False,10.0,5.0,https://static.cupid.travel/hotels/ex_ab5b9c2d_z.jpg,liteapi
lp65865dae,Hotel Grand Sigma,hotel,12.979366,77.576525,3.0,,,False,10.0,5.0,https://static.cupid.travel/hotels/ex_7c64f102_z.jpg,liteapi
lp657a565e,The President Hotel Kumara Park,hotel,12.996361,77.583899,3.0,,,False,10.0,5.0,https://static.cupid.travel/hotels/ex_7e4dd614_z.jpg,liteapi
lp65581bac,Pinnacle Serviced Apartments,hotel,12.895822,77.5976,3.0,,,False,,90.0,https://static.cupid.travel/hotels/600592005.jpg,liteapi
lp5c31b,The Curzon Court,hotel,12.973435,77.607494,2.0,,,False,7.7,313.0,https://static.cupid.travel/hotels/95520050.jpg,liteapi
lp65817917,HRBR Enclave,hotel,13.023938,77.63774,3.0,,,False,9.2,33.0,https://static.cupid.travel/hotels/622523064.jpg,liteapi
lp655d3a6b,goSTOPS Bengaluru,hotel,12.97745,77.57693,3.0,,,False,8.2,607.0,https://static.cupid.travel/hotels/482777503.jpg,liteapi
lp657ae556,The Pentouz - A Boutique Hotel,hotel,12.971892,77.599647,4.0,,,False,8.5,73.0,https://static.cupid.travel/hotels/619766420.jpg,liteapi
lp656c32fb,FabHotel Shakthi Suites - Nr Jayadeva Hospital,hotel,12.923386,77.593663,3.0,,,False,,58.0,https://static.cupid.travel/hotels/468564225.jpg,liteapi
lpa90d0,Octave Hotel - Double Road,hotel,12.9596,77.593399,3.0,,,False,7.5,365.0,https://static.cupid.travel/hotels/95059114.jpg,liteapi
lp4cc55,Monarch Luxur - Infantry Road,hotel,12.980492,77.605062,4.0,,,False,6.8,178.0,https://static.cupid.travel/hotels/603793128.jpg,liteapi
lp655b9fc1,Lilac Hotel 3rd Block,hotel,12.934673,77.583174,3.0,,,False,8.6,310.0,https://static.cupid.travel/hotels/605611477.jpg,liteapi
lp655d4063,Woke Indiranagar,hotel,12.977966,77.644222,,,,False,8.3,327.0,https://static.cupid.travel/hotels/186972133.jpg,liteapi
lp6580d6b3,Melange Luxury Serviced Apartments,hotel,12.970233,77.597092,3.0,,,False,7.7,282.0,https://static.cupid.travel/hotels/13168211.jpg,liteapi
lpbcfa5,Hotel RR International,hotel,12.97966,77.575423,2.0,,,False,7.1,722.0,https://static.cupid.travel/hotels/103904985.jpg,liteapi
lpdd908,Townhouse Seetharam Palya Metro Station Bangalore Formerly Silver Key,hotel,12.962567,77.701356,3.0,,,False,7.2,609.0,https://static.cupid.travel/hotels/371329348.jpg,liteapi
lp655d4061,The Little Blue Window Hostel,hostel,12.913742,77.608896,,,,False,8.6,311.0,https://static.cupid.travel/hotels/188195552.jpg,liteapi
lp372a1c,Itsy Hotels Shree Comforts,hotel,12.911065,77.637523,3.0,,,False,8.3,96.0,https://static.cupid.travel/hotels/225699964.jpg,liteapi
lp657989f9,"Hotel Royal Classio, Bangalore",hotel,13.022284,77.638487,3.0,,,False,8.7,45.0,https://static.cupid.travel/hotels/511674128.jpg,liteapi
lp656f15dc,V2 rooms,hotel,13.03655,77.61406,2.0,,,False,9.1,22.0,https://static.cupid.travel/hotels/619900711.jpg,liteapi
lp656b9d71,Terrace Gardens,hotel,12.970684,77.613689,3.0,,,False,9.0,160.0,https://static.cupid.travel/hotels/288034448.jpg,liteapi
lp1cebc6,"Treebo Kings Suits, HSR Layout",hotel,12.909673,77.639343,3.0,,,False,8.1,90.0,https://static.cupid.travel/hotels/291037597.jpg,liteapi
lp65812705,Salaam Namaste Bengaluru,hotel,13.0319,77.59086,,,,False,10.0,4.0,https://static.cupid.travel/hotels/587750706.jpg,liteapi
lp65830657,Sernity Suites,hotel,13.039007,77.633481,,,,False,10.0,4.0,https://static.cupid.travel/hotels/600337808.jpg,liteapi
lp657cb9e9,Affordable Luxurious Stay with All Amenities,hotel,13.06508,77.638,,,,False,10.0,4.0,https://static.cupid.travel/hotels/619132042.jpg,liteapi
lp85884,Melange Astris,hotel,12.964642,77.598477,4.0,,,False,7.5,352.0,https://static.cupid.travel/hotels/291019877.jpg,liteapi
lp656c3752,Treebo Akshaya Residency,hotel,12.893475,77.595592,3.0,,,False,8.4,83.0,https://static.cupid.travel/hotels/495002920.jpg,liteapi
lp553e5,Citrine,hotel,12.986312,77.574685,3.0,,,False,8.8,36.0,https://static.cupid.travel/hotels/27601120.jpg,liteapi
lp4b538,Casa De Bengaluru,hotel,12.936289,77.622442,3.0,,,False,8.6,48.0,https://static.cupid.travel/hotels/ex_a3d0fa45_z.jpg,liteapi
lp657b0668,PVR Suites off Bannerghatta Road,hotel,12.887444,77.610479,3.0,,,False,8.3,85.0,https://static.cupid.travel/hotels/525326599.jpg,liteapi
lp6576a1d6,The Lofts at Central Point,hotel,13.028639,77.632173,3.0,,,False,8.7,94.0,https://static.cupid.travel/hotels/613578051.jpg,liteapi
lp657580fe,SSN Home Stays in Bangalore near PLAY Arena,hotel,12.904146,77.679187,4.0,,,False,9.3,19.0,https://static.cupid.travel/hotels/602427962.jpg,liteapi
lp657c30c7,Hotel Le Grandeur,hotel,12.947699,77.568519,,,,False,8.2,110.0,https://static.cupid.travel/hotels/499740989.jpg,liteapi
lp6575c8f1,UR Residency New BEL ROAD,hotel,13.031455,77.570359,3.0,,,False,7.9,175.0,https://static.cupid.travel/hotels/428756950.jpg,liteapi
lp655b9f3f,Cubbon Suites,hotel,12.979247,77.605593,2.0,,,False,9.1,133.0,https://static.cupid.travel/hotels/223500251.jpg,liteapi
lp3421a3,Ring View Hotels - Hebbal,hotel,13.047643,77.575536,3.0,,,False,8.6,50.0,https://static.cupid.travel/hotels/226805560.jpg,liteapi
lp6571bcb9,Aurum Keys By VYDA,hotel,12.975889,77.696869,3.0,,,False,8.2,102.0,https://static.cupid.travel/hotels/543519165.jpg,liteapi
lp6578c36e,"Snore Summore, Hostel in Koramangala",hostel,12.928187,77.636791,,,,False,7.9,151.0,https://static.cupid.travel/hotels/491842149.jpg,liteapi
lp65776076,Cozy 2BHK Apartment in Vijayanagar Near Attiguppe Metro,hotel,12.964088,77.529041,4.0,,,False,9.8,6.0,https://static.cupid.travel/hotels/543111426.jpg,liteapi
lp657a3c6b,Castle Hebbal Room with Kitchen,hotel,13.047857,77.595056,3.0,,,False,9.8,7.0,https://static.cupid.travel/hotels/567945522.jpg,liteapi
lp6558b9a0,FabHotel Pride Image - Rajarajeshwari Nagar,hotel,12.913233,77.513848,5.0,,,False,8.5,51.0,https://static.cupid.travel/hotels/405534547.jpg,liteapi
lp655d53d8,The Hood Hostel,hostel,12.935225,77.618153,,,,False,8.3,386.0,https://static.cupid.travel/hotels/289763672.jpg,liteapi
lp6571a21f,"Staymazing Ferndale-1,2 & 3 BHK Boutique AC Serviced Apartments",hotel,13.037122,77.60752,,,,False,8.3,89.0,https://static.cupid.travel/hotels/578424452.jpg,liteapi
lp655d53bd,"Founder Startup House, Koramangala",hotel,12.935458,77.613354,,,,False,9.0,138.0,https://static.cupid.travel/hotels/244722247.jpg,liteapi
lp657a6460,Treebo Premium Raj Vista Global Village,hotel,12.914776,77.501977,4.0,,,False,8.3,84.0,https://static.cupid.travel/hotels/321200914.jpg,liteapi
lp6556cd03,Octave Royal Opera,hotel,13.020701,77.555462,3.0,,,False,7.2,449.0,https://static.cupid.travel/hotels/274675569.jpg,liteapi
lp65767271,"Nest By Rivido Apart Hotel, Bannerghatta road",hotel,12.905069,77.603808,3.0,,,False,8.4,67.0,https://static.cupid.travel/hotels/510424781.jpg,liteapi
lp6575536f,Aster Suites,hotel,13.056314,77.600583,3.0,,,False,9.3,12.0,https://static.cupid.travel/hotels/232337660.jpg,liteapi
lp6557a164,Treebo The Grand Skyla Marathahalli,hotel,12.949729,77.701356,3.0,,,False,7.6,234.0,https://static.cupid.travel/hotels/341851334.jpg,liteapi
lp657a3b16,Zing Rooms by GuestHouse Suites,hotel,12.937819,77.699004,3.0,,,False,8.7,38.0,https://static.cupid.travel/hotels/572835804.jpg,liteapi
lp657c7c69,"Fressotel, Kanakapura Road",hotel,12.894416,77.56828,2.0,,,False,10.0,3.0,https://static.cupid.travel/hotels/ex_0036b86b_z.jpg,liteapi
lp65827c7d,Mellow Yellow,hotel,12.93814,77.62386,,,,False,10.0,3.0,https://static.cupid.travel/hotels/546026414.jpg,liteapi
lp6585cb64,Atithyaa,hotel,12.947148,77.569032,3.0,,,False,10.0,3.0,https://static.cupid.travel/hotels/ex_f2ceb051_z.jpg,liteapi
lp65702e00,2 BHK APT in RustamBagh - Indranagar,hotel,12.954385,77.648942,,,,False,9.2,14.0,https://static.cupid.travel/hotels/596554576.jpg,liteapi
lp65584a5b,Treebo Worldtree Manyata Thanisandra,hotel,13.059189,77.631821,3.0,,,False,7.5,134.0,https://static.cupid.travel/hotels/383617363.jpg,liteapi
lp225ed9,Langford Keys by TGI,hotel,12.96238,77.595338,3.0,,,False,7.6,3.0,https://static.cupid.travel/hotels/ex_ebf9d55d_z.jpg,liteapi
lp6579d1a4,Sun Shine Hotel,hotel,12.96098,77.598674,3.0,,,False,8.8,31.0,https://static.cupid.travel/hotels/605601828.jpg,liteapi
lp655848ba,Treebo Purple Orchid Boutique,hotel,12.934946,77.616949,3.0,,,False,7.9,134.0,https://static.cupid.travel/hotels/390597926.jpg,liteapi
lp186934,"Treebo 12 Degrees West, Domlur",hotel,12.952779,77.640038,3.0,,,False,7.9,137.0,https://static.cupid.travel/hotels/291006413.jpg,liteapi
lp6579988e,Hotel Arafa Inn,hotel,12.977633,77.57685,3.0,,,False,7.3,357.0,https://static.cupid.travel/hotels/227711023.jpg,liteapi
lp65657d76,BluO Park View 1BHK HSR Layout - Terrace Garden,hotel,12.907443,77.641472,,,,False,9.7,32.0,https://static.cupid.travel/hotels/540208170.jpg,liteapi
lp657b6f67,Nandu Hospitality Apartments Services - Aashiyana,hotel,13.04924,77.604736,3.0,,,False,9.0,21.0,https://static.cupid.travel/hotels/89818383.jpg,liteapi
lp657f6d86,Hotel O Srigandhakavalu Formerly Chamundeshwari Lodging,hotel,12.979751,77.502178,3.0,,,False,8.3,66.0,https://static.cupid.travel/hotels/613763812.jpg,liteapi
lp657c8b94,Treebo Elite Premium Homes,hotel,12.926633,77.637257,3.0,,,False,8.5,49.0,https://static.cupid.travel/hotels/385201656.jpg,liteapi
lp65553721,Tranquil Orchid Serviced Apartments,hotel,12.883639,77.640258,3.0,,,False,8.2,79.0,https://static.cupid.travel/hotels/235195871.jpg,liteapi
lp404f4,La Sara Grand,hotel,12.936025,77.621595,3.0,,,False,8.4,56.0,https://static.cupid.travel/hotels/108425163.jpg,liteapi
lp656dba58,"Zostel Bangalore, Koramangala",hotel,12.933493,77.631458,,,,False,7.8,182.0,https://static.cupid.travel/hotels/509462636.jpg,liteapi
lp656bc7ae,Treebo Premium New Light Suites,hotel,12.999703,77.676594,3.0,,,False,7.9,137.0,https://static.cupid.travel/hotels/516847918.jpg,liteapi
lp6570aa52,Blu Petal - A Business Hotel,hotel,12.933452,77.615324,3.0,,,False,8.0,126.0,https://static.cupid.travel/hotels/85236590.jpg,liteapi
lp6574cc91,FabHotel Oriental Suites III,hotel,12.91313,77.605377,3.0,,,False,7.7,166.0,https://static.cupid.travel/hotels/164798501.jpg,liteapi
lp655a71bf,FabHotel GR Lake View - BTM Layout,hotel,12.907126,77.613159,3.0,,,False,8.2,362.0,https://static.cupid.travel/hotels/347987327.jpg,liteapi
lp6577681e,"The Elanza Hotel, Bangalore",hotel,12.965329,77.60199,4.0,,,False,7.1,489.0,https://static.cupid.travel/hotels/93125856.jpg,liteapi
lp655a76ec,FabHotel Spiro Grand - Nr Banashankari,hotel,12.922554,77.557332,3.0,,,False,9.2,71.0,https://static.cupid.travel/hotels/320590360.jpg,liteapi
lp657df31d,SS Mystic Apartotel,hotel,12.959565,77.601686,4.0,,,False,8.4,69.0,https://static.cupid.travel/hotels/479729939.jpg,liteapi
lp6582a013,Hotel Monarch International,hotel,12.902173,77.601305,3.0,,,False,7.7,170.0,https://static.cupid.travel/hotels/281175640.jpg,liteapi
lp65776550,"The Ontime Hotel, Bangalore",hotel,12.972542,77.609606,3.0,,,False,7.8,192.0,https://static.cupid.travel/hotels/577719027.jpg,liteapi
lp6576e152,FabHotel Frazer Suites - Nr Bangalore Cantt Railway Station,hotel,12.996711,77.613826,3.0,,,False,8.2,68.0,https://static.cupid.travel/hotels/227204918.jpg,liteapi
lp656c1fbd,"Treebo Elite 7 Koramangala, 500m from Nexus Mall",hotel,12.937706,77.612037,3.0,,,False,8.1,81.0,https://static.cupid.travel/hotels/438167874.jpg,liteapi
lp657ea298,Super Collection O Uttarahalli,hotel,12.90445,77.49956,3.0,,,False,9.0,23.0,https://static.cupid.travel/hotels/613831525.jpg,liteapi
lp657139d6,2 BHK or 3 BHK IT Corporate Service Apartment Manyata Tech Park,hotel,13.058833,77.621124,3.0,,,False,8.9,21.0,https://static.cupid.travel/hotels/595801028.jpg,liteapi
lp6575d754,Super Capital O Davis Let,hotel,13.01285,77.6351,3.0,,,False,8.1,74.0,https://static.cupid.travel/hotels/593053637.jpg,liteapi
lp655d3228,Habitat15@airlines,hotel,12.972543,77.59996,,,,False,8.5,206.0,https://static.cupid.travel/hotels/362084964.jpg,liteapi
lp657b2e16,Temple Keys Bangalore by Bestinn Leisure,hotel,12.890213,77.609255,3.0,,,False,9.3,11.0,https://static.cupid.travel/hotels/617628308.jpg,liteapi
lp65779831,"HomeSlice Nazaara, HomeStay in BTM",hotel,12.91367,77.618474,,,,False,8.2,87.0,https://static.cupid.travel/hotels/483517107.jpg,liteapi
lp656bc879,Le Opera,hotel,13.031898,77.563619,2.0,,,False,9.6,5.0,https://static.cupid.travel/hotels/ex_36321c1a_z.jpg,liteapi
lp657de584,Super Collection O Sarjapura Road Kasavanahalli,hotel,12.90864,77.67623,3.0,,,False,8.1,86.0,https://static.cupid.travel/hotels/611332300.jpg,liteapi
lp657c6562,Treebo Akshaya Mayflower Vijaya Bank Layout,hotel,12.895619,77.60816,3.0,,,False,7.6,200.0,https://static.cupid.travel/hotels/51873146.jpg,liteapi
lp6585bc88,Astra Hotels and Suites - Sector 7 HSR,hotel,12.9083,77.632663,3.0,,,False,10.0,2.0,https://static.cupid.travel/hotels/ex_67efc0b8_z.jpg,liteapi
lp65820b40,Crystal Homes,hotel,12.931391,77.631698,,,,False,10.0,2.0,https://static.cupid.travel/hotels/612095232.jpg,liteapi
lp657bdc51,Classic Homes Apartment Hotel with Kitchen,hotel,12.95851,77.64964,,,,False,10.0,2.0,https://static.cupid.travel/hotels/607683337.jpg,liteapi
lp65726d0d,Terrastone 3BHK Duplex Nr Fortis Nagarabhavi,hotel,12.962897,77.490997,3.0,,,False,10.0,2.0,https://static.cupid.travel/hotels/532249058.jpg,liteapi
lp657f7936,Kshemavana The Wellness Retreat,hotel,12.988,77.68937,,,,False,10.0,2.0,https://static.cupid.travel/hotels/593959428.jpg,liteapi
lp20e459,Grand Seasons - The Business Hotel,hotel,13.001958,77.662957,3.0,,,False,10.0,2.0,https://static.cupid.travel/hotels/ex_6aca5bbb_z.jpg,liteapi
lp6558ecb5,Athulya Residence,hotel,13.018695,77.651353,3.0,,,False,10.0,2.0,https://static.cupid.travel/hotels/ex_77b05afc_z.jpg,liteapi
lp6579f7e0,City Center Family Home,hotel,13.022813,77.640242,4.0,,,False,10.0,2.0,https://static.cupid.travel/hotels/496858710.jpg,liteapi
lp655857e6,Hotel O Royal Suites,hotel,13.039317,77.627332,3.0,,,False,10.0,2.0,https://static.cupid.travel/hotels/387226687.jpg,liteapi
lp37c591,Purple Cloud Urban,hotel,13.06292,77.59231,3.0,,,False,10.0,2.0,https://static.cupid.travel/hotels/ex_8bdf15f2_z.jpg,liteapi
lp65739bc1,Ekaa Keys By Bestinn Leisure - Banglore,hotel,12.889924,77.639809,3.0,,,False,8.1,84.0,https://static.cupid.travel/hotels/423038453.jpg,liteapi
lp657f9778,The Sunshine Bungalow,hotel,13.004658,77.616524,3.0,,,False,9.4,8.0,https://static.cupid.travel/hotels/478531023.jpg,liteapi
lp657437d9,Bloom Hotel - Jayanagar,hotel,12.916612,77.59815,3.0,,,False,8.1,76.0,https://static.cupid.travel/hotels/601928731.jpg,liteapi
lp657b57b7,Olive Hotel Hosa Road Metro by Embassy Group,hotel,12.873481,77.650002,3.0,,,False,8.0,118.0,https://static.cupid.travel/hotels/599758583.jpg,liteapi
lp1a2585,Treebo Akshaya Bull Temple,hotel,12.944112,77.567973,3.0,,,False,7.4,250.0,https://static.cupid.travel/hotels/171584855.jpg,liteapi
lp65772039,3Bhk Service Apartment with Kitchen Manyata tech Park Hebbal,hotel,13.058609,77.621504,3.0,,,False,8.9,19.0,https://static.cupid.travel/hotels/576011982.jpg,liteapi
lp1ceb4f,Omicron Hotel 1  BHK Studio Rooms,hotel,13.057403,77.62704,3.0,,,False,9.8,3.0,https://static.cupid.travel/hotels/ex_w2500h3742x126y195-424499d8_z.jpg,liteapi
lp6573050b,Hotel O Hosur Road Near PES University,hotel,12.86436,77.65921,4.0,,,False,7.4,253.0,https://static.cupid.travel/hotels/617218551.jpg,liteapi
lpa90c2,"Treebo Terminus, Koramangala 5th Block",hotel,12.934248,77.61609,3.0,,,False,7.5,194.0,https://static.cupid.travel/hotels/222485108.jpg,liteapi
lp6575f203,HomeSlice Aashiyana - Apartment Stays,hotel,12.904564,77.684761,3.0,,,False,8.1,98.0,https://static.cupid.travel/hotels/481838449.jpg,liteapi
lp6572c961,Sri Sai Grand IN,hotel,12.965571,77.512627,3.0,,,False,8.4,45.0,https://static.cupid.travel/hotels/550302002.jpg,liteapi
lp6576daa3,Leroy Grand - Yeshwanthpur,hotel,13.024565,77.546972,4.0,,,False,7.8,139.0,https://static.cupid.travel/hotels/385467086.jpg,liteapi
lp65830e6e,Castle Dollars,hotel,12.905003,77.59702,3.0,,,False,9.1,34.0,https://static.cupid.travel/hotels/450268621.jpg,liteapi
lp655b9fe6,Visthara Hotel,hotel,13.060202,77.588517,,,,False,8.2,284.0,https://static.cupid.travel/hotels/400882364.jpg,liteapi
lp657dc5ce,Collection O Banaswadi,hotel,13.01328,77.64946,,,,False,8.7,22.0,https://static.cupid.travel/hotels/608862098.jpg,liteapi
lp6557e81f,Treebo Three Drops,hotel,12.915731,77.50033,3.0,,,False,7.8,111.0,https://static.cupid.travel/hotels/354960940.jpg,liteapi
lp6557b3bf,Treebo Elmas Boutique,hotel,12.97804,77.61771,3.0,,,False,7.4,197.0,https://static.cupid.travel/hotels/416280614.jpg,liteapi
lp6558f1a1,Treebo Zion,hotel,12.945527,77.594935,3.0,,,False,7.1,351.0,https://static.cupid.travel/hotels/411668689.jpg,liteapi
lp657b4961,Tara Suites Premium rooms in Central Indiranagar,hotel,12.969578,77.645473,3.0,,,False,8.3,47.0,https://static.cupid.travel/hotels/430638142.jpg,liteapi
lp655ff1f7,Olive Service Apartments HSR Layout,hotel,12.90708,77.645209,4.0,,,False,9.1,64.0,https://static.cupid.travel/hotels/263525852.jpg,liteapi
lp6558322a,Itsy Hotels Purple Suites,hotel,12.935862,77.61426,3.0,,,False,7.1,336.0,https://static.cupid.travel/hotels/375887741.jpg,liteapi
lp657a50e9,"Treebo Raj Premier, Indiranagar",hotel,12.98188,77.637772,3.0,,,False,7.7,122.0,https://static.cupid.travel/hotels/137164283.jpg,liteapi
lp657bb9ed,Octave Hotel JM Residency,hotel,12.990058,77.572677,4.0,,,False,7.7,115.0,https://static.cupid.travel/hotels/476980459.jpg,liteapi
lpaba0f,The Horizon Comforts,hotel,12.99126,77.594095,3.0,,,False,8.4,43.0,https://static.cupid.travel/hotels/600062873.jpg,liteapi
lp65737b0c,Dream Hotel - Richmond,hotel,12.956991,77.602773,3.0,,,False,8.0,75.0,https://static.cupid.travel/hotels/454622727.jpg,liteapi
lp656bc693,Apex Inn Prime Hebbal,hotel,13.027081,77.586816,3.0,,,False,8.0,71.0,https://static.cupid.travel/hotels/512135091.jpg,liteapi
lp6583d5ec,Flickstays Acacia,hotel,12.906423,77.64258,,,,False,8.8,21.0,https://static.cupid.travel/hotels/593036204.jpg,liteapi
lp6570dad9,Simpl Homes at BTM Layout Stage 2,hotel,12.91077,77.61497,,,,False,9.7,3.0,https://static.cupid.travel/hotels/602631342.jpg,liteapi
lp6575a1c4,Prashanthi Homes - Cozy Retreat,hotel,12.98023,77.53718,,,,False,9.7,3.0,https://static.cupid.travel/hotels/485950532.jpg,liteapi
lp656eaf29,Home Tales 1 - by Tipiverse,hotel,12.933974,77.61877,3.0,,,False,8.7,21.0,https://static.cupid.travel/hotels/509564401.jpg,liteapi
lp42e54,"juSTa Indiranagar, Bangalore",hotel,12.971261,77.640638,4.0,,,False,7.5,105.0,https://static.cupid.travel/hotels/87057222.jpg,liteapi
lp65700eb7,"278 Home Tales by Tipiverse, Koramangala",hotel,12.929298,77.638022,3.0,,,False,8.5,32.0,https://static.cupid.travel/hotels/594220872.jpg,liteapi
lp21c013,Treebo The Sai Leela Suites,hotel,13.02881,77.59409,3.0,,,False,7.3,221.0,https://static.cupid.travel/hotels/281529587.jpg,liteapi
lp6579e9e6,Hotel O Thimmaiah Rd Rajajinagar,hotel,12.988629,77.547781,4.0,,,False,7.4,189.0,https://static.cupid.travel/hotels/616389860.jpg,liteapi
lp657c62c8,PPH Living Rajathagiri Palace Premium Rooms,hotel,12.874313,77.540725,3.0,,,False,9.0,13.0,https://static.cupid.travel/hotels/600603095.jpg,liteapi
lp65579cd5,Via Galaxy Suites,hotel,13.049576,77.601864,3.0,,,False,7.6,120.0,https://static.cupid.travel/hotels/335879742.jpg,liteapi
lp6583a18e,Hotel Silicrest,hotel,12.934351,77.629454,3.0,,,False,8.2,44.0,https://static.cupid.travel/hotels/312796931.jpg,liteapi
lp6575646b,FabHotel Sky View Palace,hotel,12.970546,77.700863,3.0,,,False,8.7,18.0,https://static.cupid.travel/hotels/581471259.jpg,liteapi
lp65840f03,Capital Suites,hotel,12.969623,77.606588,3.0,,,False,7.1,316.0,https://static.cupid.travel/hotels/316198690.jpg,liteapi
lp655ad11c,ibis Bengaluru City Centre - An Accor Brand,hotel,12.967386,77.593952,4.0,,,False,7.1,1545.0,https://static.cupid.travel/hotels/252005378.jpg,liteapi
lp38f8b4,X by Bloom l Hebbal,hotel,13.039607,77.627808,3.0,,,False,8.1,104.0,https://static.cupid.travel/hotels/230416379.jpg,liteapi
lp19a6ce,Treebo Apple Villa,hotel,12.961427,77.589362,3.0,,,False,7.0,363.0,https://static.cupid.travel/hotels/170587244.jpg,liteapi
lp657d43aa,virat inn,hotel,12.879475,77.643895,3.0,,,False,8.5,36.0,https://static.cupid.travel/hotels/562296264.jpg,liteapi
lpacfbf,La Sara Regent,hotel,12.931714,77.623253,2.0,,,False,8.6,21.0,https://static.cupid.travel/hotels/272895566.jpg,liteapi
lp657816cd,HOTEL STAY INN,hotel,12.991387,77.593437,,,,False,8.6,23.0,https://static.cupid.travel/hotels/512267476.jpg,liteapi
lp6178e,Coraltree Hotel Bangalore,hotel,13.017759,77.591833,3.0,,,False,7.4,167.0,https://static.cupid.travel/hotels/314604708.jpg,liteapi
lp65570a4a,"Treebo Sampradaya Bistro, Mailasandra",hotel,12.914985,77.500481,3.0,,,False,7.5,144.0,https://static.cupid.travel/hotels/285390771.jpg,liteapi
lp6574211a,"Grand Regency Rajajinagar, Iskcon Temple - WTC",hotel,12.99127,77.55083,3.0,,,False,7.8,80.0,https://static.cupid.travel/hotels/459478453.jpg,liteapi
lpfd65a,Mistyblue Serviced Apartments,hotel,12.893117,77.59829,3.0,,,False,7.5,148.0,https://static.cupid.travel/hotels/153575650.jpg,liteapi
lpb1601,Golden Lotus Bangalore Boutique Suites,hotel,12.971008,77.61718,3.0,,,False,7.2,227.0,https://static.cupid.travel/hotels/99524069.jpg,liteapi
lp655b9f9d,MySpace Triton Suites,hotel,12.953,77.63984,3.0,,,False,8.6,109.0,https://static.cupid.travel/hotels/565993888.jpg,liteapi
lp655a71f9,FabHotel Manyu Inn,hotel,12.900352,77.656755,3.0,,,False,8.4,152.0,https://static.cupid.travel/hotels/524732456.jpg,liteapi
lp65839675,Marvel Comforts,hotel,12.88029,77.59962,2.0,,,False,10.0,1.0,https://static.cupid.travel/hotels/613978186.jpg,liteapi
lp656edfa7,Compact Studio in Haralur Near HSR 2nd floor 201,hotel,12.880994,77.65634,,,,False,10.0,1.0,https://static.cupid.travel/hotels/580838427.jpg,liteapi
lp657f6cfa,Rajathadri Royal Inn,hotel,12.891452,77.532442,3.0,,,False,10.0,1.0,https://static.cupid.travel/hotels/ex_72c74956_z.jpg,liteapi
lp656bd500,Shree Miththam Apartment,hotel,12.90766,77.60188,2.0,,,False,10.0,1.0,https://static.cupid.travel/hotels/ex_1618af20_z.jpg,liteapi
lp6578f5a5,Single Room with open Terrace,hotel,12.91053,77.61532,,,,False,10.0,1.0,https://static.cupid.travel/hotels/612652848.jpg,liteapi
lp8dd24,OYO 2266 Gokul Heritage,hotel,12.914303,77.617933,3.0,,,False,10.0,1.0,https://static.cupid.travel/hotels/ex_8b8c9fbd_z.jpg,liteapi
lp656bd6de,Nexstay Kites Inn,hotel,12.922679,77.620066,2.0,,,False,10.0,1.0,https://static.cupid.travel/hotels/ex_5c23ab38_z.jpg,liteapi
lp6585519a,Myfirstbillion,hotel,12.9264,77.61304,,,,False,10.0,1.0,https://static.cupid.travel/hotels/622240151.jpg,liteapi
lp658735a0,Hotel Ur Comforts Jayanagar,hotel,12.929546,77.585136,2.0,,,False,10.0,1.0,https://static.cupid.travel/hotels/ex_47d7d6ec_z.jpg,liteapi
lp6572b11d,Clover Suites - Studios at Koramangala 4th block,hotel,12.93366,77.62669,,,,False,10.0,1.0,https://static.cupid.travel/hotels/529459591.jpg,liteapi
lp87f92,Cosmo Annora,hotel,12.9562,77.64086,3.0,,,False,10.0,1.0,https://static.cupid.travel/hotels/ex_81a3ac53_z.jpg,liteapi
lpced39,OYO 11592 Hotel Red Carpet Residence,hotel,12.95951,77.60218,3.0,,,False,10.0,1.0,https://static.cupid.travel/hotels/ex_4444b6bb_z.jpg,liteapi
lp6580fe6a,KeysOnRent Garnet House,hotel,12.97203,77.70504,,,,False,10.0,1.0,https://static.cupid.travel/hotels/581437922.jpg,liteapi
lp656c268a,Livin Hub,hotel,12.979439,77.69521,3.0,,,False,10.0,1.0,https://static.cupid.travel/hotels/ex_ebd53d35_z.jpg,liteapi
lp657b1195,Hotel BCP Suites,hotel,12.979786,77.575579,2.0,,,False,7.5,143.0,https://static.cupid.travel/hotels/593179750.jpg,liteapi
lp6585e98c,TGI Livancia The Sojourn,hotel,12.985156,77.689793,3.0,,,False,10.0,1.0,https://static.cupid.travel/hotels/ex_f1872694_z.jpg,liteapi
lp657a8397,Guest inn Luxury,hotel,12.990412,77.602612,,,,False,10.0,1.0,https://static.cupid.travel/hotels/597028707.jpg,liteapi
lp657d5bdf,Wandr Hotel Ulsoor,hotel,12.99467,77.615522,3.0,,,False,10.0,1.0,https://static.cupid.travel/hotels/ex_ad10e67d_z.jpg,liteapi
lp657610d1,Welcoming 3-Bedroom Villa in Bengaluru,hotel,13.000516,77.548481,,,,False,10.0,1.0,https://static.cupid.travel/hotels/597296231.jpg,liteapi
lp65861c0b,LG Signature Suites Kalyan Nagar,hotel,13.028212,77.645831,3.0,,,False,10.0,1.0,https://static.cupid.travel/hotels/ex_39c3a8d6_z.jpg,liteapi
lp33a389,FabHotel Zenith Residency,hotel,13.032947,77.631169,3.0,,,False,10.0,1.0,https://static.cupid.travel/hotels/ex_bb6b4c8c_z.jpg,liteapi
lp65589d68,Innistique by Inventree,hotel,13.060726,77.625725,3.0,,,False,10.0,1.0,https://static.cupid.travel/hotels/ex_1a1e9698_z.jpg,liteapi
lp65736555,"StayVista at The Lakeshore with Lake View, WiFi, Garden",hotel,13.0623,77.610839,3.0,,,False,10.0,1.0,https://static.cupid.travel/hotels/610919543.jpg,liteapi
lp65796258,City Lake Hotel,hotel,13.062701,77.609224,3.0,,,False,10.0,1.0,https://static.cupid.travel/hotels/ex_789076b4_z.jpg,liteapi
lp7dabf,Saiacs Convention Resort,hotel,13.063231,77.655131,3.0,,,False,10.0,1.0,https://static.cupid.travel/hotels/ex_59caccb9_z.jpg,liteapi
lp6586142f,WESLAND INN,hotel,13.064576,77.504519,3.0,,,False,10.0,1.0,https://static.cupid.travel/hotels/ex_c967d69e_z.jpg,liteapi
lp656bc4f8,Goshen Inn,hotel,13.06705,77.649208,2.0,,,False,10.0,1.0,https://static.cupid.travel/hotels/ex_746b659a_z.jpg,liteapi
lp6572e450,Hotel O S M Boarding and lodging,hotel,13.06924,77.51704,3.0,,,False,10.0,1.0,https://static.cupid.travel/hotels/615051571.jpg,liteapi
lp65728e07,FabHotel Inn & Suites,hotel,13.079009,77.501453,3.0,,,False,10.0,3.0,https://static.cupid.travel/hotels/453030370.jpg,liteapi
lp6582e386,Highland Hotel,hotel,13.069145,77.502055,4.0,,,False,8.2,46.0,https://static.cupid.travel/hotels/553114662.jpg,liteapi
lp65729d6c,FabHotel Ivory Pearl - Nr Sony Signal,hotel,12.936108,77.628848,3.0,,,False,7.7,103.0,https://static.cupid.travel/hotels/507304461.jpg,liteapi
lpd03e7,YN Hotels,hotel,13.011632,77.699057,3.0,,,False,7.4,169.0,https://static.cupid.travel/hotels/337726040.jpg,liteapi
lp657ef566,Monarch Brigade Road,hotel,12.97279,77.607542,3.0,,,False,7.0,312.0,https://static.cupid.travel/hotels/174957787.jpg,liteapi
lp657d11c1,Western Keys Hotel,hotel,12.917786,77.623819,3.0,,,False,7.1,287.0,https://static.cupid.travel/hotels/619292059.jpg,liteapi
lp8dce8,Super Collection O Green View Homes Near Nexus,hotel,12.943298,77.630527,4.0,,,False,7.7,101.0,https://static.cupid.travel/hotels/466969667.jpg,liteapi
lp6570f104,NO 7 Grandeur Hotel,hotel,12.980685,77.536263,2.0,,,False,7.8,134.0,https://static.cupid.travel/hotels/514701481.jpg,liteapi
lp658262c6,Aishwarya Mystic Apartotel,hotel,12.90005,77.60532,,,,False,8.3,32.0,https://static.cupid.travel/hotels/551344392.jpg,liteapi
lp656facf5,HomeSlice Manzil - 1BHK in HSR,hotel,12.909577,77.65025,3.0,,,False,7.8,117.0,https://static.cupid.travel/hotels/506232851.jpg,liteapi
lp6578f1f8,"Treebo Global Stay, Jayanagar",hotel,12.927178,77.591515,3.0,,,False,7.4,177.0,https://static.cupid.travel/hotels/531985885.jpg,liteapi
lp657982ff,Hotel LG Signature Suites,hotel,13.028301,77.645839,3.0,,,False,8.1,48.0,https://static.cupid.travel/hotels/596686395.jpg,liteapi
lpc3985,Shoba Elite,hotel,12.987671,77.537898,3.0,,,False,7.8,73.0,https://static.cupid.travel/hotels/122338880.jpg,liteapi
lp65557cd8,Treebo Kings Orchid,hotel,12.916507,77.635642,3.0,,,False,8.0,65.0,https://static.cupid.travel/hotels/500113626.jpg,liteapi
lp65846e02,Parimala Residency,hotel,12.920473,77.609592,,,,False,9.3,5.0,https://static.cupid.travel/hotels/599438425.jpg,liteapi
lp656bc122,Grand Continent Hebbal A Sarovar Portico Affiliate Hotel,hotel,13.040823,77.620052,4.0,,,False,7.1,119.0,https://static.cupid.travel/hotels/517868112.jpg,liteapi
lp6557568d,"Via Palm Emirates - Koramangala, Nexus Mall",hotel,12.931109,77.610743,3.0,,,False,7.4,145.0,https://static.cupid.travel/hotels/312768125.jpg,liteapi
lp656ff928,The Pentouz on 100 Feet Road Indiranagar - An Urban Luxury Retreat,hotel,12.967143,77.641733,,,,False,8.6,18.0,https://static.cupid.travel/hotels/596223694.jpg,liteapi
lp6585d63a,Astra Hotels & Suites - Koramangala,hotel,12.925793,77.618462,3.0,,,False,9.4,4.0,https://static.cupid.travel/hotels/ex_3c9754cf_z.jpg,liteapi
lp6578cf66,"Treebo The Grand Skyla, Malleshwaram",hotel,12.996144,77.564833,3.0,,,False,7.7,100.0,https://static.cupid.travel/hotels/585578077.jpg,liteapi
lp655a8203,Olive Zip Rest House Road by Embassy Group,hotel,12.973624,77.606843,3.0,,,False,7.2,791.0,https://static.cupid.travel/hotels/352141709.jpg,liteapi
lp657216cd,HOTEL SAVI iNN NEAR BENGALURU PALACE,hotel,12.991064,77.57263,3.0,,,False,7.6,109.0,https://static.cupid.travel/hotels/581118347.jpg,liteapi
lp655b19a1,Hotel Sigma Suites,hotel,12.979836,77.576023,2.0,,,False,7.8,435.0,https://static.cupid.travel/hotels/388919440.jpg,liteapi
lp65787fd7,Rg Royal Hotel,hotel,13.014285,77.551573,4.0,,,False,7.4,145.0,https://static.cupid.travel/hotels/101409345.jpg,liteapi
lp419f5,Hotel Noor Empire International Kormangala,hotel,12.934762,77.615908,3.0,,,False,7.6,119.0,https://static.cupid.travel/hotels/19437658.jpg,liteapi
lp65619485,A Superior King Room Manyata Tech Park IT Corporate Service Apartment,hotel,13.058641,77.620842,3.0,,,False,9.3,30.0,https://static.cupid.travel/hotels/288297132.jpg,liteapi
lp65705f6a,"Jamesville-4BHK Villa, Wi-Fi, SmartTV - CityCentre",hotel,13.02543,77.62846,,,,False,8.8,12.0,https://static.cupid.travel/hotels/590468045.jpg,liteapi
lp65739ccf,Via Metro Suites,hotel,12.987239,77.645032,3.0,,,False,7.9,57.0,https://static.cupid.travel/hotels/558227639.jpg,liteapi
lp6571c160,X by Bloom l Manyata,hotel,13.040561,77.619746,3.0,,,False,7.6,112.0,https://static.cupid.travel/hotels/251735256.jpg,liteapi
lp65584cee,Via Emirates Inn,hotel,13.017496,77.65486,3.0,,,False,7.5,122.0,https://static.cupid.travel/hotels/548698315.jpg,liteapi
lp6558f75a,Treebo Three Street Inn,hotel,12.888604,77.541318,3.0,,,False,7.5,115.0,https://static.cupid.travel/hotels/413792771.jpg,liteapi
lp65841992,Sheetal Residency,hotel,12.98055,77.571503,1.0,,,False,7.2,196.0,https://static.cupid.travel/hotels/27813260.jpg,liteapi
lp656c2e03,"Treebo Global Stay, Uttarahalli",hotel,12.892054,77.542309,3.0,,,False,7.7,81.0,https://static.cupid.travel/hotels/532467860.jpg,liteapi
lp65671165,Eiffel Suites - Kammanahalli,hotel,13.018188,77.635732,4.0,,,False,8.6,94.0,https://static.cupid.travel/hotels/292985425.jpg,liteapi
lpa29c0,Open Hotel by Olive - Utse Suites,hotel,12.984897,77.611704,,,,False,7.7,82.0,https://static.cupid.travel/hotels/87101631.jpg,liteapi
lp65700414,2BHK with parking & ample space,hotel,12.882631,77.618294,,,,False,9.2,5.0,https://static.cupid.travel/hotels/508989221.jpg,liteapi
lp655a729a,SS CROWN inn,hotel,12.973176,77.571571,2.0,,,False,7.5,576.0,https://static.cupid.travel/hotels/333077125.jpg,liteapi
lp656e92cb,The Rustic Manor #8,hotel,12.930658,77.62989,,,,False,9.3,4.0,https://static.cupid.travel/hotels/608368259.jpg,liteapi
lp6566e352,SPLENDID SHUBHAM SERVICED APARTMENTS,hotel,12.89264,77.59611,,,,False,8.6,84.0,https://static.cupid.travel/hotels/hd/405121125.jpg,liteapi
lp657242f3,Sindhu Suites - Premium 2 BHK Apartment RMV II Stage Bangalore,hotel,13.025619,77.576731,3.0,,,False,8.6,17.0,https://static.cupid.travel/hotels/599444332.jpg,liteapi
lp656dbd78,Yello Stays ITPL,hotel,12.915317,77.565392,3.0,,,False,9.6,2.0,https://static.cupid.travel/hotels/ex_2e4a2682_z.jpg,liteapi
lp278f12,Pai Vista Hotel,hotel,12.921258,77.571965,3.0,,,False,9.6,2.0,https://static.cupid.travel/hotels/ex_d080b292_z.jpg,liteapi
lp6574264b,Townhouse Oak DLF Newtown Formerly South Square,hotel,12.87587,77.616832,3.0,,,False,7.8,80.0,https://static.cupid.travel/hotels/575966359.jpg,liteapi
lp655807d1,UPAR Hotels Indiranagar,hotel,12.970381,77.645847,3.0,,,False,9.0,3.0,https://static.cupid.travel/hotels/ex_518eabe6_z.jpg,liteapi
lp657ff011,The Sunvista Serviced Apartments,hotel,12.89203,77.60363,,,,False,8.2,29.0,https://static.cupid.travel/hotels/585031841.jpg,liteapi
lp65744b3e,37th Crescent Hotel Bengaluru,hotel,12.984959,77.579806,3.0,,,False,7.7,73.0,https://static.cupid.travel/hotels/491721951.jpg,liteapi
lp6580a53a,RK COMFORTS,hotel,13.044857,77.507056,,,,False,7.7,82.0,https://static.cupid.travel/hotels/453825788.jpg,liteapi
lp3acbc,Shilton Suites,hotel,12.975349,77.617426,3.0,,,False,8.7,12.0,https://static.cupid.travel/hotels/ex_69255b93_z.jpg,liteapi
lp655ad132,hotel fortune sky,hotel,12.873753,77.649678,,,,False,8.5,103.0,https://static.cupid.travel/hotels/413201199.jpg,liteapi
lp6570f3c5,Villa 9C by Revkeys,hotel,12.916081,77.627759,,,,False,7.9,48.0,https://static.cupid.travel/hotels/443529116.jpg,liteapi
lp9abb5,FabHotel Oakwoods Serai,hotel,12.97312,77.65497,3.0,,,False,9.4,3.0,https://static.cupid.travel/hotels/ex_59f31441_z.jpg,liteapi
lp657827b8,Hotel Rize Inn,hotel,12.939062,77.55122,3.0,,,False,8.3,42.0,https://static.cupid.travel/hotels/616283881.jpg,liteapi
lp657c370b,Royal comfort Inn,hotel,13.007567,77.650466,2.0,,,False,8.3,25.0,https://static.cupid.travel/hotels/598554673.jpg,liteapi
lp64e9e,Escape Hotel & Spa,hotel,12.970038,77.641091,3.0,,,False,8.4,20.0,https://static.cupid.travel/hotels/ex_6316e4fe_z.jpg,liteapi
lp605c3,BluPetal - A Business Hotel,hotel,12.933423,77.615353,4.0,,,False,,20.0,https://static.cupid.travel/hotels/ex_6ae02686_z.jpg,liteapi
lp6579a273,WEST FORT HOTEL,hotel,12.979114,77.564184,3.0,,,False,7.4,119.0,https://static.cupid.travel/hotels/310611230.jpg,liteapi
lp657f3e9d,tanour lux service apartment koramangala,hotel,12.93054,77.62354,,,,False,7.9,45.0,https://static.cupid.travel/hotels/607788154.jpg,liteapi
lp1f1427,"Itsy Hotels KES Residency, 10 Min From KSR Bengaluru City Junction",hotel,12.987499,77.552751,3.0,,,False,7.0,213.0,https://static.cupid.travel/hotels/195799489.jpg,liteapi
lpb20ba,Itsy Hotels Worldtree Bellandur,hotel,12.925918,77.670925,3.0,,,False,7.1,173.0,https://static.cupid.travel/hotels/136832692.jpg,liteapi
lp655ad12d,FabHotel Kings Suites Banaswadi,hotel,13.00091,77.63011,3.0,,,False,8.3,127.0,https://static.cupid.travel/hotels/546782182.jpg,liteapi
lp65700f2f,"493 Home Tales by Tipiverse, Koramangala",hotel,12.933992,77.618853,3.0,,,False,8.1,31.0,https://static.cupid.travel/hotels/509458121.jpg,liteapi
lp65773363,FabHotel Royal Grand - Basaveshwar Nagar,hotel,12.988281,77.535871,3.0,,,False,7.8,57.0,https://static.cupid.travel/hotels/569219417.jpg,liteapi
lp65716992,Greeshma Residency Private 1BHK & 2BHK in KPCL Layouts,hotel,12.906257,77.677673,3.0,,,False,9.0,9.0,https://static.cupid.travel/hotels/612182827.jpg,liteapi
lp657d7aa3,Lotus Korean Hotel,hotel,12.978591,77.697507,3.0,,,False,9.0,6.0,https://static.cupid.travel/hotels/528393915.jpg,liteapi
lp655ff161,Stayhome Suites,hotel,12.897288,77.610519,3.0,,,False,8.6,73.0,https://static.cupid.travel/hotels/497336178.jpg,liteapi
lp657a22e9,The Grand Krishna Rooms,hotel,12.923541,77.618468,3.0,,,False,9.2,4.0,https://static.cupid.travel/hotels/ex_3c801c30_z.jpg,liteapi
lp65766c20,Via NAR Comforts - Gandhi Bazaar,hotel,12.971306,77.574901,4.0,,,False,7.5,93.0,https://static.cupid.travel/hotels/566141059.jpg,liteapi
lp65730b3f,2BHK in Heart of Kormangala,hotel,12.94539,77.62229,,,,False,9.5,2.0,https://static.cupid.travel/hotels/569335320.jpg,liteapi
lp657c93ee,Cozy AC Studio at Vijayanagar with Wifi & Near Metro,hotel,12.964009,77.528977,3.0,,,False,9.5,4.0,https://static.cupid.travel/hotels/585731319.jpg,liteapi
lp655a6c59,Hotel Omicron 1 BHK Studio room,hotel,13.057344,77.62702,,,,False,8.8,52.0,https://static.cupid.travel/hotels/433201530.jpg,liteapi
lp655b9f50,Olive Zip Kalyan Nagar by Embassy Group,hotel,13.015197,77.643808,4.0,,,False,7.3,705.0,https://static.cupid.travel/hotels/393813417.jpg,liteapi
lp656c24c7,"Sai Manyata Inn, Manyata Tech Park",hotel,13.059166,77.627035,,,,False,7.9,43.0,https://static.cupid.travel/hotels/534029628.jpg,liteapi
lp6581018f,UPAR Hotels Indiranagar,hotel,12.97051,77.645859,3.0,,,False,7.2,146.0,https://static.cupid.travel/hotels/436183157.jpg,liteapi
lp655a6e71,Hypons Hotel,hotel,12.925277,77.634509,,,,False,8.5,82.0,https://static.cupid.travel/hotels/401309298.jpg,liteapi
lp6566e880,Mistyblue Stays,hotel,12.892607,77.596015,,,,False,8.2,131.0,https://static.cupid.travel/hotels/527334762.jpg,liteapi
lp655a8505,SERENE INTERNATIONAL,hotel,12.9209,77.65274,5.0,,,False,8.2,129.0,https://static.cupid.travel/hotels/439857559.jpg,liteapi
lp657cdbdd,The Lavender Hotel,hotel,13.058882,77.626923,2.0,,,False,8.8,8.0,https://static.cupid.travel/hotels/ex_8553a30e_z.jpg,liteapi
lp657a3879,Open Hotel by Olive - Mystic hotel,hotel,12.935429,77.624471,3.0,,,False,7.9,51.0,https://static.cupid.travel/hotels/613487939.jpg,liteapi
lpacc14,The Signature Inn Hotel,hotel,12.972983,77.570515,3.0,,,False,7.6,44.0,https://static.cupid.travel/hotels/ex_3f1c88fe_z.jpg,liteapi
lp6580ffd1,Lazdana Hotel Bangalore,hotel,12.962602,77.646454,,,,False,7.2,132.0,https://static.cupid.travel/hotels/398411767.jpg,liteapi
lpce1f2,Fountain Tree by TGI,hotel,12.91073,77.599193,3.0,,,False,,14.0,https://static.cupid.travel/hotels/ex_0ea121a4_z.jpg,liteapi
lp6580e795,Mystic Apartotel Hebbal,hotel,13.065999,77.599449,,,,False,8.1,41.0,https://static.cupid.travel/hotels/570359502.jpg,liteapi
lp78a4a,Octave Crystal Heights,hotel,12.970299,77.64035,3.0,,,False,6.8,250.0,https://static.cupid.travel/hotels/332767808.jpg,liteapi
lp656f47b5,Bloom Hotel - HSR Layout Sector 3,hotel,12.905633,77.639824,3.0,,,False,7.6,66.0,https://static.cupid.travel/hotels/463992271.jpg,liteapi
lp657a1b21,Easynest 1BHK apartment,hotel,13.06021,77.64949,,,,False,8.6,11.0,https://static.cupid.travel/hotels/411935989.jpg,liteapi
lpdd3b4,The Urban Nest,hotel,13.028808,77.571678,,,,False,7.7,60.0,https://static.cupid.travel/hotels/137161903.jpg,liteapi
lp65834a76,Flickstays Crown,hotel,12.917237,77.632996,,,,False,8.7,10.0,https://static.cupid.travel/hotels/607062087.jpg,liteapi
lp655b9f5b,FabHotel High Rise - Marathalli,hotel,12.948202,77.698651,3.0,,,False,7.6,328.0,https://static.cupid.travel/hotels/387952537.jpg,liteapi
lp657f7659,Oakhaven Service Apartments3bhk,hotel,12.91616,77.6053,,,,False,9.0,5.0,https://static.cupid.travel/hotels/506961874.jpg,liteapi
lp65770356,FabHotel Oakwey Inn - Indiranagar,hotel,12.964879,77.643993,3.0,,,False,7.2,122.0,https://static.cupid.travel/hotels/188897354.jpg,liteapi
lp7d5e2,Octave Hotel & Spa Marathahalli,hotel,12.942537,77.697067,3.0,,,False,7.6,41.0,https://static.cupid.travel/hotels/ex_738db925_z.jpg,liteapi
lp657c473b,Hotel SY Comforts,hotel,12.909541,77.564865,3.0,,,False,7.4,96.0,https://static.cupid.travel/hotels/519074102.jpg,liteapi
lp6557e910,The Altruist Bellandur Hotel,hotel,12.930639,77.682792,,,,False,6.7,45.0,https://static.cupid.travel/hotels/159925235.jpg,liteapi
lp65619488,JP Deluxe,hotel,12.904668,77.593931,3.0,,,False,8.8,49.0,https://static.cupid.travel/hotels/379119834.jpg,liteapi
lp657c8c56,Hotel Eyrie Nest Bangalore,hotel,12.9208,77.62018,3.0,,,False,8.1,25.0,https://static.cupid.travel/hotels/535028745.jpg,liteapi
lpdad6e,Lusia Inn,hotel,12.963257,77.581885,1.0,,,False,7.1,161.0,https://static.cupid.travel/hotels/241439060.jpg,liteapi
lp78a5f,Ixora Suites,hotel,12.977983,77.639805,3.0,,,False,7.6,5.0,https://static.cupid.travel/hotels/ex_41b10161_z.jpg,liteapi
lp6576b055,apartment 2BHK Tanour BTM,hotel,12.916246,77.618428,3.0,,,False,8.0,42.0,https://static.cupid.travel/hotels/512617985.jpg,liteapi
lp6583575f,Aayushman Homes,hotel,13.034875,77.530518,,,,False,8.0,33.0,https://static.cupid.travel/hotels/604731594.jpg,liteapi
lp656ec506,"116 Home Tales by Tipiverse, BTM Layout - NO CAR PARKING",hotel,12.915878,77.610609,3.0,,,False,8.6,12.0,https://static.cupid.travel/hotels/586632707.jpg,liteapi
lp6574e621,"Hotel O Indian Residency, Near Adams Academy, Kadugodi",hotel,13.011918,77.698371,4.0,,,False,7.6,57.0,https://static.cupid.travel/hotels/534911831.jpg,liteapi
lp657b41f5,Hotel orchid inn,hotel,13.023283,77.637178,3.0,,,False,7.9,34.0,https://static.cupid.travel/hotels/517046907.jpg,liteapi
lp655b9fd5,Super Townhouse BTM Layout Near Madiwala Lake Formerly Q Rooms,hotel,12.913503,77.605403,4.0,,,False,7.8,219.0,https://static.cupid.travel/hotels/620176675.jpg,liteapi
lp65707903,Tea Harbour - Eco World,hotel,12.915402,77.699493,3.0,,,False,8.2,24.0,https://static.cupid.travel/hotels/528089451.jpg,liteapi
lpc6b17,Octave Plaza Hotel,hotel,12.95938,77.59345,2.0,,,False,8.4,14.0,https://static.cupid.travel/hotels/ex_13e1378d_z.jpg,liteapi
lp6ed8c,Hotel Maurya,hotel,12.980984,77.57678,3.0,,,False,7.2,21.0,https://static.cupid.travel/hotels/ex_7501a7cd_z.jpg,liteapi
lp656bcbad,Sanctum Suites Richmond Road Bangalore,hotel,12.965265,77.601155,3.0,,,False,7.3,121.0,https://static.cupid.travel/hotels/524126220.jpg,liteapi
lp6581b6df,Hotel Classio Koramagala,hotel,12.936931,77.614313,3.0,,,False,7.5,66.0,https://static.cupid.travel/hotels/566860592.jpg,liteapi
lp655926fd,Hotel Ekaa Keys By Rivido - Hosur Road,hotel,12.890043,77.639839,3.0,,,False,10.0,,https://static.cupid.travel/hotels/ex_8533b088_z.jpg,liteapi
lp65589bf7,Treebo Elite Heritage,hotel,12.93784,77.55112,3.0,,,False,,,https://static.cupid.travel/hotels/395820127.jpg,liteapi
lp6556e922,Parkwood Suites,hotel,12.940343,77.696028,3.0,,,False,10.0,,https://static.cupid.travel/hotels/ex_e9d9f7f3_z.jpg,liteapi
lp1ded6b,Fabhotel Vista Suites,hotel,12.996164,77.613481,3.0,,,False,10.0,,https://static.cupid.travel/hotels/ex_ce3a2296_z.jpg,liteapi
lpd30b0,37th Crescent Boutique Suites,hotel,13.021538,77.637666,3.0,,,False,10.0,,https://static.cupid.travel/hotels/ex_d781825c_z.jpg,liteapi
lp65580d16,Treebo JJ Residency,hotel,12.9147,77.499421,3.0,,,False,7.4,81.0,https://static.cupid.travel/hotels/362858594.jpg,liteapi
lpa7492,"The Royale Senate Race Course, Bangalore",hotel,12.985409,77.579138,3.0,,,False,7.4,17.0,https://static.cupid.travel/hotels/121375958.jpg,liteapi
lp65807fe8,Anand Regency Majestic,hotel,12.97707,77.576522,2.0,,,False,7.7,53.0,https://static.cupid.travel/hotels/554740099.jpg,liteapi
lp6575fcee,FabHotel Vista Suites - Frazer Town,hotel,12.996124,77.613667,3.0,,,False,8.1,27.0,https://static.cupid.travel/hotels/525066724.jpg,liteapi
lpb4435,Treebo Edha Suites Koramangala,hotel,12.938187,77.630613,3.0,,,False,,110.0,https://static.cupid.travel/hotels/112289582.jpg,liteapi
lpd5e47,SS Lumina Hotel,hotel,12.936462,77.616656,3.0,,,False,7.7,45.0,https://static.cupid.travel/hotels/140253636.jpg,liteapi
lp6575c9c5,HOTEL SKY BLUE AND SUITEs,hotel,12.894036,77.56801,,,,False,7.8,53.0,https://static.cupid.travel/hotels/614896582.jpg,liteapi
lp657da9cf,"Contemporary apartment with balcony, Bangalore",hotel,13.004884,77.654753,,,,False,9.0,9.0,https://static.cupid.travel/hotels/500484785.jpg,liteapi
lp24c39e,Hotel ABM International,hotel,12.979533,77.57516,3.0,,,False,7.0,144.0,https://static.cupid.travel/hotels/53119039.jpg,liteapi
lp655ac9b1,Royal N Deluxe,hotel,12.960711,77.645804,2.0,,,False,7.7,246.0,https://static.cupid.travel/hotels/415258452.jpg,liteapi
lp655b9f8b,Olive Zip Koramangala 100Ft Road by Embassy Group,hotel,12.938346,77.629232,3.0,,,False,8.0,155.0,https://static.cupid.travel/hotels/375829438.jpg,liteapi
lp6559e709,Super Townhouse Oak Indiranagar,hotel,12.96414,77.63914,4.0,,,False,7.9,160.0,https://static.cupid.travel/hotels/608424367.jpg,liteapi
lp6567ece2,Fernandes Complex,hotel,13.020594,77.634109,3.0,,,False,8.7,41.0,https://static.cupid.travel/hotels/321949873.jpg,liteapi
lp657ad235,FabHotel Royal N Comforts,hotel,12.960273,77.645863,2.0,,,False,7.9,42.0,https://static.cupid.travel/hotels/576692473.jpg,liteapi
lp6573e877,Super Hotel O PM Hotels,hotel,12.91177,77.62427,4.0,,,False,8.4,18.0,https://static.cupid.travel/hotels/590150016.jpg,liteapi
lp6582b86f,Sunlight Serviced Apartments,hotel,12.891925,77.603772,,,,False,7.5,55.0,https://static.cupid.travel/hotels/524890315.jpg,liteapi
lp6582a9b2,Ashraya International Hotel,hotel,12.983617,77.5935,3.0,,,False,7.0,133.0,https://static.cupid.travel/hotels/137633572.jpg,liteapi
lp657be68c,Otel Feel Comfort,hotel,13.021308,77.584958,3.0,,,False,8.2,17.0,https://static.cupid.travel/hotels/495346466.jpg,liteapi
lp65815867,Tea Pavilion Koramangala,hotel,12.934191,77.617314,3.0,,,False,7.9,35.0,https://static.cupid.travel/hotels/332572288.jpg,liteapi
lp657c5042,Super Collection O Sabharwal Residency Near Lalbagh Botanical Garden,hotel,12.956603,77.592186,4.0,,,False,6.8,173.0,https://static.cupid.travel/hotels/494128113.jpg,liteapi
lp655ad553,Golden Chariot 1BHK Flat Manyata Tech Park,hotel,13.061466,77.624079,,,,False,8.0,137.0,https://static.cupid.travel/hotels/576301474.jpg,liteapi
lp655b9f44,Laavish 7 Hotel,hotel,12.979376,77.637339,3.0,,,False,7.4,333.0,https://static.cupid.travel/hotels/400714658.jpg,liteapi
lp657f743c,Hotel Subha Residency Bangalore,hotel,12.973974,77.569996,3.0,,,False,7.3,86.0,https://static.cupid.travel/hotels/584314822.jpg,liteapi
lp655a6f80,Easternwoods Hotels,hotel,13.041768,77.61528,,,,False,8.4,63.0,https://static.cupid.travel/hotels/426472620.jpg,liteapi
lp88483,Treebo Akshaya Mayflower Vijaya Bank Layout,hotel,12.895619,77.60816,3.0,,,False,7.6,200.0,https://static.cupid.travel/hotels/51873146.jpg,liteapi
lp1a8e26,De Mandarin,hotel,13.02991,77.57131,3.0,,,False,8.8,5.0,https://static.cupid.travel/hotels/ex_w1600h2475x0y0-bcc3198c_z.jpg,liteapi
lp6582bf2d,Sunshine Homes,hotel,13.047489,77.599786,,,,False,8.8,7.0,https://static.cupid.travel/hotels/495938955.jpg,liteapi
lp655997f4,NP Royal INN,hotel,12.912737,77.499165,,,,False,8.5,54.0,https://static.cupid.travel/hotels/423762896.jpg,liteapi
lp6574ab6c,"Servostay Newly Launched Fully Furnished 2 BHK Flats, SG Palya Near Forum Nexus Koramangala Mall, Behind Christ College",hotel,12.93206,77.60788,,,,False,8.1,18.0,https://static.cupid.travel/hotels/550651535.jpg,liteapi
lp656e7646,Bloom Hotel - HSR Layout Sector 6,hotel,12.912541,77.632581,3.0,,,False,7.9,34.0,https://static.cupid.travel/hotels/564134628.jpg,liteapi
lpd444d,Temple Tree Studios,hotel,12.961183,77.604633,3.0,,,False,8.0,21.0,https://static.cupid.travel/hotels/ex_d1ce5b34_z.jpg,liteapi
lp657ee5e9,Rajathadri Royal Inn,hotel,12.891408,77.532323,,,,False,7.7,39.0,https://static.cupid.travel/hotels/489854375.jpg,liteapi
lp3f253,Hotel Dr Rajkumar International,hotel,12.979321,77.577403,3.0,,,False,7.3,96.0,https://static.cupid.travel/hotels/129875017.jpg,liteapi
lpb9a14,White Castle Boutique Apartment Hotel,hotel,13.06864,77.596765,3.0,,,False,8.2,9.0,https://static.cupid.travel/hotels/145635926.jpg,liteapi
lp6570333c,"Pai Vista, KR Road",hotel,12.920737,77.573452,3.0,,,False,7.6,48.0,https://static.cupid.travel/hotels/259027579.jpg,liteapi
lp349fe3,Itsy Hotels Kozy Rooms,hotel,12.903729,77.649936,3.0,,,False,7.1,99.0,https://static.cupid.travel/hotels/329284670.jpg,liteapi
lp6570da2f,"Servostay New 2 BHK with Parking, Balcony & Gas Stove in Begur Between Electronic City & HSR Layout",hotel,12.886957,77.630736,3.0,,,False,9.0,3.0,https://static.cupid.travel/hotels/581815354.jpg,liteapi
lp656bd2d7,Hotel White Rock,hotel,12.922196,77.558207,3.0,,,False,9.0,3.0,https://static.cupid.travel/hotels/ex_568d8a59_z.jpg,liteapi
lp656c2662,Fabhotel Rms Comforts,hotel,13.033788,77.558176,3.0,,,False,9.0,3.0,https://static.cupid.travel/hotels/ex_c29ad307_z.jpg,liteapi
lp655a88a6,Classia Suites,hotel,13.029654,77.594706,,,,False,7.6,225.0,https://static.cupid.travel/hotels/343254528.jpg,liteapi
lp65815a2f,FabHotel Royal Wood Premier -Nr Domlur,hotel,12.95833,77.640464,3.0,,,False,7.8,39.0,https://static.cupid.travel/hotels/619274562.jpg,liteapi
lp68e01,Brunton Heights Executive Suites,hotel,12.970526,77.61346,3.0,,,False,,41.0,https://static.cupid.travel/hotels/23202830.jpg,liteapi
lp655a70f5,Octave Vels Grand Hotel,hotel,12.95927,77.57787,3.0,,,False,7.9,123.0,https://static.cupid.travel/hotels/410149383.jpg,liteapi
lp655a7b9f,Via Phoenix Resorts,hotel,12.98103,77.60418,3.0,,,False,6.9,671.0,https://static.cupid.travel/hotels/342667481.jpg,liteapi
lp655997ef,Iris Magnum - APart Hotel,hotel,12.900981,77.596721,,,,False,8.3,65.0,https://static.cupid.travel/hotels/437158386.jpg,liteapi
lp4c818,AMC Comforts,hotel,12.91986,77.57679,3.0,,,False,,13.0,https://static.cupid.travel/hotels/145710565.jpg,liteapi
lp657bea19,HOTEL GREEN TREES,hotel,13.028374,77.55905,,,,False,7.7,31.0,https://static.cupid.travel/hotels/316228164.jpg,liteapi
lp6557f749,Treebo White Inn,hotel,12.96743,77.60836,3.0,,,False,6.5,170.0,https://static.cupid.travel/hotels/355092970.jpg,liteapi
lp1ab360,Hotel Paramos Inn,hotel,12.916745,77.593832,3.0,,,False,7.5,44.0,https://static.cupid.travel/hotels/173563540.jpg,liteapi
lp1b0786,Transit Dorms - A Backpackers Inn & Hostel,hostel,12.923437,77.61333,,,,False,,93.0,https://static.cupid.travel/hotels/116395273.jpg,liteapi
lp6581e625,MySpace Hotels Silverstar,hotel,12.979164,77.578991,3.0,,,False,7.1,98.0,https://static.cupid.travel/hotels/225385564.jpg,liteapi
lpad376,The Rialto Hotel,hotel,12.980403,77.576561,3.0,,,False,7.6,43.0,https://static.cupid.travel/hotels/53412383.jpg,liteapi
lp6579856f,Open Hotel by Olive - The Emerald Inn,hotel,12.973365,77.69921,3.0,,,False,7.5,42.0,https://static.cupid.travel/hotels/621661674.jpg,liteapi
lp65581537,Itsy Hotels BCP Suites,hotel,12.97977,77.57555,3.0,,,False,6.7,158.0,https://static.cupid.travel/hotels/369857640.jpg,liteapi
lp6583b351,Zylo Indiranagar,hotel,12.970194,77.649119,,,,False,7.9,26.0,https://static.cupid.travel/hotels/501490962.jpg,liteapi
lp655ac9c0,FabHotel Prime The Vintage Inn - Hosur Road,hotel,12.870936,77.65923,,,,False,7.9,112.0,https://static.cupid.travel/hotels/360248730.jpg,liteapi
lp655a7e84,THE EKAH COMFORTS,hotel,12.938935,77.548889,,,,False,7.6,198.0,https://static.cupid.travel/hotels/529298759.jpg,liteapi
lp65751fd8,M S Comforts,hotel,13.021271,77.549516,3.0,,,False,7.5,71.0,https://static.cupid.travel/hotels/600051931.jpg,liteapi
lp6557feca,Treebo Trinitywood,hotel,12.973325,77.622195,3.0,,,False,6.5,210.0,https://static.cupid.travel/hotels/556959207.jpg,liteapi
lp657ec260,Hotel Ambient Turret,hotel,12.915646,77.597026,3.0,,,False,7.3,54.0,https://static.cupid.travel/hotels/149787377.jpg,liteapi
lp6567e7ac,SAS Apartment,hotel,12.975008,77.643008,3.0,,,False,7.6,199.0,https://static.cupid.travel/hotels/543997232.jpg,liteapi
lp657a8058,Super Hotel O Varcity Comforts Near St. John Medical College,hotel,12.925837,77.615243,3.0,,,False,7.3,53.0,https://static.cupid.travel/hotels/323937169.jpg,liteapi
lp65544ea4,Crimson Lotus Bangalore,hotel,13.042696,77.566025,3.0,,,False,7.0,1.0,https://static.cupid.travel/hotels/ex_eded4eb1_z.jpg,liteapi
lp656c2408,Treebo Blueberry Inn,hotel,12.957179,77.641732,3.0,,,False,7.4,48.0,https://static.cupid.travel/hotels/424039246.jpg,liteapi
lp655ad54f,Modern Hotel,hotel,12.988031,77.574451,1.0,,,False,8.3,54.0,https://static.cupid.travel/hotels/106060375.jpg,liteapi
lp655b9f3d,Royal Indraprastha The Hotel,hotel,12.903845,77.511629,3.0,,,False,8.0,103.0,https://static.cupid.travel/hotels/409346609.jpg,liteapi
lp65818cf4,"Treebo Cranberry Delight, Manyata Tech Park",hotel,13.033096,77.630265,3.0,,,False,7.6,50.0,https://static.cupid.travel/hotels/599222403.jpg,liteapi
lp657c5abd,Park Avenue Hotel,hotel,12.932156,77.613476,2.0,,,False,8.6,5.0,https://static.cupid.travel/hotels/ex_3bef707d_z.jpg,liteapi
lp655df54c,"RVR Abode - Quality Rooms - Nr Bagmane Tech Park, Nr Indiranagar",hotel,12.968749,77.655717,,,,False,8.3,61.0,https://static.cupid.travel/hotels/365294502.jpg,liteapi
lp656e7f49,"C SUITES - Marion II Stay, Cowork & Engage II Short & Long Stays",hotel,12.8879,77.628075,3.0,,,False,9.0,2.0,https://static.cupid.travel/hotels/477817178.jpg,liteapi
lp65864d72,Vaishnavi Residency,hotel,12.896778,77.570397,3.0,,,False,9.0,2.0,https://static.cupid.travel/hotels/ex_4d2ade57_z.jpg,liteapi
lp657a0d5d,Octave Sri Sai Comforts,hotel,12.89694,77.59655,2.0,,,False,9.0,2.0,https://static.cupid.travel/hotels/577427706.jpg,liteapi
lp655759bc,"Guru Comfort, 100 m from Apollo Hospital",hotel,12.897438,77.599286,3.0,,,False,9.0,2.0,https://static.cupid.travel/hotels/ex_56555d45_z.jpg,liteapi
lpa092d,Plus Hotels,hotel,12.946269,77.649117,3.0,,,False,9.0,2.0,https://static.cupid.travel/hotels/ex_cc82c4c9_z.jpg,liteapi
lpbd376,Hotel Raj Comforts - Golf View,hotel,12.95576,77.65157,3.0,,,False,9.0,2.0,https://static.cupid.travel/hotels/ex_0245e438_z.jpg,liteapi
lpb5f26,Hotel O New Crescent Citadel,hotel,12.9586,77.656,3.0,,,False,9.0,2.0,https://static.cupid.travel/hotels/607340021.jpg,liteapi
lp6556d448,Dhruva Inn,hotel,12.961219,77.525843,3.0,,,False,9.0,2.0,https://static.cupid.travel/hotels/ex_b3c8a7bf_z.jpg,liteapi
lp656c0e66,MK GRANDE,hotel,12.966173,77.569902,3.0,,,False,9.0,2.0,https://static.cupid.travel/hotels/ex_w750h500x0y290-da622c41_z.jpg,liteapi
lp8dc71,OYO 2916 Apartment Queen's Castle,hotel,12.975504,77.617215,3.0,,,False,9.0,2.0,https://static.cupid.travel/hotels/ex_ba8ec37d_z.jpg,liteapi
lp65705949,2 BHK apartment in Heart of Bangalore (Cooke Town),hotel,13.00719,77.62242,,,,False,9.0,2.0,https://static.cupid.travel/hotels/529100325.jpg,liteapi
lp6583e5b8,VP International,hotel,12.9296,77.58577,3.0,,,False,7.2,59.0,https://static.cupid.travel/hotels/559012204.jpg,liteapi
lp656c2fb0,Treebo Fortune Stay Inn,hotel,13.043541,77.552463,3.0,,,False,6.8,113.0,https://static.cupid.travel/hotels/476195495.jpg,liteapi
lp1acf37,Treebo Stay Tuned JP Nagar,hotel,12.901275,77.594799,3.0,,,False,6.7,144.0,https://static.cupid.travel/hotels/175309828.jpg,liteapi
lp6570dd14,Octave Hotel & Spa - Marathahalli,hotel,12.942265,77.697337,3.0,,,False,6.2,328.0,https://static.cupid.travel/hotels/53212787.jpg,liteapi
lp65825f27,Srushti Service apartments,hotel,13.056574,77.601777,,,,False,7.5,36.0,https://static.cupid.travel/hotels/599140100.jpg,liteapi
lp6558f192,Treebo Trend Tierra Woods Manyata,hotel,13.0588,77.62692,3.0,,,False,7.0,79.0,https://static.cupid.travel/hotels/410772224.jpg,liteapi
lp656bd2fc,Treebo New Plus Point,hotel,12.916374,77.667956,3.0,,,False,7.4,59.0,https://static.cupid.travel/hotels/507535700.jpg,liteapi
lp6583c01e,SpringPetals Serviced Apartments,hotel,12.898627,77.596297,3.0,,,False,7.8,22.0,https://static.cupid.travel/hotels/600594305.jpg,liteapi
lp4bfda,Airavatam Boutique Hotel,hotel,12.95787,77.640835,3.0,,,False,7.8,20.0,https://static.cupid.travel/hotels/ex_b72404d7_z.jpg,liteapi
lp65828ff7,Uptown Suites,hotel,13.023533,77.639571,,,,False,7.3,49.0,https://static.cupid.travel/hotels/478497541.jpg,liteapi
lp9d0c8,Shivas Gateway Airport Road,hotel,12.96544,77.61873,3.0,,,False,7.4,23.0,https://static.cupid.travel/hotels/ex_e38486cd_z.jpg,liteapi
lp657bcb91,Redstone Villa by Revkeys,hotel,12.912748,77.638591,,,,False,7.7,23.0,https://static.cupid.travel/hotels/470018813.jpg,liteapi
lp657ed2f2,Hotel Sandalwood Inn - Rooms and Spa,hotel,12.976214,77.578263,2.0,,,False,7.1,105.0,https://static.cupid.travel/hotels/569726225.jpg,liteapi
lp657c1a44,Treebo Savoury Sea Shell Residency,hotel,12.931052,77.600975,3.0,,,False,6.5,210.0,https://static.cupid.travel/hotels/297441140.jpg,liteapi
lp65657476,Elegano Serviced Apartments,hotel,13.05107,77.603049,4.0,,,False,8.8,19.0,https://static.cupid.travel/hotels/495520169.jpg,liteapi
lp8067c,Sairam Residency Boutique Hotel,hotel,12.978957,77.579489,3.0,,,False,8.0,13.0,https://static.cupid.travel/hotels/ex_62c0f15d_z.jpg,liteapi
lp657d2991,"Hotel Abhimaani Vasathi, Rajajinagar",hotel,12.988104,77.559948,3.0,,,False,6.5,172.0,https://static.cupid.travel/hotels/220519687.jpg,liteapi
lp657d466d,Collection O Hemadri Residency,hotel,12.975945,77.54775,4.0,,,False,6.8,109.0,https://static.cupid.travel/hotels/592918761.jpg,liteapi
lp657973c5,Octave Nest Inn,hotel,13.024724,77.511806,3.0,,,False,6.5,167.0,https://static.cupid.travel/hotels/368755241.jpg,liteapi
lp6582a2ae,Super Townhouse Koramangala,hotel,12.93587,77.62547,4.0,,,False,6.6,136.0,https://static.cupid.travel/hotels/610940816.jpg,liteapi
lp655a84b5,Hotel U.T.ELITE,hotel,12.977075,77.576829,3.0,,,False,7.5,174.0,https://static.cupid.travel/hotels/343026523.jpg,liteapi
lp655b9fcb,Al Noor Palace,hotel,12.93444,77.62303,3.0,,,False,7.4,189.0,https://static.cupid.travel/hotels/345745498.jpg,liteapi
lp6561946b,Mangal Murti Signature 1BHK in BTM BHIVE and Jayadeva Nearby,hotel,12.917077,77.6131,3.0,,,False,8.1,59.0,https://static.cupid.travel/hotels/540982259.jpg,liteapi
lp655feffa,Rosary Meadows 1 BHK Studio Apartment Manyata Tech Park,hotel,13.057573,77.626128,3.0,,,False,8.5,45.0,https://static.cupid.travel/hotels/433829996.jpg,liteapi
lp65738dad,Big Studio rooms with patio-only for Girls& couple,hotel,13.036598,77.601916,,,,False,8.1,15.0,https://static.cupid.travel/hotels/506031590.jpg,liteapi
lpc4c80,Treebo Trend Dwaraka Grand,hotel,12.909509,77.565588,3.0,,,False,8.7,3.0,https://static.cupid.travel/hotels/ex_957e66de_z.jpg,liteapi
lp657e4cd4,FRIENDS Girl Hostel,hostel,12.923004,77.611859,3.0,,,False,8.7,3.0,https://static.cupid.travel/hotels/585242313.jpg,liteapi
lpb5cfc,Akshaya Lakshmi Comfort,hotel,12.950776,77.579701,3.0,,,False,8.7,3.0,https://static.cupid.travel/hotels/115186248.jpg,liteapi
lp6576d4b9,"juSTa MG Road, Bangalore",hotel,12.972468,77.616557,4.0,,,False,6.7,112.0,https://static.cupid.travel/hotels/48942862.jpg,liteapi
lp655b9f7c,Vanusa Residency,hotel,12.976879,77.579242,3.0,,,False,7.7,115.0,https://static.cupid.travel/hotels/268427395.jpg,liteapi
lp6579fe69,Treebo Astor HSR Layout,hotel,12.92405,77.63985,3.0,,,False,6.9,78.0,https://static.cupid.travel/hotels/590614146.jpg,liteapi
lp65777e91,THE ON TIME HOTEL Bangalore,hotel,12.973023,77.609461,3.0,,,False,8.2,8.0,https://static.cupid.travel/hotels/ex_65889f58_z.jpg,liteapi
lp65599e48,Townhouse RR Nagar,hotel,12.904276,77.521203,3.0,,,False,8.1,74.0,https://static.cupid.travel/hotels/620165110.jpg,liteapi
lp6557681f,Itsy Hotels Classio Richmond,hotel,12.96599,77.60588,3.0,,,False,6.7,106.0,https://static.cupid.travel/hotels/321611321.jpg,liteapi
lp655b9f68,The Royal Living,hotel,12.98066,77.63793,3.0,,,False,7.4,175.0,https://snaphotelapi.com/hotels/306324507.jpg,liteapi
lp6581edbb,Hotel Prakrathi Residency,hotel,12.883885,77.640655,2.0,,,False,7.8,25.0,https://static.cupid.travel/hotels/587429614.jpg,liteapi
lp65826ff8,Hotel Bestend,hotel,12.963498,77.577186,3.0,,,False,6.7,118.0,https://static.cupid.travel/hotels/218258661.jpg,liteapi
lp657dc8e0,Sunshine Suites Grand Deluxe,hotel,12.892126,77.596537,3.0,,,False,8.0,14.0,https://static.cupid.travel/hotels/180727433.jpg,liteapi
lp656c3c20,Treebo Hiland Suites,hotel,12.9866,77.58126,3.0,,,False,6.4,188.0,https://static.cupid.travel/hotels/467995514.jpg,liteapi
lp657fdedb,Sri Ramakrishna Hotel,hotel,12.977544,77.5759,4.0,,,False,6.8,97.0,https://static.cupid.travel/hotels/595917921.jpg,liteapi
lp655ad552,Octave Kanthi Comforts,hotel,12.977503,77.579407,3.0,,,False,7.1,282.0,https://static.cupid.travel/hotels/307003518.jpg,liteapi
lp6561947d,Olive Service Apartments - Koramangala,hotel,12.93548,77.63409,3.0,,,False,9.3,6.0,https://static.cupid.travel/hotels/214408181.jpg,liteapi
lpfd76c,4 Seasons Suites,hotel,12.937379,77.619945,3.0,,,False,8.6,1.0,https://static.cupid.travel/hotels/ex_cbb5d384_z.jpg,liteapi
lp65817232,MALDIVES INN,hotel,13.030106,77.563433,3.0,,,False,7.4,54.0,https://static.cupid.travel/hotels/518521025.jpg,liteapi
lp65586083,Treebo Apple Villa Jakkur,hotel,13.07254,77.61348,3.0,,,False,7.4,30.0,https://static.cupid.travel/hotels/538393765.jpg,liteapi
lp65656a3f,New Royal homes,hotel,12.962564,77.634811,3.0,,,False,8.5,28.0,https://static.cupid.travel/hotels/353474002.jpg,liteapi
lp5540b,Citadel Sarovar Portico Bengaluru,hotel,12.980773,77.575445,3.0,,,False,7.2,6.0,https://static.cupid.travel/hotels/ex_12103a3d_z.jpg,liteapi
lp65840539,Parijatha Gateway,hotel,13.014128,77.554164,3.0,,,False,7.0,66.0,https://static.cupid.travel/hotels/285234680.jpg,liteapi
lp7d1e2,Sanctum Suites BEL Road Bangalore,hotel,13.025024,77.576144,3.0,,,False,,90.0,https://static.cupid.travel/hotels/53548050.jpg,liteapi
lp65844ba9,1 BHK apartment,hotel,13.068616,77.59134,3.0,,,False,8.0,22.0,https://static.cupid.travel/hotels/537091960.jpg,liteapi
lp65812cf9,Fortune Stay,hotel,12.894559,77.571982,,,,False,7.6,24.0,https://static.cupid.travel/hotels/605639709.jpg,liteapi
lp657bb98d,Hotel Grand Bee Bangalore,hotel,13.02023,77.5545,3.0,,,False,7.0,56.0,https://static.cupid.travel/hotels/116092763.jpg,liteapi
lp65854b17,Sudhanva,hotel,12.90088,77.60124,,,,False,9.0,1.0,https://static.cupid.travel/hotels/599426724.jpg,liteapi
lp655b9fb0,FabHotel Ivory Pearl,hotel,12.924968,77.615787,3.0,,,False,10.0,1.0,https://static.cupid.travel/hotels/ex_6d5777d8_z.jpg,liteapi
lp6575d82b,Elite 4 Stays Koramangala,hotel,12.937778,77.611982,3.0,,,False,9.0,7.0,https://static.cupid.travel/hotels/594070285.jpg,liteapi
lp656ed2fb,"3BHK large Flat for Family, 300 mbps, near metro,Magnificia",hotel,12.99865,77.68235,,,,False,9.0,1.0,https://static.cupid.travel/hotels/618768074.jpg,liteapi
lp65745d3f,Chic 1BHK in Yeshwantpur-ikea,hotel,13.0542,77.48874,,,,False,9.0,1.0,https://static.cupid.travel/hotels/608270878.jpg,liteapi
lp656748ba,Deluxe AC Room in 4BHK Corporate service Aparment Manyata Tech Park,hotel,13.058848,77.621135,4.0,,,False,10.0,1.0,https://static.cupid.travel/hotels/240254730.jpg,liteapi
lp6812e,Grand Bee Hotel,hotel,13.019878,77.554262,3.0,,,False,7.6,19.0,https://static.cupid.travel/hotels/ex_27c5be4c_z.jpg,liteapi
lp657c4cab,Hotel Dvaraka Inn,hotel,13.037858,77.626998,3.0,,,False,6.9,64.0,https://static.cupid.travel/hotels/152644872.jpg,liteapi
lp6558f19e,Open Hotel by Olive - 98 Street Mylasandra,hotel,12.917473,77.524339,3.0,,,False,6.8,76.0,https://static.cupid.travel/hotels/410295827.jpg,liteapi
lp65721ae0,VITS SELECT BENGALURU Near Manyata Tech,hotel,13.036986,77.627133,3.0,,,False,6.5,122.0,https://static.cupid.travel/hotels/465919568.jpg,liteapi
lp655b9fb7,Hotel Embassy,hotel,12.977257,77.575727,,,,False,6.7,538.0,https://static.cupid.travel/hotels/196386619.jpg,liteapi
lp500ad,Highgates Hotel,hotel,12.975252,77.602983,3.0,,,False,7.0,24.0,https://static.cupid.travel/hotels/34381747.jpg,liteapi
lpba675,"Ajantha Komforts, Bengaluru",hotel,12.892272,77.581636,,,,False,7.4,28.0,https://static.cupid.travel/hotels/395768412.jpg,liteapi
lp3df95,Nalapad's Hotel Bangalore International,hotel,12.985074,77.579226,4.0,,,False,6.6,109.0,https://static.cupid.travel/hotels/4841940.jpg,liteapi
lp655ac9ad,La Serene Boutique Hotel - Manyata Tech Park,hotel,13.061165,77.62756,3.0,,,False,7.6,100.0,https://static.cupid.travel/hotels/414704448.jpg,liteapi
lp6573a374,The Halcyon 3 BHK Appartment,hotel,12.987285,77.6174,3.0,,,False,8.2,7.0,https://static.cupid.travel/hotels/515931452.jpg,liteapi
lp2008d3,Bluemoon Comforts,hotel,12.937559,77.625366,3.0,,,False,8.4,4.0,https://static.cupid.travel/hotels/ex_f83fb791_z.jpg,liteapi
lp1a7660,Vihaari 24 Business Hotel,hotel,13.023527,77.63969,3.0,,,False,8.4,4.0,https://static.cupid.travel/hotels/ex_536c9259_z.jpg,liteapi
lp655ac9a5,Ocean Inn Hotels,hotel,12.93674,77.625075,,,,False,7.1,265.0,https://static.cupid.travel/hotels/512355181.jpg,liteapi
lp2248af,Treebo Anjani Fortune Suites,hotel,13.066315,77.598327,3.0,,,False,6.9,62.0,https://static.cupid.travel/hotels/516341064.jpg,liteapi
lp657885c8,SS LUMINA GUEST HOUSE,hotel,12.975636,77.59814,,,,False,8.1,8.0,https://static.cupid.travel/hotels/598781993.jpg,liteapi
lp656b4d6e,Hotel Royal Orbit,hotel,12.880945,77.610194,2.0,,,False,8.8,13.0,https://static.cupid.travel/hotels/400883910.jpg,liteapi
lp657bef3d,Hazel Inn Manyata,hotel,13.061996,77.623392,3.0,,,False,6.6,109.0,https://static.cupid.travel/hotels/487207775.jpg,liteapi
lp65833988,FabHotel Bougainvillea Suites - Horamavu,hotel,13.012994,77.656577,3.0,,,False,,5.0,https://static.cupid.travel/hotels/583293504.jpg,liteapi
lpc03a7,Lords Eco Inn Bengaluru Jayanagar,hotel,12.939557,77.586159,3.0,,,False,6.8,71.0,https://static.cupid.travel/hotels/248006833.jpg,liteapi
lp65791fa4,Super Collection O Peenya 2nd stage Formerly the JK Grand,hotel,13.00822,77.48847,4.0,,,False,6.9,64.0,https://static.cupid.travel/hotels/608865279.jpg,liteapi
lp657c709a,"Moois Residency ,Bangalore",hotel,12.960827,77.641696,,,,False,6.7,78.0,https://static.cupid.travel/hotels/399724611.jpg,liteapi
lp656c2ba2,Treebo Trend Howell Suites,hotel,12.98109,77.6077,3.0,,,False,6.7,73.0,https://static.cupid.travel/hotels/452262566.jpg,liteapi
lp9b823,Minla Hotel,hotel,13.010855,77.550378,3.0,,,False,8.2,5.0,https://static.cupid.travel/hotels/ex_6c262159_z.jpg,liteapi
lp65778343,Sri Udupi park phoenix mall,hotel,12.995802,77.696397,3.0,,,False,6.7,74.0,https://static.cupid.travel/hotels/543008759.jpg,liteapi
lp65745de2,Via Kings Suites HRBR Layout,hotel,13.019841,77.640731,3.0,,,False,6.7,72.0,https://static.cupid.travel/hotels/546820143.jpg,liteapi
lp65723c93,Fully furnished 1 BHK near Airport Manyata Tech Park,hotel,13.061305,77.623377,,,,False,8.3,4.0,https://static.cupid.travel/hotels/620854480.jpg,liteapi
lp655ad55d,Sri Durgamba Lodge,hotel,12.977023,77.576028,,,,False,7.6,90.0,https://static.cupid.travel/hotels/400257840.jpg,liteapi
lp9b8f0,"Treebo Greenwood Premier Suites, Old Airport Road",hotel,12.962148,77.649531,3.0,,,False,6.1,209.0,https://static.cupid.travel/hotels/81038837.jpg,liteapi
lp655a7e02,Regal Business Suites,hotel,13.002056,77.625861,4.0,,,False,8.6,18.0,https://static.cupid.travel/hotels/429873741.jpg,liteapi
lp655d322b,Royalwood Deluxe,hotel,12.966853,77.648131,,,,False,7.3,143.0,https://static.cupid.travel/hotels/416877723.jpg,liteapi
lp6578f008,"Catalyst Suites, Rajaji Nagar",hotel,13.00772,77.55466,,,,False,7.2,30.0,https://static.cupid.travel/hotels/479413591.jpg,liteapi
lp655926c0,Hotel Verdisso,hotel,12.950468,77.699186,3.0,,,False,,86.0,https://static.cupid.travel/hotels/410742886.jpg,liteapi
lp59e50,Nagarjuna Suites,hotel,12.93899,77.6961,3.0,,,False,7.3,25.0,https://static.cupid.travel/hotels/276404516.jpg,liteapi
lp656b9a30,Taura Comfort,hotel,12.98089,77.61131,,,,False,8.0,41.0,https://snaphotelapi.com/hotels/355360978.jpg,liteapi
lp6583d466,HomeSlice Yellow,hotel,12.92943,77.63012,,,,False,7.8,10.0,https://static.cupid.travel/hotels/487477972.jpg,liteapi
lp658484a9,Shivaganga Comforts,hotel,12.9732,77.577823,3.0,,,False,7.8,11.0,https://static.cupid.travel/hotels/550000119.jpg,liteapi
lp1f0236,Caramel Hotels,hotel,13.028174,77.569825,3.0,,,False,6.4,63.0,https://static.cupid.travel/hotels/120225611.jpg,liteapi
lpa86f7,Hotel Tulip Bangalore,hotel,12.999312,77.583587,3.0,,,False,7.4,20.0,https://static.cupid.travel/hotels/ex_54acdb18_z.jpg,liteapi
lp655b9fb8,FabHotel Panchami Comforts,hotel,12.91961,77.50284,3.0,,,False,8.6,14.0,https://static.cupid.travel/hotels/514926389.jpg,liteapi
lp6575f88d,Super Hotel O Silver House Near Mantri Square Mall,hotel,12.978236,77.543618,3.0,,,False,6.4,111.0,https://static.cupid.travel/hotels/592807316.jpg,liteapi
lp5501a,La Sara Hometel,hotel,12.962434,77.642052,3.0,,,False,7.3,25.0,https://static.cupid.travel/hotels/323739403.jpg,liteapi
lp6578c9e8,Super Townhouse OAK Clove Boutique Hotel Rajaji Nagar Near Lulu Mall Bengaluru,hotel,12.985,77.56,4.0,,,False,6.3,127.0,https://static.cupid.travel/hotels/535856818.jpg,liteapi
lp655b9fcd,Capital O Regal suites,hotel,12.928538,77.598618,3.0,,,False,6.0,77.0,https://static.cupid.travel/hotels/619714285.jpg,liteapi
lp655ff255,Tranquil Serviced Apartments - HSR Layout,hotel,12.922414,77.646242,3.0,,,False,8.2,36.0,https://static.cupid.travel/hotels/610505634.jpg,liteapi
lp657c839d,New Rainbow Business Hotel,hotel,12.971115,77.6053,3.0,,,False,6.3,130.0,https://static.cupid.travel/hotels/232098092.jpg,liteapi
lp657d2edb,Hotel City Centre Residency,hotel,12.980207,77.63788,3.0,,,False,7.6,24.0,https://static.cupid.travel/hotels/23130137.jpg,liteapi
lp657ea3e2,Hotel Crystal Orchid,hotel,12.93061,77.57711,,,,False,7.0,37.0,https://static.cupid.travel/hotels/336360206.jpg,liteapi
lp6558c33c,Compact Tea Square,hotel,12.92766,77.672615,,,,False,6.8,52.0,https://static.cupid.travel/hotels/409553306.jpg,liteapi
lp6578db11,FabHotel Golden Comforts - Nr Shivaji Nagar,hotel,12.984479,77.603307,3.0,,,False,6.4,102.0,https://static.cupid.travel/hotels/597179307.jpg,liteapi
lp657fa19f,Susan Grand penthouse,hotel,12.939314,77.629901,4.0,,,False,8.5,4.0,https://static.cupid.travel/hotels/619731828.jpg,liteapi
lp65800178,Master Stay,hotel,12.96247,77.51199,,,,False,8.5,2.0,https://static.cupid.travel/hotels/616588764.jpg,liteapi
lp657e67e9,Premium Two Bedroom Apartment,hotel,13.056563,77.601766,,,,False,8.5,3.0,https://static.cupid.travel/hotels/597735536.jpg,liteapi
lp6576ccf4,Entire 3 BHK Corporate Service Apartment Manyata Tech Park Hebbal,hotel,13.058659,77.621521,3.0,,,False,8.5,3.0,https://static.cupid.travel/hotels/543019519.jpg,liteapi
lp6558405d,Treebo Trend Rishan Suites,hotel,12.89118,77.60606,3.0,,,False,7.3,21.0,https://static.cupid.travel/hotels/378439649.jpg,liteapi
lp326a79,Townhouse Jayanagar,hotel,12.92844,77.59772,4.0,,,False,6.0,191.0,https://static.cupid.travel/hotels/622590810.jpg,liteapi
lp65582056,Hotel Monarch International,hotel,12.902173,77.601305,3.0,,,False,7.7,170.0,https://static.cupid.travel/hotels/281175640.jpg,liteapi
lp655b9f71,Hotel BG Inn,hotel,12.979349,77.577039,2.0,,,False,7.5,93.0,https://static.cupid.travel/hotels/247577821.jpg,liteapi
lp655ac9a0,Dunhill Jungle View,hotel,12.90299,77.49749,2.0,,,False,8.7,10.0,https://static.cupid.travel/hotels/hd/200245252.jpg,liteapi
lp657e06a1,Hotel Crimson Lotus,hotel,13.042138,77.565495,3.0,,,False,7.0,48.0,https://static.cupid.travel/hotels/335160952.jpg,liteapi
lp657e6187,Dayone suites blessing garden,hotel,13.05128,77.6504,,,,False,8.3,3.0,https://static.cupid.travel/hotels/594728725.jpg,liteapi
lp655b9fca,The Lounge Business Hotel,hotel,12.958929,77.576958,,,,False,7.3,129.0,https://static.cupid.travel/hotels/342229085.jpg,liteapi
lp6555f6f7,ABM Express Inn,hotel,12.976558,77.575715,3.0,,,False,6.3,125.0,https://static.cupid.travel/hotels/143870947.jpg,liteapi
lp65781b39,Townhouse OAK Ess Jay,hotel,12.89209,77.54257,4.0,,,False,6.9,40.0,https://static.cupid.travel/hotels/478472987.jpg,liteapi
lp656c371a,Olive Zip Richmond Circle by Embassy Group,hotel,12.966857,77.594707,2.0,,,False,8.0,3.0,https://static.cupid.travel/hotels/ex_70e269f8_z.jpg,liteapi
lp6a558,Chinna's Residency,hotel,12.979922,77.57483,3.0,,,False,7.3,20.0,https://static.cupid.travel/hotels/ex_fc1ad74e_z.jpg,liteapi
lp6582d0e9,RashiBNK homes,hotel,12.921204,77.678286,3.0,,,False,7.5,15.0,https://static.cupid.travel/hotels/557711398.jpg,liteapi
lp657c1488,Service Apartment in Richmond road,hotel,12.96647,77.604682,3.0,,,False,7.8,8.0,https://static.cupid.travel/hotels/549712095.jpg,liteapi
lp2d105,"Regenta Place Bangalore, Cunningham Road",hotel,12.984209,77.600655,4.0,,,False,6.8,135.0,https://static.cupid.travel/hotels/183621224.jpg,liteapi
lp65580614,TGI Felicity,hotel,12.900166,77.600792,3.0,,,False,6.8,52.0,https://static.cupid.travel/hotels/366849640.jpg,liteapi
lp1dfbc0,Via Sri Krishna Suites,hotel,12.924124,77.673835,3.0,,,False,6.0,174.0,https://static.cupid.travel/hotels/294169690.jpg,liteapi
lp657bf509,Coffee Bean Inn,hotel,12.914989,77.643281,3.0,,,False,7.5,14.0,https://static.cupid.travel/hotels/240901110.jpg,liteapi
lp6557f7e2,Treebo White Inn Koramangala,hotel,12.934387,77.625946,3.0,,,False,6.2,122.0,https://static.cupid.travel/hotels/356701457.jpg,liteapi
lp657ebaf6,Sree Parijatha Grand,hotel,13.014204,77.554252,3.0,,,False,7.1,28.0,https://static.cupid.travel/hotels/581180793.jpg,liteapi
lp4bf9f,JP Cordial,hotel,12.980664,77.57481,3.0,,,False,8.0,5.0,https://static.cupid.travel/hotels/ex_3eaefbca_z.jpg,liteapi
lp65841a02,Saavees Residency,hotel,12.997785,77.552371,3.0,,,False,7.3,18.0,https://static.cupid.travel/hotels/491030718.jpg,liteapi
lp65766bcd,Blue Bliss Hotels By PPH Living Infantry Road,hotel,12.981228,77.601785,,,,False,6.5,77.0,https://static.cupid.travel/hotels/525574105.jpg,liteapi
lp65738769,FabHotel Berry's - Kadubisanahalli - Outer Ring Road,hotel,12.94175,77.697,3.0,,,False,6.7,51.0,https://static.cupid.travel/hotels/447376116.jpg,liteapi
lp655b9fbd,Hotel surya dev residency,hotel,12.97734,77.57785,3.0,,,False,7.3,96.0,https://static.cupid.travel/hotels/230882564.jpg,liteapi
lpe6147,Townhouse Siri Residency,hotel,13.05641,77.60021,4.0,,,False,6.5,73.0,https://static.cupid.travel/hotels/452995216.jpg,liteapi
lp6578fb23,Super Townhouse Global Village Tech Park Near Kengeri Bus Terminal Metro Station,hotel,12.904818,77.504882,4.0,,,False,6.4,81.0,https://static.cupid.travel/hotels/428734948.jpg,liteapi
lp4f6c7,Magaji Orchid,hotel,12.996701,77.578279,3.0,,,False,7.2,20.0,https://static.cupid.travel/hotels/ex_b01ed4e0_z.jpg,liteapi
lp65829af8,Hotel Rainbow near Victoria Hospital City Market,hotel,12.963489,77.578361,2.0,,,False,7.7,8.0,https://static.cupid.travel/hotels/585017703.jpg,liteapi
lp65800944,Hotel corporate suites,hotel,12.904218,77.520824,,,,False,8.6,1.0,https://static.cupid.travel/hotels/ex_7598ee02_z.jpg,liteapi
lp656bd572,La Serene Business Hotel - Manyata Tech Park,hotel,13.062202,77.628783,3.0,,,False,8.6,1.0,https://static.cupid.travel/hotels/ex_1bd1e580_z.jpg,liteapi
lp655a723f,Hotel Rose Mansion Manyata Tech Park,hotel,13.055496,77.624868,2.0,,,False,7.2,123.0,https://static.cupid.travel/hotels/284620259.jpg,liteapi
lp657f4aa0,Hotel Jubilant Stays,hotel,13.014181,77.667728,3.0,,,False,6.8,47.0,https://static.cupid.travel/hotels/560554686.jpg,liteapi
lpbb967,Hotel Blue Bell,hotel,13.038728,77.513893,3.0,,,False,6.4,73.0,https://static.cupid.travel/hotels/387398519.jpg,liteapi
lp655a830b,Hotel Empire Central Street,hotel,12.979734,77.602693,3.0,,,False,7.0,157.0,https://static.cupid.travel/hotels/19363973.jpg,liteapi
lp656c30d3,Regenta Inn 4th Block Koramangala,hotel,12.93451,77.63048,2.0,,,False,8.0,3.0,https://static.cupid.travel/hotels/ex_e047721f_z.jpg,liteapi
lp657135a3,"BluO 1BHK City Centre HSR Layout - Balcony, Terrace Garden",hotel,12.907021,77.645142,4.0,,,False,9.0,,https://static.cupid.travel/hotels/300479210.jpg,liteapi
lp6585c434,GoSavvy Executive Residences - Three Bedroom,hotel,13.055329,77.599029,4.0,,,False,9.0,,https://static.cupid.travel/hotels/ex_72b29bd5_z.jpg,liteapi
lp6557182e,Cocoon Suites - Kalyan Nagar,hotel,13.024,77.636,3.0,,,False,7.3,16.0,https://static.cupid.travel/hotels/537381043.jpg,liteapi
lp767e2,Atlaantic Inn,hotel,13.006113,77.593192,2.0,,,False,7.0,27.0,https://static.cupid.travel/hotels/ex_2eff664e_z.jpg,liteapi
lp655b9fa6,Royal Serenity - Kammanahalli,hotel,13.017649,77.64382,3.0,,,False,7.7,48.0,https://static.cupid.travel/hotels/107292153.jpg,liteapi
lp22615e,Super collection O I J SUITES,hotel,12.898905,77.676199,4.0,,,False,5.9,185.0,https://static.cupid.travel/hotels/615089584.jpg,liteapi
lp655b9f47,Empire International Church Street,hotel,12.975333,77.602709,3.0,,,False,6.8,241.0,https://static.cupid.travel/hotels/113112095.jpg,liteapi
lp655b9fd6,Midtown Suites Marathahalli Bangalore,hotel,12.95777,77.70114,3.0,,,False,8.1,22.0,https://snaphotelapi.com/hotels/377861513.jpg,liteapi
lp656b94fb,Luxtay Suites,hotel,12.933978,77.630584,,,,False,7.3,86.0,https://static.cupid.travel/hotels/148381890.jpg,liteapi
lp655a7c4b,Hotel O VSV Avenue Hennur,hotel,13.017608,77.630035,4.0,,,False,7.5,63.0,https://static.cupid.travel/hotels/442918828.jpg,liteapi
lp655ad122,MySpace Express GD Inn,hotel,12.96084,77.643655,3.0,,,False,7.2,108.0,https://static.cupid.travel/hotels/318437766.jpg,liteapi
lp40e72,The Royal Comfort,hotel,12.930662,77.585323,3.0,,,False,8.0,4.0,https://static.cupid.travel/hotels/ex_17922e43_z.jpg,liteapi
lp6576d893,The Pentouz A,hotel,12.96715,77.64176,,,,False,8.0,4.0,https://static.cupid.travel/hotels/593933261.jpg,liteapi
lp657ba8f0,HSR Lodestone by Newstays,hotel,12.905414,77.646935,3.0,,,False,6.3,108.0,https://static.cupid.travel/hotels/559093045.jpg,liteapi
lp6562de7d,"Comfy 2-bedroom House in Sanjaynagar, Bengaluru",hotel,13.03506,77.578772,3.0,,,False,8.3,15.0,https://static.cupid.travel/hotels/403046033.jpg,liteapi
lp655b0ff8,Super Hotel O Manyata Stay Inn,hotel,13.05953,77.62717,3.0,,,False,7.1,116.0,https://static.cupid.travel/hotels/592823557.jpg,liteapi
lp655a7193,Sasthi Suites,hotel,13.023238,77.558631,3.0,,,False,7.7,51.0,https://static.cupid.travel/hotels/391627162.jpg,liteapi
lp6579370c,Dream Comforts Lodging & Boarding,hotel,12.90772,77.48856,4.0,,,False,6.7,41.0,https://static.cupid.travel/hotels/566750026.jpg,liteapi
lp415a7,Shilton Royale,hotel,12.938555,77.629899,3.0,,,False,7.4,12.0,https://static.cupid.travel/hotels/ex_fda70f3d_z.jpg,liteapi
lp6581bcd5,Relax Suites,hotel,13.024176,77.704716,,,,False,7.2,18.0,https://static.cupid.travel/hotels/532645158.jpg,liteapi
lp65798c7d,Super Collection O Metro Park Opposite Kalasipalya Bus stand,hotel,12.959191,77.57663,4.0,,,False,6.5,65.0,https://static.cupid.travel/hotels/621678771.jpg,liteapi
lp65559ac3,The Ventura Grand Hotel,hotel,13.054286,77.507575,3.0,,,False,6.9,31.0,https://static.cupid.travel/hotels/239437253.jpg,liteapi
lp655be506,SRI VIJAYA PALACE LODGING,hotel,12.97319,77.57731,,,,False,6.8,180.0,https://static.cupid.travel/hotels/340025712.jpg,liteapi
lp1a8bc6,Townhouse Ulsoor,hotel,12.979339,77.629463,4.0,,,False,6.2,103.0,https://static.cupid.travel/hotels/600002791.jpg,liteapi
lp656c24b8,Hotel Habitat Comforts,hotel,13.023377,77.552832,3.0,,,False,6.4,74.0,https://static.cupid.travel/hotels/123188238.jpg,liteapi
lp656bd752,Olive Hotel Hebbal by Embassy Group,hotel,13.043975,77.601059,3.0,,,False,8.0,3.0,https://static.cupid.travel/hotels/ex_3bbc9878_z.jpg,liteapi
lp657eef0c,Nahar Heritage Hotel,hotel,12.971167,77.600678,4.0,,,False,6.1,109.0,https://static.cupid.travel/hotels/524143105.jpg,liteapi
lp6576a5be,The Altruist Bellandur Hotel,hotel,12.930639,77.682792,,,,False,6.7,45.0,https://static.cupid.travel/hotels/159925235.jpg,liteapi
lp2248ba,Hotel Surya Residency Majestic,hotel,12.975111,77.575585,,,,False,5.7,233.0,https://static.cupid.travel/hotels/160580463.jpg,liteapi
lp655ad55b,Poornima Regency,hotel,12.95055,77.59606,3.0,,,False,7.9,26.0,https://static.cupid.travel/hotels/384770070.jpg,liteapi
lp655ad54b,Royal Ace Boutique Hotel,hotel,13.02901,77.63381,3.0,,,False,8.8,5.0,https://static.cupid.travel/hotels/ex_7b06abea_z.jpg,liteapi
lp657b3f3b,La Sara Comforts,hotel,12.949641,77.69988,3.0,,,False,7.2,16.0,https://static.cupid.travel/hotels/134757021.jpg,liteapi
lp6576d6aa,Hotel O IRA Comforts,hotel,12.94047,77.5535,4.0,,,False,6.8,31.0,https://static.cupid.travel/hotels/542668548.jpg,liteapi
lp656b9a2b,SM Rooms HSR Layout Bengaluru,hotel,12.921051,77.652331,3.0,,,False,7.2,90.0,https://static.cupid.travel/hotels/487875632.jpg,liteapi
lpc050b,Soundarya Hotel,hotel,13.042576,77.513035,,,,False,6.4,65.0,https://static.cupid.travel/hotels/568722480.jpg,liteapi
lp2d839,Hotel Ramanashree Richmond,hotel,12.966185,77.59496,3.0,,,False,6.9,210.0,https://static.cupid.travel/hotels/518524922.jpg,liteapi
lpf86a6,Hotel Windsor Castle Inn,hotel,12.968162,77.607247,3.0,,,False,5.9,142.0,https://static.cupid.travel/hotels/244554132.jpg,liteapi
lpc85d3,"Super Townhouse MG Road,Bangalore",hotel,12.97207,77.61556,4.0,,,False,6.0,114.0,https://static.cupid.travel/hotels/613354147.jpg,liteapi
lp6582044d,Sunrise Service Apartments,hotel,12.878737,77.613136,4.0,,,False,6.1,96.0,https://static.cupid.travel/hotels/520165495.jpg,liteapi
lp6574d7a4,FabHotel Royal Stay I - Nr Mahadevpura,hotel,12.994286,77.6994,3.0,,,False,6.8,29.0,https://static.cupid.travel/hotels/607332425.jpg,liteapi
lp5c41d,The Olive,hotel,12.953741,77.638754,4.0,,,False,7.3,12.0,https://static.cupid.travel/hotels/ex_854d0242_z.jpg,liteapi
lp65671166,Clyford Suites,hotel,12.955423,77.648624,,,,False,6.6,235.0,https://static.cupid.travel/hotels/126840783.jpg,liteapi
lp657a1e13,Super Townhouse HBR Layout,hotel,13.035594,77.628527,4.0,,,False,6.5,53.0,https://static.cupid.travel/hotels/616382781.jpg,liteapi
lp65752c3e,Hotel O Om Sai Residency,hotel,12.905075,77.504992,3.0,,,False,7.1,19.0,https://static.cupid.travel/hotels/605319021.jpg,liteapi
lp65723635,The Altruist Bellandur ORR Hotel,hotel,12.930428,77.678404,3.0,,,False,8.0,6.0,https://static.cupid.travel/hotels/416085908.jpg,liteapi
lp656c3c1b,Hotel The Blackstone,hotel,12.934421,77.616447,3.0,,,False,8.0,3.0,https://static.cupid.travel/hotels/ex_361fb9ef_z.jpg,liteapi
lpb893b,FabHotel Capital Residency Brigade Rd,hotel,12.96958,77.60656,3.0,,,False,8.0,3.0,https://static.cupid.travel/hotels/ex_797c0219_z.jpg,liteapi
lp656bd804,"Hotel Vista Suites, Bangalore",hotel,13.072361,77.503726,4.0,,,False,8.0,3.0,https://static.cupid.travel/hotels/ex_a1935bdb_z.jpg,liteapi
lp6a5d9,SRS Springs Hotels and Spa,hotel,12.956591,77.583426,4.0,,,False,7.1,154.0,https://static.cupid.travel/hotels/17761676.jpg,liteapi
lp655b1453,Hotel Apple Suites,hotel,12.97897,77.579292,3.0,,,False,6.4,309.0,https://static.cupid.travel/hotels/242280575.jpg,liteapi
lpc860c,Treebo Paul's Inn,hotel,12.93547,77.60884,3.0,,,False,,1.0,https://static.cupid.travel/hotels/228099236.jpg,liteapi
lp7d4fe,ICON Boutique by Bhagini,hotel,12.964349,77.637301,3.0,,,False,6.7,33.0,https://static.cupid.travel/hotels/154444867.jpg,liteapi
lpcd805,Hotel Gangothri,hotel,12.937833,77.626763,,,,False,6.6,39.0,https://static.cupid.travel/hotels/77533187.jpg,liteapi
lp810d7,Akshaya Aura,hotel,12.975862,77.579192,4.0,,,False,6.6,42.0,https://static.cupid.travel/hotels/93994752.jpg,liteapi
lp6581ad3c,Ixora Suites,hotel,12.978041,77.639772,3.0,,,False,7.1,19.0,https://static.cupid.travel/hotels/38958370.jpg,liteapi
lp5566c,The Ocea International Hotel,hotel,12.96952,77.60616,2.0,,,False,7.2,13.0,https://static.cupid.travel/hotels/366190413.jpg,liteapi
lp657ed5b6,Attide Biz,hotel,13.058608,77.592648,3.0,,,False,6.4,60.0,https://static.cupid.travel/hotels/246837283.jpg,liteapi
lp6561948c,Qualtems serviced appartments AC and Non Ac,hotel,12.882573,77.63913,4.0,,,False,7.3,63.0,https://static.cupid.travel/hotels/223684206.jpg,liteapi
lp6583b76d,KAPILA RESIDENCY,hotel,12.981115,77.574686,3.0,,,False,6.3,60.0,https://static.cupid.travel/hotels/598561619.jpg,liteapi
lp6559e708,"Classic Heights Serviced Apartments, near IIM Bangalore,",hotel,12.891554,77.609195,3.0,,,False,7.8,32.0,https://static.cupid.travel/hotels/600593448.jpg,liteapi
lp65792c0f,Hotel O Manyata Palace,hotel,13.061651,77.623941,4.0,,,False,6.2,70.0,https://static.cupid.travel/hotels/592824128.jpg,liteapi
lp657fa966,Royal shades kodihali,hotel,12.962108,77.649142,,,,False,6.7,33.0,https://static.cupid.travel/hotels/397946406.jpg,liteapi
lp65810cbb,Sunshine Suites-Premium,hotel,12.896763,77.595443,3.0,,,False,7.3,14.0,https://static.cupid.travel/hotels/177449721.jpg,liteapi
lp655ff29b,Padmanivas,hotel,12.967968,77.515758,4.0,,,False,8.0,18.0,https://static.cupid.travel/hotels/373442720.jpg,liteapi
lp65731209,Townhouse Oak JVH Hotel Bangalore,hotel,12.947627,77.530954,4.0,,,False,5.4,256.0,https://static.cupid.travel/hotels/561890790.jpg,liteapi
lp6580696e,FabHotel Ayodhya Comforts - Mysore Road,hotel,12.936115,77.513215,3.0,,,False,7.1,15.0,https://static.cupid.travel/hotels/551956946.jpg,liteapi
lp657e8c7b,FabHotel Royal Platinum Suites,hotel,12.904219,77.645376,3.0,,,False,7.4,9.0,https://static.cupid.travel/hotels/579948215.jpg,liteapi
lp83228,hotelpearlinn,hotel,12.938014,77.631141,3.0,,,False,5.8,140.0,https://static.cupid.travel/hotels/289835292.jpg,liteapi
lp655a841c,THE NISARGA GRAND,hotel,13.062617,77.498877,3.0,,,False,7.8,23.0,https://static.cupid.travel/hotels/324517678.jpg,liteapi
lp6dd59,Maple Suites Serviced Apartments,hotel,12.905189,77.603798,3.0,,,False,7.0,16.0,https://static.cupid.travel/hotels/ex_baa9284f_z.jpg,liteapi
lp65823cfa,Athasri Hotel Marathahalli,hotel,12.94235,77.70112,3.0,,,False,7.0,16.0,https://static.cupid.travel/hotels/509769172.jpg,liteapi
lp442e5,Ramanashree Brunton,hotel,12.971223,77.614773,3.0,,,False,7.0,16.0,https://static.cupid.travel/hotels/ex_c998f860_z.jpg,liteapi
lp6575f8d5,"Howard Johnson By Wyndham, Hebbal, Bengaluru",hotel,13.045047,77.626779,4.0,,,False,6.7,46.0,https://static.cupid.travel/hotels/275533723.jpg,liteapi
lp656c345a,Treebo Raghavendra Tranquil Inn Bellandur,hotel,12.92588,77.669655,3.0,,,False,6.3,70.0,https://static.cupid.travel/hotels/486525317.jpg,liteapi
lp65775693,Via Sathya Comforts,hotel,12.985873,77.606538,3.0,,,False,,44.0,https://static.cupid.travel/hotels/570760284.jpg,liteapi
lp6574d280,Hotel U.T.Elegance,hotel,12.976921,77.578672,3.0,,,False,6.6,35.0,https://static.cupid.travel/hotels/342842658.jpg,liteapi
lp657e0c6e,Humble Family Abode,hotel,12.93857,77.566749,,,,False,7.6,5.0,https://static.cupid.travel/hotels/598649200.jpg,liteapi
lp72d7c,The Urban Hotel,hotel,12.958186,77.649366,4.0,,,False,7.6,5.0,https://static.cupid.travel/hotels/ex_562d0c67_z.jpg,liteapi
lp63658,The Chevron Orchards,hotel,13.010269,77.57991,3.0,,,False,7.6,5.0,https://static.cupid.travel/hotels/ex_5bb241af_z.jpg,liteapi
lp658174bc,Esha Enclave - Premium Suits,hotel,12.891188,77.612367,,,,False,7.5,6.0,https://static.cupid.travel/hotels/622302990.jpg,liteapi
lp655a6fca,Hotel O Canton Hotel,hotel,12.90441,77.52683,3.0,,,False,7.9,20.0,https://static.cupid.travel/hotels/592868810.jpg,liteapi
lp75c3d,Aurick Boutique Hotel,hotel,12.906201,77.578521,4.0,,,False,7.0,15.0,https://static.cupid.travel/hotels/ex_a71b7fc5_z.jpg,liteapi
lpc8646,Hotel O Indiranagar Bangalore,hotel,12.95582,77.64218,3.0,,,False,5.9,99.0,https://static.cupid.travel/hotels/613895084.jpg,liteapi
lp8de8d,Collection O 3175 Pluspoint Suites,hotel,12.916337,77.667387,3.0,,,False,8.0,2.0,https://static.cupid.travel/hotels/ex_df31ace7_z.jpg,liteapi
lp1b4458,Mapletree Inn,hotel,12.93532,77.701454,3.0,,,False,8.0,2.0,https://static.cupid.travel/hotels/ex_7a58f984_z.jpg,liteapi
lp6555e9c1,"Liverpool Hotels, Outer Ring Road, Marathahalli",hotel,12.95934,77.70111,3.0,,,False,8.0,2.0,https://static.cupid.travel/hotels/ex_w1280h828x0y3-383282f5_z.jpg,liteapi
lp2257d3,Gavishree Residency,hotel,12.979117,77.577888,3.0,,,False,8.0,2.0,https://static.cupid.travel/hotels/ex_80f53af6_z.jpg,liteapi
lp657b6706,Super Townhouse Hosur Main Road Bommanahalli Near Gopalan Innovation Mall,hotel,12.904212,77.629953,4.0,,,False,6.1,79.0,https://static.cupid.travel/hotels/591048957.jpg,liteapi
lp655a757a,FabHotel Atithi Residency - Nr Kaikondrahalli Lake,hotel,12.916417,77.675389,3.0,,,False,7.2,70.0,https://static.cupid.travel/hotels/568757279.jpg,liteapi
lp655b9f8f,The Corporate Comforts,hotel,12.929582,77.585887,3.0,,,False,7.2,68.0,https://static.cupid.travel/hotels/117877429.jpg,liteapi
lp65619470,Pristine Inn Manyata,hotel,13.061852,77.623295,3.0,,,False,6.5,207.0,https://static.cupid.travel/hotels/402693536.jpg,liteapi
lp657a6bf0,Tranquil Serviced Apartments - Sarjapur,hotel,12.910084,77.680064,3.0,,,False,6.9,21.0,https://static.cupid.travel/hotels/508743516.jpg,liteapi
lp656c3310,FabHotel Royale Basant Residency - Gandhinagar,hotel,12.977458,77.577601,3.0,,,False,6.1,67.0,https://static.cupid.travel/hotels/529960641.jpg,liteapi
lp65818cb3,PRIME SUITES,hotel,12.975491,77.615335,3.0,,,False,6.7,27.0,https://static.cupid.travel/hotels/537178890.jpg,liteapi
lp65792471,Collection O Royal Mac,hotel,13.06166,77.62336,4.0,,,False,6.7,26.0,https://static.cupid.travel/hotels/565633966.jpg,liteapi
lp90745,Octave Suites Residency Rd,hotel,12.972989,77.608931,3.0,,,False,6.8,20.0,https://static.cupid.travel/hotels/ex_0161468d_z.jpg,liteapi
lp657f5774,FabHotel HSR Gateway - Nr Forum Mall,hotel,12.916572,77.632827,3.0,,,False,7.0,16.0,https://static.cupid.travel/hotels/622555102.jpg,liteapi
lp657d195b,Hotel Prestige INN,hotel,12.932696,77.630629,3.0,,,False,7.0,13.0,https://static.cupid.travel/hotels/551582500.jpg,liteapi
lp87308,Rosewood International Hotel,hotel,12.914069,77.486423,3.0,,,False,7.4,6.0,https://static.cupid.travel/hotels/ex_bf15410f_z.jpg,liteapi
lpc398a,Sterling Living Space - Residency Road,hotel,12.967967,77.601213,4.0,,,False,7.4,9.0,https://static.cupid.travel/hotels/36096150.jpg,liteapi
lp65795d26,FabHotel Pavithraa Edition,hotel,13.020847,77.558583,3.0,,,False,6.4,35.0,https://static.cupid.travel/hotels/585843841.jpg,liteapi
lp65840841,HomeSlice Espacio,hotel,12.926281,77.636127,,,,False,7.7,5.0,https://static.cupid.travel/hotels/540057769.jpg,liteapi
lp655a7d1b,Navanidhi Comforts,hotel,13.020949,77.555127,2.0,,,False,7.0,72.0,https://static.cupid.travel/hotels/347053208.jpg,liteapi
lp65784755,Hotel O Koramangala Near Sony Signal,hotel,12.940277,77.627067,2.0,,,False,5.4,188.0,https://static.cupid.travel/hotels/619613005.jpg,liteapi
lp65771741,Hotel O Sunshine Inn,hotel,13.057209,77.626898,4.0,,,False,6.4,33.0,https://static.cupid.travel/hotels/442911056.jpg,liteapi
lp186746,Collection O Madhura Residency,hotel,12.953315,77.541867,4.0,,,False,6.0,69.0,https://static.cupid.travel/hotels/595102319.jpg,liteapi
lp6577c285,Super Capital O Champion Lotus Near Mantri Square Mall,hotel,12.975989,77.545298,3.0,,,False,5.7,112.0,https://static.cupid.travel/hotels/489374931.jpg,liteapi
lp656bc5fa,Alchemy Suites Koramanagala,hotel,12.935245,77.631003,3.0,,,False,8.0,1.0,https://static.cupid.travel/hotels/ex_c7352b5d_z.jpg,liteapi
lp658574bb,"Atmosfera Bengaluru, India",hotel,12.884704,77.500755,3.0,,,False,7.0,23.0,https://static.cupid.travel/hotels/602889338.jpg,liteapi
lp655a7072,Crown Inn,hotel,12.97172,77.570413,2.0,,,False,5.9,432.0,https://static.cupid.travel/hotels/306983467.jpg,liteapi
lp6583e385,Veekay Residency,hotel,13.023847,77.552656,2.0,,,False,6.2,45.0,https://static.cupid.travel/hotels/244730738.jpg,liteapi
lp6576944b,Hotel O AM GRAND RESIDENCY,hotel,12.9657,77.57461,3.0,,,False,7.4,5.0,https://static.cupid.travel/hotels/612991737.jpg,liteapi
lpace5f,Nahar Heritage Hotel,hotel,12.97119,77.60081,3.0,,,False,7.4,5.0,https://static.cupid.travel/hotels/ex_7084129c_z.jpg,liteapi
lpa28e9,Shoba Tulip,hotel,13.04903,77.57593,3.0,,,False,7.4,5.0,https://static.cupid.travel/hotels/ex_490f50ef_z.jpg,liteapi
lp6567f1aa,Abode,hotel,12.91295,77.63927,,,,False,8.5,4.0,https://static.cupid.travel/hotels/hd/288656197.jpg,liteapi
lp65772d34,1bhk fully furnished,hotel,13.029434,77.608562,3.0,,,False,7.5,13.0,https://static.cupid.travel/hotels/621818067.jpg,liteapi
lp657a1f75,Treebo Ivory White Inn,hotel,12.929597,77.625077,3.0,,,False,6.4,42.0,https://static.cupid.travel/hotels/611291296.jpg,liteapi
lp655ff062,Primera Extended Stay Apartments,hotel,13.055977,77.6028,3.0,,,False,8.2,7.0,https://static.cupid.travel/hotels/240225878.jpg,liteapi
lp6576f56f,"goSTOPS Bengaluru HSR, Silk Board",hotel,12.918322,77.623964,,,,False,6.9,17.0,https://static.cupid.travel/hotels/549728324.jpg,liteapi
lpced06,OYO 11683 Hotel YMCA,hotel,12.972127,77.587432,2.0,,,False,7.6,3.0,https://static.cupid.travel/hotels/ex_678bfbd2_z.jpg,liteapi
lp657d4d22,seasons suites HBR,hotel,13.02624,77.62491,3.0,,,False,6.0,56.0,https://static.cupid.travel/hotels/584290199.jpg,liteapi
lp657a7c50,Collection O Bannerghatta Road Near IIM Bangalore,hotel,12.892713,77.606975,4.0,,,False,6.1,53.0,https://static.cupid.travel/hotels/599756239.jpg,liteapi
lp6571ae53,RRM Stays - Jambu Savari Dinne,hotel,12.86469,77.57772,,,,False,8.0,1.0,https://static.cupid.travel/hotels/489880997.jpg,liteapi
lp657e9aea,JVH Hotels Bangalore,hotel,12.898957,77.676247,3.0,,,False,8.0,1.0,https://static.cupid.travel/hotels/ex_25cfbac4_z.jpg,liteapi
lp7d5b7,Shetty Gardenia,hotel,12.91883,77.56873,3.0,,,False,8.0,1.0,https://static.cupid.travel/hotels/ex_f2a860f7_z.jpg,liteapi
lp6585ede8,Hotel Atrium By Bestinn Leisure,hotel,12.921505,77.696412,3.0,,,False,8.0,1.0,https://static.cupid.travel/hotels/ex_e6dfc103_z.jpg,liteapi
lpfda28,Airavatha Residency,hotel,12.9223,77.49555,3.0,,,False,8.0,1.0,https://static.cupid.travel/hotels/ex_41a7cf46_z.jpg,liteapi
lp656bc223,Fabhotel Ivory Pearl,hotel,12.923717,77.63456,3.0,,,False,8.0,1.0,https://static.cupid.travel/hotels/ex_w3029h2018x0y1-e3380b31_z.jpg,liteapi
lp6142b,Sterling Keys by TGi,hotel,12.92644,77.67637,3.0,,,False,8.0,1.0,https://static.cupid.travel/hotels/ex_98098360_z.jpg,liteapi
lp65864b1d,"FabHotel Maark Inn - Tilak Nagar, Jayanagar",hotel,12.928286,77.59834,3.0,,,False,8.0,1.0,https://static.cupid.travel/hotels/ex_7ddcdd98_z.jpg,liteapi
lpfd326,Alcott Hotel & Resorts,hotel,12.93063,77.58117,3.0,,,False,8.0,1.0,https://static.cupid.travel/hotels/ex_308ed4ec_z.jpg,liteapi
lp656c28bf,FabExpress Amazing Inn,hotel,12.933186,77.610661,3.0,,,False,8.0,1.0,https://static.cupid.travel/hotels/ex_w3030h2011x0y4-f9da948a_z.jpg,liteapi
lp1b4676,FabHotel Vipra Enclave,hotel,12.93663,77.614507,3.0,,,False,8.0,1.0,https://static.cupid.travel/hotels/ex_4bd81a9c_z.jpg,liteapi
lp6586465e,Hotel Royal flora Koramangala,hotel,12.93755,77.609693,2.0,,,False,8.0,1.0,https://static.cupid.travel/hotels/ex_9d1b56d6_z.jpg,liteapi
lpc8631,OYO 9946 CKB Apartment,hotel,12.951341,77.70411,3.0,,,False,8.0,1.0,https://static.cupid.travel/hotels/ex_b9f39c21_z.jpg,liteapi
lp218bf4,Apollo 27,hotel,12.95953,77.638384,3.0,,,False,8.0,1.0,https://static.cupid.travel/hotels/ex_w1309h842x0y0-d8462a48_z.jpg,liteapi
lp226387,Nachis BnB,hotel,12.973812,77.634927,3.0,,,False,8.0,1.0,https://static.cupid.travel/hotels/ex_908ccf59_z.jpg,liteapi
lp242821,CAPITAL O 23461 Champion Lotus,hotel,12.975989,77.545298,3.0,,,False,8.0,1.0,https://static.cupid.travel/hotels/ex_1d31db32_z.jpg,liteapi
lp6585b81d,MAYUR PARADISE,hotel,12.977617,77.576572,2.0,,,False,8.0,1.0,https://static.cupid.travel/hotels/ex_79744b2f_z.jpg,liteapi
lp65860bc3,Elite Stays at Ulsoor Near Halasuru Metro Station,hotel,12.979347,77.62946,2.0,,,False,8.0,1.0,https://static.cupid.travel/hotels/ex_0fb32f92_edited_eb10_z.jpg,liteapi
lp656bbe75,Blue Bliss Hotels By PPH Living Infantry Road,hotel,12.98135,77.604083,2.0,,,False,8.0,1.0,https://static.cupid.travel/hotels/ex_8aa0f057_z.jpg,liteapi
lp656bcbb8,Smilestay Hiland Suites,hotel,12.986651,77.58128,2.0,,,False,8.0,1.0,https://static.cupid.travel/hotels/ex_f1b3ac20_z.jpg,liteapi
lp1b93d5,Treebo Trend President Suites,hotel,12.987139,77.574372,3.0,,,False,8.0,1.0,https://static.cupid.travel/hotels/ex_b607a775_z.jpg,liteapi
lp657ed606,Penthouse apartment with Private terrace,hotel,13.004916,77.654924,,,,False,8.0,3.0,https://static.cupid.travel/hotels/278153974.jpg,liteapi
lp6585eaab,Olive Sanjay Nagar by Embassy Group,hotel,13.037883,77.57436,2.0,,,False,8.0,1.0,https://static.cupid.travel/hotels/ex_daf9e7a5_z.jpg,liteapi
lp22fde8,X by Bloom - Manyata,hotel,13.040572,77.619807,3.0,,,False,8.0,1.0,https://static.cupid.travel/hotels/ex_b1af34f4_z.jpg,liteapi
lp6554535b,Habitat by Liwa,hotel,13.072999,77.592436,3.0,,,False,8.0,1.0,https://static.cupid.travel/hotels/ex_e8e5caf6_z.jpg,liteapi
lp655ac9a2,HOTEL VIJAYA LAKSHMI RESIDENCY - YESHWANTHPUR,hotel,13.02185,77.55351,3.0,,,False,6.9,67.0,https://static.cupid.travel/hotels/620758255.jpg,liteapi
lp800a0,Melange Luxury Service Apartment,hotel,12.970289,77.597057,3.0,,,False,7.4,4.0,https://static.cupid.travel/hotels/ex_77b5d813_z.jpg,liteapi
lp657f2728,Hyde Park Orchards,hotel,13.01008,77.583706,3.0,,,False,7.4,4.0,https://static.cupid.travel/hotels/ex_871c9f54_z.jpg,liteapi
lp95241,Octave Hotel & Spa JP Nagar,hotel,12.910543,77.582893,3.0,,,False,4.8,6.0,https://static.cupid.travel/hotels/ex_858ded90_z.jpg,liteapi
lp6adb8,ICON SELECT by Bhagini,hotel,12.991004,77.688065,3.0,,,False,6.1,42.0,https://static.cupid.travel/hotels/334384082.jpg,liteapi
lp656bc739,Arcade Inn Suites,hotel,12.91754,77.63104,,,,False,6.8,12.0,https://static.cupid.travel/hotels/622177242.jpg,liteapi
lp655a7a25,Octave Paris Residency,hotel,13.023319,77.552889,2.0,,,False,6.9,74.0,https://static.cupid.travel/hotels/322569824.jpg,liteapi
lp5006d,The Monarch,hotel,12.97289,77.60719,3.0,,,False,7.0,20.0,,liteapi
lp655ac9a9,Collection O Royal Elevar,hotel,13.059092,77.610347,4.0,,,False,6.9,61.0,https://static.cupid.travel/hotels/463524891.jpg,liteapi
lp6562de49,Sampada Homestay,hotel,12.987852,77.544852,3.0,,,False,7.3,28.0,https://static.cupid.travel/hotels/84859362.jpg,liteapi
lp6581add5,MS Comforts Mahadevapura,hotel,12.999499,77.686835,2.0,,,False,6.3,30.0,https://static.cupid.travel/hotels/538787215.jpg,liteapi
lp655b9f9c,Super Townhouse Richmond MG Road Metro Formerly Richmond Residency,hotel,12.966025,77.605887,3.0,,,False,7.1,43.0,https://static.cupid.travel/hotels/333778578.jpg,liteapi
lp6581a59a,FabHotel Upstream,hotel,12.956129,77.640865,3.0,,,False,6.8,11.0,https://static.cupid.travel/hotels/181283308.jpg,liteapi
lp657ccdf3,"Keerthi Service Apartment, Bellandur",hotel,12.92465,77.67302,,,,False,6.4,22.0,https://static.cupid.travel/hotels/605461057.jpg,liteapi
lpd1064,Octave Studio Hotel,hotel,12.937,77.61471,3.0,,,False,7.2,5.0,https://static.cupid.travel/hotels/ex_fd2ce634_z.jpg,liteapi
lpb5f25,Oh My Rooms,hotel,12.93773,77.61205,3.0,,,False,7.2,5.0,https://static.cupid.travel/hotels/ex_b9bbd46f_z.jpg,liteapi
lpb5ddf,Woodlands Hotel,hotel,12.96506,77.59482,3.0,,,False,7.2,5.0,https://static.cupid.travel/hotels/ex_w748h481x0y0-f5486c37_z.jpg,liteapi
lp7409e,The Grand Serenity Apartment Hotel,hotel,12.975497,77.638299,3.0,,,False,7.2,5.0,https://static.cupid.travel/hotels/ex_605a736b_z.jpg,liteapi
lp657c6654,Hotel Sujatha international nearby koshys Hospital & Loutas Convention Hall Tc Palya Main Road Ramurthynagar,hotel,13.020612,77.675801,3.0,,,False,7.3,15.0,https://static.cupid.travel/hotels/614421884.jpg,liteapi
lp65619478,Dunhill Premium Service Apartment,hotel,12.889495,77.60318,,,,False,7.4,21.0,https://static.cupid.travel/hotels/182412172.jpg,liteapi
lp655be6ed,Octave Kanaka Krishna Comforts,hotel,13.02311,77.58506,3.0,,,False,7.1,35.0,https://static.cupid.travel/hotels/518769114.jpg,liteapi
lp65797f4d,CITY LAKE HOTEL,hotel,13.062662,77.609239,3.0,,,False,7.0,8.0,https://static.cupid.travel/hotels/545224004.jpg,liteapi
lp657df639,Forest Keys By VYDA,hotel,12.910589,77.598943,3.0,,,False,6.7,33.0,https://static.cupid.travel/hotels/344205126.jpg,liteapi
lp655a8780,Hotel Grand Suites,hotel,12.977416,77.575097,3.0,,,False,6.1,214.0,https://static.cupid.travel/hotels/120518181.jpg,liteapi
lp64a05,Hotel Mint Downtown,hotel,12.93449,77.62559,3.0,,,False,7.4,3.0,https://static.cupid.travel/hotels/ex_a99cdb45_z.jpg,liteapi
lp72c67,Liwa- The Transit Hotel,hotel,13.072529,77.592653,3.0,,,False,6.6,14.0,https://static.cupid.travel/hotels/ex_a5360552_z.jpg,liteapi
lp655997f5,CTC GARDENIA RESIDENCY,hotel,12.95688,77.5832,3.0,,,False,7.3,23.0,https://static.cupid.travel/hotels/466255266.jpg,liteapi
lp6567f1b3,Sapphire Inn,hotel,12.94447,77.597246,3.0,,,False,6.4,117.0,https://static.cupid.travel/hotels/222646990.jpg,liteapi
lpb5680,Hotel Thanga Orchid,hotel,13.043605,77.510801,4.0,,,False,6.4,5.0,https://static.cupid.travel/hotels/ex_ae106629_z.jpg,liteapi
lp65803108,Prince residency Venue,hotel,13.059729,77.627492,4.0,,,False,7.0,7.0,https://static.cupid.travel/hotels/464238289.jpg,liteapi
lp6581ebef,Hotel Nevesa Mahadevapura,hotel,12.99497,77.68578,3.0,,,False,7.5,2.0,https://static.cupid.travel/hotels/558185004.jpg,liteapi
lp655b9fa4,"Hotel O Varcity Phi Premium Pavilion ,Above HDFC Bank ,Near Anjaneya Temple Madiwala, Hosur Main r",hotel,12.92206,77.619664,4.0,,,False,6.1,159.0,https://static.cupid.travel/hotels/442917289.jpg,liteapi
lp4f6bd,The HHI Select Bengaluru,hotel,12.906258,77.592983,3.0,,,False,6.4,17.0,https://static.cupid.travel/hotels/ex_a11dd946_z.jpg,liteapi
lp657a7d5d,Aira Suites,hotel,13.01194,77.69838,3.0,,,False,6.0,36.0,https://static.cupid.travel/hotels/604450336.jpg,liteapi
lpab2f3,FabHotel Ivory Pearl Koramangala,hotel,12.92962,77.6325,3.0,,,False,7.3,3.0,https://static.cupid.travel/hotels/ex_6b3412e3_z.jpg,liteapi
lp8300c,Grandeur Luxury Suites,hotel,12.935015,77.616102,3.0,,,False,7.3,3.0,https://static.cupid.travel/hotels/ex_c9b1fb8e_z.jpg,liteapi
lp1fbdbd,Kimaya Stay,hotel,12.948661,77.598322,3.0,,,False,7.3,3.0,https://static.cupid.travel/hotels/ex_05c3baac_z.jpg,liteapi
lp83256,Lake Habitat Serviced Apartments,hotel,12.984777,77.618316,3.0,,,False,7.3,3.0,https://static.cupid.travel/hotels/ex_e9d3aba0_z.jpg,liteapi
lpc3b0f,Supreme Boutique Hotel,hotel,13.044787,77.525181,3.0,,,False,7.3,3.0,https://static.cupid.travel/hotels/ex_080c85dc_z.jpg,liteapi
lp655b104d,Hotel Royal Suites - Yeshwanthpur,hotel,13.022183,77.554914,3.0,,,False,6.2,132.0,https://static.cupid.travel/hotels/336738644.jpg,liteapi
lp657b7400,FabHotel Shivaals Residency - Rajajinagar,hotel,12.98576,77.55227,3.0,,,False,5.8,46.0,https://static.cupid.travel/hotels/414762184.jpg,liteapi
lp657eba6f,Hotel Madiwala Grand,hotel,12.921572,77.613626,3.0,,,False,5.8,58.0,https://static.cupid.travel/hotels/538765812.jpg,liteapi
lpfcec0,Ashraya International Hotel,hotel,12.98363,77.59347,3.0,,,False,6.6,11.0,https://static.cupid.travel/hotels/ex_3285178f_z.jpg,liteapi
lp5bf88,Octave Hotel & Spa Sarjapur Rd,hotel,12.917676,77.671922,3.0,,,False,6.2,22.0,https://static.cupid.travel/hotels/ex_cda9abb8_z.jpg,liteapi
lp655a84ab,SAHARA Inn,hotel,12.945326,77.59465,,,,False,6.1,148.0,https://static.cupid.travel/hotels/278976424.jpg,liteapi
lp6584675c,Manjushree Lodging,hotel,12.98252,77.54302,3.0,,,False,6.3,18.0,https://static.cupid.travel/hotels/618215055.jpg,liteapi
lp655a72f1,The Roy Grand Inns,hotel,12.935385,77.629734,,,,False,5.8,227.0,https://static.cupid.travel/hotels/355858954.jpg,liteapi
lp655b19ca,Super Collection O Prime Residency,hotel,13.017046,77.628656,3.0,,,False,6.4,85.0,https://static.cupid.travel/hotels/555193794.jpg,liteapi
lp655ad558,B SIX HOTEL,hotel,12.96288,77.577462,3.0,,,False,7.5,13.0,https://static.cupid.travel/hotels/379086359.jpg,liteapi
lp21452c,La Sara Pride,hotel,13.059628,77.592628,3.0,,,False,6.3,17.0,https://static.cupid.travel/hotels/379727548.jpg,liteapi
lp655a881b,Via Kings Suites,hotel,13.033306,77.638947,3.0,,,False,6.9,33.0,https://static.cupid.travel/hotels/502840850.jpg,liteapi
lp65867263,Hotel Golden Inn,hotel,12.92061,77.597396,2.0,,,False,8.0,,https://static.cupid.travel/hotels/ex_3ffbe898_z.jpg,liteapi
lp657dee8f,BNGV Mystic Premier,hotel,12.941921,77.625465,3.0,,,False,8.0,,https://static.cupid.travel/hotels/ex_180f3986_z.jpg,liteapi
lp2793a8,Hotel Highsky - Outer Ring Road,hotel,12.943096,77.698309,4.0,,,False,8.0,,https://static.cupid.travel/hotels/ex_2abd7ac1_z.jpg,liteapi
lp6585bda7,Rajkiyam - A Business Hotel,hotel,12.970494,77.700829,3.0,,,False,8.0,,https://static.cupid.travel/hotels/ex_50ec6d39_z.jpg,liteapi
lp65553d33,Sai Vishram,hotel,12.980315,77.575718,2.0,,,False,,,https://static.cupid.travel/hotels/ex_41dfee35_z.jpg,liteapi
lp6556fa88,Ayra Boutique Hotel,hotel,12.989789,77.573567,4.0,,,False,8.0,,https://static.cupid.travel/hotels/ex_7c4d0fda_z.jpg,liteapi
lp1d5d97,OYO 15392 Sri Sai Guru Comforts,hotel,13.059219,77.592504,2.0,,,False,8.0,,https://static.cupid.travel/hotels/ex_d68f53d5_z.jpg,liteapi
lp6585b1b7,Green Valley Suites,hotel,13.059917,77.627093,4.0,,,False,8.0,,https://static.cupid.travel/hotels/ex_59595589_z.jpg,liteapi
lp655b9f63,Hotel O Spot on S L V Comfort,hotel,13.021106,77.55399,2.0,,,False,6.3,90.0,https://static.cupid.travel/hotels/587544665.jpg,liteapi
lpc883a,Super Hotel O Champion Comfort Near Hosahalli Metro Station,hotel,12.980606,77.537882,3.0,,,False,6.2,19.0,https://static.cupid.travel/hotels/516485109.jpg,liteapi
lp657996ee,"Mount City Park, Madiwala, Bangalore",hotel,12.926953,77.616222,5.0,,,False,5.5,63.0,https://static.cupid.travel/hotels/551900506.jpg,liteapi
lp6581bfc1,Metro Suites,hotel,13.009362,77.642635,3.0,,,False,6.4,16.0,https://static.cupid.travel/hotels/528164850.jpg,liteapi
lp655ae880,FabHotel Rove Inn & Suites - Nr Thammenahalli Village,hotel,13.071759,77.503528,3.0,,,False,6.5,61.0,https://static.cupid.travel/hotels/595905018.jpg,liteapi
lp500a9,Hotel Chetan International,hotel,12.979189,77.578414,3.0,,,False,6.8,6.0,https://static.cupid.travel/hotels/ex_2bbd25a6_z.jpg,liteapi
lp657797eb,Fuga Boarding Lodging & Restaurant,hotel,13.043908,77.511211,3.0,,,False,6.8,6.0,https://static.cupid.travel/hotels/579436366.jpg,liteapi
lp6fb27,La Sara Comforts,hotel,12.949547,77.699637,3.0,,,False,6.4,12.0,https://static.cupid.travel/hotels/ex_ecbd0455_z.jpg,liteapi
lp657eebab,Hotel Sunroof Suites,hotel,13.07,77.58519,2.0,,,False,6.5,10.0,https://static.cupid.travel/hotels/562329282.jpg,liteapi
lp655953ed,Golden Guest House,hotel,12.97132,77.57538,,,,False,6.3,80.0,https://snaphotelapi.com/hotels/375978424.jpg,liteapi
lp65588db4,"Treebo RR Residency, Sanjay Nagar",hotel,13.029328,77.577961,3.0,,,False,5.7,44.0,https://static.cupid.travel/hotels/531890469.jpg,liteapi
lp6559eb69,Collection O Petals Otium Business Hotel,hotel,13.070694,77.621187,4.0,,,False,6.4,70.0,https://static.cupid.travel/hotels/621811274.jpg,liteapi
lp656e43aa,Guest inn 3,hotel,12.99041,77.60261,,,,False,6.6,8.0,https://static.cupid.travel/hotels/566781588.jpg,liteapi
lp6580ec82,Hotel Gurudev Residency,hotel,12.98218,77.57238,2.0,,,False,5.9,27.0,https://static.cupid.travel/hotels/477813252.jpg,liteapi
lp6559dae8,Sapphire stay,hotel,12.943494,77.59704,1.0,,,False,5.7,213.0,https://static.cupid.travel/hotels/139336167.jpg,liteapi
lp65700e97,"275 Home Tales by Tipiverse, Koramangala",hotel,12.937365,77.612101,3.0,,,False,6.8,6.0,https://static.cupid.travel/hotels/511743041.jpg,liteapi
lp87a21,Treebo Trend Adarsh Inn Gandhi Nagar,hotel,12.975965,77.578802,3.0,,,False,6.8,5.0,https://static.cupid.travel/hotels/ex_e40a6527_z.jpg,liteapi
lp655b9fb9,Blu The Hotel Near Manyata Tech Park,hotel,13.040252,77.625839,3.0,,,False,7.8,12.0,https://static.cupid.travel/hotels/416541422.jpg,liteapi
lp1d6071,Hotel O Paradise Inn,hotel,12.949776,77.700998,4.0,,,False,4.9,139.0,https://static.cupid.travel/hotels/592688864.jpg,liteapi
lp655a7f22,Hotel O Blooms residency,hotel,13.00088,77.66178,4.0,,,False,6.2,84.0,https://static.cupid.travel/hotels/472600425.jpg,liteapi
lpc85f8,OYO 8116 Park Inn,hotel,12.96995,77.65021,3.0,,,False,6.4,10.0,https://static.cupid.travel/hotels/460497497.jpg,liteapi
lp6578ca24,Hotel Qubenest Elite Manyata Tech Park,hotel,13.047508,77.619954,,,,False,6.1,17.0,https://static.cupid.travel/hotels/611394198.jpg,liteapi
lp657426a0,Vintage Haven Leafy Getaway Luxury Villa in Indiranagar by Spacez,hotel,12.980961,77.638348,,,,False,7.0,3.0,https://static.cupid.travel/hotels/516421351.jpg,liteapi
lp6555d6ee,Octave Church Inn,hotel,12.974858,77.605336,3.0,,,False,6.2,14.0,https://static.cupid.travel/hotels/ex_52d30c2a_z.jpg,liteapi
lpba10e,Cinnamon Residency,hotel,13.072,77.50332,3.0,,,False,6.5,8.0,https://static.cupid.travel/hotels/533656222.jpg,liteapi
lpced44,West Fort Hotel,hotel,12.979058,77.564228,3.0,,,False,7.4,1.0,https://static.cupid.travel/hotels/ex_a6052eba_z.jpg,liteapi
lp657baf4d,Collection O Rajajinagar Industrial Estate,hotel,12.981431,77.537708,3.0,,,False,5.2,80.0,https://static.cupid.travel/hotels/619717059.jpg,liteapi
lp6566f68f,Benaka Suites,hotel,13.048059,77.579224,3.0,,,False,6.9,23.0,https://static.cupid.travel/hotels/68894588.jpg,liteapi
lp655a74b5,Hotel O SLN Homes,hotel,13.079066,77.587937,3.0,,,False,6.2,73.0,https://static.cupid.travel/hotels/387884292.jpg,liteapi
lp657d4e71,Abids Inn Homestay,hotel,12.913904,77.620359,,,,False,6.8,5.0,https://static.cupid.travel/hotels/599445556.jpg,liteapi
lp656e749f,Ya Inn Rooms & Suites,hotel,13.000613,77.614703,1.0,,,False,6.5,8.0,https://static.cupid.travel/hotels/529010064.jpg,liteapi
lp657eb122,Via Willow Tree,hotel,13.072619,77.602515,,,,False,6.2,12.0,https://static.cupid.travel/hotels/589973685.jpg,liteapi
lp657b2b85,The Uptown Stays,hotel,12.97374,77.64239,,,,False,6.3,10.0,https://static.cupid.travel/hotels/525792675.jpg,liteapi
lp657cfd1b,Athasri Hotel Infantry Road,hotel,12.979644,77.603641,3.0,,,False,5.8,24.0,https://static.cupid.travel/hotels/516943151.jpg,liteapi
lp6559520c,PRANAM COMFORTS LODGE,hotel,12.987057,77.578597,,,,False,6.7,28.0,https://static.cupid.travel/hotels/184501302.jpg,liteapi
lp52dd5,Lotus Park,hotel,12.982374,77.692986,3.0,,,False,6.2,11.0,https://static.cupid.travel/hotels/ex_3b9e6af4_z.jpg,liteapi
lp6d3e3,Sunray Hotel,hotel,12.942027,77.691959,3.0,,,False,6.6,5.0,https://static.cupid.travel/hotels/ex_02785d6c_z.jpg,liteapi
lp6810c,La Sara Vista,hotel,13.014958,77.635753,3.0,,,False,6.6,5.0,https://static.cupid.travel/hotels/ex_f0d52981_z.jpg,liteapi
lp656dc371,B SIX HOTEL AND LODGE,hotel,12.959455,77.580569,3.0,,,False,7.0,2.0,https://static.cupid.travel/hotels/ex_fb63e816_z.jpg,liteapi
lp10181f,Treebo Trend White MG,hotel,12.97805,77.61771,3.0,,,False,7.0,2.0,https://static.cupid.travel/hotels/ex_56118ef1_z.jpg,liteapi
lp6556fb10,Treebo Saga Apartment,hotel,12.992,77.55774,3.0,,,False,7.0,2.0,https://static.cupid.travel/hotels/233950907.jpg,liteapi
lp65754567,Via Golden Grand Inn,hotel,12.905702,77.500283,3.0,,,False,6.2,10.0,https://static.cupid.travel/hotels/580603377.jpg,liteapi
lp655b9f97,Kings Palace Manyata,hotel,13.061589,77.62403,3.0,,,False,6.3,48.0,https://static.cupid.travel/hotels/466668940.jpg,liteapi
lp65828bfa,Panchvati Comforts,hotel,12.8934,77.558472,3.0,,,False,6.8,3.0,https://static.cupid.travel/hotels/ex_af5ed881_z.jpg,liteapi
lp655ad13f,Mulberry Inn,hotel,12.978782,77.577413,2.0,,,False,6.8,20.0,https://static.cupid.travel/hotels/357964080.jpg,liteapi
lp881eb,MySpace Hotels Silverstar,hotel,12.979164,77.578991,3.0,,,False,7.1,98.0,https://static.cupid.travel/hotels/225385564.jpg,liteapi
lpceddb,Hotel O Aaira Inn,hotel,13.008922,77.642604,4.0,,,False,5.2,55.0,https://static.cupid.travel/hotels/565326152.jpg,liteapi
lp655b9fdd,MyWorkStay BTM,hotel,12.917127,77.615262,3.0,,,False,6.1,62.0,https://static.cupid.travel/hotels/288270693.jpg,liteapi
lp657c603f,Via Rithun Residency - Jayanagar Anjaneyaswamy Temple,hotel,12.916898,77.596073,3.0,,,False,5.5,32.0,https://static.cupid.travel/hotels/522249377.jpg,liteapi
lp65824b18,Iris Comforts Sharing service apartment,hotel,12.887093,77.594283,,,,False,5.8,18.0,https://static.cupid.travel/hotels/391595068.jpg,liteapi
lpa83a5,FabHotel 4 Seasons Silk Board,hotel,12.917778,77.624129,3.0,,,False,6.7,3.0,https://static.cupid.travel/hotels/ex_e0b92ec1_z.jpg,liteapi
lp655ac9a4,Hotel O Pallavi Nilayam,hotel,12.87283,77.64586,4.0,,,False,6.9,14.0,https://static.cupid.travel/hotels/588872989.jpg,liteapi
lp656bcdb2,Tea Harbour,hotel,12.915364,77.698437,3.0,,,False,6.0,2.0,https://static.cupid.travel/hotels/ex_f2e7837f_z.jpg,liteapi
lp656bc324,"Treebo Nandi Comforts, Peenya",hotel,13.006096,77.505134,3.0,,,False,5.4,36.0,https://static.cupid.travel/hotels/525575682.jpg,liteapi
lp657b05a9,Hotel O Karanji Comforts,hotel,12.90364,77.5143,3.0,,,False,6.1,9.0,https://static.cupid.travel/hotels/582712243.jpg,liteapi
lpe0b1b,FabHotel Rekha Residency Rajajinagar,hotel,12.988663,77.547557,3.0,,,False,6.4,5.0,https://static.cupid.travel/hotels/ex_756917e1_z.jpg,liteapi
lp65768688,V R RESIDENCY,hotel,13.03507,77.62999,3.0,,,False,6.4,5.0,https://static.cupid.travel/hotels/401774982.jpg,liteapi
lp6e16c,Sri Krishna Suites,hotel,12.922577,77.675445,3.0,,,False,6.5,4.0,https://static.cupid.travel/hotels/ex_0efeebfa_z.jpg,liteapi
lp6559eb63,Seasons Suites JP Nagar,hotel,12.904384,77.594817,3.0,,,False,5.7,119.0,https://static.cupid.travel/hotels/420540484.jpg,liteapi
lp6556ee73,Hotel GS Komforts,hotel,13.066383,77.596378,3.0,,,False,7.0,,https://static.cupid.travel/hotels/ex_70e62be3_z.jpg,liteapi
lp656c36c9,Olive Hotel MG Road Dunsvirk Inn by Embassy Group,hotel,12.976203,77.602712,3.0,,,False,6.6,3.0,https://static.cupid.travel/hotels/ex_c7c12fc0_z.jpg,liteapi
lp657df02b,Hotel Plaza Heights,hotel,12.926987,77.616007,3.0,,,False,5.6,22.0,https://static.cupid.travel/hotels/321510627.jpg,liteapi
lp6582ff83,Adithi Adithya,hotel,12.9365,77.62442,,,,False,7.0,1.0,https://static.cupid.travel/hotels/592584728.jpg,liteapi
lp6575e6d2,3bhk villa at koramangala,hotel,12.93736,77.61203,,,,False,7.0,1.0,https://static.cupid.travel/hotels/614802251.jpg,liteapi
lpa9418,I V Sanctum Hotel,hotel,12.97955,77.57665,3.0,,,False,7.0,1.0,https://static.cupid.travel/hotels/ex_e6556dea_z.jpg,liteapi
lp6582a7f9,Relaxinn Service Apartments,hotel,12.980134,77.628829,,,,False,7.0,3.0,https://static.cupid.travel/hotels/573183174.jpg,liteapi
lp65826410,Signature Inn,hotel,12.992179,77.65942,3.0,,,False,7.0,1.0,https://static.cupid.travel/hotels/ex_w1080h606x0y1-334fe27b_z.jpg,liteapi
lp3dc79,Olive Palace Road - by Embassy Group,hotel,12.9992,77.58324,3.0,,,False,7.0,1.0,https://static.cupid.travel/hotels/513716224.jpg,liteapi
lp6582d2f9,Highland Hotel,hotel,13.067245,77.504421,3.0,,,False,7.0,1.0,https://static.cupid.travel/hotels/ex_77fe8ffc_z.jpg,liteapi
lpc8612,OYO Sai Ram Residency,hotel,12.97152,77.58138,3.0,,,False,5.4,26.0,https://snaphotelapi.com/hotels/512533878.jpg,liteapi
lp325b4d,Super OYO Townhouse 159 Sarjapur Ace Hotel,hotel,12.91163,77.69814,4.0,,,False,4.9,61.0,https://snaphotelapi.com/hotels/463464091.jpg,liteapi
lpcdba1,Hotel Ganga Sagar Koramangala Near Nexus mall,hotel,12.944533,77.620129,3.0,,,False,3.7,7.0,https://static.cupid.travel/hotels/435378290.jpg,liteapi
lp5abe6,Hotel Trinity Isle,hotel,12.988863,77.573754,3.0,,,False,6.4,4.0,https://static.cupid.travel/hotels/ex_aaa7dabf_z.jpg,liteapi
lp655ad547,Brahma Inn,hotel,12.894823,77.59862,2.0,,,False,6.7,16.0,https://static.cupid.travel/hotels/247595413.jpg,liteapi
lp655a76ee,Capital O Elegant Amethyst Business Hotel Near Ragigudda Sri Prasanna Anjaneyaswamy Temple,hotel,12.920039,77.583472,3.0,,,False,5.2,205.0,https://static.cupid.travel/hotels/389583689.jpg,liteapi
lp658093cb,ZEKE HOTELS,hotel,13.032844,77.640038,2.0,,,False,5.4,30.0,https://static.cupid.travel/hotels/502828424.jpg,liteapi
lpd9d9e,OYO 2561 Hotel Resida Service Apartments,hotel,12.9613,77.64549,2.0,,,False,6.6,2.0,https://static.cupid.travel/hotels/ex_a0782a3e_z.jpg,liteapi
lp6567ece1,Home Suite Rooms,hotel,13.028334,77.588612,,,,False,6.6,18.0,https://static.cupid.travel/hotels/563158657.jpg,liteapi
lp655a1192,Vega Residency,hotel,13.055375,77.60136,,,,False,6.8,13.0,https://static.cupid.travel/hotels/45493993.jpg,liteapi
lp655b13d0,Hotel Royal Residence HSR Layout,hotel,12.90785,77.64371,2.0,,,False,6.3,26.0,https://static.cupid.travel/hotels/469359590.jpg,liteapi
lp6574a335,Hotel O V R Residency Near Sri Amruth Chithra Mandira,hotel,13.035103,77.630145,4.0,,,False,5.0,43.0,https://static.cupid.travel/hotels/592686707.jpg,liteapi
lp657fd836,The Nisarga Residency,hotel,13.058351,77.504894,,,,False,6.3,9.0,https://static.cupid.travel/hotels/537433825.jpg,liteapi
lp54865,Hotel Komfort Terraces,hotel,12.975109,77.607178,3.0,,,False,6.6,2.0,https://static.cupid.travel/hotels/ex_ae0a56a9_z.jpg,liteapi
lp656e2a03,Hotel O U.G. Grand,hotel,12.96094,77.50719,4.0,,,False,5.4,30.0,https://static.cupid.travel/hotels/528644211.jpg,liteapi
lp655977dd,Falcon Suites Residency Road,hotel,12.9723,77.6092,,,,False,6.7,12.0,https://snaphotelapi.com/hotels/171744427.jpg,liteapi
lp656f3a55,Hotel O Local Colive & Work | Hegde Nagar,hotel,13.07328,77.62653,4.0,,,False,5.8,10.0,https://static.cupid.travel/hotels/556809377.jpg,liteapi
lpc8692,Hotel Telehaus International,hotel,12.959236,77.593696,3.0,,,False,5.4,21.0,https://static.cupid.travel/hotels/556442257.jpg,liteapi
lp6af3b,Elegant Guest House,hotel,13.010626,77.595072,3.0,,,False,5.4,20.0,https://static.cupid.travel/hotels/ex_480dbe0e_z.jpg,liteapi
lp65788c1f,Collection O Local Square Karle Town,hotel,13.052971,77.612654,4.0,,,False,5.9,9.0,https://static.cupid.travel/hotels/545083675.jpg,liteapi
lp65759667,Capital O Safari Rooms Near Snow City,hotel,13.023016,77.61055,3.0,,,False,5.3,24.0,https://static.cupid.travel/hotels/599081044.jpg,liteapi
lp65799a5d,Falcon Suites Indira Nagar New,hotel,12.974045,77.635157,,,,False,6.0,6.0,https://static.cupid.travel/hotels/432833931.jpg,liteapi
lp655ad138,Super Collection O Kalyan Nagar Formerly Prime Square,hotel,13.031375,77.627919,3.0,,,False,5.9,42.0,https://static.cupid.travel/hotels/516256149.jpg,liteapi
lp657c9ed1,Collection O Royal Comfort,hotel,13.02316,77.55671,3.0,,,False,4.9,41.0,https://static.cupid.travel/hotels/618989953.jpg,liteapi
lp65808c39,"Catalyst Suites,Domlur",hotel,12.955089,77.64285,3.0,,,False,6.3,4.0,https://static.cupid.travel/hotels/450207780.jpg,liteapi
lp658217a0,TOT Residency,hotel,12.97589,77.57564,3.0,,,False,6.3,3.0,https://static.cupid.travel/hotels/607098059.jpg,liteapi
lp6555998a,Golden Metro Hotel,hotel,12.986272,77.572347,3.0,,,False,6.0,3.0,https://static.cupid.travel/hotels/ex_1ad2ccb3_z.jpg,liteapi
lp6edd8,Hotel Basant Residency,hotel,12.977494,77.577764,3.0,,,False,6.0,5.0,https://static.cupid.travel/hotels/ex_4c0ba8aa_z.jpg,liteapi
lp4ec87,The Chevron Hotel,hotel,12.983588,77.594285,3.0,,,False,6.0,5.0,https://static.cupid.travel/hotels/ex_w537h251x7y5-442920db_z.jpg,liteapi
lp4b117,Jayamahal Palace Hotel,hotel,12.996305,77.596348,3.0,,,False,6.0,5.0,https://static.cupid.travel/hotels/ex_w3264h2392x0y56-15fc7fed_z.jpg,liteapi
lp87b41,OYO 894 Apartment Hotel 510 Chetana,hotel,12.91384,77.64113,3.0,,,False,6.4,2.0,https://static.cupid.travel/hotels/ex_45d8aad3_z.jpg,liteapi
lp65557a67,Manpho Bell Hotel & Convention Center,hotel,12.976548,77.570522,3.0,,,False,6.4,2.0,https://static.cupid.travel/hotels/ex_7f6fe114_z.jpg,liteapi
lp655a845d,Super Hotel O Archana Inn,hotel,12.957726,77.582446,2.0,,,False,5.5,72.0,https://static.cupid.travel/hotels/441291991.jpg,liteapi
lp4e8a2,Hotel T.A.P Paradise,hotel,12.971865,77.580665,2.0,,,False,5.2,20.0,https://static.cupid.travel/hotels/ex_785cb825_z.jpg,liteapi
lp655a6e5a,Via Shreyas Inn,hotel,12.925052,77.694577,3.0,,,False,5.6,58.0,https://static.cupid.travel/hotels/558638670.jpg,liteapi
lpa7248,Octave Jamayca Hotel,hotel,13.026382,77.639609,3.0,,,False,,158.0,https://static.cupid.travel/hotels/284372887.jpg,liteapi
lp6557f32a,Hotel Jagadish International-Sankey Road,hotel,12.997577,77.584241,4.0,,,False,4.7,49.0,https://static.cupid.travel/hotels/322415172.jpg,liteapi
lp6559027f,HOTEL O CRESCENT SHINE,hotel,12.87395,77.64589,3.0,,,False,,,https://static.cupid.travel/hotels/602605905.jpg,liteapi
lpa7bb8,Ramee Strand Inn Hotel,hotel,12.879278,77.646272,3.0,,,False,7.0,,https://static.cupid.travel/hotels/ex_cdedd85f_z.jpg,liteapi
lp65575c7e,"Lovely 2-bed Apartment in HSR Layout, Bengaluru",hotel,12.91087,77.64427,3.0,,,False,7.0,,https://static.cupid.travel/hotels/ex_7c841fe7_z.jpg,liteapi
lp65578c98,"Lovely 2 BHK Flat @ HSR Layout, Bangalore",hotel,12.911227,77.644275,3.0,,,False,7.0,,https://static.cupid.travel/hotels/ex_59ba379c_z.jpg,liteapi
lp6555c6cd,Olivia Inn And Suites,hotel,12.924041,77.618208,2.0,,,False,7.0,,https://static.cupid.travel/hotels/ex_299e751c_z.jpg,liteapi
lp656dbd85,Tea pavilion,hotel,12.934204,77.617275,3.0,,,False,7.0,,https://static.cupid.travel/hotels/ex_6aa78637_z.jpg,liteapi
lp9a363,Hotel Ballal Residency,hotel,12.971427,77.608311,3.0,,,False,7.0,,https://static.cupid.travel/hotels/ex_d4964950_z.jpg,liteapi
lp6556d80f,Pleasant Boulevard MG Road,hotel,12.976099,77.617505,3.0,,,False,7.0,,https://static.cupid.travel/hotels/ex_bbd484b0_z.jpg,liteapi
lp65798dde,Lords MidTown Suites Bangalore,hotel,12.978593,77.696865,3.0,,,False,7.0,,https://static.cupid.travel/hotels/ex_eeba5e4f_z.jpg,liteapi
lpc85e4,Crest Hotel,hotel,12.986,77.7001,3.0,,,False,7.0,,https://static.cupid.travel/hotels/ex_48d8d63f_z.jpg,liteapi
lp65863c11,Seasons Suites HBR,hotel,13.026207,77.624811,3.0,,,False,7.0,,https://static.cupid.travel/hotels/ex_df845126_z.jpg,liteapi
lp65756727,Vin Hotels & Service Apartments Manyata Tech Park,hotel,13.030805,77.629806,3.0,,,False,7.0,,https://static.cupid.travel/hotels/ex_1215c9e6_z.jpg,liteapi
lp6558988e,White Lotus By Orbit Hotels,hotel,13.03772,77.617138,3.0,,,False,7.0,,https://static.cupid.travel/hotels/ex_8864aa5f_z.jpg,liteapi
lp65797d55,LUTINO HOMES opposite to D Mart Ramurthynagar,hotel,13.011929,77.667626,4.0,,,False,5.2,20.0,https://static.cupid.travel/hotels/521057285.jpg,liteapi
lp22604f,Capital O 36457 Boulevard Madiwala,hotel,12.926339,77.614731,3.0,,,False,6.0,4.0,https://static.cupid.travel/hotels/ex_715fc88b_z.jpg,liteapi
lp657b6b5f,Lavish residency near to Rammurthynagar main road,hotel,13.01215,77.66764,5.0,,,False,6.0,4.0,https://static.cupid.travel/hotels/600420483.jpg,liteapi
lp65849388,Bangalore Residency,hotel,13.02207,77.55364,5.0,,,False,5.3,15.0,https://static.cupid.travel/hotels/521010565.jpg,liteapi
lp440bc,Southernstar Bangalore,hotel,12.97474,77.599469,3.0,,,False,5.8,5.0,https://static.cupid.travel/hotels/ex_124b9506_z.jpg,liteapi
lp78cbb,Istay Hotels Rajajinagar,hotel,12.998999,77.545275,3.0,,,False,5.8,5.0,https://static.cupid.travel/hotels/ex_bc0b538b_z.jpg,liteapi
lp657bc172,The Prime Hotel by Silicon Hearth,hotel,13.021754,77.650518,4.0,,,False,5.8,7.0,https://static.cupid.travel/hotels/459877931.jpg,liteapi
lpe1890,OYO Varcity Park Near Ragigudda Sri Prasanna Anjaneyaswamy Temple,hotel,12.92701,77.61606,3.0,,,False,4.7,34.0,https://static.cupid.travel/hotels/463380667.jpg,liteapi
lp4f6d6,Hotel VT Paradise,hotel,12.96573,77.589612,3.0,,,False,6.0,3.0,https://static.cupid.travel/hotels/ex_41146cc9_z.jpg,liteapi
lp212e77,Veekay Lodge,hotel,13.023008,77.552713,3.0,,,False,6.0,3.0,https://static.cupid.travel/hotels/ex_a337187a_z.jpg,liteapi
lp656c24c6,Felix Inn - Manyata Tech Park,hotel,13.061995,77.624423,3.0,,,False,6.0,3.0,https://static.cupid.travel/hotels/ex_0a1a6ae0_z.jpg,liteapi
lpced60,Hotel O Shree Mookambika Guest House Near Sri Someshwara Swami Temple,hotel,12.945023,77.618235,3.0,,,False,4.3,66.0,https://static.cupid.travel/hotels/495296584.jpg,liteapi
lp657280a8,FabHotel Green Wood 5,hotel,12.95282,77.63998,3.0,,,False,5.5,8.0,https://static.cupid.travel/hotels/613876115.jpg,liteapi
lp6567f1b4,Royal Guest Inn HSR Layout,hotel,12.908548,77.642179,3.0,,,False,5.2,81.0,https://static.cupid.travel/hotels/399780681.jpg,liteapi
lpa0dcd,Fabhotel Corporate Crown,hotel,12.934719,77.617795,3.0,,,False,6.0,1.0,https://static.cupid.travel/hotels/ex_15095865_z.jpg,liteapi
lp65807496,Silicon Hearth Service Apartments,hotel,12.990722,77.660836,3.0,,,False,5.4,9.0,https://static.cupid.travel/hotels/561278681.jpg,liteapi
lp655b9fac,Star Bliss Plaza,hotel,12.934853,77.589941,3.0,,,False,6.6,8.0,https://static.cupid.travel/hotels/324805718.jpg,liteapi
lp6575aff4,Mann Pasand Inn Feel the Luxury,hotel,13.036889,77.617968,4.0,,,False,5.6,6.0,https://static.cupid.travel/hotels/584617709.jpg,liteapi
lp65771560,The Park Slope Hotel,hotel,12.943626,77.58316,4.0,,,False,5.7,6.0,https://static.cupid.travel/hotels/39081815.jpg,liteapi
lp655a839f,THE GRAND CORAL,hotel,13.00092,77.549778,3.0,,,False,5.6,33.0,https://static.cupid.travel/hotels/283618658.jpg,liteapi
lp657b20f2,Hotel O Unique Shravanya Comforts & Lodge,hotel,12.884771,77.612532,3.0,,,False,6.0,2.0,https://static.cupid.travel/hotels/616507384.jpg,liteapi
lp65866d54,Elmas Suites - Bellandur,hotel,12.929522,77.683225,3.0,,,False,6.0,2.0,https://static.cupid.travel/hotels/ex_418593e8_z.jpg,liteapi
lp656bc0e7,Olive Zip Koramangala 4th Block by Embassy Group,hotel,12.934771,77.628569,2.0,,,False,6.0,2.0,https://static.cupid.travel/hotels/ex_dc580bd1_z.jpg,liteapi
lp1c6950,Amber Inn,hotel,12.9694,77.6478,3.0,,,False,6.0,2.0,https://static.cupid.travel/hotels/ex_e868a020_z.jpg,liteapi
lp655825c9,Hotel City Meridian,hotel,12.970342,77.573876,2.0,,,False,6.0,2.0,https://static.cupid.travel/hotels/ex_fd6f7a56_z.jpg,liteapi
lpc862e,Bluemoon Grand,hotel,12.974522,77.651919,3.0,,,False,6.0,2.0,https://static.cupid.travel/hotels/ex_2e543ec1_z.jpg,liteapi
lpeebd2,HLV Grand Inn,hotel,12.97837,77.57622,3.0,,,False,6.0,2.0,https://static.cupid.travel/hotels/ex_11725ad0_z.jpg,liteapi
lpe614c,OYO 10821 Sree Balaji Residency,hotel,12.981347,77.542799,2.0,,,False,6.0,2.0,https://static.cupid.travel/hotels/ex_61af2c31_z.jpg,liteapi
lpc861b,Hotel O Golden Inn Near Cubbon Park,hotel,12.98705,77.60436,3.0,,,False,6.0,2.0,https://static.cupid.travel/hotels/412031934.jpg,liteapi
lpe435b,Vajra Heritage,hotel,12.98785,77.55533,3.0,,,False,6.0,2.0,https://static.cupid.travel/hotels/ex_39b8dc83_z.jpg,liteapi
lp656c3509,Eiffel Suites,hotel,13.01837,77.635928,2.0,,,False,6.0,2.0,https://static.cupid.travel/hotels/ex_edefcecf_z.jpg,liteapi
lp767e3,Shoba Inn,hotel,13.022357,77.638288,2.0,,,False,6.0,2.0,https://static.cupid.travel/hotels/ex_f7155124_z.jpg,liteapi
lp6587a159,The Quarters Business Hotel,hotel,13.024509,77.548615,3.0,,,False,6.0,2.0,https://static.cupid.travel/hotels/ex_bbfd2ef3_z.jpg,liteapi
lp657605cc,Hotel Olive Leave's,hotel,13.07161,77.50682,2.0,,,False,6.0,2.0,https://static.cupid.travel/hotels/612413783.jpg,liteapi
lp656c3914,Fabhotel The Rs Suites,hotel,12.917273,77.602966,3.0,,,False,6.0,,https://static.cupid.travel/hotels/ex_aa6b1c6c_z.jpg,liteapi
lp65587e2f,Treebo Elmas Grand,hotel,12.935363,77.613096,3.0,,,False,4.8,40.0,https://static.cupid.travel/hotels/394469095.jpg,liteapi
lp655a7a96,Capital O Elite Stay Jp Nagar Near SRI SATHYA GANAPATHI SHIRDI SAIBABA Temple,hotel,12.90244,77.58294,3.0,,,False,4.9,97.0,https://static.cupid.travel/hotels/408730408.jpg,liteapi
lp657578bc,Collection O Indian Music Museum Bangalore Formerly HKH Homes,hotel,12.880286,77.58842,3.0,,,False,4.2,53.0,https://static.cupid.travel/hotels/598516234.jpg,liteapi
lp65817010,Taeeba Lodge,hotel,12.988644,77.602743,,,,False,4.8,21.0,https://static.cupid.travel/hotels/601543549.jpg,liteapi
lp65746801,Shigaur Homes -Lovely 2BHK with Balcony Near Wipro Sarjapur Road,hotel,12.902261,77.683475,3.0,,,False,5.7,3.0,https://static.cupid.travel/hotels/536703578.jpg,liteapi
lp655b9fc3,WesternSuites Hotel & Spa,hotel,12.926376,77.676513,2.0,,,False,5.0,67.0,https://static.cupid.travel/hotels/370366413.jpg,liteapi
lp657b0327,Hotel O Balaji Residency,hotel,13.02651,77.66084,3.0,,,False,5.3,6.0,https://static.cupid.travel/hotels/617226447.jpg,liteapi
lp6575cd73,Hotel O Metro Inn Manyata,hotel,13.06186,77.62328,4.0,,,False,5.3,7.0,https://static.cupid.travel/hotels/594071811.jpg,liteapi
lp655b9f6d,Collection O Executive Stays Basapura,hotel,12.86492,77.64814,3.0,,,False,5.3,35.0,https://static.cupid.travel/hotels/516524471.jpg,liteapi
lp6585ff1b,Atmosfera,hotel,12.88483,77.500821,3.0,,,False,6.0,1.0,https://static.cupid.travel/hotels/ex_620afd7a_z.jpg,liteapi
lpfd325,Hotel Crystal Castle,hotel,12.90353,77.58584,4.0,,,False,6.0,1.0,https://static.cupid.travel/hotels/ex_d9651dda_z.jpg,liteapi
lp657adf34,Royal Platinum Suites,hotel,12.904635,77.645327,,,,False,6.0,3.0,https://static.cupid.travel/hotels/621161137.jpg,liteapi
lp657a9b97,Wandr Alberia HSR Layout,hotel,12.9054,77.64276,,,,False,6.0,1.0,https://static.cupid.travel/hotels/583364806.jpg,liteapi
lp6585b138,Sleepover,hotel,12.911395,77.676299,3.0,,,False,6.0,1.0,https://static.cupid.travel/hotels/ex_ccb01faa_z.jpg,liteapi
lpeae51,The Ambient Turrent,hotel,12.91474,77.59882,3.0,,,False,6.0,1.0,https://static.cupid.travel/hotels/ex_8cb3d00d_z.jpg,liteapi
lpaa1d4,Orel Inn Bangalore,hotel,12.91745,77.61253,3.0,,,False,6.0,1.0,https://static.cupid.travel/hotels/ex_03923482_z.jpg,liteapi
lp6585b32f,NAMASTAY,hotel,12.91971,77.6686,3.0,,,False,6.0,1.0,https://static.cupid.travel/hotels/ex_5ffd3a22_z.jpg,liteapi
lp657209a1,Galaxy 4th Block by Red Olive 2BHK Jayanagar,hotel,12.921573,77.58607,3.0,,,False,6.0,1.0,https://static.cupid.travel/hotels/573167228.jpg,liteapi
lp186656,OYO 15695 Varcity Comforts,hotel,12.925861,77.615278,3.0,,,False,6.0,1.0,https://static.cupid.travel/hotels/ex_a76a17da_z.jpg,liteapi
lp65863aed,Via La Palma Residency,hotel,12.928043,77.687435,3.0,,,False,6.0,1.0,https://static.cupid.travel/hotels/ex_b495958a_z.jpg,liteapi
lp74672,Treebo Savoury Sea Shell Residency,hotel,12.931052,77.600975,3.0,,,False,6.5,212.0,https://static.cupid.travel/hotels/297441140.jpg,liteapi
lpbe159,Treebo Live Inn Castle,hotel,12.933335,77.61041,3.0,,,False,6.0,1.0,https://static.cupid.travel/hotels/ex_332f4767_z.jpg,liteapi
lp656c20d3,Fabhotel Crown Suites,hotel,12.93847,77.62527,3.0,,,False,6.0,1.0,https://static.cupid.travel/hotels/ex_22b529d1_z.jpg,liteapi
lp18d918,Hotel SLN Comforts,hotel,12.944625,77.563151,3.0,,,False,6.0,1.0,https://static.cupid.travel/hotels/ex_da8ad53f_z.jpg,liteapi
lp81a1e,Victoria Heights,hotel,12.964839,77.612741,3.0,,,False,6.0,1.0,https://static.cupid.travel/hotels/ex_e81e35b2_z.jpg,liteapi
lp1ef30b,Luxury Apartment in Indiranagar,hotel,12.974074,77.640768,3.0,,,False,6.0,1.0,https://static.cupid.travel/hotels/ex_c6c6de3f_z.jpg,liteapi
lp65864509,HZ Bangalore Stories,hotel,12.991382,77.574854,3.0,,,False,6.0,1.0,https://static.cupid.travel/hotels/ex_d40ff98f_z.jpg,liteapi
lp656bd36a,Olive Hotel Palace Road by Embassy Group,hotel,12.998581,77.582403,2.0,,,False,6.0,1.0,https://static.cupid.travel/hotels/ex_d60cda05_z.jpg,liteapi
lp656c2863,Fabhotel Champion Residency,hotel,13.01144,77.698003,3.0,,,False,6.0,1.0,https://static.cupid.travel/hotels/ex_w3029h2019x0y0-96685bb5_z.jpg,liteapi
lp18e456,Hotel The Shack,hotel,13.011518,77.673669,3.0,,,False,6.0,1.0,https://static.cupid.travel/hotels/ex_f4ffa486_z.jpg,liteapi
lp658828a5,F HOTELS,hotel,13.030651,77.562003,2.0,,,False,6.0,1.0,https://static.cupid.travel/hotels/ex_9d6d0083_z.jpg,liteapi
lp6557b210,The Green Path,hotel,13.030723,77.571005,2.0,,,False,6.0,1.0,https://static.cupid.travel/hotels/ex_2093db4c_z.jpg,liteapi
lpf9fa3,OYO 15776 V R Residency,hotel,13.035103,77.630145,2.0,,,False,6.0,1.0,https://static.cupid.travel/hotels/ex_37138b82_z.jpg,liteapi
lp658740c3,Aura Corporate Suites,hotel,13.052328,77.621059,3.0,,,False,6.0,1.0,https://static.cupid.travel/hotels/ex_309849b9_z.jpg,liteapi
lp6585fc90,Hotel HILL Valley,hotel,13.067082,77.50191,3.0,,,False,6.0,1.0,https://static.cupid.travel/hotels/ex_747032b7_z.jpg,liteapi
lp657ed9e4,Sree Lakshmi Comfort,hotel,13.07391,77.51832,2.0,,,False,4.6,19.0,https://static.cupid.travel/hotels/497642182.jpg,liteapi
lp655b9fe1,Hotel Urban Jade,hotel,12.974585,77.656463,4.0,,,False,5.2,35.0,https://static.cupid.travel/hotels/332417613.jpg,liteapi
lp6573e04a,Hotel O Pride Inn,hotel,12.902692,77.63289,4.0,,,False,4.3,29.0,https://static.cupid.travel/hotels/442916426.jpg,liteapi
lp6573a9e0,Pool view 1BHK near Mall of Asia,hotel,13.059789,77.593337,,,,False,5.2,5.0,https://static.cupid.travel/hotels/583881330.jpg,liteapi
lp655b9f73,S M RESIDENCY HOTEL,hotel,13.060779,77.628669,,,,False,6.3,5.0,https://static.cupid.travel/hotels/487528113.jpg,liteapi
lp6574ef42,Spacious 1bhk next to Aster Hospital,hotel,13.06838,77.59024,,,,False,5.3,4.0,https://static.cupid.travel/hotels/536895343.jpg,liteapi
lp65588d0b,Hotel InTourist by Agira Hotel,hotel,12.926242,77.615521,2.0,,,False,9.2,10.0,https://static.cupid.travel/hotels/388671628.jpg,liteapi
lp655b9f4d,Grand Choice,hotel,12.926673,77.615896,1.0,,,False,4.8,65.0,https://static.cupid.travel/hotels/286357082.jpg,liteapi
lp65599c97,FabHotel Cozzy Inn - Jayanagar,hotel,12.928567,77.597573,3.0,,,False,6.8,1.0,https://static.cupid.travel/hotels/318877257.jpg,liteapi
lpb4763,Sri Balaji Paradise,hotel,12.977691,77.575191,3.0,,,False,5.2,4.0,https://static.cupid.travel/hotels/ex_b8351756_z.jpg,liteapi
lp6575c488,Spacious 2bhk near Hebbal,hotel,13.01993,77.59298,,,,False,5.5,2.0,https://static.cupid.travel/hotels/600704146.jpg,liteapi
lp657690e0,Octave Hotel Sai Shine Inn,hotel,12.956215,77.651406,3.0,,,False,5.3,3.0,https://static.cupid.travel/hotels/585906649.jpg,liteapi
lp4f6ba,Hotel City Centaur,hotel,12.974897,77.570328,3.0,,,False,5.0,5.0,https://static.cupid.travel/hotels/ex_552a47c6_z.jpg,liteapi
lp655ad121,S K RESIDENCY,hotel,12.929689,77.633977,1.0,,,False,4.9,37.0,https://static.cupid.travel/hotels/370826388.jpg,liteapi
lpb6c06,FabHotel High Rise Suites,hotel,12.948413,77.698926,3.0,,,False,5.2,3.0,https://static.cupid.travel/hotels/ex_2a53f685_z.jpg,liteapi
lp1c61e4,Open Hotel by Olive - A1 Suites,hotel,13.01274,77.65071,4.0,,,False,4.7,22.0,https://static.cupid.travel/hotels/492871632.jpg,liteapi
lp6557540a,The Liverpool Blue Hotel,hotel,12.942944,77.698261,4.0,,,False,5.6,1.0,https://static.cupid.travel/hotels/ex_1eb2d6f0_z.jpg,liteapi
lpacb65,HM Suites & Studios Bangalore,hotel,12.96923,77.60085,4.0,,,False,5.6,1.0,https://static.cupid.travel/hotels/ex_348040b2_z.jpg,liteapi
lp657921a9,FabHotel KSP Kings Inn,hotel,12.867945,77.651101,3.0,,,False,6.0,,https://static.cupid.travel/hotels/ex_5720e893_z.jpg,liteapi
lp65864459,Fabhotel Prime The Vintage Inn,hotel,12.870899,77.65939,3.0,,,False,6.0,,https://static.cupid.travel/hotels/ex_f5657044_z.jpg,liteapi
lp656bd704,Fabexpress Symphony Suites,hotel,12.880148,77.599381,3.0,,,False,6.0,,https://static.cupid.travel/hotels/ex_74cef7ad_z.jpg,liteapi
lp65571e3b,Treebo Tryst La Prosperite,hotel,12.880775,77.610169,3.0,,,False,6.0,,https://static.cupid.travel/hotels/ex_4aee0d79_z.jpg,liteapi
lp656bd177,FabHotel BNS Comforts,hotel,12.884334,77.604146,3.0,,,False,6.0,,https://static.cupid.travel/hotels/ex_w3030h2017x0y2-5238c1a6_z.jpg,liteapi
lp6558204c,Hotel BV Colours By Rivido,hotel,12.885215,77.626769,3.0,,,False,6.0,,https://static.cupid.travel/hotels/ex_52c1415c_z.jpg,liteapi
lp6585bb01,FabHotel Classic Heights - Near Yelahanka Railway Station,hotel,12.895822,77.59722,3.0,,,False,6.0,,https://static.cupid.travel/hotels/ex_3cd93a10_z.jpg,liteapi
lp656bc59c,FabHotel Upstream Sarjapur,hotel,12.898939,77.676229,3.0,,,False,6.0,,https://static.cupid.travel/hotels/ex_988495cf_z.jpg,liteapi
lp332807,FabHotel French International,hotel,12.899044,77.60529,3.0,,,False,6.0,,https://static.cupid.travel/hotels/ex_15a8f770_z.jpg,liteapi
lp656c2af6,FabHotel Manyu Inn,hotel,12.900334,77.656752,3.0,,,False,6.0,,https://static.cupid.travel/hotels/ex_w3030h2014x0y0-166e809c_z.jpg,liteapi
lpecece,OYO 7846 Hotel The Prince Gardenia,hotel,12.90363,77.51398,3.0,,,False,6.0,,https://static.cupid.travel/hotels/ex_f5243eeb_z.jpg,liteapi
lp65863370,Hotel Prime Bliss RR Nagar,hotel,12.903952,77.508613,3.0,,,False,6.0,,https://static.cupid.travel/hotels/ex_58dac01d_z.jpg,liteapi
lp6585dbcf,SSN HomeStays in Bangalore Near La Casa,hotel,12.904228,77.679215,3.0,,,False,6.0,,https://static.cupid.travel/hotels/ex_41681021_z.jpg,liteapi
lp656c313e,Regenta Inn Bannerghatta Bangalore,hotel,12.905549,77.603078,3.0,,,False,6.0,,https://static.cupid.travel/hotels/ex_a49bef5d_z.jpg,liteapi
lp656c3926,Fabhotel Gr Btm Layout,hotel,12.906836,77.612703,3.0,,,False,6.0,,https://static.cupid.travel/hotels/ex_w2993h1787x4y0-ef692588_z.jpg,liteapi
lp656dbd7e,Hotel PSR Executive Rooms by VINHOTELS,hotel,12.907385,77.68194,3.0,,,False,6.0,,https://static.cupid.travel/hotels/ex_cfa58ef3_z.jpg,liteapi
lp6578cd59,UPAR Hotels Nearby Bagmane Tech Park,hotel,12.907826,77.520004,3.0,,,False,6.0,,https://static.cupid.travel/hotels/ex_ea0bb714_z.jpg,liteapi
lp657fde8c,Fabhotel Seven Olives,hotel,12.90785,77.629969,3.0,,,False,6.0,,https://static.cupid.travel/hotels/ex_39b6032a_z.jpg,liteapi
lp655485d4,Aaccord Suites Inn,hotel,12.90895,77.60505,3.0,,,False,6.0,,https://static.cupid.travel/hotels/ex_e178f4ac_z.jpg,liteapi
lp6580dd46,Fabhotel Marella Suites,hotel,12.909173,77.5222,3.0,,,False,6.0,,https://static.cupid.travel/hotels/ex_2c077fbe_z.jpg,liteapi
lp6577a38e,"Treebo Galaxy Kings Suites, Hebbal",hotel,12.909605,77.639403,3.0,,,False,6.0,,https://static.cupid.travel/hotels/ex_e7ef39a2_z.jpg,liteapi
lp656bcee7,Fabhotel Ace I,hotel,12.911673,77.698029,3.0,,,False,6.0,,https://static.cupid.travel/hotels/ex_14dbd31f_z.jpg,liteapi
lp65867563,Moonlight Inn,hotel,12.91168,77.698162,3.0,,,False,6.0,,https://static.cupid.travel/hotels/ex_21c23237_z.jpg,liteapi
lp6585a587,Fabhotel Moonlight Inn,hotel,12.911824,77.697939,3.0,,,False,6.0,,https://static.cupid.travel/hotels/ex_81404f3a_z.jpg,liteapi
lp656c2e6c,FabHotel Oriental Suites III,hotel,12.913121,77.605715,3.0,,,False,6.0,,https://static.cupid.travel/hotels/ex_f4ab2d75_z.jpg,liteapi
lp657bc6bf,Fabhotel Sri Ram Comforts,hotel,12.914025,77.500604,3.0,,,False,6.0,,https://static.cupid.travel/hotels/ex_w3028h2018x0y1-1b2cbaeb_z.jpg,liteapi
lp65570ecc,"Treebo Sampradaya Bistro, Mailasandra",hotel,12.914985,77.500481,3.0,,,False,7.5,144.0,https://static.cupid.travel/hotels/285390771.jpg,liteapi
lp6554f900,Coffee Bean Inn,hotel,12.915052,77.64551,3.0,,,False,6.0,,https://static.cupid.travel/hotels/ex_516e44f6_z.jpg,liteapi
lp656bbf1d,Athasri Hotel HSR Layout,hotel,12.91514,77.64084,3.0,,,False,6.0,,https://static.cupid.travel/hotels/ex_960bac91_z.jpg,liteapi
lpe08b3,OM Residency,hotel,12.91559,77.58858,3.0,,,False,6.0,,https://static.cupid.travel/hotels/ex_8d6e06be_z.jpg,liteapi
lp656c2b09,Fabexpress Athasri Inn Hsr,hotel,12.915711,77.630937,3.0,,,False,6.0,,https://static.cupid.travel/hotels/ex_9f910843_z.jpg,liteapi
lp656c281d,FabHotel Emirates Suites,hotel,12.916331,77.66794,3.0,,,False,6.0,,https://static.cupid.travel/hotels/ex_8249d56e_z.jpg,liteapi
lp657ecee7,Fabhotel Hsr Gateway,hotel,12.917024,77.629405,3.0,,,False,6.0,,https://static.cupid.travel/hotels/ex_58c4fe09_z.jpg,liteapi
lp65868700,The City Nova Apartment Koramangla,hotel,12.920325,77.633123,,,,False,6.0,,https://static.cupid.travel/hotels/ex_daa06bed_z.jpg,liteapi
lp658672f7,Galaxy 4th Block by Red Olive,hotel,12.921573,77.58607,3.0,,,False,6.0,,https://static.cupid.travel/hotels/ex_288a0585_z.jpg,liteapi
lp65869197,The Nebula by Red Olive,hotel,12.921573,77.58607,3.0,,,False,6.0,,https://static.cupid.travel/hotels/ex_9b857cec_z.jpg,liteapi
lp6585b46b,Fabhotel Royal Comfort Madiwala,hotel,12.922604,77.61908,3.0,,,False,6.0,,https://static.cupid.travel/hotels/ex_w3029h2019x1y0-286241b7_z.jpg,liteapi
lp656c3069,Fabhotel Astra Haven,hotel,12.922801,77.651346,3.0,,,False,6.0,,https://static.cupid.travel/hotels/ex_35fcd75c_z.jpg,liteapi
lp19da91,Treebo Trend White Inn,hotel,12.9244,77.619566,3.0,,,False,6.0,,https://static.cupid.travel/hotels/ex_86aca7e2_z.jpg,liteapi
lp656da2b0,The Altruist Business Stays B-2,hotel,12.924592,77.674914,3.0,,,False,6.0,,https://static.cupid.travel/hotels/ex_254401f9_z.jpg,liteapi
lp658679ba,Hotel Paramos Meeds,hotel,12.925336,77.617207,3.0,,,False,6.0,,https://static.cupid.travel/hotels/ex_67ee2123_z.jpg,liteapi
lp6586405e,Royal Suites,hotel,12.925989,77.677754,3.0,,,False,6.0,,https://static.cupid.travel/hotels/ex_25a45fa5_z.jpg,liteapi
lp65860496,Fabhotel I Residency,hotel,12.926194,77.614742,3.0,,,False,6.0,,https://static.cupid.travel/hotels/ex_w2000h1332x0y0-13b50389_z.jpg,liteapi
lp6585b161,Open Hotel by Olive - Meet Me At,hotel,12.926749,77.638979,3.0,,,False,6.0,,https://static.cupid.travel/hotels/ex_8e128932_z.jpg,liteapi
lp6554cd2c,Jagadish hotel begur,hotel,12.92702,77.61579,3.0,,,False,6.0,,https://static.cupid.travel/hotels/ex_ac4cfa4d_z.jpg,liteapi
lp65813f9e,Fabhotel Century Gardens,hotel,12.927627,77.616018,3.0,,,False,6.0,,https://static.cupid.travel/hotels/ex_244757e7_z.jpg,liteapi
lp656bbecd,Fabhotel La Palma Suites,hotel,12.928182,77.687848,3.0,,,False,6.0,,https://static.cupid.travel/hotels/ex_d7e5e0e1_z.jpg,liteapi
lp656bd52d,Fabexpress 24 Plus,hotel,12.928415,77.599407,3.0,,,False,6.0,,https://static.cupid.travel/hotels/ex_22ecc94a_z.jpg,liteapi
lp656c36bd,Fabhotel Khb Tower,hotel,12.935849,77.621513,3.0,,,False,6.0,,https://static.cupid.travel/hotels/ex_9d1ef99b_z.jpg,liteapi
lp6585fab4,The Platinum Vista by Red Olive,hotel,12.936148,77.609935,,,,False,6.0,,https://static.cupid.travel/hotels/ex_3c06e5df_z.jpg,liteapi
lp656bbe41,Fabhotel Prime Zing Rooms,hotel,12.93783,77.699029,3.0,,,False,6.0,,https://static.cupid.travel/hotels/ex_7b86ff6b_z.jpg,liteapi
lp65867acc,AXON Bellandur by AXON Hotels,hotel,12.940005,77.694832,3.0,,,False,6.0,,https://static.cupid.travel/hotels/ex_b53ffa8f_z.jpg,liteapi
lp656c3905,Fabhotel Chaitanya,hotel,12.941861,77.697327,3.0,,,False,6.0,,https://static.cupid.travel/hotels/ex_86305ac8_z.jpg,liteapi
lp657934ea,Fabhotel Astra Berry'S,hotel,12.941885,77.697145,3.0,,,False,6.0,,https://static.cupid.travel/hotels/ex_78e1e2ab_z.jpg,liteapi
lp657e70a6,Regenta Inn Grand Koramangala,hotel,12.942669,77.617476,3.0,,,False,6.0,,https://static.cupid.travel/hotels/ex_35a6ee5c_z.jpg,liteapi
lp657e7796,FabHotel Prime Liverpool Blue,hotel,12.943029,77.698307,3.0,,,False,6.0,,https://static.cupid.travel/hotels/ex_de88403d_z.jpg,liteapi
lp10c99c,The Park Slope Hotel,hotel,12.94359,77.58337,3.0,,,False,6.0,,https://static.cupid.travel/hotels/ex_0afeed0e_z.jpg,liteapi
lp656c3bd7,Fabhotel Crown Residency,hotel,12.94476,77.58876,3.0,,,False,6.0,,https://static.cupid.travel/hotels/ex_b6805a54_z.jpg,liteapi
lp65867628,BNGV Grandeur Hotel & Banquets,hotel,12.945391,77.622288,3.0,,,False,6.0,,https://static.cupid.travel/hotels/ex_bf1c57a8_z.jpg,liteapi
lp6557db44,Hotel Empark,hotel,12.945639,77.595177,3.0,,,False,6.0,,https://static.cupid.travel/hotels/ex_6ea66c28_z.jpg,liteapi
lp1bffa4,Fabhotel Bns Lodge,hotel,12.946529,77.569886,3.0,,,False,6.0,,https://static.cupid.travel/hotels/ex_w3030h2013x0y0-926c08e9_z.jpg,liteapi
lp656bccd2,FabHotel JVH,hotel,12.947686,77.53097,3.0,,,False,6.0,,https://static.cupid.travel/hotels/ex_706df9de_z.jpg,liteapi
lp656c31b4,FabHotel Happy Home Stay,hotel,12.954955,77.649614,3.0,,,False,6.0,,https://static.cupid.travel/hotels/ex_323fa154_z.jpg,liteapi
lp6558eaaa,Catalyst Suites,hotel,12.955044,77.642847,3.0,,,False,6.0,,https://static.cupid.travel/hotels/ex_f5b67c2e_z.jpg,liteapi
lp657f7347,Fabhotel Ctc Gardenia Residency,hotel,12.956211,77.583932,3.0,,,False,6.0,,https://static.cupid.travel/hotels/ex_4cccdafa_z.jpg,liteapi
lp65863cd4,Fabhotel Cosmo Annora,hotel,12.956219,77.640978,3.0,,,False,6.0,,https://static.cupid.travel/hotels/ex_0803c2e0_z.jpg,liteapi
lp1b0e08,Sun International Hotel and Resorts,hotel,12.956322,77.580338,3.0,,,False,6.0,,https://static.cupid.travel/hotels/ex_7772a2fd_z.jpg,liteapi
lp656c393d,Fabhotel Nagarjuna Rise,hotel,12.956731,77.701591,3.0,,,False,6.0,,https://static.cupid.travel/hotels/ex_a99d3f5f_z.jpg,liteapi
lpc315d,Sanctum Suites Domlur Bangalore,hotel,12.956855,77.641946,3.0,,,False,6.0,,https://static.cupid.travel/hotels/ex_32f8940e_z.jpg,liteapi
lp656c393a,Treebo Seven Olives Hal,hotel,12.957353,77.662415,3.0,,,False,6.0,,https://static.cupid.travel/hotels/ex_3790f6fc_z.jpg,liteapi
lp65810f4d,Fabhotel Champion Grand,hotel,12.960351,77.510072,3.0,,,False,6.0,,https://static.cupid.travel/hotels/ex_4c93a49f_z.jpg,liteapi
lp6585eb50,Treebo Emirates Suites Indiranagar,hotel,12.960585,77.647113,3.0,,,False,6.0,,https://static.cupid.travel/hotels/ex_a69cf550_z.jpg,liteapi
lp656c362d,FabHotel Crystal Suites,hotel,12.962374,77.702148,3.0,,,False,6.0,,https://static.cupid.travel/hotels/ex_3206fc63_z.jpg,liteapi
lp1f3088,Elite Inn,hotel,12.965344,77.640137,3.0,,,False,6.0,,https://static.cupid.travel/hotels/ex_74042fa2_z.jpg,liteapi
lp65869035,Oriva Joven's Central - Brigade Road,hotel,12.966518,77.606857,3.0,,,False,6.0,,https://static.cupid.travel/hotels/ex_e6945b7c_z.jpg,liteapi
lp6586964d,Central Meridian by Stayjade,hotel,12.9677,77.60684,3.0,,,False,6.0,,https://static.cupid.travel/hotels/ex_2d1239f6_z.jpg,liteapi
lp65868111,The Cosmopolitan,hotel,12.968983,77.596964,3.0,,,False,6.0,,https://static.cupid.travel/hotels/ex_58918b8d_z.jpg,liteapi
lpc879d,Nexstay Rainbow Business Hotel,hotel,12.971112,77.605299,3.0,,,False,6.0,,https://static.cupid.travel/hotels/ex_e327fc91_z.jpg,liteapi
lp658695a1,Open Hotel by Olive - The Emerald Inn,hotel,12.972638,77.700616,3.0,,,False,6.0,,https://static.cupid.travel/hotels/ex_3dd37ae8_z.jpg,liteapi
lp32e8eb,Sri Kumara Lodge,hotel,12.973898,77.575558,,,,False,7.5,96.0,https://static.cupid.travel/hotels/211789548.jpg,liteapi
lp656bc2f6,Fabexpress The Trinity Woods,hotel,12.974068,77.623506,3.0,,,False,6.0,,https://static.cupid.travel/hotels/ex_62b62ea0_z.jpg,liteapi
lp6585c65d,SHREE ADIGA RESIDENCY,hotel,12.975112,77.578897,3.0,,,False,6.0,,https://static.cupid.travel/hotels/ex_4585530c_z.jpg,liteapi
lpa922c,Arafa Inn,hotel,12.977635,77.57685,3.0,,,False,6.0,,https://static.cupid.travel/hotels/ex_75ada40e_z.jpg,liteapi
lp6586a401,THE KANISHKA GRAND,hotel,12.978192,77.579857,3.0,,,False,6.0,,https://static.cupid.travel/hotels/ex_b5cc359d_z.jpg,liteapi
lpaba3a,FabHotel Oriental Suites MG Road,hotel,12.979438,77.603874,3.0,,,False,6.0,,https://static.cupid.travel/hotels/ex_bd3051c5_z.jpg,liteapi
lp657f92c6,Fabhotel Sn Residency,hotel,12.980961,77.548663,3.0,,,False,6.0,,https://static.cupid.travel/hotels/ex_eda732b8_z.jpg,liteapi
lp830ee,Mastiff Infantry Bengaluru,hotel,12.982991,77.596341,3.0,,,False,6.0,,https://static.cupid.travel/hotels/ex_1d0a6b3c_z.jpg,liteapi
lp65860da8,"FabHotel Indian Suites - Near ITPL Main Road, Brookefield",hotel,12.983905,77.640584,3.0,,,False,6.0,,https://static.cupid.travel/hotels/ex_06787094_z.jpg,liteapi
lp65819224,Fabhotel Platinum Palace,hotel,12.985861,77.512614,3.0,,,False,6.0,,https://static.cupid.travel/hotels/ex_d48e12dd_z.jpg,liteapi
lp657eec63,FabHotel Royal Grand,hotel,12.98829,77.535855,3.0,,,False,6.0,,https://static.cupid.travel/hotels/ex_78a0666f_z.jpg,liteapi
lp657c1ca5,Fabhotel Savi Inn,hotel,12.990125,77.572206,3.0,,,False,6.0,,https://static.cupid.travel/hotels/ex_edd5f47d_z.jpg,liteapi
lp656bc269,Fabhotel Prime Signature Inn,hotel,12.993732,77.663045,3.0,,,False,6.0,,https://static.cupid.travel/hotels/ex_497a40e0_z.jpg,liteapi
lp656c285b,"FabHotel Royal Stay I - Near Phoenix Mall, Mahadevapura",hotel,12.994388,77.69916,3.0,,,False,6.0,,https://static.cupid.travel/hotels/ex_bfcf7818_z.jpg,liteapi
lp656c36a7,Fabhotel Vs Suites & Inn,hotel,12.995071,77.613913,3.0,,,False,6.0,,https://static.cupid.travel/hotels/ex_9e9a00fe_z.jpg,liteapi
lp658688bc,Raintree Apartment Hebbal North Bangalore,hotel,12.995886,77.613672,3.0,,,False,6.0,,https://static.cupid.travel/hotels/ex_w6235h4160x0y0-b0f8355e_z.jpg,liteapi
lp656c2629,Fabhotel Frazer Suites,hotel,12.996711,77.613843,3.0,,,False,6.0,,https://static.cupid.travel/hotels/ex_4cecab06_z.jpg,liteapi
lp656dbd80,Catalyst Suites Rajajinagar,hotel,12.997816,77.554465,3.0,,,False,6.0,,https://static.cupid.travel/hotels/ex_a5ac194e_z.jpg,liteapi
lp65865769,The Crimson Cove,hotel,13.00021,77.62518,3.0,,,False,6.0,,https://static.cupid.travel/hotels/ex_w3102h2065x0y0-dbb4938d_z.jpg,liteapi
lp657ba1bf,Fabhotel The Kings Suites,hotel,13.005519,77.593957,3.0,,,False,6.0,,https://static.cupid.travel/hotels/ex_b553d65e_z.jpg,liteapi
lp65863dbf,Ishwerya Oasis-A unit of Tranquil Homes,hotel,13.012572,77.642517,3.0,,,False,6.0,,https://static.cupid.travel/hotels/ex_c0578b44_z.jpg,liteapi
lp657114ad,Ramamurthy/sleeps6/2bedroom/tv/wifi,hotel,13.01703,77.679194,3.0,,,False,6.0,,https://static.cupid.travel/hotels/ex_71c962ad_z.jpg,liteapi
lp6585a44a,Cedar Wood Villa by Redolive,hotel,13.017638,77.642484,3.0,,,False,6.0,,https://static.cupid.travel/hotels/ex_2d9b2d82_z.jpg,liteapi
lp657fdd3c,Fabhotel Emirates Inn,hotel,13.017699,77.654845,3.0,,,False,6.0,,https://static.cupid.travel/hotels/ex_w3030h2012x0y4-a6d3276c_z.jpg,liteapi
lp658619d6,Coral Tree,hotel,13.017701,77.591764,3.0,,,False,6.0,,https://static.cupid.travel/hotels/ex_w1024h682x0y0-2bdb06b8_z.jpg,liteapi
lp6557b01f,PPH Living Nagavara Lake Sai Inn,hotel,13.018269,77.657867,3.0,,,False,6.0,,https://static.cupid.travel/hotels/ex_d65cf904_z.jpg,liteapi
lpfcda2,Hotel Blue Ocean Residency,hotel,13.01969,77.58832,3.0,,,False,6.0,,https://static.cupid.travel/hotels/ex_cfc7622d_z.jpg,liteapi
lp656c2ecc,FabExpress Kings Suites HRBR Layout,hotel,13.019917,77.640689,3.0,,,False,6.0,,https://static.cupid.travel/hotels/ex_5d66d5e1_z.jpg,liteapi
lp656bd59e,J K Inn Hotel - Urban Express,hotel,13.021346,77.522336,3.0,,,False,6.0,,https://static.cupid.travel/hotels/ex_667084a5_z.jpg,liteapi
lp658655bb,"FabHotel The Prime - Near HRBR Layout, Horamavu",hotel,13.021746,77.650518,3.0,,,False,6.0,,https://static.cupid.travel/hotels/ex_3e45a19f_z.jpg,liteapi
lp6557d397,Goroomgo Kaveri Deluxe Lodge Bengaluru,hotel,13.021946,77.556283,3.0,,,False,6.0,,https://static.cupid.travel/hotels/ex_8ca70599_z.jpg,liteapi
lp655924a5,Itsy Hotels HSR Comfort,hotel,13.022143,77.533501,3.0,,,False,6.0,,https://static.cupid.travel/hotels/ex_18bc3d6c_z.jpg,liteapi
lp65863033,Galaxy Royal Suites,hotel,13.022227,77.637425,3.0,,,False,6.0,,https://static.cupid.travel/hotels/ex_477f1a1e_z.jpg,liteapi
lpc4f7f,Treebo Habitat Suites and Rooms,hotel,13.02364,77.55281,3.0,,,False,6.0,,https://static.cupid.travel/hotels/ex_4f8ba3b0_z.jpg,liteapi
lp65734c7e,Fabexpress The Kings 10 Laxurious,hotel,13.02551,77.59325,3.0,,,False,6.0,,https://static.cupid.travel/hotels/ex_w3029h2017x1y2-35c79b92_z.jpg,liteapi
lp657f91d6,Fabhotel Lg Signature,hotel,13.028218,77.645906,3.0,,,False,6.0,,https://static.cupid.travel/hotels/ex_64e3667b_z.jpg,liteapi
lpfee38,The Green Tree,hotel,13.02867,77.57217,3.0,,,False,6.0,,https://static.cupid.travel/hotels/ex_11f15809_z.jpg,liteapi
lp656c3326,Blue Lotus Residency,hotel,13.028722,77.519934,3.0,,,False,6.0,,https://static.cupid.travel/hotels/ex_c25a1a9f_z.jpg,liteapi
lp3978ff,Zenith Residency,hotel,13.032957,77.631165,3.0,,,False,6.0,,https://static.cupid.travel/hotels/ex_036216f4_z.jpg,liteapi
lp65865a9e,Hotel Sing 65,hotel,13.033239,77.558144,3.0,,,False,6.0,,https://static.cupid.travel/hotels/ex_1dc17c73_z.jpg,liteapi
lp656c3697,Fabhotel Comfort Inn,hotel,13.03377,77.558176,3.0,,,False,6.0,,https://static.cupid.travel/hotels/ex_0c489a27_z.jpg,liteapi
lp65803683,Fabhotel Shreyas Shack,hotel,13.03472,77.629001,3.0,,,False,6.0,,https://static.cupid.travel/hotels/ex_67025844_z.jpg,liteapi
lp657c95e0,Fabexpress Mann Pasand Inn,hotel,13.036876,77.618008,3.0,,,False,6.0,,https://static.cupid.travel/hotels/ex_92c86d53_z.jpg,liteapi
lp657deadf,FabHotel Ellegant Inn,hotel,13.040464,77.619403,3.0,,,False,6.0,,https://static.cupid.travel/hotels/ex_f8e8a647_z.jpg,liteapi
lp656bc5b8,Hotel Aaryan Comforts,hotel,13.043585,77.52024,3.0,,,False,6.0,,https://static.cupid.travel/hotels/ex_b656a9ef_z.jpg,liteapi
lp655856f3,Catalyst Suites,hotel,13.043679,77.520077,,,,False,7.1,19.0,https://static.cupid.travel/hotels/384250805.jpg,liteapi
lp6586a135,Aspire Heights by Red Olive,hotel,13.045647,77.500717,3.0,,,False,6.0,,https://static.cupid.travel/hotels/ex_dc85f30e_z.jpg,liteapi
lp6558ef20,The Altruist Business Stays Manyata Tech Park,hotel,13.045898,77.626311,3.0,,,False,6.0,,https://static.cupid.travel/hotels/ex_24138400_z.jpg,liteapi
lpc8624,Nandu Hospitality – Aashiyana,hotel,13.04919,77.60465,3.0,,,False,6.0,,https://static.cupid.travel/hotels/ex_3eb1fa2f_z.jpg,liteapi
lp656c2e07,Fabhotel Royal Manyata,hotel,13.054382,77.613597,3.0,,,False,6.0,,https://static.cupid.travel/hotels/ex_w3000h1982x0y10-8c87cbb6_z.jpg,liteapi
lp65868ee3,Ashirwad Residency,hotel,13.056401,77.625194,3.0,,,False,6.0,,https://static.cupid.travel/hotels/ex_4c1990a9_z.jpg,liteapi
lpc056a,Urban Stay,hotel,13.057482,77.626663,3.0,,,False,6.0,,https://static.cupid.travel/hotels/ex_0e062749_z.jpg,liteapi
lp65862dad,Azura Villa by Stayjade,hotel,13.058352,77.663116,3.0,,,False,6.0,,https://static.cupid.travel/hotels/ex_d134a786_z.jpg,liteapi
lp65868dab,Ebenezer Serviced Apartments and Suites,hotel,13.06023,77.647691,3.0,,,False,6.0,,https://static.cupid.travel/hotels/ex_0dcfe8b9_z.jpg,liteapi
lpc864f,OYO 5964 near Manyata Tech Park,hotel,13.060774,77.619231,3.0,,,False,6.0,,https://static.cupid.travel/hotels/ex_c2e40780_z.jpg,liteapi
lp65810f52,FabHotel Royal Sterling,hotel,13.060785,77.619199,3.0,,,False,6.0,,https://static.cupid.travel/hotels/ex_ded361dc_z.jpg,liteapi
lp3267f6,Capital O 61292 Manyata Sterling,hotel,13.060795,77.619073,3.0,,,False,6.0,,https://static.cupid.travel/hotels/ex_b52efd6b_z.jpg,liteapi
lp6585a7ba,Achates Corporate Services,hotel,13.061838,77.624216,3.0,,,False,6.0,,https://static.cupid.travel/hotels/ex_09835a78_z.jpg,liteapi
lp6570f7e1,the Nisarga Grand   boarding & lodging,hotel,13.062647,77.499224,3.0,,,False,6.0,,https://static.cupid.travel/hotels/ex_1aeabb60_z.jpg,liteapi
lp65869ab9,Elite Elegance,hotel,13.063476,77.618926,3.0,,,False,6.0,,https://static.cupid.travel/hotels/ex_a744e41f_z.jpg,liteapi
lp6585c699,Mystay Suites,hotel,13.065132,77.646349,3.0,,,False,6.0,,https://static.cupid.travel/hotels/ex_w958h1278x0y0-a35b8c61_z.jpg,liteapi
lp6586805b,sterling wood hotel,hotel,13.066765,77.650961,3.0,,,False,6.0,,https://static.cupid.travel/hotels/ex_9eef4ad0_z.jpg,liteapi
lp65862473,Fabhotel Sai Luxury Comforts,hotel,13.066939,77.595056,3.0,,,False,6.0,,https://static.cupid.travel/hotels/ex_w3029h2018x0y1-b338efdc_z.jpg,liteapi
lp6558b24d,Zenith Suites,hotel,13.068702,77.596413,3.0,,,False,7.8,168.0,https://static.cupid.travel/hotels/414593082.jpg,liteapi
lp65868c14,The Elite Apartment Aster,hotel,13.069616,77.592558,3.0,,,False,6.0,,https://static.cupid.travel/hotels/ex_90b2bc2f_z.jpg,liteapi
lp6577e88d,Fabhotel The Sun Roof Suites,hotel,13.07,77.585184,3.0,,,False,6.0,,https://static.cupid.travel/hotels/ex_9f3b976a_z.jpg,liteapi
lp656fc880,FabHotel 7 Hills,hotel,13.070142,77.486295,3.0,,,False,6.0,,https://static.cupid.travel/hotels/ex_584d000e_z.jpg,liteapi
lp657aad27,Fabhotel Grand Vista Inn,hotel,13.071206,77.618565,3.0,,,False,6.0,,https://static.cupid.travel/hotels/ex_a4e73545_z.jpg,liteapi
lp6581ec4a,Fabhotel Prince Residency,hotel,13.071376,77.506934,3.0,,,False,6.0,,https://static.cupid.travel/hotels/ex_d1857fb5_z.jpg,liteapi
lp657e91df,Fabhotel Willow Tree,hotel,13.072575,77.602478,3.0,,,False,6.0,,https://static.cupid.travel/hotels/ex_97077834_z.jpg,liteapi
lp656bcf72,Hotel Willow Tree,hotel,13.072625,77.602511,3.0,,,False,6.0,,https://static.cupid.travel/hotels/ex_d8ed5e27_z.jpg,liteapi
lp657c18be,Fabhotel The Cute,hotel,13.072735,77.596931,3.0,,,False,6.0,,https://static.cupid.travel/hotels/ex_1c3b898c_z.jpg,liteapi
lp656bc5f6,Urban Drift by Urban Hotels,hotel,13.072861,77.628656,3.0,,,False,6.0,,https://static.cupid.travel/hotels/ex_w1210h800x2y0-12ea95eb_z.jpg,liteapi
lp102d5b,Hotel Dhruv Palace Bengaluru,hotel,13.074961,77.604545,3.0,,,False,6.0,,https://static.cupid.travel/hotels/ex_cc4a26f1_z.jpg,liteapi
lp65867d3c,Skydeck by Red Olive,hotel,13.077476,77.668645,,,,False,6.0,,https://static.cupid.travel/hotels/ex_w3091h2059x3y0-dd530b75_z.jpg,liteapi
lp658687ef,Golden Ivory by Red Olive,hotel,13.077476,77.668645,,,,False,6.0,,https://static.cupid.travel/hotels/ex_w3094h2059x0y0-94b78e88_z.jpg,liteapi
lp655a78f8,The Club,hotel,12.93943,77.52307,3.0,,,False,5.4,13.0,https://static.cupid.travel/hotels/hd/253738216.jpg,liteapi
lpdd337,Treebo Trend Rajathadri Palace,hotel,12.907404,77.540691,3.0,,,False,5.0,4.0,https://static.cupid.travel/hotels/ex_c2a4b245_z.jpg,liteapi
lp6577fe92,Super Hotel O Sahasra,hotel,13.014185,77.667725,3.0,,,False,4.7,11.0,https://static.cupid.travel/hotels/569586922.jpg,liteapi
lp6557560e,Treebo Primeland Suites,hotel,12.915768,77.500579,3.0,,,False,5.5,1.0,https://static.cupid.travel/hotels/311237651.jpg,liteapi
lpcedb5,Hotel O Corner Golf View Near Embassy Golf Link Business Park,hotel,12.955559,77.643581,3.0,,,False,3.0,121.0,https://static.cupid.travel/hotels/602617482.jpg,liteapi
lp4292c,Silicrest Hotel,hotel,12.93454,77.62947,3.0,,,False,4.8,5.0,https://static.cupid.travel/hotels/ex_a44a0083_z.jpg,liteapi
lp65773258,Hotel O Royal Galaxy,hotel,12.921162,77.66363,4.0,,,False,3.5,51.0,https://static.cupid.travel/hotels/508681981.jpg,liteapi
lp65783476,Anjani Suta Home stay,hotel,12.900962,77.547735,2.0,,,False,5.0,3.0,https://static.cupid.travel/hotels/541913904.jpg,liteapi
lp657e41ea,Octave Benaka Delux,hotel,12.99717,77.58059,3.0,,,False,5.0,3.0,https://static.cupid.travel/hotels/600264926.jpg,liteapi
lp656e0745,ADDRESS 24 iNN,hotel,13.050026,77.598204,,,,False,5.0,3.0,https://static.cupid.travel/hotels/575092237.jpg,liteapi
lp656e5fa8,Cozy 1bhk in l&t next to mall of Asia,hotel,13.068616,77.59134,,,,False,5.0,5.0,https://static.cupid.travel/hotels/575679803.jpg,liteapi
lp657f3aa7,Shree Ganesh Regency,hotel,12.94145,77.5711,2.0,,,False,4.3,11.0,https://static.cupid.travel/hotels/558251146.jpg,liteapi
lp655a1c52,ITIS Suites,hotel,12.99994,77.62352,,,,False,5.8,4.0,https://static.cupid.travel/hotels/99219602.jpg,liteapi
lp655ad13a,Parkwood Executive Rooms Inn,hotel,12.942385,77.592746,2.0,,,False,4.0,157.0,https://static.cupid.travel/hotels/453865255.jpg,liteapi
lp655b9fdb,Confido Inn and Suites,hotel,12.9048,77.57352,3.0,,,False,4.8,24.0,https://static.cupid.travel/hotels/398388326.jpg,liteapi
lp6578411f,Hotel O by OYO Local Square Manyata,hotel,13.058959,77.62564,4.0,,,False,4.5,6.0,https://static.cupid.travel/hotels/588220879.jpg,liteapi
lp658671a7,"Blue Rocks Suites, Sarjapur Road",hotel,12.914871,77.675746,2.0,,,False,5.0,2.0,https://static.cupid.travel/hotels/ex_4b4d0e4e_z.jpg,liteapi
lp1bfdd2,OYO 24259 Hotel Blue Inn,hotel,12.920343,77.600305,2.0,,,False,5.0,2.0,https://static.cupid.travel/hotels/ex_03ea787a_z.jpg,liteapi
lp655581eb,Royal Regency Lodge,hotel,12.978388,77.575254,3.0,,,False,5.0,2.0,https://static.cupid.travel/hotels/ex_f580dafd_z.jpg,liteapi
lpe5001,Hotel & Suites by Habitat,hotel,13.01885,77.55889,3.0,,,False,5.0,2.0,https://static.cupid.travel/hotels/ex_3734d2a5_z.jpg,liteapi
lp6583378d,2bhk Service Apartment,hotel,13.050002,77.598388,,,,False,5.0,2.0,https://static.cupid.travel/hotels/446063578.jpg,liteapi
lp65743732,Hotel Platinum Palace,hotel,12.987231,77.512311,3.0,,,False,4.4,7.0,https://static.cupid.travel/hotels/578778378.jpg,liteapi
lp6576db87,Hotel O Nelli Suites,hotel,13.05839,77.591814,3.0,,,False,4.0,14.0,https://static.cupid.travel/hotels/506582664.jpg,liteapi
lpaddff,OYO 26817 GKS Residency,hotel,12.916333,77.60175,3.0,,,False,3.0,82.0,https://static.cupid.travel/hotels/476999555.jpg,liteapi
lp655572b8,Hotel O Shree Stays,hotel,12.890095,77.599657,4.0,,,False,3.7,23.0,https://static.cupid.travel/hotels/595112013.jpg,liteapi
lp1ded1b,Super OYO Flagship 23427 Ashrey Stays,hotel,12.87292,77.646,3.0,,,False,3.9,16.0,https://static.cupid.travel/hotels/511565848.jpg,liteapi
lp657e622e,Hotel O BANASHANKARI COMFORTS,hotel,13.027,77.586,3.0,,,False,4.1,10.0,https://static.cupid.travel/hotels/608131177.jpg,liteapi
lp6580a47b,Lexus Lodge,hotel,12.993625,77.607662,,,,False,4.7,3.0,https://static.cupid.travel/hotels/573604037.jpg,liteapi
lp6576f84f,Octave Emerald Suites by RB group,hotel,12.93589,77.61698,3.0,,,False,4.4,5.0,https://static.cupid.travel/hotels/574615604.jpg,liteapi
lp655ad548,Hotel Amster Inn,hotel,12.94772,77.53083,3.0,,,False,5.4,5.0,https://static.cupid.travel/hotels/400506306.jpg,liteapi
lp657ff8b9,Myspace Express Balaji Residency,hotel,12.99742,77.55004,,,,False,4.5,5.0,https://static.cupid.travel/hotels/438655939.jpg,liteapi
lp655b9f6c,Emirates Rooms,hotel,12.931066,77.610657,2.0,,,False,4.4,61.0,https://static.cupid.travel/hotels/300757285.jpg,liteapi
lpad364,Serene Boutique Hotel,hotel,12.919369,77.653779,3.0,,,False,5.0,1.0,https://static.cupid.travel/hotels/ex_5e84ea56_z.jpg,liteapi
lp655b9f86,Fabhotel Emara Grand,hotel,12.911821,77.633304,3.0,,,False,6.0,,https://static.cupid.travel/hotels/ex_f1f260e4_z.jpg,liteapi
lp65876776,Iris Suites,hotel,12.892306,77.596109,2.0,,,False,5.0,1.0,https://static.cupid.travel/hotels/ex_90462334_z.jpg,liteapi
lp65862ac2,Anvik stays,hotel,12.911687,77.544965,2.0,,,False,5.0,1.0,https://static.cupid.travel/hotels/ex_ae4e63ba_z.jpg,liteapi
lp657b1b1c,Revkeys Corporate Stay Sector 7 HSR Layout Bangalore,hotel,12.91531,77.648409,3.0,,,False,5.0,1.0,https://static.cupid.travel/hotels/535025241.jpg,liteapi
lp6586295d,Earth Hotels Domlur,hotel,12.959515,77.638293,2.0,,,False,5.0,1.0,https://static.cupid.travel/hotels/ex_ef7726c6_z.jpg,liteapi
lpca45b,"Purple Brigade, Bangalore",hotel,12.9738,77.606509,3.0,,,False,5.0,1.0,https://static.cupid.travel/hotels/ex_aa1709c3_z.jpg,liteapi
lp657cb28d,Olive Hotel Mahadevapura by Embassy Group,hotel,12.978832,77.695777,2.0,,,False,5.0,1.0,https://static.cupid.travel/hotels/ex_0ca32dbd_z.jpg,liteapi
lp6583a6f9,Ishwerya Suites,hotel,12.989044,77.619431,2.0,,,False,5.0,1.0,https://static.cupid.travel/hotels/ex_5fb79c1c_z.jpg,liteapi
lpe11e4,Hotel RR Grand,hotel,13.036685,77.605489,2.0,,,False,5.0,1.0,https://static.cupid.travel/hotels/ex_353b6fb7_z.jpg,liteapi
lp6581706e,ELLEGANT INN,hotel,13.040338,77.619474,2.0,,,False,5.0,1.0,https://static.cupid.travel/hotels/ex_884e2dd4_edited_ef60_z.jpg,liteapi
lp6574913e,Vista Hebbal 3BHK Nr AsterCMI20min PalaceGround,hotel,13.069616,77.592558,3.0,,,False,5.0,1.0,https://static.cupid.travel/hotels/532296961.jpg,liteapi
lp655b9f9f,Capital O Royal Galaxy Finesse Near Phoenix Marketcity,hotel,12.977878,77.69307,3.0,,,False,3.5,127.0,https://static.cupid.travel/hotels/600440548.jpg,liteapi
lp655b9f78,B R Inn,hotel,12.912688,77.624072,,,,False,5.3,15.0,https://static.cupid.travel/hotels/355958965.jpg,liteapi
lp657a0c1b,"Hotel Vista Suites, Bangalore",hotel,13.0724,77.503572,3.0,,,False,4.2,7.0,https://static.cupid.travel/hotels/543061036.jpg,liteapi
lp655a73a0,Octave Kings Suites,hotel,12.97109,77.60574,3.0,,,False,3.9,60.0,https://static.cupid.travel/hotels/333425504.jpg,liteapi
lp1dee96,OYO Flagship 18338 White Fort,hotel,12.956788,77.576336,2.0,,,False,4.4,4.0,https://static.cupid.travel/hotels/ex_dbd2d1c0_z.jpg,liteapi
lp926b1,FabHotel 29th Church Inn,hotel,12.975054,77.60455,3.0,,,False,4.4,4.0,https://static.cupid.travel/hotels/ex_cc3cc90a_z.jpg,liteapi
lp655b9f55,Santa Maria Near Indiranagar Metro Station,hotel,12.969039,77.656845,3.0,,,False,3.8,71.0,https://static.cupid.travel/hotels/600443959.jpg,liteapi
lp6572cd5e,Hotel O Blue Inn Near Jayadeva Hospital,hotel,12.92028,77.600288,3.0,,,False,2.9,59.0,https://static.cupid.travel/hotels/573013213.jpg,liteapi
lp657d21ce,Collection O Humming suites,hotel,13.06028,77.62853,4.0,,,False,3.5,19.0,https://static.cupid.travel/hotels/619256247.jpg,liteapi
lp7437b,City Living,hotel,12.986781,77.598194,3.0,,,False,4.4,3.0,https://static.cupid.travel/hotels/ex_39db7f93_z.jpg,liteapi
lp655a7b49,Hotel O SM Residency,hotel,13.060796,77.628643,3.0,,,False,4.6,14.0,https://static.cupid.travel/hotels/612131395.jpg,liteapi
lp73de0,Hotel Panchvati Comforts Bangalore,hotel,12.89348,77.55779,,,,False,,,https://static.cupid.travel/hotels/354179876.jpg,liteapi
lp657c723c,HSR Sunrise by Indigostays,hotel,12.90541,77.64693,5.0,,,False,3.7,11.0,https://static.cupid.travel/hotels/604928651.jpg,liteapi
lp656ed921,PPH Living B S K,hotel,12.880122,77.552842,,,,False,4.5,2.0,https://static.cupid.travel/hotels/499366824.jpg,liteapi
lp657d5054,Delta Inn Madiwala,hotel,12.926246,77.615832,3.0,,,False,4.5,2.0,https://static.cupid.travel/hotels/580460942.jpg,liteapi
lp561c8,Safina Hotel,hotel,12.979635,77.606864,3.0,,,False,4.0,5.0,https://static.cupid.travel/hotels/ex_bb8759c1_z.jpg,liteapi
lp655ad128,Flagship Athithi Comforts,hotel,12.91934,77.51371,3.0,,,False,3.9,36.0,https://static.cupid.travel/hotels/441025724.jpg,liteapi
lp65869f13,Shravanya Comforts,hotel,12.878606,77.567098,2.0,,,False,5.0,,https://static.cupid.travel/hotels/ex_7641e317_z.jpg,liteapi
lp6557a206,BSK Deluxe Lodging,hotel,12.878871,77.557952,2.0,,,False,5.0,,https://static.cupid.travel/hotels/ex_d5fa5dee_z.jpg,liteapi
lp6585e7d3,"VILASINI INN BTM Layout, Bengaluru",hotel,12.885602,77.61257,2.0,,,False,5.0,,https://static.cupid.travel/hotels/ex_a7f88f0e_z.jpg,liteapi
lp656bd6c3,Itsy Hotels Royal Platinum Suites,hotel,12.903736,77.645015,2.0,,,False,5.0,,https://static.cupid.travel/hotels/ex_1b541ef9_z.jpg,liteapi
lp6557c7eb,DBR Suites Rr Nagar,hotel,12.904829,77.504926,2.0,,,False,5.0,,https://static.cupid.travel/hotels/ex_fc9923c7_z.jpg,liteapi
lp1bffe3,OYO 19227 Hotel Classic Comfort,hotel,12.906319,77.573578,2.0,,,False,5.0,,https://static.cupid.travel/hotels/ex_1d3db02d_z.jpg,liteapi
lp6585a83b,S V COMFORTS,hotel,12.907173,77.611792,2.0,,,False,5.0,,https://static.cupid.travel/hotels/ex_2645e287_z.jpg,liteapi
lp6581e61b,FabHotel Atithi Residency,hotel,12.91641,77.675376,2.0,,,False,5.0,,https://static.cupid.travel/hotels/ex_f75c361b_z.jpg,liteapi
lp655a7bcd,Fabexpress Rithun Residency,hotel,12.916711,77.596082,3.0,,,False,6.0,,https://static.cupid.travel/hotels/ex_599bcc32_z.jpg,liteapi
lp655b1050,Fabhotel The Royal Suites,hotel,12.917098,77.602814,3.0,,,False,6.0,,https://static.cupid.travel/hotels/ex_e3eb3790_z.jpg,liteapi
lp6585bf8f,Krishna Stay Inn,hotel,12.925537,77.61545,2.0,,,False,5.0,,https://static.cupid.travel/hotels/ex_910c98ed_z.jpg,liteapi
lp657db516,ANANYA COMFORTSS-OPP RAHEJA RESIDENCY,hotel,12.929619,77.631957,2.0,,,False,5.0,,https://static.cupid.travel/hotels/ex_e8a64370_z.jpg,liteapi
lp6586731c,Blue Bliss Suites By PPH Living,hotel,12.93359,77.610109,2.0,,,False,5.0,,https://static.cupid.travel/hotels/ex_w1048h782x0y633-785dd5b6_z.jpg,liteapi
lpb490b,PPH Living GS Suites,hotel,12.933975,77.610116,2.0,,,False,5.0,,https://static.cupid.travel/hotels/ex_711573b0_z.jpg,liteapi
lp658123c7,Hotel Classio Kormangala,hotel,12.936072,77.615283,2.0,,,False,5.0,,https://static.cupid.travel/hotels/ex_22f1e9e1_z.jpg,liteapi
lp1c002e,OYO Flagship 18680 Olivia Comforts,hotel,12.940281,77.626998,2.0,,,False,5.0,,https://static.cupid.travel/hotels/ex_849175a5_z.jpg,liteapi
lp65861f35,HKP Residency,hotel,12.945276,77.595335,2.0,,,False,5.0,,https://static.cupid.travel/hotels/ex_b5a71afc_z.jpg,liteapi
lp6585e330,Hotel Dreams Inn,hotel,12.945534,77.595197,2.0,,,False,5.0,,https://static.cupid.travel/hotels/ex_72d6bbea_z.jpg,liteapi
lp657e86a2,Hotel Telehaus Lalbagh Botanical Garden,hotel,12.947299,77.59099,2.0,,,False,5.0,,https://static.cupid.travel/hotels/ex_573d4ef9_z.jpg,liteapi
lp655ad561,Fabhotel The Leela Park,hotel,12.954626,77.640777,3.0,,,False,6.0,,https://static.cupid.travel/hotels/ex_25fcb2f9_z.jpg,liteapi
lp656dbc7c,Green Acres - Nandu Hospitality,hotel,12.954786,77.691434,2.0,,,False,5.0,,https://static.cupid.travel/hotels/ex_a6587e88_z.jpg,liteapi
lp655b9f80,Fabhotel Green Park Residency,hotel,12.95515,77.648847,3.0,,,False,6.0,,https://static.cupid.travel/hotels/ex_1b94d44b_z.jpg,liteapi
lp1bfee1,OYO 27859 Agi Dynasty Suites,hotel,12.955488,77.57946,2.0,,,False,5.0,,https://static.cupid.travel/hotels/ex_e605fbb3_z.jpg,liteapi
lp65866855,Dreamz Lodge,hotel,12.956361,77.591393,2.0,,,False,5.0,,https://static.cupid.travel/hotels/ex_230d662d_z.jpg,liteapi
lpea7f4,OYO 13029 Hotel Bestend,hotel,12.963448,77.577176,2.0,,,False,5.0,,https://static.cupid.travel/hotels/ex_b7a0a325_z.jpg,liteapi
lp6586904a,PURPLLE INN,hotel,12.969672,77.704355,2.0,,,False,5.0,,https://static.cupid.travel/hotels/ex_2f24e9a6_z.jpg,liteapi
lp65866a78,Casabelle by Redolive,hotel,12.974509,77.59777,2.0,,,False,5.0,,https://static.cupid.travel/hotels/ex_w6242h4157x2y7-c1a602b6_z.jpg,liteapi
lp6585c363,Hotel Urban Jade,hotel,12.974709,77.65643,2.0,,,False,5.0,,https://static.cupid.travel/hotels/ex_7e6f11a5_z.jpg,liteapi
lp656c1eed,Phoenix Hotel,hotel,12.981002,77.604186,2.0,,,False,5.0,,https://static.cupid.travel/hotels/ex_147a0608_z.jpg,liteapi
lp6582c361,Golden Chariot,hotel,12.983736,77.576387,2.0,,,False,5.0,,https://static.cupid.travel/hotels/ex_14dc6163_z.jpg,liteapi
lp65565a55,OYO 26900 Royal Inn,hotel,12.985332,77.553246,2.0,,,False,5.0,,https://static.cupid.travel/hotels/ex_b34211fb_z.jpg,liteapi
lp6585f557,Uptown Inn,hotel,13.016341,77.598974,2.0,,,False,5.0,,https://static.cupid.travel/hotels/ex_837effec_z.jpg,liteapi
lp1bfc39,OYO 14424 Saarang Forever,hotel,13.020878,77.555557,2.0,,,False,5.0,,https://static.cupid.travel/hotels/ex_ff9a4ced_z.jpg,liteapi
lp655ad12f,Fabhotel Purple Suites Inn,hotel,13.032866,77.63121,3.0,,,False,6.0,,https://static.cupid.travel/hotels/ex_90ddaf04_z.jpg,liteapi
lp65868bc9,Banaras Rooms,hotel,13.036946,77.513275,2.0,,,False,5.0,,https://static.cupid.travel/hotels/ex_b4e850ae_z.jpg,liteapi
lp6582d9a7,Fortune Suites,hotel,13.042,77.612917,2.0,,,False,5.0,,https://static.cupid.travel/hotels/ex_b8d91033_z.jpg,liteapi
lp6585a486,Dlite Rivera,hotel,13.046877,77.623317,3.0,,,False,5.0,,https://static.cupid.travel/hotels/ex_w2557h1919x0y0-cbf11c8c_z.jpg,liteapi
lp656bc5ef,Srushti Service Apartment,hotel,13.054929,77.601205,2.0,,,False,5.0,,https://static.cupid.travel/hotels/ex_a18fe2a2_z.jpg,liteapi
lp656bcf7e,The Auberge - Boutique Hotel,hotel,13.060144,77.627181,2.0,,,False,5.0,,https://static.cupid.travel/hotels/ex_cd2dfd7b_z.jpg,liteapi
lp656bbef1,Hotel Grand Vista Inn,hotel,13.071206,77.618565,2.0,,,False,5.0,,https://static.cupid.travel/hotels/ex_7ab15ff7_z.jpg,liteapi
lp6585f362,AKSHATHA HOME STAY,hotel,13.079176,77.606935,2.0,,,False,5.0,,https://static.cupid.travel/hotels/ex_e7124e82_z.jpg,liteapi
lp65764c8b,Hotel Garden Residency By WB Inn,hotel,13.01919,77.55727,4.0,,,False,3.3,16.0,https://static.cupid.travel/hotels/520739056.jpg,liteapi
lp65767c3d,Hotel O Manjushree Boarding & Lodging nearby Dr.BR Ambedkar Stadium Basveshwar nagar,hotel,12.982494,77.54277,4.0,,,False,3.1,22.0,https://static.cupid.travel/hotels/498718486.jpg,liteapi
lp65822af9,The Residency Marathahalli,hotel,12.956717,77.700245,,,,False,4.0,4.0,https://static.cupid.travel/hotels/323215095.jpg,liteapi
lp6571f204,Hotel O Sky Inn,hotel,12.97037,77.49391,3.0,,,False,3.7,7.0,https://static.cupid.travel/hotels/582155718.jpg,liteapi
lp655b21ea,Hotel O IRA Sathyajyothi Comfort,hotel,12.939944,77.547778,4.0,,,False,3.9,33.0,https://static.cupid.travel/hotels/621683926.jpg,liteapi
lp657879a0,SPOT ON Canton Lodging And Boarding,hotel,12.93241,77.583796,2.0,,,False,2.7,38.0,https://static.cupid.travel/hotels/573539061.jpg,liteapi
lp6582bce3,Hotel Townhall,hotel,12.96139,77.58388,3.0,,,False,3.8,5.0,https://static.cupid.travel/hotels/553430434.jpg,liteapi
lp655b9fb3,Capital O Shanti Nivas Near Hare Krishna Hill,hotel,13.02856,77.54503,3.0,,,False,3.6,43.0,https://static.cupid.travel/hotels/528299745.jpg,liteapi
lp6577fb7c,Hotel O Grand Arabian,hotel,13.02243,77.55276,4.0,,,False,3.6,7.0,https://static.cupid.travel/hotels/532486218.jpg,liteapi
lp1abd69,Emerald Suites by Kallate,hotel,12.935832,77.617104,3.0,,,False,4.0,3.0,https://static.cupid.travel/hotels/ex_f057ec04_z.jpg,liteapi
lp657174a9,Hotel O HMR Inn,hotel,13.065766,77.57955,3.0,,,False,4.0,7.0,https://static.cupid.travel/hotels/609500756.jpg,liteapi
lpa728e,FabHotel Astra Suites,hotel,12.923148,77.651437,3.0,,,False,4.0,2.0,https://static.cupid.travel/hotels/ex_ed7494c7_z.jpg,liteapi
lp657728a1,SPOT ON Sahara lodge,hotel,13.02074,77.554242,2.0,,,False,2.8,26.0,https://static.cupid.travel/hotels/585822085.jpg,liteapi
lp656bc07f,Mak Hotel,hotel,12.955249,77.643114,3.0,,,False,4.0,,https://static.cupid.travel/hotels/ex_05506a49_z.jpg,liteapi
lp6575f832,Super Collection O Local Square | Whitefield,hotel,12.99395,77.70131,4.0,,,False,3.0,15.0,https://static.cupid.travel/hotels/534408810.jpg,liteapi
lp65862cad,RG Suites Silkboard,hotel,12.917192,77.607849,2.0,,,False,4.0,2.0,https://static.cupid.travel/hotels/ex_39a82280_z.jpg,liteapi
lp65879d38,UR Stay Inn,hotel,12.919947,77.594381,2.0,,,False,4.0,2.0,https://static.cupid.travel/hotels/ex_e1e9cbb3_z.jpg,liteapi
lp51666,Lotus Suites,hotel,12.934434,77.61251,3.0,,,False,4.0,2.0,https://static.cupid.travel/hotels/ex_b1035d0a_z.jpg,liteapi
lp87ece,Hotel Manasa Paradise,hotel,12.971732,77.581052,2.0,,,False,4.0,2.0,https://static.cupid.travel/hotels/ex_002c3fdf_z.jpg,liteapi
lp657c5871,Hotel golden arch,hotel,12.972495,77.538751,3.0,,,False,4.0,8.0,https://static.cupid.travel/hotels/608418414.jpg,liteapi
lpaceb4,Aster Vue Residence Suites,hotel,12.9871,77.617796,3.0,,,False,4.0,2.0,https://static.cupid.travel/hotels/ex_9c13d758_z.jpg,liteapi
lp657c5f47,Hotel Ganga Sagar Koramangala Near Nexus mall,hotel,12.944533,77.620129,3.0,,,False,3.7,7.0,https://static.cupid.travel/hotels/435378290.jpg,liteapi
lp657db761,Hotel G Skyla Srirampura Malleshwaram,hotel,12.997745,77.562533,,,,False,3.7,3.0,https://static.cupid.travel/hotels/586231315.jpg,liteapi
lp1d605b,Hotel O Shree AMM Residency,hotel,12.949312,77.592917,3.0,,,False,2.8,16.0,https://static.cupid.travel/hotels/460469131.jpg,liteapi
lp65808a44,Mandara Comforts Hotel,hotel,12.927803,77.546143,4.0,,,False,3.4,8.0,https://static.cupid.travel/hotels/607340484.jpg,liteapi
lp6575bd51,"Via Champion Grand - Nr Fortis Hospital, Nagarbhavi",hotel,12.960818,77.509854,3.0,,,False,3.4,6.0,https://static.cupid.travel/hotels/588992547.jpg,liteapi
lp657b05a7,Collection O Druvin Boutique Hotel,hotel,12.917889,77.624139,3.0,,,False,3.0,10.0,https://static.cupid.travel/hotels/594789124.jpg,liteapi
lpc8621,Capital O 5683 SS Suites,hotel,12.897682,77.599647,3.0,,,False,4.0,1.0,https://static.cupid.travel/hotels/ex_ea9d90fa_z.jpg,liteapi
lp6585d641,RG Suites HSR,hotel,12.907317,77.632495,2.0,,,False,4.0,1.0,https://static.cupid.travel/hotels/ex_eb7eadc9_z.jpg,liteapi
lp6587a1ad,Aanvi Suites RR Nagar,hotel,12.907424,77.511936,2.0,,,False,4.0,1.0,https://static.cupid.travel/hotels/ex_6a3b858d_z.jpg,liteapi
lp657865de,Hotel Twin Tulips HSR Layout,hotel,12.911122,77.638067,3.0,,,False,4.0,1.0,https://static.cupid.travel/hotels/ex_1df2a282_z.jpg,liteapi
lpec0db,FabHotel Canvas HSR layout,hotel,12.917032,77.631128,3.0,,,False,4.0,1.0,https://static.cupid.travel/hotels/ex_7c97e91e_z.jpg,liteapi
lp186897,OYO 11916 Varcity Plaza,hotel,12.923888,77.614549,2.0,,,False,4.0,1.0,https://static.cupid.travel/hotels/ex_b7fe4a25_z.jpg,liteapi
lp655764df,Hotel Scarlet,hotel,12.949883,77.698989,3.0,,,False,4.0,1.0,https://static.cupid.travel/hotels/ex_f24e4071_z.jpg,liteapi
lp65864c3c,Open by Olive - Moka Hotel,hotel,12.952108,77.577589,2.0,,,False,4.0,1.0,https://static.cupid.travel/hotels/ex_acdc21f6_z.jpg,liteapi
lp1a8b53,OYO 12965 Archana Comforts,hotel,12.957727,77.582447,2.0,,,False,4.0,1.0,https://static.cupid.travel/hotels/ex_5bc152ce_z.jpg,liteapi
lp658761bd,"The Hosteller Bangalore, Brigade Road",hostel,12.967368,77.606685,1.0,,,False,4.0,1.0,https://static.cupid.travel/hotels/ex_fcddad95_z.jpg,liteapi
lpe6592,OYO 3023 Compact Suites Lavelle Road,hotel,12.96841,77.59649,3.0,,,False,4.0,1.0,https://static.cupid.travel/hotels/ex_c392bd33_z.jpg,liteapi
lp1a861c,Risalo Hotel Indiranagar,hotel,12.97031,77.64011,3.0,,,False,4.0,1.0,https://static.cupid.travel/hotels/ex_cf1726ae_z.jpg,liteapi
lp658607ae,"The Hosteller Bangalore, Indiranagar",hostel,12.972486,77.647508,2.0,,,False,4.0,1.0,https://static.cupid.travel/hotels/ex_eee9e210_z.jpg,liteapi
lp6572fda2,C Suites - Signature Towers,hotel,12.97428,77.69486,3.0,,,False,4.0,1.0,https://static.cupid.travel/hotels/605327287.jpg,liteapi
lpfd620,Yogisthaan,hotel,12.981088,77.638254,3.0,,,False,4.0,1.0,https://static.cupid.travel/hotels/ex_b7d7daf2_z.jpg,liteapi
lp657ecb55,Royal Stay,hotel,12.994352,77.699163,2.0,,,False,4.0,1.0,https://static.cupid.travel/hotels/ex_0bd5616c_z.jpg,liteapi
lp209a94,OYO Flagship 29620 New Champion Residency,hotel,13.011294,77.69822,2.0,,,False,4.0,1.0,https://static.cupid.travel/hotels/ex_b6a53daf_z.jpg,liteapi
lp65551bd3,Capital O 67657 Schmear Suites,hotel,13.014583,77.64727,2.0,,,False,4.0,1.0,https://static.cupid.travel/hotels/ex_af7c90b3_z.jpg,liteapi
lp879e8,OYO 852 Kings 10,hotel,13.025499,77.593253,3.0,,,False,4.0,1.0,https://static.cupid.travel/hotels/ex_383ef645_z.jpg,liteapi
lp8dc51,Eyrie Suites,hotel,13.03767,77.60005,3.0,,,False,,1.0,https://static.cupid.travel/hotels/ex_7fddf8fc_z.jpg,liteapi
lp656c37ce,MOUNT CITY PARK,hotel,12.926971,77.616058,2.0,,,False,3.4,3.0,https://static.cupid.travel/hotels/ex_82adefbc_z.jpg,liteapi
lp658146ca,Pphliving Fortune suites,hotel,13.041985,77.61333,2.0,,,False,2.9,8.0,https://static.cupid.travel/hotels/593995318.jpg,liteapi
lp65867dee,Hotel Royal Orbit,hotel,12.880905,77.610384,2.0,,,False,4.0,,https://static.cupid.travel/hotels/ex_d65e249e_z.jpg,liteapi
lp656bcaa0,Smilestay Karanji Paradise,hotel,12.902926,77.517808,2.0,,,False,4.0,,https://static.cupid.travel/hotels/ex_d92c2b05_z.jpg,liteapi
lp656bd49f,Smile stay Karanji Comforts,hotel,12.903869,77.514252,2.0,,,False,4.0,,https://static.cupid.travel/hotels/ex_9091ea01_z.jpg,liteapi
lp6586a827,Om Residency JP Nagar,hotel,12.90474,77.60142,2.0,,,False,4.0,,https://static.cupid.travel/hotels/ex_bffc8c52_z.jpg,liteapi
lp65758555,Olive JP Nagar Metro by Embassy Group,hotel,12.904762,77.57358,2.0,,,False,4.0,,https://static.cupid.travel/hotels/ex_d3e6d0d8_z.jpg,liteapi
lp656bc293,Hotel G Grand by Urban Stay,hotel,12.905217,77.648932,2.0,,,False,4.0,,https://static.cupid.travel/hotels/ex_54b1d7b4_z.jpg,liteapi
lp65861fc0,HOTEL.327,hotel,12.905707,77.598805,2.0,,,False,4.0,,https://static.cupid.travel/hotels/ex_0424abb2_z.jpg,liteapi
lp65864268,Premium Stays at HSR Layout,hotel,12.906027,77.632117,2.0,,,False,4.0,,https://static.cupid.travel/hotels/ex_33b9c350_z.jpg,liteapi
lp6585e005,HSR Parkview,hotel,12.909363,77.650893,2.0,,,False,4.0,,https://static.cupid.travel/hotels/ex_14fbf607_z.jpg,liteapi
lp6585f345,HSR Unicorn,hotel,12.912749,77.651956,2.0,,,False,4.0,,https://static.cupid.travel/hotels/ex_ee19bab2_z.jpg,liteapi
lp65861921,Modern Spacious Room Near Madiwala Lake BTM Layout,hotel,12.913503,77.605403,2.0,,,False,4.0,,https://static.cupid.travel/hotels/ex_7bcdccb7_z.jpg,liteapi
lp6586062d,RG Suites Sarjapur,hotel,12.915784,77.6984,2.0,,,False,4.0,,https://static.cupid.travel/hotels/ex_2b9f667a_z.jpg,liteapi
lp656c36e9,Fabhotel Jen & Jo,hotel,12.916127,77.605928,2.0,,,False,4.0,,https://static.cupid.travel/hotels/ex_43423d6b_z.jpg,liteapi
lp656bcf3a,Signature Serviced Apartments,hotel,12.91984,77.59046,,,,False,,,https://static.cupid.travel/hotels/527299268.jpg,liteapi
lp65864b3f,Hotel Century Inn,hotel,12.92399,77.618236,2.0,,,False,4.0,,https://static.cupid.travel/hotels/ex_ef12348b_z.jpg,liteapi
lp65865c49,Beautiful Cozy Stays at Bellandur,hotel,12.9272,77.69633,2.0,,,False,4.0,,https://static.cupid.travel/hotels/ex_b2f862f9_z.jpg,liteapi
lp6581701c,VIJAYA LAKDHMI RESIDENCY,hotel,12.92848,77.600308,,,,False,4.0,,https://static.cupid.travel/hotels/ex_w655h403x33y31-2145d7c6_z.jpg,liteapi
lp658442fa,Maruthi Residency,hotel,12.929884,77.552092,,,,False,4.0,,https://static.cupid.travel/hotels/ex_9688a3c6_z.jpg,liteapi
lp6585ef12,Hotel Alfa Inn,hotel,12.933485,77.610498,2.0,,,False,4.0,,https://static.cupid.travel/hotels/ex_0e6215e1_z.jpg,liteapi
lp65862eed,Premium Stays at Koramangala,hotel,12.935741,77.625321,2.0,,,False,4.0,,https://static.cupid.travel/hotels/ex_ac415c1a_z.jpg,liteapi
lp6586a448,Pink Floyd Boutique Hotel,hotel,12.936423,77.61511,2.0,,,False,4.0,,https://static.cupid.travel/hotels/ex_93aa638f_z.jpg,liteapi
lp65863afb,Hotel Fiesta Grand,hotel,12.941838,77.585403,2.0,,,False,4.0,,https://static.cupid.travel/hotels/ex_5a65e588_z.jpg,liteapi
lp656bc41b,Smilestay BNS Lodge,hotel,12.944397,77.572396,2.0,,,False,4.0,,https://static.cupid.travel/hotels/ex_c94a645d_z.jpg,liteapi
lp658631c1,Stylish Nest at Marathahalli Near Heritage Centre,hotel,12.948404,77.698897,2.0,,,False,4.0,,https://static.cupid.travel/hotels/ex_ca850c4f_z.jpg,liteapi
lp6585bffe,"The Hosteller Bangalore, Marathahalli",hostel,12.95149,77.698331,2.0,,,False,4.0,,https://static.cupid.travel/hotels/ex_7994020d_z.jpg,liteapi
lp65862c50,Super Townhouse Indiranagar,hotel,12.954659,77.640793,2.0,,,False,4.0,,https://static.cupid.travel/hotels/ex_dca3a5a8_z.jpg,liteapi
lp6585ab82,Hotel Lalbagh Gardenia,hotel,12.95564,77.584928,2.0,,,False,4.0,,https://static.cupid.travel/hotels/ex_f015dc7f_edited_72b0_z.jpg,liteapi
lp657652c4,Hotel Royalwood Premier - Domlur,hotel,12.958335,77.640524,2.0,,,False,4.0,,https://static.cupid.travel/hotels/ex_76ac222f_z.jpg,liteapi
lp6585d18a,Hotel Crystal Suites,hotel,12.962385,77.70211,2.0,,,False,4.0,,https://static.cupid.travel/hotels/ex_1af5e634_z.jpg,liteapi
lp6585d314,Super Townhouse Oak Indiranagar,hotel,12.964138,77.639137,2.0,,,False,4.0,,https://static.cupid.travel/hotels/ex_ac2353bc_z.jpg,liteapi
lp655491e9,Zostel Bangalore - Hostel,hostel,12.964849,77.64204,2.0,,,False,4.0,,https://static.cupid.travel/hotels/ex_0e444b14_z.jpg,liteapi
lp6586a788,Aradhya Comforts - MG Road,hotel,12.969005,77.607475,2.0,,,False,4.0,,https://static.cupid.travel/hotels/ex_affb0895_z.jpg,liteapi
lp65802901,Goroomgo Subha Residency Banglore,hotel,12.969287,77.568073,2.0,,,False,4.0,,https://static.cupid.travel/hotels/ex_e4c644cf_z.jpg,liteapi
lp656c369d,Fressotel Serene,hotel,12.970478,77.70083,2.0,,,False,4.0,,https://static.cupid.travel/hotels/ex_497fb3d2_z.jpg,liteapi
lp656bc449,Brham Store and Residency Brunton Road,hotel,12.972193,77.615356,2.0,,,False,4.0,,https://static.cupid.travel/hotels/ex_ae046800_z.jpg,liteapi
lp65869e2c,Spacious Comfort Stays Near Aerospace Museum,hotel,12.975795,77.680434,2.0,,,False,4.0,,https://static.cupid.travel/hotels/ex_8f939159_z.jpg,liteapi
lp658624a9,Cozy Stays Near Halasuru Metro Station,hotel,12.977357,77.62077,2.0,,,False,4.0,,https://static.cupid.travel/hotels/ex_aa5bfa4d_z.jpg,liteapi
lp6558afc0,Sri Sai Comforts,hotel,12.979016,77.58097,2.0,,,False,4.0,,https://static.cupid.travel/hotels/ex_83855655_z.jpg,liteapi
lp656bc7bd,Athasri Hotel Infantry Road,hotel,12.979616,77.603728,2.0,,,False,4.0,,https://static.cupid.travel/hotels/ex_9a0d5099_z.jpg,liteapi
lp658659dd,Stylish Stays at MG Road Near Commercial Street,hotel,12.98128,77.607727,2.0,,,False,4.0,,https://static.cupid.travel/hotels/ex_cb2944c4_z.jpg,liteapi
lp656bd5fd,PPH Living EDEN PARK HOTEL INDIRA NAGAR,hotel,12.983554,77.639684,2.0,,,False,4.0,,https://static.cupid.travel/hotels/ex_w4346h2345x0y5-063c27f4_z.jpg,liteapi
lp65582ee2,Hotel Shivaals Residency,hotel,12.985083,77.552917,2.0,,,False,4.0,,https://static.cupid.travel/hotels/ex_5651bf71_z.jpg,liteapi
lp656bd164,Bohaus by Hyphen,hotel,12.9873,77.697113,2.0,,,False,4.0,,https://static.cupid.travel/hotels/ex_d85c74cf_z.jpg,liteapi
lp6579d2e4,iROOMZ Aura Inn,hotel,12.991772,77.557565,2.0,,,False,4.0,,https://static.cupid.travel/hotels/ex_99ee6f3d_z.jpg,liteapi
lp65862492,Premium Stays Near Phoenix Mall,hotel,12.99404,77.701269,2.0,,,False,4.0,,https://static.cupid.travel/hotels/ex_bc536afa_z.jpg,liteapi
lp6558b020,Navarang Residency,hotel,12.997089,77.555677,2.0,,,False,4.0,,https://static.cupid.travel/hotels/ex_8f22be0c_z.jpg,liteapi
lp656bc663,Smile Stay Malnad Residency,hotel,12.999347,77.576639,2.0,,,False,4.0,,https://static.cupid.travel/hotels/ex_1bbcf87d_z.jpg,liteapi
lp65868b65,Olive Mahalakshmi Metro by Embassy Group,hotel,13.002515,77.54909,2.0,,,False,4.0,,https://static.cupid.travel/hotels/ex_b8ce384c_z.jpg,liteapi
lp656c34ce,Shoba Comfort,hotel,13.006757,77.593429,2.0,,,False,4.0,,https://static.cupid.travel/hotels/ex_c94ae777_z.jpg,liteapi
lp6585bd19,Spacious Comfort Stays at Ramamurthy Nagar,hotel,13.00687,77.66681,2.0,,,False,4.0,,https://static.cupid.travel/hotels/ex_4ae4ee67_z.jpg,liteapi
lp656c3747,PPH Living Grand Arabian,hotel,13.019517,77.556338,2.0,,,False,4.0,,https://static.cupid.travel/hotels/ex_b6cc731e_z.jpg,liteapi
lp657caaa4,Goroomgo Garden Home Stay Bengaluru,hotel,13.020881,77.555229,2.0,,,False,4.0,,https://static.cupid.travel/hotels/ex_6a9cc577_z.jpg,liteapi
lp656db912,Pristine Boutique stay,hotel,13.021484,77.638198,2.0,,,False,4.0,,https://static.cupid.travel/hotels/ex_807616e3_z.jpg,liteapi
lp6581b3ef,Goroomgo Banglore Residency Banglore,hotel,13.021958,77.553566,2.0,,,False,4.0,,https://static.cupid.travel/hotels/ex_522d62f8_z.jpg,liteapi
lp656bd01f,Cocoon Suites,hotel,13.023371,77.636254,2.0,,,False,4.0,,https://static.cupid.travel/hotels/ex_211294ed_z.jpg,liteapi
lp1fc435,Hotel Champion Inn near Yeswantpur Junction Railway Station,hotel,13.0303,77.559813,3.0,,,False,6.2,28.0,https://static.cupid.travel/hotels/535499706.jpg,liteapi
lp656bbfc2,The Prime Hotel HBR,hotel,13.034528,77.629126,2.0,,,False,4.0,,https://static.cupid.travel/hotels/ex_2bc04159_z.jpg,liteapi
lp6558eb80,Tetrad Hotel - International Airport Road Hebbal,hotel,13.035499,77.589881,2.0,,,False,4.0,,https://static.cupid.travel/hotels/ex_8447ac59_z.jpg,liteapi
lp6585d289,Cosy Stays at HBR Layout,hotel,13.035594,77.628527,2.0,,,False,4.0,,https://static.cupid.travel/hotels/ex_6f0d36b7_z.jpg,liteapi
lpf48af,Treebo Trend Dvaraka Inn,hotel,13.03781,77.62701,3.0,,,False,4.0,,https://static.cupid.travel/hotels/ex_9b801339_z.jpg,liteapi
lp656c3bf7,PPH Living Fortune Suites,hotel,13.042235,77.61292,2.0,,,False,4.0,,https://static.cupid.travel/hotels/ex_ea96b2c3_z.jpg,liteapi
lp6586377a,Hotel Karnataka Suites,hotel,13.044164,77.506615,2.0,,,False,4.0,,https://static.cupid.travel/hotels/ex_w1080h720x0y2-e6de5752_z.jpg,liteapi
lp658105d8,Extended Executive Stay,hotel,13.044698,77.62428,,,,False,4.0,,https://static.cupid.travel/hotels/ex_46ac850d_z.jpg,liteapi
lp6585ca8b,Super Townhouse Hebbal Bhadrappa Layout,hotel,13.050074,77.575891,2.0,,,False,4.0,,https://static.cupid.travel/hotels/ex_555754b2_z.jpg,liteapi
lp656dba73,Covie Karle Town 220,hotel,13.053271,77.613252,2.0,,,False,4.0,,https://static.cupid.travel/hotels/ex_81bce6ad_z.jpg,liteapi
lp657f9482,The Nisarga residency,hotel,13.058902,77.505914,3.0,,,False,4.0,,https://static.cupid.travel/hotels/ex_a32239e3_z.jpg,liteapi
lp6586764f,Kerala Style Villa by Stayjade,hotel,13.060581,77.656012,2.0,,,False,4.0,,https://static.cupid.travel/hotels/ex_823b2956_z.jpg,liteapi
lp65818c0e,Transit Stay,hotel,13.061541,77.583971,2.0,,,False,4.0,,https://static.cupid.travel/hotels/ex_e0441e9e_z.jpg,liteapi
lp6586364d,White Stone Comfort,hotel,13.065896,77.598339,2.0,,,False,4.0,,https://static.cupid.travel/hotels/ex_92b7c885_z.jpg,liteapi
lp6558b252,Zenith Hotels Hebbal Bangalore,hotel,13.068649,77.596381,3.0,,,False,4.0,,https://static.cupid.travel/hotels/ex_ae1780a7_z.jpg,liteapi
lp656bc04c,Prince Residency,hotel,13.071399,77.50693,2.0,,,False,4.0,,https://static.cupid.travel/hotels/ex_w3326h4980x1387y0-d6c90420_z.jpg,liteapi
lp65867aa5,Trinetra Homes 61,hotel,13.073276,77.627368,2.0,,,False,4.0,,https://static.cupid.travel/hotels/ex_c1b05379_z.jpg,liteapi
lp656dc0b9,Nest Hospitality,hotel,13.07385,77.628846,2.0,,,False,4.0,,https://static.cupid.travel/hotels/ex_w810h540x135y0-e01d4802_z.jpg,liteapi
lp6573e52f,Hotel O Chaluva Boarding & Lodging,hotel,13.01918,77.5514,3.0,,,False,2.5,11.0,https://static.cupid.travel/hotels/621619037.jpg,liteapi
lp655b9f96,Hotel O Cricotel,hotel,12.897594,77.599708,3.0,,,False,4.0,10.0,https://static.cupid.travel/hotels/614167540.jpg,liteapi
lp657c7639,Shravanya Comforts,hotel,12.87881,77.56719,4.0,,,False,2.7,7.0,https://static.cupid.travel/hotels/613282179.jpg,liteapi
lp6573aada,Hotel O Diamond Street Bangalore Formerly Sri Sai Guru Comfort,hotel,13.050296,77.630169,4.0,,,False,2.7,8.0,https://static.cupid.travel/hotels/534748858.jpg,liteapi
lp6567e799,Hotel O Leva Homes Near Baiyappanahalli Metro Station,hotel,13.011769,77.666323,3.0,,,False,3.4,12.0,https://static.cupid.travel/hotels/574681653.jpg,liteapi
lp515ab,Bluemoon Loginn,hotel,12.913198,77.635481,3.0,,,False,3.0,2.0,https://static.cupid.travel/hotels/ex_04e58592_z.jpg,liteapi
lp657befe2,Hotel Elite Lodging and Restaurant,hotel,13.05776,77.51111,,,,False,3.0,2.0,https://static.cupid.travel/hotels/496812712.jpg,liteapi
lpcd957,Hotel Suprabatha,hotel,12.98037,77.57412,3.0,,,False,2.4,5.0,https://static.cupid.travel/hotels/ex_f916903e_z.jpg,liteapi
lp1b2071,OYO 10522 Varcity Emerald,hotel,12.917453,77.607491,2.0,,,False,3.0,1.0,https://static.cupid.travel/hotels/ex_e322a52b_z.jpg,liteapi
lp37031a,I Cloud-Elite Suites,hotel,12.931387,77.684667,3.0,,,False,3.0,1.0,https://static.cupid.travel/hotels/ex_4b87355a_z.jpg,liteapi
lp655a778e,Fabhotel Turning Point,hotel,12.995398,77.610871,3.0,,,False,4.0,1.0,https://static.cupid.travel/hotels/ex_16fdbd01_z.jpg,liteapi
lp657e8221,Darshan Boarding Lodging and Restaurant,hotel,13.055078,77.533996,2.0,,,False,3.0,1.0,https://static.cupid.travel/hotels/607135408.jpg,liteapi
lp657b38c4,Collection O UTSAV GRAND,hotel,12.898206,77.522138,4.0,,,False,1.9,8.0,https://static.cupid.travel/hotels/585257984.jpg,liteapi
lp6577326f,Local NR Green Woods,hotel,13.05847,77.62637,,,,False,2.3,3.0,https://static.cupid.travel/hotels/555599801.jpg,liteapi
lp326267,Capital O 11148 Amethyst Business Hotel,hotel,12.920039,77.583472,2.0,,,False,2.4,2.0,https://static.cupid.travel/hotels/ex_bf34e572_z.jpg,liteapi
lp655b9fdf,Hotel 8th Mile Suites,hotel,13.043976,77.509754,2.0,,,False,4.0,,https://static.cupid.travel/hotels/ex_dea8d9d5_z.jpg,liteapi
lp8330b,Holiday Village,hotel,12.86759,77.543504,4.0,,,False,2.0,2.0,https://static.cupid.travel/hotels/ex_5cc250a9_z.jpg,liteapi
lp656dbd91,Nest By Rivido Apart Hotel,hotel,12.904982,77.603978,4.0,,,False,2.0,2.0,https://static.cupid.travel/hotels/ex_7d1f564d_z.jpg,liteapi
lpdd8a0,Kanaka Grand,hotel,13.036144,77.590654,3.0,,,False,,2.0,https://static.cupid.travel/hotels/ex_d88874de_z.jpg,liteapi
lpb940b,Treebo Premium Raj Elegance Manyata Tech Park,hotel,13.039267,77.62457,4.0,,,False,7.8,265.0,https://static.cupid.travel/hotels/281616842.jpg,liteapi
lp1f7d87,Arama Suites,hotel,12.8921,77.6025,4.0,,,False,2.0,1.0,https://static.cupid.travel/hotels/ex_92e86ce1_z.jpg,liteapi
lp221542,Hotel  The Prince Royal,hotel,12.902633,77.518879,3.0,,,False,2.0,1.0,https://static.cupid.travel/hotels/ex_2b138715_z.jpg,liteapi
lp656c2b4b,FabExpress Room Stories,hotel,12.904257,77.521217,3.0,,,False,2.0,1.0,https://static.cupid.travel/hotels/ex_8c47f705_z.jpg,liteapi
lp1a9c14,Sasya Homes,hotel,12.915934,77.634213,3.0,,,False,2.0,1.0,https://static.cupid.travel/hotels/ex_b74c777a_z.jpg,liteapi
lp6fe34,Hotel Enzo International,hotel,12.920786,77.664915,4.0,,,False,2.0,1.0,https://static.cupid.travel/hotels/ex_6e567c8a_z.jpg,liteapi
lp6557086c,Itsy Hotels - Comfort Delight,hotel,12.9232,77.61328,3.0,,,False,2.0,1.0,https://static.cupid.travel/hotels/290655279.jpg,liteapi
lpa4fba,Treebo Elite Premium Homes,hotel,12.926633,77.637257,3.0,,,False,8.5,49.0,https://static.cupid.travel/hotels/385201656.jpg,liteapi
lp7675e,Hotel Tiara,hotel,12.93099,77.610957,2.0,,,False,2.0,1.0,https://static.cupid.travel/hotels/ex_3c6fb374_z.jpg,liteapi
lp656c34ae,Fabexpress Grand View,hotel,12.935967,77.614412,3.0,,,False,2.0,1.0,https://static.cupid.travel/hotels/ex_5754ee98_z.jpg,liteapi
lpcee1a,OYO 7924 Home Stay Little Lilly Guest Suites,hotel,12.93636,77.5849,3.0,,,False,2.0,1.0,https://static.cupid.travel/hotels/ex_0ee52d4f_z.jpg,liteapi
lpc85f3,OYO 9418 Jade Springs Hotel,hotel,12.938987,77.699036,3.0,,,False,2.0,1.0,https://static.cupid.travel/hotels/ex_29082454_z.jpg,liteapi
lp6587d0a4,Stopover Backpackers Stay,hotel,12.940118,77.583912,1.0,,,False,2.0,1.0,https://static.cupid.travel/hotels/ex_9e36c99a_z.jpg,liteapi
lp658075c9,Wandr Mizar,hotel,12.94105,77.62778,,,,False,2.0,1.0,https://static.cupid.travel/hotels/562930194.jpg,liteapi
lp8d521,FabHotel Berry's,hotel,12.941841,77.696983,3.0,,,False,,1.0,https://static.cupid.travel/hotels/ex_16945b41_z.jpg,liteapi
lp6555f50c,The Porch Inn Wayanad,hotel,12.944628,77.596695,3.0,,,False,2.0,1.0,https://static.cupid.travel/hotels/ex_15a79e59_z.jpg,liteapi
lp200cc5,Stylotel By Jagadish,hotel,12.9674,77.6066,3.0,,,False,2.0,1.0,https://static.cupid.travel/hotels/ex_7b81fb31_z.jpg,liteapi
lp1c0060,OYO 17177 N Capital,hotel,12.970977,77.587601,3.0,,,False,2.0,1.0,https://static.cupid.travel/hotels/ex_df8e42cc_z.jpg,liteapi
lp656c36a0,Fabhotel Srb Bliss,hotel,12.976968,77.654077,3.0,,,False,2.0,1.0,https://static.cupid.travel/hotels/ex_9e362986_z.jpg,liteapi
lp6557c55f,HOTEL VBR GRAND INN,hotel,12.978063,77.577815,3.0,,,False,2.0,1.0,https://static.cupid.travel/hotels/ex_98166e16_z.jpg,liteapi
lpc864b,OYO 10346 The Himalayan Inn,hotel,12.97873,77.6369,3.0,,,False,2.0,1.0,https://static.cupid.travel/hotels/ex_851af7f1_z.jpg,liteapi
lp656c3081,Fabhotel Emerald Resort,hotel,12.981023,77.604179,2.0,,,False,2.0,1.0,https://static.cupid.travel/hotels/ex_612d6b67_z.jpg,liteapi
lpb0f8d,Hotel Select,hotel,12.982039,77.603349,3.0,,,False,2.0,1.0,https://static.cupid.travel/hotels/ex_2bcbf515_z.jpg,liteapi
lp209cc3,Capital O 13184 Savi International,hotel,12.99013,77.572314,3.0,,,False,2.0,1.0,https://static.cupid.travel/hotels/ex_52077cab_z.jpg,liteapi
lpb474e,Sri Balaji Residency,hotel,12.997491,77.549928,3.0,,,False,2.0,1.0,https://static.cupid.travel/hotels/ex_723bdffd_z.jpg,liteapi
lp658605b4,Soloscape budget friendly backpackers hostel,hostel,13.006636,77.658441,1.0,,,False,2.0,1.0,https://static.cupid.travel/hotels/ex_72e9b150_z.jpg,liteapi
lp6557c9bf,Goroomgo Veekay Regency Bengaluru,hotel,13.023442,77.552774,3.0,,,False,2.0,1.0,https://static.cupid.travel/hotels/ex_352ceee2_z.jpg,liteapi
lp6554f680,Hotel Shyam Inn,hotel,13.030314,77.562128,3.0,,,False,2.0,1.0,https://static.cupid.travel/hotels/ex_fb818dba_z.jpg,liteapi
lp2251f7,Jade Blue Suites,hotel,13.045212,77.619387,3.0,,,False,2.0,1.0,https://static.cupid.travel/hotels/ex_cbe64b88_z.jpg,liteapi
lp65810bad,Fabhotel Humming Suites,hotel,13.060286,77.628516,3.0,,,False,2.0,1.0,https://static.cupid.travel/hotels/ex_ebfe0b61_z.jpg,liteapi
lp6558f6da,Rotano Suites Inn,hotel,13.072285,77.503213,2.0,,,False,2.0,1.0,https://static.cupid.travel/hotels/ex_ce9afe96_z.jpg,liteapi
lp43eaa,Oakwood Premier Prestige Bangalore,hotel,12.971779,77.594808,5.0,,,False,,50.0,https://static.cupid.travel/hotels/ex_e7575940_z.jpg,liteapi
lp655ad11d,Hotel O With Inn,hotel,13.03085,77.56293,4.0,,,False,,177.0,https://static.cupid.travel/hotels/619283544.jpg,liteapi
lp656bbdef,Urban Stay Chairmen Hotel,hotel,12.872117,77.539146,3.0,,,False,2.0,,https://static.cupid.travel/hotels/ex_90daa582_z.jpg,liteapi
lp656dbdbb,COVIE Bannerghatta 185,hotel,12.875378,77.60389,1.0,,,False,2.0,,https://static.cupid.travel/hotels/ex_0aadd0f6_z.jpg,liteapi
lp656db88b,COVIE Bannerghatta 141,hotel,12.883091,77.594452,1.0,,,False,2.0,,https://static.cupid.travel/hotels/ex_315ba281_z.jpg,liteapi
lp656c2088,Fabexpress Sri Sai Suites,hotel,12.890853,77.606077,3.0,,,False,2.0,,https://static.cupid.travel/hotels/ex_w3000h1983x0y0-24bccbcf_z.jpg,liteapi
lp656bca06,RZ Residency,hotel,12.891555,77.591045,2.0,,,False,2.0,,https://static.cupid.travel/hotels/ex_8090da29_z.jpg,liteapi
lp656c36ac,Olive Zip Koramangala 100Ft Road by Embassy Group,hotel,12.938327,77.629252,2.0,,,False,2.0,,https://static.cupid.travel/hotels/ex_6881db5c_z.jpg,liteapi
lp65740a3f,Collection O by OYO LOCL Colive & Work Sarjapur,hotel,12.910037,77.68078,4.0,,,False,1.0,3.0,https://static.cupid.travel/hotels/532743883.jpg,liteapi
lp6573e500,FabHotel SN Residency - Chord Road,hotel,12.98099,77.54875,3.0,,,False,1.0,2.0,https://static.cupid.travel/hotels/604132529.jpg,liteapi
lp657b84dc,Collection O Daivik Sunset Suites,hotel,13.006131,77.505114,,,,False,1.0,2.0,https://static.cupid.travel/hotels/591205238.jpg,liteapi
lp655ad133,Fabhotel Greenwood Xpress Inn,hotel,12.96239,77.648831,3.0,,,False,2.0,1.0,https://static.cupid.travel/hotels/ex_w3000h1994x0y0-f0e35df6_z.jpg,liteapi
lp656e1140,Compact 1bhk in Haralur Near HSR 2nd Floor 202,hotel,12.880994,77.65634,,,,False,1.0,1.0,https://static.cupid.travel/hotels/580844062.jpg,liteapi
lp657b4cbf,Yes Yen comforts,hotel,12.88141,77.59739,,,,False,1.0,1.0,https://static.cupid.travel/hotels/536171793.jpg,liteapi
lp6575fb01,Luxurious 3 bhk apartment with swimming pool,hotel,12.896441,77.621662,,,,False,1.0,1.0,https://static.cupid.travel/hotels/519765489.jpg,liteapi
lp6571f050,Hotel O JJ Home Stay,hotel,12.90363,77.51891,3.0,,,False,1.0,1.0,https://static.cupid.travel/hotels/607387958.jpg,liteapi
lp656e958b,C Suite- Santiago 1,hotel,12.90691,77.69281,3.0,,,False,1.0,1.0,https://static.cupid.travel/hotels/605700215.jpg,liteapi
lp6571a24d,C Suite- Jordan,hotel,12.9114,77.6796,3.0,,,False,1.0,1.0,https://static.cupid.travel/hotels/605893819.jpg,liteapi
lp655ad145,HOTEL WHITE WALKERS,hotel,12.91228,77.56709,3.0,,,False,2.0,1.0,https://snaphotelapi.com/hotels/394577424.jpg,liteapi
lp655b9fad,Fabhotel The Btm Palace,hotel,12.915932,77.605945,3.0,,,False,2.0,1.0,https://static.cupid.travel/hotels/ex_5e81072f_z.jpg,liteapi
lp6583405b,Surya Residency,hotel,12.92584,77.60906,,,,False,1.0,1.0,https://static.cupid.travel/hotels/536722201.jpg,liteapi
lp6581a362,Local Square Koramangala,hotel,12.93326,77.6105,,,,False,1.0,1.0,https://static.cupid.travel/hotels/581871599.jpg,liteapi
lp657aea81,C-Suites Horwich,hotel,13.00679,77.65158,3.0,,,False,1.0,1.0,https://static.cupid.travel/hotels/605685236.jpg,liteapi
lp655b9fd2,Kingston Hotel,hotel,13.010855,77.550548,2.0,,,False,2.0,1.0,https://static.cupid.travel/hotels/ex_f89cfb55_z.jpg,liteapi
lp6581b194,Aster service Apartments,hotel,13.013021,77.623513,,,,False,1.0,1.0,https://static.cupid.travel/hotels/552757901.jpg,liteapi
lp657aea1e,C-suites Winster,hotel,13.0207,77.61275,3.0,,,False,1.0,1.0,https://static.cupid.travel/hotels/605673351.jpg,liteapi
lp6579d24a,ADDRESS24suites,hotel,13.04702,77.59535,,,,False,1.0,1.0,https://static.cupid.travel/hotels/573753243.jpg,liteapi
lp657a0975,Pph Royal GS Comforts Opp Mall of Asia,hotel,13.065975,77.59793,3.0,,,False,1.0,4.0,https://static.cupid.travel/hotels/621244109.jpg,liteapi
lp655a77ba,Hotel O SKYSPACE Near Hare Krishna Hill,hotel,13.02325,77.55338,4.0,,,False,,50.0,https://static.cupid.travel/hotels/515601682.jpg,liteapi
lp6572b724,SPOT ON VN Boarding And Lodging,hotel,13.04844,77.51838,3.0,,,False,3.2,8.0,https://static.cupid.travel/hotels/569596784.jpg,liteapi
lp655ad554,Hotel Banyan Tree,hotel,12.961945,77.65693,3.0,,,False,2.0,,https://static.cupid.travel/hotels/ex_w1046h704x7y4-b5c41f4c_z.jpg,liteapi
lp6587d1c4,hotel muthahalli grand,hotel,12.916768,77.644758,3.0,,,False,,,https://static.cupid.travel/hotels/ex_51056d7f_z.jpg,liteapi
lp1012bc,White Feather Hotel,hotel,13.02873,77.57297,3.0,,,False,,3.0,https://static.cupid.travel/hotels/ex_7e00dfda_z.jpg,liteapi
lp655ac9a7,Hotel O Hongsandra Metro Station Formerly Sri Hari Comforts,hotel,12.906698,77.636416,4.0,,,False,,19.0,https://static.cupid.travel/hotels/574279563.jpg,liteapi
lp6587f696,Hotel SM Comforts BTM Layout,hotel,12.921863,77.602313,3.0,,,False,,2.0,https://static.cupid.travel/hotels/ex_919dd075_z.jpg,liteapi
lp65872c3d,Hotel Olive Leave's,hotel,13.071673,77.507175,2.0,,,False,,2.0,https://static.cupid.travel/hotels/ex_d7a2e2ed_z.jpg,liteapi
lp65881d4e,Park Avenue Hotel Bannerghata Road,hotel,12.890364,77.597485,3.0,,,False,,1.0,https://static.cupid.travel/hotels/ex_00a43596_z.jpg,liteapi
lp65880745,Buteak Suites,hotel,12.914239,77.603063,3.0,,,False,,1.0,https://static.cupid.travel/hotels/ex_1a72252a_z.jpg,liteapi
lp6579a760,ROYAL PARK Opposite MANIPAL HOSPITAL SARJAPUR Signal,hotel,12.921266,77.663569,3.0,,,False,,11.0,https://static.cupid.travel/hotels/548547514.jpg,liteapi
lp6587a055,KORAMANGALA SUITES,hotel,12.936429,77.615098,2.0,,,False,,1.0,https://static.cupid.travel/hotels/ex_bf2291e0_z.jpg,liteapi
lp1abe7a,Sanman Gardenia,hotel,12.943491,77.584769,3.0,,,False,,1.0,https://static.cupid.travel/hotels/ex_e965de6c_z.jpg,liteapi
lp658825bb,Sapphire inn,hotel,12.944293,77.597182,3.0,,,False,,1.0,https://static.cupid.travel/hotels/ex_584020be_z.jpg,liteapi
lp6587cffc,Fabhotel Emara Inn,hotel,12.956614,77.653899,3.0,,,False,,1.0,https://static.cupid.travel/hotels/ex_dc690bf9_z.jpg,liteapi
lp6586ce37,Aurum Keys By VYDA,hotel,12.979478,77.695272,3.0,,,False,,1.0,https://static.cupid.travel/hotels/ex_0c0caecb_z.jpg,liteapi
lp767e5,Shoba Suites-Kammanahalli,hotel,13.0244,77.64114,2.0,,,False,,1.0,https://static.cupid.travel/hotels/118989783.jpg,liteapi
lp655ac9bd,OYO 18718 Pavitra Delux,hotel,13.04147,77.62219,3.0,,,False,1.0,1.0,https://static.cupid.travel/hotels/460520168.jpg,liteapi
lp65881369,SGR Paradise,hotel,13.066867,77.502697,2.0,,,False,,1.0,https://static.cupid.travel/hotels/ex_w660h470x0y401-00c16c3f_z.jpg,liteapi
lp6572252f,Cheerful 1bedroom house in 3rd floor,hotel,12.86443,77.60466,,,,False,,,https://static.cupid.travel/hotels/497502909.jpg,liteapi
lp6575857e,Cheerful spacious 2bhk in first floor,hotel,12.86443,77.60466,,,,False,,,https://static.cupid.travel/hotels/497505788.jpg,liteapi
lp6574c5b5,Luxurious 2bhk in second floor,hotel,12.864834,77.613685,,,,False,,,https://static.cupid.travel/hotels/592012314.jpg,liteapi
lp65798b78,Awesome studio unit on terrace,hotel,12.86487,77.61368,,,,False,,,https://static.cupid.travel/hotels/497400525.jpg,liteapi
lp65891d9e,Stayz Royale - Electronic City,hotel,12.865209579467773,77.65650939941406,3.0,,,False,,,https://static.cupid.travel/hotels/ex_3689c73c_z.jpg,liteapi
lp6574b959,Studio Rooms in GF,hotel,12.86533,77.6138,,,,False,,,https://static.cupid.travel/hotels/596891660.jpg,liteapi
lp6587ce56,Span Suites by Stayz Royale,hotel,12.865374,77.656495,3.0,,,False,,,https://static.cupid.travel/hotels/ex_4486736b_z.jpg,liteapi
lp656bcda8,Smilestay Sri Sai ram Suites,hotel,12.865391,77.656404,2.0,,,False,,,https://static.cupid.travel/hotels/ex_e73d1288_z.jpg,liteapi
lp6580b28b,PG_Guruprem,hotel,12.86567,77.60092,,,,False,,,https://static.cupid.travel/hotels/548351902.jpg,liteapi
lp656fab4a,Premium 1 BHK with 2 Balconies,hotel,12.8661,77.60238,,,,False,,,https://static.cupid.travel/hotels/620198691.jpg,liteapi
lp6583b089,Paradise Retreat,hotel,12.866167,77.688084,,,,False,,,https://static.cupid.travel/hotels/591674943.jpg,liteapi
lp657880c3,Home away Home,hotel,12.86655,77.60113,,,,False,,,https://static.cupid.travel/hotels/553264850.jpg,liteapi
lp6584a663,Saashivnest Homestay,hotel,12.86778,77.62252,,,,False,,,https://static.cupid.travel/hotels/505359839.jpg,liteapi
lp658917c0,AEON HOTEL,hotel,12.867939949035645,77.65117645263672,3.0,,,False,,,https://static.cupid.travel/hotels/ex_f60dc3d0_z.jpg,liteapi
lp6573a8eb,Octave KSP Kings Inn and Spa,hotel,12.86795,77.65118,3.0,,,False,,,https://static.cupid.travel/hotels/603219575.jpg,liteapi
lp6587e9fc,Snap Inn Rooms By The Buzz House,hotel,12.868142,77.693711,3.0,,,False,,,https://static.cupid.travel/hotels/ex_ffe4c2ea_z.jpg,liteapi
lp65819693,HOTEL MILLENNIUM COMFORT,hotel,12.86861,77.57645,4.0,,,False,,,https://static.cupid.travel/hotels/609578503.jpg,liteapi
lp65880add,Fabhotel Golden Stay,hotel,12.869092,77.581817,3.0,,,False,,,https://static.cupid.travel/hotels/ex_bb4d4e21_z.jpg,liteapi
lpc1433,The Vintage Inn by Omatra,hotel,12.870611,77.659036,4.0,,,False,,,https://static.cupid.travel/hotels/ex_3886b7d5_z.jpg,liteapi
lp656e793b,Compact yet beautiful 1bhk 402,hotel,12.871328,77.618169,3.0,,,False,,,https://static.cupid.travel/hotels/503332312.jpg,liteapi
lp656e7996,Compact yet beautiful 1bhk 002,hotel,12.871328,77.618169,3.0,,,False,,,https://static.cupid.travel/hotels/503328747.jpg,liteapi
lp656e6deb,Compact yet beautiful 1bhk 105,hotel,12.87133,77.61817,,,,False,,,https://static.cupid.travel/hotels/503273583.jpg,liteapi
lp656e6df4,Compact yet beautiful 1bhk 104,hotel,12.87133,77.61817,,,,False,,,https://static.cupid.travel/hotels/503271867.jpg,liteapi
lp656e6e2e,Compact yet beautiful 1bhk 101,hotel,12.87133,77.61817,,,,False,,,https://static.cupid.travel/hotels/503266487.jpg,liteapi
lp656e6e49,Compact yet beautiful 1bhk 103,hotel,12.87133,77.61817,,,,False,,,https://static.cupid.travel/hotels/503270551.jpg,liteapi
lp656e7968,Compact yet beautiful 1bhk 401,hotel,12.87133,77.61817,,,,False,,,https://static.cupid.travel/hotels/503330292.jpg,liteapi
lp656e7469,Compact yet beautiful 1bhk 305,hotel,12.871534,77.618567,3.0,,,False,,,https://static.cupid.travel/hotels/497150512.jpg,liteapi
lp656e776e,Compact yet beautiful 1bhk 306,hotel,12.871535,77.618523,,,,False,,,https://static.cupid.travel/hotels/497300786.jpg,liteapi
lp656e777b,Compact yet beautiful 1bhk 303,hotel,12.871535,77.618523,4.0,,,False,,,https://static.cupid.travel/hotels/497331155.jpg,liteapi
lp656e7790,Compact yet beautiful 1bhk 301,hotel,12.871535,77.618523,4.0,,,False,,,https://static.cupid.travel/hotels/497338092.jpg,liteapi
lp656e7791,Compact yet beautiful 1bhk 302,hotel,12.871535,77.618523,4.0,,,False,,,https://static.cupid.travel/hotels/497335736.jpg,liteapi
lp656e7799,Compact yet beautiful 1bhk 304,hotel,12.871535,77.618523,3.0,,,False,,,https://static.cupid.travel/hotels/497325887.jpg,liteapi
lp656e6ec6,Compact yet beautiful 1bhk 205,hotel,12.87154,77.61851,,,,False,,,https://static.cupid.travel/hotels/506201451.jpg,liteapi
lp65719195,Beautiful 1BHK Akshay nagar BG road 2nd floor,hotel,12.87262,77.62094,,,,False,,,https://static.cupid.travel/hotels/501231895.jpg,liteapi
lp657e3a8f,Hotel Pallavi Grand,hotel,12.872721,77.645852,2.0,,,False,,1.0,https://static.cupid.travel/hotels/564759266.jpg,liteapi
lp65875f7c,Super Collection O Singasandra Hosa Road,hotel,12.873481,77.650002,2.0,,,False,,,https://static.cupid.travel/hotels/ex_44e5a7b4_z.jpg,liteapi
lp6584b0ee,Annapoorna Residency,hotel,12.87406,77.53009,,,,False,,,https://static.cupid.travel/hotels/467295302.jpg,liteapi
lp657b914e,AI Startup Room SiyaRam Bangalore,hotel,12.8744,77.61879,,,,False,,,https://static.cupid.travel/hotels/516840524.jpg,liteapi
lp6573f832,C Suite- Ironwood,hotel,12.87452,77.59957,3.0,,,False,,,https://static.cupid.travel/hotels/605688699.jpg,liteapi
lp656f6dca,Covie Bannergatta 185,hotel,12.87542,77.60391,,,,False,,,https://static.cupid.travel/hotels/463564996.jpg,liteapi
lp657bad29,Fabhotel The South Square,hotel,12.875814,77.616868,3.0,,,False,,,https://static.cupid.travel/hotels/ex_9b23ae1c_z.jpg,liteapi
lp65727431,Confido Inn & Express,hotel,12.87605,77.52964,,,,False,,,https://static.cupid.travel/hotels/556078671.jpg,liteapi
lp656f3554,"1bhk near BG road, BTM and Jp nagar and ECity",hotel,12.87606,77.61511,,,,False,,,https://static.cupid.travel/hotels/497508649.jpg,liteapi
lp65853d6b,Paradise,hotel,12.87609,77.605,,,,False,,,https://static.cupid.travel/hotels/573174257.jpg,liteapi
lp657551c8,Hotel O Harsha Inn,hotel,12.87743,77.51755,3.0,,,False,,,https://static.cupid.travel/hotels/578160335.jpg,liteapi
lp657c9735,Hotel O Sammilana Comforts,hotel,12.87763,77.60336,3.0,,,False,,,https://static.cupid.travel/hotels/618278382.jpg,liteapi
lp6587c1fb,Visla Stay - Premium Serviced Apartment,hotel,12.877789,77.61768,3.0,,,False,,,https://static.cupid.travel/hotels/ex_6a9e3b21_z.jpg,liteapi
lp657ab40a,Princess inn coliving pg,hotel,12.87877,77.59895,,,,False,,,https://static.cupid.travel/hotels/564165933.jpg,liteapi
lp657b93e3,Hotel O Singasandra Metro Station,hotel,12.87954,77.64397,4.0,,,False,,,https://static.cupid.travel/hotels/589392002.jpg,liteapi
lp65850576,Gurukrupa,hotel,12.87958,77.59819,,,,False,,,https://static.cupid.travel/hotels/561414628.jpg,liteapi
lp657ce30f,C Suite-Marysville,hotel,12.88005,77.64383,3.0,,,False,,,https://static.cupid.travel/hotels/605712416.jpg,liteapi
lpc85dc,OYO 6144 Hotel M Plaza,hotel,12.880081,77.65548,3.0,,,False,,,https://static.cupid.travel/hotels/ex_3533c7de_z.jpg,liteapi
lp65819da3,ILYA SERVICED APARTMENTS,hotel,12.8801,77.63879,,,,False,,,https://static.cupid.travel/hotels/535132145.jpg,liteapi
lp658306eb,Pooja Tranquil,hotel,12.88019,77.57124,,,,False,,,https://static.cupid.travel/hotels/568706608.jpg,liteapi
lp658374f0,Symphony Suites,hotel,12.880517,77.600216,3.0,,,False,,,https://static.cupid.travel/hotels/620151943.jpg,liteapi
lp656e1023,Compact 1bhk in Haralur Near HSR 2nd Floor 203,hotel,12.880994,77.65634,,,,False,,,https://static.cupid.travel/hotels/580866013.jpg,liteapi
lp656e1077,Compact 1bhk in Haralur Near HSR 1st floor 102,hotel,12.880994,77.65634,,,,False,,1.0,https://static.cupid.travel/hotels/580658827.jpg,liteapi
lp656e119a,Compact 1bhk in Haralur Near HSR 1st Floor 103,hotel,12.880994,77.65634,,,,False,,,https://static.cupid.travel/hotels/580663617.jpg,liteapi
lp656e1223,Compact 1bhk in Haralur Near HSR 4th Floor 402,hotel,12.880994,77.65634,,,,False,,,https://static.cupid.travel/hotels/581113107.jpg,liteapi
lp656e1228,Compact 1bhk in Haralur Near HSR 3rd Floor 302,hotel,12.880994,77.65634,,,,False,,,https://static.cupid.travel/hotels/581105980.jpg,liteapi
lp656e1253,Compact 1bhk in Haralur Near HSR 3rd Floor 303,hotel,12.880994,77.65634,,,,False,,,https://static.cupid.travel/hotels/581107781.jpg,liteapi
lp656edb36,Compact Studio in Haralur Near HSR 3rd Floor 301,hotel,12.880994,77.65634,,,,False,,,https://static.cupid.travel/hotels/581098785.jpg,liteapi
lp656edf1e,Compact Studio in Haralur Near HSR 1st floor 101,hotel,12.880994,77.65634,,,,False,,,https://static.cupid.travel/hotels/580656782.jpg,liteapi
lp656ee2c6,Compact Studio in Haralur Near HSR 4th Floor 401,hotel,12.880994,77.65634,,,,False,,,https://static.cupid.travel/hotels/581110475.jpg,liteapi
lp656f31f1,Compact 1Bhk in Haralur Near HSR Ground floor 002,hotel,12.880994,77.65634,3.0,,,False,,,https://static.cupid.travel/hotels/580206863.jpg,liteapi
lp656f3217,Compact 1Bhk in Haralur Near HSR Ground floor 001,hotel,12.880994,77.65634,,,,False,,,https://static.cupid.travel/hotels/580204148.jpg,liteapi
lp65720e71,"Serene 1BK space in AECS, Hosur Road Bengaluru",hotel,12.88151,77.64033,,,,False,,,https://static.cupid.travel/hotels/507201236.jpg,liteapi
lp657dcf32,Gatsby Cabana 2bhk Luxury Villa by Spacez,hotel,12.881543,77.590107,,,,False,,,https://static.cupid.travel/hotels/616790214.jpg,liteapi
lp1a8a3c,OYO 13934 Shri Krishna Hometel,hotel,12.8818,77.6392,3.0,,,False,,,https://static.cupid.travel/hotels/ex_b0be96f1_z.jpg,liteapi
lp6587e9fd,HOTEL DD COMFORT,hotel,12.882072,77.603364,2.0,,,False,,,https://static.cupid.travel/hotels/ex_df1ec4ca_z.jpg,liteapi
lp65880685,Treebo Silent Woods,hotel,12.882138,77.516302,3.0,,,False,,,https://static.cupid.travel/hotels/ex_cbcb6d14_z.jpg,liteapi
lp6579bcf2,C Suite-Vilnius,hotel,12.882575,77.613529,3.0,,,False,,,https://static.cupid.travel/hotels/605946584.jpg,liteapi
lp65851237,SQUARSTAY,hotel,12.88278,77.64112,,,,False,,,https://static.cupid.travel/hotels/535198557.jpg,liteapi
lp379014,Hotel O Kudlu Gate MMR,hotel,12.88371,77.64066,4.0,,,False,,,https://static.cupid.travel/hotels/613766619.jpg,liteapi
lp656c262e,Hotel BNS comforts by Agira Hotels,hotel,12.884092,77.604559,3.0,,,False,,,https://static.cupid.travel/hotels/ex_cd83ef72_z.jpg,liteapi
lp65875f76,Townhouse Arekere Near Mithai Mahal,hotel,12.884107,77.604664,2.0,,,False,,,https://static.cupid.travel/hotels/ex_358c141f_z.jpg,liteapi
lp657e3477,FabHotel BNS Comforts - Bannerghatta,hotel,12.88438,77.604167,3.0,,,False,,3.0,https://static.cupid.travel/hotels/605369241.jpg,liteapi
lp656f8c12,budget 1 bhk stay,hotel,12.88467,77.61516,,,,False,,,https://static.cupid.travel/hotels/559360935.jpg,liteapi
lp1c5130,Spring Petal Serviced Apartments,hotel,12.8852,77.5949,3.0,,,False,,,https://static.cupid.travel/hotels/ex_713e1a52_z.jpg,liteapi
lp656eb3f2,Home Star - 2 BHK Apartment,hotel,12.88523,77.70418,,,,False,,,https://static.cupid.travel/hotels/592273054.jpg,liteapi
lpc5530,Rainbow Service Apartment,hotel,12.88585,77.60239,4.0,,,False,,,https://static.cupid.travel/hotels/ex_baa2733b_z.jpg,liteapi
lp657531ec,Lovely 2BHK Ac apartment,hotel,12.88599,77.55994,,,,False,,,https://static.cupid.travel/hotels/538312145.jpg,liteapi
lp656c30cb,Urban Sqaur Stay,hotel,12.886032,77.649435,3.0,,,False,,,https://static.cupid.travel/hotels/ex_35816502_z.jpg,liteapi
lp656f8f5f,C Suite- Marion B,hotel,12.88635,77.631,3.0,,,False,,,https://static.cupid.travel/hotels/605716995.jpg,liteapi
lp6575596e,DeeSam's Cozy Flat in Sarjapur,hotel,12.88665,77.70382,,,,False,,,https://static.cupid.travel/hotels/568402212.jpg,liteapi
lp6582173b,Oriva Freshco,hotel,12.88997,77.64825,3.0,,,False,,,https://static.cupid.travel/hotels/611374021.jpg,liteapi
lp65735329,Naik's Nest,hotel,12.89073,77.62694,,,,False,,,https://static.cupid.travel/hotels/600329488.jpg,liteapi
lp657f9d98,Parijatha apartment l,hotel,12.89073,77.62694,,,,False,,,https://static.cupid.travel/hotels/597161006.jpg,liteapi
lp65752da2,C Suite- Waterford,hotel,12.891744,77.588484,3.0,,,False,,,https://static.cupid.travel/hotels/605714413.jpg,liteapi
lp65875eee,Super Collection O Bannerghatta IIM,hotel,12.892031,77.606939,2.0,,,False,,,https://static.cupid.travel/hotels/ex_3220433c_z.jpg,liteapi
lp6588c6f7,Proximus Boutique Hotel Apartments,hotel,12.892084121704102,77.60147857666016,4.0,,,False,,,https://static.cupid.travel/hotels/ex_ea847f83_z.jpg,liteapi
lp6578ea58,"Hotel Arama Suites, Bengaluru",hotel,12.8922,77.60251,,,,False,,,https://static.cupid.travel/hotels/585640296.jpg,liteapi
lp32607e,OYO 44601 Akthar Comforts,hotel,12.892233,77.637726,3.0,,,False,,,https://static.cupid.travel/hotels/ex_d536cad1_z.jpg,liteapi
lpacf96,Cozy Ambience,hotel,12.892341,77.594883,3.0,,,False,,,https://static.cupid.travel/hotels/ex_2a25d2ad_z.jpg,liteapi
lpb0ed0,Catalyst Suites,hotel,12.892543,77.594957,3.0,,,False,,,https://static.cupid.travel/hotels/ex_cc8295c7_z.jpg,liteapi
lp658756aa,THE Woodrose,hotel,12.892563,77.583007,4.0,,,False,,,https://static.cupid.travel/hotels/ex_b17891ae_z.jpg,liteapi
lp6581e0c9,Spacious Studio Penthouse,hotel,12.89266,77.59584,,,,False,,,https://static.cupid.travel/hotels/505426229.jpg,liteapi
lp656c368a,SKANDA SHELTERS,hotel,12.892809,77.606789,2.0,,,False,,,https://static.cupid.travel/hotels/ex_294c19fe_z.jpg,liteapi
lp2a9ebe,Treebo Trip Hotel New Golden Key,hotel,12.892844,77.638363,3.0,,,False,,,https://static.cupid.travel/hotels/ex_803b9198_z.jpg,liteapi
lp209c81,OYO 23441 Shree Gowri Comfort,hotel,12.893014,77.61198,3.0,,,False,,,https://static.cupid.travel/hotels/ex_b1170b7c_z.jpg,liteapi
lp65761f53,C Suite- Pittsburgh,hotel,12.89363,77.62062,3.0,,,False,,,https://static.cupid.travel/hotels/605676390.jpg,liteapi
lpceddc,OYO 4641 The Sangh Gunny,hotel,12.89431,77.60915,3.0,,,False,,,https://static.cupid.travel/hotels/ex_5b2f0f31_z.jpg,liteapi
lp65703752,Sweet Home - 2 bedroom appartment in JP Nagar,hotel,12.895915,77.587384,,,,False,,,https://static.cupid.travel/hotels/590385292.jpg,liteapi
lp6581dccd,ExtraSpace Kanakpura Road,hotel,12.89609,77.53974,,,,False,,,https://static.cupid.travel/hotels/508194255.jpg,liteapi
lp657096f0,A cozy 2 bedroom flat for family stay,hotel,12.89627,77.62158,,,,False,,,https://static.cupid.travel/hotels/584673925.jpg,liteapi
lp656dd8f6,A cozy 2 bhk flat,hotel,12.896392,77.62169,,,,False,,,https://static.cupid.travel/hotels/593561767.jpg,liteapi
lp65712549,Luxurious 3 BHK premium flat with pool & free parking,hotel,12.8964,77.62173,,,,False,,,https://static.cupid.travel/hotels/493775675.jpg,liteapi
lp65751fa8,An affordable cozy 2 BHK for family or working professionals,hotel,12.89646,77.62164,,,,False,,,https://static.cupid.travel/hotels/600112908.jpg,liteapi
lp657515ed,Wandr. Mensa,hotel,12.89674,77.656968,,,,False,,,https://static.cupid.travel/hotels/ex_b052cb15_z.jpg,liteapi
lp6584225a,Vivia Tranquility,hotel,12.897178,77.595433,,,,False,,,https://static.cupid.travel/hotels/596508244.jpg,liteapi
lpc862f,OYO 9060 Sri Sai Guest Inn,hotel,12.897315,77.599565,3.0,,,False,,,https://static.cupid.travel/hotels/ex_4f94a448_z.jpg,liteapi
lp6588fa23,Fabhotel Living Suits,hotel,12.897626876831055,77.5996322631836,3.0,,,False,,,https://static.cupid.travel/hotels/ex_1a582f46_z.jpg,liteapi
lp656fbd52,C Suite- Leon,hotel,12.89792,77.70204,3.0,,,False,,,https://static.cupid.travel/hotels/605954980.jpg,liteapi
lp65750a66,Wandr Crux - Bomanahalli,hotel,12.898881,77.632482,3.0,,,False,,,https://static.cupid.travel/hotels/ex_094b1379_z.jpg,liteapi
lp65760e17,Super Hotel O Manyu,hotel,12.89908,77.6566,4.0,,,False,,,https://static.cupid.travel/hotels/528994588.jpg,liteapi
lp6588bec7,Fabhotel Golden Inn I,hotel,12.899347305297852,77.62848663330078,3.0,,,False,,,https://static.cupid.travel/hotels/ex_a18fce8b_z.jpg,liteapi
lp657130e3,Home in the Heart of the City,hotel,12.8996,77.64885,,,,False,,,https://static.cupid.travel/hotels/601659081.jpg,liteapi
lp657fd6ea,Luxury apparment WIFI,hotel,12.8999,77.67725,,,,False,,,https://static.cupid.travel/hotels/502293399.jpg,liteapi
lp6588f784,Aishwarya Apartments,hotel,12.90005111694336,77.60538482666016,3.0,,,False,,,https://static.cupid.travel/hotels/ex_b6a04a05_z.jpg,liteapi
lp65760523,Hotel O Crystal Inn,hotel,12.90139,77.60281,3.0,,,False,,,https://static.cupid.travel/hotels/517308903.jpg,liteapi
lp6588cdb9,Hotel SM Stay INN,hotel,12.90141773223877,77.59652709960938,3.0,,,False,,,https://static.cupid.travel/hotels/ex_9d80a21b_z.jpg,liteapi
lp65755fe9,"Wandr Taurus, Sarjapur, Vaishnavi Tech Park, Manipal Hospital",hotel,12.90219,77.67845,,,,False,,,https://static.cupid.travel/hotels/540694336.jpg,liteapi
lp6588fbdb,Royal Vista Hotel,hotel,12.902664184570312,77.52081298828125,2.0,,,False,,,https://static.cupid.travel/hotels/ex_56717440_z.jpg,liteapi
lp6573ccea,"Wandr Taurus - Sarjapur, Vaishnavi Tech Park, Manipal Hospital",hotel,12.90278,77.678642,3.0,,,False,,,https://static.cupid.travel/hotels/ex_adeecec0_z.jpg,liteapi
lp6588edd0,Fabhotel Slv Suites,hotel,12.903031349182129,77.52037811279297,3.0,,,False,,,https://static.cupid.travel/hotels/ex_81c90f68_z.jpg,liteapi
lp657f47b8,Hotel Crystal Castle,hotel,12.90319,77.58594,4.0,,,False,,,https://static.cupid.travel/hotels/ex_c70d3d53_z.jpg,liteapi
lp658376fc,Golden Paradise,hotel,12.90352,77.5142,2.0,,,False,,,https://static.cupid.travel/hotels/586851239.jpg,liteapi
lp65773066,C Suite-Castle Point,hotel,12.90363,77.67617,3.0,,,False,,,https://static.cupid.travel/hotels/605959446.jpg,liteapi
lp6588feb0,Fabhotel Balaji I,hotel,12.903791427612305,77.51456451416016,3.0,,,False,,,https://static.cupid.travel/hotels/ex_3583c995_z.jpg,liteapi
lpc3a58,Hotel The Prince Gardenia,hotel,12.903803,77.51388,3.0,,,False,,,https://static.cupid.travel/hotels/ex_f93aa249_z.jpg,liteapi
lp658916a3,The Marella Suites,hotel,12.90382194519043,77.51895141601562,3.0,,,False,,,https://static.cupid.travel/hotels/ex_0dad9b6d_z.jpg,liteapi
lp6588e0a7,Fabhotel Marella Grand Inn,hotel,12.903838157653809,77.5163803100586,3.0,,,False,,,https://static.cupid.travel/hotels/ex_ab0867d6_z.jpg,liteapi
lp657ccabe,THE MARELLA SUITES,hotel,12.90388,77.518952,3.0,,,False,,6.0,https://static.cupid.travel/hotels/527921187.jpg,liteapi
lp657a1ed1,Hotel Marella Grand Inn,hotel,12.90389,77.51893,3.0,,,False,,,https://static.cupid.travel/hotels/604143284.jpg,liteapi
lp6588ebd3,royal indraprastha the hotel,hotel,12.903923988342285,77.51172637939453,2.0,,,False,,,https://static.cupid.travel/hotels/ex_f633908b_z.jpg,liteapi
lp657bb0de,Anjani Suta Standard Room,hotel,12.90397,77.545446,,,,False,,1.0,https://static.cupid.travel/hotels/555120522.jpg,liteapi
lp65873edf,VISTA LIVING,hotel,12.90409,77.678901,3.0,,,False,,,https://static.cupid.travel/hotels/ex_1c83796c_z.jpg,liteapi
lp6581b1f5,VISTA LIVING,hotel,12.9041,77.67884,,,,False,,,https://static.cupid.travel/hotels/535519994.jpg,liteapi
lp65576e73,Treebo Trend Corporate Suites,hotel,12.904182,77.521016,3.0,,,False,,,https://static.cupid.travel/hotels/ex_0edad98f_z.jpg,liteapi
lp6572df69,Lasa Penthouse - Vacation or Workation 2bhk Flat,hotel,12.90427,77.6758,,,,False,,,https://static.cupid.travel/hotels/590702972.jpg,liteapi
lp6587f92b,Fabhotel Luxury Suites,hotel,12.904526,77.499531,2.0,,,False,,,https://static.cupid.travel/hotels/ex_00206ec9_z.jpg,liteapi
lp65707cf4,C Suite - Beverly Hills,hotel,12.90461,77.5799,3.0,,,False,,,https://static.cupid.travel/hotels/605679547.jpg,liteapi
lpb4775,Catalyst Suites-JP Nagar,hotel,12.904618,77.593906,2.0,,,False,,,https://static.cupid.travel/hotels/ex_99d273fe_z.jpg,liteapi
lp1cabbf,OYO 27781 Sri Sai Comforts,hotel,12.904704,77.504999,3.0,,,False,,,https://static.cupid.travel/hotels/ex_cea4a8b0_z.jpg,liteapi
lp65807a86,Siddheshwara Home Stay,hotel,12.90504,77.58427,,,,False,,,https://static.cupid.travel/hotels/575955905.jpg,liteapi
lp65878524,FabHotel Golden Grand Inn - Global Village,hotel,12.905217,77.499654,3.0,,,False,,,https://static.cupid.travel/hotels/ex_6f990470_z.jpg,liteapi
lp6588c9e9,Fabhotel Dwaraka Comfort,hotel,12.905441284179688,77.50012969970703,3.0,,,False,,,https://static.cupid.travel/hotels/ex_cf21e352_z.jpg,liteapi
lp657824ac,Urban Express G Grand,hotel,12.90565,77.64884,2.0,,,False,,,https://static.cupid.travel/hotels/521901668.jpg,liteapi
lp1869a0,OYO 17160 Rain Tree Comforts,hotel,12.905715,77.648373,3.0,,,False,,,https://static.cupid.travel/hotels/ex_86521306_z.jpg,liteapi
lp6557d11d,Super Hotel O Ganakkal Near BGS Hospital Junction,hotel,12.90591,77.49975,3.0,,,False,,,https://static.cupid.travel/hotels/611673396.jpg,liteapi
lp657c4e70,C-Suites Brighton,hotel,12.906,77.59906,3.0,,,False,,,https://static.cupid.travel/hotels/605695273.jpg,liteapi
lp657e4a67,Octave Comfort Zone,hotel,12.90629,77.5962,3.0,,,False,,,https://static.cupid.travel/hotels/572136705.jpg,liteapi
lp656e5203,Trinetra 34,hotel,12.906587,77.605332,,,,False,,,https://static.cupid.travel/hotels/600641940.jpg,liteapi
lp6572b21d,"The Contessa, HSR Cozy couple friendly 1bhk flat",hotel,12.90659,77.64175,,,,False,,,https://static.cupid.travel/hotels/594355808.jpg,liteapi
lp65786933,room2go,hotel,12.90696,77.58763,,,,False,,,https://static.cupid.travel/hotels/618332106.jpg,liteapi
lp65762e82,Hotel O RR Comforts,hotel,12.90697,77.51216,3.0,,,False,,1.0,https://static.cupid.travel/hotels/610974707.jpg,liteapi
lp657059b1,"Cozy 2BHK Flat in RR Nagar,full flat, without host",hotel,12.90708,77.51965,,,,False,,,https://static.cupid.travel/hotels/588466915.jpg,liteapi
lp658578b6,Tranquility,hotel,12.9071,77.49309,,,,False,,,https://static.cupid.travel/hotels/566021951.jpg,liteapi
lp6576b4b8,Hotel O XOTEL,hotel,12.90732,77.63256,3.0,,,False,,,https://static.cupid.travel/hotels/613315174.jpg,liteapi
lp65710fdd,Vega Apartment By Red Olive 3HK JP nagar AC Wifi,hotel,12.90746,77.60379,,,,False,,,https://static.cupid.travel/hotels/550528172.jpg,liteapi
lp6571217a,Wandr Sarin - HSR Layout,hotel,12.90761,77.63788,,,,False,,,https://static.cupid.travel/hotels/579058945.jpg,liteapi
lp6588b5bd,Fabhotel Dream Comforts,hotel,12.907710075378418,77.48854064941406,3.0,,,False,,,https://static.cupid.travel/hotels/ex_b85924f6_z.jpg,liteapi
lp6588ecee,Homeslice Sarjapur,hotel,12.908072471618652,77.68536376953125,2.0,,,False,,,https://static.cupid.travel/hotels/ex_b0cd5d37_z.jpg,liteapi
lp65824e90,Wandr Rigarus,hotel,12.90834,77.65029,,,,False,,,https://static.cupid.travel/hotels/581116149.jpg,liteapi
lp657b7d46,Hotel O Easy Stay Rooms,hotel,12.908527,77.53394,4.0,,,False,,,https://static.cupid.travel/hotels/534524120.jpg,liteapi
lp65875f70,Super Collection O Sarjapura Road Kasavanahalli,hotel,12.908636,77.676234,2.0,,,False,,,https://static.cupid.travel/hotels/ex_c48b34d1_z.jpg,liteapi
lp6578e7d6,Hotel O Emara Executive Rooms,hotel,12.90867,77.53444,4.0,,,False,,,https://static.cupid.travel/hotels/589904321.jpg,liteapi
lp65890e3b,"Treebo Liyan Orchid, Hsr Layout",hotel,12.908855438232422,77.64334869384766,3.0,,,False,,,https://static.cupid.travel/hotels/ex_9749fcdc_z.jpg,liteapi
lp4f6cf,Shakthi Hill Resort,hotel,12.908873,77.528487,3.0,,,False,,,https://static.cupid.travel/hotels/ex_6ab950a0_z.jpg,liteapi
lp84174,Rio The Hotel,hotel,12.909203,77.572017,4.0,,,False,,,https://static.cupid.travel/hotels/hd/ex_18ea9053_z.jpg,liteapi
lp657f23ee,HODO Saavn,hotel,12.90936,77.65004,,,,False,,,https://static.cupid.travel/hotels/566637035.jpg,liteapi
lp65873fc8,Hotel SY Comforts,hotel,12.909621,77.564902,3.0,,,False,,,https://static.cupid.travel/hotels/ex_w846h1279x0y1-a8ddab02_z.jpg,liteapi
lp6578bede,Snooze Living Santorini AC in Master,hotel,12.90982,77.63051,,,,False,,,https://static.cupid.travel/hotels/578758530.jpg,liteapi
lp6557171a,Jagadish Hotel HSR,hotel,12.909855,77.631212,3.0,,,False,,,https://static.cupid.travel/hotels/ex_f4fae640_z.jpg,liteapi
lp657f9186,Local Colive Sarjapur,hotel,12.910044,77.680778,3.0,,,False,,,https://static.cupid.travel/hotels/528408555.jpg,liteapi
lp1bfdaf,OYO 27005 The Woodbridge Hotel,hotel,12.910504,77.600693,3.0,,,False,,,https://static.cupid.travel/hotels/ex_9d1530df_z.jpg,liteapi
lp6573d99d,"Wandr Carina - Sarjapur, Vaishnavi Tech park, Columbia Asia Hospital",hotel,12.910875,77.667725,3.0,,,False,,,https://static.cupid.travel/hotels/ex_f6013f77_z.jpg,liteapi
lp657b227b,Wandr. Bellatrix,hotel,12.911051,77.667425,,,,False,,,https://static.cupid.travel/hotels/ex_4fbb7332_z.jpg,liteapi
lp65751bb5,Wandr. Rigel,hotel,12.911559,77.632023,,,,False,,,https://static.cupid.travel/hotels/ex_95583dd5_z.jpg,liteapi
lp65723670,FabHotel NK Comforts - JP nagar,hotel,12.91157,77.57591,3.0,,,False,,,https://static.cupid.travel/hotels/597766306.jpg,liteapi
lp6588066f,Forest Keys By VYDA,hotel,12.911673,77.599075,3.0,,,False,,,https://static.cupid.travel/hotels/ex_f6e3d377_z.jpg,liteapi
lp6579a356,Collection O Emara Grand Hotel,hotel,12.9119,77.63331,4.0,,,False,,,https://static.cupid.travel/hotels/617670386.jpg,liteapi
lp6572722d,C Suites - Birmingham,hotel,12.91241,77.62507,3.0,,,False,,,https://static.cupid.travel/hotels/605123140.jpg,liteapi
lpc85c2,OYO 8501 Abhimaani Comforts,hotel,12.912565,77.573633,2.0,,,False,,,https://static.cupid.travel/hotels/ex_4a568d69_z.jpg,liteapi
lp658912d4,Hotel Roope Inn,hotel,12.912715911865234,77.62406921386719,2.0,,,False,,,https://static.cupid.travel/hotels/ex_25377e3e_z.jpg,liteapi
lp6580ab4d,Cozy Corner,hotel,12.91278,77.64303,,,,False,,,https://static.cupid.travel/hotels/573365144.jpg,liteapi
lp658770c7,Housr Karen 1 BHK Apartment Near NIFT Bangalore,hotel,12.91296,77.653375,3.0,,,False,,,https://static.cupid.travel/hotels/ex_e6a90eed_z.jpg,liteapi
lp65718eeb,HomeSlice Hacienda - Room in a Villa in HSR Layout,hotel,12.91317,77.65103,,,,False,,,https://static.cupid.travel/hotels/522100432.jpg,liteapi
lp6588f659,Fabhotel Pride Image,hotel,12.913287162780762,77.51388549804688,3.0,,,False,,,https://static.cupid.travel/hotels/ex_3749fd8f_z.jpg,liteapi
lp65876c07,Hsr Homestay Chethana,hotel,12.913501,77.637653,3.0,,,False,,,https://static.cupid.travel/hotels/ex_80af7ed6_z.jpg,liteapi
lp6580720e,Wandr Deneb,hotel,12.91392,77.64759,,,,False,,,https://static.cupid.travel/hotels/579117623.jpg,liteapi
lp657aec03,LD stays,hotel,12.9144,77.61866,,,,False,,,https://static.cupid.travel/hotels/603608540.jpg,liteapi
lp6588eb42,Fabhotel Srinidhi Stay Inn,hotel,12.914409637451172,77.6315689086914,3.0,,,False,,,https://static.cupid.travel/hotels/ex_05da55bd_z.jpg,liteapi
lp65729215,Moodalamane home stay - 4BHK villa home stay amidst nature,hotel,12.914418,77.512551,,,,False,,,https://static.cupid.travel/hotels/619848726.jpg,liteapi
lp6574b99a,Grand jj inn,hotel,12.91452,77.50025,,,,False,,,https://static.cupid.travel/hotels/544829330.jpg,liteapi
lpf9f3d,Treebo Raj Avenue,hotel,12.91478,77.50204,3.0,,,False,,,https://static.cupid.travel/hotels/ex_15805804_z.jpg,liteapi
lp1c0de1,FabExpress GMR Grand 18,hotel,12.915,77.6368,3.0,,,False,,,https://static.cupid.travel/hotels/ex_e1d62794_z.jpg,liteapi
lp87a50,OYO 29638 Gmr 18 Hotel,hotel,12.915062,77.636796,3.0,,,False,,,https://static.cupid.travel/hotels/ex_15050de6_z.jpg,liteapi
lp656bc6fd,Fabhotel Panchami Comforts,hotel,12.915122,77.500762,3.0,,,False,,,https://static.cupid.travel/hotels/ex_91a684fa_z.jpg,liteapi
lp65891d7d,Fabhotel Sk Oak Suites,hotel,12.915616989135742,77.50083923339844,3.0,,,False,,,https://static.cupid.travel/hotels/ex_9a2f9b57_z.jpg,liteapi
lp6588ac74,Park Inn Near Global Village City Tech Park Bangalore,hotel,12.915619850158691,77.50084686279297,3.0,,,False,,,https://static.cupid.travel/hotels/ex_ebe5c3bc_z.jpg,liteapi
lp6587f90a,Fabhotel Skyline,hotel,12.915645,77.559149,3.0,,,False,,,https://static.cupid.travel/hotels/ex_d00f6b0f_z.jpg,liteapi
lp656f218a,C Suites - Cape Town,hotel,12.91575,77.49988,3.0,,,False,,,https://static.cupid.travel/hotels/607672715.jpg,liteapi
lp65768334,Wandr. Berlin,hotel,12.916087,77.669261,,,,False,,,https://static.cupid.travel/hotels/ex_45df7db9_z.jpg,liteapi
lp65773c05,FabHotel Emirates Suites - Sarjapur Road,hotel,12.91637,77.66795,3.0,,,False,,,https://static.cupid.travel/hotels/528113461.jpg,liteapi
lp276ee3,Hotel Vasavi Residency,hotel,12.916451,77.600792,3.0,,,False,,,https://static.cupid.travel/hotels/ex_d931c222_z.jpg,liteapi
lp209a8c,OYO 4242 HSR Layout,hotel,12.916473,77.634883,3.0,,,False,,,https://static.cupid.travel/hotels/ex_f05d77c7_z.jpg,liteapi
lp6570edd9,3 bedroom Cafe Home,hotel,12.91651,77.64704,,,,False,,,https://static.cupid.travel/hotels/501059004.jpg,liteapi
lp6587f94f,S M Suites,hotel,12.916553,77.627635,2.0,,,False,,,https://static.cupid.travel/hotels/ex_432ceb3e_z.jpg,liteapi
lp657425d8,Collection O S M SUITES,hotel,12.9166,77.62756,3.0,,,False,,,https://static.cupid.travel/hotels/525388084.jpg,liteapi
lpc8854,Hotel O Royal INN,hotel,12.916964,77.631434,4.0,,,False,,,https://static.cupid.travel/hotels/611258004.jpg,liteapi
lp6589004f,Fabhotel Aranya Residency,hotel,12.917010307312012,77.62944030761719,3.0,,,False,,,https://static.cupid.travel/hotels/ex_0079c956_z.jpg,liteapi
lp65880b42,Fabhotel Ar Daffodil Inn,hotel,12.91708,77.500379,3.0,,,False,,,https://static.cupid.travel/hotels/ex_fd0b6528_z.jpg,liteapi
lp6587852d,FabHotel Royal Suites - Yeshwanthpur,hotel,12.9171,77.60289,3.0,,,False,,,https://static.cupid.travel/hotels/ex_44ee8a7a_z.jpg,liteapi
lp6588031b,MyWorkStay Stylish Accommodation in BTM,hotel,12.917186,77.615224,2.0,,,False,,,https://static.cupid.travel/hotels/ex_b30c8ec6_z.jpg,liteapi
lp6573a74f,Disha's Home Stay HSR Layout,hotel,12.91746,77.64849,,,,False,,,https://static.cupid.travel/hotels/592711560.jpg,liteapi
lp65882370,Hotel Vaari Vista By Bestinn Leisure,hotel,12.918319,77.624013,3.0,,,False,,,https://static.cupid.travel/hotels/ex_f7cd4239_z.jpg,liteapi
lp6584073c,HomeSlice Hangout,hotel,12.91837,77.64773,,,,False,,,https://static.cupid.travel/hotels/493926576.jpg,liteapi
lp6579e92c,White Stone Apartments by Agira Hotels,hotel,12.91843,77.61758,,,,False,,,https://static.cupid.travel/hotels/591859031.jpg,liteapi
lp656eca97,Charming 2 BHK Retreat in Yelahanka BLR 01 2BHK,hotel,12.91844,77.52151,,,,False,,,https://static.cupid.travel/hotels/608928272.jpg,liteapi
lp657617f8,Homely Haven Cozy 2BHK HSR KORAMANGALA,hotel,12.91858,77.62438,,,,False,,,https://static.cupid.travel/hotels/617781931.jpg,liteapi
lp657676c7,Casa Palazzo by Red Olive Nr Manipal Hospital,hotel,12.91908,77.66603,,,,False,,,https://static.cupid.travel/hotels/573194826.jpg,liteapi
lp6582eadb,Nisargha Serviced Apartments,hotel,12.91944,77.62049,3.0,,,False,,,https://static.cupid.travel/hotels/509725331.jpg,liteapi
lp6583c7a8,Studio apartment,hotel,12.92004,77.64642,,,,False,,,https://static.cupid.travel/hotels/576571501.jpg,liteapi
lp6588bd5e,The City Vega Apartmentkoramangla 2bhk Wi-fi,hotel,12.920325,77.633123,3.0,,,False,,,https://static.cupid.travel/hotels/ex_bac6e96e_z.jpg,liteapi
lp6584a3c2,Lakshmanadurga Stays,hotel,12.920365,77.612194,,,,False,,,https://static.cupid.travel/hotels/603879508.jpg,liteapi
lp6587708a,Housr HSR 1 Studio Apartment Near Manipal Hospital,hotel,12.920373,77.645434,3.0,,,False,,,https://static.cupid.travel/hotels/ex_23ddb079_z.jpg,liteapi
lp65880676,"Hotel Nova Suites, Bellandur Gate, Sarjapur Road",hotel,12.920943,77.66735,2.0,,,False,,,https://static.cupid.travel/hotels/ex_2cbdc2cd_z.jpg,liteapi
lpcedbd,FabExpress Move Inn,hotel,12.921205,77.663418,3.0,,,False,,,https://static.cupid.travel/hotels/ex_9f592030_z.jpg,liteapi
lp65877071,Housr Charlie 1 BHK Apartment Bangalore,hotel,12.9218,77.645695,3.0,,,False,,,https://static.cupid.travel/hotels/ex_c08febb9_z.jpg,liteapi
lp656fb0cd,Individual Home 4 BR at Sector 7 HSR Layout,hotel,12.92206,77.64823,,,,False,,,https://static.cupid.travel/hotels/534432636.jpg,liteapi
lp657d94bf,RHG Rooms,hotel,12.92266,77.61742,2.0,,,False,,,https://static.cupid.travel/hotels/607755745.jpg,liteapi
lp88352,ZO Rooms HSR Layout Agara,hotel,12.922885,77.651533,3.0,,,False,,,https://static.cupid.travel/hotels/ex_64ac0d32_z.jpg,liteapi
lp3327f7,Nexstay Blueberry,hotel,12.923004,77.695183,3.0,,,False,,,https://static.cupid.travel/hotels/ex_d846f54d_z.jpg,liteapi
lp1c6312,FabExpress The Grand Renato Suites,hotel,12.92303,77.61381,3.0,,,False,,,https://static.cupid.travel/hotels/ex_c92226d5_z.jpg,liteapi
lp658809ab,Citrus Plaza,hotel,12.923388,77.675822,3.0,,,False,,,https://static.cupid.travel/hotels/ex_7c86b415_z.jpg,liteapi
lp6588d9e7,Via Morning Glory,hotel,12.923855781555176,77.6172103881836,3.0,,,False,,,https://static.cupid.travel/hotels/ex_3b25a051_z.jpg,liteapi
lp658799c2,R D HOTELS HSR,hotel,12.92393,77.639985,2.0,,,False,,,https://static.cupid.travel/hotels/ex_c2736a5f_z.jpg,liteapi
lp65764fec,Hotel O Century Inn Deluxe Lodge,hotel,12.924,77.61819,3.0,,,False,,,https://static.cupid.travel/hotels/579864077.jpg,liteapi
lp6586b613,Fabhotel Sri Krishna Suites,hotel,12.924006,77.673841,3.0,,,False,,,https://static.cupid.travel/hotels/ex_c7627652_z.jpg,liteapi
lpcc8e8,Treebo Astor HSR Layout,hotel,12.92405,77.63985,3.0,,,False,6.9,78.0,https://static.cupid.travel/hotels/590614146.jpg,liteapi
lp657b4aca,Hotel O Golden Residency,hotel,12.92414,77.61792,4.0,,,False,,,https://static.cupid.travel/hotels/617619925.jpg,liteapi
lp6575a7d2,Hotel Comforts Inn - Kormangala,hotel,12.924267,77.609664,,,,False,,,https://static.cupid.travel/hotels/ex_07638812_z.jpg,liteapi
lp656db9cf,The Apple Tree Apart Hotel,hotel,12.92429,77.60966,3.0,,,False,,,https://static.cupid.travel/hotels/594201975.jpg,liteapi
lp7d69d,Rishon Suite,hotel,12.924407,77.556181,3.0,,,False,,,https://static.cupid.travel/hotels/ex_2cde4211_z.jpg,liteapi
lp657b066d,HSR Parkside by Newstays,hotel,12.92462,77.63952,4.0,,,False,,,https://static.cupid.travel/hotels/551707585.jpg,liteapi
lp6571848d,Hotel O Home Exotic Stay Bsk rd Stage,hotel,12.924924,77.55122,3.0,,,False,,2.0,https://static.cupid.travel/hotels/531597597.jpg,liteapi
lp65879075,"FabHotel Balaji Luxury - Near Jakkur Cross, Manyata Tech Park",hotel,12.924949,77.513666,3.0,,,False,,,https://static.cupid.travel/hotels/ex_11bd4452_z.jpg,liteapi
lp6587defe,Hystay,hotel,12.925075,77.650674,2.0,,,False,,,https://static.cupid.travel/hotels/ex_b6ec46d0_z.jpg,liteapi
lp65804f42,Ivory Pearl,hotel,12.92524,77.61583,2.0,,,False,,,https://static.cupid.travel/hotels/612639114.jpg,liteapi
lp1c0e5f,FabHotel Comfy Business Koramangala,hotel,12.9253,77.6178,3.0,,,False,,,https://static.cupid.travel/hotels/ex_977d32b2_z.jpg,liteapi
lp6587fa5a,goSTOPS Bengaluru Jayanagar,hotel,12.925403,77.585869,1.0,,,False,,,https://static.cupid.travel/hotels/ex_08e7b819_z.jpg,liteapi
lp6556b4d9,Jagadish Hotel Jayanagar,hotel,12.92543,77.58578,,,,False,,,https://static.cupid.travel/hotels/369214673.jpg,liteapi
lpc1f9c,Hotel Eastern Palace,hotel,12.92564,77.61578,3.0,,,False,,,https://static.cupid.travel/hotels/ex_f58ac958_z.jpg,liteapi
lp656e9b38,"Sage-HSR sector 6 High speed WiFi , Ac - master bedroom, Smart Tv",hotel,12.92568,77.63747,,,,False,,,https://static.cupid.travel/hotels/593673195.jpg,liteapi
lp657593d3,Collection O The Mass Residency By Dv,hotel,12.92569,77.61672,4.0,,,False,,,https://static.cupid.travel/hotels/584447107.jpg,liteapi
lp65853bd5,Serenity,hotel,12.92591,77.60893,,,,False,,,https://static.cupid.travel/hotels/603881378.jpg,liteapi
lp6588ac1a,Medalio Boutique Bangalore ORR,hotel,12.925990104675293,77.67727661132812,3.0,,,False,,,https://static.cupid.travel/hotels/ex_4682442c_z.jpg,liteapi
lp6587f916,Fabhotel Royal Suites I,hotel,12.926013,77.677659,3.0,,,False,,,https://static.cupid.travel/hotels/ex_d656c956_z.jpg,liteapi
lp225c35,Hotel Seapearl,hotel,12.9261,77.616425,3.0,,,False,,,https://static.cupid.travel/hotels/ex_91e3d058_z.jpg,liteapi
lp657dd6af,Hotel Nova Comforts Madiwala,hotel,12.92618,77.61542,,,,False,,,https://static.cupid.travel/hotels/505810222.jpg,liteapi
lp6579b730,Elite home stay,hotel,12.92655,77.49533,2.0,,,False,,,https://static.cupid.travel/hotels/573094415.jpg,liteapi
lp657916c1,SPOT ON KING RESIDENCY,hotel,12.92676,77.61571,2.0,,,False,,,https://static.cupid.travel/hotels/567764142.jpg,liteapi
lp65880b1a,FabExpress Mount City Park,hotel,12.927,77.616107,3.0,,,False,,,https://static.cupid.travel/hotels/ex_951f5b68_z.jpg,liteapi
lp657dfb62,Mount City Madiwala,hotel,12.92725,77.61596,2.0,,,False,,,https://static.cupid.travel/hotels/574292989.jpg,liteapi
lp657b29dc,Axon Elite Stays,hotel,12.927323,77.669451,3.0,,,False,,,https://static.cupid.travel/hotels/ex_8ab4b56b_z.jpg,liteapi
lp6587d00a,Fabhotel Tanish Stay Inn,hotel,12.927923,77.609306,3.0,,,False,,,https://static.cupid.travel/hotels/ex_76e3fa9c_z.jpg,liteapi
lp65757020,"BluO Studio Koramangala - Terrace Garden, Parking",hotel,12.928009,77.628517,4.0,,,False,,1.0,https://static.cupid.travel/hotels/301256190.jpg,liteapi
lp657100df,FabHotel La Palma Suites - Nr RMZ Eco world,hotel,12.92808,77.68781,3.0,,,False,,,https://static.cupid.travel/hotels/511697781.jpg,liteapi
lp657b76c3,"HomeSlice Utopia, Bungalow in Koramangala",hotel,12.92816,77.63687,,,,False,,,https://static.cupid.travel/hotels/600261550.jpg,liteapi
lp656c3317,FabHotel The Lepsi Inn - BTM Layout,hotel,12.92862,77.60603,3.0,,,False,,,https://static.cupid.travel/hotels/524762573.jpg,liteapi
lp65880b56,Fabhotel Royal Regalia Inn,hotel,12.928717,77.592777,3.0,,,False,,,https://static.cupid.travel/hotels/ex_1f06b536_z.jpg,liteapi
lp657777b8,"Hotel Kandi Tree, Bengaluru",hotel,12.92899,77.58256,,,,False,,,https://static.cupid.travel/hotels/583999152.jpg,liteapi
lp657e556c,Times Square CoLive,hotel,12.93014,77.69728,,,,False,,,https://static.cupid.travel/hotels/516190869.jpg,liteapi
lp6581dbd1,Falcon Suites Koramangala,hotel,12.93049,77.6235,,,,False,,,https://static.cupid.travel/hotels/523011453.jpg,liteapi
lp226883,Wafi Suites by Rofeka Hospitality,hotel,12.930521,77.623793,3.0,,,False,,,https://static.cupid.travel/hotels/ex_e4977f62_z.jpg,liteapi
lp3933c2,SPOT ON 49484 Jm Comfort,hotel,12.930625,77.553873,3.0,,,False,,,https://static.cupid.travel/hotels/ex_c0f84d40_z.jpg,liteapi
lp65877124,Housr Jenkins KHB Block Koramangala Bangalore.,hotel,12.930835,77.623871,3.0,,,False,,,https://static.cupid.travel/hotels/ex_363a1681_z.jpg,liteapi
lp6555c99e,Capital O 65241 I Cloud Suites,hotel,12.930973,77.6842,3.0,,,False,,,https://static.cupid.travel/hotels/ex_5c118473_z.jpg,liteapi
lp6587cdb9,Santrina Hotels,hotel,12.931066,77.634032,2.0,,,False,,,https://static.cupid.travel/hotels/ex_6ec47a1f_z.jpg,liteapi
lp6587f932,Fabhotel Palm Emirates,hotel,12.93113,77.610798,3.0,,,False,,,https://static.cupid.travel/hotels/ex_a135f186_z.jpg,liteapi
lp656f8db0,C Suites - Tornio,hotel,12.93179,77.6109,3.0,,,False,,,https://static.cupid.travel/hotels/605920294.jpg,liteapi
lpec1b9,FabHotel Oriental Suite Banashankari,hotel,12.932276,77.541132,3.0,,,False,,,https://static.cupid.travel/hotels/ex_2b7ab2fa_z.jpg,liteapi
lpced6f,OYO 3495 Dass Suites Koramangala,hotel,12.93265,77.63065,3.0,,,False,,,https://static.cupid.travel/hotels/ex_55aee536_z.jpg,liteapi
lp65731dd5,FabExpress Amazing Inn - Nr Forum mall,hotel,12.93311,77.61069,3.0,,,False,,,https://static.cupid.travel/hotels/463341674.jpg,liteapi
lp6588e3c7,Ello Hotels,hotel,12.933134078979492,77.61479187011719,4.0,,,False,,,https://static.cupid.travel/hotels/ex_1250db9d_z.jpg,liteapi
lp1904e0,FabExpress Emirates Suites,hotel,12.93323,77.61042,3.0,,,False,,,https://static.cupid.travel/hotels/ex_dffb72cf_z.jpg,liteapi
lp65727e37,Living Homes - Gemini,hotel,12.933283,77.70465,,,,False,,,https://static.cupid.travel/hotels/ex_fe836d34_z.jpg,liteapi
lp6576c9b0,Wandr. Caroli,hotel,12.933305,77.635904,,,,False,,,https://static.cupid.travel/hotels/ex_9066f85e_z.jpg,liteapi
lp81aa8,OYO 436 Emirates Suites,hotel,12.93336,77.61055,3.0,,,False,,,https://static.cupid.travel/hotels/ex_9595bf29_z.jpg,liteapi
lpfa4e9,OYO 16455 Amazing  Inn,hotel,12.933363,77.610552,3.0,,,False,,,https://static.cupid.travel/hotels/ex_7b7f118a_z.jpg,liteapi
lp65880b38,Fabhotel The Black Diamond,hotel,12.933462,77.610332,3.0,,,False,,,https://static.cupid.travel/hotels/ex_70156b5d_z.jpg,liteapi
lp6556f25c,Kickout Unit of NH207,hotel,12.933513,77.487786,3.0,,,False,,,https://static.cupid.travel/hotels/ex_1b89b0c5_z.jpg,liteapi
lp6587373c,Hotel Udupi Residency Koramanagala,hotel,12.933515,77.631386,2.0,,,False,,,https://static.cupid.travel/hotels/ex_a2abfb16_z.jpg,liteapi
lp6588e359,Hotel Rism Suites Koramangala,hotel,12.933525085449219,77.61418914794922,2.0,,,False,,,https://static.cupid.travel/hotels/ex_w1529h1024x7y0-8fd61c92_z.jpg,liteapi
lpb017f,Hotel Palm Suite,hotel,12.9337,77.60981,3.0,,,False,,,https://static.cupid.travel/hotels/ex_08ca4f42_z.jpg,liteapi
lp6587fd19,Hotel Gs Suites,hotel,12.933959,77.609884,2.0,,,False,,,https://static.cupid.travel/hotels/ex_842afe13_z.jpg,liteapi
lp65879bed,FF21-KORA,hotel,12.93405,77.618589,2.0,,,False,,,https://static.cupid.travel/hotels/ex_c2ba0c5f_z.jpg,liteapi
lp6588df42,Fabhotel Raayara Bliss,hotel,12.934286117553711,77.61612701416016,3.0,,,False,,,https://static.cupid.travel/hotels/ex_0e307356_z.jpg,liteapi
lp6557afb2,PPH Living  Live Inn,hotel,12.93444,77.611268,3.0,,,False,,,https://static.cupid.travel/hotels/ex_w937h767x0y1-784b7e61_z.jpg,liteapi
lp6588d309,Stayz Royale Koramangala,hotel,12.934459686279297,77.62301635742188,3.0,,,False,,,https://static.cupid.travel/hotels/ex_1da9798e_z.jpg,liteapi
lp657fd6e6,Park Breeze Penthouse,hotel,12.93463,77.6316,,,,False,,,https://static.cupid.travel/hotels/535206936.jpg,liteapi
lp65874e24,Hotel Noor Empire International,hotel,12.935216,77.619961,3.0,,,False,,,https://static.cupid.travel/hotels/ex_00cd2fec_z.jpg,liteapi
lpc8618,Capital O 5379 The Roy Grand Inns,hotel,12.935282,77.629529,3.0,,,False,,,https://static.cupid.travel/hotels/ex_5241f799_z.jpg,liteapi
lp1c0e77,FabExpress Maple Green Deluxe,hotel,12.9353,77.6293,3.0,,,False,,,https://static.cupid.travel/hotels/ex_7eb5e649_z.jpg,liteapi
lp658761e2,"The Hosteller Bangalore, Koramangala",hostel,12.935495,77.613121,1.0,,,False,,,https://static.cupid.travel/hotels/ex_c9d4ff56_z.jpg,liteapi
lp6587c334,The Social Stays Bangalore,hotel,12.935594,77.6187,2.0,,,False,,,https://static.cupid.travel/hotels/ex_9e53dad8_z.jpg,liteapi
lp6579558a,Ananya Comfortss-5th Block Kormangala,hotel,12.935599,77.618512,2.0,,,False,,,https://static.cupid.travel/hotels/ex_5c96de38_z.jpg,liteapi
lp1f2936,Treebo Trip Ananya Comfortss,hotel,12.9356,77.6185,3.0,,,False,,,https://static.cupid.travel/hotels/ex_ecf88f00_z.jpg,liteapi
lpced09,OYO 10473 Basavanagudi,hotel,12.93563,77.57358,3.0,,,False,,,https://static.cupid.travel/hotels/ex_fc728eec_z.jpg,liteapi
lp704f0,Itsy Hotels Elmas Golden Key,hotel,12.93565,77.61297,3.0,,,False,,,https://static.cupid.travel/hotels/371466460.jpg,liteapi
lp65797d63,SRS Apart Hotel,hotel,12.93582,77.61781,,,,False,,,https://static.cupid.travel/hotels/611683649.jpg,liteapi
lp6587851b,FabHotel Emerald Suites - Near MG Road Metro Station,hotel,12.935859,77.617501,3.0,,,False,,,https://static.cupid.travel/hotels/ex_be72f6d1_z.jpg,liteapi
lp658821fe,Emerald Suites By Classio,hotel,12.935872,77.617054,2.0,,,False,,,https://static.cupid.travel/hotels/ex_5a2d9bd4_z.jpg,liteapi
lp23c243,OYO Flagship 13933 Varcity Pearl,hotel,12.93593,77.62908,3.0,,,False,,,https://static.cupid.travel/hotels/ex_c0870c83_z.jpg,liteapi
lp6588bcc8,Fabhotel Ayodhya Comforts,hotel,12.936067581176758,77.51583862304688,3.0,,,False,,,https://static.cupid.travel/hotels/ex_a6cd5a32_z.jpg,liteapi
lp65875aec,SS LUMINA HOTEL,hotel,12.936159,77.616007,3.0,,,False,,,https://static.cupid.travel/hotels/ex_f36fe869_z.jpg,liteapi
lp65736a43,C Suites - Springfield,hotel,12.93627,77.61952,3.0,,,False,,,https://static.cupid.travel/hotels/605428243.jpg,liteapi
lpa46a0,Treebo Select Grand Premier Suites,hotel,12.936404,77.606215,3.0,,,False,,,https://static.cupid.travel/hotels/ex_3dc68f08_z.jpg,liteapi
lp6586b5d5,FabHotel Emara Boutique - Near Koramangala,hotel,12.936655,77.614503,3.0,,,False,,,https://static.cupid.travel/hotels/ex_f897fb78_z.jpg,liteapi
lp65878535,FabHotel Pooja - Near Bagalur Main Road,hotel,12.936937,77.625236,3.0,,,False,,,https://static.cupid.travel/hotels/ex_a6214827_z.jpg,liteapi
lp9f4f4,OYO 10530 near Forum Mall,hotel,12.93695,77.61452,3.0,,,False,,,https://static.cupid.travel/hotels/ex_9c291997_z.jpg,liteapi
lp65821f33,Seasons Suites Koramangala,hotel,12.937227,77.619737,3.0,,,False,,,https://static.cupid.travel/hotels/569245861.jpg,liteapi
lp6580d15a,Fabhotel Season Suites Koramangala,hotel,12.93723,77.619764,3.0,,,False,,,https://static.cupid.travel/hotels/ex_w3030h1753x0y6-7fe4a228_z.jpg,liteapi
lp657c4588,Sai Ram Residency,hotel,12.93726,77.48987,4.0,,,False,,,https://static.cupid.travel/hotels/450287830.jpg,liteapi
lp1f6dec,Hotel Aston Suites,hotel,12.937312,77.624268,2.0,,,False,,,https://static.cupid.travel/hotels/ex_29c5d453_z.jpg,liteapi
lp6587cbb7,SRS Suite,hotel,12.937523,77.617632,4.0,,,False,,,https://static.cupid.travel/hotels/ex_fa938c65_z.jpg,liteapi
lp658144ea,Artist Abode,hotel,12.93785,77.62411,,,,False,,,https://static.cupid.travel/hotels/541932414.jpg,liteapi
lpb615c,Capital O 3740 Golden Sands,hotel,12.937989,77.630907,3.0,,,False,,,https://static.cupid.travel/hotels/ex_f85bc42e_z.jpg,liteapi
lp656e7d13,C Suite - Plano,hotel,12.93814,77.58031,3.0,,,False,,,https://static.cupid.travel/hotels/605672574.jpg,liteapi
lp6575e660,Pearl - Sunflower Skyline,hotel,12.93817,77.62505,,,,False,,,https://static.cupid.travel/hotels/516781246.jpg,liteapi
lp1fc311,Stayvel Service Apartments,hotel,12.9391,77.6266,3.0,,,False,,,https://static.cupid.travel/hotels/ex_2ec8e87b_z.jpg,liteapi
lp6587fc47,The Nexus,hotel,12.939189,77.699331,3.0,,,False,,,https://static.cupid.travel/hotels/ex_5bb58fbc_z.jpg,liteapi
lp6587711a,Housr 14 Serviced Apartment Koramangala Bangalore,hotel,12.939604,77.624302,3.0,,,False,,,https://static.cupid.travel/hotels/ex_62b3179f_z.jpg,liteapi
lp65878165,Open Hotel by Olive - Ejipura,hotel,12.939982,77.629988,2.0,,,False,,,https://static.cupid.travel/hotels/ex_8a557b87_z.jpg,liteapi
lp6580fc3a,IRA SATHYAJOTHI Comfort,hotel,12.9401,77.54777,3.0,,,False,,,https://static.cupid.travel/hotels/603331476.jpg,liteapi
lp33308c,FabExpress Golden Key,hotel,12.94131,77.6068,3.0,,,False,,,https://static.cupid.travel/hotels/ex_1142bc1d_z.jpg,liteapi
lp658821d4,Zivo Inn,hotel,12.941701,77.702374,2.0,,,False,,,https://static.cupid.travel/hotels/ex_55f650db_z.jpg,liteapi
lp656f99c8,C Suites - Franny,hotel,12.94175,77.61938,3.0,,,False,,,https://static.cupid.travel/hotels/605444663.jpg,liteapi
lp656c36d5,Fabhotel Aiyyangaar Inn,hotel,12.941829,77.701946,3.0,,,False,,,https://static.cupid.travel/hotels/ex_9f7a9082_z.jpg,liteapi
lpced34,Hotel O Raj Comforts,hotel,12.94225,77.60231,4.0,,,False,,,https://static.cupid.travel/hotels/620351471.jpg,liteapi
lp6587cfe5,Fabhotel Metro Grand,hotel,12.942274,77.608184,3.0,,,False,,,https://static.cupid.travel/hotels/ex_7fa2e03d_z.jpg,liteapi
lp6587be20,Sri Manjunatha Residency,hotel,12.942783,77.544747,2.0,,,False,,,https://static.cupid.travel/hotels/ex_adb7624d_z.jpg,liteapi
lp65830224,Anugraha Elite,hotel,12.94318,77.55978,,,,False,,,https://static.cupid.travel/hotels/585886108.jpg,liteapi
lp65874ced,The Ekah Comforts,hotel,12.943215,77.548184,3.0,,,False,,,https://static.cupid.travel/hotels/ex_b0826903_z.jpg,liteapi
lp658906b3,Fabhotel Upstream Mysore Road,hotel,12.943673133850098,77.52628326416016,3.0,,,False,,,https://static.cupid.travel/hotels/ex_a192b99d_z.jpg,liteapi
lp1b2f3e,FabExpress Speridian Suites,hotel,12.944299,77.620047,3.0,,,False,,,https://static.cupid.travel/hotels/ex_0b9b55f6_z.jpg,liteapi
lp236165,Royal Star Hotels,hotel,12.944379,77.597509,3.0,,,False,,,https://static.cupid.travel/hotels/ex_6df18677_z.jpg,liteapi
lp27a364,S R Guest House,hotel,12.944392,77.597625,3.0,,,False,,,https://static.cupid.travel/hotels/ex_048d442c_z.jpg,liteapi
lp658811b8,Hotel Bilton Wilson Garden,hotel,12.944706,77.596778,3.0,,,False,,,https://static.cupid.travel/hotels/ex_8802bafe_z.jpg,liteapi
lp658788c3,Xotel Koramangala,hotel,12.944942,77.597612,2.0,,,False,,,https://static.cupid.travel/hotels/ex_ec2ed655_z.jpg,liteapi
lp6570f415,C Suites - Highland,hotel,12.94546,77.62935,3.0,,,False,,,https://static.cupid.travel/hotels/605425748.jpg,liteapi
lp658777ec,Dreams Inn,hotel,12.945534,77.595197,3.0,,,False,,,https://static.cupid.travel/hotels/ex_b06ab2cf_z.jpg,liteapi
lp6574b59c,Hotel O Amster Inn,hotel,12.947654,77.530842,4.0,,,False,,,https://static.cupid.travel/hotels/592688691.jpg,liteapi
lp6587a1ce,Le Grandeur,hotel,12.947742,77.568455,3.0,,,False,,,https://static.cupid.travel/hotels/ex_c61a5f29_z.jpg,liteapi
lp657bf38e,Thotada mane stay,hotel,12.94799,77.68733,,,,False,,,https://static.cupid.travel/hotels/614687290.jpg,liteapi
lp656c307d,Fabhotel Aroma'S House,hotel,12.948676,77.698935,3.0,,,False,,,https://static.cupid.travel/hotels/ex_8a7351c0_z.jpg,liteapi
lp658773e4,Housr Benson Marathahalli Bangalore,hotel,12.949316,77.698199,3.0,,,False,,,https://static.cupid.travel/hotels/ex_44d898cd_z.jpg,liteapi
lpacba3,Hotel High Sky,hotel,12.94966,77.70166,3.0,,,False,,,https://static.cupid.travel/hotels/ex_fe56f5df_z.jpg,liteapi
lpec052,FabHotel Scarlet Marathahalli,hotel,12.949808,77.699314,3.0,,,False,,,https://static.cupid.travel/hotels/ex_97f7cc52_z.jpg,liteapi
lp657fa454,Verdisso Hotel,hotel,12.95041,77.69919,3.0,,,False,,,https://static.cupid.travel/hotels/538428857.jpg,liteapi
lp657a2654,Hotel O Dream Residency,hotel,12.950562,77.498831,3.0,,,False,,,https://static.cupid.travel/hotels/600012735.jpg,liteapi
lp6589079d,Fabhotel Sai Palace,hotel,12.951169967651367,77.49895477294922,3.0,,,False,,,https://static.cupid.travel/hotels/ex_c089a511_z.jpg,liteapi
lp658773ec,Housr Ferguson Apartment Near Radisson,hotel,12.951857,77.698069,3.0,,,False,,,https://static.cupid.travel/hotels/ex_c2c69c79_z.jpg,liteapi
lp65890592,Aero View Residency,hotel,12.952425956726074,77.65237426757812,2.0,,,False,,,https://static.cupid.travel/hotels/ex_eb354268_z.jpg,liteapi
lp657507ab,"The three story Escape Villa Lalbagh , Jayanagar",hotel,12.95243,77.58121,,,,False,,,https://static.cupid.travel/hotels/622485456.jpg,liteapi
lp6580ccb8,Status Executive Rooms,hotel,12.9533,77.65276,2.0,,,False,,,https://static.cupid.travel/hotels/550501717.jpg,liteapi
lp27a867,Redwood Suites,hotel,12.953309,77.639219,3.0,,,False,,,https://static.cupid.travel/hotels/ex_495fff69_z.jpg,liteapi
lp658919eb,Fabhotel Madhura Residency,hotel,12.953312873840332,77.54185485839844,3.0,,,False,,,https://static.cupid.travel/hotels/ex_e9bcc4d1_z.jpg,liteapi
lp6578c8b0,Super Collection O G Silver Polonest,hotel,12.95336,77.63841,4.0,,,False,,,https://static.cupid.travel/hotels/524441090.jpg,liteapi
lp1ede11,FabHotel Anugraha Domlur,hotel,12.9534,77.6386,3.0,,,False,,,https://static.cupid.travel/hotels/ex_03ee65a4_z.jpg,liteapi
lp6587683b,Polonest,hotel,12.953407,77.638421,2.0,,,False,,,https://static.cupid.travel/hotels/ex_ec14e20c_z.jpg,liteapi
lp658773fe,Housr Marathahalli Near Bagmane Park,hotel,12.953702,77.698582,3.0,,,False,,,https://static.cupid.travel/hotels/ex_0a4b3353_z.jpg,liteapi
lp65877140,Housr 7th Cross Marathahalli Main Road,hotel,12.953884,77.698585,3.0,,,False,,,https://static.cupid.travel/hotels/ex_2061b68f_z.jpg,liteapi
lp6555a180,Hotel Terminal Square,hotel,12.95398,77.62044,3.0,,,False,,,https://static.cupid.travel/hotels/ex_2eba90cc_z.jpg,liteapi
lp655842ea,Polonest Cocoon By Morpho Hotel,hotel,12.954736,77.642807,4.0,,,False,,,https://static.cupid.travel/hotels/ex_4bb9565d_z.jpg,liteapi
lp657262fd,FabHotel Happy Home Stay - HAL Old Airport Road,hotel,12.95484,77.64954,3.0,,,False,,,https://static.cupid.travel/hotels/498576507.jpg,liteapi
lp657b17f2,Happy Home Stays,hotel,12.95492,77.6496,,,,False,,,https://static.cupid.travel/hotels/524399400.jpg,liteapi
lp65764145,FabHotel Green Park Residency - Nr Manipal Hospital,hotel,12.95514,77.64904,3.0,,,False,,,https://static.cupid.travel/hotels/421329424.jpg,liteapi
lp65817213,Sukhi Living,hotel,12.95533,77.64936,,,,False,,,https://static.cupid.travel/hotels/574308373.jpg,liteapi
lpe32b6,OYO 12985 Sabharwal Viceroy,hotel,12.95538,77.57932,3.0,,,False,,,https://static.cupid.travel/hotels/ex_7201c260_z.jpg,liteapi
lp65819452,Wandr Meleph,hotel,12.95539,77.69237,,,,False,,,https://static.cupid.travel/hotels/579072328.jpg,liteapi
lp4f6cc,OYO 11390 Vaibhav Residency,hotel,12.955655,77.584633,3.0,,,False,,,https://static.cupid.travel/hotels/ex_73061c19_z.jpg,liteapi
lp36b3d0,I Cloud- Sri Sai Inn,hotel,12.95595,77.69279,3.0,,,False,,,https://static.cupid.travel/hotels/ex_c40b122c_z.jpg,liteapi
lp6588b2d1,Emarald JVH,hotel,12.956072807312012,77.64102935791016,3.0,,,False,,,https://static.cupid.travel/hotels/ex_c73c98f1_z.jpg,liteapi
lp65818a87,dreamz lodge,hotel,12.956442,77.591286,,,,False,,,https://static.cupid.travel/hotels/617412997.jpg,liteapi
lp8dc4c,Uno In Quality Business Hotel,hotel,12.9565,77.59226,3.0,,,False,,,https://static.cupid.travel/hotels/ex_69f968aa_z.jpg,liteapi
lp657710aa,Via Emara Inn - Lalbagh Botanical Garden,hotel,12.956599,77.6537,4.0,,,False,,,https://static.cupid.travel/hotels/442489823.jpg,liteapi
lp6571af52,Chez Oly - Bienvenue,hotel,12.956748,77.648981,,,,False,,,https://static.cupid.travel/hotels/602162764.jpg,liteapi
lp6577c0d2,Hotel O White Fort Near Lalbagh Botanical Garden,hotel,12.9568,77.57637,4.0,,,False,,,https://static.cupid.travel/hotels/441025407.jpg,liteapi
lpdc544,Treebo Trip Roxel Inn,hotel,12.95705,77.638056,3.0,,,False,,,https://static.cupid.travel/hotels/ex_23da3881_z.jpg,liteapi
lp1c55dc,FabHotel Athithi Residency,hotel,12.957087,77.702217,3.0,,,False,,,https://static.cupid.travel/hotels/ex_fb011338_z.jpg,liteapi
lp65768707,Super Townhouse Marathahalli Near Sri Nagalingeshwar Swamy Temple Formerly Hotel Avenue,hotel,12.95717,77.70306,3.0,,,False,,47.0,https://static.cupid.travel/hotels/619210849.jpg,liteapi
lp19d1fe,OYO 24093 Kp Suits,hotel,12.957208,77.641725,3.0,,,False,,,https://static.cupid.travel/hotels/ex_817241d8_z.jpg,liteapi
lp6587a287,Mystic Felicity Inn,hotel,12.957327,77.64308,3.0,,,False,,,https://static.cupid.travel/hotels/ex_a0203a47_z.jpg,liteapi
lp86f10,Hotel Felicity Inn EGL by Sky Stays,hotel,12.957532,77.643155,3.0,,,False,,,https://static.cupid.travel/hotels/ex_1e41203e_z.jpg,liteapi
lp6588e43a,Treebo Premium Tranquil Marathalli,hotel,12.95766830444336,77.70196533203125,3.0,,,False,,,https://static.cupid.travel/hotels/ex_ca47e71e_z.jpg,liteapi
lp65822f13,RRR residency,hotel,12.95785,77.57637,,,,False,,,https://static.cupid.travel/hotels/595583758.jpg,liteapi
lp6576ed92,Super Collection O White Suites-Kemp Fort mall,hotel,12.95802,77.65615,3.0,,,False,,,https://static.cupid.travel/hotels/565713553.jpg,liteapi
lp6576dc15,Hotel O Royal Wood Premier,hotel,12.95833,77.64053,3.0,,,False,,,https://static.cupid.travel/hotels/604928526.jpg,liteapi
lp65874d7f,"FabHotel Royal Wood Premier - Near Karnataka Golf Association, Domlur",hotel,12.958343,77.640466,3.0,,,False,,,https://static.cupid.travel/hotels/ex_42d8b23f_z.jpg,liteapi
lp6587419d,ROYAL WOOD PREMIER,hotel,12.958347,77.640591,3.0,,,False,,,https://static.cupid.travel/hotels/ex_f41d4006_z.jpg,liteapi
lp657be9e3,Hotel City Towers,hotel,12.95864,77.57629,2.0,,,False,,,https://static.cupid.travel/hotels/560404040.jpg,liteapi
lp65799007,Sai Athithi Inn,hotel,12.9587,77.65506,2.0,,,False,,,https://static.cupid.travel/hotels/595304840.jpg,liteapi
lp6571b96d,Hotel Royal Wood - Domlur,hotel,12.95871,77.63689,2.0,,,False,,,https://static.cupid.travel/hotels/598008395.jpg,liteapi
lpade53,Green's Residency,hotel,12.95955,77.57771,3.0,,,False,,,https://static.cupid.travel/hotels/ex_39b7e13b_z.jpg,liteapi
lp65891b8b,Fabhotel Mysore Gate,hotel,12.959881782531738,77.55672454833984,3.0,,,False,,,https://static.cupid.travel/hotels/ex_4a639a4b_z.jpg,liteapi
lpcee70,Benhur Pride,hotel,12.95991,77.55659,4.0,,,False,,,https://static.cupid.travel/hotels/ex_62fcd79b_z.jpg,liteapi
lp658766be,FabHotel Airport Stay Inn - Near Kempegowda Airport,hotel,12.960428,77.699038,3.0,,,False,,,https://static.cupid.travel/hotels/ex_bfb297bb_z.jpg,liteapi
lp658798f3,Avalon Apartments,hotel,12.960585,77.603021,3.0,,,False,,,https://static.cupid.travel/hotels/ex_w3101h2065x0y0-78b2b6d5_z.jpg,liteapi
lp65877131,Housr 36 Studio Rooms Bangalore Near Leela Palace,hotel,12.960814,77.649726,3.0,,,False,,,https://static.cupid.travel/hotels/ex_7603b77b_z.jpg,liteapi
lp657524bf,Hotel O SANDHYA PG,hotel,12.96089,77.65982,3.0,,,False,,,https://static.cupid.travel/hotels/607317618.jpg,liteapi
lp658798f1,The Monarch Stay by Red Olive,hotel,12.960942,77.641699,3.0,,,False,,,https://static.cupid.travel/hotels/ex_ed47fe8d_z.jpg,liteapi
lp658798f2,Cityhaus By Red Olive,hotel,12.960942,77.641699,3.0,,,False,,,https://static.cupid.travel/hotels/ex_6c24981d_z.jpg,liteapi
lp657ff073,Hotel Nandi Comforts Yeswanthpur,hotel,12.96125,77.52581,,,,False,,,https://static.cupid.travel/hotels/535533823.jpg,liteapi
lp6587508d,Hotel Townhall,hotel,12.961353,77.583791,2.0,,,False,,,https://static.cupid.travel/hotels/ex_464e62f8_z.jpg,liteapi
lp658798f5,Aurum Heights by Red Olive,hotel,12.961538,77.643047,3.0,,,False,,,https://static.cupid.travel/hotels/ex_c09295d6_z.jpg,liteapi
lp6588bbb6,The Indigo Arcnr Manipal Hosp.indiranagar,hotel,12.961538,77.643047,3.0,,,False,,,https://static.cupid.travel/hotels/ex_w3101h2065x0y0-626dbbe4_z.jpg,liteapi
lpd9e0a,Aira Serviced Apartments Pvt Ltd,hotel,12.96162,77.64945,3.0,,,False,,,https://static.cupid.travel/hotels/ex_0e5671a4_z.jpg,liteapi
lp65878160,Hotel Ritvis Elite,hotel,12.961657,77.587727,3.0,,,False,,,https://static.cupid.travel/hotels/ex_bf8c0de0_z.jpg,liteapi
lp65762da1,3BHK Corporate and Expat Guest House In Central Bangalore,hotel,12.96191,77.59855,,,,False,,,https://static.cupid.travel/hotels/476013514.jpg,liteapi
lp65704bf6,C Suites - Catania,hotel,12.96194,77.66002,3.0,,,False,,,https://static.cupid.travel/hotels/605437337.jpg,liteapi
lp656faaf6,1 bhk central Blr near MG road,hotel,12.96212,77.60442,,,,False,,,https://static.cupid.travel/hotels/573282756.jpg,liteapi
lp6573ef07,Cozy 1bhk near MG road-Koramangala,hotel,12.96212,77.60442,,,,False,,,https://static.cupid.travel/hotels/583849990.jpg,liteapi
lp6584284e,Richmond Paradise,hotel,12.96212,77.60442,,,,False,,,https://static.cupid.travel/hotels/555130207.jpg,liteapi
lp6572cc0f,"Classy 1bhk near brigade,mg road",hotel,12.962122,77.604422,,,,False,,,https://static.cupid.travel/hotels/588308810.jpg,liteapi
lp657db8e8,Octave Cubbon Homes Service Apartment,hotel,12.96213,77.64519,,,,False,,,https://static.cupid.travel/hotels/390354986.jpg,liteapi
lp6580394f,Master Stay 2BHK,hotel,12.962427,77.51199,,,,False,,,https://static.cupid.travel/hotels/616565092.jpg,liteapi
lp656f8387,"Cozy 1 bhk near church street, MG road",hotel,12.96255,77.60341,,,,False,,,https://static.cupid.travel/hotels/585893921.jpg,liteapi
lp656c345b,Itsy Hotels Silver Keys,hotel,12.962589,77.701367,2.0,,,False,,,https://static.cupid.travel/hotels/ex_fa7fc0e0_z.jpg,liteapi
lp1d9d80,Lazdana Hotel Bangalore,hotel,12.962602,77.646454,,,,False,7.2,132.0,https://static.cupid.travel/hotels/398411767.jpg,liteapi
lp65877569,Terrastone Duplex Apartment,hotel,12.962897,77.490997,3.0,,,False,,,https://static.cupid.travel/hotels/ex_dff8ad24_z.jpg,liteapi
lp6578a9f9,Meridian Central by JadeCaps 3BHK Central Banglore,hotel,12.96325,77.60002,,,,False,,,https://static.cupid.travel/hotels/528083828.jpg,liteapi
lp65881dfe,Hotel Noble Nook 100 ft. Road Indiranagar,hotel,12.963402,77.643103,3.0,,,False,,,https://static.cupid.travel/hotels/ex_w1600h1019x0y47-a53707a6_z.jpg,liteapi
lp72a40,Hotel Holiday Home,hotel,12.96356,77.56952,3.0,,,False,,,https://static.cupid.travel/hotels/ex_bc3b109f_z.jpg,liteapi
lp6576ca1d,Wandr. Sirius,hotel,12.963743,77.646183,,,,False,,,https://static.cupid.travel/hotels/ex_b06f3d60_z.jpg,liteapi
lp656c3913,Fabhotel Prestine Tree,hotel,12.963982,77.649298,3.0,,,False,,,https://static.cupid.travel/hotels/ex_8501a5d2_z.jpg,liteapi
lp65874f25,The Hoften Sterling Plaza Near Kempegowda International Airport,hotel,12.964043,77.552158,2.0,,,False,,,https://static.cupid.travel/hotels/ex_b06d9588_z.jpg,liteapi
lp65800f94,Master Stay,hotel,12.96442,77.51413,,,,False,,,https://static.cupid.travel/hotels/616571322.jpg,liteapi
lp65571989,Hotel Jyothi international,hotel,12.96464,77.57409,3.0,,,False,,,https://static.cupid.travel/hotels/ex_faaecfff_z.jpg,liteapi
lp6576cfb7,Wandr. Altair,hotel,12.964736,77.644699,,,,False,,,https://static.cupid.travel/hotels/ex_40efbe55_z.jpg,liteapi
lp6570f20a,The Pent - Richmond,hotel,12.96514,77.59569,,,,False,,,https://static.cupid.travel/hotels/521284201.jpg,liteapi
lp6587e773,"U by Z Hotels, Richmond Circle",hotel,12.965524,77.589792,3.0,,,False,,,https://static.cupid.travel/hotels/ex_a16de679_z.jpg,liteapi
lp657fec25,Church street homestay bangalore,hotel,12.96607,77.61398,,,,False,,,https://static.cupid.travel/hotels/521975590.jpg,liteapi
lp1edd3e,Hotel Geo,hotel,12.9669,77.5874,3.0,,,False,,,https://static.cupid.travel/hotels/ex_339324b0_z.jpg,liteapi
lp33297b,FabHotel Royal Wood,hotel,12.966945,77.648061,3.0,,,False,,,https://static.cupid.travel/hotels/ex_51258ca0_z.jpg,liteapi
lp65879fa9,Bloom Hotel Richmond Road,hotel,12.967169,77.610702,3.0,,,False,,,https://static.cupid.travel/hotels/ex_d1d9d3d5_z.jpg,liteapi
lp6576c9a8,Wandr. Sargas,hotel,12.967261,77.651412,,,,False,,,https://static.cupid.travel/hotels/ex_57a3e55c_z.jpg,liteapi
lp6588bd7c,Kings Club,hotel,12.967329978942871,77.49137115478516,3.0,,,False,,,https://static.cupid.travel/hotels/ex_274976b1_z.jpg,liteapi
lp656f8d91,C Suites - Fallon,hotel,12.96738,77.68943,,,,False,,,https://static.cupid.travel/hotels/605978964.jpg,liteapi
lp65890e5a,Cozy room The Hole In The Wall,hotel,12.967533111572266,77.64794158935547,3.0,,,False,,,https://static.cupid.travel/hotels/ex_bc4f4c13_z.jpg,liteapi
lp6588f17a,Apollo Greens,hotel,12.968449592590332,77.63153076171875,3.0,,,False,,,https://static.cupid.travel/hotels/ex_65625a17_z.jpg,liteapi
lp65752578,Hotel O The Secret Place,hotel,12.96852,77.49284,3.0,,,False,,,https://static.cupid.travel/hotels/607568293.jpg,liteapi
lp6584575d,Bangalore homestay,hotel,12.96852,77.67294,,,,False,,,https://static.cupid.travel/hotels/495000910.jpg,liteapi
lp65751bef,Wandr. Virgo,hotel,12.968564,77.644937,,,,False,,,https://static.cupid.travel/hotels/ex_b560b76e_z.jpg,liteapi
lp6588f2e7,Fabhotel Serenity I,hotel,12.968669891357422,77.64897918701172,3.0,,,False,,,https://static.cupid.travel/hotels/ex_5debf2d5_z.jpg,liteapi
lp6579d2cf,Amor Mystic Inn,hotel,12.968794,77.636047,3.0,,,False,,,https://static.cupid.travel/hotels/ex_cb012a61_z.jpg,liteapi
lp657ef431,Super Collection O Indiranagar,hotel,12.96892,77.63644,,,,False,,,https://static.cupid.travel/hotels/608862763.jpg,liteapi
lp657cbaf1,Wandr Salm Near Rameshwaram Cafe Indiranagar,hotel,12.96898,77.64948,,,,False,,,https://static.cupid.travel/hotels/551377324.jpg,liteapi
lp656f0ba4,C Suites - Drava,hotel,12.969,77.69474,3.0,,,False,,,https://static.cupid.travel/hotels/605927055.jpg,liteapi
lp65753420,Wandr Naos - Koramangala,hotel,12.96924,77.55874,,,,False,,,https://static.cupid.travel/hotels/581167225.jpg,liteapi
lp87b33,OYO 761 Hermitage Apartments,hotel,12.969355,77.636558,3.0,,,False,,,https://static.cupid.travel/hotels/ex_de8b3f61_z.jpg,liteapi
lpebfb8,FabHotel Millenium Stay Indiranagar,hotel,12.97019,77.6303,3.0,,,False,,,https://static.cupid.travel/hotels/ex_3564a3f6_z.jpg,liteapi
lp656c3be8,Fabhotel The Rameshwaram,hotel,12.970303,77.644481,3.0,,,False,,,https://static.cupid.travel/hotels/ex_3bd5b1cf_z.jpg,liteapi
lp655530b9,Capital O 1324 Royal Inchara,hotel,12.970618,77.70088,3.0,,,False,,,https://static.cupid.travel/hotels/ex_766b4275_z.jpg,liteapi
lp656ec3d7,Cozy Stay 80ft Rd Indiranagar 2BHK 2BTH,hotel,12.97068,77.64864,,,,False,,,https://static.cupid.travel/hotels/592587979.jpg,liteapi
lp233511,Hotel Trinity Suites,hotel,12.970737,77.626212,3.0,,,False,,,https://static.cupid.travel/hotels/ex_071e9405_z.jpg,liteapi
lp6574eb48,Sunset View Studio Pent House.,hotel,12.97088,77.69141,,,,False,,,https://static.cupid.travel/hotels/505515705.jpg,liteapi
lp65704c3d,C Suites - Sunrise,hotel,12.97149,77.69998,3.0,,,False,,,https://static.cupid.travel/hotels/605446079.jpg,liteapi
lp65726c42,The Atlantis Duplex by StayJade 3BH Off MG road,hotel,12.97156,77.61625,,,,False,,,https://static.cupid.travel/hotels/532262767.jpg,liteapi
lpf923e,Shrusti Comfort,hotel,12.971613,77.574504,3.0,,,False,,,https://static.cupid.travel/hotels/ex_6250638d_z.jpg,liteapi
lp6588ff09,Marriott Executive Apartments Bengaluru UB City,hotel,12.971952438354492,77.59664154052734,5.0,,,False,,,https://static.cupid.travel/hotels/ex_6aedcea3_z.jpg,liteapi
lp657346af,"Wandr Leo - Whitefield, ITPL Main road, Kundalahalli Metro Station",hotel,12.972006,77.705052,3.0,,,False,,,https://static.cupid.travel/hotels/ex_626ee21b_z.jpg,liteapi
lp657963ba,Click Hotel DBR,hotel,12.972033,77.615518,3.0,,,False,,,https://static.cupid.travel/hotels/ex_1db76aa4_z.jpg,liteapi
lp6557b016,PPH Living Ganesh Mahal,hotel,12.972094,77.570136,3.0,,,False,,,https://static.cupid.travel/hotels/ex_894c0dc8_z.jpg,liteapi
lp657f507a,Rentorio Radha Krishna Hostels,hostel,12.97219,77.57073,,,,False,,,https://static.cupid.travel/hotels/616541727.jpg,liteapi
lp65729ca0,"Brham Store & Residency, Brunton Road",hotel,12.97221,77.61536,,,,False,,,https://static.cupid.travel/hotels/574692206.jpg,liteapi
lp657e6ebb,Hotel Mahaveer bhavan comfort,hotel,12.97235,77.57239,,,,False,,,https://static.cupid.travel/hotels/569027302.jpg,liteapi
lp657e5256,GRR luxury comforts,hotel,12.97236,77.64911,,,,False,,,https://static.cupid.travel/hotels/606834638.jpg,liteapi
lp65846f45,Thirumala Paradise,hotel,12.97245,77.56895,2.0,,,False,,,https://static.cupid.travel/hotels/559594496.jpg,liteapi
lp65797a9d,Hotel O Sri Thirumala Paradise,hotel,12.97251,77.56891,3.0,,,False,,,https://static.cupid.travel/hotels/461284071.jpg,liteapi
lp27a0f3,OYO 19934 Hotel Golden Arch,hotel,12.972593,77.538737,3.0,,,False,,,https://static.cupid.travel/hotels/ex_316ba0f4_z.jpg,liteapi
lpc85b3,Meenal A Boutique Hotel,hotel,12.97273,77.60964,3.0,,,False,,,https://static.cupid.travel/hotels/ex_296cb008_z.jpg,liteapi
lp65725a56,House of 2 Tress Penthouse,hotel,12.97295,77.64015,,,,False,,,https://static.cupid.travel/hotels/548516946.jpg,liteapi
lp6557a82e,Goroomgo Vijaya Palace Lodging Bengaluru,hotel,12.972987,77.577787,3.0,,,False,,,https://static.cupid.travel/hotels/ex_299f8658_z.jpg,liteapi
lp65880057,SS HOTELS,hotel,12.973054,77.570932,2.0,,,False,,,https://static.cupid.travel/hotels/ex_2f5e81a1_z.jpg,liteapi
lp88334,ZO Rooms Trinity Circle MG Road,hotel,12.973153,77.622083,3.0,,,False,,,https://static.cupid.travel/hotels/ex_5812881b_z.jpg,liteapi
lp1cac1b,OYO 24850 Stay Zone,hotel,12.9732,77.6787,3.0,,,False,,,https://static.cupid.travel/hotels/ex_9969a424_z.jpg,liteapi
lp6557c9c3,Goroomgo Prestige Residency Bengaluru,hotel,12.973202,77.577364,3.0,,,False,,,https://static.cupid.travel/hotels/ex_c57ddc71_z.jpg,liteapi
lp6557d396,Goroomgo UG Royal Bengaluru,hotel,12.973229,77.570169,3.0,,,False,,,https://static.cupid.travel/hotels/ex_099a0ed7_z.jpg,liteapi
lp20e0c8,FabHotel Urban,hotel,12.973364,77.638736,3.0,,,False,,,https://static.cupid.travel/hotels/ex_a0c766d0_z.jpg,liteapi
lp65879c44,Fabhotel Brigade Suites,hotel,12.973495,77.607855,3.0,,,False,,,https://static.cupid.travel/hotels/ex_836c0e2c_z.jpg,liteapi
lp658081a8,Nest service apartment,hotel,12.97354,77.51411,,,,False,,,https://static.cupid.travel/hotels/563342898.jpg,liteapi
lp657d81c1,rest@nest,hotel,12.97356,77.51404,,,,False,,,https://static.cupid.travel/hotels/512412309.jpg,liteapi
lp8e3bb,Treebo Trend Morgen Suites,hotel,12.973595,77.606698,3.0,,,False,,,https://static.cupid.travel/hotels/ex_90aa9e3f_z.jpg,liteapi
lp37ca79,OYO 38662 Snt Comforts Lodge,hotel,12.973687,77.574499,3.0,,,False,,,https://static.cupid.travel/hotels/ex_6b03a552_z.jpg,liteapi
lpc87cb,OYO 3241 Home Stay Indiranagar,hotel,12.973838,77.634937,3.0,,,False,,,https://static.cupid.travel/hotels/ex_a495c72a_z.jpg,liteapi
lp6557d39e,Goroomgo Shabari Gate Bengaluru,hotel,12.974,77.570829,3.0,,,False,,,https://static.cupid.travel/hotels/ex_7c3a03ff_z.jpg,liteapi
lp65876102,SS LUMINA GUEST HOUSE,hotel,12.974804,77.599154,2.0,,,False,,,https://static.cupid.travel/hotels/ex_7bea5502_z.jpg,liteapi
lpc8614,OYO 4767 Royal Park,hotel,12.97482,77.64833,3.0,,,False,,,https://static.cupid.travel/hotels/ex_7dcf86d4_z.jpg,liteapi
lp65781de0,"Hotel City Centaur, Banglore",hotel,12.97504,77.57045,,,,False,,,https://static.cupid.travel/hotels/583016235.jpg,liteapi
lp6578620a,Studio Appartment in Green & Tranquil Environment,hotel,12.97525,77.7006,,,,False,,,https://static.cupid.travel/hotels/504082180.jpg,liteapi
lp657e2a31,The Spectator Hotel,hotel,12.97538,77.66894,,,,False,,,https://static.cupid.travel/hotels/599191252.jpg,liteapi
lpfeaac,SmartStay Service Apartment,hotel,12.975403,77.598483,3.0,,,False,,,https://static.cupid.travel/hotels/ex_e028f882_z.jpg,liteapi
lpb3c7c,Queen's Castle,hotel,12.975706,77.617504,3.0,,,False,,,https://static.cupid.travel/hotels/ex_f750be70_z.jpg,liteapi
lp6588d0bb,HOTEL VINTTAGE PARK,hotel,12.975870132446289,77.57833862304688,3.0,,,False,,,https://static.cupid.travel/hotels/ex_fde23335_z.jpg,liteapi
lp74bce,OYO 7752 Hotel Diva Residency,hotel,12.9761,77.57832,3.0,,,False,,,https://static.cupid.travel/hotels/ex_95cedeac_z.jpg,liteapi
lpbd169,Sovereign Hotel,hotel,12.97627,77.57852,3.0,,,False,,,https://static.cupid.travel/hotels/ex_ba8e347f_z.jpg,liteapi
lp657e249d,GRAND KALINGA HOTEL,hotel,12.9764,77.57861,3.0,,,False,,,https://static.cupid.travel/hotels/336152538.jpg,liteapi
lp657bcf69,The Avatar Life Penthouse,hotel,12.97644,77.6424,,,,False,,,https://static.cupid.travel/hotels/478169206.jpg,liteapi
lp656c365e,Treebo Tierra Woods Indiranagar,hotel,12.976556,77.626713,3.0,,,False,,,https://static.cupid.travel/hotels/ex_bdd9699a_z.jpg,liteapi
lp65753996,Terrace View 2BHK Private Home,hotel,12.97672,77.51385,,,,False,,,https://static.cupid.travel/hotels/569204125.jpg,liteapi
lp657ad5f0,Tara suites Yellow Lotus,hotel,12.97738,77.63994,,,,False,,,https://static.cupid.travel/hotels/558530181.jpg,liteapi
lp6580f4b4,Narthaki Boutique Hotel,hotel,12.97758,77.57686,3.0,,,False,,,https://static.cupid.travel/hotels/483705311.jpg,liteapi
lp65876892,goSTOPS Bengaluru Gandhi Nagar Majestic.,hotel,12.977641,77.576715,2.0,,,False,,,https://static.cupid.travel/hotels/ex_8bf941d4_z.jpg,liteapi
lp65741c32,Jugglers Rest 4 Sharing,hotel,12.97772,77.63448,,,,False,,,https://static.cupid.travel/hotels/527603357.jpg,liteapi
lp65559a07,Capital O 62688 Makers Hotel,hotel,12.977794,77.697365,3.0,,,False,,,https://static.cupid.travel/hotels/ex_209a1f28_z.jpg,liteapi
lp6588d8e1,HOTEL TAJ MAHAL,hotel,12.97783374786377,77.57716369628906,3.0,,,False,,,https://static.cupid.travel/hotels/ex_5808cc94_z.jpg,liteapi
lp657f7cfb,Myspace Express Balaji Paradise,hotel,12.977867,77.575654,,,,False,,,https://static.cupid.travel/hotels/438560722.jpg,liteapi
lp65796357,Jugglers Rest Hostel by Spacez,hostel,12.97787,77.6345,,,,False,,,https://static.cupid.travel/hotels/576684346.jpg,liteapi
lp65880672,Casa Bianca by Red Olivenr Taj MG Roadpvt Garden,hotel,12.978006,77.617029,3.0,,,False,,,https://static.cupid.travel/hotels/ex_25ff07f5_z.jpg,liteapi
lp6588f633,Hotel Royal Comfort,hotel,12.978013038635254,77.57969665527344,2.0,,,False,,,https://static.cupid.travel/hotels/ex_e4a8405c_z.jpg,liteapi
lp279ccf,Capital O 46356 White Mg,hotel,12.978056,77.617709,3.0,,,False,,,https://static.cupid.travel/hotels/ex_e52a49b2_z.jpg,liteapi
lp6583d10e,New Golden Residency,hotel,12.978113174438477,77.57939910888672,3.0,,,False,,,https://static.cupid.travel/hotels/ex_36ba6bf0_z.jpg,liteapi
lp658795c9,Hotel Lalitha Comfort,hotel,12.978141,77.577196,2.0,,,False,,,https://static.cupid.travel/hotels/ex_583bb37e_z.jpg,liteapi
lp6588b31b,SAS SERVICE APPARTMENT,hotel,12.978285789489746,77.64091491699219,3.0,,,False,,,https://static.cupid.travel/hotels/ex_7d4e2079_z.jpg,liteapi
lp8c1fd,Cartier Biznotel,hotel,12.978318,77.54258,3.0,,,False,,,https://static.cupid.travel/hotels/ex_8afe9330_z.jpg,liteapi
lp656c3b7d,Zip by Spree Hotels Phoenix Marathahalli,hotel,12.978534,77.697043,4.0,,,False,,,https://static.cupid.travel/hotels/504607280.jpg,liteapi
lpf35b6,The Palladium Hotel by Big Tree Hotels,hotel,12.978629,77.579535,3.0,,,False,,,https://static.cupid.travel/hotels/ex_716fb311_z.jpg,liteapi
lp657fbe73,Hotel Lalitha Comfort,hotel,12.97867,77.57413,3.0,,,False,,,https://static.cupid.travel/hotels/582417803.jpg,liteapi
lpba166,Sandesh Kingston by Agira Hotels,hotel,12.97869,77.577515,3.0,,,False,,,https://static.cupid.travel/hotels/ex_0b8c156d_z.jpg,liteapi
lp833f5,Hotel Silicon Hearth Marathahalli,hotel,12.978694,77.694399,3.0,,,False,,,https://static.cupid.travel/hotels/ex_1088cba7_z.jpg,liteapi
lp656c3146,FabHotel Sairam Residency,hotel,12.9787,77.5795,3.0,,,False,,,https://static.cupid.travel/hotels/497367186.jpg,liteapi
lp6587e818,2BHK Cozy stay Indranagar,hotel,12.978957,77.641063,2.0,,,False,,,https://static.cupid.travel/hotels/ex_6c9917eb_z.jpg,liteapi
lp882fe,Treebo Trip Cynosure Suites,hotel,12.97897,77.6055,3.0,,,False,,,https://snaphotelapi.com/hotels/ex_23a92fdf_z.jpg,liteapi
lp65589e38,Alankar Residency,hotel,12.979016,77.58097,2.0,,,False,,,https://static.cupid.travel/hotels/ex_fd3178ce_z.jpg,liteapi
lp65874a10,HOTEL KALYAN SUITES,hotel,12.979056,77.575977,3.0,,,False,,,https://static.cupid.travel/hotels/ex_4442efba_z.jpg,liteapi
lp68132,City Centre Residency,hotel,12.97914,77.63789,4.0,,,False,,,https://snaphotelapi.com/hotels/ex_0af45718_z.jpg,liteapi
lp6588f8a7,Laavish 7 Hotel,hotel,12.979334831237793,77.63778686523438,3.0,,,False,,,https://static.cupid.travel/hotels/ex_6a3c6ac0_z.jpg,liteapi
lp657d620c,Hotel Magaji Comfort Inn,hotel,12.97944,77.576161,1.0,,,False,,,https://static.cupid.travel/hotels/579887049.jpg,liteapi
lp65841b6f,Sandhya Residency,hotel,12.97957,77.57472,,,,False,,,https://static.cupid.travel/hotels/452371194.jpg,liteapi
lp657a2168,Sri Sai Comforts near Majestic Railway Station,hotel,12.9804,77.57108,2.0,,,False,,,https://static.cupid.travel/hotels/595375335.jpg,liteapi
lp65743373,Emerald - Vintage Haven,hotel,12.9808,77.63846,,,,False,,,https://static.cupid.travel/hotels/576303280.jpg,liteapi
lp65728121,Ivory - Vintage Haven,hotel,12.98085,77.63838,,,,False,,,https://static.cupid.travel/hotels/576294453.jpg,liteapi
lp657271cb,Amber - Vintage haven,hotel,12.98096,77.63835,,,,False,,,https://static.cupid.travel/hotels/541170418.jpg,liteapi
lp6578f36a,Hotel O Sree Balaji Residency,hotel,12.981328,77.542915,3.0,,,False,,,https://static.cupid.travel/hotels/603461531.jpg,liteapi
lp1b0bac,FabHotel Aga West Park,hotel,12.981339,77.604118,3.0,,,False,,,https://static.cupid.travel/hotels/ex_f4eb61cf_z.jpg,liteapi
lp6588d3e9,URBAN SUITES,hotel,12.981555938720703,77.630859375,2.0,,,False,,,https://static.cupid.travel/hotels/ex_7717be00_z.jpg,liteapi
lp657bae7c,Woodstone Manor by Red Olive Penthouse Indiranagar,hotel,12.98235,77.62394,,,,False,,,https://static.cupid.travel/hotels/532257445.jpg,liteapi
lp657f8978,Manjushree Boarding and Lodging,hotel,12.98243,77.54287,2.0,,,False,,,https://static.cupid.travel/hotels/605929554.jpg,liteapi
lpdf221,Treebo Eden Au Lac,hotel,12.98243,77.63473,3.0,,,False,,,https://static.cupid.travel/hotels/ex_87a9d181_z.jpg,liteapi
lp65891354,Le Papillon,hotel,12.983341,77.613108,3.0,,,False,,,https://static.cupid.travel/hotels/ex_ad0c34d0_z.jpg,liteapi
lp6575e071,Cozy 2-bedroom service apartment with free parking,hotel,12.9838,77.677254,,,,False,,,https://static.cupid.travel/hotels/557359523.jpg,liteapi
lp656ef0cf,"Stay @ Race Course Road, BLR",hotel,12.98421,77.57617,,,,False,,,https://static.cupid.travel/hotels/510235439.jpg,liteapi
lp65878528,FabHotel Golden Comforts,hotel,12.98444,77.603264,3.0,,,False,,,https://static.cupid.travel/hotels/ex_714e2072_z.jpg,liteapi
lp8836c,ZO Rooms Rajajinagar 5th Block,hotel,12.985703,77.552209,3.0,,,False,,,https://static.cupid.travel/hotels/ex_dadcd715_z.jpg,liteapi
lp6578e0fa,Luxury Vintage 3bhk Penthouse,hotel,12.985704,77.577832,4.0,,,False,,,https://static.cupid.travel/hotels/582142845.jpg,liteapi
lp6588f40d,Westend Apartment by Redolive Racecourse Rd 3bhk,hotel,12.986094,77.577848,3.0,,,False,,,https://static.cupid.travel/hotels/ex_w3093h2062x0y0-2a879b15_z.jpg,liteapi
lp6587e8ca,Fabhotel Platinum,hotel,12.986419,77.605817,3.0,,,False,,,https://static.cupid.travel/hotels/ex_0d325897_z.jpg,liteapi
lp6587e443,ROOTS  Coastal Dine Restaurant & Lodging,hotel,12.986423,77.595173,3.0,,,False,,,https://static.cupid.travel/hotels/ex_1a852e80_z.jpg,liteapi
lp658902e2,"The Fern Residency Bengaluru, Seshadripuram, Series by Marriott",hotel,12.986435890197754,77.5748062133789,2.0,,,False,,,https://static.cupid.travel/hotels/ex_1a146ee6_z.jpg,liteapi
lp65723c9a,Elegance & Comfort near MG Road,hotel,12.986677,77.617704,,,,False,,,https://static.cupid.travel/hotels/618234514.jpg,liteapi
lp65858fdc,Puttaganesh,hotel,12.98669,77.57531,,,,False,,,https://static.cupid.travel/hotels/502288730.jpg,liteapi
lp6573417d,Lumina - Palm Paradise,hotel,12.98693,77.64554,,,,False,,,https://static.cupid.travel/hotels/577043183.jpg,liteapi
lp6571baf6,Cana - Palm Paradise,hotel,12.98694,77.64551,,,,False,,,https://static.cupid.travel/hotels/577033892.jpg,liteapi
lp6571b420,Nova - Palm Paradise,hotel,12.98696,77.64554,,,,False,,,https://static.cupid.travel/hotels/577253702.jpg,liteapi
lp6582f415,Palani Andavar,hotel,12.987038,77.618612,3.0,,,False,,1.0,https://static.cupid.travel/hotels/584972898.jpg,liteapi
lp657feb0c,Hotel Kashyap Basaveshwara Nagar,hotel,12.9872,77.53973,,,,False,,,https://static.cupid.travel/hotels/597813236.jpg,liteapi
lp655659fd,OYO 62496 Srigandha Party Hall,hotel,12.987294,77.51277,3.0,,,False,,,https://static.cupid.travel/hotels/ex_6a37e203_z.jpg,liteapi
lp3222c2,Galaxy Service Apartment,hotel,12.987299,77.617425,3.0,,,False,,,https://static.cupid.travel/hotels/ex_c9c28186_z.jpg,liteapi
lp657d9254,Hotel Achhu Palace,hotel,12.9873,77.51234,3.0,,,False,,,https://static.cupid.travel/hotels/577194603.jpg,liteapi
lp6580e982,Putta ganesh appartment,hotel,12.98752,77.57518,,,,False,,,https://static.cupid.travel/hotels/498804008.jpg,liteapi
lp65875e3b,Sampada Homestay,hotel,12.987909,77.544739,2.0,,,False,,,https://static.cupid.travel/hotels/ex_fc1c9406_z.jpg,liteapi
lp1caae8,Pavithra Paradise,hotel,12.98811,77.53769,3.0,,,False,,,https://static.cupid.travel/hotels/515439987.jpg,liteapi
lp6588d380,Fabhotel Vg Grand,hotel,12.988444328308105,77.49579620361328,3.0,,,False,,,https://static.cupid.travel/hotels/ex_e84f35ac_z.jpg,liteapi
lp65875ecb,Super Hotel O Thimmaiah Rd Rajajinagar,hotel,12.988629,77.547781,2.0,,,False,,,https://static.cupid.travel/hotels/ex_w2880h1918x0y2-1cdadf26_z.jpg,liteapi
lp1868dd,OYO 16557 Sri Krishna International,hotel,12.98867,77.53746,3.0,,,False,,,https://static.cupid.travel/hotels/ex_03604180_z.jpg,liteapi
lp657bbcb4,Hotel O Cheluva Residency,hotel,12.989,77.50734,2.0,,,False,,,https://static.cupid.travel/hotels/596692871.jpg,liteapi
lp65881361,Bisque Magaji Orchid,hotel,12.98914,77.574558,3.0,,,False,,,https://static.cupid.travel/hotels/ex_f3663740_z.jpg,liteapi
lp1cab3b,OYO 26955 Asteria,hotel,12.990702,77.618511,3.0,,,False,,,https://static.cupid.travel/hotels/ex_9399a3bb_z.jpg,liteapi
lp6588ce89,Casa Promenade Villa by Redolive MG Road 3bhk,hotel,12.990767,77.6167,3.0,,,False,,,https://static.cupid.travel/hotels/ex_216de16b_z.jpg,liteapi
lp657a5d87,"The Horizon Comforts, Bengaluru",hotel,12.99122,77.59395,,,,False,,,https://static.cupid.travel/hotels/587440305.jpg,liteapi
lp6587654f,Hotel Stay Inn,hotel,12.991271,77.593397,2.0,,,False,,,https://static.cupid.travel/hotels/ex_a1ce1f34_z.jpg,liteapi
lp6587f922,Fabhotel Aura Inn,hotel,12.991794,77.557585,3.0,,,False,,,https://static.cupid.travel/hotels/ex_b81ed9b7_z.jpg,liteapi
lp65881075,Sweet Crystal Homes C V Raman Nagar,hotel,12.992219,77.660199,2.0,,,False,,,https://static.cupid.travel/hotels/ex_96fd445f_z.jpg,liteapi
lp658350bc,Mahanandi Nilya,hotel,12.99229,77.57695,,,,False,,,https://static.cupid.travel/hotels/599422557.jpg,liteapi
lp6570f4a2,C Suites - Carolina,hotel,12.99235,77.6913,,,,False,,,https://static.cupid.travel/hotels/607666781.jpg,liteapi
lp65891745,Fabhotel Broad Way Inn,hotel,12.99264144897461,77.55818939208984,3.0,,,False,,,https://static.cupid.travel/hotels/ex_d1db4011_z.jpg,liteapi
lp656c32f3,Grand Wilton Inn,hotel,12.993485,77.700319,4.0,,,False,,,https://static.cupid.travel/hotels/ex_c45f259f_z.jpg,liteapi
lp6588fe81,Fabhotel Sri Udupi Park,hotel,12.9946928024292,77.69912719726562,3.0,,,False,,,https://static.cupid.travel/hotels/ex_341aef8b_z.jpg,liteapi
lp65814ad6,CM Residency,hotel,12.99537,77.52215,3.0,,,False,,,https://static.cupid.travel/hotels/605956517.jpg,liteapi
lp657724b7,Hotel O CM RESIDENCY,hotel,12.995377,77.522275,3.0,,,False,,1.0,https://static.cupid.travel/hotels/580691903.jpg,liteapi
lp657b0688,Octave The Turning Point,hotel,12.99557,77.61095,3.0,,,False,,,https://static.cupid.travel/hotels/603216368.jpg,liteapi
lp1abf96,FabHotel Prime Abion,hotel,12.995976,77.690857,3.0,,,False,,,https://static.cupid.travel/hotels/ex_e985e84b_z.jpg,liteapi
lp655a73c7,De Royale Sapphire Suites,hotel,12.996132850646973,77.69122314453125,3.0,,,False,,,https://static.cupid.travel/hotels/ex_ab69b026_z.jpg,liteapi
lp6554f8db,Hotel Rathana Mahal Residency,hotel,12.996383,77.571516,3.0,,,False,,,https://static.cupid.travel/hotels/ex_89cee8a0_z.jpg,liteapi
lp19a68e,Abion Hotels,hotel,12.99648,77.69102,3.0,,,False,,,https://static.cupid.travel/hotels/ex_2d35b03b_z.jpg,liteapi
lp65558559,OYO 30678 S K Residency,hotel,12.996565,77.568622,3.0,,,False,,,https://static.cupid.travel/hotels/ex_2c5bcc6d_z.jpg,liteapi
lpb10ed,FabHotel Frazer Suites - Nr Bangalore Cantt Railway Station,hotel,12.996711,77.613826,3.0,,,False,8.2,68.0,https://static.cupid.travel/hotels/227204918.jpg,liteapi
lpfe160,Savoury Fandhook,hotel,12.99688,77.61451,3.0,,,False,,,https://static.cupid.travel/hotels/ex_75948997_z.jpg,liteapi
lp6588c6cb,Hotel Lenexa By Bestinn Leisure,hotel,12.997247695922852,77.6873550415039,3.0,,,False,,,https://static.cupid.travel/hotels/ex_a4237b79_z.jpg,liteapi
lp65571a1b,Sai Ram Residency,hotel,12.997283,77.573189,3.0,,,False,,,https://static.cupid.travel/hotels/ex_50975fd2_z.jpg,liteapi
lp3239fb,Pink Petals Service Apartments,hotel,12.997304,77.603593,3.0,,,False,,,https://static.cupid.travel/hotels/ex_70f925dd_z.jpg,liteapi
lp6588e253,Luciya The Boutique Hotel,hotel,12.997419357299805,77.61492919921875,2.0,,,False,,,https://static.cupid.travel/hotels/ex_b791bf2e_z.jpg,liteapi
lp65890db4,Fabhotel Prime Stay I,hotel,12.99754524230957,77.68738555908203,3.0,,,False,,,https://static.cupid.travel/hotels/ex_ab4b11d3_z.jpg,liteapi
lp6588b2b4,ZIPP Lite Frazer Town,hotel,12.998270034790039,77.61293029785156,2.0,,,False,,,https://static.cupid.travel/hotels/ex_eb404658_z.jpg,liteapi
lp65833ec8,Malnad Residency Malleshwaram,hotel,12.99911,77.57661,2.0,,,False,,,https://static.cupid.travel/hotels/592061563.jpg,liteapi
lp6588d046,The Haventra by TERASTAY,hotel,12.999271392822266,77.66183471679688,3.0,,,False,,,https://static.cupid.travel/hotels/ex_1ff58c11_z.jpg,liteapi
lp65704b56,C Suites - Chambly,hotel,12.99931,77.68365,3.0,,,False,,,https://static.cupid.travel/hotels/607124832.jpg,liteapi
lpe6b58,Grand Savoury Suites,hotel,12.99977,77.61129,3.0,,,False,,,https://static.cupid.travel/hotels/ex_9f1be449_z.jpg,liteapi
lp6574897a,LakeView Apartment Nr Indiranagar 30N min,hotel,12.999898,77.666945,,,,False,,,https://static.cupid.travel/hotels/603249738.jpg,liteapi
lp6554832f,New Light Executive Rooms,hotel,12.999903,77.676526,3.0,,,False,,,https://static.cupid.travel/hotels/ex_34175b73_z.jpg,liteapi
lp656ee8e1,Lavish 3BHK on 12th Floor for Family,hotel,13.00001,77.6733,,,,False,,,https://static.cupid.travel/hotels/584800171.jpg,liteapi
lp1f7595,FabHotel Avenue Inn,hotel,13.000471,77.616569,3.0,,,False,,,https://static.cupid.travel/hotels/ex_08ce8b0a_z.jpg,liteapi
lp656f26fb,"Luxury 3BHK in KR Puram Stunning Views on 15 Floor, Pool & Private Garden",hotel,13.00121,77.67697,,,,False,,,https://static.cupid.travel/hotels/614238278.jpg,liteapi
lp656f81b7,Lavish 3BHK at 6 Floor Only for Family,hotel,13.00121,77.67697,,,,False,,,https://static.cupid.travel/hotels/584792354.jpg,liteapi
lp656fbc4c,Stay in Comfort at 22 floor Spacious 3BHK in KR Puram Your Home Away from Home,hotel,13.00121,77.67697,,,,False,,,https://static.cupid.travel/hotels/584797346.jpg,liteapi
lp657018e1,3 BHK with fully equipped kitchen-22-flr-Families,hotel,13.00121,77.67697,,,,False,,,https://static.cupid.travel/hotels/612250389.jpg,liteapi
lp65706759,"Marvellous 3BHK with Free Wi-Fi, Parking on 15 floor Perfect for Families",hotel,13.00121,77.67697,,,,False,,,https://static.cupid.travel/hotels/614475933.jpg,liteapi
lp6570a784,Lakeview 3BHK on 6th Floor for Family Only,hotel,13.00121,77.67697,,,,False,,,https://static.cupid.travel/hotels/579023309.jpg,liteapi
lp65710588,Astonishing 3BHK at 6-Floor for Family only,hotel,13.00121,77.67697,,,,False,,,https://static.cupid.travel/hotels/584981589.jpg,liteapi
lp6572700a,Modern 3BHK with fully equipped kitchen on 15Floor only for families,hotel,13.00121,77.67697,,,,False,,,https://static.cupid.travel/hotels/614866624.jpg,liteapi
lp656ebfa0,3BHK at 12 floor Lakeview near ITPL,hotel,13.001212,77.676971,,,,False,,,https://static.cupid.travel/hotels/561011880.jpg,liteapi
lp658798f0,Amber Apartment 103 by Stayjade,hotel,13.001413,77.625641,3.0,,,False,,,https://static.cupid.travel/hotels/ex_a77d9ec4_z.jpg,liteapi
lp6576795e,Stylish AC Home close to Brigade Sheraton-IISC-NU Hospital,hotel,13.00146,77.55379,,,,False,,,https://static.cupid.travel/hotels/539847639.jpg,liteapi
lp656e14f1,Avalon Apartment 302 Nr MG Road 3BHK AC,hotel,13.001525,77.625464,,,,False,,,https://static.cupid.travel/hotels/603254656.jpg,liteapi
lp658798fb,Amber Apartment 203,hotel,13.001537,77.625641,3.0,,,False,,,https://static.cupid.travel/hotels/ex_d9cfd6c3_z.jpg,liteapi
lp656e8209,Onyx Apartment 303 by StayJade 3BHK AC Nr MG Road,hotel,13.001561,77.625531,,,,False,,,https://static.cupid.travel/hotels/603255123.jpg,liteapi
lp656ef103,Emerlad Apartment 401 Nr MG Road,hotel,13.001561,77.625531,,,,False,,,https://static.cupid.travel/hotels/603247542.jpg,liteapi
lp6571b713,Emerlad Apartment 201 Nr MG Road Housekeeping,hotel,13.001561,77.625531,,,,False,,,https://static.cupid.travel/hotels/603247625.jpg,liteapi
lp657205f8,Emerald Apartment 301 Nr MG Road Daily Housekeeping,hotel,13.001561,77.625531,,,,False,,,https://static.cupid.travel/hotels/603249935.jpg,liteapi
lp657217a0,Avalon Apartment 202 Central Bangalore AC,hotel,13.001561,77.625531,,,,False,,,https://static.cupid.travel/hotels/603246897.jpg,liteapi
lp658798f8,Emerald Apartments by Red Olive,hotel,13.001645,77.625566,3.0,,,False,,,https://static.cupid.travel/hotels/ex_64e97e51_z.jpg,liteapi
lp6585018b,Hotels,hotel,13.00191,77.57134,,,,False,,,https://static.cupid.travel/hotels/561520938.jpg,liteapi
lp6574cede,1 BHK Serviced Apartment,hotel,13.00192,77.63545,,,,False,,,https://static.cupid.travel/hotels/590702428.jpg,liteapi
lp657575a2,Elegant 3BHK Flat-Private Garden for Family,hotel,13.00373,77.61557,,,,False,,,https://static.cupid.travel/hotels/584971671.jpg,liteapi
lp6573c3a3,Elegant 3BHK Flat with Garden for Family Only,hotel,13.003732,77.615565,,,,False,,,https://static.cupid.travel/hotels/581504563.jpg,liteapi
lp65747b9d,Comfortable 2BHK Flat in Cooke Town,hotel,13.00386,77.62156,,,,False,,,https://static.cupid.travel/hotels/555948886.jpg,liteapi
lp6578334d,Hotel O Power Spirits Boarding and Lodging,hotel,13.00425,77.50736,4.0,,,False,,,https://static.cupid.travel/hotels/558908861.jpg,liteapi
lp656e906a,C Suites - St Louis,hotel,13.00426,77.6664,,,,False,,,https://static.cupid.travel/hotels/605970813.jpg,liteapi
lp6570503f,C Suites - Horwich,hotel,13.00433,77.66449,3.0,,,False,,,https://static.cupid.travel/hotels/605138159.jpg,liteapi
lp6575d561,Moonchine yellow furnished 2bhk flat in Cooke town,hotel,13.004713,77.626809,,,,False,,,https://static.cupid.travel/hotels/486608224.jpg,liteapi
lp6570f09b,C Suites - Fairview,hotel,13.00487,77.66456,3.0,,,False,,,https://static.cupid.travel/hotels/605966115.jpg,liteapi
lp65842eda,RUKMINI Apartment,hotel,13.00573,77.56238,,,,False,,,https://static.cupid.travel/hotels/552264329.jpg,liteapi
lp65825069,RUK Apartment,hotel,13.00591,77.56232,,,,False,,,https://static.cupid.travel/hotels/588293437.jpg,liteapi
lp6578388c,Luxury Tranquil heaven Near Sri Sai ashram,hotel,13.00607,77.64971,,,,False,,,https://static.cupid.travel/hotels/600666924.jpg,liteapi
lp6575e31d,Mangala stay home (Malleshwaram) Ground Floor Apts,hotel,13.00694,77.56436,,,,False,,,https://static.cupid.travel/hotels/532878427.jpg,liteapi
lp1b2e02,FabHotel Chalet Corporate,hotel,13.007703,77.554773,3.0,,,False,,,https://static.cupid.travel/hotels/ex_4a1af122_z.jpg,liteapi
lp657d5453,Kings Suites Palace Grounds,hotel,13.00808,77.59277,,,,False,,,https://static.cupid.travel/hotels/593946630.jpg,liteapi
lp658798fa,Emerald Apartments by Red Olive,hotel,13.008759,77.625003,3.0,,,False,,,https://static.cupid.travel/hotels/ex_959d0c37_z.jpg,liteapi
lp65734605,Willys 2BHK,hotel,13.00998,77.63411,,,,False,,,https://static.cupid.travel/hotels/525416038.jpg,liteapi
lp65713d3b,Exquisite 2-BHK Flat in Davis Road,hotel,13.0101,77.59673,,,,False,,,https://static.cupid.travel/hotels/600669012.jpg,liteapi
lp657ac1a7,Hostel nest stay,hostel,13.01078,77.63724,,,,False,,,https://static.cupid.travel/hotels/608938179.jpg,liteapi
lp65783f77,OYO Chevron Orchards Near Snow City,hotel,13.0109,77.57887,3.0,,,False,,,https://static.cupid.travel/hotels/442916702.jpg,liteapi
lp3634c4,Hotel Vande Matharam,hotel,13.01093,77.55055,3.0,,,False,,,https://static.cupid.travel/hotels/ex_47c7d031_z.jpg,liteapi
lp28a719,Hotel B Residency,hotel,13.011536,77.673368,3.0,,,False,,,https://static.cupid.travel/hotels/ex_333dc8c0_z.jpg,liteapi
lp65795a04,Lutino Homes Ramurthynagar main Road opposite D Mart,hotel,13.0119,77.66763,5.0,,,False,,,https://static.cupid.travel/hotels/609257525.jpg,liteapi
lp656c347e,Fabexpress Lutino Homes,hotel,13.011934,77.667571,3.0,,,False,,,https://static.cupid.travel/hotels/ex_837dd733_z.jpg,liteapi
lp65879078,FabHotel Sujatha Residency - Near Channasandra Railway Station,hotel,13.012509,77.663343,3.0,,,False,,,https://static.cupid.travel/hotels/ex_9314e9c0_z.jpg,liteapi
lp6588bae9,Fabhotel A1 Suites,hotel,13.012657165527344,77.65093994140625,3.0,,,False,,,https://static.cupid.travel/hotels/ex_db0d43c0_z.jpg,liteapi
lp6587cffb,Fabhotel Indian Residency,hotel,13.012908,77.699056,3.0,,,False,,,https://static.cupid.travel/hotels/ex_d265f69b_z.jpg,liteapi
lp65751e1d,SPOT ON RR COMPLEX,hotel,13.01433,77.53052,3.0,,,False,,,https://static.cupid.travel/hotels/618431757.jpg,liteapi
lp6587c8e0,Juleo Hospitality LLP,hotel,13.014348,77.627376,2.0,,,False,,,https://static.cupid.travel/hotels/ex_e0fd8662_z.jpg,liteapi
lp65882c5c,Stazy Suites - Kammanhalli,hotel,13.014486,77.635315,2.0,,,False,,,https://static.cupid.travel/hotels/ex_49624016_z.jpg,liteapi
lp65575412,Treebo Trend Silver Key Suites,hotel,13.014935,77.63281,3.0,,,False,,,https://static.cupid.travel/hotels/ex_9f5afca0_z.jpg,liteapi
lp657c003f,Silver Key Suites,hotel,13.01501,77.63347,,,,False,,,https://static.cupid.travel/hotels/587929404.jpg,liteapi
lp65833294,Triente Suites,hotel,13.015936,77.643711,3.0,,,False,,,https://static.cupid.travel/hotels/ex_8cd7a973_z.jpg,liteapi
lp65720d03,3 Rooms with Hall inside a shared duplex house,hotel,13.01621,77.66955,,,,False,,,https://static.cupid.travel/hotels/617646438.jpg,liteapi
lp65875713,The Blooms Stay Inn,hotel,13.016693,77.597714,3.0,,,False,,,https://static.cupid.travel/hotels/ex_c8635a20_z.jpg,liteapi
lp65741597,Capital O Blooms Stay Inn Near Snow City,hotel,13.0167,77.59774,3.0,,,False,,,https://static.cupid.travel/hotels/592819067.jpg,liteapi
lp658225e4,Facets Studio,hotel,13.016754,77.633796,,,,False,,,https://static.cupid.travel/hotels/605949645.jpg,liteapi
lp65746970,Ramamurthy Sleeps6 2bedroom Tv Wifi,hotel,13.01703,77.679193,3.0,,,False,,,https://static.cupid.travel/hotels/604614762.jpg,liteapi
lpcee63,OYO 10722 Simera Service Apartments,hotel,13.01737,77.64685,3.0,,,False,,,https://static.cupid.travel/hotels/ex_0c8631d6_z.jpg,liteapi
lp6582f646,Fortune Rooms Kammanahalli,hotel,13.017479,77.654942,,,,False,,,https://static.cupid.travel/hotels/593772157.jpg,liteapi
lp65728a98,Hotel O V3R RESIDENCY,hotel,13.0176,77.65238,3.0,,,False,,,https://static.cupid.travel/hotels/590118917.jpg,liteapi
lp6573c96d,CedarWood Villa by Red Olive AC Serviced 3BHK,hotel,13.01764,77.64248,,,,False,,,https://static.cupid.travel/hotels/615421652.jpg,liteapi
lp65806623,DSOUZA HOME,hotel,13.01768,77.65718,,,,False,,,https://static.cupid.travel/hotels/540207903.jpg,liteapi
lp6570b42c,Hut in the sky,hotel,13.01769,77.64395,,,,False,,,https://static.cupid.travel/hotels/498379839.jpg,liteapi
lp657b141d,Studio room with kitchen,hotel,13.01771,77.62969,,,,False,,,https://static.cupid.travel/hotels/590537696.jpg,liteapi
lp657091f8,2 Bhk Dsouza Home in Dodda Banaswadi.,hotel,13.01774,77.65723,,,,False,,,https://static.cupid.travel/hotels/540329853.jpg,liteapi
lp657131de,One spacious room in a two bhk with free Wi-Fi and kitchen,hotel,13.01797,77.66522,,,,False,,,https://static.cupid.travel/hotels/584955214.jpg,liteapi
lp6574a0b0,One spacious room with attached washroom in a two bhk,hotel,13.01797,77.66522,,,,False,,,https://static.cupid.travel/hotels/596316521.jpg,liteapi
lp65879c06,Diamond Suites Service Apartment,hotel,13.018269,77.63552,3.0,,,False,,,https://static.cupid.travel/hotels/ex_1fe06e13_z.jpg,liteapi
lp658090cd,The Jazminn,hotel,13.018377,77.64235,,,,False,,1.0,https://static.cupid.travel/hotels/498949080.jpg,liteapi
lp6588fc8c,Fabhotel Supreme Seven Boutique,hotel,13.018725395202637,77.65666961669922,3.0,,,False,,,https://static.cupid.travel/hotels/ex_978d7571_z.jpg,liteapi
lp65789166,Ballal's House,hotel,13.018897,77.586295,,,,False,,,https://static.cupid.travel/hotels/588582955.jpg,liteapi
lp657f2175,Hotel Shri Durga International,hotel,13.019,77.55652,2.0,,,False,,,https://static.cupid.travel/hotels/553831285.jpg,liteapi
lp65874e45,lg signature stays,hotel,13.01923,77.62433,3.0,,,False,,,https://static.cupid.travel/hotels/ex_a67322bd_z.jpg,liteapi
lp657c4b58,LG signature stay,hotel,13.019246,77.640239,,,,False,,,https://static.cupid.travel/hotels/523375606.jpg,liteapi
lp6583116a,Wood Apartment,hotel,13.01974,77.64245,,,,False,,,https://static.cupid.travel/hotels/438269711.jpg,liteapi
lp65836832,Metal Apartment,hotel,13.01974,77.64245,,,,False,,,https://static.cupid.travel/hotels/438269615.jpg,liteapi
lp65838852,Glass Apartment,hotel,13.01974,77.64245,,,,False,,,https://static.cupid.travel/hotels/438269028.jpg,liteapi
lp658392d6,Earth Apartment,hotel,13.01974,77.64245,,,,False,,,https://static.cupid.travel/hotels/438267022.jpg,liteapi
lp6572f60e,Private 2bhk near Ramaiah Hospital - Hebbal,hotel,13.01993,77.59298,,,,False,,,https://static.cupid.travel/hotels/600283451.jpg,liteapi
lp65890152,Fabhotel Jk Grand,hotel,13.01994514465332,77.55443572998047,3.0,,,False,,,https://static.cupid.travel/hotels/ex_d66f4023_z.jpg,liteapi
lp6575b1ae,2BHK Service apartments in HRBR,hotel,13.01998,77.64264,,,,False,,,https://static.cupid.travel/hotels/588165416.jpg,liteapi
lp65703541,MO'z Home,hotel,13.02013,77.59463,,,,False,,,https://static.cupid.travel/hotels/569597649.jpg,liteapi
lp6588e061,Fabexpress Urban Inn,hotel,13.020139694213867,77.55547332763672,3.0,,,False,,,https://static.cupid.travel/hotels/ex_92893b72_z.jpg,liteapi
lp6575ec5a,Rangmahal by StayJade Projector Jacuzzi & Pvt Pool,hotel,13.020195,77.658794,,,,False,,,https://static.cupid.travel/hotels/611284268.jpg,liteapi
lp65890acc,Fabhotel East Land,hotel,13.020434379577637,77.65419006347656,3.0,,,False,,,https://static.cupid.travel/hotels/ex_deef5947_z.jpg,liteapi
lp6572d893,The Glenn by JadeCaps Wi-fi Private Balcony 3bhk,hotel,13.02144,77.64181,,,,False,,,https://static.cupid.travel/hotels/525984793.jpg,liteapi
lp65766997,Platinum Oak by JadeCaps AC Wifi Central Area,hotel,13.02144,77.64181,,,,False,,,https://static.cupid.travel/hotels/525986980.jpg,liteapi
lp657baf83,Elegant Apartment by JadeCaps Wifi Private balcony,hotel,13.02144,77.64181,,,,False,,,https://static.cupid.travel/hotels/528109879.jpg,liteapi
lp293af2,Windsor Inn Hotel Kammanahalli,hotel,13.021523,77.637775,3.0,,,False,,,https://static.cupid.travel/hotels/ex_002dff5a_z.jpg,liteapi
lp6573f0c8,Fun n Frolic Stay,hotel,13.02163,77.65761,,,,False,,,https://static.cupid.travel/hotels/557251956.jpg,liteapi
lp6576e79f,Hotel O Royal Residency Near Hare Krishna Hill,hotel,13.021636,77.530175,3.0,,,False,,4.0,https://static.cupid.travel/hotels/538378116.jpg,liteapi
lp332b36,FabHotel Hazel Suites,hotel,13.021676,77.638927,3.0,,,False,,,https://static.cupid.travel/hotels/ex_e9c7838d_z.jpg,liteapi
lp6588bb3f,Hotel Royal Suites,hotel,13.0218505859375,77.5550308227539,3.0,,,False,,,https://static.cupid.travel/hotels/ex_244b4d07_z.jpg,liteapi
lp6588b200,GRAND VIEW INN HOTEL,hotel,13.021867752075195,77.64000701904297,3.0,,,False,,,https://static.cupid.travel/hotels/ex_853d06e4_z.jpg,liteapi
lp6588ed68,BLUE BELL Residency,hotel,13.021915435791016,77.55350494384766,3.0,,,False,,,https://static.cupid.travel/hotels/ex_63a0ae14_z.jpg,liteapi
lp1da399,Roseline Suites - A Business Hotel,hotel,13.021984,77.63919,2.0,,,False,,,https://static.cupid.travel/hotels/ex_d766de2f_z.jpg,liteapi
lp6588b0ca,FERNWOOD HOTELS AND RESORTS,hotel,13.022229194641113,77.59312438964844,3.0,,,False,,,https://static.cupid.travel/hotels/ex_f12831f2_z.jpg,liteapi
lp6588d118,Fabhotel Sri Sai Guru Comforts,hotel,13.022625923156738,77.64892578125,3.0,,,False,,,https://static.cupid.travel/hotels/ex_170874c8_z.jpg,liteapi
lp6587af40,Hotel Dasya Formerly Nice Stay Hotel,hotel,13.023312,77.58545,3.0,,,False,,,https://static.cupid.travel/hotels/ex_234f227f_z.jpg,liteapi
lp658907c8,K HOTELS,hotel,13.023420333862305,77.64439392089844,2.0,,,False,,,https://static.cupid.travel/hotels/ex_51a20518_z.jpg,liteapi
lp1b2bc3,FabHotel Grand Savoury Boutique,hotel,13.023761,77.637098,3.0,,,False,,,https://static.cupid.travel/hotels/ex_d8df38e0_z.jpg,liteapi
lp6570a403,Ushta Te - Happiness to Thee,hotel,13.02427,77.59225,,,,False,,,https://static.cupid.travel/hotels/589969634.jpg,liteapi
lp10047f,Nest Inn Hotel,hotel,13.024347,77.510777,3.0,,,False,,,https://static.cupid.travel/hotels/ex_c4ca3d4e_z.jpg,liteapi
lp65764345,The City Dwellers by Red Olive Wifi Private Balcony,hotel,13.02437,77.6364,,,,False,,,https://static.cupid.travel/hotels/525983685.jpg,liteapi
lp6587e789,GRAND COMFORT,hotel,13.024458,77.641166,3.0,,,False,,,https://static.cupid.travel/hotels/ex_2d075537_z.jpg,liteapi
lp65878f5c,Olivette Suites,hotel,13.024896,77.696765,2.0,,,False,,,https://static.cupid.travel/hotels/ex_b9208f05_z.jpg,liteapi
lp657b5ae9,Hotel O Chalukya Comfort,hotel,13.025,77.55769,3.0,,,False,,,https://static.cupid.travel/hotels/583272664.jpg,liteapi
lpcedc3,OYO 8385 Udupi Inn,hotel,13.02569,77.55763,3.0,,,False,,,https://static.cupid.travel/hotels/ex_6320f9b3_z.jpg,liteapi
lp6581351d,Party House Kammanahalli,hotel,13.02578,77.6372,,,,False,,,https://static.cupid.travel/hotels/599470825.jpg,liteapi
lp65800fdd,Urban Bloom,hotel,13.02606,77.53279,,,,False,,,https://static.cupid.travel/hotels/620710359.jpg,liteapi
lp657b85f3,FabHotel Prime Seasons Suites HBR,hotel,13.026186,77.624845,3.0,,,False,,,https://static.cupid.travel/hotels/583293729.jpg,liteapi
lp6571c56f,Seasons suites - HBR,hotel,13.02622,77.62493,,,,False,,,https://static.cupid.travel/hotels/588624937.jpg,liteapi
lp6588214f,VENKAT INN,hotel,13.026657,77.624734,2.0,,,False,,,https://static.cupid.travel/hotels/ex_884e9988_z.jpg,liteapi
lp657b836f,FabHotel Prime Seasons Suites HBR,hotel,13.027379,77.624808,3.0,,,False,,,https://static.cupid.travel/hotels/ex_077b7a4f_z.jpg,liteapi
lpa6af9,Royal Suites Hotel Apartment,hotel,13.027664,77.633772,3.0,,,False,,,https://static.cupid.travel/hotels/ex_733dbf77_z.jpg,liteapi
lp656f6558,"Cozy 1BHK with WiFi, Smart TV & Near Peaceful Lake",hotel,13.02768,77.64497,,,,False,,,https://static.cupid.travel/hotels/614320240.jpg,liteapi
lp65823ad9,ADORNO ARCADE,hotel,13.02788,77.69736,,,,False,,,https://static.cupid.travel/hotels/532974936.jpg,liteapi
lp658789b2,Diamond palace,hotel,13.027898,77.597169,3.0,,,False,,,https://static.cupid.travel/hotels/ex_c7b4e19c_z.jpg,liteapi
lp65879bea,FF21-HBR,hotel,13.027957,77.630996,2.0,,,False,,,https://static.cupid.travel/hotels/ex_3535d0d1_z.jpg,liteapi
lp656ec235,ZAIN HOME 1 - 2BHK@ Sulthanpalya Hebbal,hotel,13.02817,77.60562,,,,False,,,https://static.cupid.travel/hotels/547401883.jpg,liteapi
lp65592809,iROOMZ S V Comforts,hotel,13.028213,77.676234,2.0,,,False,,,https://static.cupid.travel/hotels/ex_b476922b_z.jpg,liteapi
lp65754bc8,FabHotel LG Signature - Kalyan Nagar,hotel,13.02824,77.64587,3.0,,,False,,,https://static.cupid.travel/hotels/595953854.jpg,liteapi
lp6576555c,Avyak Fortune 2bhk in Kalyanagar,hotel,13.02838,77.64134,,,,False,,,https://static.cupid.travel/hotels/570754992.jpg,liteapi
lp657a46a7,Hotel O Sree Nandanam Residency,hotel,13.029194,77.559083,4.0,,,False,,,https://static.cupid.travel/hotels/506131113.jpg,liteapi
lpb7347,Catalyst Suites-Yeshwanthpur,hotel,13.029463,77.559876,2.0,,,False,,,https://static.cupid.travel/hotels/ex_21bcb12a_z.jpg,liteapi
lp241605,OYO 24118 SLV Enterprises,hotel,13.029567,77.588964,3.0,,,False,,,https://static.cupid.travel/hotels/ex_781abdf7_z.jpg,liteapi
lp65890c63,Visthara Elite,hotel,13.029596328735352,77.63020324707031,3.0,,,False,,,https://static.cupid.travel/hotels/ex_9fddb045_z.jpg,liteapi
lp6587709c,FabHotel Bluemoon Residency - Near Whitefield Main Road,hotel,13.02988,77.66595,3.0,,,False,,,https://static.cupid.travel/hotels/ex_86d1d230_z.jpg,liteapi
lp65891cd7,Bluefin Rooms,hotel,13.029916763305664,77.6661376953125,3.0,,,False,,,https://static.cupid.travel/hotels/ex_aa3a3a0a_z.jpg,liteapi
lp65838cd9,Akshara Regency,hotel,13.02995,77.55941,2.0,,,False,,,https://static.cupid.travel/hotels/605031512.jpg,liteapi
lp6f4f3,Hotel Mint Green Path,hotel,13.03044,77.571563,3.0,,,False,,,https://static.cupid.travel/hotels/ex_aea67476_z.jpg,liteapi
lp65878b19,Royal Mark,hotel,13.030481,77.638451,2.0,,,False,,,https://static.cupid.travel/hotels/ex_958c0962_z.jpg,liteapi
lp65750616,Pent House OR Studio pad with open terrace,hotel,13.03081,77.61055,,,,False,,,https://static.cupid.travel/hotels/507674140.jpg,liteapi
lp657fba45,Withinn Premium hotel,hotel,13.03087,77.56295,2.0,,,False,,,https://static.cupid.travel/hotels/538514862.jpg,liteapi
lp65825fff,Malik Mansion,hotel,13.0311,77.618665,,,,False,,,https://static.cupid.travel/hotels/589481152.jpg,liteapi
lp1b0c3a,OYO 25039 Wisteria Hbr Layout,hotel,13.031658,77.629723,3.0,,,False,,,https://static.cupid.travel/hotels/ex_856d092a_z.jpg,liteapi
lp6588261f,Goshen,hotel,13.031859,77.696154,2.0,,,False,,,https://static.cupid.travel/hotels/ex_ddcd0ab2_z.jpg,liteapi
lp6575d34c,SPOT ON Happy Stay Near Sri Amruth Chithra Mandira,hotel,13.03233,77.612,2.0,,,False,,,https://static.cupid.travel/hotels/473838954.jpg,liteapi
lp6574ce9c,The Green Path Eco Hotel,hotel,13.03234,77.56979,3.0,,,False,,,https://static.cupid.travel/hotels/413459571.jpg,liteapi
lp657b3fe9,Pent house with beautiful garden,hotel,13.03289,77.56182,,,,False,,,https://static.cupid.travel/hotels/492056757.jpg,liteapi
lp87a0a,OYO 1078 Hotel Royal Serenity,hotel,13.033104,77.630274,3.0,,,False,,,https://static.cupid.travel/hotels/ex_bb7385d4_z.jpg,liteapi
lp6578e276,FabHotel Kings Inn And Suites,hotel,13.0332,77.63878,3.0,,,False,,,https://static.cupid.travel/hotels/503769245.jpg,liteapi
lp65799153,Home sweet home,hotel,13.03347,77.6931,,,,False,,,https://static.cupid.travel/hotels/582966036.jpg,liteapi
lp656f7412,Ghar No 101 Fully Furnished 2BHK Apartment,hotel,13.0337,77.63849,,,,False,,,https://static.cupid.travel/hotels/532265334.jpg,liteapi
lp65890f0f,Hotel Thanga Airaa,hotel,13.033722877502441,77.50312805175781,2.0,,,False,,,https://static.cupid.travel/hotels/ex_54434544_z.jpg,liteapi
lp98c05,Hotel Golden Tranquility,hotel,13.03446,77.6378,3.0,,,False,,,https://static.cupid.travel/hotels/ex_cd6335b4_z.jpg,liteapi
lp656c2504,Itsy By Treebo - Tierra Woods HBR,hotel,13.034783,77.628975,3.0,,,False,,,https://static.cupid.travel/hotels/ex_5a608137_z.jpg,liteapi
lp658771e9,Housr Garrett Hebbal Near Manyata Tech Park,hotel,13.034866,77.620677,3.0,,,False,,,https://static.cupid.travel/hotels/ex_9115f7c7_z.jpg,liteapi
lp6573c312,FabHotel Shreyas Shack - Nr Manyata Tech park,hotel,13.03488,77.62876,4.0,,,False,,,https://static.cupid.travel/hotels/593095339.jpg,liteapi
lpdf41d,Daffodil Delight,hotel,13.0354,77.630641,3.0,,,False,,,https://static.cupid.travel/hotels/ex_966b0050_z.jpg,liteapi
lp658004fb,Manyata Premier Suites,hotel,13.03556,77.631664,,,,False,,,https://static.cupid.travel/hotels/595741941.jpg,liteapi
lp1bfdb6,Capital O 12543 3 Square,hotel,13.03559,77.628515,3.0,,,False,,,https://static.cupid.travel/hotels/ex_379c95fe_z.jpg,liteapi
lp8800b,Treebo Trend Daffodil Suites,hotel,13.0356,77.62962,3.0,,,False,,,https://static.cupid.travel/hotels/ex_b31959d2_z.jpg,liteapi
lp656c34b3,Fabhotel Leela Park Hbr Layout,hotel,13.035628,77.628575,3.0,,,False,,,https://static.cupid.travel/hotels/ex_dece1d4d_z.jpg,liteapi
lp65713563,Ghar By Kings Suites - Hennur,hotel,13.03579,77.6398,,,,False,,,https://static.cupid.travel/hotels/543683631.jpg,liteapi
lp65753c97,Art House -AC Apartments,hotel,13.03657,77.60193,,,,False,,,https://static.cupid.travel/hotels/575927897.jpg,liteapi
lp65872ed3,FabHotel Galaxy Heights - Near Sarjapur Road,hotel,13.036594,77.614061,3.0,,,False,,,https://static.cupid.travel/hotels/ex_5901808f_z.jpg,liteapi
lp657c616a,Open Terrace Penthouse With Smart Lightings,hotel,13.03763,77.61714,,,,False,,,https://static.cupid.travel/hotels/582976171.jpg,liteapi
lp657b09ce,Luxurious Serviced Penthouse With Open Air Patio,hotel,13.03772,77.61714,,,,False,,,https://static.cupid.travel/hotels/583674037.jpg,liteapi
lpcee15,OYO 10395 Hotel Dvarka INN,hotel,13.037796,77.626893,3.0,,,False,,,https://static.cupid.travel/hotels/ex_9e3fce56_z.jpg,liteapi
lp658756fa,Qubenest Splendour,hotel,13.037895,77.621986,2.0,,,False,,,https://static.cupid.travel/hotels/ex_40e3398b_z.jpg,liteapi
lp65726af0,Opulence by Red Olive 3bhk AC Manyata Tech Park,hotel,13.037956,77.61721,,,,False,,,https://static.cupid.travel/hotels/582217323.jpg,liteapi
lp657c654c,HighGarden Duplex Penthouse AC Wifi Terrace,hotel,13.03796,77.61721,,,,False,,,https://static.cupid.travel/hotels/583705993.jpg,liteapi
lp6588bb4e,Hotel Miracle Meridian,hotel,13.038286209106445,77.5051040649414,2.0,,,False,,,https://static.cupid.travel/hotels/ex_2bc49f29_z.jpg,liteapi
lp6584f197,ziva,hotel,13.038313,77.566259,,,,False,,,https://static.cupid.travel/hotels/588678528.jpg,liteapi
lp657e0166,Marine Melody Manor,hotel,13.03933,77.63239,,,,False,,,https://static.cupid.travel/hotels/531669671.jpg,liteapi
lp65890ecc,Hotel Parkview Inn,hotel,13.03935432434082,77.62731170654297,3.0,,,False,,,https://static.cupid.travel/hotels/ex_1683fa11_z.jpg,liteapi
lp6577843e,Megha Ventures Boarding & Lodging near Rockline Studio,hotel,13.03947,77.4941,3.0,,,False,,,https://static.cupid.travel/hotels/600599899.jpg,liteapi
lp656ee226,Aruba - Be Our guest,hotel,13.039503,77.577795,,,,False,,,https://static.cupid.travel/hotels/613122666.jpg,liteapi
lp6588090f,VITS SELECT BENGALURU,hotel,13.039591,77.625089,2.0,,,False,,,https://static.cupid.travel/hotels/ex_05b56286_z.jpg,liteapi
lp656f8dcf,C Suites - Vienna,hotel,13.03965,77.63021,3.0,,,False,,,https://static.cupid.travel/hotels/605922621.jpg,liteapi
lp656c2c4d,Vera by Bisque Hebbal,hotel,13.039662,77.625174,4.0,,,False,,,https://static.cupid.travel/hotels/ex_fb47eba5_z.jpg,liteapi
lp6584bc1c,Andraspicy restaurant,hotel,13.03994,77.62038,,,,False,,,https://static.cupid.travel/hotels/559969949.jpg,liteapi
lp65821537,Facets Studio,hotel,13.040009,77.65243,,,,False,,,https://static.cupid.travel/hotels/605621808.jpg,liteapi
lp658189d7,Ellegant inn,hotel,13.04044,77.6194,2.0,,,False,,,https://static.cupid.travel/hotels/585566872.jpg,liteapi
lp20eb3a,Capital O 38665 Prestige Stay Inn,hotel,13.041034,77.56246,3.0,,,False,,,https://static.cupid.travel/hotels/ex_c195a3a7_z.jpg,liteapi
lp65704c33,C Suites - Winster,hotel,13.04171,77.61214,3.0,,,False,,,https://static.cupid.travel/hotels/605442699.jpg,liteapi
lp658761e1,"The Hosteller Bangalore, Manyata Tech Park",hostel,13.042009,77.61105,1.0,,,False,,,https://static.cupid.travel/hotels/ex_5f4e79f5_z.jpg,liteapi
lp655781af,Domus Regency by ShriGo Hotels,hotel,13.042523,77.578435,4.0,,,False,,,https://static.cupid.travel/hotels/ex_43384527_z.jpg,liteapi
lp6580f75b,Crimson Lotus Bengaluru,hotel,13.04268,77.56596,3.0,,,False,,,https://static.cupid.travel/hotels/601913867.jpg,liteapi
lp6581bff5,Seana Suites,hotel,13.04324,77.62334,,,,False,,,https://static.cupid.travel/hotels/593343783.jpg,liteapi
lp65878815,Serenity Villa by Red Olive,hotel,13.043438,77.667734,3.0,,,False,,,https://static.cupid.travel/hotels/ex_c4265772_z.jpg,liteapi
lp6571e6ce,Serenity Villa by JadeCaps 30min from MG road Lake,hotel,13.04344,77.66773,,,,False,,,https://static.cupid.travel/hotels/573166973.jpg,liteapi
lp833f8,Hotel Premier Comforts,hotel,13.043483,77.520829,3.0,,,False,,,https://static.cupid.travel/hotels/ex_61652077_z.jpg,liteapi
lpe08bf,Hotel Coastal King,hotel,13.043764,77.520772,3.0,,,False,,,https://static.cupid.travel/hotels/ex_44dd88e9_z.jpg,liteapi
lp6577f2ee,Treebo Trip Jade Blue Suites,hotel,13.045212,77.619385,3.0,,,False,,,https://static.cupid.travel/hotels/ex_c8b91187_z.jpg,liteapi
lp6588bad2,Hotel Kingdom Suites,hotel,13.045276641845703,77.62825012207031,3.0,,,False,,,https://static.cupid.travel/hotels/ex_62c92191_z.jpg,liteapi
lp65799e1b,Hotel O Kingdom,hotel,13.04558,77.62819,3.0,,,False,,,https://static.cupid.travel/hotels/617226446.jpg,liteapi
lp656f9568,Abode of beauty .,hotel,13.04571,77.50262,,,,False,,,https://static.cupid.travel/hotels/513881034.jpg,liteapi
lp657bc7f0,Collection O Royal Suites,hotel,13.04578,77.50764,3.0,,,False,,,https://static.cupid.travel/hotels/537964452.jpg,liteapi
lp658247fd,PRIDE MANYATA,hotel,13.04629,77.6256,3.0,,,False,,,https://static.cupid.travel/hotels/441986465.jpg,liteapi
lp6578f569,Hotel Kingdom by Agira Hotels,hotel,13.046321,77.633731,2.0,,,False,4.0,,https://static.cupid.travel/hotels/ex_48aed88e_z.jpg,liteapi
lp657b9cd1,2Bhk Apartment Presidency,hotel,13.04638,77.59334,,,,False,,,https://static.cupid.travel/hotels/511931307.jpg,liteapi
lp6579fd22,2bhk Spacious Apartment,hotel,13.04805,77.57529,,,,False,,,https://static.cupid.travel/hotels/616474490.jpg,liteapi
lp657b1b1f,VN Lodge,hotel,13.04849,77.5183,,,,False,,,https://static.cupid.travel/hotels/589570928.jpg,liteapi
lp6588b116,Fabhotel Address 24 Suites,hotel,13.048979759216309,77.59053039550781,3.0,,,False,,,https://static.cupid.travel/hotels/ex_00b62a52_z.jpg,liteapi
lp6573dff4,Hotel O Sai Hotel,hotel,13.04905,77.64569,4.0,,,False,,,https://static.cupid.travel/hotels/475861236.jpg,liteapi
lp65879070,"FabHotel Galaxy Suites - Near MP Layout Metro Station, Hebbal",hotel,13.049435,77.601843,3.0,,,False,,,https://static.cupid.travel/hotels/ex_4684861d_z.jpg,liteapi
lp65837a5a,Grand Residency,hotel,13.049642,77.601814,,,,False,,2.0,https://static.cupid.travel/hotels/593132165.jpg,liteapi
lp65851799,Lavender,hotel,13.04988,77.64119,,,,False,,,https://static.cupid.travel/hotels/616851958.jpg,liteapi
lp657a1e82,2bhk Service apartments,hotel,13.05,77.59842,,,,False,,,https://static.cupid.travel/hotels/565125189.jpg,liteapi
lp6581e81c,ADDRESS service apartment,hotel,13.05038,77.59237,,,,False,,,https://static.cupid.travel/hotels/449238566.jpg,liteapi
lp6574704a,Royal shore 3 bhk service Apartment,hotel,13.05055,77.60516,,,,False,,,https://static.cupid.travel/hotels/562936974.jpg,liteapi
lp656ede94,Aruba - Be Our guest,hotel,13.050551,77.605158,,,,False,,,https://static.cupid.travel/hotels/608707373.jpg,liteapi
lp65856efa,Hansen,hotel,13.05078,77.56818,,,,False,,,https://static.cupid.travel/hotels/595023994.jpg,liteapi
lp65791022,2bhk Esteem Apartments,hotel,13.0512,77.59524,,,,False,,,https://static.cupid.travel/hotels/574945263.jpg,liteapi
lp6574379f,Esteem 2 bhk Apartments,hotel,13.0513,77.5949,,,,False,,,https://static.cupid.travel/hotels/576032420.jpg,liteapi
lp658184e6,Eden Galaxxy,hotel,13.0513,77.5949,,,,False,,,https://static.cupid.travel/hotels/565119757.jpg,liteapi
lp657a21b3,Manyta Iris Guest House,hotel,13.0513,77.61129,,,,False,,,https://static.cupid.travel/hotels/512044251.jpg,liteapi
lp6582d6bd,Corporate Service apartments,hotel,13.05148,77.61624,,,,False,,,https://static.cupid.travel/hotels/502077680.jpg,liteapi
lp65854144,Thanish,hotel,13.051527,77.598466,3.0,,,False,,,https://static.cupid.travel/hotels/620510560.jpg,liteapi
lp65839564,Akkshaya Hotels,hotel,13.05155,77.49014,,,,False,,,https://static.cupid.travel/hotels/591940626.jpg,liteapi
lp658309c1,Hotel Akkshaya,hotel,13.05159,77.49008,,,,False,,,https://static.cupid.travel/hotels/581665945.jpg,liteapi
lp6575e357,Cozy Urban Retreat in Bengaluru NEAR BIEC and IKEA,hotel,13.0518,77.48964,,,,False,,,https://static.cupid.travel/hotels/617645598.jpg,liteapi
lp6578866d,Hebbal Oasis Room with Private Pool,hotel,13.05189,77.57003,,,,False,,,https://static.cupid.travel/hotels/563884549.jpg,liteapi
lp65764684,Golden Glen Residence By Red Olive Hebbal Aster CMI,hotel,13.05244,77.574609,,,,False,,1.0,https://static.cupid.travel/hotels/616794992.jpg,liteapi
lp65592796,iROOMZ DMS Suites,hotel,13.05274,77.645037,2.0,,,False,,,https://static.cupid.travel/hotels/ex_f692a43c_z.jpg,liteapi
lp657450fd,Ultra Luxurious 4 Floor Villa,hotel,13.053035,77.577426,,,,False,,1.0,https://static.cupid.travel/hotels/617226039.jpg,liteapi
lp65724aa1,"Urban 2 BHK Apartment, Pallans Villa, Fortune Valley",hotel,13.05309,77.61397,,,,False,,,https://static.cupid.travel/hotels/505739182.jpg,liteapi
lp656e8c36,Hotel O M S R Hotel,hotel,13.05352,77.6318,3.0,,,False,,,https://static.cupid.travel/hotels/595876938.jpg,liteapi
lpf9e39,Felicity Inn,hotel,13.053887,77.631802,3.0,,,False,,,https://static.cupid.travel/hotels/ex_dfb72907_z.jpg,liteapi
lp656f312b,"#09 Apartment close to Aster CMI, Manipal, Hebbal",hotel,13.054,77.60584,,,,False,,,https://static.cupid.travel/hotels/606323967.jpg,liteapi
lp6577ba5d,1Bhk Apartment near Mayata tech Park Thanisandra,hotel,13.0541,77.62871,,,,False,,,https://static.cupid.travel/hotels/551921131.jpg,liteapi
lp6584ea6e,Addresscastlr2bhkServiceApartments,hotel,13.05452,77.59399,,,,False,,,https://static.cupid.travel/hotels/528640540.jpg,liteapi
lp65805298,Ivory Corporate Hotel Dasarahalli,hotel,13.05491,77.60583,,,,False,,,https://static.cupid.travel/hotels/606815745.jpg,liteapi
lp65874d82,Fabhotel Ivory Corporate,hotel,13.054915,77.605828,3.0,,,False,,,https://static.cupid.travel/hotels/ex_w1999h1333x1y0-254989bf_z.jpg,liteapi
lp656bccce,FabHotel Radiance Boutique,hotel,13.05495,77.60582,3.0,,,False,,,https://static.cupid.travel/hotels/ex_d4833ea5_z.jpg,liteapi
lp6577269b,Brand New Suite Room,hotel,13.05515,77.60239,,,,False,,,https://static.cupid.travel/hotels/498385182.jpg,liteapi
lp657cf2a6,Hustle Guest House,hotel,13.05515,77.60239,,,,False,,,https://static.cupid.travel/hotels/516031191.jpg,liteapi
lp657659b7,Sai Siri 2bhk Service Apartments,hotel,13.05519,77.60238,,,,False,,,https://static.cupid.travel/hotels/526694343.jpg,liteapi
lp657cf7b3,Coffee board Villa,hotel,13.0553,77.60531,,,,False,,,https://static.cupid.travel/hotels/564840166.jpg,liteapi
lp6574657a,Eden 2 bhk Service Apartments,hotel,13.05538,77.59504,,,,False,,,https://static.cupid.travel/hotels/528241062.jpg,liteapi
lp65773b9b,Victory Address 2bhk,hotel,13.05557,77.60176,,,,False,,,https://static.cupid.travel/hotels/580548727.jpg,liteapi
lp656feb7b,Paradise on 27th Floor,hotel,13.05589,77.4871,,,,False,,,https://static.cupid.travel/hotels/529278267.jpg,liteapi
lp658797e5,Tech Park Residency,hotel,13.056405,77.626844,2.0,,,False,,,https://static.cupid.travel/hotels/ex_55d4a0a4_z.jpg,liteapi
lp6587c35b,Lakeside Living by Red Olive Nr Airport 3bhk,hotel,13.056406,77.587975,3.0,,,False,,,https://static.cupid.travel/hotels/ex_709fa8e9_z.jpg,liteapi
lp6587517d,Veritas grand,hotel,13.05676,77.626659,2.0,,,False,,,https://static.cupid.travel/hotels/ex_a5e7554e_z.jpg,liteapi
lp657353a0,Hotel O Sri Sai sevalal comfort's,hotel,13.056891,77.63319,4.0,,,False,,,https://static.cupid.travel/hotels/620747669.jpg,liteapi
lp65776e3c,Luxurious 4bhk Near Manyata,hotel,13.05694,77.62875,,,,False,,,https://static.cupid.travel/hotels/616412520.jpg,liteapi
lp8318e,Deltrum Riviera,hotel,13.057477,77.62659,3.0,,,False,,,https://static.cupid.travel/hotels/ex_ee3f840c_z.jpg,liteapi
lp6589089f,Fabhotel Sapthagiri Suites Inn,hotel,13.057833671569824,77.61064910888672,3.0,,,False,,,https://static.cupid.travel/hotels/ex_6355eb60_z.jpg,liteapi
lp6588c3b9,Fabhotel Purple Grand,hotel,13.058560371398926,77.50670623779297,3.0,,,False,,,https://static.cupid.travel/hotels/ex_fec96625_z.jpg,liteapi
lp6579272a,HOTEL O SURYA MANYATHA,hotel,13.059136,77.62681,4.0,,,False,,,https://static.cupid.travel/hotels/509992423.jpg,liteapi
lpc860a,Hotel O Midas Casita,hotel,13.05916,77.62744,3.0,,,False,,,https://static.cupid.travel/hotels/515807575.jpg,liteapi
lp658264b2,Elevar Ayanna,hotel,13.05921,77.61032,,,,False,,,https://static.cupid.travel/hotels/513046208.jpg,liteapi
lp6587f608,Urban Stay,hotel,13.059229,77.592891,3.0,,,False,,,https://static.cupid.travel/hotels/ex_105a256b_z.jpg,liteapi
lp658785be,Felix Otim by Welcome Inn Hospitality,hotel,13.059437,77.627109,3.0,,,False,,,https://static.cupid.travel/hotels/ex_afc648a0_z.jpg,liteapi
lp6588e2d0,Orchid Parc by evaddo,hotel,13.059562683105469,77.62684631347656,3.0,,,False,,,https://static.cupid.travel/hotels/ex_e9d9811d_z.jpg,liteapi
lp65881d3b,Srilakshmi Nivasa,hotel,13.059565,77.586195,2.0,,,False,,,https://static.cupid.travel/hotels/ex_b0803f82_z.jpg,liteapi
lp657c8294,Collection O Veritas Grand,hotel,13.059719,77.626625,4.0,,,False,,,https://static.cupid.travel/hotels/516975218.jpg,liteapi
lp6579a613,Comfy stay near Aster hospital,hotel,13.05979,77.59334,,,,False,,,https://static.cupid.travel/hotels/585892300.jpg,liteapi
lp65710c0d,1 RK AC Room with Open Terrace Manyata Tech Park,hotel,13.05989,77.627061,3.0,,,False,,,https://static.cupid.travel/hotels/513504042.jpg,liteapi
lp657f7ce9,DayOne Suites Whispering Greens,hotel,13.05993,77.65712,,,,False,,,https://static.cupid.travel/hotels/545455116.jpg,liteapi
lp65810fc4,FabHotel Humming Suites,hotel,13.06015,77.6286,3.0,,,False,,,https://static.cupid.travel/hotels/582313991.jpg,liteapi
lp1a8a4a,OYO 14320 Pride Manyata,hotel,13.060278,77.628528,3.0,,,False,,,https://static.cupid.travel/hotels/hd/ex_a3e2536e_z.jpg,liteapi
lp656fb890,1 BHK in Manyata Tech Park,hotel,13.06064,77.62259,,,,False,,,https://static.cupid.travel/hotels/621261098.jpg,liteapi
lp65850f70,Ashraya,hotel,13.060742,77.620989,,,,False,,,https://static.cupid.travel/hotels/593238232.jpg,liteapi
lp6588f22c,Hotel Santhi Comfort Near Manyata Tech Park,hotel,13.060775756835938,77.62751770019531,3.0,,,False,,,https://static.cupid.travel/hotels/ex_2df5ca99_z.jpg,liteapi
lp6588c966,Apex Inn Manyata,hotel,13.06082534790039,77.61893463134766,3.0,,,False,,,https://static.cupid.travel/hotels/ex_9c3349f2_z.jpg,liteapi
lp65881e48,La Serene Boutique Hotel,hotel,13.061101,77.627522,3.0,,,False,,,https://static.cupid.travel/hotels/ex_1eef203f_z.jpg,liteapi
lp657aff8a,Premium Apartment near Manyata Tech Park,hotel,13.06132,77.6242,,,,False,,,https://static.cupid.travel/hotels/551378290.jpg,liteapi
lp65746c14,Wandr Scorpious - Manyata tech park,hotel,13.061443,77.629128,3.0,,,False,,,https://static.cupid.travel/hotels/ex_69296f52_z.jpg,liteapi
lp6587851e,FabHotel Kings Palace Manyata - Near Manyata Tech Park Main Gate,hotel,13.061528,77.624055,3.0,,,False,,,https://static.cupid.travel/hotels/ex_87219a6f_z.jpg,liteapi
lp65875aeb,Golden Keys Hotel Chikkabanavara,hotel,13.061834,77.503608,3.0,,,False,,,https://static.cupid.travel/hotels/ex_7938ad2d_z.jpg,liteapi
lpc4c62,Treebo Manyata Palace,hotel,13.061956,77.623347,3.0,,,False,,,https://static.cupid.travel/hotels/ex_a75eb32c_z.jpg,liteapi
lp658819eb,Hazel Inn Manyata,hotel,13.062013,77.623474,3.0,,,False,,,https://static.cupid.travel/hotels/ex_52003a76_z.jpg,liteapi
lp6587d687,Blue Diamond Luxury Stay,hotel,13.062204,77.628821,3.0,,,False,,,https://static.cupid.travel/hotels/ex_09879f80_z.jpg,liteapi
lp65839ede,Sukruthi Nilaya,hotel,13.06253,77.60242,,,,False,,,https://static.cupid.travel/hotels/596424005.jpg,liteapi
lp6588f08a,Fabhotel Day And Night Palace,hotel,13.062651634216309,77.49480438232422,3.0,,,False,,,https://static.cupid.travel/hotels/ex_9d45b907_z.jpg,liteapi
lp6589159c,Felix Inn Boutique Hotel - Manyata Tech Park,hotel,13.063018798828125,77.62447357177734,4.0,,,False,,,https://static.cupid.travel/hotels/ex_b69a89ac_z.jpg,liteapi
lp657c0c49,Townhouse Sky Inn,hotel,13.06363,77.50475,3.0,,,False,,,https://static.cupid.travel/hotels/599583411.jpg,liteapi
lp65754a7e,Kuvempu 4BHK villa,hotel,13.06414,77.65271,,,,False,,,https://static.cupid.travel/hotels/569638378.jpg,liteapi
lp209bcb,OYO 19285 Uv Comforts,hotel,13.064222,77.578186,3.0,,,False,,,https://static.cupid.travel/hotels/ex_5af5da9b_z.jpg,liteapi
lp657eef44,May Flower Residence,hotel,13.06423,77.596133,,,,False,,,https://static.cupid.travel/hotels/595598821.jpg,liteapi
lp6574f050,Grandé Luxe 5BHK VillaTheatre HennurManyata,hotel,13.064731,77.669365,3.0,,,False,,,https://static.cupid.travel/hotels/588008689.jpg,liteapi
lp6583338a,Blossom suites,hotel,13.06484,77.6173,,,,False,,,https://static.cupid.travel/hotels/572629065.jpg,liteapi
lp6570416c,Spacious duplex 4bhk/ 2 living rooms,hotel,13.06485,77.62582,,,,False,,,https://static.cupid.travel/hotels/474478060.jpg,liteapi
lp6574cc36,Super Collection O K R Puram Manyata,hotel,13.06499,77.64595,,,,False,,,https://static.cupid.travel/hotels/612122081.jpg,liteapi
lp65875edb,Super Collection O K R Puram Manyata,hotel,13.06499,77.64595,2.0,,,False,,,https://static.cupid.travel/hotels/ex_de51c8b7_z.jpg,liteapi
lp65718a70,"Indigo Apartment by Red Olive 3BHK ,Pool, Near Manyatta Tech Park",hotel,13.06519,77.62778,,,,False,,,https://static.cupid.travel/hotels/536409730.jpg,liteapi
lp6578df3e,Elite 2bhk Service Apartments,hotel,13.06529,77.58698,,,,False,,,https://static.cupid.travel/hotels/568435288.jpg,liteapi
lp65880ae9,La Bendición,hotel,13.065605,77.578558,3.0,,,False,,,https://static.cupid.travel/hotels/ex_d21bd321_z.jpg,liteapi
lp65757171,Augusta Golf villa by JadeCaps AC Wifi Pvt garden,hotel,13.06592,77.69298,,,,False,,,https://static.cupid.travel/hotels/525575412.jpg,liteapi
lp1df05f,OYO 18836 Orchid Suites,hotel,13.066202,77.5983,3.0,,,False,,,https://static.cupid.travel/hotels/ex_961fed74_z.jpg,liteapi
lp656c2aa8,FabExpress Metro GS Comforts,hotel,13.06645,77.596138,3.0,,,False,,,https://static.cupid.travel/hotels/ex_f989793a_z.jpg,liteapi
lp657d5ec4,Vaibhav's,hotel,13.06645,77.64206,,,,False,,,https://static.cupid.travel/hotels/600272236.jpg,liteapi
lp6587032b,PPH Living Royal GS Comforts Opp Mall of Asia,hotel,13.066757,77.600206,2.0,,,False,,,https://static.cupid.travel/hotels/ex_b4695c70_z.jpg,liteapi
lp6578f249,Hotel O GAYATHRI METRO DELUXE,hotel,13.06705,77.56006,3.0,,,False,,,https://static.cupid.travel/hotels/588854124.jpg,liteapi
lp6570faa2,FabHotel 7 Hills,hotel,13.06911,77.488813,3.0,,,False,,,https://static.cupid.travel/hotels/602846029.jpg,liteapi
lp6581be93,Ashraya Home,hotel,13.06915,77.5092,,,,False,,,https://static.cupid.travel/hotels/507535459.jpg,liteapi
lp6578d34e,Welcome to Serenity-Luxury Villa at Prestige Augusta Golf Village,hotel,13.06916,77.69126,,,,False,,,https://static.cupid.travel/hotels/547989255.jpg,liteapi
lp6588fbab,The Urbanite Twins by Stayjadecminr Aster,hotel,13.069278,77.591358,3.0,,,False,,,https://static.cupid.travel/hotels/ex_981f82a1_z.jpg,liteapi
lp658124c6,Grand Suites Amrutahalli,hotel,13.06966,77.60183,3.0,,,False,,,https://static.cupid.travel/hotels/575306983.jpg,liteapi
lp657138e5,FabHotel Grand Vista Inn - Nr Bhartiya Mall - Mall Of Bengaluru,hotel,13.07118,77.61858,3.0,,,False,,,https://static.cupid.travel/hotels/551029052.jpg,liteapi
lp6588b45c,AR Suites,hotel,13.071257591247559,77.656005859375,2.0,,,False,,,https://static.cupid.travel/hotels/ex_e57156e0_z.jpg,liteapi
lp6575efea,FabHotel Prince Residency - Nr BIEC - International Exhibition Centre,hotel,13.07139,77.50693,3.0,,,False,,,https://static.cupid.travel/hotels/599430694.jpg,liteapi
lp6585847f,Quinthomes,hotel,13.07154,77.6209,,,,False,,,https://static.cupid.travel/hotels/596242821.jpg,liteapi
lp65880b12,Fabhotel Delight Suite Service Apartments,hotel,13.071935,77.568448,3.0,,,False,,,https://static.cupid.travel/hotels/ex_4f1a9a1b_z.jpg,liteapi
lp65751ee7,Hotel O Blooms Inn,hotel,13.07218,77.56776,3.0,,,False,,,https://static.cupid.travel/hotels/592769030.jpg,liteapi
lp6573f3fe,Hotel Shiva's Inn,hotel,13.0722,77.5562,3.0,,,False,,,https://static.cupid.travel/hotels/608534538.jpg,liteapi
lp6572d601,Peaceful 1BHK Near Manyata Tech Park - Furnished,hotel,13.073198,77.624949,,,,False,,,https://static.cupid.travel/hotels/604749473.jpg,liteapi
lp6571bd82,1BHK Near Manyata Tech Park - Fully Furnished,hotel,13.0732,77.62495,,,,False,,,https://static.cupid.travel/hotels/604495023.jpg,liteapi
lp65797790,Local HMV Royal,hotel,13.07329,77.62634,,,,False,,,https://static.cupid.travel/hotels/555614959.jpg,liteapi
lp657b2ac0,Serene Home Stay,hotel,13.07333,77.66989,,,,False,,,https://static.cupid.travel/hotels/496624894.jpg,liteapi
lp186759,Goroomgo Ample Mint Chickpet Bengaluru,hotel,13.075804,77.602439,3.0,,,False,,,https://static.cupid.travel/hotels/ex_6e3d89f7_z.jpg,liteapi
lp6577eeb2,Hotel O Sree Lakshmi Comfort,hotel,13.07608,77.51714,4.0,,,False,,,https://static.cupid.travel/hotels/602769425.jpg,liteapi
lp65891f0b,The Horizon Vista by Redolive Nr Aster CMI Hebbal,hotel,13.0769,77.592427,3.0,,,False,,,https://static.cupid.travel/hotels/ex_18b5c7dd_z.jpg,liteapi
lp65802a78,Narayan Aries Lakeview,hotel,13.07734,77.61005,,,,False,,,https://static.cupid.travel/hotels/593195486.jpg,liteapi
lp65818d78,Aries Lakeview Penthouse,hotel,13.07737,77.61002,,,,False,,,https://static.cupid.travel/hotels/585586784.jpg,liteapi
lp65877568,Aira Luxe by Red Olivebyg Brewskiwifi,hotel,13.077476,77.668645,3.0,,,False,,,https://static.cupid.travel/hotels/ex_w3088h2058x0y0-cef3c131_z.jpg,liteapi
lp658770d1,Housr 24 Serviced Apartment Koramangala Bangalore,hotel,12.934797,77.628263,3.0,,,False,,,,liteapi
lp500b2,Hotel Nandhini St Marks Road,hotel,12.971256,77.600962,3.0,,,False,,,,liteapi
lp1e17de,FabHotel Bhagini Residency,hotel,13.042089,77.612906,3.0,,,False,,,,liteapi
lp6575bf90,Hotel O Manyata Tech Park,hotel,13.06086,77.61927,3.0,,,False,,,,liteapi
lp6567ecd7,Hotel O Home Mishra Suites,hotel,12.878121,77.672106,3.0,,,False,,1.0,https://static.cupid.travel/hotels/471645628.jpg,liteapi
lp65597a23,Capital O Premium Hotel La Prosperite Near Royal Meenakshi Mal,hotel,12.88068,77.6101,3.0,,,False,,,https://static.cupid.travel/hotels/442910796.jpg,liteapi
lp655df536,Anuraag,hotel,12.880951,77.504781,,,,False,,,https://static.cupid.travel/hotels/411071991.jpg,liteapi
lp6567ecdf,Hotel Shiva Shakthi Inn,hotel,12.90233,77.5858,3.0,,,False,,,https://static.cupid.travel/hotels/556762238.jpg,liteapi
lp655ad55e,Collection O Global Stay Near Kengeri Bus Terminal Metro Station,hotel,12.913606,77.497009,4.0,,,False,,10.0,https://static.cupid.travel/hotels/460334302.jpg,liteapi
lp655ac9be,"Blue Rocks Suites, Sarjapur Road",hotel,12.91471,77.67613,3.0,,,False,,,https://static.cupid.travel/hotels/429344016.jpg,liteapi
lp655b9f98,Vivid Homes By WB Inn,hotel,12.91559,77.69227,,,,False,,,https://static.cupid.travel/hotels/423036643.jpg,liteapi
lp6559eb5c,S.S.L.N Comforts By WB Inn,hotel,12.92145,77.60945,,,,False,,,https://static.cupid.travel/hotels/423293142.jpg,liteapi
lp655b9f54,Capital O 5381 The Emirates Hotel,hotel,12.9223,77.61981,3.0,,,False,,,https://static.cupid.travel/hotels/460538330.jpg,liteapi
lp655b9fda,FabExpress 24 Plus - Nr Sagar Hospital,hotel,12.92888,77.59931,3.0,,,False,,,https://static.cupid.travel/hotels/550539011.jpg,liteapi
lp6559db00,Hotel O NRA Residency,hotel,12.9306,77.52214,3.0,,,False,,,https://static.cupid.travel/hotels/598356942.jpg,liteapi
lp655b9f49,Collection O Tiara Near Christ university,hotel,12.931121,77.610872,4.0,,,False,,5.0,https://static.cupid.travel/hotels/584733920.jpg,liteapi
lp655a746b,Collection O 74999 Apple Tree Apartments & Suite's,hotel,12.932,77.60942,3.0,,,False,,,https://static.cupid.travel/hotels/460668169.jpg,liteapi
lp6566e07e,Elys'ees Serviced Suites,hotel,12.93538,77.53583,,,,False,,,https://static.cupid.travel/hotels/277607548.jpg,liteapi
lp655b9f48,Grand Empark,hotel,12.93975,77.59306,1.0,,,False,,,https://static.cupid.travel/hotels/113040766.jpg,liteapi
lp655d4064,BE ANIMAL Hostel,hostel,12.9408,77.62335,,,,False,,,https://static.cupid.travel/hotels/239409088.jpg,liteapi
lp655b0afe,Fabhotel Athasri Inn,hotel,12.941676,77.702419,3.0,,,False,,,https://static.cupid.travel/hotels/ex_0f68d47b_z.jpg,liteapi
lp655ac9ba,BNGV Mystic Premier Hotel,hotel,12.94855,77.62107,4.0,,,False,,,https://static.cupid.travel/hotels/291454874.jpg,liteapi
lp655b9fb4,FabHotel Royal Grand Residency - Indiranagar,hotel,12.954229,77.580136,3.0,,,False,,,https://static.cupid.travel/hotels/442914682.jpg,liteapi
lp6561948a,"Corner home, 2BHK with good privacy, parking",hotel,12.957786,77.495486,3.0,,,False,,,https://static.cupid.travel/hotels/346724545.jpg,liteapi
lp655a73d4,Hotel Quick Inn By WB Inn,hotel,12.9605,77.57781,,,,False,,,https://snaphotelapi.com/hotels/408023702.jpg,liteapi
lp655b9fc6,OYO 70156 Victorian Comforts,hotel,12.965704,77.616177,3.0,,,False,,10.0,https://static.cupid.travel/hotels/587509633.jpg,liteapi
lp655b9fe2,Fabhotel Shivaals Residency,hotel,12.984935,77.553116,3.0,,,False,,,https://static.cupid.travel/hotels/ex_w3000h1988x0y6-db2be385_z.jpg,liteapi
lp6559db08,Hotel O SSR Lodging And Boarding,hotel,12.985751,77.60697,2.0,,,False,,,https://static.cupid.travel/hotels/460657810.jpg,liteapi
lp655b9f79,KSTDC KumaraKrupa Hotel,hotel,12.98909,77.58132,4.0,,,False,,,https://static.cupid.travel/hotels/205258848.jpg,liteapi
lp655ad6a6,Avenue Inn,hotel,13.00107,77.61288,3.0,,,False,,,https://static.cupid.travel/hotels/539774327.jpg,liteapi
lp6562de90,FabHotel The Kings Suites,hotel,13.00547,77.59395,3.0,,,False,,,https://static.cupid.travel/hotels/589994649.jpg,liteapi
lp655a718b,Townhouse Ramamurthy Nagar Near Baiyappanahalli Metro Station,hotel,13.012199,77.66181,4.0,,,False,,,https://static.cupid.travel/hotels/442917693.jpg,liteapi
lp655b9f64,Capital O GN Suites,hotel,13.014556,77.647278,3.0,,,False,,3.0,https://static.cupid.travel/hotels/607352486.jpg,liteapi
lp655b9f4f,Super Hotel O Sri Sapthagiri Comforts,hotel,13.016208,77.703311,3.0,,,False,,,https://static.cupid.travel/hotels/453050751.jpg,liteapi
lp655ad137,Townhouse Global Wings Hotels Near Sri Amruth Chithra Mandira,hotel,13.0179,77.65218,4.0,,,False,,,https://static.cupid.travel/hotels/501636786.jpg,liteapi
lp655ac99f,Shoba Enclave-Kammanahalli,hotel,13.02093,77.64132,2.0,,,False,,,https://static.cupid.travel/hotels/81571759.jpg,liteapi
lp655ad54c,Hotel O Skylark Service Apartment,hotel,13.025886,77.641307,3.0,,,False,,,https://static.cupid.travel/hotels/503844719.jpg,liteapi
lp655a7d82,Hotel O Sree Lakshmi Residency,hotel,13.0261,77.55764,3.0,,,False,,,https://static.cupid.travel/hotels/584286704.jpg,liteapi
lp655b9f58,FLORA SUITES,hotel,13.039432,77.556728,3.0,,,False,,,https://static.cupid.travel/hotels/275955784.jpg,liteapi
lp65656a42,Matoshri,hotel,13.05024,77.60648,,,,False,,,https://static.cupid.travel/hotels/hd/216961475.jpg,liteapi
lp655b9fd4,Hotel O Honnagiri Residency,hotel,13.067522,77.63562,4.0,,,False,,,https://static.cupid.travel/hotels/539261135.jpg,liteapi
lp655ac9b4,Hotel O Blossom Suites,hotel,13.075639,77.60275,3.0,,,False,,,https://static.cupid.travel/hotels/612275850.jpg,liteapi
lp6558b4ae,Itsy By Treebo - Phoenix Residency,hotel,12.88896,77.65088,2.0,,,False,,,https://liteapi-travel-static-data.s3.amazonaws.com/images/hotels/main/1700312238.jpg,liteapi
lp527e0,Zip by Spree Hotels at the Woodrose,hotel,12.892055,77.582959,3.0,,,False,,,https://liteapi-travel-static-data.s3.amazonaws.com/images/hotels/main/337888.jpg,liteapi
lp6557c940,ITSY BY TREEBO - GOLDEN GRAND INN,hotel,12.905731,77.500267,3.0,,,False,,,https://liteapi-travel-static-data.s3.amazonaws.com/images/hotels/main/1700251968.jpg,liteapi
lp8735d,FabHotel Monarch Jayanagar,hotel,12.9295,77.58525,3.0,,,False,,,https://q-xx.bstatic.com/xdata/images/hotel/max300/59243712.jpg?k=de19a7995d679b2c352cb068dc4108de313fc9daf6fb6e5d5e7f7c155b9bf982&o=,liteapi
lp87a4a,OYO 829 Garden Green,hotel,12.962287,77.642222,3.0,,,False,,,https://liteapi-travel-static-data.s3.amazonaws.com/images/hotels/main/555594.jpg,liteapi
lp6558e246,Citrus Prime Hebbal Bangalore,hotel,13.054937,77.605884,3.0,,,False,,,https://liteapi-travel-static-data.s3.amazonaws.com/images/hotels/main/1700323910.jpg,liteapi
lp209b0c,OYO 15818 Om Sai Residency,hotel,13.067044,77.502063,2.5,,,False,,,https://liteapi-travel-static-data.s3.amazonaws.com/images/hotels/main/2136844.jpg,liteapi
lp209a5e,OYO 13121 Sai Kuteer,hotel,12.898983,77.608101,2.5,,,False,,,,liteapi
lpf8feb,OYO 14799 Canvas Residency,hotel,12.92411,77.634,3.0,,,False,,,,liteapi
lpc863f,Hotel and Stay in Koramangala,hotel,12.926861,77.615833,2.5,,,False,,,,liteapi
lp5140d,Hotel Edge,hotel,12.97219,77.60113,3.0,,,False,,,,liteapi
lpb5e34,OYO 7558 Galaxy Comfort Inn,hotel,12.981329,77.602654,3.0,,,False,,,,liteapi
lp655ac9b5,FabHotel BSR Inn,hotel,12.97692,77.65401,,,,False,,,https://q-xx.bstatic.com/xdata/images/hotel/max300/338048854.jpg?k=d3692e36c36c36265fbf28215a1f9797ca355bc428c80b3e68bb5ba891706988&o=,liteapi
lp655a7f6c,Townhouse 1178 Royal Encore,hotel,13.05821,77.6246,,,,False,,,https://q-xx.bstatic.com/xdata/images/hotel/max300/304013443.jpg?k=49c57ec17e963305309a15d86e7a4f7bda277e4be72653052ce5d3e46ebdff7e&o=,liteapi
lp655b9f82,FabExpress NH7 Residency,hotel,13.06794,77.60173,,,,False,,,https://q-xx.bstatic.com/xdata/images/hotel/max300/327320623.jpg?k=373792dfaa769b36e04f4765062ccec064d602a4e9058cd861296289339ab03c&o=,liteapi
lp655b9f40,OYO 69014 The New Golden Keys,hotel,12.90456,77.49956,,,,False,,,,liteapi
lp655a72d0,OYO 91325 Nr Royal,hotel,12.91638,77.62769,,,,False,,,,liteapi
lp655ad543,OYO Townhouse 82047 Srk Live Inn Castle,hotel,12.93392,77.60981,,,,False,,,,liteapi
lp655a8377,Capital O 93425 Mr Guestline,hotel,12.9488,77.54851,,,,False,,,,liteapi
lp655ac9a8,OYO 6790 Hotel subha Residency,hotel,12.97399,77.57,,,,False,,,,liteapi
lp655a76f5,SPOT ON 73621 Srinivasa Boarding And Lodging,hotel,12.98719,77.51805,,,,False,,,,liteapi
lp6559dafd,OYO 68738 Hotel Ramana Inn,hotel,13.03358,77.55566,,,,False,,,,liteapi
lp655ac9c5,Capital O 87938 Royal Manyata,hotel,13.05439,77.61362,,,,False,,,,liteapi
lp655b9f61,OYO Flagship 70271 Sri Sai Comforts,hotel,13.06036,77.62859,,,,False,,,,liteapi
lp655b9fce,SPOT ON 79503 Sln Comforts,hotel,13.06795,77.48977,,,,False,,,,liteapi
