place_id,name,kind,lat,lng,stars,opening_hours,cuisine,veg,rating,reviews,photo,source
n321710524,Clock Tower,monument,17.4409014,78.4985547,,,,False,,,,
n355647266,Bowl O China,restaurant,17.4393202,78.4473624,,,chinese,False,,,,
n453580264,Cafe Mocha,restaurant,17.4186379,78.4448824,,,coffee_shop,False,,,,
n487804834,Shanbhag Restaurant,restaurant,17.4030548,78.4764469,,,,False,,,,
n513010279,Hyderabad House,restaurant,17.426299,78.4382663,,,,False,,,,
n513016922,Chutneys,restaurant,17.4263318,78.4475017,,,south_indian,False,,,,
n525059783,Utsav Restaurant,restaurant,17.4483317,78.4928226,,,,True,,,,
n538425766,Golden Cave Restaurant,restaurant,17.4362808,78.4449429,,,,False,,,,
n538425769,Mythri Restaurant and Bar,restaurant,17.4370495,78.4446481,,,regional,False,,,,
n613410619,Minerva Coffee House,cafe,17.4013136,78.4853821,,,,False,,,,
n626896819,zeeshan hotel,cafe,17.3618613,78.4865451,,,,False,,,,
n626896827,shaik faiz kaman,monument,17.3618204,78.4864271,,,,False,,,,
n626896986,iqbal hotel,restaurant,17.3691286,78.481888,,,,False,,,,
n626896999,hotel ajwa,restaurant,17.369237,78.4823114,,,,False,,,,
n626897013,choice hotel,restaurant,17.3688724,78.4825517,,,,False,,,,
n626897044,seven star cafe,cafe,17.3692876,78.4783351,,,,False,,,,
n626897176,ali cafe,cafe,17.3653731,78.4870928,,,,False,,,,
n626897179,new ali cafe,cafe,17.3677078,78.4857088,,,,False,,,,
n626897219,Manju miya tabela playground,park,17.365234,78.4848029,,,,False,,,,
n626897221,alawa bibi,attraction,17.365647,78.4858885,,,,False,,,,
n626897250,The Nizam's Museum,museum,17.365044,78.4832699,,Mo-Su 10:00-17:00,,False,,,,
n626897256,Husnain hotel,restaurant,17.3678281,78.4829274,,,,False,,,,
n626897364,New Grand Restaurent,restaurant,17.3745682,78.47601,,,,False,,,,
n626897404,Nayab Hotel,restaurant,17.3695304,78.4768575,,,,False,,,,
n626897444,شاداب ہوٹل (Hotel Shadab),restaurant,17.3687527,78.4755405,,Mo-Su 06:00-24:00,indian;kebab;steak_house;ice_cream;barbecue;regional;chicken;coffee_shop,False,,,,
n626897451,madina hotel,restaurant,17.3685479,78.4759107,,,,False,,,,
n626897472,High Court of Telangana,courthouse,17.3691653,78.4721325,,,,False,,,,
n626897569,Shahran hotel,restaurant,17.3596267,78.4740709,,,,False,,,,
n626897584,Anand Bhavan (vegetarian),restaurant,17.3647568,78.475484,,,,True,,,,
n626897768,Farasha Cafe,cafe,17.3615306,78.4739962,,,,False,,,,
n626901359,Dabeerpura darwaza,monument,17.3679221,78.4851691,,,,False,,,,
n626910659,madina building;Ajfan,monument,17.3684762,78.4757391,,,,False,,,,
n626926304,Mehboob Chowk Clock Tower,monument,17.3618794,78.4709135,,,,False,,,,
n626940816,Mozam Jahi Market Clock Tower,monument,17.3845613,78.4750497,,,,False,,,,
n626940817,Exhibition Grounds,attraction,17.38675,78.4704712,,,,False,,,,
n626940819,gandhi bhavan,monument,17.3883677,78.4710398,,,,False,,,,
n635576797,Tawah,restaurant,17.4028328,78.5100052,,,,False,,,,
n649056266,Icecream Club,restaurant,17.4541644,78.4981718,,,ice_cream,False,,,,
n660914316,Something Fishy,restaurant,17.4314951,78.3887075,,,,False,,,,
n662721790,Southern Spice,restaurant,17.4271464,78.4443444,,,regional,False,,,,
n675646780,Swagath,restaurant,17.4062114,78.496159,,,,False,,,,
n675646783,Astoria,restaurant,17.4064861,78.4969807,,06:00-24:00,indian;kebab;steak_house;ice_cream;barbecue;regional;chicken;coffee_shop,False,,,,
n675646784,Bawarchi,restaurant,17.4063098,78.4974141,,Mo-Su 06:00-24:00,indian;kebab;steak_house;ice_cream;barbecue;regional;chicken;coffee_shop,False,,,,
n712859906,Dwaraka,restaurant,17.4054719,78.4638523,,,,False,,,,
n726709518,Blue Fox Restaurant,restaurant,17.4009655,78.4853499,,,,False,,,,
n726751707,Snow world,attraction,17.4143801,78.4808321,,,,False,,,,
n728328520,Lucky Hotel,cafe,17.404463,78.4643425,,,,False,,,,
n728852369,Horticulture Dept and Museum,museum,17.3994472,78.4689612,,,,False,,,,
n728861440,Hotel Fishland,restaurant,17.4049643,78.4637359,,,,False,,,,
n762995567,Chatees 36,restaurant,17.441951,78.4855009,,,indian,False,,,,
n817353816,Cafe Coffee Day,cafe,17.435846,78.4016464,,,coffee_shop,False,,,,
n817353890,Cocos,restaurant,17.4239168,78.4247745,,,indian,False,,,,
n817354056,Blue Fox,restaurant,17.4232236,78.4275415,,,,False,,,,
n817354267,Cafe Coffee Day,cafe,17.4261299,78.4484993,,,coffee_shop,False,,,,
n817354361,Minerva Coffee Shop,restaurant,17.4289627,78.4557226,,,,False,,,,
n854960920,Garden Restaurant,restaurant,17.4418602,78.4988827,,,,False,,,,
n854960921,Diamond Point Hotel,cafe,17.4623762,78.4909487,,,,False,,,,
n878278853,Sarvi Cafe,restaurant,17.4128658,78.4497203,,,regional;indian;kebab,False,,,,
n886354211,Mother Teresa Statue,memorial,17.437684,78.5046055,,,,False,,,,
n888520029,Cafe Coffee Day,cafe,17.4131908,78.44904,,,coffee_shop,False,,,,
n889642289,Hard Rock Cafe,restaurant,17.418702,78.4486137,,,american,False,,,,
n889650690,Haveli,restaurant,17.4362425,78.457117,,,indian,False,,,,
n889674219,Kamath Hotel,restaurant,17.4408665,78.4971168,,,,True,,,,
n889676523,Nanking,restaurant,17.4421971,78.4903362,,,chinese,False,,,,
n890303724,Grand Minerva,restaurant,17.413531,78.445005,,,,False,,,,
n890308905,Indijoe,restaurant,17.4151382,78.4493609,,,american,False,,,,
n890310144,Aromas of China,restaurant,17.4150666,78.4494682,,,chinese,False,,,,
n890311840,Sahib Sindh Sultan,restaurant,17.415128,78.4492107,,,indian,False,,,,
n891324851,Chilly's Restaurant,restaurant,17.4419971,78.4858784,,,,True,,,,
n892055989,Cafe Sarvi,cafe,17.4131835,78.459351,,,indian,False,,,,
n902311097,Subway,restaurant,17.4432714,78.4787687,,,sandwich,False,,,,
n902311099,Barista,restaurant,17.4432817,78.4788867,,,coffee_shop,False,,,,
n928692476,Water Front,restaurant,17.4215194,78.4653707,,,,False,,,,
n928699178,Pakwaan,restaurant,17.455822,78.4849223,,,indian,False,,,,
n1003619299,Kokam kitchen,restaurant,17.4038249,78.3907122,,,,False,,,,
n1038397980,Nakshatra,restaurant,17.4409765,78.4879985,,,,False,,,,
n1142653958,Gulf Restaurant,restaurant,17.4634888,78.4734427,,,indian,False,,,,
n1242249939,Cafeteria in Krishnakanth Park,cafe,17.4413822,78.4313251,,,coffee_shop,False,,,,
n1275490936,Gingercourt,restaurant,17.4404184,78.3935111,,,indian,False,,,,
n1309296596,Hotel Astoria,cafe,17.4048814,78.4675629,,,,False,,,,
n1332279003,Enjoy Cafe,restaurant,17.4847615,78.4972581,,,,False,,,,
n1333758095,Biryani Darbar,restaurant,17.4711239,78.5081255,,,,False,,,,
n1334686105,Good Luck Cafe,cafe,17.4413319,78.448238,,,indian,False,,,,
n1340889258,Swathi Tiffins,cafe,17.3765194,78.5575132,,,regional,False,,,,
n1361329777,Cafe Coffee day,cafe,17.4170067,78.5439087,,,,False,,,,
n1365116006,Sweet Nirvana,restaurant,17.4363967,78.3972659,,,international,False,,,,
n1409718843,ultimus,museum,17.4245899,78.4521701,,,,False,,,,
n1416850704,Pickles,restaurant,17.4412663,78.5003508,,,,False,,,,
n1435296177,Dolphin Hotel,restaurant,17.449979,78.5362762,,,,False,,,,
n1435322442,Turning Point,cafe,17.4524881,78.5335279,,,coffee_shop,False,,,,
n1447172214,Cafe Coffee Day,cafe,17.3984645,78.4820951,,,,False,,,,
n1595862680,Municipal Park,park,17.3969183,78.4945424,,,,False,,,,
n1610991383,Cafe Coffee Day,cafe,17.4152669,78.4088878,,,coffee_shop,False,,,,
n1650424028,Hideout,restaurant,17.4402073,78.3933547,,,,False,,,,
n1713960847,Raghavendra Tiffins,cafe,17.3651684,78.5568071,,,,False,,,,
n1714408692,Dr. Ambedkar's Statue,memorial,17.3640754,78.5961071,,,,False,,,,
n1866946857,Pepper Pods,restaurant,17.4649189,78.5033276,,,,False,,,,
n1866946860,Cafe Latte,cafe,17.4648023,78.5032716,,,coffee_shop,False,,,,
n1866948270,Golden Point,cafe,17.4677843,78.5066536,,,,False,,,,
n1883409259,The Clay Pot,restaurant,17.425069,78.4213612,,,indian,False,,,,
n1883475067,Noodles King,restaurant,17.430205,78.4418828,,,chinese,False,,,,
n1883487156,Basil,restaurant,17.425911,78.4354774,,,indian,False,,,,
n1885680325,Cream Stone,restaurant,17.4248564,78.4220264,,,ice_cream,False,,,,
n1885682076,Berry Cool,restaurant,17.425056,78.4214256,,,ice_cream,False,,,,
n1885685950,Cafe Coffee Day,cafe,17.4238942,78.4247167,,,coffee_shop,False,,,,
n1891013314,Pizza Hut,restaurant,17.4222264,78.4652978,,,pizza,False,,,,
n1891041167,ITC Kakatiya,restaurant,17.4325165,78.4574227,,,indian,False,,,,
n1909499642,SpiceTribe,restaurant,17.439117,78.3977184,,,,False,,,,
n1932925761,Cafe Bahar,restaurant,17.399719,78.4785769,,,indian,False,,,,
n1948590601,Thai Express,restaurant,17.4265983,78.4382251,,,,False,,,,
n1971368294,Mandar,restaurant,17.3972818,78.4246558,,,,False,,,,
n1971369284,Four Seasons,restaurant,17.3969403,78.4248354,,,,False,,,,
n2014856040,Cafe Coffee Day,cafe,17.4388354,78.3967696,,,coffee_shop,False,,,,
n2014860758,Chutneys,restaurant,17.4431928,78.4800077,,,indian,False,,,,
n2052606568,Rayalaseema Ruchulu,restaurant,17.4029099,78.4629818,,"PH,Mo-Su 12:00-16:00,19:00-23:00",indian,False,,,,
n2052610437,Nilofer Cafe,cafe,17.3996015,78.4627111,,,,False,,,,
n2062730675,Green Bawarchi,restaurant,17.4299491,78.4284395,,,indian,False,,,,
n2134523285,Dil Punjabi,restaurant,17.4412924,78.3913618,,,sushi,False,,,,
n2134523286,Udupi Vihar,restaurant,17.4412938,78.3913136,,,,True,,,,
n2217950120,Sitara Grand,restaurant,17.3458931,78.5525297,,,,False,,,,
n2261567007,Santhosh Dhaba,restaurant,17.3871359,78.4776933,,,indian,False,,,,
n2294789394,Deccan Orchid Restaurant,restaurant,17.4044012,78.4550885,,,international,False,,,,
n2352094397,Red rose cafe,cafe,17.4213813,78.4557705,,,tea,False,,,,
n2352106017,Sitara,restaurant,17.4071411,78.440372,,,indian,False,,,,
n2352108916,Ohris,restaurant,17.4083441,78.4390226,,,,False,,,,
n2352123652,Cafe Coffee Day,cafe,17.416347,78.4479294,,,coffee_shop,False,,,,
n2354681432,Hotel Bhimas,restaurant,17.4072009,78.3919003,,,,False,,,,
n2362861719,sanjeev park,park,17.361777,78.491824,,,,False,,,,
n2403426783,Minerva,cafe,17.4372461,78.4459874,,,,False,,,,
n2412799920,Shivaji Statue,memorial,17.3692634,78.5333548,,,,False,,,,
n2418791411,Umesh Chandra Statue,monument,17.442546,78.4414688,,,,False,,,,
n2431749969,Green Bawarchi,restaurant,17.3680419,78.5568618,,,,False,,,,
n2431768432,HUDA Park,park,17.3237775,78.5693006,,,,False,,,,
n2445875640,GHMC Park,park,17.3724796,78.5113174,,,,False,,,,
n2445997535,Municipal Park,park,17.3747753,78.5125111,,,,False,,,,
n2446634314,SBH Colony Community Park,park,17.3459952,78.5480553,,,,False,,,,
n2447277091,GHMC Park,park,17.3998479,78.5212016,,,,False,,,,
n2466611427,Barista Lavazza,cafe,17.42367,78.4125626,,,,False,,,,
n2466615436,Kim Fung,restaurant,17.4285099,78.528475,,,chinese,False,,,,
n2466623373,Sanman,restaurant,17.4266155,78.5315172,,,regional,False,,,,
n2466627233,Goodlands,restaurant,17.4252697,78.5331698,,,indian;chinese;hyderabadi,False,,,,
n2496730519,Paradise Takeaway,restaurant,17.4038833,78.4528537,,,regional,False,,,,
n2527794306,Mahatma Gandhi statue,memorial,17.3126268,78.4030886,,,,False,,,,
n2542979700,Shiva Ganga Resturant,restaurant,17.370084,78.5199818,,,chicken,False,,,,
n2572745836,Blue Fox,restaurant,17.4373148,78.4459922,,,indian,False,,,,
n2580734986,Maitree Cafetaria,cafe,17.4239569,78.5261771,,,regional,False,,,,
n2590035130,Ohri's Restaurant,restaurant,17.4354982,78.4577331,,,regional,False,,,,
n2590326097,NTR Statue,monument,17.4011614,78.5816384,,,,False,,,,
n2606351757,Rock Castle,restaurant,17.4209782,78.4424101,,,,False,,,,
n2607575861,Kalyan Nagar Phase-1 Park,park,17.4434407,78.432796,,,,False,,,,
n2612239214,Cafe Coffee Day,cafe,17.4418023,78.4469069,,,coffee_shop,False,,,,
n2706495174,hyderabad restaurant,restaurant,17.4363,78.4325861,,Mo-Su 10:00-22:00,fine_dining;arab;kebab;curry;indian,True,,,,
n2706495852,margi hotel,restaurant,17.4365712,78.4339299,,,,False,,,,
n2708121233,Santosh Dhaba,restaurant,17.3921507,78.5106188,,,,False,,,,
n2708158479,Seasons,restaurant,17.3948399,78.5111571,,,,False,,,,
n2708172405,SRR Dickys,restaurant,17.397087,78.51172,,,,False,,,,
n2708177366,Papaji Dhaba,restaurant,17.3976133,78.5119828,,,,False,,,,
n2708250165,Shanti Deluxe,restaurant,17.3992361,78.5126914,,,,False,,,,
n2709078449,prathao nagar park,park,17.3720074,78.5336681,,,,False,,,,
n2709123146,Jayanagar Colony Park,park,17.3585073,78.5177466,,,,False,,,,
n2709128837,Indraprastha Township Park,park,17.3583055,78.5158846,,,,False,,,,
n2709131770,Saraswathi Nagar Colony Park,park,17.3580184,78.5191857,,,,False,,,,
n2709159945,press colony,park,17.3435054,78.5244871,,,,False,,,,
n2709160951,sai ram nagar colony park,park,17.3431251,78.5236171,,,,False,,,,
n2709166032,ysr statue,memorial,17.3394978,78.5237381,,,,False,,,,
n2710605813,Bowl O' China,restaurant,17.3896412,78.4277792,,,,False,,,,
n2710626246,Limra Shawarma,restaurant,17.3967466,78.424046,,,,False,,,,
n2710632106,Rumaan Cafe,cafe,17.3988889,78.4164898,,,,False,,,,
n2710794794,Friends Colony Badminton Park,park,17.3775427,78.5186982,,,,False,,,,
n2710795684,west prashanth nagar park,park,17.3798135,78.5148255,,,,False,,,,
n2710846678,udupi tiffins,restaurant,17.4418625,78.4956866,,,,False,,,,
n2710901307,"new life assembly of god church,mellinium garden",park,17.4473824,78.4954928,,,,False,,,,
n2710906541,dr bhim rao ambhedkar statue,memorial,17.4542338,78.5009313,,,,False,,,,
n2710908226,sri puri childrens colony park,park,17.458774,78.5010182,,,,False,,,,
n2710928998,nehru nagar park,park,17.445137,78.5040451,,,,False,,,,
n2710929650,Nimrah,cafe,17.361389,78.4742856,,,,False,,,,
n2710941028,eashwari bhai statue,memorial,17.4426649,78.5058102,,,,False,,,,
n2710944008,railnilayam colony park,park,17.4402089,78.5104952,,,,False,,,,
n2710956962,Telangana Martyrs Memorial,memorial,17.4004707,78.4736735,,,,False,,,,
n2710964363,Indira Gandhi Statue,memorial,17.4147982,78.465846,,,,False,,,,
n2710973709,pjr statue,memorial,17.4135807,78.4602273,,,,False,,,,
n2710974397,Visweswarayya Statue,memorial,17.4132259,78.4604214,,,,False,,,,
n2710977507,pjr statue,memorial,17.4127359,78.4622139,,,,False,,,,
n2710980065,Rajiv Gandhi Statue,memorial,17.4110582,78.4610145,,,,False,,,,
n2710981546,PJR Statue,memorial,17.4107048,78.4638497,,,,False,,,,
n2710987499,Sarvepalli Radhakrishnan Statue,memorial,17.4077763,78.4655217,,,,False,,,,
n2712450043,marri chenna reddy statue,memorial,17.4257566,78.4489014,,,,False,,,,
n2712475270,Madhuranagar D Park,park,17.4396037,78.4351299,,,,False,,,,
n2712477054,PJR Statue,memorial,17.4445293,78.4323044,,,,False,,,,
n2712487682,Kanjerla Laxmi Narayan Yadav Park,park,17.4491548,78.4410307,,,,False,,,,
n2712488361,ligh park,park,17.450789,78.4428546,,,,False,,,,
n2712497339,esi children park,park,17.4467463,78.443195,,,,False,,,,
n2712500097,swami vivekananda c type residence park,park,17.4470807,78.4438464,,,,False,,,,
n2712500165,ligh park,park,17.4476106,78.4484401,,,,False,,,,
n2712512903,Alam Thota Park,park,17.4421937,78.4634506,,,,False,,,,
n2712512999,celebrity club park,park,17.4433487,78.4648412,,,,False,,,,
n2712663887,Sweekar Tiffins,restaurant,17.4122874,78.488786,,,regional,False,,,,
n2712690733,local park,park,17.4270575,78.5441438,,,,False,,,,
n2712690734,nagarjuna nagar park,park,17.424861,78.5418018,,,,False,,,,
n2712690735,bapuji nagar park,park,17.4218643,78.546838,,,,False,,,,
n2712690736,IICT children's park 2,park,17.4210381,78.545115,,,,False,,,,
n2712690737,Googlys Children Park,park,17.4186353,78.5452387,,,,False,,,,
n2712702744,gandhi statue,memorial,17.3924087,78.519186,,,,False,,,,
n2713823466,goshamahal old quarters park,park,17.378402,78.4712243,,,,False,,,,
n2713827894,ghmc patk,park,17.3820061,78.4631802,,,,False,,,,
n2713831289,shanti nagar park,park,17.4016441,78.4550419,,,,False,,,,
n2713838147,park,park,17.4129971,78.4481588,,,,False,,,,
n2713841650,ghmc park,park,17.4299016,78.4428358,,,,False,,,,
n2713841739,park,park,17.4304216,78.4424111,,,,False,,,,
n2713845109,pjr statue,memorial,17.4319697,78.4392235,,,,False,,,,
n2713845600,mch park,park,17.4320942,78.4385866,,,,False,,,,
n2713850928,sbi colony park,park,17.4315818,78.4349726,,,,False,,,,
n2713855034,mch park,park,17.4293674,78.4199736,,,,False,,,,
n2713892815,bamboo park,park,17.4304083,78.4106297,,,,False,,,,
n2713936303,Durgam Cheruvu Secret Lake Park,park,17.4311452,78.3920499,,,,False,,,,
n2713950140,gayithri park,park,17.4536899,78.4002273,,,,False,,,,
n2713965958,r k society park,park,17.4566786,78.4109138,,,,False,,,,
n2713969504,pjr statue,memorial,17.4542506,78.4157488,,,,False,,,,
n2713976696,park,park,17.453279,78.4226318,,,,False,,,,
n2713979790,festival park kalyan nagar 3,park,17.4531515,78.4207287,,,,False,,,,
n2714220179,Army Childrens park,park,17.4884883,78.5084377,,,,False,,,,
n2714300522,rock park,park,17.4165262,78.3834287,,,,False,,,,
n2714325898,childrens park,park,17.3503764,78.4501795,,,,False,,,,
n2714328030,jurrasic park,park,17.3471311,78.4488768,,,,False,,,,
n2714332121,huda park,park,17.3334672,78.4417631,,,,False,,,,
n2714333671,npa grounds,park,17.3274111,78.4381547,,,,False,,,,
n2714342265,botanical&horticultural garden,park,17.3161305,78.423611,,,,False,,,,
n2714343157,Herbal Garden,park,17.3122076,78.4206174,,,,False,,,,
n2715299136,Tiffin center,cafe,17.4103182,78.4855958,,,indian,False,,,,
n2729406949,Cafe,cafe,17.4091667,78.4900649,,,,False,,,,
n2794485602,Chocolate Room,cafe,17.4391952,78.3983227,,,,False,,,,
n2794664335,Zam Zam Hotel,restaurant,17.4419726,78.4873391,,,,False,,,,
n2817350830,Santhi Bakers,cafe,17.3863828,78.4400604,,08:00-23:00 open,"Sweets_and_Bakery, Fast food",False,,,,
n2835235995,Midland bakery,restaurant,17.4507555,78.4244982,,,burger,False,,,,
n2835242778,Surabhi Restaurant,restaurant,17.4552469,78.4227224,,,,False,,,,
n2875118608,Maharaja Chat,restaurant,17.4408585,78.3965959,,,regional,False,,,,
n3010475772,HeartCup Coffee,cafe,17.4440522,78.4691906,,,,False,,,,
n3010587655,Mother India,cafe,17.4621741,78.4913844,,,regional,False,,,,
n3159027232,Cafe Coffee Day,cafe,17.437519,78.4416304,,10:00-22:00,coffee_shop,False,,,,
n3159027234,Cake Exotica,cafe,17.4372961,78.4414105,,11:00-23:00,burger;pizza;pastry;cake,False,,,,
n3164412563,Amberpet T Jn,park,17.3920945,78.5163637,,,,False,,,,
n3166130282,Cafe Ice Magic,cafe,17.3940604,78.4423952,,,,False,,,,
n3170082731,Statue,memorial,17.4025823,78.4681656,,,,False,,,,
n3180218832,Ambedkar Statue,memorial,17.4015236,78.5601263,,,,False,,,,
n3182190027,YSR Statue,memorial,17.4266915,78.4526737,,,,False,,,,
n3182229221,Statue,memorial,17.4486891,78.4962713,,,,False,,,,
n3184114878,Ambedkar Statue,memorial,17.391981,78.5161411,,,,False,,,,
n3201283510,Mehfil,restaurant,17.3164642,78.449034,,,,False,,,,
n3249112569,Bawarchi,restaurant,17.406958,78.4625948,,,,False,,,,
n3249939381,Mahatma Gandhi Statue,memorial,17.4018422,78.4683104,,,,False,,,,
n3249987884,Ohri's,restaurant,17.4324398,78.4644271,,,indian,False,,,,
n3384147271,cafe nandini,restaurant,17.4268355,78.415495,,,,False,,,,
n3415666918,Dinosaurium,museum,17.4031529,78.4698924,,,,False,,,,
n3415677039,B M Birla Science Museum,museum,17.4033125,78.4695283,,,,False,,,,
n3474702622,Godavari ruchulu,restaurant,17.4318064,78.4468436,,,,False,,,,
n3506878893,ganga jamuna hotel,cafe,17.443833,78.5175911,,,regional,False,,,,
n3507964234,Irani hotel,cafe,17.3935904,78.5222355,,,regional,False,,,,
n3509608990,mukram hotel,restaurant,17.3933868,78.5210493,,,,False,,,,
n3523097051,Hotel Suprabhat,restaurant,17.4195083,78.5406022,,,,False,,,,
n3528143853,padma rao nagar park,park,17.4254852,78.5072665,,,,False,,,,
n3528152299,brooke bond colony park,park,17.4256102,78.5082943,,,,False,,,,
n3535440814,GAJWEL,park,17.3560375,78.4632898,,,,False,,,,
n3554603087,Rumaan,restaurant,17.359637,78.4711997,,,regional,False,,,,
n3619374555,Taj Mahal Hotel,restaurant,17.391896,78.4768306,,,,False,,,,
n3638711628,Little Italy,restaurant,17.4160322,78.4168158,,"12:00-15:00, 19:00-23:00",,False,,,,
n3638804612,Grand Ma Bakery,cafe,17.41697,78.4384751,,,,False,,,,
n3777430735,Pizza Hut,restaurant,17.422834,78.4622619,,,pizza,False,,,,
n3784353141,Empala Hotel,restaurant,17.4046213,78.4542955,,,Fast_Food,False,,,,
n3979116713,green bawarchi restaurant,restaurant,17.3682472,78.525612,,,,False,,,,
n4107092489,Kanjerla Laxmi Narayan Yadav Park,attraction,17.4496173,78.4411282,,Mo-Fr 16:00-21:00; Sa-Su 09:00-21:00,,False,,,,
n4107110489,Bawarchi Restaurant,restaurant,17.4486957,78.4499097,,Mo-Su 10:00-23:00,indian,False,,,,
n4142875991,subba ram reddy,viewpoint,17.3780711,78.5489979,,,,False,,,,
n4149702191,Moula Ali Kamaan,monument,17.4612532,78.5583176,,,,False,,,,
n4187283992,Hyder Cafe,cafe,17.3658039,78.4807565,,,,False,,,,
n4187284199,Sunset Viewpoint,viewpoint,17.4148975,78.4790511,,,,False,,,,
n4187300502,Adarsh Cafe,cafe,17.405848,78.4729232,,,,False,,,,
n4187311990,tank,monument,17.4224031,78.4850374,,,,False,,,,
n4196826121,Anand Bhavan,restaurant,17.4405743,78.485778,,,South_Indian,False,,,,
n4196826123,Rang Rasiya,restaurant,17.4409028,78.4859077,,,south_Indian,False,,,,
n4214136895,Roti Wala,restaurant,17.4395391,78.4481,,,,False,,,,
n4320884394,Deccan,restaurant,17.429162,78.4559771,,,indian,False,,,,
n4367831991,swagath grand,restaurant,17.3637119,78.5438237,,,,False,,,,
n4378873492,Aqua Cafe,cafe,17.3886699,78.5036851,,,,False,,,,
n4400596191,Ayyappa Temple,attraction,17.4470344,78.4478418,,,,False,,,,
n4407583397,House of Dosas,restaurant,17.4235207,78.4292446,,Mo-Su 07:00-00:30,indian,False,,,,
n4407603692,Rams Dosa,restaurant,17.4232992,78.4292804,,,,False,,,,
n4410193889,Paradise,restaurant,17.3608547,78.5445611,,,,False,,,,
n4413436915,MCH PARK,park,17.3977615,78.4157502,,,,False,,,,
n4415336191,andhra cafe,cafe,17.4111893,78.4926794,,,,False,,,,
n4417155890,Kabab restaurant,restaurant,17.4012891,78.4885841,,,,False,,,,
n4418622008,park,attraction,17.4060296,78.4898232,,,,False,,,,
n4418972989,Almas,restaurant,17.4426528,78.441636,,,regional,False,,,,
n4431024690,old admin bldg opp ladies hostel,attraction,17.4117776,78.5218416,,,,False,,,,
n4431207291,Kabab,restaurant,17.4012906,78.4885491,,,,False,,,,
n4486627616,Suprabhat Tiffins,restaurant,17.4412523,78.4484844,,,,True,,,,
n4499582389,Grand,restaurant,17.3882646,78.4770354,,,,False,,,,
n4508429695,Balaji darshan,cafe,17.4087261,78.4904922,,,,False,,,,
n4516712845,Greenland,restaurant,17.443383,78.4488725,,,,False,,,,
n4526392729,Cafe Bahar,cafe,17.4414545,78.4476425,,,,False,,,,
n4531956291,Mc Domino's,restaurant,17.3426735,78.5559553,,Mo-Su 10:00-22:00,,False,,,,
n4566238603,Absolute Barbecues (ABs),restaurant,17.4383572,78.3977922,,12:00-23:30,,False,,,,
n4575248395,Wild West Restaurant,restaurant,17.3423856,78.5571242,,Mo-Su 10:00-22:00,burger;sandwich;breakfast;fish_and_chips;chicken;indian,False,,,,
n4576289991,Bavarchi Multi cusine,restaurant,17.3435528,78.5559881,,,,False,,,,
n4576382091,KFC LB Nagar,restaurant,17.3458927,78.552418,,,,False,,,,
n4614310917,Cafe Coffee Day,cafe,17.440538,78.4817501,,,,False,,,,
n4614311148,Om Siddhi Vinayak Tiffin Centre,restaurant,17.440592,78.4820593,,,,False,,,,
n4614311359,Bowl O'China,restaurant,17.4432496,78.4777365,,,chinese,False,,,,
n4646388694,Ambica Mess,restaurant,17.412664,78.395312,,,,False,,,,
n4670741589,Mehfil,restaurant,17.4145143,78.3942156,,,chicken,False,,,,
n4670788289,Godavari Ruchulu,restaurant,17.4170898,78.4122806,,,chinese;indian,False,,,,
n4676142991,Lakshmi Priya Restaurant,restaurant,17.4173025,78.4125036,,,,False,,,,
n4683188792,Kabab Inn,restaurant,17.3594202,78.4713006,,,,False,,,,
n4683189592,Taramati Baradari,attraction,17.3761241,78.3781632,,Mo-Su 11:00-17:00,,False,,,,
n4684713994,Salarjung Museum Tea Stall,cafe,17.3711694,78.4799305,,,,False,,,,
n4684735889,Muslim Graveyard,attraction,17.3700458,78.4747728,,,,False,,,,
n4686864293,Railway Museum,museum,17.3886992,78.4985997,,Mo-Su 10:00-18:00,,False,,,,
n4711427792,Swagath Restaurant,restaurant,17.4160054,78.4108236,,,,False,,,,
n4769501963,Brundavan,restaurant,17.4137026,78.4070873,,,,False,,,,
n4798484585,G A N RAJU Statue,memorial,17.4039382,78.5172021,,,,False,,,,
n4826996023,Khan Saab,restaurant,17.4185781,78.4487684,,,indian,False,,,,
n4920193221,Heavenz,cafe,17.396742,78.4847267,,,,False,,,,
n4939727621,Trupthi Restaurant,restaurant,17.3751954,78.5536532,,,,False,,,,
n4978782272,Spicy Restaurant,restaurant,17.3677286,78.5789072,,,,False,,,,
n4979122956,Tabla Nagole,restaurant,17.3574887,78.5575371,,,,False,,,,
n4980149821,Sweekar,restaurant,17.3901808,78.4908195,,,,False,,,,
n4981536922,Hotel Akshaya,restaurant,17.3846352,78.4887325,,,,False,,,,
n4985144421,Swanthi curry restaurant,restaurant,17.39007,78.4922121,,,,False,,,,
n5104431823,suprabat tiffins,restaurant,17.4240373,78.4534146,,,,False,,,,
n5135633623,"B-91, HAL Township",attraction,17.4701107,78.4521072,,,,False,,,,
n5177853521,Lord Buddha,artwork,17.4155839,78.4749604,,,,False,,,,
n5190765175,Ambedkar Statue,memorial,17.4755797,78.4856559,,,,False,,,,
n5257229421,Ciclo Café,cafe,17.4336528,78.4047279,,,,False,,,,
n5259994123,Kaficko,cafe,17.4246579,78.4101163,,,,False,,,,
n5291150521,Hyderabad Spice,restaurant,17.4413494,78.396511,,Mo-Su 10:00-23:00,,False,,,,
n5358760122,Cafe Coffee Day,cafe,17.4147537,78.4482967,,,coffee_shop,False,,,,
n5375596703,Tom Yum Yum,restaurant,17.4297031,78.4125334,,,,False,,,,
n5409224603,Just Bake,cafe,17.4038651,78.5147033,,,pastry;burger,False,,,,
n5448265105,Starbucks,cafe,17.4329059,78.4071232,,,coffee_shop,False,,,,
n5459525615,Kafe Tirupati,restaurant,17.441612,78.3914323,,,,False,,,,
n5482822501,Annapurna,restaurant,17.4433326,78.3916667,,,,False,,,,
n5485690539,Mysore Cafe,restaurant,17.4076028,78.476885,,,,False,,,,
n5518037581,Mehfil hotel,restaurant,17.3986952,78.4935837,,,,False,,,,
n5539124266,Eagle Boyz Pizza,restaurant,17.4059812,78.5913805,,,,False,,,,
n5539124269,Domino's,restaurant,17.4069309,78.5946143,,,,False,,,,
n5539307072,"Ambedkar Statue, Boduppal",monument,17.4183683,78.5845626,,,,False,,,,
n5539317124,Turning Point Cafe,cafe,17.4194736,78.5196532,,,,False,,,,
n5539317125,Turning Point Tiffin Centre,restaurant,17.4194644,78.5196787,,,,False,,,,
n5541547977,Tulip Grand,restaurant,17.4082304,78.596874,,,,False,,,,
n5595935142,Sarvat Bari Park,park,17.4149877,78.4430288,,,,False,,,,
n5608451367,Lucky Arabian Mandi,restaurant,17.4201515,78.5166572,,,regional,False,,,,
n5608451368,Mumtaz Restaurant,restaurant,17.4199404,78.5165057,,,regional,False,,,,
n5608451451,Sree Balaji Sweet Shop,cafe,17.4198866,78.5172634,,Mo-Su 10:00-22:00,regional;indian,False,,,,
n5608454992,Luckys Biryani - PadmaraoNagar,restaurant,17.4200696,78.5168329,,Mo-Su 09:00-23:30,indian,False,,,,
n5614675921,Subway,restaurant,17.404322,78.515251,,,,False,,,,
n5620024292,Starbucks,cafe,17.4193666,78.4482191,,,coffee_shop,False,,,,
n5644406041,Limrah Tea & Snaks,cafe,17.3568846,78.4399451,,,indian,False,,,,
n5695396229,Gurajada Apparao,memorial,17.4201002,78.4838529,,,,False,,,,
n5695396230,C.R Reddy,memorial,17.4220964,78.4851947,,,,False,,,,
n5695396231,Sarvepalli Radhakrishna,memorial,17.4225572,78.4855048,,,,False,,,,
n5695396232,Mahboob Ali Khan,memorial,17.423078,78.4858637,,,,False,,,,
n5695396234,Rudramadevi,memorial,17.4235488,78.4860644,,,,False,,,,
n5695396236,Kumarambheem,memorial,17.4237894,78.4860977,,,,False,,,,
n5695960522,Omer hotel,restaurant,17.331993,78.4905578,,,,False,,,,
n5743508530,Godavari Ruchulu,restaurant,17.4052362,78.3914237,,,regional,False,,,,
n5867186858,Country Oven,restaurant,17.4303405,78.4381599,,Mo-Su 09:00-22:00,pizza;burger;sandwich,False,,,,
n5883774727,Mudita,restaurant,17.4055752,78.3913202,,,nepalese,False,,,,
n5967867552,B R Ambedkar Statue,memorial,17.411047,78.4681483,,,,False,,,,
n5973773086,Istanbul authentic doner kebab,restaurant,17.3968157,78.4238638,,,turkish,False,,,,
n5980853188,Ulavucharu,restaurant,17.4240217,78.4120683,,,indian,False,,,,
n5994099284,Haritha Restaurant,restaurant,17.4037438,78.467208,,,,False,,,,
n5994099485,Hotel Sukha Sagara,restaurant,17.4039422,78.4678772,,,,False,,,,
n6029100806,Gundamma Gaari Ruchulu,restaurant,17.3667294,78.5399284,,Mo-Su 10:00-22:00,regional,False,,,,
n6089840786,Terrasen Cafe,cafe,17.4204876,78.4410872,,,,False,,,,
n6133852986,Hotel Skylab Irani Chai Cafe,cafe,17.4359573,78.5187439,,,,False,,,,
n6134655288,Coronation Cafe,cafe,17.4059762,78.4652407,,,,False,,,,
n6187870086,Peshawar,restaurant,17.402817,78.4615197,,,indian,False,,,,
n6187870385,Himalaya Cafe,cafe,17.3961227,78.4625614,,,,False,,,,
n6187870386,Niloufer Bakery,cafe,17.4005982,78.4628453,,,tea;cake,True,,,,
n6187870387,Dastarkhan,restaurant,17.4026359,78.4614738,,,indian,False,,,,
n6187870785,New Nilofer,cafe,17.3996049,78.4629214,,,,False,,,,
n6205211485,Blue Moon Irani Chai Cafe,cafe,17.4404997,78.4938821,,,,False,,,,
n6208220791,Chutneys,restaurant,17.3531268,78.546535,,,,False,,,,
n6208220792,Bawarchi Resturant,restaurant,17.3682736,78.5258939,,,,False,,,,
n6208309185,Hotel Shezan,restaurant,17.3868358,78.4720854,,,,False,,,,
n6208309186,Khan-e-Khaas,restaurant,17.4026148,78.4613112,,,,False,,,,
n6208309285,Hotel Aadab,restaurant,17.389026,78.4705949,,,,False,,,,
n6208309286,Zam Zam Cafe,cafe,17.4019737,78.4695787,,,,False,,,,
n6208465485,Afgan Darbar Resturant,restaurant,17.4030441,78.462246,,,,False,,,,
n6209822886,Cafe 555,cafe,17.4029924,78.4512671,,,,False,,,,
n6209876085,Dine Hill,restaurant,17.4051966,78.451429,,,,False,,,,
n6209973186,Mugal Resturant,restaurant,17.4067369,78.4640779,,,,False,,,,
n6209984886,Coronation Cafe,cafe,17.4063217,78.4653375,,,,False,,,,
n6209990587,Santosh Dabha,restaurant,17.4057876,78.4650934,,,,True,,,,
n6209990590,Sitara Cafe,cafe,17.4014076,78.4641416,,,,False,,,,
n6212803090,Paradise Biryani,restaurant,17.4443541,78.4625019,,,,False,,,,
n6213051886,Jubilee Hills Peddammathalli Mess,restaurant,17.4290022,78.4051709,,,,False,,,,
n6213051887,Harika Tiffins &Snacks,cafe,17.4290162,78.4052452,,,,False,,,,
n6218822186,Paya House,restaurant,17.40827,78.4464787,,,,False,,,,
n6222399986,Santosh Dabha,restaurant,17.4018978,78.4624939,,,,False,,,,
n6246300070,Sangam Hotel,cafe,17.3841607,78.4938074,,,coffee_shop,False,,,,
n6254339285,Yousufuan,restaurant,17.3916834,78.4654813,,,,False,,,,
n6255329590,Santosh Daba,restaurant,17.3911253,78.4776842,,,,False,,,,
n6255631790,Sitara,restaurant,17.4308673,78.4478006,,,,False,,,,
n6259475085,hyderabad host,restaurant,17.4417444,78.3966967,,,,False,,,,
n6263697388,Hamza Restaurant,restaurant,17.4060305,78.5559089,,,,False,,,,
n6268103691,T-grill,restaurant,17.4425382,78.3961507,,,,False,,,,
n6308262617,AM PM Hotel,cafe,17.4084627,78.492225,,,,False,,,,
n6312938485,Chutneys,restaurant,17.4296732,78.4096135,,,,False,,,,
n6339493410,Madhura Nagar Park,park,17.3909254,78.5319732,,,,False,,,,
n6352370685,Dostea Chai Café,cafe,17.4414944,78.3916686,,,,False,,,,
n6369867752,Chai village,cafe,17.4409109,78.4431992,,,,False,,,,
n6370434382,Udipi Park Hotel,restaurant,17.4374107,78.4456459,,,regional,False,,,,
n6372252254,kritunga,restaurant,17.3679931,78.5402248,,,,False,,,,
n6372299524,appus fast food,restaurant,17.3753755,78.5412425,,,fast_food,False,,,,
n6372301072,tea,cafe,17.3756784,78.5409623,,,tea,False,,,,
n6372374345,lucky restaurant,restaurant,17.3437079,78.5067856,,,,False,,,,
n6372374836,adharsha sweet shop,restaurant,17.3756003,78.5411047,,,,False,,,,
n6372375643,SunRise food court,restaurant,17.375825,78.5409039,,,meals;fast_food,False,,,,
n6372463303,irani,cafe,17.372511,78.5442504,,,,False,,,,
n6373360518,Ballari Raghav,memorial,17.4214922,78.484702,,,,False,,,,
n6390338960,Anand Tiffins,restaurant,17.3681913,78.5250083,,,,False,,,,
n6390378855,kaveri curry point,restaurant,17.3648864,78.5257157,,,,False,,,,
n6390378856,Delicious Dosa,restaurant,17.3646765,78.5259001,,,,False,,,,
n6407554284,T R Ujna Park,park,17.3974388,78.4688357,,,,False,,,,
n6409579586,Mandi@36,restaurant,17.4307294,78.4078308,,,,False,,,,
n6414144247,Indi Chai,restaurant,17.4076128,78.390142,,,indian,False,,,,
n6442886712,kings colony park,park,17.3336142,78.4473761,,Mo-Sa 08:00-18:00,,False,,,,
n6485323329,Lucky Restaurant,restaurant,17.4406202,78.3930877,,,indian,False,,,,
n6503654492,"Sri Balaji Tiffins, Meals & Curry Point",cafe,17.4203544,78.5657599,,,breakfast;tiffins;meals;curry,False,,,,
n6563212163,Time Square-The Landmark Hotel,restaurant,17.4405701,78.4974861,,,,False,,,,
n6575179575,Annapurna Restaurant,restaurant,17.4195098,78.565161,,,tiffin;indian;chinese;tandoori,False,,,,
n6575273087,Naksathra Family Restaurant,restaurant,17.4077923,78.5863452,,,,False,,,,
n6581371259,Singh Foods,restaurant,17.4207015,78.5712618,,,tandoori;juice;shawarma;tiffins;indian;chinese,False,,,,
n6581444879,Nova Banquet Hall,restaurant,17.4161733,78.5657547,,,,False,,,,
n6582335081,Tiffin Center,cafe,17.4220289,78.565441,,,,False,,,,
n6582353398,Masthanamma Canteen,cafe,17.4211212,78.5647834,,,,False,,,,
n6593421940,Sri Karthikeya's Turning Point Food Court,cafe,17.4229644,78.5683869,,,,False,,,,
n6593421949,Sri Sai Narmadha Tea & Tiffins,cafe,17.423248,78.5678261,,,,False,,,,
n6593421979,Renuka Food Panzer Chicken Food Court,restaurant,17.4208591,78.5647626,,,,False,,,,
n6629546524,Swagath Multicuise Family Restaurant,restaurant,17.4101931,78.585927,,,,False,,,,
n6633197605,ITC Kohenur,restaurant,17.4324002,78.3854882,,,,False,,,,
n6634208969,New Hema Nagar Colony Arch,monument,17.4177858,78.5662056,,,,False,,,,
n6634209091,Lord Shiva Arch,monument,17.4209629,78.570979,,,,False,,,,
n6634224607,Vijaya Ganapathi Arch,monument,17.4120548,78.5612884,,,,False,,,,
n6652622285,امپیریل ملٹی کزن ریسٹورنٹ,restaurant,17.3635091,78.5031842,,Mo-Su 06:00-24:00,indian;kebab;steak_house;ice_cream;barbecue;regional;chicken;coffee_shop,False,,,,
n6652949189,Sherton Restaurant,restaurant,17.3811865,78.4845983,,,,False,,,,
n6652949191,Khan Saheb,restaurant,17.4055008,78.4517971,,,kebab,False,,,,
n6652949193,Pizza Hut,restaurant,17.4075353,78.4423439,,,pizza;american,False,,,,
n6684817721,Sai Darshini,restaurant,17.4419503,78.4404,,Mo-Su 07:00-23:00,regional,False,,,,
n6685486363,Telangana Martyrs Memorial,memorial,17.4408942,78.4976949,,,,False,,,,
n6690779939,Dr B R Ambedkar Statue,monument,17.4423867,78.4393579,,,,False,,,,
n6690779940,Crown Cafe,cafe,17.396105,78.4963731,,,,False,,,,
n6690779943,Rajiv Gandhi Statue,monument,17.4423732,78.4410615,,,,False,,,,
n6693360854,Hotel New City Diamond,restaurant,17.3942159,78.4406958,,,hyderabadi,False,,,,
n6693360857,Prince Hotel,restaurant,17.3945727,78.4422032,,,hyderabadi,False,,,,
n6693360858,Naseeb Kalyani Biryani,restaurant,17.3939854,78.4426792,,,,False,,,,
n6693360861,Mandar Fast Food,restaurant,17.3888637,78.4554807,,,,False,,,,
n6693360862,Amfah Biryani,restaurant,17.394338,78.4402917,,,hyderabadi,False,,,,
n6693360867,Sarvi Hotel,cafe,17.3944202,78.4398023,,,indian,False,,,,
n6697930152,Imroze Cafe,cafe,17.4342826,78.4457999,,,regional,False,,,,
n6710912114,Rio Cafe,cafe,17.4404949,78.4956406,,,regional,False,,,,
n6710912125,Mahatma Gandhi Statue,monument,17.4294944,78.5129,,,,False,,,,
n6710912131,NR Anand Tiffins,restaurant,17.4417292,78.4990869,,,regional,False,,,,
n6723691440,Universal Kababs & Biryani,restaurant,17.4417429,78.4401706,,Mo-Su 12:00-23:00,indian,False,,,,
n6734373718,Sai Laxmi Panchavati Colony Park,park,17.4120783,78.3832774,,,,False,,,,
n6752980030,Whatta Waffle and The Chicken ompany,restaurant,17.3431239,78.5543507,,Mo-Su 11:00-23:00,pizza;burger;regional;italian;sandwich;kebab;indian;chicken;french;waffle;smoothie;mojitos,False,,,,
n6758497444,Ali Star Hotel,restaurant,17.420283,78.5131386,,,Kalyani Biryani,False,,,,
n6758497452,Nebraska Hotel,cafe,17.4083364,78.5144366,,,,False,,,,
n6758497454,Netaji Subash Chandra Bose Statue,monument,17.4198611,78.516566,,,,False,,,,
n6758497456,Crown Hotel,restaurant,17.4205601,78.5011258,,,persian;hyderabadi,False,,,,
n6765562759,Shine Cafe,cafe,17.4254761,78.5150008,,,,False,,,,
n6765562767,Raghavedndra Vegitarian,restaurant,17.4292749,78.5155821,,,,False,,,,
n6765562772,Sandarshini Udipi Veg,restaurant,17.4214948,78.5172782,,,,False,,,,
n6765562773,Sri Raghavendra Udipi Veg,restaurant,17.4295332,78.5126616,,,,False,,,,
n6771713700,Sri Kanya Comfort,restaurant,17.4296516,78.4554308,,,,False,,,,
n6772788273,Golden Point,cafe,17.4230951,78.5121871,,,,False,,,,
n6772788275,Cafe Coffee Day,cafe,17.4254896,78.5339369,,,coffee_shop,False,,,,
n6772788276,Gold Bawarchi,restaurant,17.4266214,78.5317312,,,regional,False,,,,
n6776351523,Shivaji Statue,memorial,17.4216182,78.5170798,,,,False,,,,
n6779797463,al-madini mandi house,restaurant,17.3736112,78.5025321,,Mo-Su 12:30-1:00,chicken,False,,,,
n6822126474,Yaqoob Ali Cafe,cafe,17.355401,78.463582,,,,False,,,,
n6822126483,Angaara5 Restaurant,restaurant,17.3915423,78.4652788,,,,False,,,,
n6822126487,Hotel Mourya's Restaurant,restaurant,17.437544,78.440502,,,,False,,,,
n6822126500,Athidi Aahar,restaurant,17.47325,78.42188,,,,False,,,,
n6822126520,Turkish restaurant,restaurant,17.3988674,78.411513,,,,False,,,,
n6822126525,SHIVANYA RESTAURANT,restaurant,17.4325622,78.4460138,,,,False,,,,
n6822126533,Telangana Tea Stall,cafe,17.4192438,78.4418493,,,tea,False,,,,
n6822126537,Al Hejaz Cafeteria,restaurant,17.3918401,78.4265136,,,,False,,,,
n6822126558,Drunken Monkey,cafe,17.367843,78.529818,,,,False,,,,
n6822126568,Sai Balaji Tiffins,restaurant,17.4388279,78.4370548,,,,False,,,,
n6822126575,Pizza Time,restaurant,17.3659779,78.5521936,,,,False,,,,
n6822126581,"Broadway Cafe, Bakers & Tiffins",cafe,17.469468,78.425618,,,,False,,,,
n6822126589,New Banjara Cafe,cafe,17.469455,78.422083,,,,False,,,,
n6822126608,Date With Soup Restaurant,restaurant,17.442481,78.439334,,,,False,,,,
n6822126615,SITARA FOODS,restaurant,17.443536,78.433898,,,,False,,,,
n6822126623,Sikander Irani Tea And Snacks Point,cafe,17.4377802,78.4401942,,,,False,,,,
n6822126628,Sudha Hotel,restaurant,17.464378,78.450946,,,,False,,,,
n6822126642,Akhila Tiffins,restaurant,17.439792,78.441577,,,,False,,,,
n6822126650,Mehfil Restaurant,restaurant,17.368092,78.52193,,,,False,,,,
n6840941123,B. DUBS,cafe,17.4337768,78.4049578,,,,False,,,,
n6847914720,Sanman Tiffins,restaurant,17.45333,78.434959,,,,False,,,,
n6847914868,Collection O 209 Sivarampalli (Galaxy Hotal),restaurant,17.322384,78.430635,,,,False,,,,
n6865920697,Kabab house,restaurant,17.4225754,78.5457338,,Mo-Su 10:00-22:00,chicken,False,,,,
n6868660419,DELHI WALA SWEETS,cafe,17.4566065,78.4225875,,,,False,,,,
n6868660421,SRI BALAJI ART GALLERY & GIFT ITEMS,gallery,17.4298112,78.4480548,,,,False,,,,
n6868689295,Brothers Bawarchi,restaurant,17.4541799,78.419381,,,kebab;indian;chicken;seafood,False,,,,
n6893579787,Esplanade,restaurant,17.4062229,78.3910319,,,indian,False,,,,
n6909347687,Aaha Coffee Shop,cafe,17.4066812,78.3903555,,Mo-Su 04:00-01:00,indian,False,,,,
n6909365985,Aaha Food Village,restaurant,17.4067359,78.3903084,,,indian,False,,,,
n6934778615,kritunga,restaurant,17.37625,78.5433924,,,,False,,,,
n6935221547,HAL Park,park,17.4820586,78.4796382,,24/7,,False,,,,
n6935357885,ramc,cafe,17.3041232,78.5141196,,,sandwich,False,,,,
n6935424689,himalayan bar and restuarant,restaurant,17.3743396,78.5438231,,,,False,,,,
n6935457683,CELEBRATIONS,cafe,17.4800874,78.4754095,,,,False,,,,
n6935469225,BAKE 2 BAKE,cafe,17.4796444,78.4806952,,,sandwich;burger,False,,,,
n6935617664,M.S Biryani Point,restaurant,17.4424955,78.5661074,,,,False,,,,
n6936829973,Bawarchi Restaurant,restaurant,17.4368021,78.4287507,,,indian;kebab;chicken,False,,,,
n6955225188,Kritunga,restaurant,17.3430033,78.5554735,,,,False,,,,
n6955225189,Cafe Bawarchi,restaurant,17.3449952,78.5525409,,,,False,,,,
n6983255280,Palamuru Grill,restaurant,17.3693586,78.4286934,,,,False,,,,
n6994597339,Abhiruchi,restaurant,17.4377697,78.3900781,,,,False,,,,
n6996936918,ABC,restaurant,17.3117508,78.5192804,,,,False,,,,
n6997870508,The Hoppery,restaurant,17.4300591,78.3911379,,,vietnamese,True,,,,
n7003041686,The Stop 'n Go,cafe,17.457032,78.5086176,,,,False,,,,
n7004557287,Lassi Shop,cafe,17.3546889,78.4728822,,,ice_cream;juice;lassi;falooda,False,,,,
n7010429408,the chocolate room,cafe,17.4056683,78.4791361,,,chocolate;waffles;ice_cream,False,,,,
n7016789694,Mumtaz,cafe,17.3630966,78.477355,,,,False,,,,
n7021221185,Kalakriti art Gallery,museum,17.416079,78.4434109,,,,False,,,,
n7021303608,Amber,restaurant,17.4367771,78.3891419,,,,False,,,,
n7021303731,Sambal,restaurant,17.4378342,78.3884652,,,indonesian,False,,,,
n7021303737,Nala Bhimas Restaurant,restaurant,17.4348953,78.3937529,,,,False,,,,
n7021303738,Barbeque Pride,restaurant,17.4348951,78.4022289,,,,False,,,,
n7023081189,Indira veg non veg,restaurant,17.4138326,78.4536907,,,,False,,,,
n7025820751,Kritunga Restaurant,restaurant,17.4408428,78.3912368,,,,False,,,,
n7025820753,Sampradaya Ruchulu Restaurant,restaurant,17.4385383,78.3902999,,,,False,,,,
n7025820764,Beach House,restaurant,17.4386399,78.3948138,,,,False,,,,
n7025820773,Bake Factory Kitchens,restaurant,17.4462187,78.3988928,,,,False,,,,
n7025820780,The Blender's Cafe,cafe,17.4442543,78.3973902,,,,False,,,,
n7025820793,Sree Uma Grand - Multicuisine Restaurant,restaurant,17.4427049,78.3930518,,,,False,,,,
n7025820810,Mustard,restaurant,17.4369759,78.3891408,,,,False,,,,
n7025820811,Burgandi,restaurant,17.4369089,78.3892028,,,,False,,,,
n7025820812,Amber,restaurant,17.4367769,78.3891418,,,,False,,,,
n7025820813,Shake Stories,restaurant,17.4475218,78.3944099,,,,False,,,,
n7025820838,Waffle House,cafe,17.4346129,78.3939618,,,,False,,,,
n7025820842,Krishna's Kitchen,restaurant,17.4357999,78.3946868,,,,False,,,,
n7025820846,Zza Bar @ Syala 95A,restaurant,17.4367499,78.3970998,,,,False,,,,
n7025820854,Ciclo Cafe & Bicycle Shop,cafe,17.4336999,78.4043358,,,,False,,,,
n7025820863,7Ten Spa,cafe,17.435928,78.4029825,,,,False,,,,
n7025820871,Thurum Khan Restaurant,restaurant,17.4404015,78.3935559,,,,False,,,,
n7025820883,Ghar Ka Khaana,restaurant,17.4404308,78.3923717,,,,False,,,,
n7025820886,Madhapur Bawarchi,restaurant,17.4407157,78.3924993,,,,False,,,,
n7025820891,Oven Italia,restaurant,17.4416678,78.3912208,,,,False,,,,
n7025820893,Sri Sai Venkateshwara Hotel,restaurant,17.4415454,78.3912131,,,,False,,,,
n7025820897,The Adda,restaurant,17.4415331,78.3906461,,,,False,,,,
n7025820902,Shree Santhosh Family Dhaba,restaurant,17.4416446,78.3906575,,,,False,,,,
n7027876786,Zeeshan hotel,cafe,17.3878813,78.3999564,,,,False,,,,
n7035236527,Chutneys,restaurant,17.4352133,78.3869412,,,indian,True,,,,
n7035236529,Pizza Hut,restaurant,17.4346142,78.386904,,,pizza,False,,,,
n7035236531,4 Seasons,restaurant,17.4345566,78.3864346,,,,False,,,,
n7043245719,Chai Point,cafe,17.443382,78.3917089,,,coffee_shop,False,,,,
n7088336244,Hotel Sweekar,restaurant,17.3529835,78.5068224,,,,False,,,,
n7088336247,Delicious Bakery,restaurant,17.3529453,78.5071433,,,,False,,,,
n7088365506,Ayyangar Bakery,restaurant,17.4394005,78.4483772,,,,False,,,,
n7113996685,Laiba's cafe,cafe,17.4314834,78.4260064,,,,False,,,,
n7113998188,Fit food company,restaurant,17.4290692,78.4182366,,,,False,,,,
n7113998288,Rolex,attraction,17.4310473,78.4074614,,,,False,,,,
n7114016585,The Exotic Shawarma,restaurant,17.3934672,78.438927,,,,False,,,,
n7140556933,S J Patel,park,17.4421722,78.4504951,,,,False,,,,
n7171334823,Rayudu family restarant,restaurant,17.454076,78.4234206,,,,False,,,,
n7171334826,santosh family dabha,restaurant,17.455022,78.4222353,,,,False,,,,
n7174406403,Diners Restaurant,restaurant,17.4386462,78.4596617,,Mo-Su 09:00-23:00,,False,,,,
n7243928590,Savage Chinese and American Bistroo,restaurant,17.3309905,78.5704094,,Mo-Su 09:00-23:00,pizza;burger;chinese;sandwich;american;chicken,False,,,,
n7243974415,sheela cafe,cafe,17.3963694,78.5031801,,,,False,,,,
n7243983824,MRCB  Restaurant,restaurant,17.4135599,78.4040268,,,regional,False,,,,
n7243983826,Dhivija's Take away,restaurant,17.4153883,78.4086766,,,regional,False,,,,
n7243983830,Santhosh Family Dhaba,restaurant,17.4138568,78.3948337,,,regional,False,,,,
n7244017401,Mahati restaurant,restaurant,17.3713264,78.5710939,,,,False,,,,
n7244029373,Rajugari Pulav,restaurant,17.4069621,78.3923977,,,regional,False,,,,
n7244029374,Biryani's & More,restaurant,17.4071414,78.3926167,,,regional,False,,,,
n7244029378,Pizza Hut,restaurant,17.4070024,78.3835968,,,pizza,False,,,,
n7244033603,santhosh family dhaba,restaurant,17.367634,78.5215669,,,,False,,,,
n7244113094,Eat in peace,restaurant,17.3670508,78.5217509,,,,False,,,,
n7244113126,swagath grand,restaurant,17.3682535,78.5254193,,,,False,,,,
n7244238200,Bawarchi,restaurant,17.4066547,78.497651,,06:00-24:00,indian;kebab;steak_house;ice_cream;barbecue;regional;chicken;coffee_shop,False,,,,
n7244243970,siddharath mess,restaurant,17.4006852,78.5076597,,,,False,,,,
n7244243972,Cafe Coffee Day,cafe,17.4003341,78.5077415,,,coffee_shop,False,,,,
n7244246181,driveway,restaurant,17.3662878,78.5213494,,,,False,,,,
n7244263505,taaza tiffins,restaurant,17.3669628,78.5804317,,,indian,False,,,,
n7244300075,Paradise - Take Away,restaurant,17.4413765,78.4481893,,,,False,,,,
n7244480642,Reddy's tiffin center,restaurant,17.3926284,78.4379201,,,,False,,,,
n7244480649,Reddy's tiffin center,restaurant,17.3944178,78.4352303,,,,False,,,,
n7244480683,Anupama Restaurant,restaurant,17.3946502,78.4383764,,,,False,,,,
n7244487785,Hotel Paradise,restaurant,17.3941477,78.4408754,,,,False,,,,
n7244487791,King’s Restaurant,restaurant,17.3936122,78.4427387,,,,False,,,,
n7244487792,santhosh nagar colony park,park,17.3911018,78.4364912,,,,False,,,,
n7244487828,Food on fire,restaurant,17.3952103,78.4314805,,,,False,,,,
n7246564074,Indian cafe,cafe,17.3479666,78.547559,,,,False,,,,
n7246579316,Akshaya,restaurant,17.4012245,78.562565,,,,False,,,,
n7246803474,Coffee day,cafe,17.3944076,78.4349784,,,,False,,,,
n7351211488,Agri Biodiversity Park,park,17.3103778,78.4155092,,,,False,,,,
n7473072329,Hotel Surabhi Udupi Veg,restaurant,17.3986302,78.5605419,,,,False,,,,
n7473077258,Athidi Family Restaurant,restaurant,17.3990375,78.5607014,,,,False,,,,
n7473080338,Master Chef,restaurant,17.3988049,78.5605302,,,,False,,,,
n7473097036,Santosh Dhaba,restaurant,17.398302,78.5604673,,,,False,,,,
n7508813778,نیاگرا ہوٹل,restaurant,17.3776128,78.491132,,Mo-Su 06:00-24:00,indian;kebab;steak_house;ice_cream;barbecue;regional;chicken;coffee_shop,False,,,,
n7536668787,Rabbit's park,park,17.4782734,78.5171242,,,,False,,,,
n7560666273,Mayabazar Restaurant,restaurant,17.4609913,78.5007677,,,,False,,,,
n7569540629,Ganesh Family Dhaba,restaurant,17.4791209,78.5116176,,,indian,False,,,,
n7570696449,Sri Balaji Exclusive Dhaba,restaurant,17.4730351,78.510362,,,,False,,,,
n7576018686,Grand Bavarchi,restaurant,17.3693123,78.5153122,,Mo-Su 12:00-00:00,,False,,,,
n7611017181,pancheela park,park,17.4291902,78.5122118,,,,False,,,,
n7642365583,Royal Reve Hotel,restaurant,17.4412556,78.5005765,,,,False,,,,
n7644477014,Hotel Persis Paradise,restaurant,17.4417049,78.4874265,,11:00-23:00,indian;kebab;steak_house;ice_cream;barbecue;regional;chicken;coffee_shop;mughlai,False,,,,
n7707961937,Damodaram Sanjeevaiah Memorial,memorial,17.4320459,78.4779496,,,,False,,,,
n7707961947,Wonder Fun Park and Party Zone,theme_park,17.4347165,78.4751311,,,,False,,,,
n7874934614,HOLY KITCHEN,restaurant,17.4332799,78.4262644,,Mo-Su 11:00-23:00,chinese;thai,False,,,,
n7892309462,Deccan Elite Restaurant,restaurant,17.346203,78.4155817,,,,False,,,,
n7966160254,Cafe Nandini,restaurant,17.4171873,78.4313623,,,,False,,,,
n7966169681,JRD Tata Statue,monument,17.4173012,78.4301218,,,,False,,,,
n7966169682,Sri. NTR & Smt. Basavatarakam Statue,monument,17.4170357,78.4309056,,,,False,,,,
n8066278048,لکی ریسٹورانٹ,restaurant,17.3654886,78.5575099,,Mo-Su 07:00-24:00,indian;kebab;steak_house;ice_cream;barbecue;regional;chicken;coffee_shop,False,,,,
n8107751448,Sai Darshini,restaurant,17.442097,78.4408275,,Mo-Su 09:00-21:00,regional;coffee_shop;chinese,True,,,,
n8107755744,M/s. Grills N Chills,restaurant,17.4442222,78.4328434,,Mo-Su 13:00-22:00,kebab;indian;chinese;chicken,True,,,,
n8107767453,Amaravathi Tiffens,restaurant,17.4405705,78.441619,,,regional;indian,True,,,,
n8107785189,Akshya Tiffens,restaurant,17.4504985,78.4244868,,Mo-Su 09:00-21:00,regional;indian,True,,,,
n8107898995,HOTEL PM GRAND,restaurant,17.4623514,78.4712232,,Mo-Su 05:00-24:00,chicken;kebab;indian;seafood,True,,,,
n8107927746,shabnam hotel,restaurant,17.4623573,78.4711054,,Mo-Su 10:00-22:00,indian;kebab;chicken,False,,,,
n8110848041,9 amma mandi,restaurant,17.447358,78.5718816,,,,False,,,,
n8110979060,Master Kabab,restaurant,17.4553167,78.4477611,,Mo-Su 09:00-21:00,chicken;fish_and_chips;kebab;indian,False,,,,
n8110990943,Laxman ki bandi,restaurant,17.3786787,78.464037,,,indian,True,,,,
n8110991126,Suprabath Tiffins,restaurant,17.4294109,78.5519368,,,,False,,,,
n8110994555,Mahalaxmi tiffins,restaurant,17.3808404,78.4638905,,,indian;dosa;idly;etc,True,,,,
n8111012820,Goa grillz,restaurant,17.397361,78.3776389,,,,False,,,,
n8111070732,Surabhi Bar and Restaurant,restaurant,17.4285032,78.5511175,,,,False,,,,
n8111134963,jai lodeshwar bhavan,park,17.3776344,78.455051,,,,False,,,,
n8170346620,Bismillah Hotel,restaurant,17.3412919,78.4544376,,,tea;coffee,False,,,,
n8195791311,Tabala,restaurant,17.4010913,78.5789058,,,,False,,,,
n8230990104,Sri Raghavendra Hotel,restaurant,17.4060452,78.5559104,,Mo-Su 07:00-22:00,regional;chinese,True,,,,
n8230990105,Qutub Shahi Kitchens,restaurant,17.4059102,78.5563744,,Mo-Su 08:00-23:00,regional;chinese;indian,True,,,,
n8232796799,Sri Balaji Veg,restaurant,17.3736286,78.5025092,,,,False,,,,
n8233700526,Hotel Akshaya,restaurant,17.3733983,78.5022812,,Mo-Su 07:00-22:00,,True,,,,
n8240054571,VV Tiffins,restaurant,17.4102345,78.4844177,,Mo-Su 08:00-23:00,breakfast,True,,,,
n8315147286,shagh house,restaurant,17.3961163,78.4250392,,,,False,,,,
n8318335290,Bawarchi,restaurant,17.3645299,78.3950569,,,,False,,,,
n8386117717,People's park association,park,17.4052122,78.4935646,,,,False,,,,
n8386167910,Nanking CR,restaurant,17.4540334,78.4987403,,,chinese,False,,,,
n8386196949,Chilkalguda Park,park,17.4255364,78.5119056,,05:00-21:00,,False,,,,
n8386555631,Big Noodle,restaurant,17.456534,78.4988208,,,chinese,False,,,,
n8387042811,Zinger Hut Fried chicken,restaurant,17.4541207,78.4983498,,,,False,,,,
n8387042825,White Rose,restaurant,17.46013,78.5006275,,,,False,,,,
n8387157865,Shade,restaurant,17.4034209,78.5144472,,,,False,,,,
n8387157866,Luckys,restaurant,17.3944819,78.5106555,,,,False,,,,
n8387157890,Manus Kitchen,restaurant,17.4237729,78.5460014,,,,False,,,,
n8389347882,Huda park,park,17.362155,78.4257998,,,,False,,,,
n8514798391,GHMC ANNAPURNA FOOD CENTER,restaurant,17.3974899,78.5121368,,24/7,,False,,,,
n8514821417,GHMC ANNAPURNA CENTER,restaurant,17.4090002,78.5088644,,,,False,,,,
n8621042251,Telugu thali statue,monument,17.4515113,78.4841523,,,,False,,,,
n8866661348,Moon Bean Cafe bar,cafe,17.3690624,78.5164337,,Mo-Su 11:00-00:00,,False,,,,
n8909177646,Mahatma Gandhi Statue,monument,17.4386471,78.4887891,,,,False,,,,
n8909248520,Oh My Grill,restaurant,17.4422359,78.4323511,,,,False,,,,
n8909248526,Sai Durga Family Restuarant,restaurant,17.4440228,78.43349,,,,False,,,,
n8909248547,Vikaspuri Colony Park,park,17.4491503,78.4314199,,,,False,,,,
n8909248550,AG Colony Park-2,park,17.4469152,78.4286336,,,,False,,,,
n8909248553,Walkers Park 1,park,17.4475954,78.4252067,,,,False,,,,
n8921450263,Hashtag,cafe,17.3743811,78.5526913,,,,False,,,,
n8978050171,پستا ہاؤس,restaurant,17.356383,78.4734859,,,,False,,,,
n8995827803,AM-PM Shawarma,restaurant,17.3968281,78.4233659,,10:30-23:45,arab,False,,,,
n9093559317,Aqeeq Multi Cuisine Restaurant & Cafe 555,restaurant,17.4039774,78.4515963,,Mo-Su 10:00-23:00,indian,False,,,,
n9093598817,Ammamagari Illu,cafe,17.4029173,78.4571119,,,,False,,,,
n9094232018,Vindhu Tiffins,cafe,17.4419954,78.4440716,,Mo-Su 07:00-22:00,,False,,,,
n9150847517,HummingBird Café,cafe,17.440457,78.3974255,,,,False,,,,
n9369549951,Annapurna tiffins,restaurant,17.4536312,78.5658103,,Mo-Fr 09:00-17:00,indian,False,,,,
n9369819267,Kings palace,restaurant,17.4654039,78.5620555,,,,False,,,,
n9369819268,Zam Zam,restaurant,17.4652555,78.561975,,,,False,,,,
n9414622045,Amaravati Restaurant,restaurant,17.3425557,78.5553078,,,indian;regional,False,,,,
n9713129747,roobaroo cafe,cafe,17.3524157,78.5114738,,,coffee_shop,False,,,,
n9731704308,N S Pizza Hub,cafe,17.4236387,78.5077151,,,,False,,,,
n9748215760,JusyLife,restaurant,17.4053026,78.5156729,,Mo-Su 10:00-22:00,indian;regional;asian;international;coffee_shop;sandwich;salad;juice;smoothies;american,True,,,,
n9766930174,Amano Cafe,cafe,17.3371073,78.5709175,,Mo-Su 10:00-22:00,mexican;latin_american,False,,,,
n9870554866,Gayatri Nagar Colony Association,park,17.4086822,78.5779574,,,,False,,,,
n9885108778,Nehru statue,monument,17.3507099,78.4729016,,,,False,,,,
n9903874812,Hderabad restaurant,restaurant,17.4419092,78.432369,,Mo-Su 10:00-22:00,chinese;biryani,False,,,,
n9903904325,Orient Cafe,cafe,17.4440151,78.4458097,,,,False,,,,
n9903919154,lucky,restaurant,17.420052,78.516886,,,,False,,,,
n9907852281,Desi Donne Biryani,restaurant,17.4243286,78.4525318,,,indian;biryani,True,,,,
n9917006217,Hitech Bawarchi,restaurant,17.4411978,78.3916463,,,,False,,,,
n9918909849,Colors Family Dhaba,restaurant,17.4779029,78.4727042,,,,False,,,,
n9923836906,Playground,park,17.4244954,78.5249515,,,,False,,,,
n9924632184,Mandi chaloo,restaurant,17.476399,78.4819392,,,,False,,,,
n9924632185,City Cafe,cafe,17.4762955,78.4826301,,,,False,,,,
n10012888587,Tower Bavarchi Multi Cuisine Restaurant,restaurant,17.369688,78.5149384,,,,False,,,,
n10087099043,پشاور,restaurant,17.3709237,78.5004657,,Mo-Su 08:00-24:00,indian;kebab;steak_house;ice_cream;barbecue;regional;chicken;coffee_shop;mughlai,False,,,,
n10178228307,Nectar Kitchen & Bar,restaurant,17.4384489,78.3990271,,Mo-Su 11:00-23:00,indian;chinese;dessert;pizza;burger;chicken;kebab;ice_cream;seafood;juice,True,,,,
n10244211027,HMT park,park,17.4223412,78.5497907,,,,False,,,,
n10262078608,REDDY'S KITCHEN,restaurant,17.4506922,78.5332087,,,,False,,,,
n10262083190,SATYA NARAYANA CAFE,cafe,17.4469498,78.5328389,,,,False,,,,
n10262130736,Golden palace restaurant,restaurant,17.3638483,78.4286225,,,,False,,,,
n10262331700,Shri golden palace,restaurant,17.3831846,78.4382254,,,,False,,,,
n10262331701,udipi,restaurant,17.3824479,78.4386143,,,,False,,,,
n10277927479,ani,restaurant,17.440815,78.5547243,,,,False,,,,
n10277927482,cafe1,cafe,17.4381232,78.5423587,,,,False,,,,
n10277927486,nature,park,17.4323602,78.5442588,,,,False,,,,
n10279452106,Kishan Bagh Park,park,17.3603316,78.4405603,,,,False,,,,
n10279481522,Mezban Hotel,restaurant,17.3606586,78.4409624,,,,False,,,,
n10279697199,Surabhi Restaurant,restaurant,17.3401442,78.5636522,,,,False,,,,
n10279842268,Mehfil Restaurant,restaurant,17.4271804,78.4524443,,,,False,,,,
n10279842278,Asiatic cafe,cafe,17.4221402,78.4548339,,,,False,,,,
n10279859237,Chinese Kitchen,restaurant,17.3334473,78.5692957,,,,False,,,,
n10279877056,Vivekananda statue,monument,17.3039107,78.4398894,,,,False,,,,
n10280090407,TNGOS PARK,park,17.3072739,78.4398261,,,,False,,,,
n10280159817,Mandi 36,restaurant,17.4153075,78.4498881,,,,False,,,,
n10280159819,Onesta Pizza,restaurant,17.4151736,78.4501743,,,pizza,False,,,,
n10280159820,Barbeque Nation,restaurant,17.4151573,78.450071,,,barbecue,False,,,,
n10280159833,The Seventh Heaven Restuarant and Bar,restaurant,17.4279218,78.452497,,,,False,,,,
n10300324812,Banjara 9,restaurant,17.4070548,78.4516599,,mo-su 12:00- 24:00,multi-cuisine,False,,,,
n10314279709,Kshatriya Foods,restaurant,17.4391715,78.397936,,Mo-Su 12:00-11:00,indian,False,,,,
n10687757496,Red Bucket Biryani,restaurant,17.4686067,78.5439742,,Mo-Su 09:00-21:00,chicken,False,,,,
n10732482012,Zeeshaan Cafe,cafe,17.397285,78.4006455,,,,False,,,,
n10732489637,Shazaan Cafe,cafe,17.3974757,78.4009687,,,,False,,,,
n10790477557,Naatu,restaurant,17.4299749,78.4110349,,,,False,,,,
n10790483073,Krishnapatnam,restaurant,17.4299418,78.4113051,,,,False,,,,
n10790483074,President Dhaba,restaurant,17.4299533,78.4113857,,,,False,,,,
n10795095588,Aaromale,restaurant,17.4128381,78.4066158,,,,False,,,,
n10796197655,LEGEND'S FOOD COURT,restaurant,17.4545044,78.4164006,,Mo-Su 11:00-23:00,chinese;regional,False,,,,
n10821080199,Paradise restaurant,restaurant,17.3989789,78.5606257,,,,False,,,,
n10821080200,Red Bucket biryani,restaurant,17.3993379,78.5605347,,,,False,,,,
n10836252952,Bhagwan Das Bagh,monument,17.3788354,78.4394513,,,,False,,,,
n10836262029,Raja Bhagwan Das  Bagh,monument,17.3787012,78.4402227,,,,False,,,,
n10836288173,Dragan Food Court,restaurant,17.3766161,78.431408,,,,False,,,,
n10836288174,Saba Cafe,restaurant,17.3763917,78.4308518,,,,False,,,,
n10836288177,Aman Hotel,restaurant,17.3765008,78.4304509,,,,False,,,,
n10836288178,Mehfil Mandi House,restaurant,17.3765149,78.4296741,,,,False,,,,
n10836288192,The Chocolate Room,restaurant,17.3699047,78.428839,,,,False,,,,
n10897832054,AHA Chinese Restaurant,restaurant,17.4012862,78.5659259,,,noodle,False,,,,
n10902969261,navya millets,restaurant,17.3302334,78.575591,,,,False,,,,
n10903231372,cafe day,cafe,17.330489,78.5745238,,,,False,,,,
n10903291098,heathage food point,restaurant,17.3306524,78.5739924,,,,False,,,,
n10936819194,B.R.Ambedkar Statue,museum,17.4132697,78.4673984,,,,False,,,,
n11009412980,Samathapuri colony park,park,17.3767522,78.5536735,,,,False,,,,
n11015778137,Kritunga Restaurant,restaurant,17.4269689,78.4581957,,,,False,,,,
n11015782751,Cafe Coffee Day,cafe,17.4265089,78.4575557,,,coffee_shop,False,,,,
n11027534546,Rose land cafe,cafe,17.4321204,78.4461681,,,,False,,,,
n11027534561,Hotel Sarovar,restaurant,17.431799,78.4468438,,,,False,,,,
n11033994406,Swathi Tiffins,restaurant,17.4254886,78.4573098,,,,False,,,,
n11034008431,Annapoorna Darshini Tiffins & Meals,restaurant,17.4253327,78.4573464,,,,False,,,,
n11082456164,Hina J.K Point,cafe,17.4557125,78.4091484,,,,False,,,,
n11082688354,Mdina Hotel And Cafe,restaurant,17.4535391,78.4090708,,,indian;tea,False,,,,
n11084918124,Blue Star Restaurant,restaurant,17.450874,78.4244652,,,chinese;chicken;indian;kebab;fish,False,,,,
n11084918128,Mubarak Cafe And Restarunt,cafe,17.4468771,78.4232229,,,kebab;indian,False,,,,
n11084918135,A.K cafe,cafe,17.4542528,78.4105217,,,bubble_tea,False,,,,
n11084918136,Ali Cafe,cafe,17.4542841,78.4109675,,,,False,,,,
n11084969227,Erra Karam,restaurant,17.4360976,78.4121092,,,,False,,,,
n11289965969,Sri Sai Colony Park,park,17.3641277,78.4105571,,,,False,,,,
n11414945481,SVR Grand Family Restaurant,restaurant,17.409772,78.4872348,,Mo-Su 12:00-23:00,regional,False,,,,
n11420436685,Kritugua,restaurant,17.4283748,78.4552907,,,indian,False,,,,
n11422123669,Bronzy Fried Chicken,restaurant,17.4261044,78.4569305,,,,False,,,,
n11422123769,Tea and Snacks,cafe,17.4270007,78.4582636,,,,False,,,,
n11484352543,cafe coffee,cafe,17.3469468,78.5509249,,,coffee_shop,False,,,,
n11597256218,SO - The Sky Kitchen,restaurant,17.4161279,78.416848,,,,False,,,,
n11597323663,Roastery,cafe,17.4232807,78.4315491,,Mo-Su 08:00-23:30,,False,,,,
n11597368919,Autumn Leaf,cafe,17.4337892,78.4020089,,,,False,,,,
n11690756884,ulavacharu,restaurant,17.3591924,78.5442299,,,,False,,,,
n11690820970,nio o nine,cafe,17.3601769,78.544075,,,,False,,,,
n11690847010,arch cafe,cafe,17.3612924,78.544728,,,,False,,,,
n11690890444,viyyala vari vindu,restaurant,17.3603338,78.5450091,,,,False,,,,
n11690958877,veggie chinese,restaurant,17.3622564,78.5441534,,,chinese,False,,,,
n11696546991,dlite shakes,cafe,17.3587788,78.5423089,,,bubble_tea,False,,,,
n11696595594,blue fox,restaurant,17.3598606,78.5439375,,,,False,,,,
n11696701942,flechazo,restaurant,17.3596519,78.5437705,,,,False,,,,
n11696714186,palamuru grill,restaurant,17.3611551,78.5447714,,,,False,,,,
n11771783710,Cafe Niloufer,cafe,17.413327,78.4277314,,,,False,,,,
n11878121669,GHMC Park,park,17.3967469,78.5425617,,,,False,,,,
n12096914776,Mahaveer Balaji Family Dhaba,restaurant,17.4633325,78.4837157,,,indian,True,,,,
n12257749405,kismath kerala Restaurand,restaurant,17.3984652,78.4005577,,,,False,,,,
n12298767100,Wraps & Broast,cafe,17.4504422,78.4253744,,Mo-Su 14:00-01:00,pizza;pasta;fried_chicken;wraps;sandwich;chinese,False,,,,
n12410053301,Hibacci - Asian Fusion Restaurant,restaurant,17.419217,78.4427265,,,asian,False,,,,
n12422483853,Sarvi Restaurant,restaurant,17.4051691,78.4518056,,,,False,,,,
n12596446532,jurrasi park,park,17.3471428,78.4489057,,,,False,,,,
n12618805890,Jalagam Vengala rao Park Arch,memorial,17.4233402,78.448391,,,,False,,,,
n12695800228,Stellar Reserve,restaurant,17.4226437,78.4109735,,Mo-Su 07:00-24:00,american;italian;bakery;asian;cafe;burger;pizza,False,,,,
n12839760926,Vibrant Living,restaurant,17.4180127,78.3795955,,Mo-Su 08:00-21:00,,False,,,,
n12839760927,Vibrant Living,restaurant,17.4141814,78.4051098,,Mo-Su 07:00-22:00,,False,,,,
n12841239558,Haldiram's,restaurant,17.4003985,78.555232,,Mo-Su 09:00-23:00,indian,True,,,,
n12852192070,seasons,restaurant,17.3957405,78.5288869,,,,False,,,,
n12852234055,Eagles pizza center,restaurant,17.4016808,78.5452167,,,pizza,False,,,,
n12852246629,Domino's pizza,restaurant,17.3924277,78.5105786,,,pizza,False,,,,
n12852271071,Sara restaurant,restaurant,17.4142026,78.4809258,,,,False,,,,
n12852305277,Cafe Coffe day,cafe,17.4056483,78.515799,,,coffee_shop,False,,,,
n12852312195,Domino's,restaurant,17.412667,78.4657131,,,pizza,False,,,,
n12852350346,Eat street,restaurant,17.4221623,78.4652703,,,,False,,,,
n12854573905,Shivanand Hotel,restaurant,17.3818264,78.5181507,,,,False,,,,
n12854596350,Sea Rock Cafe,cafe,17.4196215,78.4624516,,,,False,,,,
n12854606944,chand fast food,restaurant,17.3953386,78.530399,,,,False,,,,
n12854677474,surabhi tiffin center,restaurant,17.3960042,78.5294073,,,,False,,,,
n13043476521,Telangana Martyrs Memorial,memorial,17.4086623,78.4729835,,,,False,,,,
n13140816146,Melbourne Fried chicken,restaurant,17.429158,78.4499426,,,,False,,,,
n13154692137,subway,restaurant,17.3735384,78.4111355,,,,True,,,,
n13179504401,Red Hills Park,park,17.3967797,78.4650101,,,,False,,,,
n13208170233,Arya Bhavan,restaurant,17.4509081,78.4369028,,,,False,,,,
n13208186038,Hyderabad House,restaurant,17.4283844,78.4516679,,,,False,,,,
n13208186040,Arya Bhavan,restaurant,17.4272477,78.4518017,,,,False,,,,
n13227662862,Hotel Surabhi,restaurant,17.3741546,78.4172368,,,,False,,,,
n13272712464,GHMC Monolith Park,park,17.4169549,78.4165479,,,,False,,,,
n13279648101,Forget Me Not Cafe,restaurant,17.4374797,78.3893004,,24/7,chicken;coffee_shop;grill;ice_cream;indian;local;noodles,False,,,,
n13361820588,Almond House,cafe,17.4408488,78.503202,,Mo-Su 09:00-23:00,coffee_shop;indian,False,,,,
n13415039401,Dwaraka Tiffins,restaurant,17.4056568,78.5116157,,,,False,,,,
n13415039601,VST Park,park,17.4045562,78.5017921,,"Mo-Su 06:00-10:00, 17:00-19:00",,False,,,,
n13423220018,Keshav Reddy Sweets,restaurant,17.4200353,78.379703,,,indian,False,,,,
n13436947596,Zam Zam,cafe,17.3682554,78.4003585,,,,False,,,,
n13436948447,tea time,cafe,17.3988158,78.4997957,,,,False,,,,
n13436972601,opp tankbundpark,park,17.4130393,78.4830087,,,,False,,,,
n13437025128,Sri Venkateshwara tiffin center,restaurant,17.3662999,78.3924205,,,,False,,,,
n13437133815,Syla Terrace Kitchen,restaurant,17.3588791,78.3874902,,,,False,,,,
n13437327814,play area,park,17.4034395,78.5586463,,,,False,,,,
n13532195617,Y2K Restaurant,restaurant,17.4264495,78.4520625,,,,False,,,,
n13532195626,Zaica Restaurant,restaurant,17.4263959,78.4519227,,,,False,,,,
n13535859847,Accro,cafe,17.4211321,78.4476841,,,,False,,,,
n13535866503,Paradise,restaurant,17.3620903,78.4750701,,,,False,,,,
n13536769326,Pizza Hut,restaurant,17.4308915,78.4211849,,,pizza,False,,,,
n13536807336,Sarvi Restaurant,restaurant,17.4129094,78.4497861,,,,False,,,,
n13536912455,Hotel Marjaan,restaurant,17.4350284,78.503638,,,,False,,,,
n13536912467,Chai Club,cafe,17.4414305,78.4995252,,,,False,,,,
n13543816905,Saifabad Mint Museum,museum,17.4094646,78.4670978,,,,False,,,,
n13657608396,Kahani Cafe,cafe,17.3567284,78.5590319,,Mo-Su 11:00-23:00,coffee_shop;italian;indian,False,,,,
n13673310907,Laxmi nagar colony park,park,17.3702294,78.5423722,,,,False,,,,
n13673370115,Play ground,park,17.4541117,78.4940161,,,,False,,,,
n13673385135,Begum bazar chaman,park,17.3707236,78.4700881,,,,False,,,,
n13673574376,Tea house,cafe,17.4033357,78.4834177,,,tea,False,,,,
n13697879328,Huda Park,park,17.3633307,78.5374855,,,,False,,,,
n13707166668,Surabhi Udupi Veg Restaurant,restaurant,17.4417164,78.4866022,,,indian,False,,,,
n13707212259,Paradise Cafe,cafe,17.4417083,78.487255,,,,False,,,,
n13707220102,Paradise Secunderabad,restaurant,17.4414783,78.4873114,,,indian,False,,,,
n13737407382,Saudi Arebian restaurant,restaurant,17.4384384,78.4485033,,,,False,,,,
n13954891165,Arya Tiffins,restaurant,17.4431022,78.4777558,,,indian,False,,,,
n13994413246,Udyanavanam Park,park,17.3966738,78.5410289,,,,False,,,,
w27937605,Nehru Zoological Park,zoo,17.3514202,78.4454676,,Sa-Th 08:30-17:30; PH off,,False,,,,
w28131043,Durgam Cheruvu,attraction,17.4310542,78.3899966,,,,False,,,,
w28268610,Kasu Brahmananda Reddy National Park,attraction,17.420234,78.4201043,,,,False,,,,
w29124107,Sanjeevaiah Park,park,17.4319969,78.475572,,05:00-19:00,,False,,,,
w29124111,Indira Park,park,17.4146644,78.4826733,,,,False,,,,
w29124126,NTR Gardens,attraction,17.4123848,78.4681147,,,,False,,,,
w29124134,Lumbini Park,park,17.4097297,78.4731542,,,,False,,,,
w29124311,Jalagam Vengal Rao Park,park,17.4229376,78.4481401,,,,False,,,,
w29124405,Chacha Nehru Park,park,17.4013038,78.4502823,,,,False,,,,
w29252515,Sundarayya Park,park,17.3984524,78.49808,,,,False,,,,
w31549634,Saradhi Studios,attraction,17.4364127,78.4427422,,,,False,,,,
w42988863,sr nagar community park,park,17.4433342,78.445047,,,,False,,,,
w55555826,Kesav Memorial Playground,park,17.3970183,78.4901542,,,,False,,,,
w75100051,Mother Teresa Park,park,17.4378372,78.5045725,,,,False,,,,
w75500040,Rotary Park,park,17.4217427,78.4844734,,,,False,,,,
w91741021,Kakateeya Nagar Park,park,17.4158295,78.5402691,,,,False,,,,
w105725101,B M Birla Planetarium,museum,17.4033232,78.4707169,,,,False,,,,
w105726070,Birla Mandir,attraction,17.4060644,78.4691964,,"07:00-12:00,14:00-21:00",,False,,,,
w108233467,Krishnakanth Park,park,17.4396923,78.4303319,,Mo-Su 08:00-22:00,,False,,,,
w116031164,Chowmahalla Palace,attraction,17.357542,78.4715662,,,,False,,,,
w116035684,Eat Street,restaurant,17.4223954,78.4652615,,,,False,,,,
w116436664,Annapurna Studios,attraction,17.4285105,78.4236901,,,,False,,,,
w116944236,Public Gardens,park,17.3987476,78.4689097,,,,False,,,,
w121543671,Arts College,college,17.4192016,78.5263097,,,,False,,,,
w122090771,State Art Gallery,gallery,17.4364708,78.3979683,,,,False,,,,
w138706265,muncipal garden,park,17.4102485,78.5436108,,,,False,,,,
w140391595,snehapuri colony park,park,17.4244425,78.5436579,,,,False,,,,
w147998583,Telangana Martyrs Memorial,park,17.4408759,78.4976415,,,,False,,,,
w169960774,Melkote Park,park,17.3984714,78.4888628,,,,False,,,,
w170860198,Moazzam Jahi Market,monument,17.3843955,78.4750622,,,,False,,,,
w178744420,bio conversation,park,17.4351412,78.4672511,,,,False,,,,
w207568787,Moazzam Jahi Market,monument,17.3847818,78.4750117,,,,False,,,,
w211408794,Buddha Statue Building complex,attraction,17.4155664,78.4751129,,,,False,,,,
w213636353,Maze,attraction,17.3763173,78.4836619,,,,False,,,,
w213636363,Imlibun Park,park,17.3758696,78.483259,,,,False,,,,
w232954418,Spicy Hub,restaurant,17.3655321,78.5431223,,,regional,False,,,,
w238175802,Bank of Baroda Colony Park,park,17.4150122,78.4950142,,,,False,,,,
w238177496,Sai Baba Temple,park,17.4177966,78.4923059,,,,False,,,,
w238186115,Charminar,attraction,17.361604,78.4746394,,09:00-17:30,,False,,,,
w238196320,Kacheguda Railway Station,monument,17.389273,78.4992078,,,,False,,,,
w238284090,Salar Jung Museum,museum,17.3713514,78.4805563,,,,False,,,,
w238299280,rock garden,park,17.4388974,78.4590508,,,,False,,,,
w248417253,Municipal Corporation Park,park,17.402837,78.4453105,,,,False,,,,
w252087624,Children's Park,park,17.4244973,78.5242031,,,,False,,,,
w252269782,The English and Foreign Languages University (EFLU),park,17.4240473,78.5242685,,,,False,,,,
w252488302,Satya Nagar Colony Park,park,17.3996688,78.57311,,,,False,,,,
w252723812,Children's Park,park,17.3649463,78.5876588,,,,False,,,,
w253460280,Children Traffic Park,park,17.3612915,78.5580216,,,,False,,,,
w255363158,Siddartha Nagar Park,park,17.4412822,78.4353328,,,,False,,,,
w256666880,JNGP Hostel Areana,park,17.3915929,78.5293802,,,,False,,,,
w256686042,Canteen,cafe,17.4406564,78.4891013,,,,False,,,,
w264993835,al-saba restaurant,restaurant,17.437781,78.4399127,,,regional,False,,,,
w265402614,HUDA Park,park,17.3317247,78.5685503,,,,False,,,,
w265419661,wine shop,restaurant,17.4126192,78.4791555,,,,False,,,,
w265419720,chenna reddy memorial,memorial,17.4113434,78.4841849,,,,False,,,,
w265419897,ruchi chinese fast food,restaurant,17.4128859,78.4883064,,,,False,,,,
w265428993,moksh banquets,restaurant,17.4296655,78.4871807,,,,False,,,,
w265631788,abbai tiffin center,restaurant,17.4133762,78.4902579,,,,False,,,,
w274482491,square garden,park,17.4379424,78.4818389,,,,False,,,,
w274798850,Paradise Hotel,restaurant,17.4415446,78.4871992,,,"regional,_biriyani,_mughlai, indian, bakery",False,,,,
w279349048,Sanathnagar Industrial Estate Park,park,17.4569117,78.44348,,,,False,,,,
w281501985,Adarsh Nagar Park,park,17.4047938,78.4701305,,,,False,,,,
w281501992,Hill Fort,castle,17.4033438,78.4736504,,,,False,,,,
w281501996,Gun Park,park,17.4013831,78.4693988,,,,False,,,,
w281534245,GHMC Park,park,17.3749233,78.5011271,,,,False,,,,
w281534246,colony park,park,17.3764058,78.5111745,,,,False,,,,
w281534247,Community Park,park,17.3734631,78.5102696,,,,False,,,,
w281534271,sarojini nagarcolony park,park,17.3786258,78.4989988,,Mo-Sa 06:00-19:00,,False,,,,
w281538132,اعظمپورہ چمن,park,17.3742271,78.493055,,,,False,,,,
w281543181,Bhagath Singh Park,park,17.4546857,78.4470076,,Mo-Su 05:00-21:30,,False,,,,
w281760572,park,park,17.4290847,78.4987425,,,,False,,,,
w281760573,park,park,17.429342,78.4916917,,,,False,,,,
w281763834,shaka ground,park,17.3717773,78.5046881,,,,False,,,,
w281766049,bk guda park,park,17.4465747,78.446307,,,,False,,,,
w281781846,PARK,park,17.4004494,78.5105836,,,,False,,,,
w281781847,Walker Town Park,park,17.4254711,78.5072962,,,,False,,,,
w281781943,park,park,17.4151727,78.4880568,,,,False,,,,
w281798425,friends colony park,park,17.3776621,78.5187488,,,,False,,,,
w281798438,Moosarambagh Park,park,17.3737614,78.5183579,,,,False,,,,
w281798549,GHMC PARK,park,17.3982436,78.5176197,,,,False,,,,
w281798551,GHMC PARK,park,17.4060552,78.4806478,,,,False,,,,
w281798568,park,park,17.3981487,78.5148163,,,,False,,,,
w281798569,park,park,17.3994517,78.5154268,,,,False,,,,
w281798570,park,park,17.3988304,78.5162361,,,,False,,,,
w281798571,park,park,17.3981581,78.5159513,,,,False,,,,
w281798572,park,park,17.397989,78.5168963,,,,False,,,,
w281800423,satavahana nagar park,park,17.3751321,78.5221103,,,,False,,,,
w281802022,Ushodaya Colony Park,park,17.3849957,78.4389622,,,,False,,,,
w281802023,Kantinagar Colony Park,park,17.3914946,78.4405015,,,,False,,,,
w281802166,apau colony park,park,17.3655951,78.5192575,,,,False,,,,
w281802167,revenue board colony park,park,17.3667321,78.5185212,,,,False,,,,
w281802921,GHMC PARK,park,17.3798271,78.4413444,,,,False,,,,
w281803355,ga venture 1 colony park,park,17.3622017,78.5174715,,,,False,,,,
w281803356,GA Venture Colony Park,park,17.3612051,78.5181828,,,,False,,,,
w281804171,GHMC PARK,park,17.3762955,78.4423245,,,,False,,,,
w281988735,Walkers Park,park,17.4538353,78.4243359,,,,False,,,,
w281998361,GHMC ground,park,17.4110519,78.477478,,,,False,,,,
w282025237,MCH PARK,park,17.4132813,78.5111949,,,,False,,,,
w282025238,padmarao nagar park,park,17.4255882,78.5085498,,,,False,,,,
w282201140,GHMC PARK,park,17.3859451,78.4603664,,,,False,,,,
w282201142,GHMC PARK,park,17.3856471,78.4631221,,,,False,,,,
w282201143,GHMC PARK,park,17.3742812,78.4497758,,,,False,,,,
w282201144,GHMC PARK,park,17.3861503,78.4624627,,,,False,,,,
w282201145,GHMC PARK,park,17.3726316,78.4581116,,,,False,,,,
w282201146,GHMC PARK,park,17.3590341,78.4332721,,,,False,,,,
w282201147,GHMC PARK,park,17.3650357,78.4370344,,,,False,,,,
w282201149,GHMC PARK,park,17.3872314,78.4613306,,,,False,,,,
w297207853,Press Colony Park,park,17.4596894,78.4956514,,,,False,,,,
w311079962,Butterfly park,park,17.438764,78.4083942,,,,False,,,,
w318507341,Khairatabad Park,park,17.4100723,78.4640332,,,,False,,,,
w318606407,Lake View Park,park,17.4144638,78.4637197,,,,False,,,,
w330903581,Feroz Gandhi Park,park,17.3851236,78.4814761,,,,False,,,,
w331355534,RAMAKRISHNA NAGAR PARK,park,17.3965352,78.5212471,,,,False,,,,
w331355959,RAGHAVENDRA TIFFINS,restaurant,17.3992179,78.512253,,,regional,False,,,,
w331976991,Snake Park,park,17.3928049,78.4530381,,Mo-Su 06:00-20:30,,False,,,,
w331977010,Owaisi Park,park,17.3921739,78.4545965,,,,False,,,,
w332097762,Kundanbagh Park,park,17.4342332,78.4592675,,,,False,,,,
w334491812,Narendra Park,park,17.3979598,78.5114711,,,,False,,,,
w334491813,Saraswati Nagar Park,park,17.3964112,78.5093569,,,,False,,,,
w340235296,Madhushala,restaurant,17.429919,78.4317213,,,,False,,,,
w340800630,Country Oven,restaurant,17.4303664,78.43817,,Mo-Su 08:00-22:00,burger;pizza;sandwich;coffee_shop;ice_cream,False,,,,
w341366884,RIO,cafe,17.4405092,78.4956401,,,regional,False,,,,
w341388491,"Gandhi Nagar,Community Hall",park,17.3917621,78.5421601,,,,False,,,,
w344499895,Raja Dhanrajgir Palace,castle,17.3799205,78.4655884,,,,False,,,,
w346563647,Bhoodevi Nagar park,park,17.491597,78.5028261,,,,False,,,,
w355775213,Huda Sai Nagar Park,park,17.3323241,78.579544,,sunrise-sunset,,False,,,,
w356179537,Mayabazar,restaurant,17.460993,78.5007655,,,regional;indian,False,,,,
w356179987,Hotel Amaravathi,restaurant,17.4615047,78.5007567,,,,False,,,,
w356180201,Grill 9,restaurant,17.4587797,78.4997437,,,indian;kebab;steak_house;ice_cream;barbecue;regional;chicken;coffee_shop;mughlai,False,,,,
w356233723,Starbucks,cafe,17.4169419,78.416083,,,coffee_shop,False,,,,
w356233926,Beyond Coffee,cafe,17.4296131,78.4127018,,,,False,,,,
w356234447,Le Vantage Cafe Bar,cafe,17.4300646,78.4177907,,,,False,,,,
w356234471,Jamun Hyderabad,restaurant,17.4340135,78.4153013,,,,False,,,,
w356250946,gold and crew restaurant,restaurant,17.4715017,78.475637,,,,False,,,,
w356287939,The Spicy Venue,restaurant,17.4350836,78.4109333,,,,False,,,,
w356438957,rangoli food court,restaurant,17.3984063,78.5358379,,,,False,,,,
w356458936,Telangana Spice Kitchen Bar&Grill,restaurant,17.428695,78.4197433,,,,False,,,,
w356459249,Hashi,restaurant,17.4337187,78.4174728,,,,False,,,,
w356460179,bawarchi hotel,restaurant,17.3690987,78.4295724,,,,False,,,,
w356482415,Rambharosa Tiffins,restaurant,17.3876297,78.4902447,,,indian,False,,,,
w356511728,CAPITAL RESTURANT,restaurant,17.3696963,78.5139869,,04:00-01:00,kebab;chicken;indian;seafood;barbecue;steak_house;ice_cream;chinese;regional;Arabian_Mandi;Biryani,False,,,,
w356516843,Daffodils cafe,cafe,17.4037522,78.5145879,,Mo-Su 10:00-22:00,pastry;pasta;coffee;burger,False,,,,
w356520827,Orleans chamber,restaurant,17.4162121,78.4938791,,,regional,True,,,,
w356555646,Marjan hotel,cafe,17.3954583,78.4550047,,,persian,False,,,,
w357040594,Suruchi,cafe,17.3176799,78.403224,,,,False,,,,
w357042504,saraswathi nagar park,park,17.3560489,78.5206515,,,,False,,,,
w357047208,Captian Cook Resturant,restaurant,17.4417601,78.4621624,,,,False,,,,
w357102666,Mehfil,restaurant,17.3986834,78.4934755,,,indian,False,,,,
w357140975,Paradise,restaurant,17.4121965,78.465512,,,,False,,,,
w357354905,arun icecream,cafe,17.35767,78.5215647,,,,False,,,,
w357586185,Tribal Museum,museum,17.4031557,78.4503771,,,,False,,,,
w357588055,Bawarchi Ac,restaurant,17.4067303,78.4977159,,,,False,,,,
w357589514,Joy cafe,cafe,17.3697168,78.5397977,,,,False,,,,
w357589698,sri balaji mithai shop,restaurant,17.3707873,78.540971,,,sweets,False,,,,
w357589744,sri chandana,restaurant,17.3711098,78.5418397,,,,True,,,,
w357590918,chat bandhar,restaurant,17.3301491,78.5777726,,,indian;regional,False,,,,
w357628456,سہیل ہوٹل,restaurant,17.3726312,78.4991046,,Mo-Su 06:00-24:00,indian;kebab;steak_house;ice_cream;barbecue;regional;chicken;coffee_shop;mughlai,False,,,,
w357692529,Happy Tummy Hotel,restaurant,17.4702572,78.5388759,,Mo-Su 11:00-23:00,indian;chinese,False,,,,
w357969299,santosh dabba,restaurant,17.373713,78.5415062,,,,False,,,,
w358053596,ragavendhra tiffin center,restaurant,17.3711623,78.540642,,,,False,,,,
w358108314,National Fisheries Development Board building,attraction,17.3417119,78.420614,,,,False,,,,
w360462644,Lush Cafe | By the Lake,cafe,17.4364458,78.3919929,,Mo-Su 11:00-23:00,,False,,,,
w360822872,Grill 9,restaurant,17.4403663,78.5078686,,Mo-Su 12:00-23:00,indian,False,,,,
w360984446,Sukha Sagara,restaurant,17.4640967,78.4916952,,,regional,True,,,,
w361380637,Mujtaba Grills,restaurant,17.4572693,78.4956551,,,chinese;indian,False,,,,
w361507579,Alfa Hotel,restaurant,17.4345908,78.5007197,,,indian,False,,,,
w361681579,MCH Park,park,17.4104697,78.422725,,,,False,,,,
w361691482,Chiraan Palace,castle,17.4203229,78.4211337,,,,False,,,,
w361720515,Jubilee Hills Urban Park,park,17.4357481,78.4113129,,,,False,,,,
w361720516,Muncipal Park,park,17.4326082,78.4056027,,,,False,,,,
w362007003,masqati play ground,park,17.3529177,78.4997653,,24/7,,False,,,,
w362010497,GHMC HUDA Park,park,17.4259825,78.4009238,,,,False,,,,
w362586953,Haripuri colony park,park,17.3628249,78.5526035,,,,False,,,,
w362700823,Local Park,park,17.446515,78.5100646,,06:00-22:00,,False,,,,
w362894363,green hills colony park,park,17.359242,78.5471579,,,,False,,,,
w362955635,SBI Officers colony park,park,17.3991125,78.5179667,,,,False,,,,
w378458224,Telangana State Archaeology Museum,museum,17.3992159,78.4702878,,Sa-Th 10:30-17:00,,False,,,,
w384969283,TNR Shakuntala Park,park,17.3488133,78.5430031,,,,False,,,,
w391488597,JawaharNagar Colony Park,park,17.4377494,78.4845562,,,,False,,,,
w396689539,Sachivalaya Nagar Park,park,17.3267885,78.5707785,,,,False,,,,
w411248434,padma rao nagar park,park,17.4295389,78.5125804,,,,False,,,,
w435588871,Falaknuma Palace,attraction,17.3318526,78.4658564,,,,False,,,,
w448142213,monkeys location,park,17.4023013,78.4549321,,,,False,,,,
w466833777,Chai Shai Bar,cafe,17.440315,78.4801992,,,,False,,,,
w468454258,Safilguda Park,park,17.4629165,78.5369586,,,,False,,,,
w469270371,Indiabulls Park,park,17.4166031,78.4845113,,,,False,,,,
w469297442,prashanth nagar colony park,park,17.4628496,78.5628191,,,,False,,,,
w469300213,H.B colony Ground,park,17.4532967,78.5654122,,,,False,,,,
w469305124,public park,park,17.4524478,78.566165,,,,False,,,,
w469636118,Public Garden Park,park,17.3983222,78.4694013,,,,False,,,,
w473916928,Badminton court,park,17.3544428,78.5692041,,,,False,,,,
w487443506,"Priyadarshini Park , Saroor Nagar",park,17.3547607,78.5303748,,,,False,,,,
w500257375,Nagina Bagh,park,17.3849649,78.4020201,,,,False,,,,
w504688274,GHMC PARK,park,17.3586464,78.4464974,,,,False,,,,
w515411914,Hill Top Lake Park,park,17.4443863,78.4158377,,,,False,,,,
w536886955,Sanchalan Bhavan Canteen,restaurant,17.4379942,78.509675,,Mo-Fr 08:00-17:00,,False,,,,
w545603455,Deccan Park,park,17.3951884,78.3983604,,,,False,,,,
w558535323,Jalavihar Water Park,theme_park,17.4320293,78.465313,,,,False,,,,
w585612916,Sarvat Bari Park,park,17.4147618,78.4429435,,,,False,,,,
w603428299,Saleem Nagar Colony Park,park,17.3720433,78.5124732,,,,False,,,,
w622612732,Children's Park,park,17.4552623,78.4294515,,,,False,,,,
w627094416,Hotel Indu Deluxe,restaurant,17.4045257,78.4673299,,,,False,,,,
w627094419,Hotel Kamat,restaurant,17.4042686,78.4673927,,,,False,,,,
w627094420,Hotel Panchsheel Pakwaan,restaurant,17.4039572,78.4674749,,,,False,,,,
w630167062,Children's Park,park,17.4546707,78.4283686,,,,False,,,,
w633184980,Walker's Park,park,17.4545921,78.4292969,,,,False,,,,
w642208375,Tilaks Kitchen,restaurant,17.4401506,78.3991194,,,regional,False,,,,
w644363628,DurgaNagar Colony Park,park,17.4267709,78.4536117,,,,False,,,,
w670634597,Tapovanam Park,park,17.3725514,78.4103404,,,,False,,,,
w680561235,LUCKY RESTURANT,restaurant,17.3654428,78.5575521,,Mo-Su 07:00-24:00,indian;kebab;steak_house;ice_cream;barbecue;regional;chicken;coffee_shop,False,,,,
w692940430,P and T Colony Park,park,17.4119258,78.4924195,,,,False,,,,
w700187738,Hot Plate Family Restaurant,restaurant,17.4141719,78.5854907,,,,False,,,,
w706790544,Karthikeya Nagar Park,park,17.4300743,78.5466443,,,,False,,,,
w706790545,Karthikeya Nagar Community Park,park,17.4307204,78.5478013,,,,False,,,,
w706790546,HMT Lake Park,park,17.4223691,78.5499625,,,,False,,,,
w722756813,children park,park,17.3301621,78.5807541,,,,False,,,,
w722757121,cricket ground,park,17.3551998,78.568275,,24/7,,False,,,,
w733439138,VST,park,17.4258832,78.5442602,,,,False,,,,
w737554364,Garden,park,17.427535,78.4417292,,,,False,,,,
w740766215,Scidmore Park,park,17.3050682,78.5140259,,Mo-Sa 08:00-20:00,,False,,,,
w747860999,A-B,park,17.3118884,78.5195202,,,,False,,,,
w758927127,laya,restaurant,17.3998236,78.5397268,,,,False,,,,
w765157350,Gayatri Nagar Indoor Badminton Court,park,17.4535195,78.4001827,,,,False,,,,
w768426882,Childern's Park,park,17.3036339,78.516447,,24/7,,False,,,,
w768455933,syala drive in,restaurant,17.4344814,78.4125384,,,,False,,,,
w776390925,Savage Chinese and American Bistro,restaurant,17.3310176,78.5704004,,Mo-Su 08:00-22:00,burger;pizza;chicken;american;sandwich,False,,,,
w776650228,King's Arabian mandi,restaurant,17.3546013,78.3794133,,,,False,,,,
w780761850,Bapu Ghat,memorial,17.3725826,78.4136012,,,,False,,,,
w790788316,Taramati Baradari,museum,17.375871,78.3786681,,,,False,,,,
w798336242,Fairfields Colony Chidren Park,park,17.3925277,78.376665,,,,False,,,,
w798336246,Alkapoor Park,park,17.3944999,78.3765805,,,,False,,,,
w825496775,Damodaram Sanjeevaiah Memorial,memorial,17.4320491,78.4779496,,,,False,,,,
w825496776,Do.Science,park,17.4328342,78.4771191,,,,False,,,,
w859285500,"Shilparamam, Uppal",attraction,17.3828976,78.5558563,,Mo-Su 14:00-20:00,,False,,,,
w874580320,Sahara Estates Garden,park,17.348466,78.5712389,,Mo-Su 09:00-21:00,,False,,,,
w876161049,SRT Colony (GHMC) Park,park,17.4089413,78.5056009,,Mo-Su 05:00-19:00,,False,,,,
w885449284,Louis Braille Park,park,17.3719448,78.5088358,,,,False,,,,
w886475965,Public Park,park,17.4055795,78.556216,,,,False,,,,
w889543541,The Pavilion Drive-In,restaurant,17.4274415,78.4025575,,Mo-Su 10:00-22:00,burger;regional;pizza;italian_pizza;italian;coffee_shop;sandwich;american;milkshake,False,,,,
w889994313,Amar Jawan Memorial,memorial,17.4439114,78.4912492,,,,False,,,,
w894118914,Janapriya Enclave Park,park,17.3585029,78.5636375,,,,False,,,,
w894120433,Mini Park,park,17.3636425,78.5608168,,,,False,,,,
w894234294,Rock Town Colony Community Hall,park,17.3582278,78.5603742,,,,False,,,,
w894234295,Chanakyapuri Community Hall,park,17.3636026,78.5648124,,,,False,,,,
w894234296,Lalitha Nagar Park,park,17.3658115,78.5628954,,,,False,,,,
w897375946,Kamalapuri Colony Park,park,17.4293829,78.43016,,,,False,,,,
w898269809,Panchatatva Park,park,17.3478715,78.3821717,,,,False,,,,
w898271650,Abhyudaya Nagar Community Hall,park,17.346925,78.3807521,,,,False,,,,
w902916924,Sripuri colony park,park,17.4584714,78.5021854,,,,False,,,,
w902946709,Gruhalakshmi colony park,park,17.457093,78.502629,,,,False,,,,
w903251726,Mehfil,restaurant,17.362913,78.4284364,,,,False,,,,
w939738216,Siddhartha Park,park,17.4295295,78.4373731,,,,False,,,,
w960681062,One Drive In,restaurant,17.4344323,78.4131522,,,,False,,,,
w960681063,Theory Cafe & Desert Bar,cafe,17.4318042,78.4146938,,,,False,,,,
w963143254,Vikaspuri Park,park,17.449064,78.4313609,,,,False,,,,
w967161512,Tara Maidan,park,17.3618437,78.4654796,,,,False,,,,
w975069736,Tomb of Abdullah Qutub Shah,attraction,17.3970586,78.3988423,,,,False,,,,
w1014631582,communtiy garden,park,17.4731674,78.5486502,,,,False,,,,
w1025484565,Mahavir Harina Vanasthali National Park,park,17.3408107,78.5848838,,,,False,,,,
w1043695034,delhi mitai vatika,restaurant,17.3508263,78.4733655,,,,False,,,,
w1043695035,sudha cinepolis,park,17.3511003,78.4747282,,,,False,,,,
w1043716389,ground,park,17.3980998,78.4419824,,,,False,,,,
w1059327349,Roast CCx,cafe,17.4235417,78.4322668,,24/7,coffee_shop,False,,,,
w1076262691,laya restaurant,restaurant,17.3999617,78.5393467,,,,False,,,,
w1076262698,nehur park,park,17.3996649,78.540059,,,,False,,,,
w1135426190,Telephone colony park,park,17.3684872,78.5472618,,,,False,,,,
w1164100703,Raghavendra Tiffin Centre,restaurant,17.4012114,78.5612555,,,,False,,,,
w1257374561,IDPL exhibition grounds,park,17.4874453,78.4493481,,,,False,,,,
w1257447302,doctors colony park,park,17.3584151,78.5430561,,,,False,,,,
w1279292305,Cara Cara Hyderabad,restaurant,17.4369676,78.3983593,,,world;indian;asian;italian,False,,,,
w1294667922,Huda Colony C-Type Park,park,17.3615505,78.5381546,,,,False,,,,
w1349738795,Aazebo - The Royal Arabian Restaurant,restaurant,17.3962175,78.4240651,,,,False,,,,
w1385721771,Sher-e-Punjab Dhaba,restaurant,17.438584,78.452194,,,indian,True,,,,
w1419428249,Oxygen Park,park,17.3541148,78.5560836,,,,False,,,,
w1419428250,Oxygen Park,park,17.3525013,78.5555151,,,,False,,,,
w1419448660,Green Space,park,17.4364144,78.4731533,,,,False,,,,
w1426461988,Cosmos Cafe,cafe,17.3635046,78.544206,,,,False,,,,
w1447352861,Colony Park and Play Area,park,17.4109968,78.4570737,,,,False,,,,
w1452411991,Janapriya Enclave Park,park,17.3588685,78.5636379,,,,False,,,,
w1452411994,SWAAD,restaurant,17.3600962,78.5609241,,,,False,,,,
w1454227936,Savithribayi Phule Park,park,17.380822,78.5722861,,,,False,,,,
w1455162438,Sri Mahalakshi Vambay Colony Children's Park,park,17.3582567,78.5658854,,,,False,,,,
w1465001193,mini park,park,17.3983827,78.4987547,,,,False,,,,
w1465001194,Multi Cuisine Restaurant baghlingampally,restaurant,17.3975337,78.497911,,,,False,,,,
w1465001200,coffee centre,cafe,17.4031028,78.4964113,,,,False,,,,
w1465001208,VST Park,park,17.4075415,78.5070522,,,,False,,,,
w1489792397,Kahani Cafe,cafe,17.3567595,78.5588856,,Mo-Su 11:00-23:00,indian;chicken;italian,False,,,,
w1492049281,Play ground,park,17.4539883,78.4941012,,,,False,,,,
w1492056631,Pooja store,monument,17.3746043,78.4652064,,,,False,,,,
w1492076035,Pooja store,monument,17.3735957,78.4687947,,,,False,,,,
r2833155,Hussain Sagar,attraction,17.4229769,78.4745517,,,,False,,,,
r9128913,Golconda Fort,attraction,17.3834039,78.4009952,,09:00-17:30,,False,,,,
r9535403,kings colony park,park,17.3339322,78.4470636,,,,False,,,,
r12219840,Dhatri Park,park,17.3446102,78.3828332,,,,False,,,,
n324863709,Boys Hostel,hostel,17.4216104,78.5266507,,,,False,,,,
n453580274,Taj Banjara,hotel,17.4096457,78.4488565,,,,False,,,,
n636456841,Taj Mahal,hotel,17.3994045,78.4925404,,,,False,,,,
n779102371,Bvreddy,guest_house,17.472471,78.52087,,,,False,,,,
n813571069,Fortune Select Manohar,hotel,17.4444673,78.4711656,3.0,,,False,,,,
n1885687332,Hotel Kens,hotel,17.4286758,78.4387661,,,,False,,,,
n2052650400,Hotel Katriya Fortune,hotel,17.4247273,78.4595863,,,,False,,,,
n2412757404,Narayana Junior College Hostel,hostel,17.3718183,78.5406932,,,,False,,,,
n2431753781,Swagath Grand Hotel,hotel,17.3386334,78.5667455,,,,False,,,,
n2607599492,R&B Engineers Guest House,guest_house,17.420408,78.4544825,,,,False,,,,
n3200948742,Kinara Grand,hotel,17.4189945,78.5409396,,,,False,,,,
n3393691555,Rajdoot hostel,hostel,17.4390426,78.4386086,,,,False,,,,
n4107052791,baneni Plaza,hostel,17.4491877,78.4500756,,24/7,,False,,,,
n4130478896,crpf gc hyd,guest_house,17.3140928,78.4745688,,,,False,,,,
n4187300593,Hotel Udipi,hotel,17.3915447,78.4687256,,,,False,,,,
n4187308294,Asian Rest Home,hotel,17.391091,78.4678009,,,,False,,,,
n4285502929,Hotel Tanisha Jubilee,hotel,17.4299116,78.4180789,,,,False,,,,
n4293296041,Sri Sai Girls Hostel,hostel,17.3368176,78.5693166,,Mo-Su 05:30-22:30,,False,,,,
n4376774290,New Friends Hostel,hostel,17.3971437,78.4806563,,24/7,,False,,,,
n4377117291,Happy Home girls hostel,hostel,17.4334677,78.4476376,,,,False,,,,
n4377126589,Sri nivas apartment,guest_house,17.4309686,78.4502011,,,,False,,,,
n4413152891,stay inn boys hostel,hostel,17.4044527,78.4884838,,,,False,,,,
n4415288811,gouda hostel,hostel,17.4024891,78.4869182,,,,False,,,,
n4428458089,Shabarinath Hostel,hostel,17.4312172,78.4487589,,,,False,,,,
n4432417989,Sherton hotel.,hotel,17.3912153,78.5113885,,24/7,,False,,,,
n4433624589,Hasnoon Guest House,guest_house,17.4083116,78.4151321,,,,False,,,,
n4487962083,Maven Suites,hotel,17.4335769,78.4121133,,,,False,,,,
n4535517937,Geetasudha Guest House,guest_house,17.4174401,78.4306151,,,,False,,,,
n4589307298,Adhithi Boys Hostel,hostel,17.3998924,78.4697347,,,,False,,,,
n4744211331,Home,guest_house,17.3780931,78.4270365,,,,False,,,,
n4746790021,Hotel Royal Plaza,hotel,17.3902956,78.4644485,3.0,,,False,,,,
n5022211026,الحوش,hotel,17.4043579,78.4558895,,,,False,,,,
n5037863022,Sri Bhavani Delux Hostel,hostel,17.4314918,78.4601713,,,,False,,,,
n5323186697,Sri brindavan hotel,hotel,17.3887013,78.4758551,,,,False,,,,
n5409608321,Elysium Inn Hostel,hostel,17.4109165,78.4558275,,,,False,,,,
n5448715392,Hotel Serenity Elite,hotel,17.4352453,78.4072971,,,,False,,,,
n5892276124,Kodali Suites,hotel,17.4624195,78.4927234,,,,False,,,,
n6109303087,Santoshamma Jonna Roti,hotel,17.3726487,78.5107021,,Mo-Su 19:00-22:30,,False,,,,
n6208269785,Hotel Nakshrata Inn,hotel,17.3679549,78.5399627,,,,False,,,,
n6251490886,Gandhi Bhavan Hotel,hotel,17.3791827,78.4747354,,,,False,,,,
n6252005485,Jewel Residency Lodge,hotel,17.3802824,78.4752348,,,,False,,,,
n6370643447,sri vijaya laxmi,hostel,17.4405714,78.4414623,,,,False,,,,
n6375038697,Amrutha Ladies Hostel,hostel,17.3705835,78.5276414,,,,False,,,,
n6690779944,VeeraShaiva VidyaVardhak Hostel,hostel,17.3949805,78.4934395,,,,False,,,,
n6850830259,Jethani And Sons,hotel,17.4251608,78.5181431,,,,False,,,,
n6951034198,TSRTC Officers Guest House,guest_house,17.4003323,78.4831415,,,,False,,,,
n6951040266,TSRTC Guest House,guest_house,17.4003201,78.4831368,,,,False,,,,
n6982434587,trend Hotels treebo Fort Club,hotel,17.3704572,78.4243723,,,,False,,,,
n7005553085,OYO The City Park,hotel,17.3917113,78.47438,,,,False,,,,
n7006188187,Patnam Narender Reddy MLA,guest_house,17.4126952,78.4172014,,,,False,,,,
n7008096299,srilakshmi carry point,hotel,17.4079586,78.3931031,,,,False,,,,
n7021303758,Cosy Homes,guest_house,17.4365951,78.3951759,,,,False,,,,
n7025820789,Shri Sai Varshith Working Men's Hostel & PG,hostel,17.4436959,78.3927028,,,,False,,,,
n7025820840,OYO 1117 near Jubilee Hills,hotel,17.43401,78.3928138,,,,False,,,,
n7025820848,MEIL HOUSE 44,guest_house,17.4331709,78.4018836,,,,False,,,,
n7025820870,Sri Laxmi Balaji Womens Hostel,hostel,17.4396893,78.3940188,,,,False,,,,
n7025820874,Morning Dew,guest_house,17.4404283,78.3934664,,,,False,,,,
n7097251734,ITC Kohenur,hotel,17.432179,78.3849981,,,,False,,,,
n7099403698,Lake View Guest House,guest_house,17.4168732,78.4591225,,,,False,,,,
n7113673185,House,guest_house,17.4386325,78.4473815,,,,False,,,,
n7227672305,Hotel Siddhartha,hotel,17.3858176,78.4786033,,,,False,,,,
n7243950729,Boys/girls hostel,hostel,17.3965332,78.502787,,,,False,,,,
n7244033596,sri sairam girls and working womens hostel,hostel,17.3667576,78.5220698,,,,False,,,,
n7244033617,sri venkateshwara boys hostel,hostel,17.3668948,78.5219477,,,,False,,,,
n7244075560,sai kamala hostel,hostel,17.366627,78.522039,,,,False,,,,
n7244113145,sri sai hostel,hostel,17.3666584,78.5221727,,,,False,,,,
n7244207468,OYO Hotel,hotel,17.3361067,78.5757443,,,,False,,,,
n7244246333,womens hostel,hostel,17.3701831,78.5237842,,,,False,,,,
n7244265295,padmavathi ladies hostel,hostel,17.3675902,78.5226349,,,,False,,,,
n7244265317,gudiya hostel,hostel,17.3664569,78.5226276,,,,False,,,,
n7244480655,Time to time my cafe,hotel,17.394889,78.4353477,,,,False,,,,
n7244480665,Pedhamma thalli hostel,hostel,17.3945422,78.4360784,,,,False,,,,
n7244480668,Anusha reddy boys hostel,hostel,17.3941887,78.4359917,,,,False,,,,
n7244480669,Friends boys hostel,hostel,17.3939739,78.4361259,,,,False,,,,
n7244480671,Anusha reddy boys hostel,hostel,17.3941206,78.4361608,,,,False,,,,
n7244480677,KL reddy boys hostel,hostel,17.3942905,78.4359597,,,,False,,,,
n7244487803,Swathi tiffins,hotel,17.3943045,78.4404687,,,,False,,,,
n7244487816,Apoorva mess,hotel,17.3946565,78.437719,,,,False,,,,
n7244487840,Yuva boys hostel,hostel,17.3945897,78.4357664,,,,False,,,,
n7244487841,uma reddy girls hostel,hostel,17.3946717,78.4361946,,,,False,,,,
n7246579315,Gayathri Hotel,hotel,17.4013223,78.5624786,,,,False,,,,
n7246803475,Kalpana women's hostel,hostel,17.3947062,78.4350991,,,,False,,,,
n7248877408,Dibbarotti,hotel,17.4093603,78.3946139,,,,False,,,,
n7261470702,Adithya Ladies Hostel,hostel,17.4339886,78.448083,,Mo-Su 09:00-09:00,,False,,,,
n7345789958,TISS Girls Hostel,hostel,17.3179827,78.4039581,,,,False,,,,
n7527833518,Laxmi Boys Delux Hostel,hostel,17.3486879,78.5096825,,,,False,,,,
n7959309537,Maneru Hostel,hostel,17.4123385,78.5417729,,,,False,,,,
n7959309538,NEW GODAVARI HOSTEL,hostel,17.4133388,78.5341278,,,,False,,,,
n8110909003,Masthana hotel,hotel,17.4567421,78.4900777,,,,False,,,,
n8111113861,Sherton hotel,hotel,17.3914841,78.5127906,,,,False,,,,
n8113828148,Tiffens center,hotel,17.4494832,78.4466095,,,,False,,,,
n8113828149,Tiffen center,hotel,17.449447,78.4463215,,,,False,,,,
n8233121623,Madhusudhan Reddy Hotel,hotel,17.4053075,78.5579815,,,,False,,,,
n8386269322,Jayashree women's hostel,hostel,17.4369939,78.4624476,,,,False,,,,
n8387042812,Club View,hotel,17.4540351,78.4988165,,,,False,,,,
n8387157880,St.pious womens hostel,hostel,17.4234877,78.5449997,,,,False,,,,
n8909248551,TS GENCO Guest House,guest_house,17.4450166,78.4264503,,,,False,,,,
n9681894385,NGRI Guest house,guest_house,17.4131651,78.5507263,,,,False,,,,
n9684720231,Pista House,hotel,17.4059506,78.5558757,,,,False,,,,
n9743315360,Central Government Touring Officers Guest House,guest_house,17.4266783,78.5022686,,,,False,,,,
n9743315361,Central Government Touring Officers Guest House,guest_house,17.3861096,78.4883077,,,,False,,,,
n9885108782,Tasty Tiffens,hotel,17.3500982,78.4732277,,,,False,,,,
n9924687292,Armour bhavan,guest_house,17.4730656,78.4758318,,,,False,,,,
n10277113909,Kanaka Durga Hostel,hostel,17.4444891,78.4417672,,,,False,,,,
n10277918651,Swagath Grand,hotel,17.3281955,78.5265456,,,,False,,,,
n10279582824,Hotel Madhura Tiffins,hotel,17.424558,78.4548908,,,,False,,,,
n10279582852,Meridian Restuarant,hotel,17.4274254,78.4522893,,,,False,,,,
n10279728118,Hotel Harsha Mess,hotel,17.4384028,78.4428706,,,,False,,,,
n10279728125,Sri Raghavendra TIffins,hotel,17.4370667,78.444047,,,,False,,,,
n10279859272,Raghavendra Hotel,hotel,17.3309848,78.5701323,,,,False,,,,
n10764943854,Imran hotel,hotel,17.3780001,78.4501876,,,,False,,,,
n10818098917,SVM Grand hotel,hotel,17.4017806,78.5453266,,,,False,,,,
n10836262028,Governament Boys Hostel,hostel,17.3794847,78.4379697,,,,False,,,,
n10959100978,Vara lakshmi,hotel,17.4412177,78.5720904,,,,False,,,,
n10960705291,kankarao,hotel,17.4437407,78.5721636,,,,False,,,,
n11365562378,Shaghouse Cafe,hotel,17.3480136,78.4708349,,,,False,,,,
n11690787306,OYO,hotel,17.3585767,78.5457706,,,,False,,,,
n11873384069,SSM Boys Hostel for Medicos,hostel,17.4204816,78.5091849,,24/7,,False,,,,
n12854604703,Akshayreddy girls hostel,hostel,17.3967551,78.4955037,,,,False,,,,
n13286563801,Devashrey hostel - Elite,hostel,17.449156,78.4472842,,24/7,,False,,,,
n13533573297,ajay hostel,hostel,17.3733623,78.5203909,,,,False,,,,
n13673385132,Boys hostel,hostel,17.371096,78.4697971,,,,False,,,,
n13673869065,Rajdhani hotel,hotel,17.3777137,78.4749284,,,,False,,,,
n13685227443,sri lekha boys hostel,hostel,17.3651012,78.5445108,,,,False,,,,
n13685735604,renuka girls hostel,hostel,17.3642568,78.5444082,,,,False,,,,
w75382183,Hotel Paigah,hotel,17.4440224,78.4831728,,,,False,,,,
w117565909,Taj Krishna,hotel,17.4161741,78.4502069,5.0,,,False,,,,
w246096079,Nilgiri,hostel,17.3113222,78.4045712,,,,False,,,,
w251904218,Mahalaqa Bai Chanda Hostel,hostel,17.4239412,78.5246891,,,,False,,,,
w256666879,JNGP Hostel,hostel,17.3914708,78.5294136,,,,False,,,,
w265629815,ram reddy boys hostel,hostel,17.4113872,78.4885335,,,,False,,,,
w281501993,Nizam College Hostel,hostel,17.4006959,78.4741844,,,,False,,,,
w307089927,Katriya Hotel & Towers,hotel,17.4247428,78.4594775,,,,False,,,,
w349321651,Tungabadra Hostel,hostel,17.4437002,78.4085717,,,,False,,,,
w356275640,Hotel Halycon Jubilee,hotel,17.4354808,78.4074423,,,,False,,,,
w356279397,Athidhi Guest House,guest_house,17.4624077,78.4900243,,,,False,,,,
w356460267,Hostel Block 3,hostel,17.4329198,78.4583851,,,,False,,,,
w356460496,Hostel Block 4,hostel,17.4331518,78.4585005,,,,False,,,,
w356465485,sri vijaya laxmi,hostel,17.4405606,78.4414635,,,,False,,,,
w356483881,MDI home,hostel,17.3846823,78.4648327,,,,False,,,,
w356551441,Sri Vijay Hostel,hostel,17.3677243,78.5272829,,,,False,,,,
w357051599,boys hostel,hostel,17.3614872,78.5432711,,,,False,,,,
w357327149,Hostel Block 2,hostel,17.4330128,78.4578723,,,,False,,,,
w361366433,OYO Imax Inn,hotel,17.3826206,78.4733301,3.0,,,False,,,,
w632251672,Sri Siddi Vinayaka Mens PG and Guest House,guest_house,17.4413711,78.3980791,4.0,,,False,,,,
w681513773,Taj Falaknuma Palace,hotel,17.3309911,78.4671462,,,,False,,,,
w722869047,Bismillah hotel,hotel,17.3816329,78.5022673,,,,False,,,,
w776426336,Mens Hostel,hostel,17.3706561,78.5244014,,,,False,,,,
w776650227,ellite,hotel,17.3546539,78.379483,,,,False,,,,
w776683622,H-Square,hotel,17.3923515,78.5585071,,,,False,,,,
w1082288730,chai adda,hotel,17.4662333,78.4731755,,,,False,,,,
w1123874136,Sree Venkateswara Hostel,hostel,17.3675521,78.5279336,,,,False,,,,
w1124093768,Indiana Cafe,hotel,17.3593306,78.4430654,,,,False,,,,
w1225572896,Shaghouse Cafe,hotel,17.3480015,78.4708432,,,,False,,,,
w1427506911,SBN Elite Hostel,hostel,17.417742,78.3818493,,,,False,,,,
w1427506912,Nandu Men's PG,hostel,17.4180093,78.3815941,,,,False,,,,
r3325094,Guest House I,hostel,17.3121414,78.4043286,,,,False,,,,
r3325096,Guest House II,hostel,17.3129583,78.4045748,,,,False,,,,
r5320892,Bhavan's Hostel,hostel,17.4194026,78.4102611,,,,False,,,,
lp33ed5,Taj Krishna,hotel,17.416351,78.449324,5.0,,,False,9.4,1719.0,https://static.cupid.travel/hotels/571060617.jpg,liteapi
lp623f7,Trident Hyderabad,hotel,17.449879,78.37904,5.0,,,False,9.8,1958.0,https://static.cupid.travel/hotels/22148091.jpg,liteapi
lpdfa63,"ITC Kohenur, a Luxury Collection Hotel, Hyderabad",hotel,17.432719,78.385536,5.0,,,False,10.0,930.0,https://static.cupid.travel/hotels/467656825.jpg,liteapi
lp60f90,"Vivanta Hyderabad, Begumpet",hotel,17.443515,78.460608,5.0,,,False,9.0,2191.0,https://static.cupid.travel/hotels/43310573.jpg,liteapi
lp3d052,Hyderabad Marriott Hotel & Convention Centre,hotel,17.424116,78.487642,5.0,,,False,8.8,1272.0,https://static.cupid.travel/hotels/528657714.jpg,liteapi
lp62ccf,"Park Hyatt Hotel and Residences, Hyderabad",hotel,17.424387,78.429712,5.0,,,False,9.2,849.0,https://static.cupid.travel/hotels/535067779.jpg,liteapi
lp52124,Taj Falaknuma Palace,hotel,17.332112,78.467515,5.0,,,False,9.7,734.0,https://static.cupid.travel/hotels/17181467.jpg,liteapi
lp65ad4,Radisson Blu Plaza Hotel Hyderabad Banjara Hills,hotel,17.422278,78.441618,5.0,,,False,9.0,2592.0,https://static.cupid.travel/hotels/329245828.jpg,liteapi
lp581f5,Lemon Tree Premier Hitec City Hyderabad,hotel,17.443267,78.376674,5.0,,,False,9.4,845.0,https://static.cupid.travel/hotels/35290996.jpg,liteapi
lp513a9,The Westin Hyderabad Mindspace,hotel,17.442057,78.3816,5.0,,,False,,315.0,https://static.cupid.travel/hotels/ex_7b84f694_z.jpg,liteapi
lpbf738,Hyatt Place Hyderabad Banjara Hills,hotel,17.419272,78.447523,5.0,,,False,9.4,1725.0,https://static.cupid.travel/hotels/535072053.jpg,liteapi
lp667ce,Avasa Hotel,hotel,17.449823,78.382148,5.0,,,False,8.5,672.0,https://static.cupid.travel/hotels/11500216.jpg,liteapi
lp50131,Courtyard by Marriott Hyderabad,hotel,17.425245,78.487366,4.0,,,False,,134.0,https://static.cupid.travel/hotels/ex_d8d2b3b7_z.jpg,liteapi
lp24ed1,"ITC Kakatiya, a Luxury Collection Hotel, Hyderabad",hotel,17.432467,78.457237,5.0,,,False,9.4,618.0,https://static.cupid.travel/hotels/466158638.jpg,liteapi
lp86a92,Mercure Hyderabad KCP Hotel,hotel,17.417667,78.45669,4.0,,,False,9.6,188.0,https://static.cupid.travel/hotels/ex_9ac3871f_z.jpg,liteapi
lp9016b,ibis Hyderabad Hitech City Hotel,hotel,17.448906,78.37917,3.0,,,False,,139.0,https://static.cupid.travel/hotels/ex_1d8fa92d_z.jpg,liteapi
lp530e2,The Park Hyderabad,hotel,17.424182,78.461865,5.0,,,False,,158.0,https://static.cupid.travel/hotels/ex_64f45b68_z.jpg,liteapi
lp8ad73,ZIBE Luxe Hyderabad by GRT Hotels,hotel,17.492723,78.402596,3.0,,,False,9.2,418.0,https://static.cupid.travel/hotels/168347840.jpg,liteapi
lpadd82,Holiday Inn Express Hyderabad Banjara Hills by IHG,hotel,17.417201,78.453985,3.0,,,False,5.8,1506.0,https://static.cupid.travel/hotels/234759303.jpg,liteapi
lp4abd5,The Manohar Hyderabad,hotel,17.449719,78.467916,4.0,,,False,8.2,563.0,https://static.cupid.travel/hotels/234036861.jpg,liteapi
lp65c67,Daspalla Hyderabad,hotel,17.43708,78.39837,4.0,,,False,8.1,393.0,https://static.cupid.travel/hotels/148560554.jpg,liteapi
lp2d13f,The Golkonda Hotel,hotel,17.404443,78.453895,4.0,,,False,7.3,1161.0,https://static.cupid.travel/hotels/15010175.jpg,liteapi
lp657e01cd,The Leela Hyderabad Banjara Hills,hotel,17.427041,78.439045,5.0,,,False,9.1,486.0,https://static.cupid.travel/hotels/616794599.jpg,liteapi
lp667cf,Marigold by Greenpark,hotel,17.436972,78.454275,4.0,,,False,,81.0,https://static.cupid.travel/hotels/ex_c103cff1_z.jpg,liteapi
lp59ffa,"Red Fox by Lemon Tree Hotels, Hyderabad",hotel,17.443123,78.3771,3.0,,,False,9.0,199.0,https://static.cupid.travel/hotels/ex_82405976_z.jpg,liteapi
lp1e45ad,"Citadel Hotel By Vinnca Shamshabad Airport, Hyderabad",hotel,17.291904,78.419291,4.0,,,False,,70.0,https://static.cupid.travel/hotels/286759947.jpg,liteapi
lp560fe,Royalton Hyderabad Abids,hotel,17.393176,78.473577,4.0,,,False,6.8,314.0,https://static.cupid.travel/hotels/134854646.jpg,liteapi
lpcdd36,"Lemon Tree Hotel, Banjara Hills, Hyderabad",hotel,17.412013,78.450043,4.0,,,False,9.6,622.0,https://static.cupid.travel/hotels/133799567.jpg,liteapi
lp9e5ca,Taj Mahal Hotel Abids,hotel,17.391937,78.476821,2.0,,,False,7.0,354.0,https://static.cupid.travel/hotels/34895797.jpg,liteapi
lp4ef8b,Minerva Grand Secunderabad,hotel,17.440882,78.493023,4.0,,,False,7.4,175.0,https://static.cupid.travel/hotels/138734893.jpg,liteapi
lpae619,Hotel Saptagiri,hotel,17.4382,78.49983,3.0,,,False,5.6,3.0,https://static.cupid.travel/hotels/ex_3919d5d6_z.jpg,liteapi
lp32bf9,Aditya Park Hyderabad,hotel,17.436694,78.446406,3.0,,,False,7.4,52.0,https://static.cupid.travel/hotels/ex_ee9531c8_z.jpg,liteapi
lp656c374e,Hotel Silver Clé Hitech City,hotel,17.440201,78.387161,2.0,,,False,8.6,32.0,https://static.cupid.travel/hotels/ex_w907h612x0y0-d6f1f167_z.jpg,liteapi
lp98e87,"Hotel Deccan Serai, HITEC CITY, HYDERABAD",hotel,17.442891,78.3825,3.0,,,False,7.5,342.0,https://static.cupid.travel/hotels/127779070.jpg,liteapi
lp7dbcd,Peerless Hotel Hyderabad,hotel,17.430334,78.374913,3.0,,,False,8.5,135.0,https://static.cupid.travel/hotels/536993860.jpg,liteapi
lp656c2d3c,Hotel Akoya,hotel,17.445933,78.381714,3.0,,,False,8.2,8.0,https://static.cupid.travel/hotels/ex_e8239387_z.jpg,liteapi
lp405e7,Greenpark Hyderabad,hotel,17.436471,78.453959,4.0,,,False,8.4,734.0,https://static.cupid.travel/hotels/492884082.jpg,liteapi
lp655838ee,Treebo Arastu Grand,hotel,17.390717,78.476054,3.0,,,False,8.4,292.0,https://static.cupid.travel/hotels/375655015.jpg,liteapi
lp6576447a,"Mercure Hyderabad KCP Banjara Hills, An Accor Hotel",hotel,17.417643,78.456862,4.0,,,False,8.5,1435.0,https://static.cupid.travel/hotels/252173896.jpg,liteapi
lp658308f5,Marigold Hotel,hotel,17.437567,78.456983,5.0,,,False,8.8,552.0,https://static.cupid.travel/hotels/575957971.jpg,liteapi
lp5a542,Jubilee Ridge,hotel,17.440186,78.398514,3.0,,,False,8.4,17.0,https://static.cupid.travel/hotels/ex_fa4bf931_z.jpg,liteapi
lp6557c540,M Square Hotel,hotel,17.455833,78.3744,3.0,,,False,7.0,421.0,https://static.cupid.travel/hotels/454619638.jpg,liteapi
lp103142,"Treebo Address Inn, Banjara Hills",hotel,17.408918,78.448034,3.0,,,False,6.7,627.0,https://static.cupid.travel/hotels/460774323.jpg,liteapi
lp657e9dd2,Taj Deccan,hotel,17.4178,78.450499,5.0,,,False,8.5,728.0,https://static.cupid.travel/hotels/72301633.jpg,liteapi
lp65821db8,Super Townhouse Lakdikapul,hotel,17.402708,78.463343,4.0,,,False,7.7,429.0,https://static.cupid.travel/hotels/600933722.jpg,liteapi
lp656bd146,Hotel Kyzen HiTech City- Your Zenly Stay,hotel,17.452096,78.382254,3.0,,,False,9.6,5.0,https://static.cupid.travel/hotels/ex_fe156df1_z.jpg,liteapi
lp6578c268,Super Townhouse RCC Hotel Banjara Hills,hotel,17.413034,78.44937,3.0,,,False,8.7,386.0,https://static.cupid.travel/hotels/508024892.jpg,liteapi
lp6581f72d,Bonjour Travellers Hostel,hostel,17.414341,78.545792,,,,False,9.4,93.0,https://static.cupid.travel/hotels/545529145.jpg,liteapi
lp657b2e52,Hotel Silver Cle Hitech City Madhapur,hotel,17.440054,78.387158,3.0,,,False,8.2,666.0,https://static.cupid.travel/hotels/508811753.jpg,liteapi
lp656bc9a9,FabHotel Rooms 27 - Nr Hitech City,hotel,17.44974,78.387622,3.0,,,False,8.2,613.0,https://static.cupid.travel/hotels/503277439.jpg,liteapi
lp102acb,Hitech Shilparamam Guest House,hotel,17.454106,78.376163,4.0,,,False,8.7,278.0,https://static.cupid.travel/hotels/476880183.jpg,liteapi
lp65734405,Rani's Nest,hotel,17.409633,78.492399,3.0,,,False,9.5,63.0,https://static.cupid.travel/hotels/576606551.jpg,liteapi
lpa641b,Itsy Hotels Arastu Inn,hotel,17.39799,78.462856,3.0,,,False,7.8,326.0,https://static.cupid.travel/hotels/90290344.jpg,liteapi
lp65770f92,Super Townhouse Qualia Prime,hotel,17.487366,78.38299,4.0,,,False,8.9,138.0,https://static.cupid.travel/hotels/533408458.jpg,liteapi
lp6584770a,Swanotel Gachibowli,hotel,17.421978,78.382537,3.0,,,False,8.7,150.0,https://static.cupid.travel/hotels/538042483.jpg,liteapi
lp65768f24,Atlas Homes 1BHK HomeStays,hotel,17.474579,78.38717,,,,False,10.0,27.0,https://static.cupid.travel/hotels/592186236.jpg,liteapi
lp657f2216,Nivara Stays Kukatpally - A boutique Hotel Brand,hotel,17.484891,78.387125,,,,False,9.3,56.0,https://static.cupid.travel/hotels/575567828.jpg,liteapi
lp657285f7,ibis Hyderabad Hitec City - An Accor Brand,hotel,17.447635,78.378711,4.0,,,False,7.4,1068.0,https://static.cupid.travel/hotels/292981159.jpg,liteapi
lp658404a8,MyHaus Malakpet - 2 & 3 Bedroom Apartments,hotel,17.368956,78.506922,4.0,,,False,9.3,56.0,https://static.cupid.travel/hotels/555547409.jpg,liteapi
lp6562de17,"BedChambers Serviced Apartment, Jubilee Hills",hotel,17.420932,78.410378,4.0,,,False,9.1,297.0,https://static.cupid.travel/hotels/425100046.jpg,liteapi
lp657c7104,Super Collection O Vanasthalipuram,hotel,17.338538,78.564661,4.0,,,False,8.9,77.0,https://static.cupid.travel/hotels/600932911.jpg,liteapi
lp657b7116,Prince Castle-2BHk Luxurious Apartment/Guesthouse,hotel,17.353022,78.456022,5.0,,,False,9.0,63.0,https://static.cupid.travel/hotels/542895574.jpg,liteapi
lp657a6ce8,Prince Castle Service Apartments -4BHK,hotel,17.353022,78.456022,4.0,,,False,9.2,42.0,https://static.cupid.travel/hotels/508678163.jpg,liteapi
lp655ac6b5,Super Townhouse RCC Elite,hotel,17.43179,78.45727,4.0,,,False,8.5,657.0,https://static.cupid.travel/hotels/446950670.jpg,liteapi
lp657638db,Townhouse QUALIA ELITE S R NAGAR,hotel,17.448318,78.449405,4.0,,,False,8.8,77.0,https://static.cupid.travel/hotels/592310161.jpg,liteapi
lp655ba391,The Balcony Hotel,hotel,17.455088,78.3892,,,,False,9.0,211.0,https://static.cupid.travel/hotels/424021076.jpg,liteapi
lp657563eb,"FabHotel Sri Karthikeya Grand - Nr Nexus Mall, Kukatpally",hotel,17.484533,78.38054,3.0,,,False,8.3,156.0,https://static.cupid.travel/hotels/506522983.jpg,liteapi
lp657ab5f6,Hotel La Premier,hotel,17.440978,78.383429,3.0,,,False,8.2,198.0,https://static.cupid.travel/hotels/564140269.jpg,liteapi
lp655d542f,Slackpackr Begumpet Hyderabad,hotel,17.443883,78.467684,,,,False,8.4,679.0,https://static.cupid.travel/hotels/616500799.jpg,liteapi
lp656f71cf,Boutique Bungalow 458,hotel,17.491326,78.594389,,,,False,9.7,12.0,https://static.cupid.travel/hotels/530382274.jpg,liteapi
lp6573a0d3,Two BHK and Four BHK Fully Furnished Flats for 1 to 13 guests - Near Charminar and Salar Jung Museum,hotel,17.371608,78.485211,,,,False,9.9,9.0,https://static.cupid.travel/hotels/593903192.jpg,liteapi
lp6578ed4f,Super Hotel O Moula Ali Neredmet,hotel,17.45767,78.54485,2.0,,,False,9.0,42.0,https://static.cupid.travel/hotels/609516902.jpg,liteapi
lp657db445,Super Collection O Madhapur Hyderabad,hotel,17.4448,78.39986,,,,False,8.7,60.0,https://static.cupid.travel/hotels/621177695.jpg,liteapi
lp77164,Best Western Ashoka,hotel,17.403956,78.465211,3.0,,,False,7.4,570.0,https://static.cupid.travel/hotels/276495783.jpg,liteapi
lp655ff2a9,"Home to explore Food, History & Shopping",hotel,17.363404,78.464017,4.0,,,False,9.3,115.0,https://static.cupid.travel/hotels/379815786.jpg,liteapi
lp6574a079,Super Townhouse Oak LB Nagar Ramoji,hotel,17.344652,78.52811,4.0,,,False,8.0,191.0,https://static.cupid.travel/hotels/595958838.jpg,liteapi
lp657be854,"Hotel Kyzen Smart Stays Hitec city - Madhapur, Hyderabad",hotel,17.448418,78.389701,,,,False,8.9,47.0,https://static.cupid.travel/hotels/616874000.jpg,liteapi
lp656f5175,SRT HOMELY STAY WITH All AMENITIES,hotel,17.347098,78.406433,4.0,,,False,9.3,25.0,https://static.cupid.travel/hotels/617363142.jpg,liteapi
lp657c5413,Sakez Homestays K,hotel,17.358441,78.482034,3.0,,,False,9.6,13.0,https://static.cupid.travel/hotels/569120641.jpg,liteapi
lp4e8e8,Super Collection O Begumpet Formerly Alpine Glow Sunrise,hotel,17.446825,78.460851,3.0,,,False,8.5,118.0,https://static.cupid.travel/hotels/475468180.jpg,liteapi
lp6580062a,Taj Tristar,hotel,17.441202,78.493457,3.0,,,False,7.7,296.0,https://static.cupid.travel/hotels/27723970.jpg,liteapi
lp6583eb8f,ELLAA RESIDENCES,hotel,17.432589,78.407069,5.0,,,False,8.2,118.0,https://static.cupid.travel/hotels/422235960.jpg,liteapi
lp65659191,Neemtree Apartments,hotel,17.420917,78.457574,3.0,,,False,9.0,177.0,https://static.cupid.travel/hotels/473729728.jpg,liteapi
lp657c25e5,Stone rock castle,hotel,17.430831,78.409884,,,,False,8.7,57.0,https://static.cupid.travel/hotels/574609284.jpg,liteapi
lp6557de6d,Hotel Asrani International Secunderabad,hotel,17.440198,78.487932,3.0,,,False,8.8,1388.0,https://static.cupid.travel/hotels/498868520.jpg,liteapi
lp65835ddd,Sakez Homestays,hotel,17.358408,78.482024,3.0,,,False,9.3,20.0,https://static.cupid.travel/hotels/542903299.jpg,liteapi
lp6561ad3b,SWEET HOMES,hotel,17.39543,78.40854,,,,False,9.1,122.0,https://static.cupid.travel/hotels/378188660.jpg,liteapi
lp656fa95e,"FH Lio7 Grand - Nr Wellness Hospital, Hastinapuram",hotel,17.324701,78.55685,3.0,,,False,8.9,31.0,https://static.cupid.travel/hotels/529686343.jpg,liteapi
lp6557a65b,Bloom Hotel - HITEC City,hotel,17.452341,78.386744,3.0,,,False,7.6,274.0,https://static.cupid.travel/hotels/383008538.jpg,liteapi
lpea8b9,Hotel Luxor Park,hotel,17.438048,78.38982,3.0,,,False,8.3,88.0,https://static.cupid.travel/hotels/613876557.jpg,liteapi
lp656c26b7,Bloom Hotel - Cyber Towers,hotel,17.455833,78.3744,3.0,,,False,8.1,122.0,https://static.cupid.travel/hotels/495503864.jpg,liteapi
lp41853,Aditya Hometel Hyderabad,hotel,17.437098,78.44646,3.0,,,False,7.4,48.0,https://static.cupid.travel/hotels/ex_86ebe0f2_z.jpg,liteapi
lp65551a56,Restel Studio Flats Hyderabad,hotel,17.450302124023438,78.39968872070312,3.0,,,False,,,https://static.cupid.travel/hotels/ex_8ab74325_z.jpg,liteapi
lp65599d19,FabHotel Golden Hitech - Nr Hitech City,hotel,17.452713,78.389843,3.0,,,False,8.5,235.0,https://static.cupid.travel/hotels/587961142.jpg,liteapi
lp655ad8c6,Super Townhouse Rcc Pride,hotel,17.491154,78.39914,4.0,,,False,8.7,190.0,https://static.cupid.travel/hotels/476879104.jpg,liteapi
lp6570a0f0,Mee Homes Madhapur Family Stay Fully Furnished 2 BHK Premium Flats 302,hotel,17.45374,78.39575,,,,False,9.6,7.0,https://static.cupid.travel/hotels/579871823.jpg,liteapi
lp655b0fed,New Hotel Suhail,hotel,17.386496,78.477309,,,,False,7.7,377.0,https://static.cupid.travel/hotels/267326757.jpg,liteapi
lp657a8acc,Al BURAQ,hotel,17.35472,78.47831,,,,False,10.0,3.0,https://static.cupid.travel/hotels/615135667.jpg,liteapi
lp65868f3d,The Altruist One Continent,hotel,17.392343,78.477617,3.0,,,False,10.0,3.0,https://static.cupid.travel/hotels/ex_w1009h654x0y4-e59d7aab_z.jpg,liteapi
lpacf5d,Deccan Prime Banjara,hotel,17.413012,78.434193,,,,False,10.0,4.0,https://static.cupid.travel/hotels/112527428.jpg,liteapi
lp6557bf01,Treebo Tee,hotel,17.339919,78.564677,3.0,,,False,7.7,193.0,https://static.cupid.travel/hotels/343896460.jpg,liteapi
lp655ad8b5,FabHotel Royal Residency II - Nr Lakdikapul Metro Station,hotel,17.402834,78.463036,3.0,,,False,7.6,1077.0,https://static.cupid.travel/hotels/551910504.jpg,liteapi
lp6570514b,"4-Bedroom Elegant and Spacious AC Apartment only for families, Prime Location, Just 100m from Main Road!",hotel,17.347465,78.414638,,,,False,9.4,15.0,https://static.cupid.travel/hotels/529291753.jpg,liteapi
lp6572594c,"3 Bee's Service Apartments, Gachibowli",hotel,17.416945,78.382125,,,,False,9.4,10.0,https://static.cupid.travel/hotels/588331606.jpg,liteapi
lp7e262,Hotel La Serene,hotel,17.438482,78.391323,3.0,,,False,7.9,44.0,https://static.cupid.travel/hotels/567778892.jpg,liteapi
lp3fa89,Hampshire Plaza Hyderabad,hotel,17.405273,78.464432,3.0,,,False,,52.0,https://static.cupid.travel/hotels/ex_c8b7190c_z.jpg,liteapi
lp6581e0a1,Treebo Premium Metropolis,hotel,17.438875,78.499632,4.0,,,False,7.1,450.0,https://static.cupid.travel/hotels/433373142.jpg,liteapi
lp657d1fdf,Super Townhouse Lotus Grand,hotel,17.3669,78.53816,4.0,,,False,8.2,80.0,https://static.cupid.travel/hotels/556784088.jpg,liteapi
lp6559290f,Luxuryhouse-3br-free Car & Driver-balcony-wifi,hotel,17.38956,78.42742,2.0,,,False,9.6,5.0,https://static.cupid.travel/hotels/ex_da6540bc_z.jpg,liteapi
lp81e8e,Hotel Imperial Classic,hotel,17.3984,78.49566,3.0,,,False,7.4,205.0,https://static.cupid.travel/hotels/125124886.jpg,liteapi
lp6585aec4,Casa Hotel Jubilee Hills,hotel,17.430279,78.40607,2.0,,,False,10.0,2.0,https://static.cupid.travel/hotels/ex_4d9fc098_z.jpg,liteapi
lp656e2c7b,Servostay KPHB Phase 15 New Stunning 3 BHK - 4th Floor,hotel,17.467306,78.396869,3.0,,,False,10.0,3.0,https://static.cupid.travel/hotels/500167642.jpg,liteapi
lp6576a206,Beautiful 3bhk at Kukatpally Y junction,hotel,17.474425,78.420989,3.0,,,False,10.0,2.0,https://static.cupid.travel/hotels/534720888.jpg,liteapi
lp655a7ce5,Jubilee Park,hotel,17.34667,78.54978,3.0,,,False,8.0,48.0,https://static.cupid.travel/hotels/hd/411716940.jpg,liteapi
lp657ca2c0,Clarks Inn Suites Hyderabad Airport,hotel,17.300828,78.420215,3.0,,,False,9.4,7.0,https://static.cupid.travel/hotels/ex_5cec9fc3_z.jpg,liteapi
lp657330c0,FabHotel Aamantran & Banquet Halls - Nr Snow World Hyderabad,hotel,17.41059,78.49767,3.0,,,False,7.4,223.0,https://static.cupid.travel/hotels/399789492.jpg,liteapi
lp43c32,Hotel the Plaza,hotel,17.434017,78.455124,3.0,,,False,,112.0,https://static.cupid.travel/hotels/544400097.jpg,liteapi
lp6578c8b6,Super Townhouse SR Nagar Near RCC Premier,hotel,17.44675,78.44708,4.0,,,False,7.9,95.0,https://static.cupid.travel/hotels/593067668.jpg,liteapi
lp6570abcf,"FabHotel A&M - Nr LV Prasad Institute, Banjara Hills",hotel,17.422304,78.43013,3.0,,,False,7.3,276.0,https://static.cupid.travel/hotels/402059017.jpg,liteapi
lp6570f21d,Hotel O R Squre Inn,hotel,17.362862,78.52192,4.0,,,False,8.1,62.0,https://static.cupid.travel/hotels/614945435.jpg,liteapi
lp657e45f4,"FabHotel Rio - Nr Ramoji Filmcity, LB Nagar",hotel,17.349476,78.552603,4.0,,,False,8.4,36.0,https://static.cupid.travel/hotels/545240138.jpg,liteapi
lp655a7270,Super townhouse moosapet Rcc Prime,hotel,17.46906,78.42732,4.0,,,False,7.9,272.0,https://static.cupid.travel/hotels/519606671.jpg,liteapi
lp6581b85f,Radhe Suites,hotel,17.452347,78.389109,3.0,,,False,7.7,148.0,https://static.cupid.travel/hotels/501353386.jpg,liteapi
lp655b0a9d,Super Hotel O New Cyber Grand Madhapur,hotel,17.45479,78.386925,3.0,,,False,8.8,89.0,https://static.cupid.travel/hotels/487298421.jpg,liteapi
lp6574a6df,Mee Homes Madhapur Family Stay Luxury Fully Furnished 2 BHK Flats,hotel,17.45373,78.39578,,,,False,8.8,17.0,https://static.cupid.travel/hotels/579627588.jpg,liteapi
lp655aed91,Super Collection O Malkajgiri,hotel,17.450274,78.5325,4.0,,,False,8.5,184.0,https://static.cupid.travel/hotels/599756076.jpg,liteapi
lp65731957,"Townhouse The Cinco Bliss near IKEA, WELLS FORGO, KIMS, CARE Hospitals",hotel,17.421022,78.38165,4.0,,,False,8.3,40.0,https://static.cupid.travel/hotels/538634990.jpg,liteapi
lp65705148,"3-Bedroom Elegant and Spacious AC Apartment only for families, Prime Location, Just 100m from Main Road!",hotel,17.347048,78.41388,4.0,,,False,8.6,35.0,https://static.cupid.travel/hotels/529292607.jpg,liteapi
lp657e3eb0,Stae Hotel-Hitec City,hotel,17.443638,78.391773,3.0,,,False,7.9,95.0,https://static.cupid.travel/hotels/589192421.jpg,liteapi
lpd0c8b,Itsy Hotels Aflah,hotel,17.392204,78.463817,3.0,,,False,7.3,220.0,https://static.cupid.travel/hotels/364279250.jpg,liteapi
lpb2d6a,Grand Continent Secunderabad A Sarovar Portico Affiliate Hotel,hotel,17.440763,78.496952,3.0,,,False,6.9,74.0,https://static.cupid.travel/hotels/538335901.jpg,liteapi
lp655d5462,Zostel Hyderabad,hotel,17.438148,78.392551,,,,False,7.8,453.0,https://static.cupid.travel/hotels/416074255.jpg,liteapi
lp6572d281,6BHK AC Home for families in Prime Loc Hyderabad,hotel,17.347066,78.413837,,,,False,10.0,1.0,https://static.cupid.travel/hotels/568707553.jpg,liteapi
lp6585de8f,Fabhotel Three Waves,hotel,17.354574,78.534688,3.0,,,False,10.0,1.0,https://static.cupid.travel/hotels/ex_dc2f41e8_z.jpg,liteapi
lp655513ce,OYO 63021 Hotel Hill 9,hotel,17.408068,78.41881,3.0,,,False,10.0,1.0,https://static.cupid.travel/hotels/ex_e727313d_z.jpg,liteapi
lp296d88,Treebo Tryst F One,hotel,17.412947,78.424067,3.0,,,False,10.0,1.0,https://static.cupid.travel/hotels/ex_ea41a009_z.jpg,liteapi
lp657817d1,Legend's studio room with Mini kitchenette,hotel,17.415097,78.448869,3.0,,,False,10.0,1.0,https://static.cupid.travel/hotels/544420863.jpg,liteapi
lp656fd238,"Pent House 2BHK A/C SR Nagar, Hyderabad",hotel,17.45122,78.4399,,,,False,10.0,1.0,https://static.cupid.travel/hotels/500513084.jpg,liteapi
lp65863ea0,"Fabhotel N Residency, Hitech City",hotel,17.45992,78.384668,3.0,,,False,10.0,1.0,https://static.cupid.travel/hotels/ex_w3030h2018x0y1-b9632c6b_z.jpg,liteapi
lp4f6e9,Minerva Grand Banjara Hills,hotel,17.41361,78.44477,3.0,,,False,7.2,20.0,https://static.cupid.travel/hotels/ex_a6b31d2e_z.jpg,liteapi
lp9c04c,Treebo Fort Club,hotel,17.371148,78.424601,3.0,,,False,7.4,156.0,https://static.cupid.travel/hotels/328887505.jpg,liteapi
lp657648d9,Hotel O Madhapur VIP Hills,hotel,17.44744,78.38528,4.0,,,False,7.0,187.0,https://static.cupid.travel/hotels/616383119.jpg,liteapi
lp65834165,Ruqaiyah Manzil,hotel,17.363923,78.464392,,,,False,8.5,29.0,https://static.cupid.travel/hotels/551584186.jpg,liteapi
lpfce5b,Mango Suites Viera,hotel,17.416983,78.412061,3.0,,,False,8.0,4.0,https://static.cupid.travel/hotels/ex_6a80caa5_z.jpg,liteapi
lp657d294d,Hotel O Vaishnavi Residency,hotel,17.43345,78.48841,3.0,,,False,7.9,67.0,https://static.cupid.travel/hotels/617226836.jpg,liteapi
lp6573997e,FabHotel Prime Srishoin - Nr TCS Deccan Park Hitech City,hotel,17.447105,78.379598,3.0,,,False,8.2,40.0,https://static.cupid.travel/hotels/615845241.jpg,liteapi
lp65584064,Super Townhouse Hi Tech City Hyderabad,hotel,17.446198,78.378873,4.0,,,False,7.9,86.0,https://static.cupid.travel/hotels/614184929.jpg,liteapi
lp6578adce,Elite Lotus Pond Premium 3 BHK Banjara Hills,hotel,17.409835,78.420233,4.0,,,False,9.0,8.0,https://static.cupid.travel/hotels/498561072.jpg,liteapi
lp65659181,Terrace Garden,hotel,17.443366,78.451018,3.0,,,False,9.0,51.0,https://static.cupid.travel/hotels/383789592.jpg,liteapi
lpc871f,Hotel O Halcyon Deccan Inn,hotel,17.451748,78.392503,3.0,,,False,7.2,80.0,https://static.cupid.travel/hotels/605184452.jpg,liteapi
lp6574d5cb,BS Homes - Serviced Apartments,hotel,17.397982,78.459973,,,,False,8.7,13.0,https://static.cupid.travel/hotels/607215051.jpg,liteapi
lp6573b192,Hotel O RBS Square Inn Uppal,hotel,17.401728,78.56416,3.0,,,False,7.9,59.0,https://static.cupid.travel/hotels/600600433.jpg,liteapi
lp657dad3d,FabHotel Eminent Suites Banjara Hills - Nr LV Prasad EYE Institute,hotel,17.4175,78.43637,3.0,,,False,7.5,110.0,https://static.cupid.travel/hotels/619260139.jpg,liteapi
lp658200d8,Shree Nivasam,hotel,17.43408,78.45246,,,,False,9.2,5.0,https://static.cupid.travel/hotels/561132113.jpg,liteapi
lp65704d65,S A Villa,hotel,17.43999,78.47403,,,,False,9.2,5.0,https://static.cupid.travel/hotels/508360040.jpg,liteapi
lp6574f27e,Lovely 3bhk at Kukatpally Y junction,hotel,17.474536,78.42098,3.0,,,False,9.2,5.0,https://static.cupid.travel/hotels/534718425.jpg,liteapi
lp57270,Ebony Boutique Hotel,hotel,17.424616,78.422746,3.0,,,False,7.7,90.0,https://static.cupid.travel/hotels/286601037.jpg,liteapi
lp6574d193,Hotel O RBS Square Langer Houz,hotel,17.374661,78.417817,4.0,,,False,7.6,82.0,https://static.cupid.travel/hotels/478412353.jpg,liteapi
lp6578ccdc,"FabHotel Limestone Suites - Near Yashoda Hospitals, Somajiguda",hotel,17.42562,78.46105,3.0,,,False,7.1,186.0,https://static.cupid.travel/hotels/365465630.jpg,liteapi
lp657965f9,HOTEL VIRAT INN,hotel,17.421459,78.457785,3.0,,,False,8.0,48.0,https://static.cupid.travel/hotels/481282142.jpg,liteapi
lp655ba37b,Hotel Akoya - HITECH City Hyderabad,hotel,17.44591,78.38171,3.0,,,False,7.8,295.0,https://snaphotelapi.com/hotels/373047440.jpg,liteapi
lp655a7d86,Super Townhouse RCC Sunrise,hotel,17.4353,78.46394,4.0,,,False,8.0,178.0,https://static.cupid.travel/hotels/476724220.jpg,liteapi
lp65854df4,Frenotel,hotel,17.435706,78.483688,,,,False,7.6,100.0,https://static.cupid.travel/hotels/601949557.jpg,liteapi
lp3d97b,Katriya Hotel & Towers,hotel,17.423373,78.459468,4.0,,,False,6.6,65.0,https://static.cupid.travel/hotels/ex_27874fb5_z.jpg,liteapi
lp6558acda,Itsy By Treebo - 99 Inn Hitech City,hotel,17.45995,78.38451,3.0,,,False,6.9,235.0,https://static.cupid.travel/hotels/401959154.jpg,liteapi
lp657825fd,Borcelle Home Stays,hotel,17.347137,78.406613,,,,False,9.5,4.0,https://static.cupid.travel/hotels/605636712.jpg,liteapi
lp6574a9f3,SkyView Penthouse MEE Homes near Hitech City,hotel,17.453707,78.395733,3.0,,,False,9.5,2.0,https://static.cupid.travel/hotels/599502109.jpg,liteapi
lp6571bcba,Hotel O R Square Bn Reddy,hotel,17.3237,78.55889,4.0,,,False,7.9,42.0,https://static.cupid.travel/hotels/481406431.jpg,liteapi
lp65819efd,"Hotel Viola Suites Madhapur, Business Hotel",hotel,17.452793,78.390155,3.0,,,False,7.9,41.0,https://static.cupid.travel/hotels/605089300.jpg,liteapi
lp655a7a0c,Dash Hotels - Affordable Luxury,hotel,17.390597,78.487024,3.0,,,False,7.8,300.0,https://static.cupid.travel/hotels/340359852.jpg,liteapi
lp655ba389,The Landmark Banjara Hills - Hyderabad,hotel,17.409932,78.439123,4.0,,,False,7.5,469.0,https://static.cupid.travel/hotels/382859236.jpg,liteapi
lp655ba385,Super Townhouse RCC Majestic 397 LB Nagar,hotel,17.34093,78.52112,4.0,,,False,8.0,201.0,https://static.cupid.travel/hotels/608171147.jpg,liteapi
lp65752ee6,Your Home Away from Home Mee Homes 2BHK Family Apartment,hotel,17.453704,78.395772,3.0,,,False,9.3,6.0,https://static.cupid.travel/hotels/604758669.jpg,liteapi
lp6574a1d0,4 BHK Furnished Flat - Near Charminar and Salar Jung Museum,hotel,17.371588,78.485204,,,,False,8.7,17.0,https://static.cupid.travel/hotels/566109762.jpg,liteapi
lp658129cd,Dziire Service Apartment,hotel,17.440771,78.42291,,,,False,8.7,9.0,https://static.cupid.travel/hotels/618804991.jpg,liteapi
lp65705151,"2-Bedroom Elegant and Spacious AC Apartment only for families, Prime Location, Just 100m from Main Road!",hotel,17.347109,78.41392,,,,False,9.0,7.0,https://static.cupid.travel/hotels/527838335.jpg,liteapi
lp65750459,Hotel O Home Hotel R Square Nacharam,hotel,17.429935,78.55269,3.0,,,False,7.9,35.0,https://static.cupid.travel/hotels/622467793.jpg,liteapi
lp655ba51b,SKYLA Studios & Suites - Jubilee Hills,hotel,17.432612,78.401041,3.0,,,False,8.5,67.0,https://static.cupid.travel/hotels/188895274.jpg,liteapi
lp65557e0e,Welkin Hotel,hotel,17.442397,78.486439,3.0,,,False,6.8,218.0,https://static.cupid.travel/hotels/347994561.jpg,liteapi
lpa53a4,Hotel Olympia Inn,hotel,17.322314,78.433229,3.0,,,False,7.8,18.0,https://static.cupid.travel/hotels/ex_feebe524_z.jpg,liteapi
lp6581ef66,"FabHotel Cinco - Nr Secunderabad Railway Station, Yashoda Hospital",hotel,17.436119,78.493837,4.0,,,False,7.5,66.0,https://static.cupid.travel/hotels/582342108.jpg,liteapi
lp6574f1dc,THE SUPERB HOTEL PVT LTD,hotel,17.407521,78.469414,3.0,,,False,7.6,69.0,https://static.cupid.travel/hotels/503097355.jpg,liteapi
lp656c37fa,Mevid hotels,hotel,17.29679,78.507571,3.0,,,False,10.0,,https://static.cupid.travel/hotels/ex_fcada7ab_z.jpg,liteapi
lp6586388d,Hotel Elite Swagath Grand,hotel,17.41204,78.498042,2.0,,,False,10.0,,https://static.cupid.travel/hotels/ex_4a776863_z.jpg,liteapi
lp6581b374,Oriva Vinflora Residency,hotel,17.429605,78.429623,3.0,,,False,10.0,,https://static.cupid.travel/hotels/ex_b67731d7_z.jpg,liteapi
lp6581e4d2,Fabhotel Fortune Begumpet,hotel,17.435899,78.456463,3.0,,,False,10.0,,https://static.cupid.travel/hotels/ex_8c617a1f_z.jpg,liteapi
lp656bbe93,Fabhotel Frenotel Hitech City,hotel,17.443003,78.384177,3.0,,,False,10.0,,https://static.cupid.travel/hotels/ex_6e089acc_z.jpg,liteapi
lpbb7c3,Prestige service apartment,hotel,17.445242,78.381169,3.0,,,False,10.0,,https://static.cupid.travel/hotels/ex_002af201_z.jpg,liteapi
lp657c0868,"FabHotel Q Suites - Nr Kavuri Hills, Madhapur",hotel,17.451305,78.399153,3.0,,,False,8.2,30.0,https://static.cupid.travel/hotels/531048171.jpg,liteapi
lp6584400d,Moroccan Heritage,hotel,17.420722,78.442054,3.0,,,False,8.6,9.0,https://static.cupid.travel/hotels/604455975.jpg,liteapi
lp657da26d,Hotel O Bolligudem,hotel,17.43358,78.59331,4.0,,,False,8.1,25.0,https://static.cupid.travel/hotels/622105592.jpg,liteapi
lp655a7bb5,FabHotel Golden Gate - Hitech City,hotel,17.449438,78.387474,3.0,,,False,7.7,159.0,https://static.cupid.travel/hotels/413188473.jpg,liteapi
lp65734304,Super Collection O RBS ECIL,hotel,17.47992,78.56256,4.0,,,False,8.2,20.0,https://static.cupid.travel/hotels/609092859.jpg,liteapi
lp6585c78e,Hiwa Boutique Hotel,hotel,17.40752,78.598689,3.0,,,False,9.0,4.0,https://static.cupid.travel/hotels/ex_79e287fc_z.jpg,liteapi
lp657652cc,FabHotel Arastu Plaza - Nr Nampally Railway Station,hotel,17.391452,78.465423,3.0,,,False,,207.0,https://static.cupid.travel/hotels/557689341.jpg,liteapi
lp657e807e,Super Collection O Bhagyalakshmi Suites,hotel,17.48447,78.38042,4.0,,,False,8.3,15.0,https://static.cupid.travel/hotels/598263423.jpg,liteapi
lp6576e43d,FabHotel Prime AM Suites - Nr Yashoda Hospitals,hotel,17.442293,78.496582,3.0,,,False,8.0,25.0,https://static.cupid.travel/hotels/610914108.jpg,liteapi
lp657d1465,Super Townhouse Vanasthalipuram Formerly Hotel Surabhi,hotel,17.34028,78.56336,4.0,,,False,7.8,40.0,https://static.cupid.travel/hotels/614435491.jpg,liteapi
lp656c2080,Treebo Address Inn Jubilee Hills,hotel,17.41724,78.414095,3.0,,,False,7.0,149.0,https://static.cupid.travel/hotels/495302102.jpg,liteapi
lp6573df36,FabHotel SRH Pride - Nr Hitech City Railway Station,hotel,17.468332,78.39369,4.0,,,False,7.7,44.0,https://static.cupid.travel/hotels/613588608.jpg,liteapi
lp7e264,Serenity Inn La Vista,hotel,17.44526,78.383299,3.0,,,False,8.0,5.0,https://static.cupid.travel/hotels/ex_4d154cfd_z.jpg,liteapi
lp65795e9d,GAYATHRI HEIGHTS SERVICED APARTMENTS & APARTMENT HOTEL In HYDERABAD,hotel,17.45419,78.37614,,,,False,8.2,16.0,https://static.cupid.travel/hotels/589163953.jpg,liteapi
lp6578e83c,Pincode Hotels by Yatri Nivas,hotel,17.443091,78.484296,4.0,,,False,7.3,86.0,https://static.cupid.travel/hotels/547558182.jpg,liteapi
lp655d46f4,KyGo Hostels,hostel,17.414401,78.421054,,,,False,7.6,244.0,https://static.cupid.travel/hotels/337666193.jpg,liteapi
lp4e877,Kamat Lingapur Hotel,hotel,17.44404,78.465852,3.0,,,False,8.8,5.0,https://static.cupid.travel/hotels/ex_64bb06d0_z.jpg,liteapi
lp8856b,The Purple Leaf Hotels,hotel,17.458975,78.500345,3.0,,,False,6.8,174.0,https://static.cupid.travel/hotels/161426482.jpg,liteapi
lpf8928,Via Deccan Heritage - Abids,hotel,17.387639,78.477703,3.0,,,False,6.5,273.0,https://static.cupid.travel/hotels/220344360.jpg,liteapi
lp6572140d,"Hotel SRH luxury Rooms Near Rail Nilayam, NCL.",hotel,17.44067,78.50517,3.0,,,False,7.8,30.0,https://static.cupid.travel/hotels/602829693.jpg,liteapi
lp657980f2,Super Collection O Casa Grand Hotels Nacharam,hotel,17.42995,78.55246,4.0,,,False,7.6,43.0,https://static.cupid.travel/hotels/612333076.jpg,liteapi
lpd7efd,Anjani Mansion Guest House,hotel,17.43393,78.46337,3.0,,,False,9.0,3.0,https://static.cupid.travel/hotels/ex_f6d7869e_z.jpg,liteapi
lp6557fae0,Treebo Premium Seven Lake View,hotel,17.429136,78.487417,4.0,,,False,7.4,45.0,https://static.cupid.travel/hotels/354327395.jpg,liteapi
lp657bd11e,Townhouse Che Sigma,hotel,17.40623,78.568954,4.0,,,False,7.1,94.0,https://static.cupid.travel/hotels/486223671.jpg,liteapi
lp656c30c8,Treebo Emerald,hotel,17.446617,78.381648,3.0,,,False,6.9,123.0,https://static.cupid.travel/hotels/502700459.jpg,liteapi
lp6578fd3f,Super Hotel O Golden Hive Madhapur Near Shilparamam,hotel,17.453322,78.394586,3.0,,,False,7.3,72.0,https://static.cupid.travel/hotels/461771437.jpg,liteapi
lp658164b8,Viola Suites,hotel,17.45281,78.390163,3.0,,,False,8.6,6.0,https://static.cupid.travel/hotels/ex_2ec21557_z.jpg,liteapi
lp3efc5,juSTa Hyderabad,hotel,17.429375,78.486996,3.0,,,False,7.4,50.0,https://static.cupid.travel/hotels/ex_f6aaab08_z.jpg,liteapi
lp65788fc7,INR Suites - Hitech City,hotel,17.447035,78.387659,3.0,,,False,6.9,116.0,https://static.cupid.travel/hotels/401860763.jpg,liteapi
lp656c1f59,Treebo Destination Inn,hotel,17.426106,78.44948,3.0,,,False,6.7,165.0,https://static.cupid.travel/hotels/424012930.jpg,liteapi
lp656c3893,Treebo Navya The Park,hotel,17.430291,78.374538,3.0,,,False,7.0,94.0,https://static.cupid.travel/hotels/499984667.jpg,liteapi
lp655d3c58,Elysium Inn,hotel,17.42058,78.40863,,,,False,8.1,175.0,,liteapi
lp657c4733,HOTEL VIRAT GRAND,hotel,17.343891,78.548935,3.0,,,False,7.9,21.0,https://static.cupid.travel/hotels/481247976.jpg,liteapi
lp3267f5,OYO Townhouse 164 Near ESI HOSPITAL,hotel,17.449244,78.438755,4.0,,,False,6.0,97.0,https://static.cupid.travel/hotels/619348408.jpg,liteapi
lpfff08,Sana Heritage Inn Hyd,hotel,17.440561,78.479973,2.0,,,False,9.0,2.0,https://static.cupid.travel/hotels/ex_d249555f_z.jpg,liteapi
lp6573d291,SHAIK'S Home Stay,hotel,17.49258,78.543019,,,,False,9.0,2.0,https://static.cupid.travel/hotels/559594692.jpg,liteapi
lp655ad8cf,Aditya Park-A Sarovar Portico Hotel,hotel,17.436967,78.446466,4.0,,,False,7.2,329.0,https://static.cupid.travel/hotels/8612199.jpg,liteapi
lp65799a60,Central 2BHK Premium Apartment,hotel,17.347241,78.410434,,,,False,7.3,46.0,https://static.cupid.travel/hotels/551702922.jpg,liteapi
lp7de85,Hotel Maya Deluxe,hotel,17.433472,78.489151,1.0,,,False,7.1,63.0,https://static.cupid.travel/hotels/71662250.jpg,liteapi
lp658269a9,HOTEL DOLPHIN,hotel,17.48345,78.38069,,,,False,8.0,13.0,https://static.cupid.travel/hotels/513983679.jpg,liteapi
lp657e016e,Super Townhouse De Alphabet Karmanghat,hotel,17.34578,78.52282,4.0,,,False,7.1,59.0,https://static.cupid.travel/hotels/575956145.jpg,liteapi
lp657644ab,Entire 2bhk ground-floor suite in independent house,hotel,17.47924,78.53622,,,,False,8.1,10.0,https://static.cupid.travel/hotels/538535081.jpg,liteapi
lp657dbe55,Collection O Medipally,hotel,17.40618,78.59104,3.0,,,False,7.6,37.0,https://static.cupid.travel/hotels/621646878.jpg,liteapi
lp657c25ee,Super Collection O Secunderabad-II,hotel,17.46918,78.494434,4.0,,,False,6.7,131.0,https://static.cupid.travel/hotels/616423570.jpg,liteapi
lp657b954e,Super Townhouse Sri Nirvana Grand,hotel,17.431482,78.444647,4.0,,,False,7.7,19.0,https://static.cupid.travel/hotels/613701974.jpg,liteapi
lp65783b40,Super Townhouse Oak Rai Durg,hotel,17.41706,78.39012,4.0,,,False,6.7,104.0,https://static.cupid.travel/hotels/606862131.jpg,liteapi
lp656c23c3,ABI RESIDENCY,hotel,17.456384,78.37487,2.0,,,False,8.4,5.0,https://static.cupid.travel/hotels/ex_e1363adf_z.jpg,liteapi
lp6572d5b9,Tranquil Haven First Floor 3 Bed,hotel,17.38904,78.42976,,,,False,8.5,4.0,https://static.cupid.travel/hotels/531024527.jpg,liteapi
lp656ef290,6E Homes,hotel,17.43486,78.43955,,,,False,8.5,4.0,https://static.cupid.travel/hotels/605679799.jpg,liteapi
lp656e3b4f,HIVEE-1 Rooms & Living Twin Bed AC,hotel,17.44531,78.38204,,,,False,,4.0,https://static.cupid.travel/hotels/523788444.jpg,liteapi
lp65716426,"FabHotel Prime Veeraj Suites- Nr Skyview10, Lumbini Avenue, Gachibowli",hotel,17.432179,78.373986,3.0,,,False,8.2,25.0,https://static.cupid.travel/hotels/240889367.jpg,liteapi
lp655ba525,Super Townhouse RCC Pristine,hotel,17.431066,78.444114,4.0,,,False,7.3,192.0,https://static.cupid.travel/hotels/619770616.jpg,liteapi
lp65596dfc,Olive Service Apartments Hitech City,hotel,17.440971,78.38334,4.0,,,False,8.1,55.0,https://static.cupid.travel/hotels/213407452.jpg,liteapi
lp657ade36,Collection O Lotus Grand,hotel,17.43589,78.50091,4.0,,,False,6.1,257.0,https://static.cupid.travel/hotels/581823173.jpg,liteapi
lp655a7aa8,"FabHotel Prime Prowell Crown - Nr TCS Deccan Park, Hitech City",hotel,17.446641,78.380088,3.0,,,False,7.4,154.0,https://static.cupid.travel/hotels/614489437.jpg,liteapi
lp656f975a,Lago Vista - Luxe,hotel,17.33879,78.44294,,,,False,9.0,1.0,https://static.cupid.travel/hotels/576008887.jpg,liteapi
lp658212dc,Luxury Homestay Hyderabad Rajendranagar,hotel,17.34926,78.413177,,,,False,9.0,1.0,https://static.cupid.travel/hotels/607459120.jpg,liteapi
lp6579e680,Peaceful Home Stay with Fitness Center,hotel,17.404559,78.400987,4.0,,,False,9.0,1.0,https://static.cupid.travel/hotels/568284816.jpg,liteapi
lp656f3c90,SPACIOUS AND PEACEFUL Banjara rd 12 2 bhk,hotel,17.40722,78.44185,,,,False,9.0,1.0,https://static.cupid.travel/hotels/616779427.jpg,liteapi
lp655a840d,Hotel O R Square Near LB Nagar Metro Station,hotel,17.350279,78.54799,3.0,,,False,7.9,63.0,https://static.cupid.travel/hotels/502654216.jpg,liteapi
lp657646ea,Hotel L Grand - Nr Secunderabad Railway Station,hotel,17.435775,78.501036,3.0,,,False,6.4,169.0,https://static.cupid.travel/hotels/455539176.jpg,liteapi
lp6561af58,Blueberry Service Apartments,hotel,17.4152,78.45303,3.0,,,False,7.4,144.0,https://snaphotelapi.com/hotels/200352880.jpg,liteapi
lp8857c,Taj Mahal Hotel,hotel,17.41704,78.41555,4.0,,,False,7.1,44.0,https://snaphotelapi.com/hotels/49977314.jpg,liteapi
lp656bc624,Treebo The Address Inn Mehdipatnam,hotel,17.393603,78.44389,3.0,,,False,7.0,65.0,https://static.cupid.travel/hotels/583021708.jpg,liteapi
lp6576990b,Hotel O Ragas,hotel,17.3285,78.5995,4.0,,,False,8.0,9.0,https://static.cupid.travel/hotels/620731459.jpg,liteapi
lp658371d1,Hampshire Plaza,hotel,17.405049,78.4645,3.0,,,False,6.7,90.0,https://static.cupid.travel/hotels/49828306.jpg,liteapi
lp6578b28f,Super Collection O Shri Ashtalakshmi Temple Hyderabad,hotel,17.364662,78.55099,4.0,,,False,7.3,36.0,https://static.cupid.travel/hotels/593067842.jpg,liteapi
lp655a7956,SKYLA Studios & Suites - Hitech City,hotel,17.44749,78.379665,3.0,,,False,8.3,32.0,https://static.cupid.travel/hotels/311373809.jpg,liteapi
lp656bc160,Hotel Eminent Suites,hotel,17.44544,78.380299,1.0,,,False,7.6,18.0,https://static.cupid.travel/hotels/523816322.jpg,liteapi
lp65763c5f,home Away From Home,hotel,17.446435,78.513373,,,,False,7.6,18.0,https://static.cupid.travel/hotels/336643630.jpg,liteapi
lp657a0db2,FabHotel De Alphabet II - Nr Ameerpet Metro Station,hotel,17.433825,78.444967,,,,False,7.2,45.0,https://static.cupid.travel/hotels/606817645.jpg,liteapi
lp88444,OYO Flagship 983 Hotel Surya Residency,hotel,17.441315,78.448505,3.0,,,False,8.4,4.0,https://static.cupid.travel/hotels/ex_fc48ac33_z.jpg,liteapi
lp4e879,The Central Court Hotel,hotel,17.402736,78.467355,3.0,,,False,6.8,51.0,https://static.cupid.travel/hotels/ex_a2264844_z.jpg,liteapi
lp65753974,Cityscape Comfort - Stylish 3BHK Central Getaway,hotel,17.349734,78.408481,,,,False,7.7,16.0,https://static.cupid.travel/hotels/563406729.jpg,liteapi
lp6578bee0,Super Hotel O Near Dilsuknagar Metro,hotel,17.378,78.54628,4.0,,,False,7.0,46.0,https://static.cupid.travel/hotels/609533815.jpg,liteapi
lp657a396c,2BHK penthouse Majestic Heights,hotel,17.393575,78.473499,3.0,,,False,7.8,14.0,https://static.cupid.travel/hotels/598619410.jpg,liteapi
lp657702e6,Itsy Hotels Aura Stays,hotel,17.460609,78.3836,3.0,,,False,6.1,200.0,https://static.cupid.travel/hotels/403563851.jpg,liteapi
lp657e9d78,Super Townhouse CASA GRAND,hotel,17.424292,78.45214,4.0,,,False,6.5,99.0,https://static.cupid.travel/hotels/592634723.jpg,liteapi
lp65762fe8,Hotel O Lavish Stay,hotel,17.36908,78.5313,4.0,,,False,8.6,2.0,https://static.cupid.travel/hotels/536928898.jpg,liteapi
lp65724a3b,Collection O RBS NFC Road,hotel,17.451967,78.567445,4.0,,,False,7.2,34.0,https://static.cupid.travel/hotels/532972576.jpg,liteapi
lpc8737,Via Direct Checkin - Hitech City,hotel,17.441607,78.384523,3.0,,,False,6.7,68.0,https://static.cupid.travel/hotels/610938469.jpg,liteapi
lp6580feff,Merlin Studios Madhapur,hotel,17.44148,78.39938,,,,False,7.8,10.0,https://static.cupid.travel/hotels/497492678.jpg,liteapi
lp657f8dda,Townhouse Ragas Grand,hotel,17.338947,78.54846,4.0,,,False,6.8,57.0,https://static.cupid.travel/hotels/592823759.jpg,liteapi
lp657a66f9,Collection O White Ridge Kamineni,hotel,17.357666,78.55658,4.0,,,False,7.5,24.0,https://static.cupid.travel/hotels/604617787.jpg,liteapi
lp6561b10a,Srinivas Nilayam,hotel,17.435051,78.463472,,,,False,8.6,14.0,https://static.cupid.travel/hotels/388201825.jpg,liteapi
lp6573154b,"Krrish Boutique Hotel, Ameerpet Hyderabad",hotel,17.441824,78.446997,3.0,,,False,7.6,39.0,https://static.cupid.travel/hotels/574634223.jpg,liteapi
lp6571131d,Hemaadri Grand,hotel,17.418586,78.446723,3.0,,,False,6.7,66.0,https://static.cupid.travel/hotels/344737604.jpg,liteapi
lpbd0dc,Hotel Stay Inn,hotel,17.433362,78.488215,,,,False,6.9,45.0,https://static.cupid.travel/hotels/112392548.jpg,liteapi
lp226203,Belsons Taj Mahal Hotel,hotel,17.44225,78.49347,4.0,,,False,6.0,209.0,https://static.cupid.travel/hotels/604240425.jpg,liteapi
lp6572b5dc,Hotel Lokis Forest Inn L B Nagar,hotel,17.353989,78.555004,3.0,,,False,7.8,10.0,https://static.cupid.travel/hotels/597020677.jpg,liteapi
lp6571d515,5 Star residential's for Festivity - Madhapur,hotel,17.437329,78.396942,3.0,,,False,8.5,2.0,https://static.cupid.travel/hotels/546955742.jpg,liteapi
lp656e3157,Servostay KPHB Phase 15 New Stunning 3 BHK - 1st Floor,hotel,17.467313,78.396862,3.0,,,False,8.5,3.0,https://static.cupid.travel/hotels/500095608.jpg,liteapi
lp6575f75b,Viswanadhuni's Antilia Comfort Stay Inn 3BHK,hotel,17.48651,78.38413,,,,False,8.5,2.0,https://static.cupid.travel/hotels/578189516.jpg,liteapi
lp65797741,Olive Atnest PG,hotel,17.451573,78.388062,,,,False,7.4,19.0,https://static.cupid.travel/hotels/613402826.jpg,liteapi
lp656711ed,Aptly Premium Serviced Apartments - A BRAND UNIT OF SKYLA,hotel,17.407109,78.435522,3.0,,,False,9.3,3.0,https://static.cupid.travel/hotels/179462832.jpg,liteapi
lp657c2091,La Riviera Suites,hotel,17.437551,78.389651,3.0,,,False,6.9,39.0,https://static.cupid.travel/hotels/80660949.jpg,liteapi
lp7d5b3,The Urban Stays,hotel,17.43019,78.406096,,,,False,6.7,54.0,https://static.cupid.travel/hotels/280213297.jpg,liteapi
lp655ad8d0,Hotel Annapoorna Residency,hotel,17.441023,78.485672,3.0,,,False,7.8,59.0,https://static.cupid.travel/hotels/25682863.jpg,liteapi
lp6577d34b,Collection O Rio Hitech City,hotel,17.46391,78.37749,3.0,,,False,7.7,9.0,https://static.cupid.travel/hotels/612613813.jpg,liteapi
lp655ad8d7,Hotel Sitara Grand L.B. Nagar,hotel,17.345815,78.552525,2.0,,,False,5.1,107.0,https://static.cupid.travel/hotels/339562203.jpg,liteapi
lp657167cd,Stylish 1.5 BHK A/C at BanjaraHills Near CareHospitals,hotel,17.41602,78.447668,,,,False,8.0,6.0,https://static.cupid.travel/hotels/500011183.jpg,liteapi
lp657bb77d,Super Townhouse Vaishnavi,hotel,17.438956,78.497146,3.0,,,False,6.1,143.0,https://static.cupid.travel/hotels/502203235.jpg,liteapi
lp655bac52,"Fabhotel Cinco Primera - Nr LV Prasad, Banjara Hills",hotel,17.422466,78.432059,4.0,,,False,7.7,67.0,https://static.cupid.travel/hotels/605557904.jpg,liteapi
lp65580f91,SY Elite Residency,hotel,17.39065,78.46993,3.0,,,False,6.2,113.0,https://static.cupid.travel/hotels/hd/363547912.jpg,liteapi
lp65721613,Hotel O R Square Stay Near LB Nagar Metro,hotel,17.348608,78.549308,3.0,,,False,6.5,67.0,https://static.cupid.travel/hotels/501294460.jpg,liteapi
lp6583bbeb,Palette Madhapur,hotel,17.440882,78.39209,5.0,,,False,6.5,67.0,https://static.cupid.travel/hotels/528157145.jpg,liteapi
lp6580d378,Bigson Service Apartments Madhapur,hotel,17.45368,78.39587,,,,False,7.3,16.0,https://static.cupid.travel/hotels/481048823.jpg,liteapi
lp657c6d9a,WESTSIDE HOTEL HiTECH CITY,hotel,17.445303,78.383372,,,,False,7.0,29.0,https://static.cupid.travel/hotels/523816878.jpg,liteapi
lp655b51fd,Super Hotel O White Ridge,hotel,17.37423,78.55274,3.0,,,False,7.5,63.0,https://static.cupid.travel/hotels/604274385.jpg,liteapi
lp6557a874,Itsy Hotels J A Royal Suites Manikonda,hotel,17.406684,78.377829,3.0,,,False,6.5,64.0,https://static.cupid.travel/hotels/337439859.jpg,liteapi
lp657ca7b1,Saba Executive Rooms & Apartments,hotel,17.36082,78.479502,3.0,,,False,7.5,30.0,https://static.cupid.travel/hotels/622179957.jpg,liteapi
lp6567452b,Hotel O Home RBS Homes,hotel,17.448662,78.573003,3.0,,,False,7.8,37.0,https://static.cupid.travel/hotels/600436865.jpg,liteapi
lpc7b06,FabHotel Ranjit Residency,hotel,17.435028,78.505793,,,,False,6.1,131.0,https://static.cupid.travel/hotels/78057759.jpg,liteapi
lp658062a4,Hotel Midtown Begumpet,hotel,17.43549,78.45684,3.0,,,False,6.8,34.0,https://static.cupid.travel/hotels/585933778.jpg,liteapi
lp836d0,Treebo Trend Grand Plaza Nampally,hotel,17.397834,78.47099,3.0,,,False,7.8,5.0,https://static.cupid.travel/hotels/ex_94a28466_z.jpg,liteapi
lp6572ea8c,"Tourist Friendly Home -3BHK AC Near Birla Mandir, Hyderabad",hotel,17.40521,78.470367,3.0,,,False,7.8,6.0,https://static.cupid.travel/hotels/495246769.jpg,liteapi
lp6573582e,1 BHK House with AC fully operational kitchen with wifi,hotel,17.446677,78.45855,,,,False,7.8,5.0,https://static.cupid.travel/hotels/503047405.jpg,liteapi
lp65742d35,Hotel O Neredmet Road,hotel,17.483915,78.5375,3.0,,,False,7.2,19.0,https://static.cupid.travel/hotels/597985810.jpg,liteapi
lp657fa20f,"FabHotel RK Residency - Nr S R Nagar Metro Station, Ameerpet",hotel,17.445148,78.428517,2.0,,,False,,22.0,https://static.cupid.travel/hotels/592918064.jpg,liteapi
lp6578b994,Stylish Penthouse Apartment - ATITHI ESTATE,hotel,17.392705,78.458457,3.0,,,False,7.1,16.0,https://static.cupid.travel/hotels/524048299.jpg,liteapi
lp657741b7,Hotel O Karmanghat Near TKR khaman,hotel,17.337411,78.535849,4.0,,,False,7.2,14.0,https://static.cupid.travel/hotels/621679604.jpg,liteapi
lp657711d7,Super Collection O RBS Classic Stay Nacharam Mallapur Road,hotel,17.447058,78.568886,4.0,,,False,6.9,26.0,https://static.cupid.travel/hotels/531893620.jpg,liteapi
lp6574cfcf,Super Hotel O Gokul Grand Near SR Nagar Police Station,hotel,17.440917,78.448806,3.0,,,False,5.9,120.0,https://static.cupid.travel/hotels/592692163.jpg,liteapi
lp6578e07b,Hotel O VSK group of hotels,hotel,17.48922,78.38032,3.0,,,False,7.2,13.0,https://static.cupid.travel/hotels/621160725.jpg,liteapi
lp6570249f,A to Z Guest House,hotel,17.400808,78.393495,,,,False,7.3,10.0,https://static.cupid.travel/hotels/477563198.jpg,liteapi
lp65774414,"Oriva Vinflora Residency - Nr LV Prasad EYE Hospital, Banjara Hills",hotel,17.429578,78.42958,4.0,,,False,6.4,49.0,https://static.cupid.travel/hotels/576395461.jpg,liteapi
lp657247f4,sucasa homes (home away from home guest services pvt ltd),hotel,17.423775,78.455357,3.0,,,False,6.9,24.0,https://static.cupid.travel/hotels/536409691.jpg,liteapi
lpfa47e,Sitara Paradise,hotel,17.43221,78.44797,2.0,,,False,6.7,28.0,https://static.cupid.travel/hotels/39072121.jpg,liteapi
lpd9c01,Hotel O Saraswathi Residency Near SR Nagar Metro Station,hotel,17.443389,78.436214,3.0,,,False,6.6,33.0,https://static.cupid.travel/hotels/463968605.jpg,liteapi
lp6574a06d,"FabHotel WR Grand I - Nr Apollo Hospitals, Secunderabad",hotel,17.440301,78.495583,3.0,,,False,6.5,52.0,https://static.cupid.travel/hotels/613328498.jpg,liteapi
lp6579f32d,Super Hotel O Priya Residency,hotel,17.433379,78.48808,3.0,,,False,6.2,67.0,https://static.cupid.travel/hotels/578911854.jpg,liteapi
lp657207ac,"Collection O Mythri Hotel Near By ECIL, AS RAO Nagar, Sainikpuri",hotel,17.47655,78.564418,4.0,,,False,6.3,61.0,https://static.cupid.travel/hotels/575146400.jpg,liteapi
lp655ad902,Super Hotel O Malkajgiri,hotel,17.45136,78.535538,4.0,,,False,7.5,50.0,https://static.cupid.travel/hotels/484961246.jpg,liteapi
lp8351c,Hotel Vaishnaoi,hotel,17.389693,78.495488,3.0,,,False,7.6,5.0,https://static.cupid.travel/hotels/ex_ccaf66fe_z.jpg,liteapi
lpb5fde,Treebo Midtown,hotel,17.43538,78.45666,3.0,,,False,7.6,5.0,https://static.cupid.travel/hotels/ex_2600308a_z.jpg,liteapi
lp65737975,FabHotel WR Grand- Nr Citi Neuro Centre- Banjara Hills,hotel,17.408572,78.428927,3.0,,,False,6.9,18.0,https://static.cupid.travel/hotels/586234712.jpg,liteapi
lp9fd46,Quality Inn Residency,hotel,17.394602,78.4704,3.0,,,False,8.0,2.0,https://static.cupid.travel/hotels/ex_960748a6_z.jpg,liteapi
lp7e323,Treebo Krrish Inn,hotel,17.441696,78.447004,3.0,,,False,8.0,2.0,https://static.cupid.travel/hotels/ex_ee8b8889_z.jpg,liteapi
lp1b633b,Hotel Padmini Elite,hotel,17.442063,78.498426,4.0,,,False,8.0,2.0,https://static.cupid.travel/hotels/ex_30ea4a4c_z.jpg,liteapi
lp65882092,Ira by Orchid Hyderabad Hitech City Mindspace IT Park,hotel,17.443339,78.3842,4.0,,,False,8.0,2.0,https://static.cupid.travel/hotels/ex_328f1bf2_z.jpg,liteapi
lp657731b2,"Royal Residency 3BHK, Near Rameshwaram cafe, HiTech City",hotel,17.446727,78.388025,,,,False,8.0,2.0,https://static.cupid.travel/hotels/613829024.jpg,liteapi
lp65866f1f,Lemonridge Hotels KPHB,hotel,17.485863,78.387588,3.0,,,False,8.0,2.0,https://static.cupid.travel/hotels/ex_11139feb_z.jpg,liteapi
lp657cfb5a,Cosmic Guest House,hotel,17.42116,78.38221,,,,False,7.4,7.0,https://static.cupid.travel/hotels/608331827.jpg,liteapi
lp6577c2e5,FabHotel Metro - Nr Secunderabad Railway Station,hotel,17.439126,78.502186,3.0,,,False,6.9,25.0,https://static.cupid.travel/hotels/612177922.jpg,liteapi
lp655bac4a,Collection O Elite Stay Near Habsiguda Metro Station,hotel,17.43575,78.543556,4.0,,,False,7.0,75.0,https://static.cupid.travel/hotels/603825227.jpg,liteapi
lp655a7541,HOTEL V HITEC City,hotel,17.444933,78.385643,3.0,,,False,7.1,60.0,https://static.cupid.travel/hotels/337070514.jpg,liteapi
lp657e3b97,Hotel Prime Jubilee,hotel,17.41747,78.412577,,,,False,6.9,15.0,https://static.cupid.travel/hotels/324276515.jpg,liteapi
lpaa7a1,Hotel Comfotel,hotel,17.413295,78.450433,3.0,,,False,7.0,12.0,https://static.cupid.travel/hotels/ex_7dfff5ce_z.jpg,liteapi
lp657799e7,Upscale 2BHK IN DOWNTOWN HYDERABAD,hotel,17.401331,78.414817,,,,False,7.7,3.0,https://static.cupid.travel/hotels/599009642.jpg,liteapi
lp6572ec84,Hotel O Ss ome inn ultra luxury rooms,hotel,17.437944,78.449159,3.0,,,False,6.6,24.0,https://static.cupid.travel/hotels/606391679.jpg,liteapi
lp65813d1c,LOFTEL STAYS,hotel,17.350956,78.408624,,,,False,7.4,5.0,https://static.cupid.travel/hotels/561098688.jpg,liteapi
lp6582f95a,Hotel Chutneys,hotel,17.353141,78.546786,3.0,,,False,7.5,9.0,https://static.cupid.travel/hotels/584688970.jpg,liteapi
lp658246b8,Gunrock Manor,hotel,17.458617,78.49447,,,,False,7.5,4.0,https://static.cupid.travel/hotels/577957299.jpg,liteapi
lp656e06f2,Super Collection O Karmanghat Bus Terminal Hyderabad Formerly Hotel Chirag Stays,hotel,17.343897,78.534772,3.0,,,False,6.5,25.0,https://static.cupid.travel/hotels/608241614.jpg,liteapi
lpd0c03,Super Collection O Dilsukhnagar Bus Terminal Hyderabad Formerly Karthikeya City Stay,hotel,17.371297,78.541726,3.0,,,False,6.1,57.0,https://static.cupid.travel/hotels/603465789.jpg,liteapi
lp655a823a,Super Townhouse OAK Hitec City Near Image Hospital,hotel,17.44074,78.38608,4.0,,,False,6.7,96.0,https://static.cupid.travel/hotels/537378940.jpg,liteapi
lpaaeba,Hotel Abode by Shree Venkateshwara,hotel,17.405312,78.464447,3.0,,,False,7.6,3.0,https://static.cupid.travel/hotels/ex_0114b9ff_z.jpg,liteapi
lp3d9b8,Ohris Banjara,hotel,17.408447,78.43898,3.0,,,False,6.6,20.0,https://static.cupid.travel/hotels/ex_54f7f599_z.jpg,liteapi
lp656de1ea,"3BHK New, Luxury Flat - AC in Hyd only for Families 100 m from main road",hotel,17.347066,78.413837,,,,False,8.0,4.0,https://static.cupid.travel/hotels/559594509.jpg,liteapi
lp656c395d,Fabhotel Prime Hampshire Plaza,hotel,17.406423,78.46545,3.0,,,False,8.0,1.0,https://static.cupid.travel/hotels/ex_07472e53_z.jpg,liteapi
lp2360e8,Shepherd Stories - Hostel,hostel,17.417098,78.413827,1.0,,,False,8.0,1.0,https://static.cupid.travel/hotels/ex_87e69238_z.jpg,liteapi
lp54f69,Guest inn Suites,hotel,17.420267,78.443468,3.0,,,False,8.0,1.0,https://static.cupid.travel/hotels/ex_38c2e24e_z.jpg,liteapi
lpc86ee,OYO 8271 Elite Homes,hotel,17.426994,78.43565,3.0,,,False,8.0,1.0,https://static.cupid.travel/hotels/ex_f2e0b194_z.jpg,liteapi
lp226298,OYO 29928 Royal Emirates Banjara,hotel,17.427211,78.451063,3.0,,,False,8.0,1.0,https://static.cupid.travel/hotels/ex_9f162952_z.jpg,liteapi
lpe6222,OYO 12663 Abode Platina,hotel,17.43989,78.38662,3.0,,,False,8.0,1.0,https://static.cupid.travel/hotels/ex_56e1fa6f_z.jpg,liteapi
lp656e88da,"BluO 1BHK Hitech City - Gym, Terrace Garden, Lift",hotel,17.439901,78.38328,3.0,,,False,8.0,2.0,https://static.cupid.travel/hotels/331944810.jpg,liteapi
lp82199,Horizon Residency,hotel,17.445666,78.392363,3.0,,,False,8.0,1.0,https://static.cupid.travel/hotels/ex_37ab717c_z.jpg,liteapi
lp8167c,The Iconhomes,hotel,17.450347,78.380152,3.0,,,False,8.0,1.0,https://static.cupid.travel/hotels/ex_d0bf85a6_z.jpg,liteapi
lp656bc846,Fabhotel Sri Karthikeya Grand,hotel,17.484483,78.380522,3.0,,,False,8.0,1.0,https://static.cupid.travel/hotels/ex_66216ee6_z.jpg,liteapi
lp6573780b,Super Hotel O R Square Uppal,hotel,17.402256,78.56625,4.0,,,False,6.2,38.0,https://static.cupid.travel/hotels/509710675.jpg,liteapi
lp2ee5c,Amrutha Castle,hotel,17.407818,78.469173,3.0,,,False,6.4,17.0,https://static.cupid.travel/hotels/ex_3373ef00_z.jpg,liteapi
lp655ad8de,Hill View Hitech City,hotel,17.45566,78.37396,,,,False,6.9,61.0,https://static.cupid.travel/hotels/281536736.jpg,liteapi
lp326650,Townhouse Rajdhani Residency,hotel,17.336445,78.579686,4.0,,,False,6.1,43.0,https://static.cupid.travel/hotels/506933067.jpg,liteapi
lp655977e9,Deccan Stay,hotel,17.362969,78.413312,,,,False,7.6,20.0,https://static.cupid.travel/hotels/503963812.jpg,liteapi
lp657af227,JJ HOMES,hotel,17.34831,78.4175,,,,False,7.1,7.0,https://static.cupid.travel/hotels/553016611.jpg,liteapi
lp657f5044,Hotel Sindhura Grand,hotel,17.360976,78.544717,,,,False,6.9,10.0,https://static.cupid.travel/hotels/462490526.jpg,liteapi
lp656bcb9a,The Superb Hotels,hotel,17.407576,78.469419,3.0,,,False,7.2,5.0,https://static.cupid.travel/hotels/ex_b8d4cab6_z.jpg,liteapi
lp7295f,The Palazzo,hotel,17.481856,78.394247,3.0,,,False,7.2,5.0,https://static.cupid.travel/hotels/ex_22c00c64_z.jpg,liteapi
lp1b254a,Hotel O Ramoji,hotel,17.369278,78.539083,4.0,,,False,6.0,42.0,https://static.cupid.travel/hotels/536674170.jpg,liteapi
lp65760549,Capital O Ragas Inn,hotel,17.335142,78.58271,3.0,,,False,6.1,35.0,https://static.cupid.travel/hotels/480602260.jpg,liteapi
lp656bca2b,Kranti Inn,hotel,17.48808,78.541312,2.0,,,False,7.4,3.0,https://static.cupid.travel/hotels/ex_5812dc57_z.jpg,liteapi
lp655ad8f8,Capital O Sai Balaji Near Golconda Fort,hotel,17.363539,78.394516,3.0,,,False,6.7,69.0,https://static.cupid.travel/hotels/613798033.jpg,liteapi
lp656b3bea,Swan Suites Madhapur,hotel,17.445465,78.384712,,,,False,6.8,58.0,https://static.cupid.travel/hotels/118490031.jpg,liteapi
lp6565918f,Visitors Lounge by MMG - 2&3BHK Furnished - Rd 12 Banjara Hills,hotel,17.408816,78.446628,3.0,,,False,7.2,27.0,https://static.cupid.travel/hotels/408998989.jpg,liteapi
lp655a83f7,Hotel O Aroma Classic Near Nampally Railway station,hotel,17.378871,78.472689,3.0,,,False,6.5,91.0,https://static.cupid.travel/hotels/518810164.jpg,liteapi
lp655b0c80,Hotel O Langar Houz Near Golconda Fort,hotel,17.377067,78.420587,4.0,,,False,6.8,51.0,https://static.cupid.travel/hotels/447392081.jpg,liteapi
lp5727a,GIS Select Banjara  Hills,hotel,17.420686,78.443702,3.0,,,False,5.4,5.0,https://static.cupid.travel/hotels/ex_fa6ab562_z.jpg,liteapi
lp6559b33d,Hotel O Sri Residency Near Hyderabad Central,hotel,17.440596,78.45026,4.0,,,False,6.6,70.0,https://static.cupid.travel/hotels/476776658.jpg,liteapi
lp657716d7,Townhouse La Vista Inn Grand Hotel,hotel,17.40059,78.54142,4.0,,,False,6.7,17.0,https://static.cupid.travel/hotels/577909664.jpg,liteapi
lp656dda54,Hotel O 74966 Shree Amardeep Hotel,hotel,17.43471,78.4879,2.0,,,False,6.4,17.0,https://static.cupid.travel/hotels/460661820.jpg,liteapi
lp65730c7e,Viera Elite - Jubilee Hills,hotel,17.416988,78.412155,2.0,,,False,6.2,34.0,https://static.cupid.travel/hotels/491076706.jpg,liteapi
lp657e807b,Townhouse CASA GRAND HIMAYATNAGAR,hotel,17.39652,78.49126,4.0,,,False,6.4,18.0,https://static.cupid.travel/hotels/615051270.jpg,liteapi
lp6574b613,NK Homes - Urban Serviced Apartments,hotel,17.40802,78.3992,,,,False,6.6,11.0,https://static.cupid.travel/hotels/592947146.jpg,liteapi
lp655b991b,Townhouse Ameerpet,hotel,17.438482,78.44191,4.0,,,False,6.2,123.0,https://static.cupid.travel/hotels/617358341.jpg,liteapi
lp70227,Luminous One Continent,hotel,17.392449,78.477283,3.0,,,False,7.0,5.0,https://static.cupid.travel/hotels/ex_81738b46_z.jpg,liteapi
lp9721e,Treebo Srico,hotel,17.413692,78.422244,3.0,,,False,7.0,5.0,https://static.cupid.travel/hotels/ex_798a23fc_z.jpg,liteapi
lp6578f23e,Hotel O Vaishnavi Grand,hotel,17.45169,78.39961,3.0,,,False,6.5,12.0,https://static.cupid.travel/hotels/620111538.jpg,liteapi
lp657ee9eb,Siddi Vinayaka hotel,hotel,17.389937,78.493373,2.0,,,False,5.6,59.0,https://static.cupid.travel/hotels/541119101.jpg,liteapi
lp6579f8fe,Capital O Grand Himayat,hotel,17.40169,78.48583,3.0,,,False,5.7,47.0,https://static.cupid.travel/hotels/475124663.jpg,liteapi
lp655a6b4d,Super Townhouse 359 Begumpet Near Hyderabad Central,hotel,17.438199,78.4562,4.0,,,False,5.9,109.0,https://static.cupid.travel/hotels/617994626.jpg,liteapi
lp65592798,Hotel New Maruthi Inn,hotel,17.351058,78.555859,2.0,,,False,8.0,,https://static.cupid.travel/hotels/ex_fb445262_z.jpg,liteapi
lp65800006,Hacana Millenium Hotel,hotel,17.4505,78.387076,,,,False,8.0,,https://static.cupid.travel/hotels/ex_ed33d6d9_z.jpg,liteapi
lpf763e,Park Continental,hotel,17.39938,78.44809,3.0,,,False,6.4,13.0,https://static.cupid.travel/hotels/ex_0dd31ac9_z.jpg,liteapi
lp656e2141,HIVEE-1 Rooms & Living AC,hotel,17.4456,78.38206,,,,False,6.6,9.0,https://static.cupid.travel/hotels/523786513.jpg,liteapi
lp6576073e,Hotel O PLAZA HOTEL,hotel,17.343721,78.54799,3.0,,,False,6.8,6.0,https://static.cupid.travel/hotels/616708648.jpg,liteapi
lp656edd86,A V Flat 2BHK,hotel,17.395193,78.460344,,,,False,7.0,5.0,https://static.cupid.travel/hotels/614150145.jpg,liteapi
lp1b4e55,Super Hotel O MG Road Raniganj Formerly Holiday Hotel,hotel,17.433582,78.488786,3.0,,,False,5.4,76.0,https://static.cupid.travel/hotels/608150601.jpg,liteapi
lp65826adb,Hotel Everest,hotel,17.43374,78.501596,1.0,,,False,5.9,31.0,https://static.cupid.travel/hotels/124035297.jpg,liteapi
lp657c67ca,Super Townhouse Hitech City Near Yashoda Hospital,hotel,17.46713,78.381467,4.0,,,False,6.0,26.0,https://static.cupid.travel/hotels/607061326.jpg,liteapi
lp655bd01c,Super Hotel O Alpine Glow Crest,hotel,17.443809,78.509878,3.0,,,False,6.2,90.0,https://static.cupid.travel/hotels/544607047.jpg,liteapi
lp655ad8ed,OYO Townhouse 1072 Rks Prestige,hotel,17.4554,78.39336,3.0,,,False,6.8,31.0,https://static.cupid.travel/hotels/447267382.jpg,liteapi
lp4e8ef,Palette - Hotel Trishul Grand,hotel,17.440602,78.3919,3.0,,,False,6.8,5.0,https://static.cupid.travel/hotels/ex_93c77295_z.jpg,liteapi
lp657792b8,Hotel O Regal Near Paradise Circle,hotel,17.442415,78.487175,3.0,,,False,5.5,51.0,https://static.cupid.travel/hotels/518760153.jpg,liteapi
lp655d31f8,Mahas Inn,hotel,17.432428,78.37408,,,,False,6.4,66.0,https://static.cupid.travel/hotels/119861786.jpg,liteapi
lp6558b6ff,"Itsy Hotels Infinity, Hitech City",hotel,17.460606,78.383623,2.0,,,False,,13.0,https://static.cupid.travel/hotels/ex_ecaa5d76_z.jpg,liteapi
lpf968c,Super Hotel O Vaishnavi Inn,hotel,17.433848,78.487819,3.0,,,False,5.3,66.0,https://static.cupid.travel/hotels/598751314.jpg,liteapi
lp657475cd,HOTEL O SAI PARIWAR HOTEL,hotel,17.39154,78.49368,4.0,,,False,5.2,76.0,https://static.cupid.travel/hotels/505051776.jpg,liteapi
lp657c8c35,Z Inn Gachibowli Hyderabad,hotel,17.420286,78.382098,,,,False,7.4,5.0,https://static.cupid.travel/hotels/573801534.jpg,liteapi
lp655ad8f7,Hotel Iris Atnest Madhapur - A Business Hotel,hotel,17.451555,78.388038,3.0,,,False,6.0,93.0,https://static.cupid.travel/hotels/460976345.jpg,liteapi
lp657a510f,Townhouse VIP Hills Hitech City,hotel,17.447315,78.385324,4.0,,,False,5.1,99.0,https://static.cupid.travel/hotels/616381437.jpg,liteapi
lp656c3c16,Grand Manor Suites,hotel,17.339877,78.424821,,,,False,6.4,8.0,https://static.cupid.travel/hotels/507592313.jpg,liteapi
lp656b3bdc,HILL VIEW (VOILA TRANQUIL'N) BEGUMPET,hotel,17.441127,78.476552,3.0,,,False,6.5,42.0,https://static.cupid.travel/hotels/281539308.jpg,liteapi
lp656748d0,Cosy Banjara Guest House,hotel,17.420468,78.45791,3.0,,,False,7.2,12.0,https://static.cupid.travel/hotels/58720164.jpg,liteapi
lp657b3b0f,Super Capital O Prestige,hotel,17.442038,78.48629,3.0,,,False,6.1,20.0,https://static.cupid.travel/hotels/592686058.jpg,liteapi
lp236ab7,Incredible One Hotel,hotel,17.442333,78.490441,3.0,,,False,6.6,5.0,https://static.cupid.travel/hotels/ex_c8afa23f_z.jpg,liteapi
lp655ad8f6,Via The Dream Elite,hotel,17.403664,78.39069,3.0,,,False,6.2,58.0,https://static.cupid.travel/hotels/527275384.jpg,liteapi
lp655a7ee8,THE CENT HOTEL,hotel,17.406315,78.463121,3.0,,,False,,34.0,https://static.cupid.travel/hotels/421561038.jpg,liteapi
lp657b9d07,Hotel O Vaishnavi Classic,hotel,17.44047,78.48608,3.0,,,False,6.2,10.0,https://static.cupid.travel/hotels/600600466.jpg,liteapi
lp6572352c,"Hotel New Maruthi Inn, LB Nagar",hotel,17.3532,78.55635,3.0,,,False,5.9,17.0,https://static.cupid.travel/hotels/621652688.jpg,liteapi
lp65821778,Hotel Diamond,hotel,17.435395,78.503592,3.0,,,False,5.1,86.0,https://static.cupid.travel/hotels/442494647.jpg,liteapi
lpd0cc1,Collection O Alekhya Residency,hotel,17.406694,78.465119,3.0,,,False,5.3,56.0,https://static.cupid.travel/hotels/473016215.jpg,liteapi
lp6581cd04,Fresh Living Prime Hitech Service Apartments,hotel,17.441499,78.384554,3.0,,,False,6.7,5.0,https://static.cupid.travel/hotels/539775533.jpg,liteapi
lp657e5762,Super Collection O Pnr International Mehdipatnam,hotel,17.395666,78.45492,4.0,,,False,5.3,40.0,https://static.cupid.travel/hotels/532396174.jpg,liteapi
lp65750c82,Collection O Sri Nirvana Edge,hotel,17.431859,78.443055,4.0,,,False,6.0,13.0,https://static.cupid.travel/hotels/610784909.jpg,liteapi
lpb1b36,Hotel Bhavani Lodge,hotel,17.37435,78.49914,,,,False,5.9,13.0,https://static.cupid.travel/hotels/601876712.jpg,liteapi
lp65832b09,Hotel Gayathri,hotel,17.393945,78.470504,3.0,,,False,6.4,5.0,https://static.cupid.travel/hotels/284426170.jpg,liteapi
lp6580ffa1,Townhouse Jahnavi Group,hotel,17.48506,78.38758,3.0,,,False,6.3,6.0,https://static.cupid.travel/hotels/588391448.jpg,liteapi
lp655bbf86,Hotel O White Ridge,hotel,17.36037,78.54349,4.0,,,False,6.0,60.0,https://static.cupid.travel/hotels/487220738.jpg,liteapi
lp65761127,S V ORCHID HOMESTAY,hotel,17.41823,78.40372,4.0,,,False,6.5,4.0,https://static.cupid.travel/hotels/553099348.jpg,liteapi
lp655ad8ee,Hotel O Alpine glow Zenith,hotel,17.45667,78.478676,4.0,,,False,6.1,49.0,https://static.cupid.travel/hotels/579163643.jpg,liteapi
lp6576c19d,Super Hotel O Qualia Grand,hotel,17.429981,78.426108,4.0,,,False,5.7,20.0,https://static.cupid.travel/hotels/598619422.jpg,liteapi
lp6575965e,Hotel O Mint Leaves Near Alcazar Mall,hotel,17.42683,78.42043,3.0,,,False,5.4,28.0,https://static.cupid.travel/hotels/545818580.jpg,liteapi
lp658563d3,Brundavan,hotel,17.43568,78.4831,2.0,,,False,6.1,8.0,https://static.cupid.travel/hotels/530247423.jpg,liteapi
lp65742b80,Hotel Loki's Forest Inn,hotel,17.355481,78.556166,2.0,,,False,7.0,1.0,https://static.cupid.travel/hotels/ex_276bc72c_z.jpg,liteapi
lp65671206,Fabhotel A&M,hotel,17.422363,78.429005,3.0,,,False,8.0,1.0,https://static.cupid.travel/hotels/ex_d02897fe_z.jpg,liteapi
lp6582cd69,Hotel srishoin,hotel,17.446044,78.380035,3.0,,,False,7.0,1.0,https://static.cupid.travel/hotels/ex_744f65dc_z.jpg,liteapi
lp6570a12d,302 Mee homes Madhapur,hotel,17.453757,78.395706,3.0,,,False,7.0,2.0,https://static.cupid.travel/hotels/579868500.jpg,liteapi
lpfff71,Sapphire Asta Apartments,hotel,17.455073,78.392148,3.0,,,False,,1.0,https://static.cupid.travel/hotels/587688303.jpg,liteapi
lp655bac2b,FabHotel Fortune Grand - Nr Lakdikapul Metro Station,hotel,17.404036,78.461102,3.0,,,False,6.3,34.0,https://static.cupid.travel/hotels/434708984.jpg,liteapi
lp657a2e27,Gis Select Banjara Hill,hotel,17.420844,78.443736,3.0,,,False,5.8,13.0,https://static.cupid.travel/hotels/460383504.jpg,liteapi
lp657c780b,Supraja Cyber View,hotel,17.452163,78.380979,3.0,,,False,6.2,7.0,https://static.cupid.travel/hotels/515818327.jpg,liteapi
lp656ec122,Super Hotel O Vaishnavi Palace,hotel,17.436668,78.48799,4.0,,,False,4.9,63.0,https://static.cupid.travel/hotels/615098994.jpg,liteapi
lp5007c,Ohris Baseraa Inn,hotel,17.40507,78.476665,3.0,,,False,5.6,17.0,https://static.cupid.travel/hotels/ex_5bd5e5b5_z.jpg,liteapi
lp65878749,"Hotel Grand Continent Premier Banjara Hills, Hyderabad",hotel,17.42968,78.431621,3.0,,,False,6.0,8.0,https://static.cupid.travel/hotels/ex_c2d925d0_z.jpg,liteapi
lp6577e8d2,Collection O THE CROWN HOTEL,hotel,17.433722,78.445045,4.0,,,False,4.5,111.0,https://static.cupid.travel/hotels/470631357.jpg,liteapi
lp65820eda,Jubilee Homes,hotel,17.429134,78.425453,,,,False,5.3,36.0,https://static.cupid.travel/hotels/585370349.jpg,liteapi
lp657bcc35,HOTEL O VASISTA RESIDENCY,hotel,17.352995,78.55424,3.0,,,False,6.2,6.0,https://static.cupid.travel/hotels/547104079.jpg,liteapi
lp657707cf,Super Hotel O Sai Manikanta Homes,hotel,17.43698,78.48456,3.0,,,False,5.5,18.0,https://static.cupid.travel/hotels/609101777.jpg,liteapi
lp657b8aa3,Townhouse OAK BHOOJA HOTELS,hotel,17.39066,78.42308,4.0,,,False,4.8,55.0,https://static.cupid.travel/hotels/609080299.jpg,liteapi
lp655ba53f,Super Hotel O Dk Reddy Square,hotel,17.46149,78.56325,3.0,,,False,6.3,23.0,https://static.cupid.travel/hotels/515380671.jpg,liteapi
lpac9e2,Falcons Nest La riviera,hotel,17.437542,78.3896,3.0,,,False,4.8,5.0,https://static.cupid.travel/hotels/ex_d086019f_z.jpg,liteapi
lp6571ccdf,Elegant - 3BHK AC Villa with Lawn BanjaraHills HYD,hotel,17.411537,78.444423,3.0,,,False,6.3,6.0,https://static.cupid.travel/hotels/500785277.jpg,liteapi
lp65763923,Hotel O Heavens Inn,hotel,17.429861,78.42631,4.0,,,False,5.8,9.0,https://static.cupid.travel/hotels/612109248.jpg,liteapi
lp657a147f,HILL VIEW JUBILEE HILLS,hotel,17.42047,78.40392,,,,False,5.7,9.0,https://static.cupid.travel/hotels/281546661.jpg,liteapi
lp4e8fb,SG Comforts,hotel,17.389815,78.477659,3.0,,,False,6.0,5.0,https://static.cupid.travel/hotels/ex_38e8287d_z.jpg,liteapi
lpad00d,FabHotel Prowell HiTech City,hotel,17.446308,78.3805,3.0,,,False,6.0,5.0,https://static.cupid.travel/hotels/ex_35803c93_z.jpg,liteapi
lp65777dbb,Hotel O Rsquare Elite,hotel,17.347661,78.552176,4.0,,,False,5.7,8.0,https://static.cupid.travel/hotels/577393358.jpg,liteapi
lpad024,Fresh Living Prime Hi Tech,hotel,17.441292,78.384463,3.0,,,False,7.0,,https://static.cupid.travel/hotels/ex_9122bbea_z.jpg,liteapi
lp6581f8c0,Ssapphire Asta Apartments,hotel,17.44643,78.380198,3.0,,,False,7.0,,https://static.cupid.travel/hotels/ex_e679a42f_z.jpg,liteapi
lp65735c93,Hotel O R Square Grand,hotel,17.336218,78.55109,4.0,,,False,5.6,9.0,https://static.cupid.travel/hotels/619981570.jpg,liteapi
lp657c6283,Hotel O Rahul International Hyderabad,hotel,17.43947,78.48965,4.0,,,False,5.6,9.0,https://static.cupid.travel/hotels/588910911.jpg,liteapi
lp65739849,Hotel O Hi-Tech City Metro Station Formerly R K Serenity,hotel,17.466467,78.38326,3.0,,,False,5.6,9.0,https://static.cupid.travel/hotels/600874847.jpg,liteapi
lpf57d7,FabHotel Vinflora Banjara Hills,hotel,17.42955,78.42954,3.0,,,False,6.0,4.0,https://static.cupid.travel/hotels/ex_b54e0aa3_z.jpg,liteapi
lp81a1d,OYO 491 Apartment Hotel Namo Suites,hotel,17.441226,78.390971,3.0,,,False,6.0,4.0,https://static.cupid.travel/hotels/ex_923d0c94_z.jpg,liteapi
lp657ca87b,Super Collection O Jubilee Banjara Suites,hotel,17.415379,78.43211,4.0,,,False,4.6,49.0,https://static.cupid.travel/hotels/619694063.jpg,liteapi
lp6578f10b,Hotel O Shri Ganesh Residency,hotel,17.400127,78.490303,3.0,,,False,4.7,42.0,https://static.cupid.travel/hotels/609341680.jpg,liteapi
lp28f012,Westside Hotels,hotel,17.44755,78.37924,3.0,,,False,4.2,2.0,https://static.cupid.travel/hotels/ex_470d2ef9_z.jpg,liteapi
lp656c33e4,FabHotel SR Hitech City,hotel,17.444141,78.3826,3.0,,,False,5.1,21.0,https://static.cupid.travel/hotels/475220189.jpg,liteapi
lp655bac29,Hotel O R Square,hotel,17.36978,78.530162,4.0,,,False,6.4,11.0,https://static.cupid.travel/hotels/501084490.jpg,liteapi
lp657e6642,THE METRO INTERNATIONAL HOTEL,hotel,17.369936,78.476892,3.0,,,False,4.6,53.0,https://static.cupid.travel/hotels/527045769.jpg,liteapi
lpacfca,Deccan Comforts,hotel,17.407532,78.469805,3.0,,,False,5.8,5.0,https://static.cupid.travel/hotels/ex_ecb3a363_z.jpg,liteapi
lp657aa139,Collection O Golden Gate,hotel,17.45799,78.44669,4.0,,,False,5.0,21.0,https://static.cupid.travel/hotels/505478007.jpg,liteapi
lp656f5cd6,Hotel O S L N Grand,hotel,17.40101,78.564364,3.0,,,False,6.0,4.0,https://static.cupid.travel/hotels/567274673.jpg,liteapi
lp658775b3,The Cinco Bliss,hotel,17.420679,78.381829,3.0,,,False,6.0,3.0,https://static.cupid.travel/hotels/ex_7243d582_z.jpg,liteapi
lp657d2387,Hotel O Brundavan Residency,hotel,17.46925,78.42725,3.0,,,False,6.0,3.0,https://static.cupid.travel/hotels/616290482.jpg,liteapi
lp655a7565,Townhouse Madhapur Near Shilparamam,hotel,17.441153,78.392562,4.0,,,False,5.3,67.0,https://static.cupid.travel/hotels/447392885.jpg,liteapi
lp6574d5ac,FabHotel Srujana Stay Inn,hotel,17.395678,78.471115,3.0,,,False,4.1,94.0,https://static.cupid.travel/hotels/590188668.jpg,liteapi
lp6578da6f,Hotel O Nav Bharath Residency,hotel,17.379127,78.479299,3.0,,,False,4.3,70.0,https://static.cupid.travel/hotels/583299162.jpg,liteapi
lp655af4f7,FabHotel White Ridge LB Nagar,hotel,17.342924,78.554091,4.0,,,False,5.5,55.0,https://static.cupid.travel/hotels/615103465.jpg,liteapi
lp655a7529,Capital O White Ridge,hotel,17.36864,78.53167,3.0,,,False,5.5,46.0,https://static.cupid.travel/hotels/487297291.jpg,liteapi
lp655ba373,HZ INN,hotel,17.36145,78.47231,3.0,,,False,5.5,44.0,https://static.cupid.travel/hotels/402659152.jpg,liteapi
lp1dfa3d,Fabhotel Royal Residency Ii,hotel,17.40268,78.463208,3.0,,,False,6.0,1.0,https://static.cupid.travel/hotels/ex_69dcb5d0_z.jpg,liteapi
lp657a003c,Hotel O Surya Residency,hotel,17.44132,78.44851,4.0,,,False,4.6,36.0,https://static.cupid.travel/hotels/536180068.jpg,liteapi
lp656ddb48,Hotel O Vaishnavi Park,hotel,17.436745,78.496206,3.0,,,False,4.1,82.0,https://static.cupid.travel/hotels/553133398.jpg,liteapi
lp655a8408,Hotel Swagath Grand A.S. Rao Nagar,hotel,17.44909,78.52066,2.0,,,False,6.3,10.0,https://static.cupid.travel/hotels/49131294.jpg,liteapi
lp65777ad4,HOTEL O NEXOS UNIQUE SUITES,hotel,17.48526,78.38887,3.0,,,False,4.8,24.0,https://static.cupid.travel/hotels/622508160.jpg,liteapi
lp655ad8fe,OYO 76333 Newgen Grand,hotel,17.43341,78.49343,4.0,,,False,5.3,54.0,https://static.cupid.travel/hotels/553957990.jpg,liteapi
lp655ad8e4,ELITE ROOMS,hotel,17.42981,78.43404,,,,False,5.8,22.0,https://static.cupid.travel/hotels/289455570.jpg,liteapi
lp80cb7,"Collection O Regal Near ISKON TEMPLE , ABIDS",hotel,17.38781,78.47543,4.0,,,False,4.2,61.0,https://static.cupid.travel/hotels/447230791.jpg,liteapi
lp1015c3,Dwaraka Inn,hotel,17.417022,78.543951,3.0,,,False,5.6,5.0,https://static.cupid.travel/hotels/ex_5b0168c9_z.jpg,liteapi
lp6575cf1b,Super Hotel O Honey Rooms,hotel,17.45722,78.47811,3.0,,,False,5.6,5.0,https://static.cupid.travel/hotels/621614739.jpg,liteapi
lp6575f61a,Hotel O Raja Residency Near Snow World,hotel,17.416103,78.498929,3.0,,,False,4.5,36.0,https://static.cupid.travel/hotels/447116743.jpg,liteapi
lp656bce2a,Fabhotel Lio7 Grand,hotel,17.324736,78.556946,3.0,,,False,6.0,2.0,https://static.cupid.travel/hotels/ex_w3027h2018x1y1-e08ad1d9_z.jpg,liteapi
lp10c8f7,Nova Pride & Chennai tiffins,hotel,17.3392,78.56563,3.0,,,False,6.0,2.0,https://static.cupid.travel/hotels/ex_45989f19_z.jpg,liteapi
lp4e8f4,Hotel Rajmata Pvt Ltd.,hotel,17.39174,78.47029,2.0,,,False,6.0,2.0,https://static.cupid.travel/hotels/ex_c058ccf8_z.jpg,liteapi
lp65875a97,Olive Serviced Apartments Hitech City Hyderabad,hotel,17.440277,78.383234,3.0,,,False,6.0,2.0,https://static.cupid.travel/hotels/ex_be42507c_z.jpg,liteapi
lp65763afb,Collection O Park Heights Banjara Hills Near Gvk One Mall,hotel,17.42208,78.437675,4.0,,,False,3.9,93.0,https://static.cupid.travel/hotels/506327061.jpg,liteapi
lp239156,Flagship Neknampur Near Golconda Fort,hotel,17.39296,78.37784,3.0,,,False,4.7,23.0,https://static.cupid.travel/hotels/504293580.jpg,liteapi
lp655ad8c5,"FabHotel S Continental - Kachiguda Railway Station, Kachiguda",hotel,17.390248,78.49035,4.0,,,False,4.8,112.0,https://static.cupid.travel/hotels/595903138.jpg,liteapi
lp658345dc,Suprahbat Hotel,hotel,17.436641,78.504068,2.0,,,False,4.7,26.0,https://static.cupid.travel/hotels/596244047.jpg,liteapi
lp655ad8c8,Hotel O Ashoka Classic Near Gokul Chat,hotel,17.38764,78.48396,4.0,,,False,5.1,62.0,https://static.cupid.travel/hotels/606731768.jpg,liteapi
lp6576e38c,Hotel O Grandeur By orbit Hotels Near Chennai shopping mall,hotel,17.432587,78.44595,3.0,,,False,4.2,50.0,https://static.cupid.travel/hotels/470629849.jpg,liteapi
lp7c769,Hotel Geetanjali,hotel,17.39079,78.477664,2.0,,,False,5.4,5.0,https://static.cupid.travel/hotels/ex_7a6691a5_z.jpg,liteapi
lp656745a6,OYO Home Peaceful Stay Villa Near Miraj Cinemas - Shalini Shivani,hotel,17.37793,78.54393,,,,False,6.3,6.0,https://static.cupid.travel/hotels/hd/578500710.jpg,liteapi
lp655ba538,Townhouse Meridian Regency,hotel,17.386173,78.439965,4.0,,,False,4.9,73.0,https://static.cupid.travel/hotels/614526403.jpg,liteapi
lpf3617,Capital O Sri Suprabhat Grand Near Kachiguda Railway Station,hotel,17.390252,78.491744,3.0,,,False,4.3,47.0,https://static.cupid.travel/hotels/545058810.jpg,liteapi
lp3892b0,SPOT ON 43890 Kaveri Lodge,hotel,17.352434,78.5552,3.0,,,False,6.0,1.0,https://static.cupid.travel/hotels/ex_40d8e2a9_z.jpg,liteapi
lp656bcb6e,SYN Elite Residency,hotel,17.390668,78.469773,3.0,,,False,6.0,1.0,https://static.cupid.travel/hotels/ex_d79f1649_z.jpg,liteapi
lp6587f90e,Fabhotel Marjan International,hotel,17.394993,78.471125,3.0,,,False,6.0,1.0,https://static.cupid.travel/hotels/ex_e8164b69_z.jpg,liteapi
lp65865c2f,Melody mings,hotel,17.400345,78.542126,3.0,,,False,6.0,1.0,https://static.cupid.travel/hotels/ex_615b4b36_z.jpg,liteapi
lp656c2a64,FabExpress The Dream Elite,hotel,17.403657,78.39086,3.0,,,False,6.0,1.0,https://static.cupid.travel/hotels/ex_w3030h2018x0y0-74dd3aa3_z.jpg,liteapi
lp65866bfe,Treebo Pride inn Raidurg,hotel,17.420129,78.380177,,,,False,6.0,1.0,https://static.cupid.travel/hotels/ex_b74034fc_z.jpg,liteapi
lp656c38f3,Fabhotel Space Styling Inn,hotel,17.422381,78.42921,3.0,,,False,6.0,1.0,https://static.cupid.travel/hotels/ex_911ea454_z.jpg,liteapi
lp19d4ec,OYO 18529 Hallmark Inn Jubilee Hills,hotel,17.429617,78.40967,3.0,,,False,6.0,1.0,https://static.cupid.travel/hotels/ex_bd3b9fa2_z.jpg,liteapi
lp28ae27,Hotel Sagar Grand,hotel,17.435398,78.502239,3.0,,,False,6.0,1.0,https://static.cupid.travel/hotels/ex_7a5d694b_z.jpg,liteapi
lp219aa9,Hotel Parklane,hotel,17.440856,78.490004,2.0,,,False,6.0,1.0,https://static.cupid.travel/hotels/ex_4d920fb9_z.jpg,liteapi
lpc8714,OYO 6749 The Royal Nest,hotel,17.441098,78.394095,2.0,,,False,6.0,1.0,https://static.cupid.travel/hotels/ex_049aad58_z.jpg,liteapi
lp8407c,Royal Reve Hotel,hotel,17.441414,78.500482,3.0,,,False,6.0,1.0,https://static.cupid.travel/hotels/ex_2d4640b6_z.jpg,liteapi
lp1fccb6,Treebo Trip Padmini,hotel,17.441936,78.498463,3.0,,,False,6.0,1.0,https://static.cupid.travel/hotels/ex_33ba3f05_z.jpg,liteapi
lp6585c9b3,"FabHotel Prime Cozy - Nr Yashoda Hospital, Hitech City",hotel,17.45109,78.3949,3.0,,,False,6.0,1.0,https://static.cupid.travel/hotels/ex_8f0cdcca_z.jpg,liteapi
lp6585eaf5,Landcorp hotels,hotel,17.45166,78.387733,2.0,,,False,6.0,1.0,https://static.cupid.travel/hotels/ex_22b8e027_z.jpg,liteapi
lp655ad8d9,SPOT ON Pnd Complex,hotel,17.3219,78.5204,2.0,,,False,5.1,49.0,https://static.cupid.travel/hotels/579866052.jpg,liteapi
lp655a706b,Shanthaa Residency,hotel,17.36244,78.54361,4.0,,,False,6.2,6.0,https://static.cupid.travel/hotels/hd/584274728.jpg,liteapi
lp56e0a,Mandakini Jaya International,hotel,17.388103,78.477667,3.0,,,False,4.6,16.0,https://static.cupid.travel/hotels/ex_4b2e3cf8_z.jpg,liteapi
lp655b1073,Hotel O HRR Hotels Near Paradise circle,hotel,17.442464,78.487382,4.0,,,False,5.2,33.0,https://static.cupid.travel/hotels/476860204.jpg,liteapi
lp877dc,Tabla Pride Hotel & Spa,hotel,17.412092,78.449756,3.0,,,False,5.2,5.0,https://static.cupid.travel/hotels/ex_be79086e_z.jpg,liteapi
lp7ded4,Halcyon Suites,hotel,17.447185,78.389945,3.0,,,False,5.2,5.0,https://static.cupid.travel/hotels/ex_89f42638_z.jpg,liteapi
lp657b805c,Hotel O Shirdi Blissful Residency,hotel,17.40572,78.48769,3.0,,,False,4.6,15.0,https://static.cupid.travel/hotels/579863109.jpg,liteapi
lp655a6d4b,Hotel O Pariwar Inn,hotel,17.372704,78.475972,3.0,,,False,6.0,7.0,https://static.cupid.travel/hotels/606411114.jpg,liteapi
lp6574bef9,FabHotel DSR Suites - Nr Hitech City Railway Station,hotel,17.467222,78.39567,4.0,,,False,4.7,13.0,https://static.cupid.travel/hotels/620344372.jpg,liteapi
lp655a6f63,Vrindavan Comfort Inn,hotel,17.422683,78.457116,1.0,,,False,4.9,45.0,https://static.cupid.travel/hotels/363409283.jpg,liteapi
lp65812078,Eleven Views by Fracspace,hotel,17.413633,78.447439,,,,False,5.5,2.0,https://static.cupid.travel/hotels/561371946.jpg,liteapi
lp65707220,Super Hotel O S P R Luxury Rooms,hotel,17.33695,78.55032,4.0,,,False,5.0,5.0,https://static.cupid.travel/hotels/611322285.jpg,liteapi
lp657a2da3,Collection O Happy Stay Near Hyderabad Central,hotel,17.4452,78.47025,4.0,,,False,3.9,33.0,https://static.cupid.travel/hotels/498018319.jpg,liteapi
lp656bc3f9,Fabhotel Prime Syn Grand,hotel,17.337344,78.551152,3.0,,,False,6.0,,https://static.cupid.travel/hotels/ex_b8ed43e2_z.jpg,liteapi
lp65863197,Hotel New Maruthi Residency Inn,hotel,17.353181,78.556408,3.0,,,False,6.0,,https://static.cupid.travel/hotels/ex_87dee1ce_edited_56c6_z.jpg,liteapi
lp6586989a,Euphoria Penthouse,hotel,17.361784,78.407166,3.0,,,False,6.0,,https://static.cupid.travel/hotels/ex_2018762f_z.jpg,liteapi
lp656c397b,Fabhotel Skycity,hotel,17.362641,78.394904,3.0,,,False,6.0,,https://static.cupid.travel/hotels/ex_d72277fb_z.jpg,liteapi
lp6585e504,Vaaraahi Hotel,hotel,17.368146,78.536017,3.0,,,False,6.0,,https://static.cupid.travel/hotels/ex_46f76185_z.jpg,liteapi
lp656bd22e,Fabexpress Venkateswara Atidhi,hotel,17.374005,78.549882,3.0,,,False,6.0,,https://static.cupid.travel/hotels/ex_24539fa8_z.jpg,liteapi
lp65867f99,Hotel Naveena Grand,hotel,17.37732,78.426727,3.0,,,False,6.0,,https://static.cupid.travel/hotels/ex_w1290h956x0y0-809ab404_z.jpg,liteapi
lp1e362e,FabHotel My Choice Abids,hotel,17.383813,78.474125,3.0,,,False,6.0,,https://static.cupid.travel/hotels/ex_bede1f5a_z.jpg,liteapi
lp99611,Hotel Hollyhock,hotel,17.392301,78.469443,3.0,,,False,6.0,,https://static.cupid.travel/hotels/ex_6070e19f_z.jpg,liteapi
lp6586181b,Quality Inn Residency Hyderabad,hotel,17.392871,78.470482,3.0,,,False,6.0,,https://static.cupid.travel/hotels/ex_a7f7bf0c_z.jpg,liteapi
lp65861df1,Fabhotel Rr Living Grand,hotel,17.393005,78.376486,3.0,,,False,6.0,,https://static.cupid.travel/hotels/ex_e1a5516c_z.jpg,liteapi
lp6580dce1,Fabhotel Opal Residency,hotel,17.393694,78.47126,3.0,,,False,6.0,,https://static.cupid.travel/hotels/ex_527a3989_z.jpg,liteapi
lpc86b9,OYO 674 Apartment Hotel Manar Luxury Suites,hotel,17.395273,78.449924,3.0,,,False,6.0,,https://static.cupid.travel/hotels/ex_9cabd115_z.jpg,liteapi
lp65829aaf,Fabhotel Maruthi Residency,hotel,17.40039,78.46249,3.0,,,False,6.0,,https://static.cupid.travel/hotels/ex_b18660b1_z.jpg,liteapi
lp658491c8,FabHotel Starhood,hotel,17.402119,78.377207,3.0,,,False,6.0,,https://static.cupid.travel/hotels/ex_2e5b713d_z.jpg,liteapi
lp658635d6,HOTEL NEW MEREDIAN ORCHID,hotel,17.402628,78.460863,3.0,,,False,6.0,,https://static.cupid.travel/hotels/ex_01c52d15_z.jpg,liteapi
lp1d343d,SKYLA Serviced Apartments - Lotus Pond,hotel,17.40985,78.42065,3.0,,,False,6.0,,https://static.cupid.travel/hotels/ex_bea1f69a_z.jpg,liteapi
lp65861d36,Fabhotel Vgr Comforts,hotel,17.410299,78.461224,3.0,,,False,6.0,,https://static.cupid.travel/hotels/ex_37da8fda_z.jpg,liteapi
lp657b8ed4,Treebo The Living Tree Khairatabad,hotel,17.410369,78.460197,,,,False,6.0,,https://static.cupid.travel/hotels/ex_7c575f5b_z.jpg,liteapi
lp65869d4c,Hotel Luxury Stay Inn,hotel,17.412475,78.423869,3.0,,,False,6.0,,https://static.cupid.travel/hotels/ex_d21dac92_z.jpg,liteapi
lp1d44fd,SKYLA Serviced Apartments Banjara Hills,hotel,17.414,78.4487,3.0,,,False,6.0,,https://static.cupid.travel/hotels/ex_45fa49ea_z.jpg,liteapi
lp656bd786,Hotel NS Royal Emirates,hotel,17.416418,78.414502,3.0,,,False,6.0,,https://static.cupid.travel/hotels/ex_a8de6229_z.jpg,liteapi
lp500e7,OYO 10209 Hotel AVS Sweet Magic,hotel,17.41711,78.39035,3.0,,,False,6.0,,https://static.cupid.travel/hotels/ex_5e82d70a_z.jpg,liteapi
lp38ac72,IStayHotels  Jubilee Hills  Hyderabad,hotel,17.417244,78.412239,3.0,,,False,6.0,,https://static.cupid.travel/hotels/ex_38dc6466_z.jpg,liteapi
lp657b8a01,Fabhotel Sv Orchids Jubilee Hills,hotel,17.418112,78.403027,3.0,,,False,6.0,,https://static.cupid.travel/hotels/ex_d25c6718_z.jpg,liteapi
lp6585b4d0,Fabhotel Seri,hotel,17.418487,78.379678,3.0,,,False,6.0,,https://static.cupid.travel/hotels/ex_b232b187_z.jpg,liteapi
lp658677d2,Seri Hotels,hotel,17.419177,78.3816,3.0,,,False,6.0,,https://static.cupid.travel/hotels/ex_a37478ac_z.jpg,liteapi
lp6bdb7,Hill View Serviced Apartments,hotel,17.42193,78.39969,3.0,,,False,6.0,,https://static.cupid.travel/hotels/ex_6ae99099_z.jpg,liteapi
lp6586819a,"Fabhotel Cinco Primera Nr LV Prasad, Banjara Hills",hotel,17.422206,78.43228,3.0,,,False,6.0,,https://static.cupid.travel/hotels/ex_a674d34c_z.jpg,liteapi
lp65863a2b,Hotel royal inn,hotel,17.430264,78.438343,3.0,,,False,6.0,,https://static.cupid.travel/hotels/ex_w1281h850x4y11-4e4d25b7_z.jpg,liteapi
lp657a0cba,Fabhotel De Alphabet Ii,hotel,17.434944,78.437094,,,,False,6.0,,https://static.cupid.travel/hotels/ex_f1d44413_z.jpg,liteapi
lp6582d9b4,FabHotel Metro,hotel,17.435382,78.504644,3.0,,,False,6.0,,https://static.cupid.travel/hotels/ex_ee8a2ddc_z.jpg,liteapi
lpad13a,Hotel Lotus Grand,hotel,17.4357,78.501013,3.0,,,False,6.0,,https://static.cupid.travel/hotels/ex_dd76b9d2_z.jpg,liteapi
lpf4a6c,OYO 15928 Hotel Midtown,hotel,17.436894,78.456369,3.0,,,False,6.0,,https://static.cupid.travel/hotels/ex_7eeef33c_z.jpg,liteapi
lp6556c890,Room-economy Ac Room Near Inorbit Mall M,hotel,17.437455,78.389581,3.0,,,False,6.0,,https://static.cupid.travel/hotels/ex_8e11dec7_z.jpg,liteapi
lpea913,OYO 11376 Golden Park,hotel,17.43764,78.44863,3.0,,,False,6.0,,https://static.cupid.travel/hotels/ex_95e3c68e_z.jpg,liteapi
lp65762efc,Fabhotel Wr Grand I,hotel,17.44076,78.505187,3.0,,,False,6.0,,https://static.cupid.travel/hotels/ex_2e68f7e9_z.jpg,liteapi
lp656c35c6,Fabhotel Prime Am Suites,hotel,17.442282,78.496628,3.0,,,False,6.0,,https://static.cupid.travel/hotels/ex_446c168c_z.jpg,liteapi
lp656c2820,FabHotel Frenotel - Madhapur,hotel,17.44294,78.384171,3.0,,,False,6.0,,https://static.cupid.travel/hotels/ex_092b612a_z.jpg,liteapi
lp65863983,Hotel my place,hotel,17.443059,78.44051,3.0,,,False,6.0,,https://static.cupid.travel/hotels/ex_9871e921_z.jpg,liteapi
lp65813d1a,Fabhotel Prime Landridge,hotel,17.44312,78.396706,3.0,,,False,6.0,,https://static.cupid.travel/hotels/ex_fe26368f_z.jpg,liteapi
lp656c202a,Fabhotel Nera Regency,hotel,17.444635,78.386085,3.0,,,False,6.0,,https://static.cupid.travel/hotels/ex_27eb7775_z.jpg,liteapi
lp65868366,Whiteridge Premium Hotel Hitech city,hotel,17.445131,78.378664,3.0,,,False,6.0,,https://static.cupid.travel/hotels/ex_b97d430f_z.jpg,liteapi
lp6558ed4b,Treebo Shubham SR Nagar,hotel,17.44549,78.440732,3.0,,,False,6.0,,https://static.cupid.travel/hotels/ex_82a87eee_z.jpg,liteapi
lp6585a426,Fabhotel Living Tree,hotel,17.445874,78.444288,3.0,,,False,6.0,,https://static.cupid.travel/hotels/ex_ebc92243_z.jpg,liteapi
lp6580de4f,Oriva Srishoin,hotel,17.446151,78.380197,3.0,,,False,6.0,,https://static.cupid.travel/hotels/ex_94b08b57_z.jpg,liteapi
lp656bc297,Fabhotel Prime Cloud 5 Studios,hotel,17.446598,78.380909,3.0,,,False,6.0,,https://static.cupid.travel/hotels/ex_e911e258_z.jpg,liteapi
lp657dd9c7,FabHotel Prime Prowell Crown,hotel,17.446842,78.378912,3.0,,,False,6.0,,https://static.cupid.travel/hotels/ex_8ce2a149_z.jpg,liteapi
lp657f0492,Fabexpress Bb Suites,hotel,17.446954,78.380237,3.0,,,False,6.0,,https://static.cupid.travel/hotels/ex_a89f379d_z.jpg,liteapi
lp657f04a3,Fabexpress Blue Dawn,hotel,17.448614,78.38674,3.0,,,False,6.0,,https://static.cupid.travel/hotels/ex_08b566ae_z.jpg,liteapi
lp656c3909,Fabexpress Gg Residency,hotel,17.449394,78.387387,3.0,,,False,6.0,,https://static.cupid.travel/hotels/ex_f439cc78_z.jpg,liteapi
lp656bd4e9,Fabhotel Q Suites,hotel,17.452004,78.399077,3.0,,,False,6.0,,https://static.cupid.travel/hotels/ex_4996d20c_z.jpg,liteapi
lp656c392b,Fabhotel Silicon Valley Madhapur,hotel,17.45203,78.38907,3.0,,,False,6.0,,https://static.cupid.travel/hotels/ex_06c018b8_z.jpg,liteapi
lp657c1886,Fabhotel Sk Grand,hotel,17.452125,78.389359,3.0,,,False,6.0,,https://static.cupid.travel/hotels/ex_9bcd5f90_z.jpg,liteapi
lp6585c2cb,Treebo De Alphabet Nagole,hotel,17.452129,78.532122,3.0,,,False,6.0,,https://static.cupid.travel/hotels/ex_2e50a34e_z.jpg,liteapi
lp656c391a,Fabhotel Stone Gallery,hotel,17.452514,78.389657,3.0,,,False,6.0,,https://static.cupid.travel/hotels/ex_0da801ba_z.jpg,liteapi
lp2261e9,OYO 30151 Golden Hive,hotel,17.453322,78.394586,3.0,,,False,6.0,,https://static.cupid.travel/hotels/ex_87500aba_z.jpg,liteapi
lp6586a6c1,Fabhotel Frendz,hotel,17.453626,78.387531,3.0,,,False,6.0,,https://static.cupid.travel/hotels/ex_7410def0_z.jpg,liteapi
lp6581aabd,Fabhotel Royal Signature,hotel,17.454839,78.387528,3.0,,,False,6.0,,https://static.cupid.travel/hotels/ex_w3000h1784x0y108-c8ceb057_z.jpg,liteapi
lp657fddae,Fabhotel Lavish Palms,hotel,17.454886,78.381167,3.0,,,False,6.0,,https://static.cupid.travel/hotels/ex_d6623272_z.jpg,liteapi
lp657e277d,Fabhotel Pearl City,hotel,17.455704,78.373772,3.0,,,False,6.0,,https://static.cupid.travel/hotels/ex_89ed030c_z.jpg,liteapi
lp658675e5,Fabhotel Joy Stayz,hotel,17.456774,78.387045,3.0,,,False,6.0,,https://static.cupid.travel/hotels/ex_6746b583_z.jpg,liteapi
lp1d0196,Hyber Hotel's- Gachibowli,hotel,17.4581,78.534399,3.0,,,False,6.0,,https://static.cupid.travel/hotels/ex_41580fc7_z.jpg,liteapi
lp6586160b,FabHotel DSR Hotel & Suites - Nr Hitech City Railway Station,hotel,17.46724,78.395706,3.0,,,False,6.0,,https://static.cupid.travel/hotels/ex_980e2fad_z.jpg,liteapi
lp656c2ecd,Fabexpress Kpotel Metro,hotel,17.469166,78.42597,3.0,,,False,6.0,,https://static.cupid.travel/hotels/ex_4e817796_z.jpg,liteapi
lp6585fbd9,Fabhotel Srh Pride,hotel,17.472104,78.387951,3.0,,,False,6.0,,https://static.cupid.travel/hotels/ex_ccc20fd8_z.jpg,liteapi
lp6555c936,Capital O 63727 Mythri Hotel,hotel,17.47655,78.564415,3.0,,,False,6.0,,https://static.cupid.travel/hotels/ex_121c9657_z.jpg,liteapi
lp6586101b,Fabhotel Wild Wings,hotel,17.480955,78.558376,3.0,,,False,6.0,,https://static.cupid.travel/hotels/ex_c1ac5a1f_z.jpg,liteapi
lp657dd62f,FabExpress Royal Prime Suits,hotel,17.489632,78.378945,3.0,,,False,6.0,,https://static.cupid.travel/hotels/ex_99549d6b_z.jpg,liteapi
lp657a84fa,Golden Glory Guest House,hotel,17.424008,78.438438,,,,False,5.0,4.0,https://static.cupid.travel/hotels/596914565.jpg,liteapi
lp657e75ec,Townhouse Nirvana Elite,hotel,17.45075,78.393364,4.0,,,False,4.8,5.0,https://static.cupid.travel/hotels/572949950.jpg,liteapi
lp6576c3b8,Hotel O Bhavani Rest Rooms,hotel,17.434305,78.49811,3.0,,,False,3.6,47.0,https://static.cupid.travel/hotels/478395070.jpg,liteapi
lp28a83e,THE STROBE SILVERKEY HOTEL,hotel,17.396822,78.487451,4.0,,,False,3.8,29.0,https://static.cupid.travel/hotels/447111697.jpg,liteapi
lp657ca232,SPOT ON Hotel Hyderabad Continental,hotel,17.391013,78.48812,2.0,,,False,3.5,51.0,https://static.cupid.travel/hotels/604286433.jpg,liteapi
lpeceaf,Super OYO Hotel New Platinum opp New malakpet metro station,hotel,17.37131,78.51225,3.0,,,False,4.2,13.0,https://snaphotelapi.com/hotels/517312286.jpg,liteapi
lp65742d37,FabHotel Sri Sai Regency- Nr RTC X Roads Metro Station,hotel,17.406464,78.496434,4.0,,,False,4.3,10.0,https://static.cupid.travel/hotels/588098454.jpg,liteapi
lp655ba537,SPOT ON Sri Sai Lohith Lodge Near Secunderabad Railway Station,hotel,17.439104,78.498116,2.0,,,False,4.4,51.0,https://static.cupid.travel/hotels/474312652.jpg,liteapi
lp6574a8b9,Hotel O Orion Hotel,hotel,17.454501,78.381671,3.0,,,False,4.1,14.0,https://static.cupid.travel/hotels/612992058.jpg,liteapi
lp65731cdf,Hotel O by OYO Veduka Banquets & Luxury Rooms,hotel,17.32193,78.52003,3.0,,,False,4.6,5.0,https://static.cupid.travel/hotels/618211365.jpg,liteapi
lp658777fb,Western Banjara,hotel,17.414697,78.451291,2.0,,,False,5.0,2.0,https://static.cupid.travel/hotels/ex_66d61616_z.jpg,liteapi
lpadb61,Hotel Rinn Residency Jubilee Hills,hotel,17.428464,78.421332,3.0,,,False,5.0,2.0,https://static.cupid.travel/hotels/ex_8c407f2d_z.jpg,liteapi
lpc5fbf,Sri Sai Krishna Deluxe Lodge,hotel,17.435148,78.502886,3.0,,,False,5.0,2.0,https://static.cupid.travel/hotels/ex_d22656ef_z.jpg,liteapi
lp6586741c,Elysium Studio Suites,hotel,17.454065,78.396112,2.0,,,False,5.0,2.0,https://static.cupid.travel/hotels/ex_91b1f1e6_z.jpg,liteapi
lp65581261,Lemonridge Hotels Kukatpally,hotel,17.483353,78.387067,3.0,,,False,4.4,5.0,https://static.cupid.travel/hotels/ex_89b7a5e8_z.jpg,liteapi
lp836ee,Vcare Service Aparments,hotel,17.414887,78.447954,3.0,,,False,4.5,4.0,https://static.cupid.travel/hotels/ex_2441b739_z.jpg,liteapi
lp1e3277,FabHotel Ayaansh,hotel,17.398099,78.47217,4.0,,,False,1.0,14.0,https://static.cupid.travel/hotels/553669371.jpg,liteapi
lp75444,Hotel Shree Venkateshwara,hotel,17.403521,78.461954,3.0,,,False,4.6,3.0,https://static.cupid.travel/hotels/ex_94e19916_z.jpg,liteapi
lp186762,OYO 14669 Mayur's Residency,hotel,17.372692,78.505496,2.0,,,False,5.0,1.0,https://static.cupid.travel/hotels/ex_87c3fe68_z.jpg,liteapi
lp65869fb5,RS LIVING,hotel,17.444142,78.3826,2.0,,,False,5.0,1.0,https://static.cupid.travel/hotels/ex_4a9b95c1_z.jpg,liteapi
lp657b21a0,Eastin De Royale,hotel,17.446684,78.39703,2.0,,,False,5.0,1.0,https://static.cupid.travel/hotels/ex_7a78d769_z.jpg,liteapi
lp65865720,Dwaraka Heaven Luxury rooms,hotel,17.470551,78.374922,2.0,,,False,5.0,1.0,https://static.cupid.travel/hotels/ex_9fb62eb2_z.jpg,liteapi
lp657245d0,Servostay - 3 BHK Fully Furnished Lavish Home with Parking in KPHB Near Forum Nexus Mall,hotel,17.487981,78.373866,3.0,,,False,5.0,1.0,https://static.cupid.travel/hotels/611002840.jpg,liteapi
lp72e5a,Hotel Tara International,hotel,17.377097,78.475388,3.0,,,False,3.9,10.0,https://static.cupid.travel/hotels/566346562.jpg,liteapi
lp65780c88,SPOT ON New Balaji Residency,hotel,17.423945,78.453749,3.0,,,False,3.2,29.0,https://static.cupid.travel/hotels/590967679.jpg,liteapi
lpc86c2,Hotel O Kachiguda Railway Station,hotel,17.3885,78.49589,3.0,,,False,2.9,47.0,https://static.cupid.travel/hotels/281273534.jpg,liteapi
lp65799a65,Hotel O Vijaya Laxmi residency,hotel,17.4355,78.41625,3.0,,,False,3.4,19.0,https://static.cupid.travel/hotels/619491951.jpg,liteapi
lp6578d918,Hotel O DOLPHIN INN RESIDENCY,hotel,17.37534,78.55754,4.0,,,False,4.5,2.0,https://static.cupid.travel/hotels/533416247.jpg,liteapi
lp658523bd,Rendezvous,hotel,17.43649,78.458083,,,,False,4.5,2.0,https://static.cupid.travel/hotels/575382601.jpg,liteapi
lp655ae607,Hotel O Khajaguda,hotel,17.42005,78.37469,4.0,,,False,3.6,63.0,https://static.cupid.travel/hotels/447482250.jpg,liteapi
lp655aed90,Hotel O James Street Railway Station Hyderabad Formerly Vasundhara Guest House,hotel,17.432103,78.48856,3.0,,,False,3.5,53.0,https://static.cupid.travel/hotels/447232318.jpg,liteapi
lp6582b93e,saaradhi grand,hotel,17.331667,78.552819,2.0,,,False,5.0,,https://static.cupid.travel/hotels/ex_896510e4_z.jpg,liteapi
lp656bc5b6,Hotel Mango Leaves,hotel,17.339753,78.56482,2.0,,,False,5.0,,https://static.cupid.travel/hotels/ex_163f146f_z.jpg,liteapi
lp657d87c1,Sri Surabhi Luxurious Rooms,hotel,17.340927,78.563759,2.0,,,False,5.0,,https://static.cupid.travel/hotels/ex_9223042d_z.jpg,liteapi
lp65554366,OYO 63371 R Square Stay,hotel,17.348608,78.54931,2.0,,,False,5.0,,https://static.cupid.travel/hotels/ex_4db2e192_z.jpg,liteapi
lp65561968,OYO 37499 Saba Service Apartments,hotel,17.36086,78.47943,2.0,,,False,5.0,,https://static.cupid.travel/hotels/ex_e48ded91_z.jpg,liteapi
lpea8e9,OYO 13062 Kamala Residency-Inn,hotel,17.365068,78.557618,2.0,,,False,5.0,,https://static.cupid.travel/hotels/ex_18394273_z.jpg,liteapi
lpf92c6,OYO 11310 sri supraja pride,hotel,17.386603,78.476172,2.0,,,False,5.0,,https://static.cupid.travel/hotels/ex_5e9edb2a_z.jpg,liteapi
lp1bfc5a,OYO 740 Hotel Suravi,hotel,17.387812,78.475426,2.0,,,False,5.0,,https://static.cupid.travel/hotels/ex_467b9cc1_z.jpg,liteapi
lp6554bf36,OYO 4025 Hotel Meredian Orchid,hotel,17.40264,78.46086,2.0,,,False,5.0,,https://static.cupid.travel/hotels/ex_eb241607_z.jpg,liteapi
lp658698d4,hotel meredian orchid,hotel,17.402676,78.461194,2.0,,,False,5.0,,https://static.cupid.travel/hotels/ex_fd54ddde_z.jpg,liteapi
lp658684f2,The Rose Residency Inn,hotel,17.409494,78.42437,3.0,,,False,5.0,,https://static.cupid.travel/hotels/ex_71735ff1_z.jpg,liteapi
lpc8759,OYO Flagship 463 Banjara Hills,hotel,17.415405,78.432085,2.0,,,False,5.0,,https://static.cupid.travel/hotels/ex_01bbde03_z.jpg,liteapi
lp6585d7bd,Bee oak,hotel,17.419938,78.374866,2.0,,,False,5.0,,https://static.cupid.travel/hotels/ex_5cea128b_z.jpg,liteapi
lp65866077,The Cinco Primera,hotel,17.422461,78.432063,2.0,,,False,5.0,,https://static.cupid.travel/hotels/ex_ab90536d_z.jpg,liteapi
lp6555b85e,Gardenia Service Apartments,hotel,17.426981,78.437325,2.0,,,False,5.0,,https://static.cupid.travel/hotels/ex_b0d583e4_z.jpg,liteapi
lp657ac774,iROOMZ Hotel Sagar Grand,hotel,17.438218,78.499372,2.0,,,False,5.0,,https://static.cupid.travel/hotels/ex_bfe88bb8_z.jpg,liteapi
lp65790faa,Treebo The Living Tree,hotel,17.439139,78.398417,2.0,,,False,5.0,,https://static.cupid.travel/hotels/ex_13f93d93_z.jpg,liteapi
lp1b4cbd,CAPITAL O 15141 Townvilla Guest House,hotel,17.439292,78.452862,2.0,,,False,5.0,,https://static.cupid.travel/hotels/ex_67071f67_z.jpg,liteapi
lp6585d580,Bloom Hotel - Jubilee Hills,hotel,17.440141,78.399987,2.0,,,False,5.0,,https://static.cupid.travel/hotels/ex_7599c81e_z.jpg,liteapi
lpd3564,OYO 20008 SilverKey Madhapur,hotel,17.440222,78.383139,2.0,,,False,5.0,,https://static.cupid.travel/hotels/ex_fab03696_z.jpg,liteapi
lpd3440,CAPITAL O 11079 Hotel Prestige,hotel,17.441924,78.486252,2.0,,,False,5.0,,https://static.cupid.travel/hotels/ex_cc7e1b76_z.jpg,liteapi
lp6555bda3,OYO 70733 Hotel Regal,hotel,17.442415,78.487175,2.0,,,False,5.0,,https://static.cupid.travel/hotels/ex_17e7a0b6_z.jpg,liteapi
lp65865dd0,Hotel Galaxy Grand,hotel,17.443026,78.388247,2.0,,,False,5.0,,https://static.cupid.travel/hotels/ex_15ea2583_z.jpg,liteapi
lp65558ce5,Cloud9Homes Serviced Apartments,hotel,17.44317,78.38296,3.0,,,False,6.7,9.0,https://static.cupid.travel/hotels/196114944.jpg,liteapi
lp1a8a7e,OYO 19121 V G Guest House,hotel,17.443939,78.386975,2.0,,,False,5.0,,https://static.cupid.travel/hotels/ex_d0a8aabd_z.jpg,liteapi
lp655ad8ce,Fabhotel Pride Inn,hotel,17.44472,78.383034,3.0,,,False,6.0,,https://static.cupid.travel/hotels/ex_7b672a37_z.jpg,liteapi
lp657b3aa3,The Stem,hotel,17.446365,78.38063,2.0,,,False,5.0,,https://static.cupid.travel/hotels/ex_29d85996_z.jpg,liteapi
lp656c31ad,Destino by INR Suites,hotel,17.447946,78.38919,2.0,,,False,5.0,,https://static.cupid.travel/hotels/ex_w1024h691x0y5-74fa4417_z.jpg,liteapi
lp1f273c,OYO 14194 Hotel Deccan Lodging and Boarding,hotel,17.452546,78.435454,2.0,,,False,5.0,,https://static.cupid.travel/hotels/ex_0a08ea78_z.jpg,liteapi
lp6585aabc,Hotel Haven,hotel,17.460386,78.384414,2.0,,,False,5.0,,https://static.cupid.travel/hotels/ex_60bc6a87_z.jpg,liteapi
lp657eebfe,FabHotel De Alphabet,hotel,17.484716,78.387815,2.0,,,False,5.0,,https://static.cupid.travel/hotels/ex_4dcfa58b_z.jpg,liteapi
lp65865253,Lemonridge Hotels IDPL Balanagar,hotel,17.490157,78.451942,2.0,,,False,5.0,,https://static.cupid.travel/hotels/ex_w6998h4637x10y35-070ad0fb_z.jpg,liteapi
lpc873f,OYO 6651 Hotel Srujana Stay Inn,hotel,17.440054,78.483366,2.0,,,False,4.0,4.0,https://static.cupid.travel/hotels/ex_7eb1c648_z.jpg,liteapi
lp658777cf,Hotel Kyzen Smartstays -Smart Reliable,hotel,17.44241,78.39166,2.0,,,False,4.0,4.0,https://static.cupid.travel/hotels/ex_6fd59fde_edited_2c91_z.jpg,liteapi
lp655be151,Hotel Shanti Nivas,hotel,17.391057,78.470341,,,,False,4.0,30.0,https://static.cupid.travel/hotels/119386519.jpg,liteapi
lp657586b8,Hotel Maruthi Residency Inn L B Nagar,hotel,17.35285,78.55593,2.0,,,False,4.0,3.0,https://static.cupid.travel/hotels/482995108.jpg,liteapi
lp658019f1,Hivee Hotel,hotel,17.44555,78.38215,,,,False,4.0,3.0,https://static.cupid.travel/hotels/618789853.jpg,liteapi
lp6578c186,SPOT ON Hotel Sai Ashirwad Residency,hotel,17.426472,78.451614,3.0,,,False,3.8,4.0,https://static.cupid.travel/hotels/531579787.jpg,liteapi
lp6559794a,SPOT ON Gokul Residency Near Secunderabad Railway Station,hotel,17.435024,78.50502,2.0,,,False,3.0,92.0,https://static.cupid.travel/hotels/607593327.jpg,liteapi
lp657c4480,Hotel Sree Ganesh,hotel,17.39992,78.49026,2.0,,,False,3.5,6.0,https://static.cupid.travel/hotels/608702279.jpg,liteapi
lp658189b2,Hotel Jaya International,hotel,17.389736,78.478796,2.0,,,False,4.0,2.0,https://static.cupid.travel/hotels/208827934.jpg,liteapi
lp655bfa6b,Srinivasa Lodge,hotel,17.390263,78.489289,,,,False,5.0,3.0,https://static.cupid.travel/hotels/110248039.jpg,liteapi
lp6557ac9e,Hotel Grand Himayat,hotel,17.401545,78.485856,3.0,,,False,4.0,2.0,https://static.cupid.travel/hotels/ex_dddf376b_z.jpg,liteapi
lp6587dc57,Twenty Three Urban Square Madhapur,hotel,17.443609,78.38457,2.0,,,False,4.0,2.0,https://static.cupid.travel/hotels/ex_041ed998_z.jpg,liteapi
lp6576c9b2,Super Collection O Irrum Manzil Metro Station Formerly Green Banjara Stay,hotel,17.422539,78.443033,3.0,,,False,3.4,14.0,https://static.cupid.travel/hotels/600014104.jpg,liteapi
lp655b1a26,Metro Lodge,hotel,17.36136,78.47394,,,,False,4.2,10.0,https://static.cupid.travel/hotels/360938964.jpg,liteapi
lp913a1,Angel Park Hotel,hotel,17.4044,78.45493,3.0,,,False,4.6,,https://static.cupid.travel/hotels/ex_651e1cc5_z.jpg,liteapi
lp6585c1bb,THE NECTAR HOTEL,hotel,17.388089,78.473777,2.0,,,False,4.0,1.0,https://static.cupid.travel/hotels/ex_0741ec08_z.jpg,liteapi
lp655b0a19,Hotel O Aadaab,hotel,17.38914,78.47052,4.0,,,False,3.8,16.0,https://static.cupid.travel/hotels/595227641.jpg,liteapi
lpbde41,Hotel Grandeur,hotel,17.432548,78.445975,3.0,,,False,,4.0,https://static.cupid.travel/hotels/ex_f427f550_z.jpg,liteapi
lp655b9918,Hotel O The Gate,hotel,17.43908,78.457155,3.0,,,False,2.9,70.0,https://static.cupid.travel/hotels/585795073.jpg,liteapi
lp656c38e9,Fabhotel Twin Tree Suites,hotel,17.336999,78.571343,3.0,,,False,4.0,1.0,https://static.cupid.travel/hotels/ex_ac0891a5_z.jpg,liteapi
lp757ba,Hotel Nakshatra Inn,hotel,17.376238,78.546033,4.0,,,False,4.0,1.0,https://static.cupid.travel/hotels/ex_3fc1e224_z.jpg,liteapi
lpb2add,The Central Park,hotel,17.39905,78.48064,3.0,,,False,4.0,1.0,https://static.cupid.travel/hotels/ex_750c7cb2_z.jpg,liteapi
lp657b6a4d,Luxurious Penthouse Terrace Studio at City center,hotel,17.401332,78.415016,,,,False,4.0,1.0,https://static.cupid.travel/hotels/593494599.jpg,liteapi
lp1b4bbe,OYO 14224 Happy Guest house,hotel,17.422397,78.430581,3.0,,,False,4.0,1.0,https://static.cupid.travel/hotels/ex_a2f7149c_z.jpg,liteapi
lp6556c88b,Cosy Room With Private Bath And Work Desk,hotel,17.435174,78.383025,3.0,,,False,4.0,1.0,https://static.cupid.travel/hotels/224961604.jpg,liteapi
lp88469,FabHotel Siri Inn Madhapur,hotel,17.44128,78.38231,3.0,,,False,4.0,1.0,https://static.cupid.travel/hotels/ex_e23251d9_z.jpg,liteapi
lp7deda,Falcons Nest Studio Apartments,hotel,17.441336,78.399406,3.0,,,False,4.0,1.0,https://static.cupid.travel/hotels/ex_a0476f0c_z.jpg,liteapi
lp83007,NirmalVilla Service Apartments,hotel,17.44496,78.470473,3.0,,,False,4.0,1.0,https://static.cupid.travel/hotels/ex_51b5ac3c_z.jpg,liteapi
lp65753b01,Iris At Nest,hotel,17.451421,78.388183,2.0,,,False,4.0,1.0,https://static.cupid.travel/hotels/ex_0b9981e6_z.jpg,liteapi
lp655bac2d,Hotel O Imperial Guest House,hotel,17.425594,78.455261,4.0,,,False,3.4,25.0,https://static.cupid.travel/hotels/554319672.jpg,liteapi
lp655ad900,Hotel NS Royal Emirates With 3Hr Early check in,hotel,17.416654,78.414242,3.0,,,False,3.9,10.0,https://static.cupid.travel/hotels/421097757.jpg,liteapi
lp657f037a,Hotel Saaradhi Grand,hotel,17.33181,78.55322,4.0,,,False,3.3,4.0,https://static.cupid.travel/hotels/599766048.jpg,liteapi
lp6574d00f,Hotel O ROYAL STAY,hotel,17.3708,78.41891,3.0,,,False,3.3,4.0,https://static.cupid.travel/hotels/596899508.jpg,liteapi
lpecea7,Collection O 7601 Hotel Park Heights Banjara Hills,hotel,17.42206,78.4377,3.0,,,False,3.4,3.0,https://static.cupid.travel/hotels/ex_510e9b5c_z.jpg,liteapi
lp65753478,Hotel O MALANI INN,hotel,17.34541,78.52415,3.0,,,False,3.5,2.0,https://static.cupid.travel/hotels/603427348.jpg,liteapi
lp656c3b63,iROOMZ Hotel Diamond Park,hotel,17.43832,78.39933,2.0,,,False,4.0,,https://static.cupid.travel/hotels/ex_b077ea11_z.jpg,liteapi
lp65763c8f,Hotel O Ragas Elite,hotel,17.35727,78.55868,3.0,,,False,3.3,3.0,https://static.cupid.travel/hotels/612639927.jpg,liteapi
lp65800042,Holiday Inn,hotel,17.36705,78.54633,3.0,,,False,3.0,5.0,https://static.cupid.travel/hotels/598657530.jpg,liteapi
lp656c3549,Palladium Luxury Suites,hotel,17.33529,78.52904,2.0,,,False,4.0,,https://static.cupid.travel/hotels/ex_a67d8712_z.jpg,liteapi
lp65866d71,Hotel M Hyatt,hotel,17.366958,78.528721,2.0,,,False,4.0,,https://static.cupid.travel/hotels/ex_1fdf4c8b_z.jpg,liteapi
lp656dad77,DIVYA LODGE & HOTEL ROOMS,hotel,17.367717,78.538244,2.0,,,False,4.0,,https://static.cupid.travel/hotels/ex_9c9eb2f6_z.jpg,liteapi
lp65861de2,duplexhotel,hotel,17.368554,78.497667,2.0,,,False,4.0,,https://static.cupid.travel/hotels/ex_296433d3_z.jpg,liteapi
lp65867768,YADUKUL HOTEL,hotel,17.374671,78.470556,2.0,,,False,4.0,,https://static.cupid.travel/hotels/ex_0b6d56ba_edited_a81b_z.jpg,liteapi
lp656c2bfd,Fabexpress Deccan Heritage,hotel,17.387852,78.477584,3.0,,,False,4.0,,https://static.cupid.travel/hotels/ex_d74dee4f_z.jpg,liteapi
lp65860ea6,Luxury Stays at Lakdikapul Near Red Hills,hotel,17.40267,78.463257,2.0,,,False,4.0,,https://static.cupid.travel/hotels/ex_d4be66ea_z.jpg,liteapi
lp657fbec3,Hotel Golden Meredian,hotel,17.405231,78.463161,,,,False,4.0,,https://static.cupid.travel/hotels/ex_438340a8_z.jpg,liteapi
lp65862437,Dreamscape by Fracspace,hotel,17.408688,78.427035,2.0,,,False,4.0,,https://static.cupid.travel/hotels/ex_3d03a481_z.jpg,liteapi
lp656bbf72,iROOMZ Lake View Palace,hotel,17.411308,78.449743,2.0,,,False,4.0,,https://static.cupid.travel/hotels/ex_952a6a08_z.jpg,liteapi
lp65820524,Innzoy Hotels,hotel,17.417507,78.375347,2.0,,,False,4.0,,https://static.cupid.travel/hotels/ex_6031f1c2_z.jpg,liteapi
lp65818b4d,Sucasa Homes,hotel,17.423706,78.455306,2.0,,,False,4.0,,https://static.cupid.travel/hotels/ex_4c623bec_z.jpg,liteapi
lp657d5d35,VoV stays,hotel,17.425027,78.425537,2.0,,,False,4.0,,https://static.cupid.travel/hotels/ex_eb1b25fd_z.jpg,liteapi
lp656bc7ab,Vaidh Business Hotel,hotel,17.4303,78.553335,2.0,,,False,4.0,,https://static.cupid.travel/hotels/ex_90bcd369_z.jpg,liteapi
lpd34aa,OYO 11316 Athithi INN,hotel,17.43557,78.4505,2.0,,,False,4.0,,https://static.cupid.travel/hotels/ex_580d8fcd_z.jpg,liteapi
lp658686cb,Goroomgo Vaishnavi Residency,hotel,17.436714,78.48799,2.0,,,False,4.0,,https://static.cupid.travel/hotels/ex_c1733cf4_z.jpg,liteapi
lp6585cee4,PSV Grand,hotel,17.436767,78.504953,2.0,,,False,4.0,,https://static.cupid.travel/hotels/ex_f3e19b2c_z.jpg,liteapi
lp6585ea1b,Hotel Kp Suites Grand,hotel,17.438923,78.389186,2.0,,,False,4.0,,https://static.cupid.travel/hotels/ex_66121d74_z.jpg,liteapi
lpe04c0,Shobha Inn,hotel,17.441805,78.475922,2.0,,,False,4.0,,https://static.cupid.travel/hotels/ex_526b17c5_z.jpg,liteapi
lp6585d0d3,Sunrise Business Hotel,hotel,17.442532,78.441432,3.0,,,False,4.0,,https://static.cupid.travel/hotels/ex_fc5a02c0_z.jpg,liteapi
lp656c359b,iROOMZ Hotel Galaxy Grand,hotel,17.443207,78.388613,2.0,,,False,4.0,,https://static.cupid.travel/hotels/ex_234d463f_z.jpg,liteapi
lpc86eb,OYO 9386 Begumpet,hotel,17.445201,78.470253,2.0,,,False,4.0,,https://static.cupid.travel/hotels/ex_f67f1083_z.jpg,liteapi
lp656bd757,Destino by Halcyon Hitec City,hotel,17.446265,78.378784,2.0,,,False,4.0,,https://static.cupid.travel/hotels/ex_24abec52_z.jpg,liteapi
lp65779f26,Golden Premier Hotel near SR Nagar,hotel,17.448273,78.449398,,,,False,4.0,,https://static.cupid.travel/hotels/ex_443771e0_z.jpg,liteapi
lp656c34de,iROOMZ Hotel Shree Jagannath,hotel,17.44903,78.388384,2.0,,,False,4.0,,https://static.cupid.travel/hotels/ex_fab41a4e_z.jpg,liteapi
lp8854f,OYO 14502 Hotel Hill View Guest House Hitech City,hotel,17.455812,78.373959,2.0,,,False,4.0,,https://static.cupid.travel/hotels/ex_d7330edf_z.jpg,liteapi
lp656dbc75,BIG DADDY KPHB 15 PHASE KUKATPALLY,hotel,17.467329,78.395679,2.0,,,False,4.0,,https://static.cupid.travel/hotels/ex_w963h724x11y3-3eb07fb4_z.jpg,liteapi
lpd3517,OYO 10595 Hotel Mirras,hotel,17.46801,78.385369,2.0,,,False,4.0,,https://static.cupid.travel/hotels/ex_12bf932c_z.jpg,liteapi
lp656c38d9,DSR Wooden Cottages,hotel,17.468666,78.394436,2.0,,,False,4.0,,https://static.cupid.travel/hotels/ex_w1258h686x6y14-e28cf964_z.jpg,liteapi
lp658272b4,Hotel Bedsinn,hotel,17.48097,78.558402,2.0,,,False,4.0,,https://static.cupid.travel/hotels/ex_cb649abf_edited_99d5_z.jpg,liteapi
lp656bc61c,iROOMZ AR Stay Inn,hotel,17.486188,78.380588,2.0,,,False,4.0,,https://static.cupid.travel/hotels/ex_8fdeaa5f_z.jpg,liteapi
lp655d3c3b,Siri Dormitory,hotel,17.44503,78.38599,,,,False,3.7,7.0,https://static.cupid.travel/hotels/hd/216157232.jpg,liteapi
lp88539,OYO 1403 Chikkadpally,hotel,17.403607,78.49469,3.0,,,False,3.0,2.0,https://static.cupid.travel/hotels/ex_88167612_z.jpg,liteapi
lp1b4d65,OYO 7571 Madhapur,hotel,17.450667,78.386778,2.0,,,False,3.0,2.0,https://static.cupid.travel/hotels/ex_cf8011f9_z.jpg,liteapi
lp6579ee4f,Collection O GOLDEN HITECH HOTEL,hotel,17.45261,78.38992,4.0,,,False,3.0,2.0,https://static.cupid.travel/hotels/538537689.jpg,liteapi
lp657be1ce,Super Collection O PNR COMFORT KHAIRATABAD,hotel,17.41029,78.46117,4.0,,,False,2.3,8.0,https://static.cupid.travel/hotels/618647626.jpg,liteapi
lp657bb69e,SPOT ON BHARGAV RESIDENCE,hotel,17.42389,78.454414,2.0,,,False,1.7,20.0,https://static.cupid.travel/hotels/584454680.jpg,liteapi
lp6573e3c7,Mr.Mo Guest House,hotel,17.34025,78.45119,,,,False,3.0,1.0,https://static.cupid.travel/hotels/504452513.jpg,liteapi
lp65788aa1,Hotel RK view hilltop,hotel,17.41189,78.42381,3.0,,,False,2.2,5.0,https://static.cupid.travel/hotels/575636960.jpg,liteapi
lp6573e265,Hotel O ZEE ROOMS,hotel,17.440529,78.394441,3.0,,,False,2.0,6.0,https://static.cupid.travel/hotels/609997688.jpg,liteapi
lp656bc33b,Sindhura Grand,hotel,17.360928,78.544632,3.0,,,False,3.0,,https://static.cupid.travel/hotels/ex_w719h481x0y5-9435de56_z.jpg,liteapi
lp6575a73e,Hotel O NEW AROMA CLASSIC,hotel,17.390472,78.46658,4.0,,,False,1.7,8.0,https://static.cupid.travel/hotels/619983617.jpg,liteapi
lpadb95,Rainbow International Lakdikapul,hotel,17.39982,78.462887,3.0,,,False,2.0,3.0,https://static.cupid.travel/hotels/ex_56ccaebf_z.jpg,liteapi
lp1b1631,Capital O 24450 Hotel Surabhi,hotel,17.34036,78.563612,3.0,,,False,2.0,2.0,https://static.cupid.travel/hotels/ex_1ddf7040_z.jpg,liteapi
lp6554c75b,Capital O 65104 Che Sigma Hotel,hotel,17.342098,78.55456,3.0,,,False,2.0,2.0,https://static.cupid.travel/hotels/ex_babecac6_z.jpg,liteapi
lp655542f0,Anmol Continental,hotel,17.405208,78.468983,3.0,,,False,,2.0,https://static.cupid.travel/hotels/ex_678b3654_z.jpg,liteapi
lp1867fa,OYO 13746 Mint Leaves,hotel,17.426825,78.420435,2.0,,,False,2.0,2.0,https://static.cupid.travel/hotels/ex_4445173d_z.jpg,liteapi
lp65769b8c,Hotel Landridge - Hitech City Hyderabad,hotel,17.440694,78.395979,3.0,,,False,2.0,2.0,https://static.cupid.travel/hotels/ex_e011a218_z.jpg,liteapi
lp655a6fce,Hotel O Raga Stays Mee Seva Road,hotel,17.36902,78.5293,3.0,,,False,3.0,4.0,,liteapi
lp656c30fc,Fabhotel Double Tree,hotel,17.337058,78.571296,3.0,,,False,2.0,1.0,https://static.cupid.travel/hotels/ex_w3026h2009x4y5-38b97d5b_z.jpg,liteapi
lp656c337d,SKYLA Studios & Suites - Hitech City,hotel,17.35088,78.57048,3.0,,,False,2.0,1.0,https://static.cupid.travel/hotels/ex_434f0446_z.jpg,liteapi
lp225b76,Hotel Maruthi Residency Inn,hotel,17.35315,78.55655,3.0,,,False,6.0,1.0,https://static.cupid.travel/hotels/ex_1ebd1014_z.jpg,liteapi
lpe58dd,OYO 14859 Akshara grand,hotel,17.358955,78.544382,3.0,,,False,2.0,1.0,https://static.cupid.travel/hotels/ex_a16ff8aa_z.jpg,liteapi
lpadba7,Rainbow Saphire Lakdikapul,hotel,17.399767,78.462916,3.0,,,False,2.0,1.0,https://static.cupid.travel/hotels/ex_24f9fcd5_z.jpg,liteapi
lp6586968e,HOTEL B.R CLASSIC,hotel,17.403781,78.453113,3.0,,,False,2.0,1.0,https://static.cupid.travel/hotels/ex_500bb083_z.jpg,liteapi
lpc86fb,OYO 9302 Hotel Baseraa Inn,hotel,17.404902,78.476511,3.0,,,False,2.0,1.0,https://static.cupid.travel/hotels/ex_985bf7c4_z.jpg,liteapi
lp656c2862,FabHotel Aamantran & Banquet Halls,hotel,17.410605,78.49766,3.0,,,False,2.0,1.0,https://static.cupid.travel/hotels/ex_w3000h1993x0y0-cf5c8a04_z.jpg,liteapi
lp657aaba3,Fabhotel Prime Svm Grand,hotel,17.413298,78.450712,3.0,,,False,2.0,1.0,https://static.cupid.travel/hotels/ex_dca64e3c_z.jpg,liteapi
lp657958c8,BedChambers Serviced Apartments - Hyd,hotel,17.420935,78.410314,4.0,,,False,2.0,1.0,https://static.cupid.travel/hotels/ex_6093a07e_z.jpg,liteapi
lpf6cab,FabHotel Limestone Suites,hotel,17.425441,78.461284,3.0,,,False,2.0,1.0,https://static.cupid.travel/hotels/ex_1e68b344_z.jpg,liteapi
lpfe293,FabHotel Gardenia Service Apartments,hotel,17.4269,78.43785,3.0,,,False,2.0,1.0,https://static.cupid.travel/hotels/ex_cba9b8ed_z.jpg,liteapi
lp65579e64,Suprabath Residency,hotel,17.429967,78.504518,3.0,,,False,2.0,1.0,https://static.cupid.travel/hotels/ex_364e9a8e_z.jpg,liteapi
lp226e97,Sree Akshaya New Residency,hotel,17.433134,78.493035,3.0,,,False,2.0,1.0,https://static.cupid.travel/hotels/ex_06287dd9_z.jpg,liteapi
lp1f2aec,OYO 15140 Hotel Priya Residency,hotel,17.433379,78.48808,2.0,,,False,2.0,1.0,https://static.cupid.travel/hotels/ex_ecaa41c4_z.jpg,liteapi
lp87f9b,Hotel Loginn,hotel,17.433871,78.446743,3.0,,,False,2.0,1.0,https://static.cupid.travel/hotels/ex_6a14b98b_z.jpg,liteapi
lp226067,OYO 28637 Gokul Grand,hotel,17.440944,78.448811,2.0,,,False,2.0,1.0,https://static.cupid.travel/hotels/ex_0c414e37_z.jpg,liteapi
lp657ac77b,iROOMZ Hotel Silver Moon,hotel,17.442457,78.388091,2.0,,,False,2.0,1.0,https://static.cupid.travel/hotels/ex_f4eeecf9_z.jpg,liteapi
lp6bda7,Executel Begumpet,hotel,17.444782,78.47046,3.0,,,False,2.0,1.0,https://static.cupid.travel/hotels/ex_a0c4327c_z.jpg,liteapi
lp65804196,Fabhotel Rs,hotel,17.44599,78.381236,3.0,,,False,2.0,1.0,https://static.cupid.travel/hotels/ex_752dd6ba_z.jpg,liteapi
lpea67f,Cyber Heights,hotel,17.44606,78.38017,3.0,,,False,2.0,1.0,https://static.cupid.travel/hotels/ex_0317d118_z.jpg,liteapi
lp65803758,Stae Hotels,hotel,17.451302,78.391688,3.0,,,False,2.0,1.0,https://static.cupid.travel/hotels/ex_8c781f57_z.jpg,liteapi
lp6582c170,Western Suites,hotel,17.453554,78.393617,2.0,,,False,2.0,1.0,https://static.cupid.travel/hotels/ex_218179aa_z.jpg,liteapi
lp656bcd90,Eastin Hotels,hotel,17.440905,78.391839,3.0,,,False,2.0,,https://static.cupid.travel/hotels/ex_30fc4a19_z.jpg,liteapi
lp657a553f,White Ridge Hotel Banjara Hills,hotel,17.41305,78.423791,2.0,,,False,2.0,,https://static.cupid.travel/hotels/ex_361eb436_z.jpg,liteapi
lp6585e6fe,Skyline backpackers-Premium Co-living,hotel,17.440515,78.481161,1.0,,,False,2.0,,https://static.cupid.travel/hotels/ex_0f03375e_z.jpg,liteapi
lp656c30b5,iROOMZ Grand Aarvi Suites,hotel,17.486244,78.381684,2.0,,,False,2.0,,https://static.cupid.travel/hotels/ex_a9d03ef7_z.jpg,liteapi
lp65768778,Hotel O SREE SIMRAN PALACE,hotel,17.44225,78.48666,3.0,,,False,1.0,3.0,https://static.cupid.travel/hotels/545246770.jpg,liteapi
lp65754dfa,Hotel O Pearl City,hotel,17.374116,78.476422,3.0,,,False,1.0,2.0,https://static.cupid.travel/hotels/612091997.jpg,liteapi
lp6582cae3,Dpinn Homestay,hotel,17.466603,78.382971,,,,False,1.0,1.0,https://static.cupid.travel/hotels/555127579.jpg,liteapi
lp65704015,Servostay KPHB Phase 15 New Stunning 15 BHKs Full Building with Terrace & Parking,hotel,17.467321,78.396852,3.0,,,False,1.0,1.0,https://static.cupid.travel/hotels/500171942.jpg,liteapi
lp6584c81a,Urbanwillow guestrooms,hotel,17.48279,78.5386,,,,False,1.0,1.0,https://static.cupid.travel/hotels/590154407.jpg,liteapi
lp6c8f6,"United-21, Hyderabad",hotel,17.438651,78.499433,4.0,,,False,,5.0,https://static.cupid.travel/hotels/ex_4ed08972_z.jpg,liteapi
lp655a77fb,OYO 64781 Bahira Service Apartments,hotel,17.34877,78.41825,3.0,,,False,1.0,2.0,https://snaphotelapi.com/hotels/506490192.jpg,liteapi
lp655826a1,Hotel Siri Inn,hotel,17.441595,78.384689,2.0,,,False,,2.0,https://static.cupid.travel/hotels/ex_d5bf8e8f_z.jpg,liteapi
lp6558faef,Rester Select -Suites Madhapur,hotel,17.443306,78.385301,3.0,,,False,,,https://static.cupid.travel/hotels/ex_a76cd300_z.jpg,liteapi
lp6587c466,"Treebo The Infinity, Banjara Hills",hotel,17.415778,78.452472,3.0,,,False,,1.0,https://static.cupid.travel/hotels/ex_610c62ab_z.jpg,liteapi
lp6587d007,"FabHotel Prime Veeraj Suites - Nr. Skyview10, Lumbini Avenue, Gachibowli",hotel,17.432068,78.373997,3.0,,,False,,1.0,https://static.cupid.travel/hotels/ex_995492bb_z.jpg,liteapi
lp65879c40,Fabhotel Cinco,hotel,17.436942,78.494182,3.0,,,False,,1.0,https://static.cupid.travel/hotels/ex_w2000h1332x0y1-70c0e24b_z.jpg,liteapi
lp65879a55,La Maniere -Business hotel,hotel,17.451754,78.394274,2.0,,,False,,1.0,https://static.cupid.travel/hotels/ex_df7b1a23_z.jpg,liteapi
lp6570e705,Olive-2 Coliving PG,hotel,17.45428,78.396671,,,,False,,1.0,https://static.cupid.travel/hotels/613750746.jpg,liteapi
lp6579de05,Viswanadhuni's Antilia Comfort Stay Inns Single Rooms,hotel,17.48657,78.38408,,,,False,,1.0,https://static.cupid.travel/hotels/579012303.jpg,liteapi
lp4f6ec,Hotel Taj Tristar,hotel,17.441199,78.493334,3.0,,,False,,,https://static.cupid.travel/hotels/hd/ex_05b9b881_z.jpg,liteapi
lp88541,OYO 897 Hotel Surabhi Elite,hotel,17.359118,78.545242,3.0,,,False,,,https://static.cupid.travel/hotels/ex_2f9c0a2e_z.jpg,liteapi
lp657c7fda,Redhomex Cove Castle Villa,hotel,17.27843,78.55829,,,,False,,,https://static.cupid.travel/hotels/536784595.jpg,liteapi
lp657e2697,Swimming pool villa,hotel,17.2919,78.49343,,,,False,,,https://static.cupid.travel/hotels/556032872.jpg,liteapi
lp657f41c7,Casa feliz,hotel,17.29307,78.52423,,,,False,,,https://static.cupid.travel/hotels/610253577.jpg,liteapi
lp657ac6e6,MO Furnished Guest House,hotel,17.31217,78.45915,,,,False,,,https://static.cupid.travel/hotels/560712262.jpg,liteapi
lp657759ce,SAPPHIRE GUEST HOUSE On DAILY RENT FOR FAMILIES,hotel,17.314728,78.498779,3.0,,,False,,,https://static.cupid.travel/hotels/515800989.jpg,liteapi
lp6579d296,Hotel O DHAIRYA,hotel,17.31969,78.51972,,,,False,,,https://static.cupid.travel/hotels/608786601.jpg,liteapi
lp190633,FabExpress Sri Lakhsmi Deluxe,hotel,17.32165,78.43147,3.0,,,False,,,https://static.cupid.travel/hotels/ex_51685ba2_z.jpg,liteapi
lp65728d46,Hotel O S GRAND LODGE,hotel,17.32256,78.56006,4.0,,,False,,,https://static.cupid.travel/hotels/605953997.jpg,liteapi
lp6573f1c2,Hotel O Luxus Inn,hotel,17.32444,78.55717,3.0,,,False,,,https://static.cupid.travel/hotels/614433316.jpg,liteapi
lp1c4c05,Hotel Balaji Grand,hotel,17.325168,78.572082,3.0,,,False,,,https://static.cupid.travel/hotels/ex_f61e58ae_z.jpg,liteapi
lp657a6b16,Double bedroom furnished home long stay,hotel,17.32553,78.48946,,,,False,,,https://static.cupid.travel/hotels/494586217.jpg,liteapi
lp65729ef5,3 Bedroom with a beautiful green view,hotel,17.32589,78.42416,,,,False,,,https://static.cupid.travel/hotels/503939694.jpg,liteapi
lp6577f680,my nest,hotel,17.32806,78.43005,,,,False,,,https://static.cupid.travel/hotels/553717057.jpg,liteapi
lp6576052c,Hotel O Starlight B,hotel,17.32844,78.55522,3.0,,,False,,,https://static.cupid.travel/hotels/609094914.jpg,liteapi
lp657ee622,Super spacious space,hotel,17.32916,78.55485,,,,False,,,https://static.cupid.travel/hotels/541414546.jpg,liteapi
lp657e0c57,Super spacious flat,hotel,17.32917,78.55487,,,,False,,,https://static.cupid.travel/hotels/541422474.jpg,liteapi
lp65761a9e,Hotel O LUCKY GRAND,hotel,17.32981,78.59409,3.0,,,False,,,https://static.cupid.travel/hotels/615803424.jpg,liteapi
lp657964fd,"Garden Villa, Hyderabad",hotel,17.33233,78.58638,4.0,,,False,,,https://static.cupid.travel/hotels/507857036.jpg,liteapi
lp658770a5,Fabhotel Verizon Villa Stays,hotel,17.33436,78.424702,3.0,,,False,,,https://static.cupid.travel/hotels/ex_e0da14cb_z.jpg,liteapi
lp6577840e,Hotel O A Delight Residency,hotel,17.335069,78.583247,3.0,,,False,,,https://static.cupid.travel/hotels/519599111.jpg,liteapi
lp65732aa9,Calm and welcoming 2 Bedroom 2 Bathroom apartment,hotel,17.33565,78.42536,,,,False,,,https://static.cupid.travel/hotels/606125324.jpg,liteapi
lp657f5ff8,Nest Quest,hotel,17.33566,78.42535,,,,False,,,https://static.cupid.travel/hotels/598015102.jpg,liteapi
lp657b2e6c,JA Homes,hotel,17.33567,78.42519,,,,False,,,https://static.cupid.travel/hotels/593683285.jpg,liteapi
lp6588cf58,Motel Rajadani Residency,hotel,17.336462020874023,78.57886505126953,2.0,,,False,,,https://static.cupid.travel/hotels/ex_14365e48_z.jpg,liteapi
lp18685d,OYO 16083 Athidi Grand,hotel,17.33701,78.5713,3.0,,,False,,,https://static.cupid.travel/hotels/ex_9e6e1f37_z.jpg,liteapi
lp658783c7,Hotel M Grand,hotel,17.337569,78.572354,2.0,,,False,,,https://static.cupid.travel/hotels/ex_da1ed600_z.jpg,liteapi
lp6570bff7,S&S HOMESTAY's,hotel,17.338656,78.494848,,,,False,,,https://static.cupid.travel/hotels/610581145.jpg,liteapi
lp6570f24e,Lago Vista - Blanca,hotel,17.338798,78.442939,,,,False,,,https://static.cupid.travel/hotels/569032397.jpg,liteapi
lp6574c940,Hotel O Ragas Stay,hotel,17.34055,78.52154,3.0,,,False,,,https://static.cupid.travel/hotels/589921193.jpg,liteapi
lp6588fcae,Stayz Royale - LB Nagar,hotel,17.342050552368164,78.55327606201172,3.0,,,False,,,https://static.cupid.travel/hotels/ex_b3e31849_z.jpg,liteapi
lp100867,Hotel Aditya Grand,hotel,17.342651,78.48366,3.0,,,False,,,https://static.cupid.travel/hotels/ex_8a085b95_z.jpg,liteapi
lp65731f47,Hotel O SRI SAI BALAJI GRAND LODGE INN,hotel,17.34286,78.55692,3.0,,,False,,,https://static.cupid.travel/hotels/594949067.jpg,liteapi
lp65880b47,Fabhotel White Ridge Lb Nagar,hotel,17.342916,78.554102,3.0,,,False,,,https://static.cupid.travel/hotels/ex_f7cecedb_z.jpg,liteapi
lp656e017f,Hotel O R- Inn,hotel,17.34319,78.53803,3.0,,,False,,,https://static.cupid.travel/hotels/608164856.jpg,liteapi
lp6574c7ee,Hotel O Raga Stays,hotel,17.34434,78.55338,3.0,,,False,,,https://static.cupid.travel/hotels/578306481.jpg,liteapi
lp65740310,Hotel O Ragas Inn,hotel,17.34464,78.41664,3.0,,,False,,,https://static.cupid.travel/hotels/599250035.jpg,liteapi
lp1b4d7d,OYO 4035 SPG Grand,hotel,17.345111,78.528786,3.0,,,False,,,https://static.cupid.travel/hotels/ex_a24147fe_z.jpg,liteapi
lp65879514,Lohas Blue A Unit Of Lohas Stays,hotel,17.34564,78.420055,2.0,,,False,,,https://static.cupid.travel/hotels/ex_e7c9cb4c_z.jpg,liteapi
lp65877ff2,HOTEL GREENLANE SUITES,hotel,17.345692,78.414459,2.0,,,False,,,https://static.cupid.travel/hotels/ex_w1800h1193x0y203-2da25b7f_z.jpg,liteapi
lp657ec949,Lohas Blue,hotel,17.34573,78.42007,,,,False,,,https://static.cupid.travel/hotels/528201937.jpg,liteapi
lp6588fb22,Itsy Hotels Trio,hotel,17.345848083496094,78.52197265625,3.0,,,False,,,https://static.cupid.travel/hotels/ex_6deb66fd_z.jpg,liteapi
lp65738450,Luxury 9BHK AC Entire Building for families in Hyd,hotel,17.347066,78.413837,,,,False,,,https://static.cupid.travel/hotels/568714384.jpg,liteapi
lp65776d67,Cozy 2BHK Suites in Rajendranagar by Skyline Homestays,hotel,17.34858,78.40897,,,,False,,,https://static.cupid.travel/hotels/619737761.jpg,liteapi
lp6579434e,Modern 3BHK Penthouse in Rajendranagar by Skyline Homestays,hotel,17.34862,78.40906,,,,False,,,https://static.cupid.travel/hotels/619720957.jpg,liteapi
lp2797ca,OYO 41102 Hyderabad Elite,hotel,17.348709,78.418098,3.0,,,False,,,https://static.cupid.travel/hotels/ex_d5a11793_z.jpg,liteapi
lp6573792a,Hotel O R SQUARE HOMES,hotel,17.34945,78.54744,4.0,,,False,,,https://static.cupid.travel/hotels/532736202.jpg,liteapi
lp6572d963,Hotel O R Square,hotel,17.3506,78.54022,3.0,,,False,,,https://static.cupid.travel/hotels/579873550.jpg,liteapi
lp6577c7cd,Comfy 3BHK Suites in Rajendranagar by Skyline Homestays,hotel,17.35091,78.41092,,,,False,,,https://static.cupid.travel/hotels/619740074.jpg,liteapi
lp6579a9bd,Spacious 3BHK Suites in Chandrayangutta by Skyline Homestays,hotel,17.3512,78.50801,,,,False,,,https://static.cupid.travel/hotels/618504466.jpg,liteapi
lpea8a8,OYO 11670 Hotel Vishnu Priya Residency,hotel,17.352661,78.554451,3.0,,,False,,,https://static.cupid.travel/hotels/ex_9ac7d8ad_z.jpg,liteapi
lp657a5c01,Maruthi Dormitory Beds LB Nagar,hotel,17.35281,78.5561,,,,False,,,https://static.cupid.travel/hotels/573387302.jpg,liteapi
lp65880b40,SRR HOMES,hotel,17.3539,78.5326,2.0,,,False,,,https://static.cupid.travel/hotels/ex_a47c29f4_z.jpg,liteapi
lp6583c047,Serenity Retreat,hotel,17.357917,78.385004,,,,False,,,https://static.cupid.travel/hotels/591969499.jpg,liteapi
lp65880671,Aurelia Apartment By Red Olive 4bhk 30min Hitech,hotel,17.358414,78.417923,3.0,,,False,,,https://static.cupid.travel/hotels/ex_6fe9d89c_z.jpg,liteapi
lp6578395c,Manu's Retreat,hotel,17.35866,78.3949,,,,False,,,https://static.cupid.travel/hotels/584064639.jpg,liteapi
lp65789971,Hotel O SDN Residency,hotel,17.35875,78.55675,4.0,,,False,,,https://static.cupid.travel/hotels/571503775.jpg,liteapi
lp65852151,Mandhara,hotel,17.35909,78.43134,,,,False,,,https://static.cupid.travel/hotels/600245081.jpg,liteapi
lp657535c2,Capital O Surabhi Elite Near Miraj Cinemas - Shalini Shivani,hotel,17.3591,78.54485,3.0,,,False,,,https://static.cupid.travel/hotels/584867191.jpg,liteapi
lp657f42ce,Tranquil Urban Oasis,hotel,17.35912,78.39657,,,,False,,,https://static.cupid.travel/hotels/574626274.jpg,liteapi
lp6588df3c,Fabhotel Victoria Grand,hotel,17.360387802124023,78.54315185546875,3.0,,,False,,,https://static.cupid.travel/hotels/ex_95c32dc6_z.jpg,liteapi
lp656e2ec3,The guest House 07,hotel,17.36071,78.46219,,,,False,,,https://static.cupid.travel/hotels/504447690.jpg,liteapi
lp65890dbd,Fabhotel Sri Balaji Grand,hotel,17.3608341217041,78.55804443359375,3.0,,,False,,,https://static.cupid.travel/hotels/ex_cdb03011_z.jpg,liteapi
lp65763a52,Hotel O Metro Lodge,hotel,17.36135,78.47381,3.0,,,False,,,https://static.cupid.travel/hotels/584584793.jpg,liteapi
lp65780c81,Collection O Sky City,hotel,17.3626,78.39488,3.0,,,False,,,https://static.cupid.travel/hotels/617428255.jpg,liteapi
lpbda5a,Treebo I Max Inn,hotel,17.362654,78.389433,3.0,,,False,,,https://static.cupid.travel/hotels/ex_9c461087_z.jpg,liteapi
lp6581ee27,Elegant Central Apartment,hotel,17.36298,78.46532,,,,False,,,https://static.cupid.travel/hotels/584276332.jpg,liteapi
lp657982e7,The Secret Nook,hotel,17.36326,78.39546,,,,False,,,https://static.cupid.travel/hotels/621719863.jpg,liteapi
lp1b4d55,OYO 7343 Al Shareef Palace,hotel,17.363261,78.480211,2.0,,,False,,,https://static.cupid.travel/hotels/ex_54ee08a3_z.jpg,liteapi
lp65850c5a,thefloraguesthouse,hotel,17.36376,78.46323,,,,False,,,https://static.cupid.travel/hotels/518180961.jpg,liteapi
lp65768c13,Super Hotel O Suncity formerly Fort Inn,hotel,17.3646,78.39167,3.0,,,False,,,https://static.cupid.travel/hotels/617848909.jpg,liteapi
lp6570e6c4,"""Anasuya Nilayam"" 2nd Floor Pent House",hotel,17.36465,78.54876,,,,False,,,https://static.cupid.travel/hotels/519180726.jpg,liteapi
lp6587cd70,The Vistara Hotel,hotel,17.364782,78.538401,3.0,,,False,,,https://static.cupid.travel/hotels/ex_0ea7cff7_z.jpg,liteapi
lp6575385b,Hotel O HIGH RISEE,hotel,17.36577,78.39805,,,,False,,,https://static.cupid.travel/hotels/618213366.jpg,liteapi
lp6577ddc0,Hotel Simra Relax inn,hotel,17.3658,78.52037,3.0,,,False,,,https://static.cupid.travel/hotels/580291877.jpg,liteapi
lp656c3125,Fabexpress Simra Relax Inn,hotel,17.365803,78.519995,3.0,,,False,,,https://static.cupid.travel/hotels/ex_ad348af1_z.jpg,liteapi
lp657420ac,Hotel O Simra Relax Inn,hotel,17.36597,78.52045,3.0,,,False,,,https://static.cupid.travel/hotels/601683304.jpg,liteapi
lp658913e2,Fabhotel Virat Elite,hotel,17.36726951599121,78.58053588867188,3.0,,,False,,,https://static.cupid.travel/hotels/ex_369f4218_z.jpg,liteapi
lp65816d6c,Duplex Hotel,hotel,17.36856,78.49771,,,,False,,,https://static.cupid.travel/hotels/621785905.jpg,liteapi
lp6576da22,Hotel O UNIQUE SUITES CUBE,hotel,17.36856,78.55714,3.0,,,False,,,https://static.cupid.travel/hotels/596522422.jpg,liteapi
lp65804bef,Townhouse Hotel Lime Tree,hotel,17.368612,78.532648,4.0,,,False,,,https://static.cupid.travel/hotels/597105022.jpg,liteapi
lpc86dd,OYO 7976 Dilsukhnagar,hotel,17.368715,78.52692,3.0,,,False,,,https://static.cupid.travel/hotels/ex_307a9aba_z.jpg,liteapi
lp65891ec6,Fabhotel Veda Inn,hotel,17.36890411376953,78.53289031982422,3.0,,,False,,,https://static.cupid.travel/hotels/ex_a25c8ffb_z.jpg,liteapi
lp6572b427,Hotel O R square,hotel,17.369673,78.526985,3.0,,,False,,,https://static.cupid.travel/hotels/613792108.jpg,liteapi
lp6588e22d,Fabhotel White Ridge,hotel,17.369794845581055,78.526123046875,3.0,,,False,,,https://static.cupid.travel/hotels/ex_b91affa7_z.jpg,liteapi
lp657c5093,Ivory guest house,hotel,17.369894,78.506557,,,,False,,,https://static.cupid.travel/hotels/588248564.jpg,liteapi
lp6582ee15,Homestay suite,hotel,17.36996,78.50656,,,,False,,,https://static.cupid.travel/hotels/537295823.jpg,liteapi
lp65774815,IB Comfort Home Stay,hotel,17.37013,78.39822,,,,False,,,https://static.cupid.travel/hotels/577163519.jpg,liteapi
lp6587f926,Fabhotel Wild Wings Kothapet,hotel,17.371247,78.541752,3.0,,,False,,,https://static.cupid.travel/hotels/ex_c3bacd2b_z.jpg,liteapi
lp657531fb,Super Collection O SS BLUE INN,hotel,17.37226,78.52321,4.0,,,False,,3.0,https://static.cupid.travel/hotels/588209872.jpg,liteapi
lp65761096,Hotel O Mayur's residency,hotel,17.372643,78.50547,3.0,,,False,,,https://static.cupid.travel/hotels/614442528.jpg,liteapi
lp6588201c,White Ridge Hotel - Nagole,hotel,17.373177,78.547917,2.0,,,False,,,https://static.cupid.travel/hotels/ex_3f59582c_z.jpg,liteapi
lp657b5a18,The Royal galaxy,hotel,17.37385,78.47807,5.0,,,False,,,https://static.cupid.travel/hotels/585257079.jpg,liteapi
lp1c6527,OYO Flagship 19460 Hotel Pearl City,hotel,17.374197,78.476699,3.0,,,False,,,https://static.cupid.travel/hotels/ex_351980d6_z.jpg,liteapi
lp656c36ad,Fabhotel Singh Suites,hotel,17.374845,78.473415,3.0,,,False,,,https://static.cupid.travel/hotels/ex_8eee50ce_z.jpg,liteapi
lp6588badf,Fabhotel White Ridge Chaitanyapuri,hotel,17.375934600830078,78.53704833984375,3.0,,,False,,,https://static.cupid.travel/hotels/ex_0e0cffb0_z.jpg,liteapi
lp6575ab92,Hotel O by OYO Royal Stay Luxury Rooms,hotel,17.376357,78.432842,3.0,,,False,,,https://static.cupid.travel/hotels/607321952.jpg,liteapi
lpe6aef,Hotel Nav Bharat Residency,hotel,17.37912,78.4793,3.0,,,False,,,https://static.cupid.travel/hotels/ex_8a892134_z.jpg,liteapi
lp656c3512,iROOMZ Peaceful Stay Villa,hotel,17.3795,78.54047,2.0,,,False,,,https://static.cupid.travel/hotels/ex_9f109f13_z.jpg,liteapi
lp6555b768,HMC Hotel,hotel,17.383736,78.474239,3.0,,,False,,,https://static.cupid.travel/hotels/ex_51d226de_z.jpg,liteapi
lp6576d30d,Hotel O Tokyo,hotel,17.38712,78.47607,4.0,,,False,,,https://static.cupid.travel/hotels/566984603.jpg,liteapi
lp6576105b,Capital O SKY GRAND,hotel,17.38765,78.4751,3.0,,,False,,,https://static.cupid.travel/hotels/475468569.jpg,liteapi
lpe8f49,Capital O 14244 Loya Legend,hotel,17.387654,78.475099,3.0,,,False,,,https://static.cupid.travel/hotels/ex_5ffe4edb_z.jpg,liteapi
lp656c3695,Fabexpress Reddy Heights,hotel,17.388282,78.478909,3.0,,,False,,,https://static.cupid.travel/hotels/ex_37bb5da0_z.jpg,liteapi
lp657da4b5,Hotel O Kanak International,hotel,17.38839,78.47892,4.0,,,False,,,https://static.cupid.travel/hotels/486372178.jpg,liteapi
lp658918b6,Zivo Stays Guest House Rethibowli,hotel,17.388591766357422,78.42916870117188,2.0,,,False,,,https://static.cupid.travel/hotels/ex_3711fbd3_z.jpg,liteapi
lp65735556,Client first homes (ground floor),hotel,17.38871,78.42974,,,,False,,,https://static.cupid.travel/hotels/490567389.jpg,liteapi
lp6588ccbd,Zivo Stays Heritage Apartments,hotel,17.38895034790039,78.4297103881836,3.0,,,False,,,https://static.cupid.travel/hotels/ex_4679af51_z.jpg,liteapi
lp657a0cfe,Hotel O Srinivasa Grand,hotel,17.38901,78.47293,3.0,,,False,,,https://static.cupid.travel/hotels/532734241.jpg,liteapi
lp656f60f5,"Zivo Stays, Heritage Apartments, Rethibowli",hotel,17.389152,78.429755,3.0,,,False,,,https://static.cupid.travel/hotels/490551338.jpg,liteapi
lp20f19e,FabHotel Sri Mayuri,hotel,17.38973,78.492548,3.0,,,False,,,https://static.cupid.travel/hotels/ex_06527142_z.jpg,liteapi
lp65792842,Collection O Sai Krupa,hotel,17.38981,78.49259,3.0,,,False,,,https://static.cupid.travel/hotels/603274519.jpg,liteapi
lp6555c633,Capital O 72734 Hotel Sri Sai Inn,hotel,17.389952,78.49251,3.0,,,False,,,https://static.cupid.travel/hotels/ex_7e7b1c01_z.jpg,liteapi
lp6588f708,Fabhotel S Continental,hotel,17.39031982421875,78.49043273925781,3.0,,,False,,,https://static.cupid.travel/hotels/ex_158516fb_z.jpg,liteapi
lp6579a528,Hotel Sai Krupa,hotel,17.390398,78.492765,,,,False,,,https://static.cupid.travel/hotels/577448731.jpg,liteapi
lp6588d673,Fabhotel Asian Heights,hotel,17.390411376953125,78.46611785888672,3.0,,,False,,,https://static.cupid.travel/hotels/ex_e639d486_z.jpg,liteapi
lp186763,OYO 13251 Hotel Three Castles Deluxe,hotel,17.390726,78.47072,3.0,,,False,,,https://static.cupid.travel/hotels/ex_e9492e57_z.jpg,liteapi
lp6588e735,Hotel Saiprakash,hotel,17.391117095947266,78.47045135498047,3.0,,,False,,,https://static.cupid.travel/hotels/ex_239aa46f_z.jpg,liteapi
lp65801f8a,Deccan Raise Apartment Mehdipatnam Hyderabad,hotel,17.39113,78.44404,,,,False,,,https://static.cupid.travel/hotels/595918811.jpg,liteapi
lp657952a2,Collection O New Royal plaza Nampally,hotel,17.39133,78.46531,3.0,,,False,,,https://static.cupid.travel/hotels/620820551.jpg,liteapi
lp65576811,Treebo Trend Arastu,hotel,17.391466,78.465368,3.0,,,False,,,https://snaphotelapi.com/hotels/ex_5e68aa5c_z.jpg,liteapi
lp6578af2d,Hotel O Highway Luxury Hotel,hotel,17.391537,78.476289,4.0,,,False,,,https://static.cupid.travel/hotels/620517876.jpg,liteapi
lp32697c,SPOT ON 46066 Hotel Azizia Residency,hotel,17.39242,78.469918,3.0,,,False,,,https://static.cupid.travel/hotels/ex_d87e3dac_z.jpg,liteapi
lp6588b3d7,Fabhotel Ayaansh,hotel,17.392541885375977,78.47200012207031,3.0,,,False,,,https://static.cupid.travel/hotels/ex_3af1d0fd_z.jpg,liteapi
lp1b14e2,OYO 8198 Hotel Raj International,hotel,17.392752,78.46402,3.0,,,False,,,https://static.cupid.travel/hotels/ex_7e0fab81_z.jpg,liteapi
lp65789915,Luxury 2bhk flat mehdipatnam,hotel,17.393069,78.436328,,,,False,,,https://static.cupid.travel/hotels/586574168.jpg,liteapi
lp657b8c44,Family and official bookings only,hotel,17.39314,78.52359,,,,False,,,https://static.cupid.travel/hotels/538364887.jpg,liteapi
lp65753b8a,2BHK Premium and Fully Equipped Apt near Banjara Hills,hotel,17.39338,78.43441,,,,False,,,https://static.cupid.travel/hotels/582500940.jpg,liteapi
lpd34b1,Hotel O Ruma,hotel,17.393381,78.471254,3.0,,,False,,3.0,https://static.cupid.travel/hotels/547616091.jpg,liteapi
lp65799cc3,2BHK fully furnished penthouse,hotel,17.393565,78.47353,,,,False,,,https://static.cupid.travel/hotels/598583852.jpg,liteapi
lp657bea2c,Uma Dream Reality,hotel,17.393652,78.557335,,,,False,,,https://static.cupid.travel/hotels/602862413.jpg,liteapi
lp36a622,Capital O 46832 Gaayatri Residency,hotel,17.393945,78.470504,3.0,,,False,,,https://static.cupid.travel/hotels/ex_2781b185_z.jpg,liteapi
lp6587e8b1,Fabhotel White Ridge Shivam,hotel,17.394114,78.510382,3.0,,,False,,,https://static.cupid.travel/hotels/ex_8654cb2a_z.jpg,liteapi
lp65770f59,Urban 3BHK Suites in Mehdipatnam by Skyline Homestays,hotel,17.39413,78.43901,,,,False,,,https://static.cupid.travel/hotels/618503478.jpg,liteapi
lp6572f747,"Hyderabad Holiday Home ""3 Bed room service aprt in Vijayanagar Colony""",hotel,17.394766,78.455584,4.0,,,False,,,https://static.cupid.travel/hotels/556892616.jpg,liteapi
lp326a54,Capital O 46248 Marjan International,hotel,17.394947,78.471112,3.0,,,False,,,https://static.cupid.travel/hotels/ex_1d9fa089_z.jpg,liteapi
lp1b4b94,OYO 24605 Grand Season,hotel,17.395048,78.511101,3.0,,,False,,,https://static.cupid.travel/hotels/ex_df5455b9_z.jpg,liteapi
lp657f6ef1,Deccan ABKs Elegance Tolichowki Hyderabad,hotel,17.395597,78.421368,,,,False,,,https://static.cupid.travel/hotels/607561904.jpg,liteapi
lp20e5a2,FabHotel Srujana Inn,hotel,17.395671,78.471051,3.0,,,False,,,https://static.cupid.travel/hotels/ex_acbc570f_z.jpg,liteapi
lp65797d6c,AL Amoodi Penthouse/Apartment.,hotel,17.39575,78.42221,,,,False,,,https://static.cupid.travel/hotels/521372570.jpg,liteapi
lp657611cb,Hotel O FORTUNE INN,hotel,17.39589,78.4627,4.0,,,False,,,https://static.cupid.travel/hotels/552952884.jpg,liteapi
lp6574dbb6,Park View Flat with Central AC,hotel,17.39636,78.54221,,,,False,,,https://static.cupid.travel/hotels/588514219.jpg,liteapi
lp6588afdc,Fabhotel Casa Grand Himayathnagar,hotel,17.396961212158203,78.49103546142578,3.0,,,False,,,https://static.cupid.travel/hotels/ex_235d37b9_z.jpg,liteapi
lp657bc6dc,Townhouse The Grand Plaza,hotel,17.39786,78.47111,3.0,,,False,,,https://static.cupid.travel/hotels/447327183.jpg,liteapi
lpdce78,Hotel Grand Seasons,hotel,17.397966,78.512325,3.0,,,False,,,https://static.cupid.travel/hotels/ex_c5c457f5_z.jpg,liteapi
lp6577367d,Lotus Guest grand IN,hotel,17.398,78.56057,,,,False,,,https://static.cupid.travel/hotels/578391521.jpg,liteapi
lp6574a34d,Blossoms Room Hotel Holidays inn Plaza- Free One Meal,hotel,17.39807,78.47084,3.0,,,False,,,https://static.cupid.travel/hotels/553451765.jpg,liteapi
lp88316,OYO 68409 Dera Guest House,hotel,17.398317,78.47221,3.0,,,False,,,https://static.cupid.travel/hotels/ex_9e24b07c_z.jpg,liteapi
lp1b4b60,OYO 16533 Hotel Sudarshan,hotel,17.399006,78.491882,3.0,,,False,,,https://static.cupid.travel/hotels/ex_e376e654_z.jpg,liteapi
lp2795f5,Capital O 47550 Grand Swagath,hotel,17.399099,78.537975,3.0,,,False,,,https://static.cupid.travel/hotels/ex_7eb79f39_z.jpg,liteapi
lp6571514d,"Marwa Tower - 1BHK Homestay, Fully Furnished",hotel,17.39914,78.41016,,,,False,,,https://static.cupid.travel/hotels/602420717.jpg,liteapi
lp65747f84,3BHK Suites with Epic Views & Ventilation in Tolichowki by Skyline Homestays,hotel,17.39934,78.40595,,,,False,,,https://static.cupid.travel/hotels/618493038.jpg,liteapi
lp65747f5a,5BHK Suites with Epic Views & Ventilation in Tolichowki by Skyline Homestays,hotel,17.39935,78.40589,,,,False,,,https://static.cupid.travel/hotels/618500707.jpg,liteapi
lp657f2bc7,Deccan Delight Home Tolichowki Hyderabad,hotel,17.399433,78.411764,,,,False,,,https://static.cupid.travel/hotels/607507439.jpg,liteapi
lp6580d70e,Deccan Studio Tolichowki Hyderabad,hotel,17.399451,78.411766,,,,False,,,https://static.cupid.travel/hotels/607502824.jpg,liteapi
lp65764d52,Hotel O Sri Saiyee Dwaraka Hotel,hotel,17.39958,78.49492,3.0,,,False,,,https://static.cupid.travel/hotels/598282172.jpg,liteapi
lp6578d65d,Luxurious 3BHK Penthouse in Sheikhpet by Skyline Homestays,hotel,17.39966,78.40027,,,,False,,,https://static.cupid.travel/hotels/618502223.jpg,liteapi
lp6574a03a,"Penthouse 1BHK at Shine Enclave, Manikonda, Hyderabad",hotel,17.399716,78.383911,,,,False,,,https://static.cupid.travel/hotels/605971185.jpg,liteapi
lp656c2507,Hotel Maruthi Residency,hotel,17.400112,78.462687,3.0,,,False,,,https://static.cupid.travel/hotels/ex_w720h481x0y7-9a8b2a8b_z.jpg,liteapi
lp6577eac4,FabHotel Maruthi Residency - Nr Metro Station Lakdikapul,hotel,17.40036,78.46253,3.0,,,False,,,https://static.cupid.travel/hotels/551854006.jpg,liteapi
lpc8771,OYO 6661 Aurum Abode,hotel,17.400538,78.388028,3.0,,,False,,,https://static.cupid.travel/hotels/ex_2fb54262_z.jpg,liteapi
lp4e8ed,Balaji Residency,hotel,17.400563,78.489308,3.0,,,False,,,https://static.cupid.travel/hotels/ex_03bed56f_z.jpg,liteapi
lp657dc0ba,Super Collection O Manikonda,hotel,17.40057,78.37895,3.0,,,False,,,https://static.cupid.travel/hotels/614591491.jpg,liteapi
lp6577beb2,Modern 3BHK Furnished Flat in Downtown Hyderabad,hotel,17.40135,78.41477,,,,False,,,https://static.cupid.travel/hotels/594182567.jpg,liteapi
lp6588e6be,Fabhotel Yagna Grand,hotel,17.401973724365234,78.58527374267578,3.0,,,False,,,https://static.cupid.travel/hotels/ex_5debc6fe_z.jpg,liteapi
lp65880b2b,Fabhotel Aashvi,hotel,17.402497,78.382591,3.0,,,False,,,https://static.cupid.travel/hotels/ex_6ef9e245_z.jpg,liteapi
lp65574eec,Itsy By Treebo - Vashistha,hotel,17.402619,78.463118,3.0,,,False,,,https://static.cupid.travel/hotels/ex_7fd58ed4_z.jpg,liteapi
lp65741f73,Blossom Rooms Hotel Vashishtha - Free Lunch or Dinner- free Breakfast,hotel,17.40262,78.46331,3.0,,,False,,,https://static.cupid.travel/hotels/612304108.jpg,liteapi
lp18678d,OYO 16018 Rainbow Saphire,hotel,17.402697,78.462421,3.0,,,False,,,https://static.cupid.travel/hotels/ex_ff0f340f_z.jpg,liteapi
lp657775fe,Hotel O New Shiridi Crystal,hotel,17.40288,78.47637,3.0,,,False,,,https://static.cupid.travel/hotels/615641100.jpg,liteapi
lp65778be3,Blossoms Room Hotel Kritanga Lakdikapul- Free Lunch Or Dinner,hotel,17.40342,78.46695,3.0,,,False,,,https://static.cupid.travel/hotels/612549213.jpg,liteapi
lp658915c1,Fabhotel Ayaansh Himayatnagar,hotel,17.403610229492188,78.48285675048828,3.0,,,False,,,https://static.cupid.travel/hotels/ex_b3ae5758_z.jpg,liteapi
lp65725d01,Specious 4bhk duplex pent house in heart of the city,hotel,17.40368,78.38668,,,,False,,,https://static.cupid.travel/hotels/594785145.jpg,liteapi
lp65891b2f,Fabhotel Br Classic,hotel,17.40381622314453,78.45329284667969,3.0,,,False,,,https://static.cupid.travel/hotels/ex_cb0b4a41_z.jpg,liteapi
lp656e9318,102 Paramount Tower,hotel,17.404177,78.413461,,,,False,,,https://static.cupid.travel/hotels/587180230.jpg,liteapi
lp6578165e,Empress Heights By Red Olive Jubliee Hills,hotel,17.40456,78.40099,,,,False,,,https://static.cupid.travel/hotels/597447934.jpg,liteapi
lp6581db01,Hotel Srinivasa Residency,hotel,17.40496,78.46394,3.0,,,False,,,https://static.cupid.travel/hotels/621356635.jpg,liteapi
lp6579f256,Rooftop Studio room with Private Terrace by Skyline Homestays,hotel,17.40516,78.40906,,,,False,,,https://static.cupid.travel/hotels/619715843.jpg,liteapi
lpe08ae,Hotel Meridian Palace,hotel,17.40518,78.46303,3.0,,,False,,,https://static.cupid.travel/hotels/ex_e97af225_z.jpg,liteapi
lp65880399,ORION Elegant Luxury Apartements,hotel,17.405427,78.450519,3.0,,,False,,,https://static.cupid.travel/hotels/ex_0c337207_z.jpg,liteapi
lp657e6af7,iROOMZ Hotel Hyderabad Towers,hotel,17.406084,78.451659,2.0,,,False,4.0,,https://static.cupid.travel/hotels/ex_05d9d575_z.jpg,liteapi
lp658907cf,Fabhotel Asian Park,hotel,17.406177520751953,78.46490478515625,3.0,,,False,,,https://static.cupid.travel/hotels/ex_20637291_z.jpg,liteapi
lp6558d236,K N Gupta Group Of Hotel Castle,hotel,17.406223,78.377705,3.0,,,False,,,https://static.cupid.travel/hotels/ex_417c828a_z.jpg,liteapi
lp65890e57,Dreamscape Hotel by Fracspace  OU Colony,hotel,17.406272888183594,78.39018249511719,3.0,,,False,,,https://static.cupid.travel/hotels/ex_8cf4f871_z.jpg,liteapi
lp6587d005,Fabhotel Rio,hotel,17.406473,78.477235,3.0,,,False,,,https://static.cupid.travel/hotels/ex_9906cb8b_z.jpg,liteapi
lp65817b37,Curtis House,hotel,17.4065,78.47724,,,,False,,,https://static.cupid.travel/hotels/524205048.jpg,liteapi
lp6587fd47,New Prestige Hotel,hotel,17.40661,78.47939,3.0,,,False,,,https://static.cupid.travel/hotels/ex_4ab64380_z.jpg,liteapi
lp6589187d,The Platinum Boutique Inn Hotel,hotel,17.40665626525879,78.4781494140625,3.0,,,False,,,https://static.cupid.travel/hotels/ex_4aafaa58_z.jpg,liteapi
lp657fdfd0,Sai service apartment,hotel,17.40682,78.44456,,,,False,,,https://static.cupid.travel/hotels/498313417.jpg,liteapi
lp65755ba1,Blossoms Room Hotel Vashistha- Lakdikapul- Free Food Vouchers - Free Buffet Breakfast,hotel,17.40698,78.4516,3.0,,,False,,,https://static.cupid.travel/hotels/612554757.jpg,liteapi
lp4e8ec,The Down Town Hotel,hotel,17.407005,78.4481,3.0,,,False,,,https://static.cupid.travel/hotels/ex_4065fbf2_z.jpg,liteapi
lp657b3668,Luxurious Duplex-Himayath nagar,hotel,17.407111,78.491666,,,,False,,,https://static.cupid.travel/hotels/592900211.jpg,liteapi
lp657fb7e5,Luxurious Duplex Stay,hotel,17.40714,78.49165,,,,False,,,https://static.cupid.travel/hotels/594509686.jpg,liteapi
lp656f456b,Royal Gem 3bhk Banjara hills rd12,hotel,17.40718,78.4418,,,,False,,,https://static.cupid.travel/hotels/593398804.jpg,liteapi
lp656fb506,Royal Suite 1 bhk fully furnished at Banjara Hills Rd 12,hotel,17.40718,78.44182,,,,False,,,https://static.cupid.travel/hotels/568315949.jpg,liteapi
lp6570674c,"Banjara hills rd 12 , 2 bhk fully furnished Royal Suites Private Building",hotel,17.407196,78.441827,,,,False,,,https://static.cupid.travel/hotels/616302041.jpg,liteapi
lp657aca49,six bedroom apartment at manikonda jubilee hills,hotel,17.40735,78.38837,,,,False,,,https://static.cupid.travel/hotels/560399243.jpg,liteapi
lp6572ec65,Blossoms Room Hotel Road View Grand- Lakdikapul- Free lunch or Dinner - Free Breakfast,hotel,17.40747,78.45143,3.0,,,False,,,https://static.cupid.travel/hotels/612893889.jpg,liteapi
lp657be7dc,Hotel Plaza Rooms,hotel,17.40766,78.46926,2.0,,,False,,,https://static.cupid.travel/hotels/526347471.jpg,liteapi
lp6588e776,The SB A Business Boutique Hotel,hotel,17.407733917236328,78.44612884521484,3.0,,,False,,,https://static.cupid.travel/hotels/ex_a5e0c330_z.jpg,liteapi
lp6588fd7d,THE PAD BY FRACSPACE,hotel,17.407758712768555,78.42687225341797,2.0,,,False,,,https://static.cupid.travel/hotels/ex_614d81cc_z.jpg,liteapi
lp6581e8da,Stellar Skyline Penthouse,hotel,17.407859,78.400594,,,,False,,,https://static.cupid.travel/hotels/593127472.jpg,liteapi
lp658083fb,Vista Homes,hotel,17.40805,78.42882,,,,False,,,https://static.cupid.travel/hotels/563249812.jpg,liteapi
lp658825ea,HOTEL SIGNATURE BANJARA HILLS HYDERABAD,hotel,17.408217,78.450165,3.0,,,False,,,https://static.cupid.travel/hotels/ex_e4209e4c_z.jpg,liteapi
lp6587bcb8,Mithra Homes,hotel,17.40836,78.428708,3.0,,,False,,,https://static.cupid.travel/hotels/ex_270-299bc0cf_z.jpg,liteapi
lp65817836,Dulhan House,hotel,17.40849,78.44937,,,,False,,,https://static.cupid.travel/hotels/545243554.jpg,liteapi
lp657f74cf,Economique Rester @BanjaraHills,hotel,17.408561,78.4303,3.0,,,False,,,https://static.cupid.travel/hotels/546944980.jpg,liteapi
lp658751c7,Hotel Mallikarjun Residency,hotel,17.408619,78.390139,2.0,,,False,,,https://static.cupid.travel/hotels/ex_3aea3064_z.jpg,liteapi
lp102a75,Oftog,hotel,17.408674,78.450631,3.0,,,False,,,https://static.cupid.travel/hotels/ex_4a37c448_z.jpg,liteapi
lp6582302c,Bella Commune,hotel,17.40885,78.4464,,,,False,,,https://static.cupid.travel/hotels/595703834.jpg,liteapi
lp657df859,Luxurious one Bedroom Studio apartment,hotel,17.408981,78.448117,,,,False,,,https://static.cupid.travel/hotels/597204511.jpg,liteapi
lp656bc967,Fabexpress Luxury Inn,hotel,17.4091,78.42672,3.0,,,False,,,https://static.cupid.travel/hotels/ex_51b4c2a3_z.jpg,liteapi
lp657c34f7,Single Suite room,hotel,17.40915,78.39999,,,,False,,,https://static.cupid.travel/hotels/547268300.jpg,liteapi
lp65728326,Luxury 3-BR Penthouse,hotel,17.4092,78.39108,,,,False,,,https://static.cupid.travel/hotels/620510528.jpg,liteapi
lp657d8743,NEW BANJARA SUITES,hotel,17.40923,78.43296,,,,False,,,https://static.cupid.travel/hotels/559969589.jpg,liteapi
lp658815f1,Humble Abode,hotel,17.409284,78.38307,2.0,,,False,,,https://static.cupid.travel/hotels/ex_eabd948e_z.jpg,liteapi
lp657619f5,Stay at Lanco Hills,hotel,17.40953,78.37647,,,,False,,,https://static.cupid.travel/hotels/520266505.jpg,liteapi
lp6573ec04,HOTEL O SUN LODGE AND BANQUET HALL,hotel,17.40954,78.50821,3.0,,,False,,,https://static.cupid.travel/hotels/617920562.jpg,liteapi
lp6588eaec,Fabhotel Five Star,hotel,17.409915924072266,78.58625030517578,3.0,,,False,,,https://static.cupid.travel/hotels/ex_4295ef2b_z.jpg,liteapi
lp65890737,The Landmark Hotel Banjarahills,hotel,17.409954071044922,78.43901062011719,3.0,,,False,,,https://static.cupid.travel/hotels/ex_0002867a_z.jpg,liteapi
lp6571c67a,1BH with Pantry,hotel,17.40996,78.39805,,,,False,,,https://static.cupid.travel/hotels/542087166.jpg,liteapi
lp6578a66f,Beautiful 2bhk centrally located with free parking,hotel,17.410005,78.486605,,,,False,,,https://static.cupid.travel/hotels/536535986.jpg,liteapi
lp65890b79,"Zivo Stays, Jubilee Hills",hotel,17.410009384155273,78.40202331542969,3.0,,,False,,,https://static.cupid.travel/hotels/ex_7660ffed_z.jpg,liteapi
lp657ef2dd,Aero homes,hotel,17.410032,78.384514,,,,False,,,https://static.cupid.travel/hotels/593829294.jpg,liteapi
lp65890337,Crescent Stays Banjara Hills,hotel,17.410097122192383,78.43626403808594,4.0,,,False,,,https://static.cupid.travel/hotels/ex_9f28722a_z.jpg,liteapi
lp65766ef8,RoofTop-1BHK for Families only @HimayathNagar,hotel,17.410483,78.479523,3.0,,,False,,1.0,https://static.cupid.travel/hotels/546948929.jpg,liteapi
lp658775b6,Let Home,hotel,17.410593,78.425647,3.0,,,False,,,https://static.cupid.travel/hotels/ex_d4499163_z.jpg,liteapi
lp8837a,ZO Rooms Manikonda,hotel,17.41097,78.389638,3.0,,,False,,,https://static.cupid.travel/hotels/ex_2e81d661_z.jpg,liteapi
lp65776f3e,Toit -AC room Himayathnagar,hotel,17.411298,78.478609,3.0,,,False,,,https://static.cupid.travel/hotels/619310880.jpg,liteapi
lp65765cfa,Hotel O New hotel banjara suites,hotel,17.41131,78.43758,4.0,,,False,,,https://static.cupid.travel/hotels/611780292.jpg,liteapi
lp656bc610,iROOMZ Hotel Royal Hill Park,hotel,17.411355,78.437429,2.0,,,False,4.0,,https://static.cupid.travel/hotels/ex_ca2ccfdd_z.jpg,liteapi
lp655584a0,OYO 22474 Neon Homes,hotel,17.411484,78.420532,3.0,,,False,,,https://static.cupid.travel/hotels/ex_032d8fb4_z.jpg,liteapi
lp657160ad,4BHK Luxury Stay at Lotus Pond with Foosball fun!,hotel,17.41166,78.42164,,,,False,,,https://static.cupid.travel/hotels/604366742.jpg,liteapi
lp88404,OYO 1074 Valley View Apartments,hotel,17.411793,78.443872,3.0,,,False,,,https://static.cupid.travel/hotels/ex_66403ab7_z.jpg,liteapi
lp656e7632,The Cozy Nest 1,hotel,17.411958,78.457126,,,,False,,,https://static.cupid.travel/hotels/614120855.jpg,liteapi
lp6588f994,Hotel Hemaadri Grand,hotel,17.412025451660156,78.45001220703125,3.0,,,False,,,https://static.cupid.travel/hotels/ex_b2ac60b7_z.jpg,liteapi
lp65750d17,"Hotel Luxury Residents - family friendly hotel, free shuttle",hotel,17.41221,78.42385,3.0,,,False,,,https://static.cupid.travel/hotels/619699861.jpg,liteapi
lp657d97d0,Hotel stay Holiday,hotel,17.41221,78.42393,3.0,,,False,,,https://static.cupid.travel/hotels/614435037.jpg,liteapi
lp65767870,Peaceful 2BHK Suites in Banjara Hills by Skyline Homestays,hotel,17.41241,78.44889,,,,False,,,https://static.cupid.travel/hotels/619748192.jpg,liteapi
lp6578aa5e,Collection O White House Silverkey Near Film nagar,hotel,17.41255,78.40752,4.0,,,False,,,https://static.cupid.travel/hotels/603682180.jpg,liteapi
lp657ad7ef,Live Inn Banjara,hotel,17.41268,78.43417,,,,False,,,https://static.cupid.travel/hotels/562289366.jpg,liteapi
lp657f91b9,SVM Hotel Hospitality,hotel,17.41273,78.45115,3.0,,,False,,,https://static.cupid.travel/hotels/589979575.jpg,liteapi
lp65845726,MATAKRUPA BUILDING,hotel,17.41279,78.43164,,,,False,,,https://static.cupid.travel/hotels/579046751.jpg,liteapi
lp657a0056,New Hotel Pride Banjara,hotel,17.41279,78.44979,2.0,,,False,,,https://static.cupid.travel/hotels/582770579.jpg,liteapi
lp1f2acb,OYO 16135 Krupa Service Apartment,hotel,17.412854,78.431745,2.0,,,False,,,https://static.cupid.travel/hotels/ex_ed57e30f_z.jpg,liteapi
lp6573ce39,Super Townhouse Oak Hotel Banjara Hill Formerly Prime Stays,hotel,17.412964,78.42393,4.0,,,False,,,https://static.cupid.travel/hotels/584132247.jpg,liteapi
lp657b13a3,Central Retreat by Luxe Downtown,hotel,17.41331,78.41126,3.0,,,False,,,https://static.cupid.travel/hotels/592018282.jpg,liteapi
lp65741451,FabHotel Prime SVM Grand - Banjara Hills,hotel,17.41331,78.42795,3.0,,,False,,,https://static.cupid.travel/hotels/574637761.jpg,liteapi
lp656dbdba,Bunk N Beyond,hotel,17.413352,78.448351,1.0,,,False,,,https://static.cupid.travel/hotels/ex_57296e18_z.jpg,liteapi
lp65817fb3,Hyderabad Wanderers Cave,hotel,17.41366,78.51434,,,,False,,,https://static.cupid.travel/hotels/580086544.jpg,liteapi
lp65797689,"Guhan HomeStay - Bright & Cozy Studio Full Furnished & Full Kitchen, WiFi & Balcony",hotel,17.413672,78.40813,,,,False,,1.0,https://static.cupid.travel/hotels/613049351.jpg,liteapi
lp6589044f,Stylish 4-bedroom Family Getaway Luxury Living,hotel,17.41377067565918,78.44940948486328,2.0,,,False,,,https://static.cupid.travel/hotels/ex_cb9769fe_z.jpg,liteapi
lp6577ccf2,Hotel Luxury Prestige - Banjara hills city view with complimentary Breakfast,hotel,17.41404,78.42475,3.0,,,False,,,https://static.cupid.travel/hotels/617419193.jpg,liteapi
lp6576ebc5,Luxury Room @ Banjarahills Near Care hospitals,hotel,17.415097,78.448869,3.0,,,False,,,https://static.cupid.travel/hotels/544408932.jpg,liteapi
lp325abf,Capital O 44354 Jubilee Banjara Suites,hotel,17.415366,78.432105,3.0,,,False,6.0,,https://static.cupid.travel/hotels/ex_9e76b9c7_z.jpg,liteapi
lp6579c3f1,The Grand Rosso,hotel,17.41542,78.4319,,,,False,,,https://static.cupid.travel/hotels/615536279.jpg,liteapi
lp657547de,The Jubliee Apartment by StayJade 3bhk Nr Apollo,hotel,17.41611,78.40757,,,,False,,,https://static.cupid.travel/hotels/573184127.jpg,liteapi
lp65785d5e,Sapphire Apartment by StayJade Jubliee Hills 3BHK,hotel,17.41611,78.40757,,,,False,,,https://static.cupid.travel/hotels/573184259.jpg,liteapi
lp655548f7,OYO 49253 Raja Residency,hotel,17.416285,78.49902,2.0,,,False,,,https://static.cupid.travel/hotels/ex_8403f546_z.jpg,liteapi
lp65731d54,Lavish 1Bhk flat near Kims Hitech city,hotel,17.41659,78.38973,,,,False,,,https://static.cupid.travel/hotels/541618037.jpg,liteapi
lp6573559e,raidurg pent house 1RK,hotel,17.41659,78.38973,,,,False,,,https://static.cupid.travel/hotels/580499998.jpg,liteapi
lp65749c57,Stylish Duplex Lake View 3Bhk flat with Terrace,hotel,17.41659,78.38973,,,,False,,,https://static.cupid.travel/hotels/577577345.jpg,liteapi
lp657fa03f,Rbr krishna residency,hotel,17.41666,78.54466,,,,False,,,https://static.cupid.travel/hotels/563223622.jpg,liteapi
lp65875cbf,3 Bee's Service Apartments,hotel,17.416703,78.382457,2.0,,,False,,,https://static.cupid.travel/hotels/ex_d2f24102_z.jpg,liteapi
lp657ccd5d,Kyathi guest house,hotel,17.41676,78.41412,,,,False,,,https://static.cupid.travel/hotels/603182588.jpg,liteapi
lp6558a98b,Hotel SSV Grand,hotel,17.416776,78.390463,3.0,,,False,,,https://static.cupid.travel/hotels/ex_98703346_z.jpg,liteapi
lp6576048a,Hotel O Regal Grand,hotel,17.41688,78.41383,3.0,,,False,,,https://static.cupid.travel/hotels/597023177.jpg,liteapi
lp6574d0ce,3 Bees Service Apartment Rooms,hotel,17.41694,78.3821,,,,False,,,https://static.cupid.travel/hotels/591416272.jpg,liteapi
lp65875fa6,Townhouse Oak Rai Durg,hotel,17.417066,78.390103,2.0,,,False,,,https://static.cupid.travel/hotels/ex_948e45bc_z.jpg,liteapi
lp657af5cd,Chic Suite Banjara Hills,hotel,17.41719,78.45228,,,,False,,,https://static.cupid.travel/hotels/577579244.jpg,liteapi
lp25e38d,Treebo Trip AND Suits,hotel,17.41726,78.39066,3.0,,,False,,,https://static.cupid.travel/hotels/ex_5d76c6fb_z.jpg,liteapi
lp88577,OYO 1701 Hotel NKM's Grand,hotel,17.417432,78.455726,3.0,,,False,,,https://static.cupid.travel/hotels/ex_52d35e12_z.jpg,liteapi
lp65890f74,Urban Haveli Eminence,hotel,17.417552947998047,78.43294525146484,2.0,,,False,,,https://static.cupid.travel/hotels/ex_4c45e9d4_z.jpg,liteapi
lpf9053,OYO 7495 Manikonda,hotel,17.41756,78.38389,3.0,,,False,,,https://static.cupid.travel/hotels/ex_ae51d573_z.jpg,liteapi
lp657c4b1b,The Balcony Stays,hotel,17.41803,78.37945,,,,False,,,https://static.cupid.travel/hotels/588278130.jpg,liteapi
lp65853b41,Orchid,hotel,17.41815,78.40364,,,,False,,,https://static.cupid.travel/hotels/619683683.jpg,liteapi
lp6570fd36,Royal great Couple Friendly 2 bhk flat road no 7 Banjara hills,hotel,17.4192,78.44327,,,,False,,,https://static.cupid.travel/hotels/563796832.jpg,liteapi
lp6587ffd6,Hotel Granton,hotel,17.420068,78.431969,3.0,,,False,,,https://static.cupid.travel/hotels/ex_a38c1052_z.jpg,liteapi
lpfa1b0,OYO 17206 Maanne Hospitality Services,hotel,17.420326,78.409692,3.0,,,False,,,https://static.cupid.travel/hotels/ex_145de994_z.jpg,liteapi
lpc86e6,OYO 8941 Hotel Golden Leaves,hotel,17.420333,78.379694,3.0,,,False,,,https://static.cupid.travel/hotels/ex_22a080ab_z.jpg,liteapi
lp657e411f,Hotel Golden Leaves,hotel,17.42034,78.37976,3.0,,,False,,,https://static.cupid.travel/hotels/267091116.jpg,liteapi
lpea938,OYO 840 Apartment Near GVK Mall,hotel,17.42043,78.44344,3.0,,,False,,,https://static.cupid.travel/hotels/ex_50979174_z.jpg,liteapi
lp65838e0d,Atithi Heritage,hotel,17.420639,78.442103,4.0,,,False,,1.0,https://static.cupid.travel/hotels/532480765.jpg,liteapi
lp1f7632,FabHotel Yesmark Begumpet,hotel,17.42076,78.40381,3.0,,,False,,,https://static.cupid.travel/hotels/ex_3f0c5238_z.jpg,liteapi
lp656bc613,iROOMZ Hotel Ritzy Grand,hotel,17.422826,78.406176,2.0,,,False,4.0,,https://static.cupid.travel/hotels/ex_f5326a2e_z.jpg,liteapi
lp657a3939,Lovely studio Room in Hyderabad,hotel,17.42305,78.54573,,,,False,,,https://static.cupid.travel/hotels/504349227.jpg,liteapi
lp65736c9b,Hotel O New Hitech Inn,hotel,17.423443,78.454524,4.0,,,False,3.8,4.0,https://static.cupid.travel/hotels/591682849.jpg,liteapi
lp186735,OYO 15168 Sucasa Homes,hotel,17.4237,78.45535,3.0,,,False,,,https://static.cupid.travel/hotels/ex_87971827_z.jpg,liteapi
lp6584331f,Parkside Bungalow,hotel,17.42372,78.44025,,,,False,,,https://static.cupid.travel/hotels/621995586.jpg,liteapi
lp7e273,The Nest,hotel,17.424002,78.41028,3.0,,,False,,,https://static.cupid.travel/hotels/ex_141674d7_z.jpg,liteapi
lp65747374,Hotel O New Sri Sai Amaravati Lodge,hotel,17.42415,78.454,3.0,,,False,,,https://static.cupid.travel/hotels/515833659.jpg,liteapi
lp65561d02,OYO 71431 Hotel Polo,hotel,17.42436,78.460915,3.0,,,False,,,https://static.cupid.travel/hotels/ex_8acdfe48_z.jpg,liteapi
lp656c3bea,Fabhotel Seven Spices,hotel,17.425387,78.461175,2.0,,,False,,,https://static.cupid.travel/hotels/ex_b8c1b5b5_z.jpg,liteapi
lp33306f,FabHotel Shanbhag,hotel,17.42605,78.45067,3.0,,,False,,,https://static.cupid.travel/hotels/ex_9ea18d06_z.jpg,liteapi
lp1d5d0f,OYO 18725 Sr Grand,hotel,17.42899,78.42492,3.0,,,False,,,https://static.cupid.travel/hotels/ex_82c7634d_z.jpg,liteapi
lp6587f970,Nandini Guest House,hotel,17.429029,78.426541,2.0,,,False,,,https://static.cupid.travel/hotels/ex_06496123_z.jpg,liteapi
lp65874617,Fabhotel Prime Seven Lake View,hotel,17.42917,78.48741,3.0,,,False,,,https://static.cupid.travel/hotels/ex_5f37f813_z.jpg,liteapi
lp656e5ae4,BMS Guest House - 2 BHK Lux Ac Only For Family's,hotel,17.42947,78.45344,,,,False,,,https://static.cupid.travel/hotels/533396136.jpg,liteapi
lp23689e,Treebo Trend Hallmark Inn,hotel,17.429784,78.409631,3.0,,,False,,,https://static.cupid.travel/hotels/ex_f74597b0_z.jpg,liteapi
lp6588b239,Fabhotel Casa Grand Nacharam,hotel,17.42986488342285,78.55252075195312,3.0,,,False,,,https://static.cupid.travel/hotels/ex_645a7493_z.jpg,liteapi
lp6579641d,Hotel Jammu Inn,hotel,17.430133,78.439253,,,,False,,,https://static.cupid.travel/hotels/592958817.jpg,liteapi
lp658818c0,Hotel Jubilee Pride,hotel,17.430272,78.55272,2.0,,,False,,,https://static.cupid.travel/hotels/ex_0f6b2615_z.jpg,liteapi
lp657d1020,Collection O Lavish Springs,hotel,17.43042,78.37471,4.0,,,False,,,https://static.cupid.travel/hotels/516126405.jpg,liteapi
lp6576bdf9,Hotel O THE GRAVITY SPACES,hotel,17.43045,78.50479,3.0,,,False,,,https://static.cupid.travel/hotels/621905561.jpg,liteapi
lp6588dd1f,SKYVIEW Boutique Hotel,hotel,17.430471420288086,78.37390899658203,3.0,,,False,,,https://static.cupid.travel/hotels/ex_bf5d01d0_z.jpg,liteapi
lp657528e2,Hotel O Sri SS Residency,hotel,17.43097,78.42097,3.0,,,False,,,https://static.cupid.travel/hotels/608753792.jpg,liteapi
lp657137a9,Hotel O Happy Homes,hotel,17.431143,78.531247,4.0,,,False,,,https://static.cupid.travel/hotels/517203722.jpg,liteapi
lp186896,OYO Flagship 15009 Secunderabad,hotel,17.43167,78.48803,3.0,,,False,,,https://static.cupid.travel/hotels/ex_59e0a6f2_z.jpg,liteapi
lp28efc9,Veeraj Suites,hotel,17.431915,78.373982,3.0,,,False,,,https://static.cupid.travel/hotels/ex_aa08c795_z.jpg,liteapi
lp657740cf,Hotel O Sai Vinayaka,hotel,17.43194,78.44818,3.0,,,False,,,https://static.cupid.travel/hotels/618267839.jpg,liteapi
lp6582d064,Luxe Apartment,hotel,17.43204,78.40735,,,,False,,,https://static.cupid.travel/hotels/531920460.jpg,liteapi
lp657d1019,Al Diyafa,hotel,17.43253,78.44676,,,,False,,,https://static.cupid.travel/hotels/620133621.jpg,liteapi
lp6576672b,Collection O SS Metro Ritz,hotel,17.432877,78.445199,4.0,,,False,,1.0,https://static.cupid.travel/hotels/530640237.jpg,liteapi
lp3230f8,Hotel Mint Riva near IKEA,hotel,17.433379,78.374521,3.0,,,False,,,https://static.cupid.travel/hotels/ex_48e49112_z.jpg,liteapi
lp658801e6,Rcc Hotels Biz stays Begumpet,hotel,17.433926,78.451741,3.0,,,False,,,https://static.cupid.travel/hotels/ex_42124c84_z.jpg,liteapi
lp657bc1e9,HOTEL O SUNRISE RESIDENCY,hotel,17.434759,78.447983,3.0,,,False,,,https://static.cupid.travel/hotels/615836634.jpg,liteapi
lp6588f3e5,The Livin Jubilee,hotel,17.434768676757812,78.39845275878906,3.0,,,False,,,https://static.cupid.travel/hotels/ex_43e02bcc_z.jpg,liteapi
lp6576d387,Hotel O ON Green Residency,hotel,17.4351,78.49542,3.0,,,False,,,https://static.cupid.travel/hotels/622100543.jpg,liteapi
lp1010c1,Planet Pool Inn,hotel,17.435168,78.39228,3.0,,,False,,,https://static.cupid.travel/hotels/ex_c6e568fa_z.jpg,liteapi
lp6557b109,Hotel Bramha,hotel,17.435239,78.503236,3.0,,,False,,,https://static.cupid.travel/hotels/ex_w1380h1079x0y0-9b50abdc_z.jpg,liteapi
lp6581eac8,FabHotel Fortune Begumpet,hotel,17.4354,78.45681,3.0,,,False,,,https://static.cupid.travel/hotels/581902661.jpg,liteapi
lp657abfaa,Hotel O Prince Residency,hotel,17.43568,78.50465,3.0,,,False,,,https://static.cupid.travel/hotels/522543672.jpg,liteapi
lp1b4d53,OYO 22250 Prince Residency,hotel,17.435681,78.50465,3.0,,,False,,,https://static.cupid.travel/hotels/ex_03335171_z.jpg,liteapi
lp6587cff4,Fabhotel L Grand,hotel,17.435737,78.500976,3.0,,,False,,,https://static.cupid.travel/hotels/ex_03c57a80_z.jpg,liteapi
lpf93b2,OYO 737 Hotel Manny'S Palace,hotel,17.436109,78.487833,3.0,,,False,,,https://static.cupid.travel/hotels/ex_59a46f10_z.jpg,liteapi
lp657b9c31,Hotel O Millind Residency,hotel,17.43631,78.50403,3.0,,,False,,,https://static.cupid.travel/hotels/608122246.jpg,liteapi
lpc874b,OYO 7552 Hotel SVM Grand,hotel,17.4365,78.388306,3.0,,,False,,,https://static.cupid.travel/hotels/ex_08078155_z.jpg,liteapi
lpc872f,OYO Flagship 401 Yosufguda Ameerpet,hotel,17.436666,78.433771,3.0,,,False,,,https://static.cupid.travel/hotels/ex_e6a8356b_z.jpg,liteapi
lp19d279,OYO 18488 Hallmark Begumpet,hotel,17.43696,78.45576,3.0,,,False,,,https://static.cupid.travel/hotels/ex_a97237a0_z.jpg,liteapi
lp19d199,OYO 22736 Anuguna Tulasi Grand,hotel,17.436975,78.380792,2.0,,,False,,,https://static.cupid.travel/hotels/ex_fb34b9ac_z.jpg,liteapi
lp6579e09f,Hotel O New Panchavati Residency Hotel,hotel,17.43714,78.50048,2.0,,,False,,,https://static.cupid.travel/hotels/593385075.jpg,liteapi
lp656d9f9d,La Riviera Suites Madhapur,hotel,17.437455,78.389581,4.0,,,False,,2.0,https://static.cupid.travel/hotels/506964708.jpg,liteapi
lp657bfe37,Hotel Lotus Grand,hotel,17.43751,78.44824,2.0,,,False,,,https://static.cupid.travel/hotels/489690779.jpg,liteapi
lp6588db95,Hotel Okati Begumpet,hotel,17.43757438659668,78.45689392089844,3.0,,,False,,,https://static.cupid.travel/hotels/ex_abdaf983_z.jpg,liteapi
lp6580450f,Townhouse Ameerpet Balkampet Road,hotel,17.43764,78.44863,3.0,,,False,,,https://static.cupid.travel/hotels/619251450.jpg,liteapi
lp8830e,ZO Rooms Ameerpet Satyam,hotel,17.437671,78.448328,3.0,,,False,,,https://static.cupid.travel/hotels/ex_693a60fa_z.jpg,liteapi
lp6572d8f5,Hotel O Madhapur Metro Station Formerly VG Grand,hotel,17.437739,78.389107,3.0,,,False,,,https://static.cupid.travel/hotels/607303702.jpg,liteapi
lpc875b,OYO 3421 18 Square,hotel,17.438097,78.390034,3.0,,,False,,,https://static.cupid.travel/hotels/ex_6d49b88f_z.jpg,liteapi
lp657f500c,Spacious one bedroom Penthouse,hotel,17.43825,78.39621,,,,False,,,https://static.cupid.travel/hotels/597222949.jpg,liteapi
lp6588f64b,Fabhotel Mohith Gokul,hotel,17.438373565673828,78.501220703125,3.0,,,False,,,https://static.cupid.travel/hotels/ex_4f05cdd2_z.jpg,liteapi
lp657c0f22,Hotel O Panchavati Residency Annex,hotel,17.43873,78.50051,2.0,,,False,,,https://static.cupid.travel/hotels/523608941.jpg,liteapi
lp6574d3a4,Hotel O V Guest Inn,hotel,17.438819,78.448803,3.0,,,False,,,https://static.cupid.travel/hotels/609565135.jpg,liteapi
lp65552771,Capital O 23543 Hotel Vaishnavi,hotel,17.438942,78.497133,3.0,,,False,,,https://static.cupid.travel/hotels/ex_e13da272_z.jpg,liteapi
lp6573c7a3,Hyderabad Serenity Retreat - 3 Bdrm Apartment,hotel,17.439222,78.445226,3.0,,,False,,,https://static.cupid.travel/hotels/594007777.jpg,liteapi
lp65701425,"BluO Studio Hitech City - Gym,Terrace Garden",hotel,17.439891,78.383269,4.0,,,False,,1.0,https://static.cupid.travel/hotels/331944612.jpg,liteapi
lp656f2d1f,"BluO 2BHK Hitech City - Bathtub, Balcony, Gym",hotel,17.439897,78.383273,3.0,,,False,,,https://static.cupid.travel/hotels/300397569.jpg,liteapi
lpea8e8,OYO 11317 Amar Estates,hotel,17.44011,78.38593,3.0,,,False,,,https://static.cupid.travel/hotels/ex_c48f5451_z.jpg,liteapi
lp6587d000,Fabhotel The Vibe,hotel,17.440334,78.443685,3.0,,,False,,,https://static.cupid.travel/hotels/ex_18124030_z.jpg,liteapi
lp657837c1,Wandr. Gomeisa,hotel,17.440348,78.413615,,,,False,,,https://static.cupid.travel/hotels/ex_6defd96b_z.jpg,liteapi
lp88345,ZO Rooms SR Nagar,hotel,17.440408,78.450178,3.0,,,False,,,https://static.cupid.travel/hotels/ex_06db50bb_z.jpg,liteapi
lp65878544,Hotel Vaishnavi Classic,hotel,17.440497,78.486012,2.0,,,False,,,https://static.cupid.travel/hotels/ex_f0be41f4_z.jpg,liteapi
lp657f340c,White Ridge Sangeeth,hotel,17.44086,78.50498,,,,False,,,https://static.cupid.travel/hotels/608830866.jpg,liteapi
lp326a9f,OYO 45978 Madhu Nest,hotel,17.440961,78.383543,3.0,,,False,,,https://static.cupid.travel/hotels/ex_68986d69_z.jpg,liteapi
lp657752ba,4bhk furnished Villa,hotel,17.44098,78.41243,,,,False,,,https://static.cupid.travel/hotels/610985339.jpg,liteapi
lp6588ba0c,D Casa Suites,hotel,17.441078186035156,78.38522338867188,3.0,,,False,,,https://static.cupid.travel/hotels/ex_1e073b75_z.jpg,liteapi
lp195203,FabHotel The Prime,hotel,17.44109,78.38501,3.0,,,False,,,https://static.cupid.travel/hotels/ex_fabc0a30_z.jpg,liteapi
lp6576d842,Hotel O The Royal Nest Near Shilparamam,hotel,17.4411,78.39409,3.0,,,False,,,https://static.cupid.travel/hotels/603480748.jpg,liteapi
lp65774c36,Hotel O Diamond Park,hotel,17.44117,78.39133,4.0,,,False,,,https://static.cupid.travel/hotels/603213339.jpg,liteapi
lp65874c72,"Hotel Diamond Park, Madhapur",hotel,17.441212,78.391636,2.0,,,False,,,https://static.cupid.travel/hotels/ex_5f153c89_z.jpg,liteapi
lpc86c9,OYO 7707 Corpo Suites,hotel,17.44139,78.39039,3.0,,,False,,,https://static.cupid.travel/hotels/ex_563d7391_z.jpg,liteapi
lpea8c7,OYO 11919 Dock Inn,hotel,17.441448,78.384512,3.0,,,False,,,https://static.cupid.travel/hotels/ex_1d5c98f2_z.jpg,liteapi
lp657aaca3,Hotel New Sree Krishna Residency,hotel,17.44192,78.44598,3.0,,,False,,,https://static.cupid.travel/hotels/147096797.jpg,liteapi
lp6588ce28,Skua inn,hotel,17.442039489746094,78.39292907714844,2.0,,,False,,,https://static.cupid.travel/hotels/ex_w1080h719x0y26-55b45eeb_z.jpg,liteapi
lp65760e16,Hotel O Happy Rooms,hotel,17.44216,78.48731,3.0,,,False,,,https://static.cupid.travel/hotels/598646206.jpg,liteapi
lp6588e3d1,Hotel 5 Elements Madhapur,hotel,17.442174911499023,78.3770523071289,2.0,,,False,,,https://static.cupid.travel/hotels/ex_3c2ee0f3_z.jpg,liteapi
lp658902b0,Hotel New Simran Palace,hotel,17.44222068786621,78.48685455322266,2.0,,,False,,,https://static.cupid.travel/hotels/ex_eceb107f_z.jpg,liteapi
lp6581db65,Westin Serviced apartment,hotel,17.44239,78.38395,,,,False,,,https://static.cupid.travel/hotels/596534796.jpg,liteapi
lp6588b97c,MONDAY PREMIUM Madhapur,hotel,17.44253921508789,78.39305114746094,3.0,,,False,,,https://static.cupid.travel/hotels/ex_68422864_z.jpg,liteapi
lpc86f6,OYO 5564 Hitech Suites,hotel,17.442671,78.393183,3.0,,,False,,,https://static.cupid.travel/hotels/ex_04923aff_z.jpg,liteapi
lpea91b,OYO 13193 Rockline Comfort Stay,hotel,17.44274,78.38434,3.0,,,False,,,https://static.cupid.travel/hotels/ex_8358daaa_z.jpg,liteapi
lp6586038a,Treebo D Consulate Hitech City,hotel,17.443339,78.385325,2.0,,,False,5.0,,https://static.cupid.travel/hotels/ex_71aaf16b_z.jpg,liteapi
lp19d33c,OYO 28765 Green Stone,hotel,17.443381,78.382878,3.0,,,False,,,https://static.cupid.travel/hotels/ex_cc3c20cc_z.jpg,liteapi
lp8854b,OYO 9303 Celebrity Skyhy Rooms,hotel,17.443638,78.465445,3.0,,,False,,,https://static.cupid.travel/hotels/ex_bcbfba65_z.jpg,liteapi
lp65552d82,OYO 61506 Sai Residency,hotel,17.444084,78.43344,3.0,,,False,,,https://static.cupid.travel/hotels/ex_e54aabc3_z.jpg,liteapi
lp656fbcac,SR Pride - The Grand Rosso,hotel,17.44437,78.39981,,,,False,,,https://static.cupid.travel/hotels/601923208.jpg,liteapi
lp656f753b,TGR - The Grand Rosso,hotel,17.44439,78.39972,,,,False,,,https://static.cupid.travel/hotels/615585493.jpg,liteapi
lpfaaa5,OYO 15729 Royal Stay,hotel,17.444469,78.387367,3.0,,,False,,,https://static.cupid.travel/hotels/ex_fe3576fd_z.jpg,liteapi
lpc8715,OYO 2207 Hotel Transit,hotel,17.44449,78.468805,3.0,,,False,,,https://static.cupid.travel/hotels/ex_45150eb0_z.jpg,liteapi
lpc8695,OYO 7672 Pride Inn,hotel,17.444675,78.383056,3.0,,,False,,,https://static.cupid.travel/hotels/ex_8d62badb_z.jpg,liteapi
lp65875f67,Super Collection O Madhapur,hotel,17.444955,78.387018,2.0,,,False,,,https://static.cupid.travel/hotels/ex_6879c6c6_z.jpg,liteapi
lp657d57f9,FabHotel Relax Inn,hotel,17.44503,78.43108,3.0,,,False,,,https://static.cupid.travel/hotels/607344560.jpg,liteapi
lp6578115f,Super Townhouse SR Nagar Metro Station Hyderabad,hotel,17.445278,78.440883,4.0,,,False,,,https://static.cupid.travel/hotels/487910438.jpg,liteapi
lp6588e2a7,Twenty Three Urban Suites,hotel,17.445323944091797,78.38333129882812,3.0,,,False,,,https://static.cupid.travel/hotels/ex_60b1392e_z.jpg,liteapi
lp65890559,Hotel SY Inn Hitec City,hotel,17.445341110229492,78.3831787109375,3.0,,,False,,,https://static.cupid.travel/hotels/ex_1bc69f81_z.jpg,liteapi
lp657d3102,Hotel Diamond Park,hotel,17.44535,78.39043,,,,False,,,https://static.cupid.travel/hotels/587086543.jpg,liteapi
lp65808ee0,Lumis studio apartment,hotel,17.445727,78.464669,,,,False,,,https://static.cupid.travel/hotels/588862040.jpg,liteapi
lp1b4bc6,Hotel O Luxury Villas Near Begumpet Airport,hotel,17.44583,78.47021,3.0,,,False,,,https://static.cupid.travel/hotels/604507765.jpg,liteapi
lp657184e0,FabHotel RS - HITECH CITY,hotel,17.44593,78.38123,3.0,,,False,,,https://static.cupid.travel/hotels/605115903.jpg,liteapi
lp657cb202,FabHotel Prime Westside Hitech City,hotel,17.445983,78.381391,3.0,,,False,,,https://static.cupid.travel/hotels/ex_256a9cdf_z.jpg,liteapi
lp65891ffe,Fabhotel Heaven 75,hotel,17.446443557739258,78.3874740600586,3.0,,,False,,,https://static.cupid.travel/hotels/ex_f2ff45f0_z.jpg,liteapi
lpc8867,TreeInn Hytechs,hotel,17.446701,78.379392,3.0,,,False,,,https://static.cupid.travel/hotels/ex_94018dbd_z.jpg,liteapi
lp88453,OYO 2006 Alpine Glow Sunrise,hotel,17.44672,78.46094,3.0,,,False,,,https://static.cupid.travel/hotels/ex_a27b8354_z.jpg,liteapi
lp6588f430,Via Rush Inn,hotel,17.446809768676758,78.37836456298828,3.0,,,False,,,https://static.cupid.travel/hotels/ex_8fdec33a_z.jpg,liteapi
lp658770a9,"Fabhotel Orion - Nr Shilparamam, Hitech City",hotel,17.447016,78.377949,3.0,,,False,,,https://static.cupid.travel/hotels/ex_w2000h1191x0y0-adfd3266_z.jpg,liteapi
lp656bcede,FabHotel Perams Grand Inn - HITECH CITY,hotel,17.44711,78.3796,3.0,,,False,,,https://static.cupid.travel/hotels/532557934.jpg,liteapi
lp657857ca,Hotel O Kalyan,hotel,17.44726,78.3922,4.0,,,False,,,https://static.cupid.travel/hotels/541664793.jpg,liteapi
lp657ba45b,Townhouse SR LUXURY ROOMS,hotel,17.44731,78.4425,3.0,,,False,,,https://static.cupid.travel/hotels/600872333.jpg,liteapi
lp6588cc43,Blue Springs,hotel,17.44774055480957,78.39375305175781,2.0,,,False,,,https://static.cupid.travel/hotels/ex_b9d4363c_z.jpg,liteapi
lp657243db,FabHotel Blue Spring - Near Hi-tech City Metro Station,hotel,17.447773,78.393626,3.0,,,False,,,https://static.cupid.travel/hotels/563602816.jpg,liteapi
lp656c38dd,iROOMZ Kalyan Residency,hotel,17.448046,78.391471,2.0,,,False,,,https://static.cupid.travel/hotels/ex_w1080h720x0y6-dd7eb917_z.jpg,liteapi
lp1ae8ee,FabExpress Namo Suites,hotel,17.44858,78.386101,3.0,,,False,,,https://static.cupid.travel/hotels/ex_b17db592_z.jpg,liteapi
lpd3479,OYO 10594 Hotel Marie Gold,hotel,17.448598,78.386655,3.0,,,False,,,https://static.cupid.travel/hotels/ex_3f485ccd_z.jpg,liteapi
lp6571c27e,Emerald Suites 3BHK - Madhapur,hotel,17.448617,78.391571,4.0,,,False,,,https://static.cupid.travel/hotels/601369144.jpg,liteapi
lp6589218a,"Hotel Maritan - Hitech City, Hyderabad",hotel,17.448701858520508,78.37954711914062,4.0,,,False,,,https://static.cupid.travel/hotels/ex_946262ae_z.jpg,liteapi
lp6573ee50,FabExpress Blue Dawn - HITECH CITY,hotel,17.44914,78.38573,3.0,,,False,,,https://static.cupid.travel/hotels/570657090.jpg,liteapi
lp658775ca,Elite Hotel HITECH,hotel,17.449628,78.391852,3.0,,,False,,,https://static.cupid.travel/hotels/ex_bbcae34e_z.jpg,liteapi
lp65781acc,Hitech living in Hitech City,hotel,17.44967,78.388664,,,,False,,,https://static.cupid.travel/hotels/594489228.jpg,liteapi
lp65776790,Sri Chennakesava PG for men,hotel,17.44983,78.39351,,,,False,,,https://static.cupid.travel/hotels/595920709.jpg,liteapi
lp6582563c,Sridhar Reddy,hotel,17.45019,78.44794,,,,False,,,https://static.cupid.travel/hotels/592303146.jpg,liteapi
lp656c34c8,Treebo The Rise,hotel,17.450535,78.393288,3.0,,,False,,,https://static.cupid.travel/hotels/ex_74933841_z.jpg,liteapi
lp6577fa6d,Hotel O Pleasant stay,hotel,17.45058,78.57005,4.0,,,False,,,https://static.cupid.travel/hotels/593503265.jpg,liteapi
lp6558e130,iROOMZ Hotel Golden Gate,hotel,17.450735,78.386604,3.0,,,False,,,https://static.cupid.travel/hotels/ex_6fa4275b_z.jpg,liteapi
lp657f9f1e,Collection O Madhapur,hotel,17.45078,78.38676,3.0,,,False,,,https://static.cupid.travel/hotels/620153853.jpg,liteapi
lp65879db5,Hotel Urban Prime Near Hi-tech City,hotel,17.451133,78.394929,2.0,,,False,,,https://static.cupid.travel/hotels/ex_9497ef9a_z.jpg,liteapi
lp65750b09,Hotel O Raga Stays,hotel,17.45146,78.568567,4.0,,,False,,,https://static.cupid.travel/hotels/516469961.jpg,liteapi
lp657b18c8,Hotel O Hanuma Resdiceny,hotel,17.45155,78.53299,4.0,,,False,,,https://static.cupid.travel/hotels/608495093.jpg,liteapi
lp6588ee64,HOTEL KHYAATHI GRAND,hotel,17.451593,78.399709,2.0,,,False,,,https://static.cupid.travel/hotels/ex_fd45086c_z.jpg,liteapi
lp6588ce35,Fabhotel Eyries The Business,hotel,17.451873779296875,78.39360046386719,3.0,,,False,,,https://static.cupid.travel/hotels/ex_d0423be5_z.jpg,liteapi
lp1b4cb0,OYO 24993 Royal Inn,hotel,17.451874,78.394318,3.0,,,False,,,https://static.cupid.travel/hotels/ex_a61a3603_z.jpg,liteapi
lp658801fa,Novara Hotel Madhapur,hotel,17.451963,78.389347,2.0,,,False,,,https://static.cupid.travel/hotels/ex_4aa9775d_z.jpg,liteapi
lp6579a5b1,Hotel Jkc Grand,hotel,17.45198,78.38931,3.0,,,False,,,https://static.cupid.travel/hotels/505414293.jpg,liteapi
lp6588c7ca,BAEL TREE HOTEL,hotel,17.45204734802246,78.39289093017578,4.0,,,False,,,https://static.cupid.travel/hotels/ex_01b8a86b_z.jpg,liteapi
lp657837c0,Wandr. Clarion,hotel,17.452059,78.390596,,,,False,,,https://static.cupid.travel/hotels/ex_9358da4a_z.jpg,liteapi
lp6588d623,Deccan Dormitory,hotel,17.452531814575195,78.4354248046875,2.0,,,False,,,https://static.cupid.travel/hotels/ex_870bac1e_z.jpg,liteapi
lp6587d0e9,Crescent Stays Serviced Apartment,hotel,17.45261573791504,78.39395141601562,2.0,,,False,,,https://static.cupid.travel/hotels/ex_5867856b_z.jpg,liteapi
lp656c249f,BSR Hotel,hotel,17.452831,78.399254,2.0,,,False,,,https://static.cupid.travel/hotels/ex_f136983d_z.jpg,liteapi
lp658774ac,Casa Hotel Madhapur,hotel,17.453143,78.390569,2.0,,,False,,,https://static.cupid.travel/hotels/ex_w1275h666x5y0-ffa073d0_z.jpg,liteapi
lp65790aed,Hotel O Rainbow Suites,hotel,17.45318,78.39321,,,,False,,,https://static.cupid.travel/hotels/614123250.jpg,liteapi
lp6576edb3,Alcove Coliving Premium stay for men and women,hotel,17.45335,78.39419,,,,False,,,https://static.cupid.travel/hotels/606886356.jpg,liteapi
lp6588be41,Fabhotel Aashray,hotel,17.45345687866211,78.39140319824219,3.0,,,False,,,https://static.cupid.travel/hotels/ex_81b5634f_z.jpg,liteapi
lp657c9962,Western Suites HiTech City,hotel,17.45346,78.39357,,,,False,,,https://static.cupid.travel/hotels/470040624.jpg,liteapi
lp6588dafd,Fabhotel Pgr Guest Inn,hotel,17.453535079956055,78.38172912597656,3.0,,,False,,,https://static.cupid.travel/hotels/ex_b09426d4_z.jpg,liteapi
lp65877463,Housr 78 Madhapur Hyderabad Hitech City,hotel,17.453608,78.38565,3.0,,,False,,,https://static.cupid.travel/hotels/ex_3986c649_z.jpg,liteapi
lp6570a551,202 Mee homes Madhapur,hotel,17.453726,78.395751,3.0,,,False,,,https://static.cupid.travel/hotels/591133437.jpg,liteapi
lp6587eed5,ORION Studio service Apartments,hotel,17.453735,78.393603,4.0,,,False,,,https://static.cupid.travel/hotels/ex_6db8726e_z.jpg,liteapi
lp657f5612,Orion Studio Service Apartment,hotel,17.453761,78.393632,,,,False,,1.0,https://static.cupid.travel/hotels/597801938.jpg,liteapi
lp6587be21,Om Sri Vigneshwara Palani Grand Hotel,hotel,17.453828,78.393208,2.0,,,False,,,https://static.cupid.travel/hotels/ex_45310813_z.jpg,liteapi
lp65853320,MEDAMEADOWS,hotel,17.45455,78.39419,,,,False,,,https://static.cupid.travel/hotels/494253470.jpg,liteapi
lp6587d6ae,LUSHVISTAS Serviced Apartment,hotel,17.454689,78.392791,2.0,,,False,,,https://static.cupid.travel/hotels/ex_a71f7774_z.jpg,liteapi
lp656c37a2,FabHotel Royal Signature - HITECH CITY,hotel,17.45486,78.38753,3.0,,,False,,,https://static.cupid.travel/hotels/586448176.jpg,liteapi
lp656c2d5c,Treebo Lavish Palms,hotel,17.454884,78.38114,2.0,,,False,,,https://static.cupid.travel/hotels/ex_f97de637_z.jpg,liteapi
lp65746075,Palette - HOTEL STAR GRANDEUR,hotel,17.454912,78.39425,3.0,,,False,,,https://static.cupid.travel/hotels/600600113.jpg,liteapi
lp6588ec20,Hotel Urban Stayz - HITEC City,hotel,17.454917907714844,78.38691711425781,3.0,,,False,,,https://static.cupid.travel/hotels/ex_94649f9c_z.jpg,liteapi
lp6571ac73,iROOMZ J3 Group of Hotels,hotel,17.454926,78.387585,2.0,,,False,4.0,,https://static.cupid.travel/hotels/ex_6fa1ebda_z.jpg,liteapi
lp657d1a13,Jashn-Inn,hotel,17.45504,78.42228,,,,False,,,https://static.cupid.travel/hotels/534375345.jpg,liteapi
lp6579d116,Millennia service apartments'1,hotel,17.45511,78.39239,,,,False,,,https://static.cupid.travel/hotels/526457879.jpg,liteapi
lpd0c25,OYO 9936 Delight Inn,hotel,17.45529,78.486084,3.0,,,False,,,https://static.cupid.travel/hotels/ex_a96fea16_z.jpg,liteapi
lp65879a4d,The kala hotel & coliving,hotel,17.45531,78.388106,3.0,,,False,,,https://static.cupid.travel/hotels/ex_9e26ea06_z.jpg,liteapi
lp6574cb84,Super Hotel O KLR HOTELS,hotel,17.45561,78.39331,3.0,,,False,,,https://static.cupid.travel/hotels/589175982.jpg,liteapi
lp65795d11,Super Collection O Sanath Nagar Near Railway Station,hotel,17.45564,78.4477,3.0,,,False,,,https://static.cupid.travel/hotels/616370944.jpg,liteapi
lp657823bf,The Phoenix by Stanar,hotel,17.45568,78.39252,,,,False,,,https://static.cupid.travel/hotels/482125982.jpg,liteapi
lp65776eff,Blue star grand guest house,hotel,17.45579,78.39297,,,,False,,,https://static.cupid.travel/hotels/581476386.jpg,liteapi
lp6588c431,KLYRA HOTEL,hotel,17.455917358398438,78.38507080078125,3.0,,,False,,,https://static.cupid.travel/hotels/ex_195b29ba_z.jpg,liteapi
lp6575ae0d,Hotel O Sri Gopi Mini Guest House,hotel,17.456451,78.43416,3.0,,,False,,,https://static.cupid.travel/hotels/565834360.jpg,liteapi
lp6587882d,The Ivy Apartment by Red Olive,hotel,17.457444,78.373936,3.0,,,False,,,https://static.cupid.travel/hotels/ex_32b54bc0_z.jpg,liteapi
lpd0c0f,Hotel O Palak Residency Near Erragadda Metro Station,hotel,17.45792,78.43296,3.0,,,False,,,https://static.cupid.travel/hotels/362732422.jpg,liteapi
lp658770af,Fabhotel Dolce Vita Grand,hotel,17.458247,78.387169,3.0,,,False,,,https://static.cupid.travel/hotels/ex_97ebd083_z.jpg,liteapi
lp658909eb,Fabhotel Honey Grand,hotel,17.460155487060547,78.38359069824219,3.0,,,False,,,https://static.cupid.travel/hotels/ex_e0c59fcd_z.jpg,liteapi
lp657e69dd,FabHotel Frenotel Hitech City,hotel,17.46026,78.38437,3.0,,,False,,,https://static.cupid.travel/hotels/585936971.jpg,liteapi
lp658810cc,Yellow Sapphire Hotel Hitech City,hotel,17.4603,78.384374,3.0,,,False,,,https://static.cupid.travel/hotels/ex_1d4f2c89_z.jpg,liteapi
lp6588ff0d,Fabhotel Sri Jahnavi,hotel,17.46123695373535,78.38427734375,3.0,,,False,,,https://static.cupid.travel/hotels/ex_9d8230bb_z.jpg,liteapi
lp6588f3ee,Sri Jahnavi Group of Hotels,hotel,17.46125602722168,78.38427734375,3.0,,,False,,,https://static.cupid.travel/hotels/ex_w1077h705x0y5-235c38ba_z.jpg,liteapi
lp65890f03,THE ROYAL STAY IN,hotel,17.46149253845215,78.5634765625,3.0,,,False,,,https://static.cupid.travel/hotels/ex_81d13363_z.jpg,liteapi
lp657bda79,Hotel O Kukatpally S Palace,hotel,17.462722,78.400194,,,,False,,,https://static.cupid.travel/hotels/609525279.jpg,liteapi
lp6587e8d3,Fabhotel Rio Hitech City,hotel,17.463507,78.380649,3.0,,,False,,,https://static.cupid.travel/hotels/ex_cda444f4_z.jpg,liteapi
lp65771a82,Hotel O Bharat Lodge,hotel,17.463918,78.457678,4.0,,,False,,,https://static.cupid.travel/hotels/496040206.jpg,liteapi
lp65819c47,Bharat Lodge,hotel,17.46401,78.45783,,,,False,,,https://static.cupid.travel/hotels/564044618.jpg,liteapi
lp658811b5,Karthikeya Guest Inn,hotel,17.464093,78.377577,4.0,,,False,,,https://static.cupid.travel/hotels/ex_ced34035_z.jpg,liteapi
lp6580878c,RK Serenity,hotel,17.46623,78.38426,2.0,,,False,,,https://static.cupid.travel/hotels/583991991.jpg,liteapi
lp65891370,Fabhotel Moon Stay Inn,hotel,17.46666717529297,78.38325500488281,3.0,,,False,,,https://static.cupid.travel/hotels/ex_2b291c35_z.jpg,liteapi
lp657a871d,Seven hills luxury hotel,hotel,17.46727,78.3817,,,,False,,,https://static.cupid.travel/hotels/603832350.jpg,liteapi
lp656f5c69,Servostay KPHB Phase 15 New Stunning 3 BHK - 5th Floor with Private Parking,hotel,17.46731,78.39685,,,,False,,,https://static.cupid.travel/hotels/500169003.jpg,liteapi
lp6587f905,Fabhotel R3 Atmos,hotel,17.467417,78.376426,3.0,,,False,,,https://static.cupid.travel/hotels/ex_42fc997f_z.jpg,liteapi
lp6588f590,Fabhotel Dharani Grand Madhapur,hotel,17.467472076416016,78.39679718017578,3.0,,,False,,,https://static.cupid.travel/hotels/ex_378cd6d0_z.jpg,liteapi
lp6588b84e,Fabhotel Pnr Continental,hotel,17.467849731445312,78.42652893066406,3.0,,,False,,,https://static.cupid.travel/hotels/ex_674e5282_z.jpg,liteapi
lpea8fc,OYO 13114 SVS LUXURY ROOMS,hotel,17.470516,78.427023,3.0,,,False,,,https://static.cupid.travel/hotels/ex_3b7b8b84_z.jpg,liteapi
lp6587e8c9,Fabhotel Wild Wings Ecil,hotel,17.471152,78.565084,3.0,,,False,,,https://static.cupid.travel/hotels/ex_3c3a8b51_z.jpg,liteapi
lp657baa94,Vaishnavi Group Of Hotels,hotel,17.47148,78.48197,,,,False,,,https://static.cupid.travel/hotels/601539393.jpg,liteapi
lp6579c0fe,HOTEL GVS grand,hotel,17.47156,78.56564,,,,False,,,https://static.cupid.travel/hotels/573273624.jpg,liteapi
lp6572b813,Super Hotel O AMR Planet Mall Hyderabad Formerly R Square,hotel,17.471583,78.567667,4.0,,,False,,2.0,https://static.cupid.travel/hotels/604208888.jpg,liteapi
lp65880b4c,Fabhotel Cube,hotel,17.472239,78.562374,3.0,,,False,,,https://static.cupid.travel/hotels/ex_b8f64549_z.jpg,liteapi
lp657d9bb0,Collection O Green Majestic,hotel,17.47367,78.38727,4.0,,,False,,,https://static.cupid.travel/hotels/566747308.jpg,liteapi
lp656c3636,Fabhotel The Green Leaf,hotel,17.473672,78.387317,3.0,,,False,,,https://static.cupid.travel/hotels/ex_w3030h2014x0y0-2df70308_z.jpg,liteapi
lp65880b49,Fabhotel Devara Grand,hotel,17.473903,78.568018,3.0,,,False,,,https://static.cupid.travel/hotels/ex_fd963627_z.jpg,liteapi
lp6573257f,Entire 3bhk centrally located in Kukatpally Y Jn.,hotel,17.474336,78.421064,4.0,,,False,,,https://static.cupid.travel/hotels/534212634.jpg,liteapi
lp6577a85e,Collection O De Alphabet Hotel ECIL,hotel,17.475089,78.568267,3.0,,,False,,,https://static.cupid.travel/hotels/608130098.jpg,liteapi
lp65751294,Ag Home stay,hotel,17.4755,78.38184,,,,False,,,https://static.cupid.travel/hotels/492444853.jpg,liteapi
lp65814192,Aswin Jyothi,hotel,17.47594,78.5486,,,,False,,,https://static.cupid.travel/hotels/575633084.jpg,liteapi
lp65812b3e,"Hotel Mythri - ECIL,Sainikpuri And A S Rao Nagar",hotel,17.477097,78.564862,3.0,,,False,,1.0,https://static.cupid.travel/hotels/539052714.jpg,liteapi
lp6587e4e7,PubliQ Luxury Stays,hotel,17.477251,78.378346,3.0,,,False,,,https://static.cupid.travel/hotels/ex_c314b456_z.jpg,liteapi
lp6586831e,Hotel Chutneys As Rao nagar,hotel,17.477773,78.561268,2.0,,,False,,,https://static.cupid.travel/hotels/ex_w1240h832x0y32-19d02971_z.jpg,liteapi
lp1f2983,OYO 19927 Sri Balaji Lodge,hotel,17.478314,78.550593,3.0,,,False,,,https://static.cupid.travel/hotels/ex_cfa05c89_z.jpg,liteapi
lp657f4433,Hotel O Sri Balaji Lodge,hotel,17.47899,78.558973,3.0,,,False,,,https://static.cupid.travel/hotels/577922781.jpg,liteapi
lpf9827,OYO 14116 Hotel Sri Venkata Balaji Residency,hotel,17.48208,78.41596,3.0,,,False,,,https://static.cupid.travel/hotels/ex_ea226043_z.jpg,liteapi
lp6576ad65,OYO New Mythri Guest House,hotel,17.48266,78.5386,,,,False,,,https://static.cupid.travel/hotels/606508506.jpg,liteapi
lp1bfc59,OYO 24583 Sesha Grand,hotel,17.482937,78.392964,3.0,,,False,,,https://static.cupid.travel/hotels/ex_0f3a28f1_z.jpg,liteapi
lp657efefd,Happy Home,hotel,17.48331,78.53358,,,,False,,,https://static.cupid.travel/hotels/582944651.jpg,liteapi
lp1dfa97,FabHotel Pradha Grand,hotel,17.485137,78.389396,3.0,,,False,,,https://static.cupid.travel/hotels/ex_e24f4a3a_z.jpg,liteapi
lp657d9b55,iROOMZ Eco Avasya Residency,hotel,17.48528,78.38466,2.0,,,False,4.0,,https://static.cupid.travel/hotels/ex_796c0dc8_z.jpg,liteapi
lp657c5421,Surya ppr enclave,hotel,17.486,78.54064,,,,False,,,https://static.cupid.travel/hotels/518297924.jpg,liteapi
lp657149e4,Hotel O Tripura Grand (Near Nexus Mall),hotel,17.48612,78.38808,3.0,,,False,,,https://static.cupid.travel/hotels/612096547.jpg,liteapi
lp6577cf4f,HOTEL PNR SUITES KUKATPALLY,hotel,17.486357,78.38349,4.0,,,False,,,https://static.cupid.travel/hotels/591226527.jpg,liteapi
lp6576da15,Hotel O UNIQUE SUITES FOUR,hotel,17.48655,78.38174,3.0,,,False,,,https://static.cupid.travel/hotels/594163912.jpg,liteapi
lp6557b037,PPH Living Mayukha Grand,hotel,17.487382,78.382849,3.0,,,False,,,https://static.cupid.travel/hotels/ex_f73c2d2e_z.jpg,liteapi
lp656c3987,Fabhotel The Roots,hotel,17.487567,78.382227,3.0,,,False,,,https://static.cupid.travel/hotels/ex_df5c414d_z.jpg,liteapi
lp65879065,Fabhotel Legacy,hotel,17.48803,78.40128,3.0,,,False,,,https://static.cupid.travel/hotels/ex_dd7e64e3_z.jpg,liteapi
lp65733fe2,AR Stay Inn,hotel,17.48967,78.37877,2.0,,,False,,,https://static.cupid.travel/hotels/573854017.jpg,liteapi
lp65825168,JMJ Residency,hotel,17.49056,78.40964,,,,False,,,https://static.cupid.travel/hotels/477975975.jpg,liteapi
lp226286,Hotel O HYVIN SUITES,hotel,17.492284,78.406916,4.0,,,False,,,https://static.cupid.travel/hotels/594510003.jpg,liteapi
lp656c26cc,iROOMZ P Homes,hotel,17.492347,78.406982,2.0,,,False,,,https://static.cupid.travel/hotels/ex_9aca95ce_z.jpg,liteapi
lp656c0c6f,Hotel Fortune Residency,hotel,17.389011,78.47763,2.0,,,False,,,,liteapi
lp20eb2e,Treebo Trend Dream Connect,hotel,17.413271,78.435448,3.0,,,False,,,,liteapi
lp1e34dc,FabHotel Ankitha Residency,hotel,17.43582,78.4882,3.0,,,False,,,,liteapi
lp6573d916,Hotel O Gvs Grand,hotel,17.47122,78.56564,3.0,,,False,,,,liteapi
lpe5f0d,Somaiah towers,hotel,17.47863,78.55915,3.0,,,False,,,,liteapi
lp655bc101,Hotel O Alekhya Residency Cafe Bahar,hotel,17.33941,78.54304,3.0,,,False,,,https://static.cupid.travel/hotels/574919231.jpg,liteapi
lp655ba531,Hotel Sitara Residency,hotel,17.340889,78.506241,2.0,,,False,,,https://static.cupid.travel/hotels/49007935.jpg,liteapi
lp655ad8df,Hotel O Ab Residency Near Miraj Cinemas - Shalini Shivani,hotel,17.34923,78.54331,3.0,,,False,,,https://static.cupid.travel/hotels/447211667.jpg,liteapi
lp65678791,POP HOME 79924 Pramod Prime Homes,hotel,17.358753,78.558142,3.0,,,False,,,https://static.cupid.travel/hotels/555324940.jpg,liteapi
lp655b0c78,Hotel O Royal Stay,hotel,17.359626,78.413339,3.0,,,False,,,https://static.cupid.travel/hotels/586227412.jpg,liteapi
lp655b51fe,FabExpress Venkateswara Atidhi - Dilsukhnagar,hotel,17.37398,78.54987,3.0,,,False,,,https://static.cupid.travel/hotels/531037847.jpg,liteapi
lp655bb1b2,FabHotel White Ridge Chaitanyapuri,hotel,17.375969,78.537057,3.0,,,False,,,https://static.cupid.travel/hotels/446977986.jpg,liteapi
lp655bb495,Collection O Cititel Mehdipatnam,hotel,17.40518,78.4518,4.0,,,False,,,https://static.cupid.travel/hotels/612448392.jpg,liteapi
lp655af824,Hotel Prince Residency By WB Inn,hotel,17.43576,78.50475,,,,False,,,https://static.cupid.travel/hotels/393345156.jpg,liteapi
lp65599941,Hotel Brundavan Homes,hotel,17.438677,78.390723,4.0,,,False,,,https://static.cupid.travel/hotels/519810678.jpg,liteapi
lp655bc309,SPOT ON Pioneer Lodge By Wb Inn,hotel,17.43897,78.48876,,,,False,,,https://static.cupid.travel/hotels/617878684.jpg,liteapi
lp655a7741,OYO 63506 Dhana Sri Residency,hotel,17.44313,78.39179,3.0,,,False,,,https://static.cupid.travel/hotels/589681942.jpg,liteapi
lp655a78dc,FabHotel The Stem,hotel,17.446379,78.380672,4.0,,,False,,,https://static.cupid.travel/hotels/384000240.jpg,liteapi
lp655bb493,Capital O Halcyon Inr Suites Madhapur,hotel,17.44731,78.38765,3.0,,,False,,,https://static.cupid.travel/hotels/603874821.jpg,liteapi
lp655ad2ac,Hotel O Landcorp Hotels,hotel,17.45158,78.38775,4.0,,,False,,,https://static.cupid.travel/hotels/528611935.jpg,liteapi
lp6566f54f,PRIVATE HOME STAY,hotel,17.45191,78.50335,,,,False,,,https://static.cupid.travel/hotels/409718604.jpg,liteapi
lp655ad8f5,FabHotel JKC Grand - HITECH CITY,hotel,17.45198,78.38931,3.0,,,False,,,https://static.cupid.travel/hotels/611296135.jpg,liteapi
lp655ad8dd,Collection O Shining Suites Near Erragadda Metro Station,hotel,17.458094,78.43249,4.0,,,False,,,https://static.cupid.travel/hotels/447009457.jpg,liteapi
lp655abf5f,Hotel O Srinidhi Inn,hotel,17.463301,78.430047,2.0,,,False,,,https://static.cupid.travel/hotels/578967198.jpg,liteapi
lp655a7e3c,Hotel O Shannu Residency,hotel,17.464599,78.483492,3.0,,,False,,1.0,https://static.cupid.travel/hotels/518749246.jpg,liteapi
lp6559797c,Hotel O Dsr Inn Near Nexus Hyderabad,hotel,17.46872,78.394394,4.0,,,False,,,https://static.cupid.travel/hotels/486524326.jpg,liteapi
lp655ba524,Hotel O Lavish Stay,hotel,17.478754,78.574416,3.0,,,False,,,https://static.cupid.travel/hotels/447212787.jpg,liteapi
lp6559e80b,Hotel O by OYO Ayyappa Residency,hotel,17.481288,78.376177,3.0,,,False,,,https://static.cupid.travel/hotels/794820545.jpg,liteapi
lp655a7aaf,Hotel O Dsr Residency Near Nexus Hyderabad,hotel,17.48687,78.38169,4.0,,,False,,,https://static.cupid.travel/hotels/487648140.jpg,liteapi
lp1b4ba2,OYO 27720 V Hotel Gachibowli,hotel,17.433353,78.374382,2.0,,,False,,,https://q-xx.bstatic.com/xdata/images/hotel/max300/278804813.jpg?k=250f64b32fb6f6fabac8c5e89bf168956e1bc7776408d9d332e317452bcd74ca&o=,liteapi
lp1da8f,Wood Bridge Grand,hotel,17.40288,78.46068,3.0,,,False,,,,liteapi
lpd0c59,OYO 10107 Hotel Ankitha Residency,hotel,17.43589,78.48828,2.5,,,False,,,,liteapi
lp655a780f,SPOT ON 72631 Hotel Chirag's,hotel,17.27848,78.5872,,,,False,,,https://q-xx.bstatic.com/xdata/images/hotel/max300/298951035.jpg?k=9db1b84467f0c940560aa71bbaaac641d9a5404333d2d33ffc170020dcc088d6&o=,liteapi
lp655a7500,Flagship 76655 Goldhorn Hotels Mehdipatnam,hotel,17.39219,78.43724,,,,False,,,https://q-xx.bstatic.com/xdata/images/hotel/max300/279168960.jpg?k=32fddc877054c394a9796071cc6c92ec0cb3930a55ede41388ecbf170bc799ab&o=,liteapi
lp655ba380,OYO 71210 Jubilee Homes,hotel,17.42909,78.4255,,,,False,,,https://q-xx.bstatic.com/xdata/images/hotel/max300/256890351.jpg?k=d0277951bed944d6ed4d7edf4947adad609c777c6c02c1fe4a10fd62feb623b3&o=,liteapi
lp655ad8b2,OYO 93028 Hotel Venkateshwara Grand,hotel,17.32955,78.59597,,,,False,,,,liteapi
lp655a726b,OYO 1405 Hotel The Platinum,hotel,17.40641,78.49539,,,,False,,,,liteapi
lp6559b348,SPOT ON 80478 Hotel Baba Classic,hotel,17.43481,78.49705,,,,False,,,,liteapi
lp655ad901,OYO Flagship 80554 Hanuma Residencies,hotel,17.45463,78.5592,,,,False,,,,liteapi
