place_id,name,kind,lat,lng,stars,opening_hours,cuisine,veg,rating,reviews,photo,source
n248852574,Cafe Coffee Day,cafe,28.533492,77.1518947,,,,False,,,,
n266809614,Dandi March Statue (11 Murthi),attraction,28.6100877,77.1916453,,,,False,,,,
n308887236,Teen Murti Haifa War Memorial,attraction,28.6047117,77.198888,,,,False,,,,
n438049083,Flavours Restaurant,restaurant,28.5663466,77.2340571,,,,False,,,,
n449453229,Nirula's,restaurant,28.522664,77.1655706,,,,False,,,,
n544510362,Aggarwal Sweets,restaurant,28.5342313,77.2145639,,,,False,,,,
n544510428,Raju Dhaba,restaurant,28.5308092,77.2179083,,,,False,,,,
n560417307,Sagar Ratna,restaurant,28.5369219,77.2118299,,,,False,,,,
n566200829,Kisan Ghat,memorial,28.6396119,77.2528353,,,,False,,,,
n928567979,Piccadelhi,restaurant,28.635243,77.2196937,,,,True,,,,
n938523891,Diwan-e-Aam,attraction,28.6557818,77.2423117,,,,False,,,,
n1024901350,Munda Gumbad,monument,28.5566158,77.1917047,,,,False,,,,
n1038392833,Tombs,monument,28.5210119,77.1832837,,,,False,,,,
n1038392872,Tomb,monument,28.5205192,77.1825491,,,,False,,,,
n1038392885,Gateway Guest House (Metcalfe's Retreat),monument,28.5230419,77.1863121,,,,False,,,,
n1038392955,Gumti,monument,28.5187218,77.1879422,,,,False,,,,
n1038393170,Jamali Kamali Tomb,monument,28.5198643,77.1871761,,,,False,,,,
n1157202196,Bon Temps Cafe,cafe,28.6428339,77.186576,,,,False,,,,
n1184509690,Internet,cafe,28.6410051,77.2125387,,,,False,,,,
n1195165037,Mirza Ghalib's Tomb,memorial,28.5914282,77.2430127,,,,False,,,,
n1241932078,Bangla Foods,restaurant,28.6333595,77.2083619,,,,False,,,,
n1328248411,Moluddin Chisti's Grave,memorial,28.6070826,77.1800207,,,,False,,,,
n1402114314,Picnic Hut,park,28.688928,77.1763849,,,,False,,,,
n1414804432,Agarwal Sweet Place,restaurant,28.6653614,77.2842171,,,,False,,,,
n1442029478,Dawat Khana Restaurant,restaurant,28.562363,77.2686705,,,indian,False,,,,
n1486895412,Iron Pillar,monument,28.5247493,77.1849651,,,,False,,,,
n1556466158,Spice Route,restaurant,28.6253844,77.2181175,,,thai,False,,,,
n1556467803,Good Earth,restaurant,28.5995254,77.226395,,,thai,False,,,,
n1563325267,Nathus Sweets,restaurant,28.6297269,77.2320267,,,,False,,,,
n1563325307,Bengali Sweet House,restaurant,28.629465,77.2318985,,,north_indian;south_indian;chinese,False,,,,
n1580633220,Kiran Nadar Museum of Art,gallery,28.5288757,77.2203738,,Tu-Su 10:30-18:30; PH closed,,False,,,,
n1669051216,Vivekanand Park (Sindi Park),park,28.6397522,77.1866567,,,,False,,,,
n1747338780,Cafe Coffee Day,cafe,28.5557074,77.2185983,,,coffee_shop,False,,,,
n1754574641,Tomb of Abdul Rahim Khan-i-Khanan,monument,28.5880612,77.2480222,,,,False,,,,
n1833070236,Culinaire,restaurant,28.5307368,77.2457792,,,,False,,,,
n1940318525,Club India Restaurant,restaurant,28.6409319,77.2137081,,,,False,,,,
n1940318533,Madan Café,cafe,28.6407272,77.2111472,,,,True,,,,
n1940318549,New Mt. Everest Restaurant,restaurant,28.641034,77.213836,,,,False,,,,
n1966254717,Andhra Bhawan Canteen,restaurant,28.6169212,77.225998,,"Mo-Su 08:00-22:00, 00:00-15:00, 07:30-22:00",asian;indian,False,,,,
n2008756209,Cheela Cafe,cafe,28.5391092,77.1322417,,,,False,,,,
n2102480284,Sri Aurobindo Bust,attraction,28.5396291,77.2000301,,,,False,,,,
n2106101596,Karim's,restaurant,28.6494286,77.2337411,,,chicken;kebab;curry;indian,False,,,,
n2106110096,Pandit Kanhaiya Lal Durga Prashad Dixit Paranthe Wala,restaurant,28.6560678,77.2303749,,,indian;parantha,False,,,,
n2106114484,Moti Mahal,restaurant,28.6468875,77.2399805,,,,True,,,,
n2295396747,Commonwealth Games Sundial,monument,28.5829372,77.2657489,,,,False,,,,
n2323525225,Misra Yantra,monument,28.6247721,77.2163925,,,,False,,,,
n2410180166,Starbucks,cafe,28.6321974,77.2177075,,Mo-Su 08:15-13:00,coffee_shop,False,,,,
n2410792739,DDA Park,park,28.6361305,77.3013028,,,,False,,,,
n2416151557,The Habitat Hub,restaurant,28.589224,77.225738,,,,False,,,,
n2421934883,Cafe Turtle,cafe,28.6002007,77.2273465,,,,False,,,,
n2422518839,Lama Kitchen Himalayan Cook House,restaurant,28.5536129,77.1942284,,,asian,False,,,,
n2429556253,Pizza Hut,restaurant,28.5575626,77.1640349,,,pizza,False,,,,
n2443106660,The Great Kebab Factory,restaurant,28.6705911,77.1339317,,,,False,,,,
n2445916249,Channa Ram Bansal Memorial Park,park,28.6722025,77.1312597,,,,False,,,,
n2445917010,Traffic Training Park;East Punjabi Bagh,park,28.6721319,77.1385714,,,,False,,,,
n2445930246,JaiDev Park,park,28.6709928,77.1505555,,,,False,,,,
n2445985787,DTC Park,park,28.6510864,77.1574434,,,,False,,,,
n2445990606,G Block Park,park,28.6519808,77.1608069,,,,False,,,,
n2445991304,Rock Garden,park,28.6500978,77.1684565,,,,False,,,,
n2445994140,Jogger's Park,park,28.6457808,77.1727642,,,,False,,,,
n2445994438,Central Park,park,28.6453995,77.173542,,,,False,,,,
n2446003132,R Block Park,park,28.6362518,77.1789011,,,,False,,,,
n2446006349,Haathi Park,park,28.6371416,77.1798452,,,,False,,,,
n2446007242,Sita Park,park,28.6338082,77.1794321,,,,False,,,,
n2591114289,Indian Coffee House,restaurant,28.6306895,77.2160507,,08:30-21:00,coffee_shop;indian,True,,,,
n2592537223,Hira Sweets,restaurant,28.6353527,77.220063,,Mo-Su 08:00-23:00,pizza;indian;burger;italian;chinese;sandwich;coffee_shop,True,,,,
n2592537225,Sayam Roof Top Restaurant,restaurant,28.6411417,77.2137445,,,,False,,,,
n2593805477,Cafe Diva,cafe,28.5566315,77.233279,,,,False,,,,
n2593805943,Starbucks,cafe,28.5496836,77.2363971,,,coffee_shop,False,,,,
n2654012071,Cafe Coffee Day,cafe,28.5234052,77.2076313,,,coffee_shop,False,,,,
n2709534496,Keshav Restaurant,restaurant,28.6337495,77.2230833,,Mo-Su 10:00-18:00,,False,,,,
n2714430425,Telegraph Memorial,attraction,28.6622924,77.2342466,,,,False,,,,
n2810725903,Picnic Hut,park,28.6896603,77.1815909,,,,False,,,,
n2934400029,Shanker's International Doll Museum,museum,28.6303917,77.2416988,,Tu-Su 10:00-18:00; Mo off,,False,,,,
n2940449157,Ajitgarh,monument,28.6713618,77.2107618,,,,False,,,,
n2940449158,Ashoka Pillar,monument,28.6738428,77.2118819,,,,False,,,,
n2940758785,Shah Wajid Mosque,place_of_worship,28.6757026,77.1976427,,,,False,,,,
n2962182563,National Children Museum,museum,28.632809,77.2381373,,,,False,,,,
n3109196352,Begumpuri Masjid,monument,28.5391445,77.206399,,,,False,,,,
n3242109311,The Exotic Rooftop Restaurant,restaurant,28.6409844,77.2137687,,Mo-Su 08:00-23:00,indian,False,,,,
n3242109751,Madras Coffee House,cafe,28.6318506,77.2163093,,Mo-Su 11:00-10:00,,False,,,,
n3250376814,쉼터,restaurant,28.6414451,77.2132453,,,korean,False,,,,
n3250377275,Royal China,restaurant,28.5501843,77.2517872,,,chinese,False,,,,
n3268564739,Chandni Chowk,attraction,28.6559834,77.2321937,,,,False,,,,
n3268564741,Gandhi Statue,memorial,28.6590122,77.2275911,,,,False,,,,
n3269429079,Tadka,restaurant,28.6403009,77.2131013,,Mo-Su 09:00-22:30,,True,,,,
n3386169859,Green Chick Chop,restaurant,28.527614,77.2468884,,,,False,,,,
n3386169860,Qureshi,restaurant,28.5276128,77.2470133,,,"Indian,Mughlai",False,,,,
n3386169861,Call it Asian,restaurant,28.5276595,77.2467941,,,asian,False,,,,
n3390001349,Kwality Sweets and Restaurant,restaurant,28.5280616,77.2561701,,,south_indian,False,,,,
n3394398837,Wagh Bakri Tea Lounge,cafe,28.5336384,77.2442419,,,,False,,,,
n3394398838,Starbucks,cafe,28.5341212,77.2428302,,,coffee_shop,False,,,,
n3394398839,Costa,cafe,28.5335834,77.2433039,,,coffee_shop,False,,,,
n3404446540,Oriental,restaurant,28.5277319,77.2471116,,,,False,,,,
n3404446567,Cafe Coffee Day,cafe,28.5400024,77.2343195,,,coffee_shop,False,,,,
n3404446571,Chehel Pehel,restaurant,28.5400918,77.234394,,,indian,False,,,,
n3404446572,Gianis Ice Cream,restaurant,28.5399337,77.2403199,,,ice_cream,False,,,,
n3424254864,Nathu Sweets,restaurant,28.6025805,77.2409575,,,,False,,,,
n3428539645,Chocolateria San Churro,restaurant,28.5346066,77.2436003,,,,False,,,,
n3476217443,Big Yellow Door,restaurant,28.6950914,77.204247,,,italian,False,,,,
n3476217629,Nothing Before Coffee,cafe,28.6948338,77.2042758,,,,False,,,,
n3503120597,Afghan Restaurant,restaurant,28.5287087,77.2126175,,,,False,,,,
n3508300432,Zingo Star,restaurant,28.532347,77.2427911,,,,False,,,,
n3508300434,China Garden,restaurant,28.5327962,77.2433094,,,chinese,False,,,,
n3508300435,Angrezi Dhaba,restaurant,28.5328507,77.2433747,,,indian,False,,,,
n3508300436,Cafe Coffee Day,cafe,28.5332416,77.2438243,,,coffee_shop,False,,,,
n3508300439,Hao Shi Nian Nian,restaurant,28.5332859,77.2416903,,,chinese,False,,,,
n3508300440,Yeti,restaurant,28.5335921,77.2421395,,,,False,,,,
n3549988346,Stri Shakti Canteen,cafe,28.6626448,77.2339599,,,indian,False,,,,
n3555955507,Miglani restaurant,restaurant,28.7058631,77.2121825,,,,False,,,,
n3636354670,Rakesh Cafeteria,restaurant,28.5482531,77.1842325,,,,False,,,,
n3636354671,Southy,restaurant,28.5481648,77.1842381,,,,False,,,,
n3636402007,"Shiru Cafe, IIT Delhi",cafe,28.5447888,77.1911891,,,,False,,,,
n3658091545,Dilli 6,restaurant,28.5819064,77.3137283,,11:00-23:00,North_Indian,False,,,,
n3675396339,Hunger House,cafe,28.6406068,77.1048726,,,,False,,,,
n3704734413,Nando's,restaurant,28.6309879,77.2197896,,Mo-Su 11:30-00:30,chicken;portuguese,True,,,,
n3883052658,Nagaland Cafe,restaurant,28.5730832,77.205981,,,indian,False,,,,
n3885873379,Amour Bistro,cafe,28.6016349,77.1859966,,,,False,,,,
n3991743216,Bahi Mati Dass museum,museum,28.6565109,77.2324068,,,,False,,,,
n4052559934,Nescafé,cafe,28.6934864,77.2108906,,,,False,,,,
n4069815728,The Colonnade,restaurant,28.6342635,77.2190699,,,,True,,,,
n4069858894,Gola,restaurant,28.6352724,77.220127,,,,True,,,,
n4102885023,Bijay Mandal,monument,28.5409021,77.2060942,,,,False,,,,
n4114512206,Fat Lulu's,restaurant,28.5996402,77.2262942,,,,False,,,,
n4122592291,Odeon sweets,restaurant,28.6334275,77.2080471,,,,False,,,,
n4123294291,Adyar Ananda Bhavan,restaurant,28.5572536,77.2023928,,,regional,True,,,,
n4209873991,Imly,restaurant,28.645305,77.1785622,,,,False,,,,
n4211994391,Malhotra,restaurant,28.6410445,77.2105515,,,,False,,,,
n4219631340,Sam's Cafe,restaurant,28.6410923,77.2126799,,,,False,,,,
n4221515091,Mystery Rooms,attraction,28.6471358,77.1268893,,Mo-Su 11:00-23:00,,False,,,,
n4236859392,Karim's Mughal Palace,restaurant,28.5414989,77.2401446,,Mo-Su 00:30-23:00,fish;lebanese;diner;chicken;kebab,False,,,,
n4236918192,The Brown Box,cafe,28.5412792,77.2156818,,,western,False,,,,
n4241254891,Starbucks,cafe,28.6302915,77.2204826,,Mo-Su 08:15-01:00,coffee_shop,True,,,,
n4262365091,Festa Cafe ,cafe,28.6409134,77.2104527,,,,False,,,,
n4335226914,Costa,cafe,28.5565239,77.202219,,,coffee_shop,False,,,,
n4336565091,Kitchen Cafe Roof Top,cafe,28.6409875,77.2128901,,,,False,,,,
n4336790092,Café office office,cafe,28.6269741,77.2202933,,,,False,,,,
n4338105559,Zaffran,restaurant,28.6337656,77.2213244,,,regional,False,,,,
n4338129371,Barbeque Nation,restaurant,28.6303156,77.2206535,,,regional,True,,,,
n4341101093,Nepali Food,restaurant,28.6411171,77.2144269,,,,False,,,,
n4350522692,Malhotra,restaurant,28.6408661,77.2103053,,,,False,,,,
n4352345756,Domino’s Pizza,restaurant,28.6887399,77.134831,,,pizza,False,,,,
n4352389632,Bikaner Corner Wala,restaurant,28.6836786,77.1358422,,,indian,False,,,,
n4389398989,Pind Balluchi,restaurant,28.6303463,77.217545,,Mo-Su 12:00-23:00,punjabi,False,,,,
n4391613189,Rajdhani,restaurant,28.6298048,77.2204846,,,,False,,,,
n4401493065,Neelam Restaurant,restaurant,28.6420621,77.2179887,,,,False,,,,
n4438975183,The Garam Masala,restaurant,28.6278787,77.3080498,,,North_Indian,False,,,,
n4438975392,True Blue,restaurant,28.6280352,77.3086694,,,,False,,,,
n4460440889,Naivedyam,restaurant,28.5549841,77.1949926,,,south_indian,False,,,,
n4460476939,Smokeys,restaurant,28.6005777,77.2273349,,,barbecue,False,,,,
n4460479219,Fa Yian The Chinese Restaurant,restaurant,28.6327733,77.2173651,,,,True,,,,
n4461728238,Gulati Spice Market,restaurant,28.5279771,77.2188973,,,indian,True,,,,
n4474590390,Keswi,restaurant,28.6883445,77.1218091,,,,False,,,,
n4474611689,NCR,restaurant,28.6882438,77.1212148,,,,False,,,,
n4474634989,Punjabi's,restaurant,28.6882544,77.1214711,,,,False,,,,
n4474634990,192,attraction,28.6888654,77.124289,,,,False,,,,
n4474635189,Venus Apartments,attraction,28.6881811,77.1219819,,,,False,,,,
n4474635190,Neelamber Apartments,attraction,28.6884197,77.1237277,,,,False,,,,
n4474635289,Jhang Bhavan,attraction,28.6876612,77.1248167,,,,False,,,,
n4475127991,191,attraction,28.688866,77.1244173,,,,False,,,,
n4475151296,Venus apartments entry,attraction,28.6882804,77.122729,,,,False,,,,
n4475201989,188,attraction,28.6887527,77.1240538,,,,False,,,,
n4476183091,PAR Tech. Cyber Cafe,cafe,28.6811819,77.2610507,,Sa 10:00-22:00; Su-Fr 09:00-22:00,,False,,,,
n4483453597,Barista,cafe,28.5466157,77.1967183,,,coffee_shop,False,,,,
n4483488389,Suderahan Properties,attraction,28.5464098,77.1968551,,,,False,,,,
n4483488390,Smoothie factory,cafe,28.5464523,77.1965666,,,,False,,,,
n4483544990,Cafe Coffee Day,cafe,28.5405268,77.2118362,,,coffee_shop,False,,,,
n4483606891,Store 99,attraction,28.5274792,77.2168422,,,,False,,,,
n4535103790,Out Of The Box (OTB),cafe,28.5997702,77.2261911,,,mexican;italian;lebanese;american;indian,False,,,,
n4565027989,Wow Cafe,restaurant,28.6412137,77.2147624,,,,False,,,,
n4609570955,Gautam Budh park,park,28.579952,77.3033014,,,,False,,,,
n4628544689,Gulati,restaurant,28.6078499,77.2300673,,Mo-Su 12:00-24:00,indian,False,,,,
n4631114600,"Mansarovar Park,Sector 15,Noida",park,28.5811076,77.3031364,,,,False,,,,
n4641461285,Railway Park,park,28.6381513,77.2999565,,,,False,,,,
n4654555590,U-Like,restaurant,28.6452167,77.2110064,,,,False,,,,
n4656714717,NATRAJ restaurant,restaurant,28.6424044,77.2103819,,,,False,,,,
n4658824441,Latitude,restaurant,28.6021414,77.2279557,,,,False,,,,
n4679882984,Biryani Blues,restaurant,28.6298227,77.2205834,,,,False,,,,
n4686199914,Diggins,restaurant,28.5557691,77.2183297,,,,False,,,,
n4690608489,Water Show,attraction,28.6118511,77.2784654,,,,False,,,,
n4710222497,Alkauser ( best biryani),restaurant,28.6018922,77.1936521,,,,False,,,,
n4710222498,Aljawahir,restaurant,28.6495389,77.2335887,,,,False,,,,
n4710223395,Alslam Chicken,restaurant,28.6482081,77.2336645,,,,False,,,,
n4711571792,Embassy Restaurant ( Samosa),restaurant,28.6336538,77.2211826,,,,False,,,,
n4715157790,Malabar Hotel,restaurant,28.6423302,77.2182562,,,,False,,,,
n4715157791,Hotel Madras Dx,restaurant,28.642273,77.218265,,,,False,,,,
n4715162190,Hyderabadi Dum Biriyaani,restaurant,28.6424057,77.2182489,,,,False,,,,
n4715173889,South Indian Foods,restaurant,28.6424536,77.2182429,,,,False,,,,
n4729010295,Karim's Mughlai Restaurant,restaurant,28.5528178,77.2046567,,,,False,,,,
n4729010298,Gung the Palace,restaurant,28.5566871,77.2054873,,,korean,False,,,,
n4746730428,Devan's at Lodhi,cafe,28.5798966,77.2220134,,Mo-Sa 10:00-19:30,,False,,,,
n4752292921,Everest Bakery Cafe,cafe,28.6417215,77.2147806,,Mo-Su 10:00-22:00,italian_pizza;indian;italian,True,,,,
n4772064342,Safari Restro Lounge,restaurant,28.6319603,77.2078492,,,,False,,,,
n4772753924,Rishi Vaishno Dhaba,restaurant,28.6405446,77.217099,,,indian,True,,,,
n4773105444,Sonu,restaurant,28.6409944,77.2127435,,,,False,,,,
n4783668221,Kwality,restaurant,28.6299114,77.2172701,,,indian,False,,,,
n4799120034,Adyar Ananda Bhavan,restaurant,28.6465886,77.1957658,,,regional,True,,,,
n4814835721,Mahabelly,restaurant,28.5271794,77.2169494,,,indian,False,,,,
n4857522521,Everest kitchen,restaurant,28.6411046,77.2135151,,,,True,,,,
n4869113617,Cafe Dosti,cafe,28.5172818,77.2000632,,,coffee_shop,False,,,,
n4881470724,Shankar's Doll Museum,museum,28.630524,77.2415496,,Tu-Su 10:00-18:00,,False,,,,
n4882164023,Chaayos,cafe,28.6314625,77.2206262,,,tea,False,,,,
n4893145422,Shri Krishna Daba,restaurant,28.6478146,77.2399952,,,,False,,,,
n4908782321,Kathmandu Food Cafe,restaurant,28.6418156,77.2126057,,,,False,,,,
n4910109422,Pizza Hut,restaurant,28.6177243,77.2796696,,,pizza,False,,,,
n4927145391,Big Fat Sandwich,cafe,28.5529784,77.2077666,,,,False,,,,
n4928026922,Brownie Cafe,cafe,28.6455932,77.2163926,,,,False,,,,
n4959734021,Lazeez Affaire,restaurant,28.6353146,77.2206088,,,,True,,,,
n4959734022,Kovil,restaurant,28.6333695,77.2212936,,,,False,,,,
n4967291565,Giro's Italian restaurant and pizzeria,restaurant,28.557032,77.2327676,,,,False,,,,
n4971952422,The Big Chill,restaurant,28.6006451,77.2275063,,,,False,,,,
n4984199234,Gazebo by the Hillock,castle,28.6748175,77.199464,,,,False,,,,
n4985058921,Thalee,restaurant,28.6409867,77.2108048,,,,False,,,,
n5000466085,Toffe bar,cafe,28.5526526,77.2556362,,,,False,,,,
n5017491421,Pizza Hut,restaurant,28.6275145,77.2198691,,,pizza,False,,,,
n5017912424,Mughlai Junction,restaurant,28.6307517,77.2205444,,Mo-Su 12:00-23:00,indian,False,,,,
n5073788621,saravan bhavan,restaurant,28.6249108,77.2194157,,,,False,,,,
n5083177569,Mayur Pahari,viewpoint,28.5335951,77.1805164,,,,False,,,,
n5099590521,Food Court!,restaurant,28.5415342,77.1550879,,,,False,,,,
n5109322722,Sky High,restaurant,28.5625301,77.2239752,,,,False,,,,
n5109638828,Chehel Pehel,restaurant,28.5372472,77.2360256,,,,False,,,,
n5109833022,Pindi,restaurant,28.6078554,77.2296194,,,,False,,,,
n5109849421,The Immigrant Cafe,restaurant,28.6341541,77.218784,,,,True,,,,
n5110511632,How You Brewing?,cafe,28.559779,77.2433169,,,,False,,,,
n5110511633,Cafe Coffee Day,cafe,28.5596993,77.2429986,,,coffee_shop,False,,,,
n5110511634,Cafe City Lights,cafe,28.5595408,77.2423721,,,,False,,,,
n5110511824,Concrete Cafe & Lounge,cafe,28.5596341,77.2427757,,,,False,,,,
n5110975822,Cafe 27 Rooftop Bar,restaurant,28.5537018,77.2407879,,,,False,,,,
n5111038921,Uncultured Cafe Sky Culture,restaurant,28.5525546,77.2414184,,,,False,,,,
n5113488022,Cafe Coffee Day,cafe,28.5576249,77.2453629,,,,False,,,,
n5123980562,The Mountain Cafe,restaurant,28.5497391,77.2356742,,,,False,,,,
n5131701517,Aali's Kathi Kababs,restaurant,28.5438893,77.2300281,,,kebab,False,,,,
n5131717121,Dills Chawla Chik-Inn,restaurant,28.5439159,77.230178,,,chinese;indian;mughlai,False,,,,
n5136715528,Hari Prakash Food Point,restaurant,28.6027056,77.1865603,,,indian,False,,,,
n5137961092,Progressive Art Gallery,gallery,28.6035907,77.1957177,,,,False,,,,
n5143628924,Ingerpuri,restaurant,28.6579615,77.2233418,,,local,True,,,,
n5143628925,Kake di Hatti,restaurant,28.6580412,77.223216,,08:00-01:00,local,True,,,,
n5159969121,Jagjit Restaurant,restaurant,28.657558,77.2231804,,,,False,,,,
n5162645434,Canteen,restaurant,28.5751812,77.1393042,,,,False,,,,
n5162813540,C Park,park,28.5853698,77.3076086,,,,False,,,,
n5205802423,Jahaz Mahal,monument,28.5143722,77.1785585,,,,False,,,,
n5210748029,Wok In The Clouds,restaurant,28.6005614,77.2273808,,,,False,,,,
n5211877822,Coast Cafe,restaurant,28.5548149,77.1951171,,,,False,,,,
n5218330121,artusi,restaurant,28.5334254,77.2420236,,,,False,,,,
n5218620423,Indian Accent,restaurant,28.5917587,77.2379033,,,,False,,,,
n5218620424,fig & maple,restaurant,28.5333473,77.2418684,,,,False,,,,
n5222845022,What A Comic Show!,restaurant,28.5346937,77.2435444,,,,False,,,,
n5223303426,angels in my kitchen,cafe,28.5329797,77.2434993,,,,False,,,,
n5224430124,Kunzum,cafe,28.553552,77.1943526,,,,False,,,,
n5225150123,Little Saigon,restaurant,28.551392,77.2084764,,,,False,,,,
n5227841100,Brunique Café,cafe,28.6069705,77.2907555,,,,False,,,,
n5227841223,Playing Cup Cafe,cafe,28.6068044,77.2908063,,,,False,,,,
n5234749222,Getafix,restaurant,28.5529818,77.240823,,,,False,,,,
n5236238312,Sanjay Chur Chur Naan,restaurant,28.5641526,77.234189,,,,False,,,,
n5236252843,Moolchand Parantha,restaurant,28.5640022,77.2341903,,,,False,,,,
n5236256974,Cafe Coffee Day,cafe,28.5638612,77.2341609,,,coffee_shop,False,,,,
n5236259895,Roll Corner,restaurant,28.5634458,77.2344541,,,,False,,,,
n5236666021,Napoli Pizza,restaurant,28.5464509,77.1970758,,,,False,,,,
n5257509521,Anna Maya,restaurant,28.5546855,77.1224691,,,,False,,,,
n5257517721,Satguru’s tea stall,cafe,28.6504719,77.2303091,,,,False,,,,
n5269340185,Indian Curry,restaurant,28.6119427,77.2887478,,,Indian;Mughlai;Chinese,False,,,,
n5273128897,Shanghai Kitchen,restaurant,28.6118764,77.2888106,,,,False,,,,
n5297002821,Masala House,restaurant,28.6026965,77.2410926,,,,False,,,,
n5301853070,Chawlas Food Express,restaurant,28.6117937,77.2872019,,,indian,False,,,,
n5329504729,Sagar Ratna,restaurant,28.6353922,77.2203937,,08:00-23:00,indian,True,,,,
n5351085426,Honey n dough,cafe,28.5464901,77.1970726,,,,False,,,,
n5371750021,Qutab Restaurant,restaurant,28.5268034,77.1881657,,,noodles;indian,False,,,,
n5371750121,Cafe Twist,restaurant,28.5222274,77.1818239,,,noodles;indian;pizza,False,,,,
n5372989235,Crackpot Cafe,cafe,28.5557969,77.2417664,,,,False,,,,
n5372994253,Juggernaut,restaurant,28.552896,77.2408823,,Mo-Su 06:00-24:00,south_indian,True,,,,
n5374946041,SOS Cafe,cafe,28.5559586,77.175334,,,,False,,,,
n5374946776,Aggarwal Sweets,restaurant,28.5590342,77.1709638,,,indian,False,,,,
n5382631623,Statue of B. R.  Ambedkar,memorial,28.5411267,77.2198055,,,,False,,,,
n5382858924,Haldram’s,restaurant,28.615296,77.2782886,,,,False,,,,
n5385787222,Laidback Cafe,restaurant,28.5333542,77.2429097,,,,False,,,,
n5389381021,Snooker tashi,attraction,28.6472077,77.2122445,,,,False,,,,
n5414224654,Alkauser,restaurant,28.5651736,77.1672697,,,mughlai,False,,,,
n5415748243,Hawkerz Boxx,restaurant,28.5438862,77.2299571,,,,False,,,,
n5416434522,The American Connection,restaurant,28.5421501,77.2529516,,,,False,,,,
n5419789350,AMA Cafe,cafe,28.7025538,77.2284113,,,,False,,,,
n5431387428,Pearl Grand,restaurant,28.6611454,77.302603,,,,False,,,,
n5433165621,Radha Palace,attraction,28.6605944,77.2976763,,,,False,,,,
n5437048621,House of Anna,restaurant,28.630345,77.2776021,,,south_indian,False,,,,
n5437048721,Priyanshi South Indian Restaurant,restaurant,28.6329164,77.2808368,,,,False,,,,
n5439670421,Mahabelly Canteen,restaurant,28.5174202,77.1979526,,,indian;south_indian,False,,,,
n5441523434,Cafe Coffee Day,cafe,28.5849603,77.2266279,,,coffee_shop,False,,,,
n5443361421,Mia Bella,restaurant,28.5535373,77.1941882,,,,False,,,,
n5461916721,the gol chakar,cafe,28.542141,77.252922,,,,False,,,,
n5484875022,Kalamata,restaurant,28.5626341,77.2688626,,,italian;greek,False,,,,
n5488627982,Krishna Cafe,restaurant,28.6411123,77.2136081,,,,True,,,,
n5502721521,Cafe Turtle,cafe,28.5563407,77.2330048,,,,False,,,,
n5508582321,Roadhouse Cafe,restaurant,28.5498228,77.2354791,,,,False,,,,
n5521617170,Barbeque Nation,restaurant,28.6309182,77.2169211,,,barbecue,False,,,,
n5556605561,Cafe Einstein,cafe,28.5479351,77.2507706,,,,False,,,,
n5559967400,Me Waffle n More,restaurant,28.5745561,77.229256,,,waffle,False,,,,
n5586450868,Cafe Coffee Day,cafe,28.5376565,77.2133209,,,coffee_shop,False,,,,
n5594954522,Gatsby,restaurant,28.5567703,77.2331413,,,,False,,,,
n5598795738,Cafe Coffee Day,cafe,28.5383536,77.1983139,,,coffee_shop,False,,,,
n5603128931,Max out Dhaba,restaurant,28.535789,77.19687,,,,False,,,,
n5609687384,Karnataka,restaurant,28.5109411,77.2021567,,,south_indian;north_indian;chinese,False,,,,
n5609687386,Café Hameen Asto,cafe,28.5177997,77.1985596,,Mo-Su 12:00-22:00; PH closed,,False,,,,
n5609687387,End Of The Day,restaurant,28.5175248,77.200275,,,,False,,,,
n5609689506,Bella Vie,cafe,28.5173258,77.200236,,,bistro,False,,,,
n5612013246,Cafe Lota,cafe,28.6131498,77.2426321,,Mo-Su 08:00-21:30,,False,,,,
n5634524438,Pind Balluchi,restaurant,28.6291804,77.219755,,12:00-23:30,indian,False,,,,
n5640908165,Happy Dough,cafe,28.5110406,77.2025519,,Mo-Su 08:00-24:00; PH closed,deli,False,,,,
n5642283517,Cafe Coffee Day,cafe,28.5331643,77.2062525,,,coffee_shop,False,,,,
n5644078224,The Walled City,cafe,28.6491519,77.232748,,,tea;coffee_shop;asian;chinese;curry;indian;italian_pizza,False,,,,
n5647754113,Chili's,restaurant,28.6315666,77.2223238,,,tex-mex,True,,,,
n5647754300,Chaayos,cafe,28.6315876,77.2222789,,08:00-23:00,tea,True,,,,
n5647754302,Chelvies Coffee Company,cafe,28.6316939,77.2221888,,,,False,,,,
n5648777522,Hwealth Cafe,cafe,28.5744593,77.2291993,,,,False,,,,
n5649286023,Salaam Balaak Trust,attraction,28.6421782,77.2149815,,,,False,,,,
n5656397310,Rodeo,restaurant,28.633169,77.2179864,,,,True,,,,
n5656398300,Dhoomimal Gallery,gallery,28.6329141,77.217898,,,,False,,,,
n5657189084,Chandra Sweets,restaurant,28.524724,77.2558837,,,Indian;chinese;snacks;dessert,False,,,,
n5658411221,Madame Tussaud’s Museum,museum,28.630885,77.2169466,,,,False,,,,
n5709171322,The Chai Story,cafe,28.6345227,77.218088,,,,True,,,,
n5732543220,Cafe Coffee Day,cafe,28.64467,77.2402214,,,coffee_shop,False,,,,
n5771447982,Turquoise Cottage,cafe,28.5557387,77.2059,,,,False,,,,
n5784310848,Si Nonna's,restaurant,28.6339281,77.217254,,,pizza,False,,,,
n5784312104,Xero Degrees,restaurant,28.6337234,77.216992,,,,True,,,,
n5810594585,Chai Point,cafe,28.6340726,77.2179671,,,coffee_shop,False,,,,
n5816260327,Ssongchee - Korea Bings Cafe,cafe,28.5174361,77.1984494,,,korean,False,,,,
n5827200864,Pizza Hut,restaurant,28.5388101,77.2138829,,,pizza,False,,,,
n5832837286,राष्ट्रपति भवन संग्रहालय,museum,28.6189699,77.1962713,,,,False,,,,
n5839835585,goats market,attraction,28.6508129,77.23605,,,,False,,,,
n5839943689,Lal Bahadur Shastri Memorial,memorial,28.6085406,77.2188502,,,,False,,,,
n5841372887,भारतीय राष्ट्रीय विज्ञान अकादमी,attraction,28.6288361,77.2406835,,,,False,,,,
n5841894905,Cafe Coffee Day,cafe,28.6333474,77.0904058,,,coffee_shop,False,,,,
n5888113176,Henry Cafe,cafe,28.5153468,77.2056028,,,,False,,,,
n5960718389,Om bhojanalaya,restaurant,28.5309684,77.2174597,,Mo-Su 09:00-23:00,,False,,,,
n5960760889,the food factory,cafe,28.5341421,77.2169982,,,,False,,,,
n5960760896,wake up cafe,cafe,28.5355862,77.2166825,,,,False,,,,
n5960767985,Ronak hotel,restaurant,28.5309082,77.2165552,,Mo-Su 07:00-22:00,,False,,,,
n5960774593,Imtiyaz,restaurant,28.5309019,77.2161069,,"Mo-Th,Sa-Su 07:30-22:30",,False,,,,
n5960774596,Muradabadi Hotel,restaurant,28.5305488,77.2161958,,Mo-Su 12:00-11:00,,False,,,,
n5960777186,munna hotel,restaurant,28.530861,77.2160576,,Mo-Su 09:00-23:00,,False,,,,
n5960793695,new aggarwal sweets,restaurant,28.5349486,77.2167873,,,,False,,,,
n5960811186,Chauhan fast food corner,restaurant,28.5330915,77.2218476,,Mo-Su 08:00-23:00,,False,,,,
n5960811191,Chilli Dragon,restaurant,28.5340646,77.2187337,,,chinese,False,,,,
n5960820194,Coffee Cafe 9,cafe,28.5316504,77.2186674,,,,False,,,,
n5960910788,chaudhry tea  stall,cafe,28.5346351,77.220773,,,,False,,,,
n5960921985,pandji tea stall ,cafe,28.5332807,77.2218792,,,,False,,,,
n5984798036,Bikaner Choice,restaurant,28.5144627,77.2050016,,,,False,,,,
n5992640685,Ved dhaba,restaurant,28.6778452,77.2054951,,,,False,,,,
n5993580494,very good restaurant and no expensive,restaurant,28.5496346,77.1293556,,Mo-Su 11:00-21:00,indian,False,,,,
n5995059734,Bawarchi khana,restaurant,28.6578827,77.1888491,,,,False,,,,
n6021411485,Jain coffee house,cafe,28.650606,77.2295833,,,,False,,,,
n6047921386,Diamond restaurant,restaurant,28.6410202,77.2126034,,,,True,,,,
n6073119985,The Junkyard Cafe,cafe,28.6303838,77.2207212,,,,False,,,,
n6073757885,Blue Tokai Cafe,cafe,28.5529283,77.2078816,,,,False,,,,
n6094909115,Grand Singh restaurant,restaurant,28.6407001,77.211572,,,,False,,,,
n6103746787,Qd's,cafe,28.6361281,77.2855466,,,,False,,,,
n6107002528,Laidback Café,cafe,28.5274255,77.2171745,,Mo-Su 12:00-01:00,,False,,,,
n6110288474,Café Underpass Courtyard,cafe,28.5784821,77.2383126,,,,False,,,,
n6110288475,Sardar-Ji-Baksh Coffee and Company,cafe,28.5407564,77.2121254,,,,False,,,,
n6110288476,Woodhouse Café,cafe,28.5362156,77.2095278,,,,False,,,,
n6110288538,The Golden Dragon,restaurant,28.543911,77.2085924,,,,False,,,,
n6112993597,Pind Balluchi,restaurant,28.5676803,77.2472215,,,north_indian,False,,,,
n6112993602,The Golden Dragon,restaurant,28.5670744,77.2464398,,Mo-Su 12:00-23:30,,False,,,,
n6115749047,Pizza Hut,restaurant,28.5674361,77.2466759,,,pizza,False,,,,
n6119095026,Foresta Bistro & Cafe,cafe,28.5179998,77.1992482,,Mo-Su 11:00-23:00,pizza;burger;italian;sandwich;kebab;indian;coffee_shop;chinese,False,,,,
n6124477662,Cafe Coffee Day,cafe,28.5626504,77.2446068,,,coffee_shop,False,,,,
n6152750694,The Panchshila Rendezvous,cafe,28.5394874,77.2133656,,,,False,,,,
n6153087587,Ahinsa Sthal,memorial,28.5205656,77.1903179,,,,False,,,,
n6160198215,Down Town Café & Kitchen,cafe,28.5088733,77.2007595,,,,False,,,,
n6161686838,Mother India,restaurant,28.6353515,77.2190315,,,,True,,,,
n6161689896,United Coffee House,restaurant,28.6323784,77.2213733,,,coffee_shop,False,,,,
n6161690529,Véda,restaurant,28.6350577,77.2181263,,,,True,,,,
n6161690587,Wagh Bakri Tea Lounge,cafe,28.6343528,77.2220221,,,tea,False,,,,
n6161690588,Roma by Unplugged Courtyard,restaurant,28.6344013,77.2214575,,,,True,,,,
n6161987878,Hard Rock Cafe,restaurant,28.6291307,77.2197582,,,american,False,,,,
n6161987883,Local,restaurant,28.6298758,77.2210617,,,,False,,,,
n6187928085,Mittal Teas,cafe,28.6299698,77.2229648,,Mo-Su 09:00-11:30,,False,,,,
n6203987736,Cafe Coffee Day,cafe,28.6330613,77.2198505,,,coffee_shop,True,,,,
n6223280149,Yamuna Café,cafe,28.701979,77.2288343,,,,False,,,,
n6223284172,Koko Café and Restaurant,cafe,28.7005268,77.2276866,,,,False,,,,
n6224257207,Triveni Terrace Cafe,restaurant,28.627319,77.2326929,,,,False,,,,
n6224257214,Shridharani Gallery,gallery,28.6272168,77.2324101,,,,False,,,,
n6225479823,Cafe Coffee Day,cafe,28.6383221,77.1805949,,,coffee_shop,False,,,,
n6269340657,Evoo,restaurant,28.5333765,77.206089,,,pizza,False,,,,
n6278067985,Rajasthali,restaurant,28.6347294,77.2203803,,"Mo-Su 12:00-16:00 ""lunch"", 19:00-23:00 ""dinner""",rajasthani,True,,,,
n6278106187,Hotmess,restaurant,28.6325274,77.2223125,,,,False,,,,
n6311067879,Classic Diplomat,restaurant,28.5478153,77.1260083,,,,False,,,,
n6314478111,Pizza Hut,restaurant,28.5229264,77.2079252,,,pizza,False,,,,
n6383501086,Siri Fort,castle,28.5521464,77.2246983,,,,False,,,,
n6385598126,Pizza Hut,restaurant,28.6547263,77.1377879,,,pizza,False,,,,
n6385598135,Cafe Coffee Day,cafe,28.6493059,77.1228256,,,coffee_shop,False,,,,
n6403497366,Sandoz,restaurant,28.5497267,77.2503461,,,,True,,,,
n6403500831,Nando's,restaurant,28.5513772,77.2516676,,Mo-Su 11:30-23:45,chicken;portuguese,False,,,,
n6403500833,Dhaba,restaurant,28.5514625,77.2516742,,,north_indian,False,,,,
n6403500835,Chaayos,cafe,28.5513268,77.2518752,,,tea,False,,,,
n6403528198,Yuzu,restaurant,28.5514625,77.2519617,,,japanese,False,,,,
n6403528199,United Coffee House,cafe,28.5514607,77.251537,,,,False,,,,
n6403528201,Nehru Place Social,restaurant,28.5514558,77.2514485,,,,False,,,,
n6415687246,Janta Eating House,restaurant,28.6821959,77.2924705,,,,False,,,,
n6417808142,Chonas,cafe,28.5277694,77.1895212,,,,False,,,,
n6419518541,Sardarji Bakhsh Coffee and Company,cafe,28.6930943,77.2048245,,,,False,,,,
n6419518544,Crypto Door,restaurant,28.6931302,77.2048022,,,,False,,,,
n6425318713,Taste of Nation,cafe,28.5178715,77.1992205,,,chinese;thai;county,False,,,,
n6459196232,Café Amsterdam,cafe,28.5399961,77.2581592,,,,False,,,,
n6459196241,Blue Tokai Coffee Roasters,cafe,28.5406268,77.2567821,,,coffee_shop,False,,,,
n6459196255,Khidmat,restaurant,28.5418736,77.2546185,,,,False,,,,
n6459196261,NYC Queens,cafe,28.5400859,77.2580101,,,,False,,,,
n6459196263,Happy Dough,cafe,28.5398995,77.2582377,,Mo-Su 08:00-24:00; PH closed,deli,False,,,,
n6466155022,Dalchini,restaurant,28.5406405,77.1852509,,,chinese;indian,False,,,,
n6473646422,Social,restaurant,28.5544185,77.1943669,,,,False,,,,
n6488795811,Gore ka Dhaba,restaurant,28.5194743,77.2064407,,,,False,,,,
n6495330860,Cafe Coffee Day,cafe,28.6343368,77.2194568,,PH open,coffee_shop,True,,,,
n6495330876,Zen,restaurant,28.6342714,77.2192315,,"PH,Mo-Su 11:30-19:45",,True,,,,
n6495346838,The Big Chill,restaurant,28.6343244,77.2191621,,,,True,,,,
n6504248518,Crazy Bout Pizza,restaurant,28.6838201,77.2885902,,,pizza;burger;pasta,False,,,,
n6514899686,Dilli Darbar,restaurant,28.6892639,77.2867997,,,,False,,,,
n6528625198,Leaf Beat Bistro,cafe,28.5072646,77.200087,,,north_east_indian,False,,,,
n6535485502,Nimtho,restaurant,28.5472818,77.2444724,,,indian,False,,,,
n6566966468,OTB Café,cafe,28.6343601,77.2182711,,,,True,,,,
n6616640811,The Burger Club,restaurant,28.5700511,77.2417581,,,,True,,,,
n6633282287,빨래,attraction,28.6538047,77.2085071,,,,False,,,,
n6657141286,Bistrot 55,restaurant,28.6409128,77.2136434,,,,False,,,,
n6657822763,Thali Wala,restaurant,28.5678415,77.1890504,,,indian,False,,,,
n6657822766,Nirula's,restaurant,28.5673141,77.1889333,,Mo-Su 10:30-23:00,,False,,,,
n6676143713,The Art House Cafe,restaurant,28.6305595,77.2212797,,Mo-Su 10:00-01:00,indian;pizza,True,,,,
n6707994776,Shake Square,restaurant,28.634703,77.2205246,,,shake;ice_cream;italian;salad;noodles;pizza;pasta,True,,,,
n6709527685,Cafe Coffee Day,cafe,28.5265942,77.1875219,,,coffee_shop,False,,,,
n6734411085,Open Hand Cafe (top top ;),cafe,28.6405754,77.2117485,,,,False,,,,
n6741865643,The Feast House,restaurant,28.643686,77.1882167,,,,False,,,,
n6743603886,Fish Point,restaurant,28.6497142,77.2343609,,,,False,,,,
n6746646497,Chaupal Park,park,28.5314856,77.2053232,,,,False,,,,
n6757540820,Mapel Tree Cafe,cafe,28.5100632,77.2019615,,,,False,,,,
n6760233482,Faculty of Food,restaurant,28.5877629,77.1674682,,,,False,,,,
n6760297385,The Construction Company,cafe,28.587778,77.1675315,,,,False,,,,
n6760297386,Big Yellow Door,restaurant,28.5877769,77.1673736,,,italian,True,,,,
n6764076221,Cafe Coffee Day,cafe,28.6514487,77.1591527,,,coffee_shop,False,,,,
n6779419592,The Chocolate Room,cafe,28.5336105,77.2062709,,,bistro,False,,,,
n6785996652,Mohinga,restaurant,28.5613224,77.1938092,,11:00-23:00; We off,burmese;noodle,True,,,,
n6785996655,Cultured,cafe,28.5614184,77.1939656,,,,False,,,,
n6785996675,Jamun,restaurant,28.5846611,77.2231716,,,indian,False,,,,
n6786009785,The Categorical Eat-Pham,restaurant,28.5614878,77.1939854,,"Mo-Su,PH 00:30-22:30",manipuri,False,,,,
n6792923897,Sorento,restaurant,28.6209452,77.2180853,,"Mo-Su 12:30-14:45, 19:00-23:45",italian,False,,,,
n6793339982,Pizza Hut,restaurant,28.5628638,77.2248731,,,pizza,False,,,,
n6794993737,Nehru Enclave Clothes Market,attraction,28.5483543,77.2520105,,,,False,,,,
n6795202891,Curry House,restaurant,28.5442403,77.2510224,,,,False,,,,
n6795214385,Bikaneri Sweets,restaurant,28.5443046,77.2512173,,,,False,,,,
n6796761498,Pandara Market,attraction,28.6065176,77.2293612,,,,False,,,,
n6799103995,Starbucks,cafe,28.5513314,77.2521109,,Mo-Su 08:30-00:30,coffee_shop,False,,,,
n6799103996,Cannon,attraction,28.6576364,77.2294836,,,,False,,,,
n6812471481,Green Chick Shop,restaurant,28.552562,77.24204,,,,False,,,,
n6814370613,DePaul's,cafe,28.6288925,77.2186728,,,,False,,,,
n6817346160,Pizza Hut,restaurant,28.5498716,77.2510781,,,pizza,True,,,,
n6831699685,Chilla Khadar birding spot entry point,attraction,28.5890599,77.2963133,,,,False,,,,
n6853682651,Barista,cafe,28.5570095,77.1641633,,,coffee_shop,False,,,,
n6853682652,Costa,cafe,28.5575828,77.1640909,,,coffee_shop,False,,,,
n6853697496,Blue Tokai Coffee Roasters,cafe,28.5578559,77.1644557,,,coffee_shop,False,,,,
n6898196562,Vaw Cafe,cafe,28.5199328,77.2018409,,,,False,,,,
n6900471305,Horn Please,restaurant,28.5374778,77.2564665,,,,False,,,,
n6929384385,Blue Parrott Cafe,restaurant,28.5469986,77.2537901,,,,False,,,,
n6930119564,Cafe Coffee Day,cafe,28.6928509,77.1528561,,,coffee_shop,False,,,,
n6957678134,Starbucks,cafe,28.6022338,77.1861298,,,,False,,,,
n6957678141,Moti Mahal Delux,restaurant,28.6016675,77.186001,,,,False,,,,
n6957678143,Lazeez Affaire,restaurant,28.6021801,77.1861058,,,,False,,,,
n6957678156,Fujiya,restaurant,28.6016518,77.1861386,,,,False,,,,
n6992113685,Tasty Muradabadi Chicken Biryani,restaurant,28.630052,77.2732845,,,,False,,,,
n6996497685,Suri Saab,restaurant,28.5786205,77.2385021,,,indian,False,,,,
n7021447890,Only Bar,restaurant,28.5481225,77.2510734,,,,False,,,,
n7040083886,East Pavilion,attraction,28.5933085,77.25254,,,,False,,,,
n7040114786,SS Amristari Kulcha Corner,restaurant,28.6825138,77.2056697,,,,False,,,,
n7040118785,Amristari Kulcha King,restaurant,28.6477274,77.1960745,,,,False,,,,
n7040315187,Bagh I Alam Ka Gumbad,attraction,28.5566024,77.1975712,,,,False,,,,
n7041338185,La Piazza,restaurant,28.5689762,77.1848546,,,,False,,,,
n7041370085,Leo’s Artisan Pizza,restaurant,28.5584754,77.1638371,,,,False,,,,
n7041383486,AKU’s The Brrgrr Co.,restaurant,28.5732664,77.2306604,,,,False,,,,
n7041400209,Sandoz,restaurant,28.6344467,77.2220056,,,,True,,,,
n7041538586,Kaffa Cerrado The Roastery,cafe,28.5390026,77.2702145,,,,False,,,,
n7041570585,Carnatic Cafe,cafe,28.5336703,77.2423029,,,,False,,,,
n7041600585,Roasters Coffee Company Book Cafe,cafe,28.5270603,77.2167659,,,,False,,,,
n7043098989,Museum of Musical Instruments,museum,28.6242641,77.2312358,,,,False,,,,
n7043400785,Khair-U’l-Manazil Masjid,attraction,28.6074934,77.2395554,,,,False,,,,
n7044738885,Vegetarian Restaurant,restaurant,28.6599133,77.2235649,,,indian,True,,,,
n7044903485,Minar,restaurant,28.6345679,77.2219125,,,,True,,,,
n7066449791,Wood Box,restaurant,28.5399032,77.2585227,,,,False,,,,
n7083796923,Caffè Tonino,restaurant,28.6350184,77.2195254,,,italian,True,,,,
n7083916145,Hashery,cafe,28.6342664,77.2180918,,,,True,,,,
n7110019814,National Restaurant,restaurant,28.6345219,77.2225088,,,,True,,,,
n7114741289,Burma Burma,restaurant,28.528554,77.2197605,,,,True,,,,
n7116584985,L'Opéra,cafe,28.6090339,77.2296678,,,french,False,,,,
n7120341586,Nagaland's Kitchen,restaurant,28.5576397,77.2056845,,,,False,,,,
n7124277889,Jai Shri Krishna,restaurant,28.519133,77.2063245,,,,False,,,,
n7130257856,Coffee Spot,cafe,28.5671729,77.213153,,,,False,,,,
n7149123090,Teekoy Kerala Restaurant,restaurant,28.5291511,77.2137981,,,,False,,,,
n7149160319,Khopcha Cafe,cafe,28.5196007,77.2059641,,,,False,,,,
n7222985985,Singh’s café & restaurant,restaurant,28.6411587,77.2134007,,,,False,,,,
n7253664047,Barbeque Nation,restaurant,28.5801891,77.3151952,,,,False,,,,
n7389778162,cafe,cafe,28.7136906,77.216454,,,,False,,,,
n7511711057,Indian War Memorial Museum,museum,28.6558327,77.2409945,,Tu-Su 09:00-17:00,,False,,,,
n7514577467,Freedom-Struggle Museum,museum,28.6562309,77.2401503,,,,False,,,,
n7614053129,Nor sure,cafe,28.5734854,77.1539497,,,,False,,,,
n7618454281,BongTaste,restaurant,28.5332223,77.2155902,,10:00-22:00,bengali,False,,,,
n7636338885,दिल्ली हाट,attraction,28.6221333,77.0967834,,,,False,,,,
n7831456512,Cafe Coffee Day,cafe,28.5552759,77.2423659,,,coffee_shop,False,,,,
n7844387261,FLY bar,restaurant,28.6472447,77.1195401,,,,False,,,,
n7872536380,park,park,28.5232369,77.2347078,,,,False,,,,
n7887163357,TMR Samosa,restaurant,28.7008342,77.1361351,,,Samosa;burger;Gulab_Jamun,False,,,,
n8014185779,Arora di Hatti,restaurant,28.5204237,77.2022859,,,Punjabi;chinese,False,,,,
n8044305077,Travel Yoga Cafe,cafe,28.6357531,77.2205669,,,,True,,,,
n8151189592,Govardhan Vegetarian,restaurant,28.6797211,77.194019,,,,True,,,,
n8151189839,Parikrama - The Revolving Restaurant,restaurant,28.6287272,77.2229395,,,,False,,,,
n8204008811,Handi,restaurant,28.5348461,77.2910419,,,chinese;indian,False,,,,
n8241891434,Dashi,restaurant,28.7060642,77.1896896,,Mo-Su 12:00-23:00,,False,,,,
n8365915118,Haseen Biryani corner,restaurant,28.5593978,77.2909795,,,,False,,,,
n8509374244,Blackmail lounge&Bar,restaurant,28.6821519,77.1990491,,,,False,,,,
n8529811934,Chai Gupshup,restaurant,28.5203046,77.2289059,,Mo-Su 09:00-23:00,pizza;tea;burger;sandwich;pasta,True,,,,
n8916577176,Shyam Bakery,restaurant,28.6302728,77.1796827,,Mo-Su 08:00-21:00,indian,False,,,,
n8916577192,Rohan Hotel,restaurant,28.6310878,77.1828001,,,,False,,,,
n8916737861,Manish Cafe,cafe,28.6296999,77.1797945,,,,False,,,,
n8943974605,Starbucks,cafe,28.600863,77.2270634,,08:00-01:00,coffee_shop,False,,,,
n8982336371,Cafe Coffee Day,cafe,28.6267988,77.2197099,,,coffee_shop,False,,,,
n8985017286,Apni Rasoi,restaurant,28.6922478,77.1777771,,,,False,,,,
n8985017288,Bablu Kebab Shop,restaurant,28.6923866,77.1780345,,,,False,,,,
n8985481418,Sandoz Ashok Vihar,restaurant,28.6916593,77.1755879,,,,False,,,,
n8985874378,Invitation,restaurant,28.6963196,77.1793168,,,,False,,,,
n8989461713,Charkhi Wala Park,park,28.6754993,77.18564,,,,False,,,,
n9037075910,Nik Baker's,restaurant,28.6304553,77.2198235,,Mo-Fr 07:30-23:30,,True,,,,
n9195213776,Sarathi South Indian Family restaurant,restaurant,28.5547625,77.1732631,,,,False,,,,
n9202287940,Museum of Illusions,theme_park,28.6334186,77.2180868,,"Mo-Fr 11:00-20:00; Sa,Su,PH 11:00-20:30",,False,,,,
n9238938944,Chicago Pizza,restaurant,28.6353058,77.2842479,,,pizza,False,,,,
n9239861666,Barbeque Nation,restaurant,28.6303516,77.2207134,,,,False,,,,
n9239861671,Blues,restaurant,28.6303321,77.2206386,,,,False,,,,
n9239861673,Castle's Barbeque,restaurant,28.6303565,77.22068,,,,False,,,,
n9239861674,Taste of China,restaurant,28.6303371,77.2206681,,,,False,,,,
n9239861686,Ardor 2.1,restaurant,28.6302128,77.2201334,,,,True,,,,
n9279741263,DS Dosa Factory,restaurant,28.6303457,77.2208085,,,South Indian;North Indian;Chinese,False,,,,
n9378685601,Talli Station Naraina,restaurant,28.6293409,77.1370155,,Mo-Su 11:00-23:00,indian;chinese,True,,,,
n9378736182,Talli Station Rajendra Place,restaurant,28.6433841,77.1777613,,Mo-Su 11:00-23:00,chinese;indian,True,,,,
n9378787102,Talli Station Rajouri Garden,restaurant,28.6473,77.1194981,,Mo-Su 11:00-23:00,chinese;italian;indian,True,,,,
n9443637634,Param Yodha Sthal,monument,28.6150158,77.2312216,,,,False,,,,
n9446475916,National Police Memorial Museum,museum,28.6035011,77.1940179,,,,False,,,,
n9446654596,Wall of Valour,memorial,28.6036663,77.19399,,,,False,,,,
n9502029145,Relax Restaurant,restaurant,28.5533532,77.2406799,,,kebab,False,,,,
n9632496558,Anidra Cafe and Lounge,restaurant,28.6964486,77.1842968,,,,True,,,,
n9642584298,Chaayos,cafe,28.6426064,77.2960959,,,tea,False,,,,
n9765973817,Starbucks,cafe,28.550666,77.1217458,,Mo-Su 08:15-24:00,coffee_shop,False,,,,
n9936696617,Cravity café,cafe,28.5531797,77.2081125,,,,False,,,,
n9937556917,Gaon,restaurant,28.5375912,77.2104123,,,,False,,,,
n9937843117,Dhaba est 1986,restaurant,28.5517564,77.1225963,,,,False,,,,
n9937845917,One8 commune,restaurant,28.551561,77.1225437,,,,False,,,,
n9952989417,Cafe Coffee Day,cafe,28.6339517,77.2185,,,coffee_shop,True,,,,
n9978822131,Bali Nagar Senior Citizen Park,park,28.6526327,77.1283952,,,,False,,,,
n9978824659,"Rajesh Verma Ji Park , Chhota Cp",park,28.6537042,77.1272731,,,,False,,,,
n9978842440,Bali Nagar Children's Park,park,28.6523977,77.127686,,,,False,,,,
n9978848762,Community Centre Raja Garden,restaurant,28.6528063,77.1273471,,,,False,,,,
n10015351982,MF Delito Diet,restaurant,28.6894525,77.2709972,,Mo-Su 10:00-22:00,pizza;burger;chinese;sandwich;chicken;indian,True,,,,
n10027880529,Manakamana Restaurant,restaurant,28.6300714,77.2732351,,,,False,,,,
n10027880539,Ramesh Park,park,28.6352913,77.270571,,,,False,,,,
n10027880559,Chota Vishwa Karma Park,park,28.6384387,77.2702894,,,,False,,,,
n10047592016,Aahar,restaurant,28.5421331,77.1861903,,,bengali,False,,,,
n10047612517,Sumona,restaurant,28.5421683,77.1862089,,,bengali,False,,,,
n10116901517,Kallu Nihari,restaurant,28.6421676,77.2373339,,,indian,False,,,,
n10129613417,New Madras Restraunt (NMR),cafe,28.644045,77.2093712,,,,False,,,,
n10172949302,Chai Cafe,cafe,28.5566241,77.2929293,,,,False,,,,
n10172949304,cafe house,cafe,28.5519931,77.2988937,,,,False,,,,
n10172949309,restraunt,restaurant,28.5436287,77.2956314,,,,False,,,,
n10178890717,Red lights district of Deli,attraction,28.6485821,77.22205,,,,False,,,,
n10212513769,Cafe Coffee Day,cafe,28.6180076,77.279524,,,coffee_shop,False,,,,
n10223877817,Pizza O’bello,restaurant,28.5434693,77.1242076,,,breakfast;burger;coffee_shop;indian;pizza,False,,,,
n10226187520,Starbucks,cafe,28.5284896,77.219227,,,coffee_shop,True,,,,
n10237610644,Aka Gaka,restaurant,28.5729599,77.2302558,,,japanese;chinese,False,,,,
n10249007388,Moets,restaurant,28.5732343,77.2306804,,,,False,,,,
n10250886679,Veg Gulati,restaurant,28.6077855,77.2299247,,,indian,True,,,,
n10250892907,Have more,restaurant,28.6077919,77.2297742,,,,False,,,,
n10250904256,Ichiban,restaurant,28.6077837,77.2298805,,,,False,,,,
n10262566437,Amici,restaurant,28.5737385,77.2299867,,,pizza,False,,,,
n10262566439,Museum on Netaji Subhas Chandra Bose and Indian National Army,museum,28.6581876,77.2420738,,,,False,,,,
n10262578319,Archeological Survey of India,museum,28.6570924,77.2400049,,,,False,,,,
n10262580128,Red fort center,attraction,28.6561624,77.2401402,,,,False,,,,
n10269815628,Café Turtle,cafe,28.5903723,77.2524954,,,,False,,,,
n10274928516,Sagar Ratna - South Indian,restaurant,28.5733288,77.2301396,,,,False,,,,
n10274932757,Sagar ratna - north Indian and chinese,restaurant,28.573112,77.2301844,,,,False,,,,
n10278723609,Albero nel muro,attraction,28.643203,77.2108438,,,,False,,,,
n10570234009,San Gimignano,restaurant,28.6254773,77.2184377,,,italian,False,,,,
n10570468911,Bloom Café & Cakery,cafe,28.5998699,77.2263436,,,,False,,,,
n10574350109,Bella Vie,restaurant,28.5173598,77.2003366,,,tapas,False,,,,
n10574350110,The Green View Bistro and Café,restaurant,28.5174511,77.2000984,,,,False,,,,
n10574350111,Peeja,restaurant,28.5177032,77.2000132,,,,False,,,,
n10574350209,Four Directions,restaurant,28.5173811,77.2000742,,,,False,,,,
n10574350309,Bean Sahab Cafe,cafe,28.5177362,77.1999325,,,,False,,,,
n10574362809,Majnu Ka Thela,restaurant,28.5174745,77.200309,,,,False,,,,
n10574458709,Maqaayada,restaurant,28.5283746,77.2115924,,,,False,,,,
n10574468213,Cafe-Tesu,cafe,28.5283041,77.2165116,,,,False,,,,
n10576137141,Salerm Javed,restaurant,28.6009386,77.2272031,,,,False,,,,
n10576178941,Cafe Delhi Heights,cafe,28.6002371,77.2274371,,,indian;italian;oriental;dessert,False,,,,
n10576179041,Anglow,restaurant,28.6002956,77.2272837,,Mon-Su 12:00-00:00,,False,,,,
n10578444242,Roshan Di Kulfi,restaurant,28.6443964,77.1218103,,,,False,,,,
n10578840742,Oval Bean Café,cafe,28.5543007,77.1945825,,,,False,,,,
n10579381741,Chido,restaurant,28.6323178,77.2226309,,,,True,,,,
n10601652378,Boulder Box Cafe,restaurant,28.5293484,77.149021,,,,False,,,,
n10607998822,Archaeological museum,museum,28.6087534,77.2424545,,"Mo-Th, Sa, Su 09:00-17:00",,False,,,,
n10608005578,Gallery of confiscated and retrieved antiquities,museum,28.6071307,77.2438919,,,,False,,,,
n10674115159,Bhaja Govindam,restaurant,28.6412498,77.2359617,,,,True,,,,
n10685258368,Suchali's,cafe,28.5572099,77.1640827,,,,False,,,,
n10694491795,Sandoz,restaurant,28.5514264,77.2731668,,,,False,,,,
n10706966644,Costa,cafe,28.5518221,77.1225864,,,coffee_shop,False,,,,
n10721000650,Tara Bhutanese Restaurant,restaurant,28.7024974,77.229013,,,bhutanese,False,,,,
n10742633605,Barbeque Nation,restaurant,28.5272714,77.217214,,,barbecue,False,,,,
n10763672532,Barbeque Nation,restaurant,28.6370268,77.2849056,,,,False,,,,
n10768473958,The B.Tech Restaurant,restaurant,28.5203707,77.2023203,,Mo-Su 10:00-22:00,,False,,,,
n10770258937,Gonzo,restaurant,28.5586071,77.1640872,,Mo-Su 12:30-1:00,asian,False,,,,
n10770271851,Chaayos,cafe,28.5585835,77.1640835,,,tea,False,,,,
n10770438092,Kiko-bā,restaurant,28.5577024,77.164777,,,,False,,,,
n10773291097,Dāsaprakāsh,restaurant,28.6346754,77.2177385,,,indian,True,,,,
n10775835836,Chawla,restaurant,28.6196294,77.2857948,,,,False,,,,
n10789359715,Lunch in New Delhi,restaurant,28.5555167,77.2634965,,,,False,,,,
n10803109780,Tushar Chauhan Jasola,attraction,28.5464024,77.2930918,,,,False,,,,
n10810808432,Samrat Restaurant,restaurant,28.6990132,77.2050992,,,,False,,,,
n10823999060,Lodhi Art District,attraction,28.5840648,77.2213286,,,,False,,,,
n10864770504,Love Green Dot Café,cafe,28.5364419,77.2110697,,,,False,,,,
n10867382606,Portrait gallery,museum,28.659013,77.2420568,,,,False,,,,
n10867382705,War of 1857 museum,museum,28.6566334,77.2419027,,,,False,,,,
n10867382805,World War I museum,museum,28.6573874,77.241963,,,,False,,,,
n10867382905,Bose museum,museum,28.6582072,77.2420126,,,,False,,,,
n10867382906,Baoli (step well),attraction,28.6590173,77.2408673,,,,False,,,,
n10872788112,Azim Bagh,attraction,28.5985096,77.2446214,,,,False,,,,
n10872788113,Mughal pavillion,attraction,28.5973616,77.2477179,,,,False,,,,
n10872790207,Lakkarwala Burj,attraction,28.5979434,77.243922,,,,False,,,,
n10872790305,Decorative colorful wood carving,attraction,28.5973357,77.2473602,,,,False,,,,
n10872790306,Mughal arched structure,attraction,28.5979651,77.2465974,,,,False,,,,
n10872790405,Two old stone tombs each with multiple headstones,attraction,28.5979899,77.2477512,,,,False,,,,
n10873301706,Spiral building,attraction,28.5244706,77.1877559,,,,False,,,,
n10873301707,Rotunda,attraction,28.5223909,77.1863754,,,,False,,,,
n10873308805,Step pyramid,attraction,28.5248326,77.187069,,,,False,,,,
n10873416506,"Lodi gate, wall",attraction,28.5183221,77.186387,,,,False,,,,
n10873417005,Lodi era tombs,attraction,28.5189199,77.1843775,,,,False,,,,
n10873417105,Ancient horse stable,attraction,28.5187402,77.1863,,,,False,,,,
n10903096394,laidback cafe,cafe,28.5231651,77.2132041,,,,True,,,,
n10905351895,Harlequin,restaurant,28.6346142,77.2195263,,,,True,,,,
n10910516588,Andhra Canteen,restaurant,28.6336017,77.2221648,,10:00-22:30,south_indian,True,,,,
n10910601905,Good Morning Café,restaurant,28.6337082,77.2779655,,,,False,,,,
n10924124873,Mount Fuji,restaurant,28.6330893,77.2221821,,,asian;japanese,True,,,,
n10933890872,Punjabi Khana,restaurant,28.5491128,77.2508918,,,,False,,,,
n10933972834,Pizza Hut,restaurant,28.5497595,77.2509754,,,pizza,True,,,,
n10936327541,Ghoomar,restaurant,28.6349675,77.2201154,,,,True,,,,
n10969186086,Hotel Adarsh Vegetarian,restaurant,28.6563053,77.224223,,,south_indian;punjabi;marwari,False,,,,
n10969310415,Chaska Ram,restaurant,28.6564617,77.2303249,,,,False,,,,
n10969439010,The Brijwasi,restaurant,28.6567781,77.2242219,,,,False,,,,
n10970131905,Satya Om Pure Veg,restaurant,28.5457525,77.1230261,,,,False,,,,
n10971353593,Al Lazeez Biriyani,restaurant,28.5380076,77.2087667,,,,False,,,,
n10971353594,Punjabi Dhaba,restaurant,28.5380761,77.209131,,,,False,,,,
n10973749366,Shamin's Fresh Grill and Kababs,restaurant,28.5363782,77.2093329,,,,False,,,,
n10977070485,Rumi's Rasoee,restaurant,28.5293143,77.214581,,,,False,,,,
n10977142419,Al Tandoori Kitchen,restaurant,28.5371084,77.2123538,,,,False,,,,
n10977154196,Chill e pepper,restaurant,28.5370791,77.2123092,,,,False,,,,
n10981742165,Carnatic Cafe,restaurant,28.5840349,77.2267153,,,south_indian,False,,,,
n10982332457,Blue Tokai Coffee Roasters,cafe,28.5997174,77.2261777,,07:00-23:00,coffee_shop,False,,,,
n10982334987,The Big Chill,cafe,28.5997717,77.2261395,,,,False,,,,
n10983578950,Bhamsagar,restaurant,28.5607259,77.1937121,,,,False,,,,
n11007213869,Mahatma Gandhi,memorial,28.6178986,77.209002,,,,False,,,,
n11054407756,Minar Restaurant,restaurant,28.5509332,77.2344142,,,,False,,,,
n11054415547,The Highbrooks Cafe,cafe,28.5509244,77.2342399,,,,False,,,,
n11064409807,Dhaba,restaurant,28.6342698,77.2189583,,,indian;punjabi,True,,,,
n11101285435,GrubSoul Seafood Bistro,restaurant,28.5505408,77.235004,,,,False,,,,
n11101285439,Kori's Korean Dining,restaurant,28.5505643,77.2349723,,,korean,False,,,,
n11118587142,Gastronomica,restaurant,28.5504732,77.2351489,,,,False,,,,
n11118587148,H Palate,restaurant,28.5505017,77.2350576,,,hyderabadi,False,,,,
n11118587156,Berco's,restaurant,28.5504637,77.2351397,,,thai;chinese,False,,,,
n11131967564,Saleem's,restaurant,28.5535963,77.2407387,,,mughlai,False,,,,
n11131967579,Konfidential,restaurant,28.5539381,77.2411272,,,,False,,,,
n11132123003,Guppy,restaurant,28.5847048,77.2238058,,,japanese,False,,,,
n11146533147,Berco's,restaurant,28.6347271,77.291003,,,chinese;thai,False,,,,
n11146533148,The Salt Cafe Kitchen & Bar,restaurant,28.6341173,77.2900948,,,,False,,,,
n11155711194,Pop Seoul,restaurant,28.5499884,77.2351267,,,asian;korean,False,,,,
n11207796365,Bhola dhaba,restaurant,28.5836613,77.2460571,,,,False,,,,
n11212429994,Chai Chulha,cafe,28.6310806,77.2781194,,,,False,,,,
n11225066964,OTB Courtyard,restaurant,28.6339638,77.2184611,,,,False,,,,
n11226448728,King's Roll,restaurant,28.7099347,77.2159972,,,indian,False,,,,
n11227522438,City hearts sweets & restaurant,restaurant,28.6295758,77.2757035,,,,False,,,,
n11228784797,Culture Café,restaurant,28.5495843,77.2364963,,,,False,,,,
n11235332747,Engineering Canteen,restaurant,28.5597814,77.2782739,,,,False,,,,
n11236680831,Southvala,restaurant,28.6309852,77.2777773,,,south_indian,True,,,,
n11236741487,Foodie Beach,restaurant,28.6308822,77.2775978,,,,True,,,,
n11236756113,The mb cafe,restaurant,28.6309666,77.2777035,,,,False,,,,
n11241329895,Zahra Restaurant,cafe,28.5623329,77.288547,,,regional,False,,,,
n11242142955,Tibetan Food Stop,cafe,28.5485659,77.1672174,,Mo-Fr 11:00-23:00; Sa-Su off,,False,,,,
n11242142962,Godavari Cafe,cafe,28.5450618,77.1665492,,Mo-Fr 09:00-20:00; Sa-Su off,,False,,,,
n11242142964,Sabarmati Dhaba,cafe,28.5451565,77.1638562,,Mo-Fr 09:00-20:00; Sa-Su off,,False,,,,
n11242142965,24×7 Cafe,cafe,28.5451985,77.1634213,,Mo-Fr 09:00-20:00; Sa-Su off,,False,,,,
n11242142971,mugal darbar,cafe,28.5428694,77.1600819,,Mo-Fr 11:00-20:00,,False,,,,
n11242142973,paratha wala,cafe,28.5335432,77.1692029,,,,False,,,,
n11242857871,Nazeer Foods,restaurant,28.6429888,77.2214491,,,,False,,,,
n11242857873,IRCTC Food Plaza,restaurant,28.6430383,77.2214437,,,,False,,,,
n11242865005,Jan-Aahar,restaurant,28.642164,77.2215364,,,indian,False,,,,
n11242951118,Kwality Chicken,restaurant,28.6995451,77.2080109,,,chicken;fish,False,,,,
n11242951119,Café Crew Brew,cafe,28.6995996,77.20803,,,,False,,,,
n11242951120,Pizza Hut,restaurant,28.6994957,77.2079851,,,pizza,False,,,,
n11252471885,Diggin,restaurant,28.6331447,77.2179838,,,italian,True,,,,
n11263976752,Moti Mahal Delux,restaurant,28.5495794,77.2364287,,,punjabi;indian;mughlai,False,,,,
n11264482804,Deer park,park,28.5606297,77.2004942,,,,False,,,,
n11269141398,Dastarkhan Canteen,restaurant,28.5628067,77.2814109,,,,False,,,,
n11289000834,FuiyOh!,restaurant,28.6815109,77.2067795,,"Mo-Fr, Su 10:00-22:00; Sa 09:00-17:00",,False,,,,
n11299159669,Blue Tokai,cafe,28.5614291,77.2688987,,,,False,,,,
n11304152239,Third Wave,cafe,28.542225,77.253804,,,,False,,,,
n11304153795,Nothing Before Coffee,cafe,28.5422268,77.2537368,,,,False,,,,
n11368545150,Food Bus of India,restaurant,28.5694739,77.2385975,,,,False,,,,
n11392465988,Apni Rasoi,restaurant,28.7125069,77.2153434,,,,False,,,,
n11397955923,Berco's,restaurant,28.6321001,77.2213271,,,chinese;thai,True,,,,
n11397955924,QBA,restaurant,28.6321251,77.2212883,,,north_indian;italian;lebanese,True,,,,
n11438921328,Sagar Ratna,restaurant,28.6422775,77.2967081,,,south_indian;chinese;north_indian,False,,,,
n11449264969,Starbucks,cafe,28.6452103,77.1954815,,,coffee_shop,False,,,,
n11449298391,Bheemeshwara,restaurant,28.6315814,77.2162712,,Mo-Su 07:00-23:00,south_indian,False,,,,
n11449298392,Bikkgane Biryani,restaurant,28.6315312,77.2161571,,,,False,,,,
n11480680740,Breigh,cafe,28.5613924,77.1933012,,,,False,,,,
n11480713718,The Chef,restaurant,28.5619592,77.1929631,,,,False,,,,
n11491292628,Jugmug,cafe,28.6534474,77.2399354,,,,False,,,,
n11496980431,Barista,cafe,28.632997,77.2190193,,,coffee_shop,True,,,,
n11552129364,Cafe Museo,cafe,28.6109435,77.2194122,,,,False,,,,
n11559188459,South Indian Food,restaurant,28.6024732,77.2280844,,,,False,,,,
n11559221799,Qureshi kabab,restaurant,28.6025531,77.2281292,,,,False,,,,
n11594571155,G3,restaurant,28.6392359,77.2926759,,,,False,,,,
n11594571158,AM to PM Kitchen and Bar,restaurant,28.639277,77.2926485,,,,False,,,,
n11601332069,Guru Kirpa Restaurant,restaurant,28.6562798,77.2329761,,,indian,False,,,,
n11601991069,Swagat,restaurant,28.6410098,77.2104547,,,indian,True,,,,
n11633581169,Brahmin's Pure veg,restaurant,28.6459236,77.215431,,,,False,,,,
n11633581269,Café Brownie (coffee),cafe,28.645817,77.2154412,,,,False,,,,
n11637362094,The Art of Dumpling,restaurant,28.6332625,77.2166944,,,,False,,,,
n11637717825,Café Bamboo Oasis,cafe,28.5941514,77.2609769,,,,False,,,,
n11645782069,Gumbad Cafe,restaurant,28.6516779,77.2327739,,,,False,,,,
n11672397833,Super Chai,cafe,28.549955,77.2338047,,,,False,,,,
n11682110033,The Chimney,restaurant,28.5843006,77.1912731,,,,False,,,,
n11682151020,Bawarchi,restaurant,28.5842699,77.191336,,,,False,,,,
n11684986917,Delhi-Topra Pillar,attraction,28.6357803,77.2453544,,,,False,,,,
n11687895257,BADMINTON COURT,park,28.5708202,77.1650802,,,,False,,,,
n11690615142,DUNKIN,cafe,28.6879166,77.2921832,,,,False,,,,
n11690687469,Cheap food places,cafe,28.5650318,77.122799,,,,False,,,,
n11708683614,Culinaria by Meet,restaurant,28.6939522,77.1304674,,Mo-Su 11:00-00:00,,False,,,,
n11710416669,Carnatic Café,cafe,28.5984992,77.2460848,,,,False,,,,
n11711417998,Sona Dhaba,restaurant,28.5490677,77.2533234,,11:00-23:00,punjabi;south_indian;chinese,True,,,,
n11738938312,Big Bites,restaurant,28.6320309,77.2793095,,,,False,,,,
n11764334602,Naivedyam,restaurant,28.6324882,77.2161512,,,indian;southern_indian,True,,,,
n11771960426,Coffee Break,cafe,28.5908601,77.2563801,,,,False,,,,
n11786953775,Machandra Snacks,cafe,28.6867195,77.2085322,,,,False,,,,
n11795527561,Gokulam,restaurant,28.6289157,77.2197583,,,,False,,,,
n11795614249,Punjab Grill,restaurant,28.6284596,77.2197378,,,north_indian,False,,,,
n11799184120,Xero Degrees,cafe,28.6328906,77.2227228,,,,False,,,,
n11801338398,Bikanervala,restaurant,28.6391042,77.2084744,,,,False,,,,
n11802147562,Zaika Muradabadi,restaurant,28.6801175,77.2083486,,,,False,,,,
n11802205272,Akbari Gate,restaurant,28.6793923,77.2081239,,,,False,,,,
n11802205273,The Belgian Waffle,restaurant,28.6793682,77.2081153,,,waffle;coffee_shop;ice_cream,True,,,,
n11802205274,Bistro 57,cafe,28.6793485,77.2081084,,,coffee_shop,False,,,,
n11802205278,Starbucks,cafe,28.6789667,77.2079898,,,coffee_shop,False,,,,
n11802205280,benta cafe,cafe,28.6787588,77.2079536,,,,False,,,,
n11802232769,Labib's,restaurant,28.6808483,77.2077863,,,,False,,,,
n11802232770,The Biryani House,restaurant,28.6808393,77.2077709,,,,False,,,,
n11805134682,Fat Tiger,restaurant,28.639207,77.2083127,,,,False,,,,
n11808931820,Barista,cafe,28.6482157,77.2001362,,,coffee_shop,False,,,,
n11808931822,California Burrito,restaurant,28.6481858,77.2001834,,,mexican,False,,,,
n11813212083,Cafe Coffee Day,cafe,28.6798041,77.2082169,,,coffee_shop,False,,,,
n11813567110,Off Campus,restaurant,28.5884383,77.1687482,,,,False,,,,
n11813590563,QD All Day Diner,restaurant,28.5886052,77.1690217,,,,False,,,,
n11813597428,Pizza Hut,restaurant,28.5883016,77.1685409,,11:00-23:00,pizza,False,,,,
n11813613801,Love Bite Cafe,cafe,28.588688,77.1691745,,,,False,,,,
n11813620034,Igniter Cafe,cafe,28.588414,77.1686436,,,,False,,,,
n11813623271,Café 69,cafe,28.5886031,77.1689683,,,,False,,,,
n11813626426,Café Sandoz,restaurant,28.5887593,77.169349,,,,False,,,,
n11813632593,Ricos,cafe,28.5885827,77.1690539,,,,False,,,,
n11813632902,Awarapan Cafe,cafe,28.5884966,77.1688106,,,,False,,,,
n11813651719,Wrap O Burger,restaurant,28.5884365,77.1686906,,,,False,,,,
n11813659682,Pandit Ji Partha Hut,cafe,28.5881876,77.1682611,,,,False,,,,
n11813666366,Immortal Gaming Cafe,cafe,28.5879768,77.1688142,,,,False,,,,
n11813667716,China Bowl,restaurant,28.587754,77.1673336,,,,False,,,,
n11813670868,Brickyard,restaurant,28.5877126,77.1672986,,,,False,,,,
n11813672561,Hello! Canteen,restaurant,28.5879326,77.1676506,,,,False,,,,
n11813674025,Cafe Mitro,cafe,28.5878444,77.1675983,,,,False,,,,
n11813674213,Azhar Biryani,restaurant,28.5879227,77.1676561,,,,False,,,,
n11813676621,Bottle House,cafe,28.5878311,77.1675464,,,,False,,,,
n11813681677,Rolls Studio,restaurant,28.5880583,77.1678622,,,Rolls,False,,,,
n11813681969,The Bowton House Café,cafe,28.5877303,77.1672874,,,,False,,,,
n11813681970,Dakshin Ratna,restaurant,28.5876755,77.1672039,,,,False,,,,
n11813682742,KC Restaurant,restaurant,28.5881049,77.1683271,,,,False,,,,
n11813688958,Mom Hand Momos,restaurant,28.5876693,77.1686234,,,chinese,False,,,,
n11813690992,The Big House Café,cafe,28.588064,77.1679012,,,,False,,,,
n11813690993,Crazy Kitchen,restaurant,28.5880647,77.1679162,,,,False,,,,
n11813690994,Rustic Cafe,cafe,28.5880537,77.1679015,,,,False,,,,
n11813693494,High On Burger,restaurant,28.5880774,77.168354,,,,False,,,,
n11813693495,Amigos Hub,restaurant,28.5880853,77.1683903,,,,False,,,,
n11813700595,Pandit Ji Tea Stall,cafe,28.5876277,77.1686816,,,tea,False,,,,
n11813705202,Shreya's Spices And Chutney,restaurant,28.5878984,77.1684629,,,,False,,,,
n11813705203,Pulpssy,restaurant,28.5879312,77.1684346,,,,False,,,,
n11813705204,Sfizio Pizza,restaurant,28.5879809,77.1684121,,,,False,,,,
n11813706344,Mum Café and Bakery,cafe,28.5877898,77.1684033,,,,True,,,,
n11813708187,Zackary Chicken Biryani,restaurant,28.587692,77.1684552,,,,False,,,,
n11813709473,The Hungry Bear,restaurant,28.587654,77.1684893,,,,False,,,,
n11813711801,Niku's,restaurant,28.5881502,77.1681711,,,,False,,,,
n11813711802,Nerds Of Comedy,cafe,28.5880515,77.1682334,,,,False,,,,
n11813712469,Sista’s,cafe,28.5880081,77.1677761,,,,False,,,,
n11813712470,Pipeline pizzeria,cafe,28.5879971,77.1677583,,,,False,,,,
n11813945285,The Chai Latte,cafe,28.5882442,77.168369,,,tea,False,,,,
n11814425245,Goyal Tea Junction,cafe,28.5875478,77.1686825,,,tea,False,,,,
n11814425248,Cafe Unbound,cafe,28.5875721,77.1685498,,,,False,,,,
n11816338569,Tirupati Bhawan,cafe,28.6333581,77.2226201,,,,False,,,,
n11817968227,Nazeer Foods,restaurant,28.626092,77.2856785,,,,False,,,,
n11818557132,Alfa,cafe,28.5875537,77.1686987,,,,False,,,,
n11818557134,Om Balaji Dhaba,restaurant,28.5876558,77.1689393,,,,False,,,,
n11818557135,Udgam,restaurant,28.5876392,77.1689042,,,,False,,,,
n11818557136,Baby Doll Chaap,restaurant,28.5875782,77.1687615,,,,False,,,,
n11818557139,Anna Dosa Point,restaurant,28.5875653,77.1687263,,,indian,False,,,,
n11819120761,Free of Gluten,cafe,28.5870102,77.1704721,,,,False,,,,
n11821488126,Ricos,cafe,28.6789186,77.2079772,,,,False,,,,
n11837347888,Sabharwal Tea Stall,cafe,28.5931893,77.1645815,,,,False,,,,
n11847019909,Shahi Pakwan,restaurant,28.5956745,77.122579,,Mo-Su 10:00-15:30; Mo-Su 18:00-22:00,,False,,,,
n11847019930,Sainik Hotel,restaurant,28.5953981,77.1224262,,,,False,,,,
n11853986813,Sandoz,restaurant,28.5653465,77.2398396,,,,False,,,,
n11854152130,Relax Restaurant,restaurant,28.5702867,77.2397201,,,indian;chinese,False,,,,
n11868892366,Foodiez,restaurant,28.6296858,77.2260475,,,,False,,,,
n11869013790,Foodieez,restaurant,28.6289688,77.2247681,,,,False,,,,
n11873753849,Dilli' See Us,restaurant,28.5948052,77.1226288,,,,False,,,,
n11873857924,Nashta Nukkad,restaurant,28.5951164,77.1227767,,,,False,,,,
n11876083322,Janta Hotel,restaurant,28.5957076,77.1230774,,,chicken;fish;kebab,False,,,,
n11878999601,Bengali Dhaba,restaurant,28.5940504,77.1216872,,,indian,False,,,,
n11886578477,Shubham's Cookhouse,restaurant,28.5935922,77.1220031,,,indian,False,,,,
n11891024862,Binge-ish,restaurant,28.5964062,77.1347801,,,indian,False,,,,
n11897685369,Nescafe,cafe,28.5446409,77.1916272,,,,False,,,,
n11907578769,The Walk (food court),restaurant,28.55072,77.1217364,,,,False,,,,
n11910561582,e block park,park,28.5365204,77.254589,,,,False,,,,
n11914764461,Karim’s,restaurant,28.6293532,77.276336,,,Mughlai,False,,,,
n11914851182,Radha Krishna Dhaba,restaurant,28.6282509,77.2763357,,,,False,,,,
n11914851237,Parichai,cafe,28.6308108,77.2774683,,,coffee_shop,False,,,,
n11917659197,Rajshree South Indian Corner,restaurant,28.5495265,77.2508121,,,,False,,,,
n11917691935,Masala Bite,restaurant,28.5490658,77.250763,,,,False,,,,
n11917702396,Massey's,restaurant,28.5499984,77.2512407,,,,False,,,,
n11917709499,Sukiya Tokyo Bowls,restaurant,28.5498634,77.2509881,,,japanese,True,,,,
n11920861769,Pope John-Paul II.,memorial,28.627901,77.2066688,,,,False,,,,
n11922620509,Pizza Hut,restaurant,28.6494994,77.3061756,,,pizza,False,,,,
n11922620510,Karigari,restaurant,28.649599,77.3061176,,,,False,,,,
n11925829932,Capital Restaurant,restaurant,28.5969199,77.1326067,,,indian;chinese,False,,,,
n11925829937,Turning Point Restaurant,restaurant,28.5969043,77.1325547,,,indian;chinese,False,,,,
n11925835868,The Naan Corner,restaurant,28.597035,77.1323933,,,indian,False,,,,
n11937020351,Himachal Bhawan Dining Hall,restaurant,28.6260814,77.2330264,,Mo-Su 08:00-22:00,,False,,,,
n11942183990,Al-Dijaaj,restaurant,28.5939741,77.1216084,,,chicken;chinese;fish;indian,False,,,,
n11953828079,Flavours Of South,restaurant,28.6000589,77.3175644,,09:30-21:30,regional,True,,,,
n11971465774,Del Bite,cafe,28.6440611,77.2014836,,,,False,,,,
n11982171877,Baba Aama,restaurant,28.6696,77.3082541,,,chinese,False,,,,
n11982517643,The House Of Commons,restaurant,28.6329669,77.2226585,,,,False,,,,
n11982519975,The G.T. Road,restaurant,28.6329741,77.2226609,,,indian,False,,,,
n11982519987,The Imperial Spice,restaurant,28.6330344,77.2226693,,,indian,False,,,,
n11985296571,Ashirbad Snacks Corner,restaurant,28.5408622,77.2431317,,,bengali,False,,,,
n11985404577,Astro Bakers,cafe,28.5372482,77.2487079,,,coffee_shop;bakery,False,,,,
n11985412778,Cosmoc Cafe,cafe,28.6434883,77.2982775,,,,False,,,,
n11985412782,Quba 2.0,restaurant,28.6434843,77.2983124,,,,False,,,,
n11985412784,Snocker Cafe,cafe,28.6435024,77.2982982,,,,False,,,,
n11985479754,Dada & Bodi Tandoori Tea Stall,cafe,28.5397499,77.2487881,,Mo-Su 04:00-24:00,,False,,,,
n12000324221,Ebisu,restaurant,28.5280402,77.2198475,,,japanese,False,,,,
n12018385569,The Clay Oven Restaurant,restaurant,28.5574385,77.2049395,,Mo-Su 12:00-23:30,indian,False,,,,
n12020183807,Shiv Di Hatti,restaurant,28.6612679,77.2869428,,,indian,False,,,,
n12026250908,The Chai Story,cafe,28.5763666,77.1950029,,,,False,,,,
n12026250917,Pizza Hut,restaurant,28.5761092,77.1950425,,,pizza,False,,,,
n12030680994,2005 Delhi Bomb Blasts,memorial,28.5774117,77.1951857,,,,False,,,,
n12040093924,Barbeque Nation,restaurant,28.5682188,77.2216909,,,barbecue,False,,,,
n12052454984,Crossroads,restaurant,28.644963,77.1897926,,,,False,,,,
n12054358703,Flavours Of China,restaurant,28.6344804,77.2175301,,,chinese,False,,,,
n12061322835,Quereshi's Cantt Biryani Corner,restaurant,28.595236,77.1213629,,,chicken;indian,False,,,,
n12066209254,Chinese Bowl,restaurant,28.6368494,77.2861536,,,chinese,False,,,,
n12066219413,Nazeer Foods,restaurant,28.6367447,77.2860242,,,indian,False,,,,
n12066219415,The Yellow Chili,restaurant,28.6367427,77.285939,,,indian,False,,,,
n12068146296,Charrdewari,restaurant,28.5535416,77.1944536,,,,False,,,,
n12068146299,Yakuza Cafe,cafe,28.5536162,77.1943009,,,asian,False,,,,
n12068146303,Fork You Steakhouse & Burger Bar,restaurant,28.5539826,77.1943984,,,steak_house,False,,,,
n12068146306,Maquina,restaurant,28.5539263,77.1943847,,,,False,,,,
n12068146307,The Tea Room By Blossom Kochar,restaurant,28.5551119,77.1947977,,,,False,,,,
n12068146310,The Tea Room Cakery,cafe,28.5549056,77.1951137,,,,False,,,,
n12068146328,Cafe Pink,cafe,28.5548412,77.1941455,,,,False,,,,
n12068146344,Cafe Pink,cafe,28.55488,77.1944159,,,,False,,,,
n12069575734,Sukhchai,cafe,28.5592,77.1969003,,,,False,,,,
n12069575745,Shellbeacon Cafe,cafe,28.554533,77.1947655,,,,False,,,,
n12073817847,Tres,restaurant,28.5846934,77.2234556,,,,False,,,,
n12093503922,Bunty Dhaba,restaurant,28.5399844,77.2520229,,,,True,,,,
n12105834057,Chaiorama,cafe,28.6329547,77.2821179,,,,False,,,,
n12119996228,Nagori Tea,cafe,28.6950587,77.213817,,"Mo-Su,PH 07:00-23:00",,False,,,,
n12135558983,Hooter,restaurant,28.6467726,77.1878823,,,,False,,,,
n12135627822,Chawlas2,restaurant,28.6469386,77.1879658,,,,False,,,,
n12135641575,Radhey Krishna Udupi Restaurant,restaurant,28.6470426,77.1881214,,,,True,,,,
n12153019505,Krishna Dhaba,restaurant,28.6354694,77.3032397,,,,False,,,,
n12161917588,cvsv,cafe,28.6610786,77.2273116,,,,False,,,,
n12176320272,Domino's,restaurant,28.6012197,77.3225099,,,pizza,False,,,,
n12183551783,D-8 Park,park,28.5292523,77.1440096,,,,False,,,,
n12196467732,Tea Crow Metry Cafe,cafe,28.6929255,77.2089366,,,,False,,,,
n12205008401,Shiv Nagar Park,park,28.6534508,77.1892179,,Mo-Su 05:00-22:30,,False,,,,
n12208828401,Jawahar Authentic Mughal Restraurant,restaurant,28.5684526,77.2455576,,,,False,,,,
n12211618701,Trikona Park,park,28.6477817,77.1823209,,24/7,,False,,,,
n12229128501,Sanjay Van gate (near IIFT),park,28.5369689,77.1818893,,,,False,,,,
n12255436490,The Garden Restaurant,cafe,28.6188178,77.178503,,,,False,,,,
n12285038430,Lal Kot,castle,28.5276529,77.1813592,,,,False,,,,
n12285047834,Chaumukha Darwaza,monument,28.5234721,77.1874417,,,,False,,,,
n12295737401,PizzaExpress,restaurant,28.6500678,77.120692,,Mo-Su 11:30-23:30,pizza,False,,,,
n12307160292,Flavour of Southvaala,restaurant,28.647351,77.1918284,,,,False,,,,
n12307165299,Amritsari Chaap Corner,restaurant,28.6545835,77.189109,,,,False,,,,
n12307167502,Om Corner,restaurant,28.653992,77.1898706,,,Punjabi,False,,,,
n12334507509,California Burrito,restaurant,28.5551516,77.2432111,,,mexican,True,,,,
n12334507511,Thalairaj Biryani,restaurant,28.5552036,77.2432534,,,indian,True,,,,
n12338239856,JP Tea Stall,cafe,28.6851224,77.2089432,,,,False,,,,
n12344924788,Third Wave Coffee,cafe,28.5574016,77.240358,,,coffee_shop;bagel,False,,,,
n12352438145,Ticket To Taste,restaurant,28.6489758,77.3167974,,,,False,,,,
n12387964701,Karim's,restaurant,28.5911564,77.2436745,,,indian;local;regional,False,,,,
n12403375196,Sangarsh Sthala,memorial,28.6396679,77.2520909,,,,False,,,,
n12409604217,Laser Cut Steel Structure,attraction,28.6166999,77.240566,,,,False,,,,
n12409628331,Angels Wing Steel Structure,attraction,28.6192692,77.2406037,,,,False,,,,
n12411860689,Starbucks,cafe,28.5744908,77.3132883,,,coffee_shop,False,,,,
n12419743561,Naresh Tea and Coffee Sta,cafe,28.6014019,77.322742,,05:00-22:00,coffee_shop,False,,,,
n12422394301,Tirumala,restaurant,28.6307181,77.2204376,,Mo-Su 11:00-23:00,chinese;indian,False,,,,
n12424722369,Blue Tokai Coffee Roasters,cafe,28.5394756,77.2132042,,,coffee_shop,False,,,,
n12440473687,Nazeer Foods,restaurant,28.6441692,77.2401768,,,,False,,,,
n12492376144,Dohful Cookies & Coffee,cafe,28.5433724,77.2039732,,,,False,,,,
n12495360621,Hudson Cafe,cafe,28.6977965,77.2066565,,,,False,,,,
n12495402167,Veshno Dabha,restaurant,28.6980629,77.2049035,,,,True,,,,
n12495408218,Annapurna Bhojnalai,restaurant,28.6982076,77.2055105,,11:30-23:30,indian,True,,,,
n12495415121,Annapurna Bhojanalaya,restaurant,28.6982255,77.2054649,,,,False,,,,
n12495428427,Rahman Chicken Corner,restaurant,28.6981359,77.205134,,,,False,,,,
n12495661388,Sukhchai,cafe,28.69467,77.2037998,,,,False,,,,
n12592985143,Pandit Gaya Prashad Shiv Charan,restaurant,28.6560167,77.2303693,,,indian;parantha,False,,,,
n12596433469,Shri Ganesh Chole Bhathure,restaurant,28.6658635,77.285473,,,,False,,,,
n12596617618,Haldirams,restaurant,28.6606643,77.2980495,,,,False,,,,
n12639638609,Babu Ram Devi Dayal,restaurant,28.6560917,77.23067,,,parantha,False,,,,
n12639638632,Sharma Milk Point,cafe,28.6554802,77.229172,,,tea;lassi,False,,,,
n12669698100,Mr Korean Raymun,restaurant,28.5580215,77.2074057,,,korean,False,,,,
n12669724704,Bistro,cafe,28.5580333,77.2073015,,,,False,,,,
n12676301797,Sardar Jee,restaurant,28.5949259,77.1222859,,,,False,,,,
n12712686004,Lutyens's,restaurant,28.6025053,77.2279312,,,,False,,,,
n12712686012,Gola Sizzlers,restaurant,28.600109,77.2268124,,,,False,,,,
n12718410901,Cafe Vagabond by Saffron,restaurant,28.6457735,77.2159424,,,indian,False,,,,
n12723115345,Greenr Café,restaurant,28.5567947,77.2330785,,,,False,,,,
n12752242099,Chillax And Relax,cafe,28.6567596,77.2256427,,,,False,,,,
n12775105205,Gang-Talk,restaurant,28.6012334,77.3223695,,,italian;international;chinese;burger;dumplings;korean;pasta;pizza,False,,,,
n12780123936,Indira Gandhi Assassination Point,memorial,28.6006552,77.2062126,,,,False,,,,
n12787386799,Nescafé,cafe,28.5548397,77.2182514,,,,False,,,,
n12795243828,Nestle,restaurant,28.6780357,77.2614312,,,,False,,,,
n12800010170,Ilios,restaurant,28.5528953,77.2422983,,,,False,,,,
n12800054369,Paparizza,restaurant,28.5525551,77.2417967,,,,False,,,,
n12800054370,Gulbano,cafe,28.553674,77.240784,,,,False,,,,
n12800054375,Shree Nameshwaram,restaurant,28.5526618,77.2411541,,,,False,,,,
n12800054376,The Snook House,cafe,28.5536387,77.240787,,,coffee_shop,False,,,,
n12800054378,Echoes,restaurant,28.5525516,77.2420265,,,,False,,,,
n12800054384,Cecilia's Pizza,restaurant,28.5525519,77.2414882,,,,False,,,,
n12800054386,The Old Delhi,restaurant,28.5525949,77.241285,,,,False,,,,
n12800054389,Caeli,restaurant,28.552532,77.2419995,,,,False,,,,
n12800054390,Zariya,restaurant,28.5538821,77.2411139,,,,False,,,,
n12800077908,Call Chotu,restaurant,28.5535358,77.2406791,,,,False,,,,
n12806176744,Foundation Stone,memorial,28.6855602,77.2116057,,,,False,,,,
n12816033335,Nescafé,cafe,28.5905185,77.1669203,,,,False,,,,
n12821028241,Agasi,restaurant,28.5672316,77.246967,,,lebanese,True,,,,
n12822647401,Arsalan Restaurant & Caterer,restaurant,28.6475443,77.1201646,,Mo-Su 10:00-01:00,indian,False,,,,
n12870701065,The Yellow Chilli,restaurant,28.6462606,77.1173518,,,,False,,,,
n12875503326,Cicchetti Italiano,restaurant,28.5998608,77.2263453,,,,False,,,,
n12875503327,The Grammar Room,restaurant,28.6000106,77.2262255,,,,False,,,,
n12896513992,Gulshan Da Dhaba,restaurant,28.6324913,77.2067022,,,,False,,,,
n12896534719,Flavours of Chaap,restaurant,28.6326424,77.2066112,,,,False,,,,
n12896559854,Kaleva All day Diner Family Restaurant,restaurant,28.6330218,77.2084316,,Mo-Su 08:30-22:30; PH closed,,False,,,,
n12896614406,Dayal Da Dhaba,restaurant,28.6324936,77.2066109,,,,False,,,,
n12896633910,Tanu Art Gallery,gallery,28.6332626,77.207386,,,,False,,,,
n12896633911,Gaurav Arts,gallery,28.6332155,77.2073946,,,,False,,,,
n12896633913,Manu Art Gallery,gallery,28.6333873,77.2074143,,,,False,,,,
n12908263920,Kenangan Coffee,cafe,28.5462946,77.1967626,,08:00-02:00,,False,,,,
n12908263925,Chaayos,cafe,28.5463792,77.196784,,,tea,False,,,,
n12943213101,Local park,park,28.5399116,77.2363476,,,,False,,,,
n12977503231,The Host,restaurant,28.6316962,77.2209454,,,,False,,,,
n12977565249,Gupta Foods,restaurant,28.6307787,77.2207013,,,indian,False,,,,
n12985825501,Zuru Zuru,restaurant,28.5475148,77.216397,,Mo-Su 11:00-24:00,japanese;ramen,False,,,,
n12989819007,Partition Museum,museum,28.6635146,77.2330733,,tu-su 10:00-17:00,,False,,,,
n12993334150,Kalandak Rooftop,restaurant,28.7018439,77.2288852,,,,False,,,,
n13027883974,Mukesh Dhabha,restaurant,28.6207219,77.1362269,,24/7,indian,False,,,,
n13027947794,cb  block park,park,28.620019,77.1350824,,,,False,,,,
n13042484343,Longewala Lounge,cafe,28.5741516,77.1172733,,,,False,,,,
n13084380067,Sweets & Spices,restaurant,28.6197089,77.3009099,,,,True,,,,
n13094450301,Patel Tea Stall,cafe,28.5397101,77.2788477,,,,False,,,,
n13094778275,Naivedyam,restaurant,28.541778,77.2542397,,,indian;south_indian,False,,,,
n13100614866,Nescafe,cafe,28.5471542,77.2737412,,,,False,,,,
n13107967223,Pizza Hut,restaurant,28.6081147,77.2925955,,Mo-Su 11:00-23:00,pizza,False,,,,
n13107967227,Xero Degrees,restaurant,28.6080916,77.2925599,,Mo-Su 11:00-23:00,,False,,,,
n13110018819,Nirula's,restaurant,28.6836797,77.2013614,,,,False,,,,
n13110127599,Charcha,restaurant,28.6840429,77.2047627,,,,False,,,,
n13110159206,California Burrito,restaurant,28.6838728,77.2046369,,,mexican,False,,,,
n13113389251,Fig,restaurant,28.6023688,77.1863791,,,,False,,,,
n13114178122,Shack Coffee Co.,cafe,28.5477617,77.2165258,,Mo-Su 09:30-19:30,coffee_shop;panini;toast;salad,False,,,,
n13114441163,Dasaprakash-Rajouri Garden,restaurant,28.6503246,77.1209907,,Mo-Su 09:00-12:00,south_indian;north_indian;indian,True,,,,
n13116062301,Punjabi Jaika (Amritsari Special Chur Chur Naan Kulche),restaurant,28.5717415,77.2380371,,,,False,,,,
n13121782111,chai point,restaurant,28.5432567,77.2097708,,,,False,,,,
n13124486537,Fire & Ice,restaurant,28.6410473,77.214,,,,False,,,,
n13124575829,Punjab Grill,restaurant,28.575141,77.2381218,,,,False,,,,
n13124595181,Chawsan Chef,restaurant,28.5780919,77.2385615,,,,False,,,,
n13124599237,Bikanervala,restaurant,28.5748542,77.2380929,,,,False,,,,
n13124601333,Chawsan Chef BBQ,restaurant,28.5779933,77.2386205,,,,False,,,,
n13127356568,Empire Cafe House,cafe,28.6918315,77.2078104,,Mo-Su 03:00-01:00,tea;coffee_shop,False,,,,
n13134826161,Uzair Tea Stall,cafe,28.622619,77.2903626,,,,False,,,,
n13136033401,Nellai Annapoorna,restaurant,28.6460767,77.1875244,,,indian,False,,,,
n13137464261,Yellow house,restaurant,28.7007085,77.228555,,,,False,,,,
n13142375963,Lazy Monk Cafe,cafe,28.5498687,77.2154821,,,,False,,,,
n13142376002,Charcoal eats,cafe,28.5471917,77.2143841,,,,False,,,,
n13142383001,USCO Cafe,cafe,28.5475273,77.2164131,,,,False,,,,
n13142439501,The bite of south,restaurant,28.5491371,77.2160128,,,,False,,,,
n13142441601,La marinate,restaurant,28.5490335,77.215908,,,,False,,,,
n13142481602,OPS,gallery,28.5485399,77.2155794,,,,False,,,,
n13142521152,Cafe Amudham,restaurant,28.5565777,77.2061812,,,indian,False,,,,
n13142525742,Hema South indian,restaurant,28.5483074,77.2159645,,,,False,,,,
n13165188907,M. Keerthana South Indian Restaurant,restaurant,28.5466624,77.1274254,,,indian,False,,,,
n13190034715,Grass Cafe,cafe,28.5370548,77.2359421,,,,False,,,,
n13190034716,Nest by 1Oak,cafe,28.5370781,77.2359984,,,,False,,,,
n13190034717,Oh! Calcutta,restaurant,28.5371779,77.2386352,,,bengali,False,,,,
n13195262313,Talli Station,restaurant,28.6937347,77.1485339,,Mo-Fr 12:00-23:00,chinese;indian;italian,True,,,,
n13202957714,Costa,cafe,28.6501275,77.1211043,,,coffee_shop,False,,,,
n13206705691,Starbucks,cafe,28.5728477,77.2370546,,,coffee_shop,False,,,,
n13249897007,Diggin,cafe,28.5950905,77.1979808,,,italian,False,,,,
n13249897008,Cafe De Flora,cafe,28.5948908,77.1984828,,,,False,,,,
n13284339401,Pahadi Kitchen and Bistro,restaurant,28.5626375,77.1939015,,Mo-Su 12:00-23:00,,False,,,,
n13288958165,Teen Murti Bhavan,attraction,28.6027862,77.1987686,,,,False,,,,
n13288958167,Sikandar Lodhi's grave,monument,28.5962198,77.2215535,,,,False,,,,
n13288958168,Muhammad Shah Sayyid's grave,monument,28.5909401,77.2183041,,,,False,,,,
n13322042901,Satguru Dhaba,restaurant,28.642225,77.2143627,,,,False,,,,
n13322043001,Nothing Before Coffee,cafe,28.6340185,77.21805,,,coffee_shop,False,,,,
n13333191362,Call Me Ten,restaurant,28.5571896,77.1641697,,Mo-Su 12:00-01:00,japanese,False,,,,
n13335517602,Karan South Indian,restaurant,28.6422224,77.2182015,,,,False,,,,
n13335517603,Dasaprakash,restaurant,28.5517155,77.2039045,,,,False,,,,
n13335518001,Cosy,restaurant,28.5514089,77.2046294,,,,False,,,,
n13335518101,Sambarpot,restaurant,28.5690808,77.2439836,,,,False,,,,
n13363652702,The Mandi Chowk,restaurant,28.6315592,77.2162083,,,,False,,,,
n13377823628,Conscious Coffee Cravings,restaurant,28.5538117,77.1946836,,,,False,,,,
n13387061707,Cafe Coffee Day,cafe,28.6666353,77.2147242,,,coffee_shop,False,,,,
n13387065425,Moti Mahal,restaurant,28.635255,77.2208232,,,,False,,,,
n13387065426,Indus Flavour,restaurant,28.6353,77.2207415,,,,True,,,,
n13387065427,Massala Singh,restaurant,28.6353706,77.2204849,,,punjabi,True,,,,
n13397793460,Eggspert,restaurant,28.6596915,77.3064589,,,,False,,,,
n13410744425,Dhawan Corner,cafe,28.6918841,77.153897,,,,False,,,,
n13410744454,Chaayos,cafe,28.6934348,77.1509544,,24/7,tea,False,,,,
n13410744483,Cafe Crew Brew,cafe,28.693423,77.1510447,,,coffee_shop,False,,,,
n13410765124,Pind Baluchi,restaurant,28.6935626,77.1508846,,,,False,,,,
n13410765125,Tim Hortons,cafe,28.6934889,77.1509918,,,coffee_shop,False,,,,
n13410765127,Coffee Island,cafe,28.6935584,77.1509444,,,,False,,,,
n13427592227,Gola Sizzlers,restaurant,28.6951785,77.1542295,,,,False,,,,
n13432981601,Saffron Biryani,restaurant,28.5474536,77.1255532,,,,False,,,,
n13447585295,Mocha,cafe,28.6318635,77.222533,,,,False,,,,
n13447601864,Ganpati Chole Bhature,restaurant,28.6328646,77.2231355,,,,False,,,,
n13447613995,Noon Al Laitoon,restaurant,28.6329635,77.2233895,,,,False,,,,
n13447614053,Darshini Cafe,cafe,28.6326908,77.2225729,,,,False,,,,
n13447617800,Dhoomilal Gallery,gallery,28.6324795,77.217209,,,,False,,,,
n13447855541,Forest Table,restaurant,28.6040234,77.1980115,,,,True,,,,
n13447987229,Social,restaurant,28.6345627,77.218982,,,,False,,,,
n13447987230,Yeti,restaurant,28.6342818,77.2190172,,,,False,,,,
n13447987233,Po,restaurant,28.6342575,77.2190255,,,asian,False,,,,
n13453273193,Roll Hub,restaurant,28.6080002,77.292449,,Mo-Su 11:00-23:00,,True,,,,
n13455393986,Nirula's,restaurant,28.6230611,77.1104406,,,,False,,,,
n13457483762,Honey and Dough,cafe,28.7050388,77.1902323,,Mo-Su 09:00-01:30,,False,,,,
n13457483764,Pizza Hut,restaurant,28.7053371,77.1903654,,,pizza,False,,,,
n13457483765,Surkhaab,restaurant,28.7053497,77.1903378,,Mo-Su 12:00-22:45,indian;mughlai,False,,,,
n13457483767,Starbucks,cafe,28.7053866,77.1903532,,Mo-Su 09:00-23:00;08:30-23:30,coffee_shop,False,,,,
n13459559393,Bhatia,cafe,28.64567,77.2166863,,,tea,False,,,,
n13462006001,Kalsang,restaurant,28.6335284,77.222573,,,chinese;thai;tibetan,False,,,,
n13464132681,Sit and Chill,cafe,28.6012573,77.3224096,,,pizza;burger;coffee_shop;italian;sandwich,False,,,,
n13464132682,Tiffyn,restaurant,28.6011207,77.3222319,,,regional,True,,,,
n13464132685,Food Plaza,restaurant,28.6012031,77.32235,,,regional,True,,,,
n13503216512,Kalam memorial,memorial,28.5732997,77.2059037,,,,False,,,,
n13507221568,benne,restaurant,28.5324072,77.2428685,,"Tu-Su 19:00-15:30,17:00-11:30",,False,,,,
n13531777499,Visual Arts Gallery,gallery,28.5898555,77.2243289,,,,False,,,,
n13534261384,Cafe Coffee Day,cafe,28.6309429,77.2169602,,,coffee_shop,False,,,,
n13543967106,Masson's,cafe,28.7053741,77.1903825,,11:00-23:00,,False,,,,
n13543967120,Blue Tokai Coffee Roasters,cafe,28.7087518,77.1911093,,07:00-23:00,,False,,,,
n13543967197,Meltora,cafe,28.7066575,77.1904409,,"Mo-Su,PH 00:00-03:00",,False,,,,
n13556672380,Red Bricks Cafe,cafe,28.517651,77.20022,,,,False,,,,
n13556672383,Orange Chopsticks,cafe,28.5183824,77.1991938,,,,False,,,,
n13556672385,Brown Sugar,cafe,28.5175233,77.1984362,,,,False,,,,
n13563373280,Bayleaf,restaurant,28.5539297,77.2647684,,,,False,,,,
n13564321670,Costa Coffee,cafe,28.6003202,77.2276228,,,coffee_shop,False,,,,
n13564519135,Karigari,restaurant,28.6298677,77.2208292,,,,False,,,,
n13565005124,Chak-Shang,restaurant,28.561395,77.1931811,,,indian;manipuri,False,,,,
n13565005126,Green Neko,cafe,28.5612258,77.1938059,,"Mo-Su,PH 13:00-18:00+",,False,,,,
n13565005142,Dine Estee,restaurant,28.5613118,77.1935741,,,korean,False,,,,
n13565005150,Chak-Khum,restaurant,28.5613534,77.1937001,,,indian;manipuri;chinese,False,,,,
n13565242209,National Philatelic Museum,museum,28.6225223,77.2126107,,,,False,,,,
n13566044186,Barbeque Nation,restaurant,28.7042165,77.1894124,,,barbecue,False,,,,
n13566070813,Kibou,restaurant,28.7040872,77.18991,,,,False,,,,
n13566076286,Mishran,restaurant,28.7052635,77.1898854,,09:00-22:30; PH open,indian,False,,,,
n13566077528,Gelato and Cafe,cafe,28.7058847,77.1901041,,,,False,,,,
n13566101977,Chote Lal Tea Store,cafe,28.7056147,77.1907518,,,tea,False,,,,
n13566125849,Waffle Some,cafe,28.7056748,77.1908944,,,,False,,,,
n13566176417,Dashi Dimsum & Sushi Bar,restaurant,28.7060319,77.1897106,,,,False,,,,
n13568834273,The King Royal Cafe,cafe,28.6937217,77.2176548,,,,False,,,,
n13568834325,KofiKafi,cafe,28.6949473,77.2141313,,Mo-Su 08:30-21:30,,False,,,,
n13568849204,Chain Chulha,cafe,28.694961,77.2141067,,Mo-Su 08:00-22:00,,False,,,,
n13568851806,The Bombay Rajwadi Chai,cafe,28.6950198,77.2139299,,,tea,False,,,,
n13569891601,Mirabai Park,park,28.6906137,77.1991648,,,,False,,,,
n13575098661,Starbucks,cafe,28.6947073,77.2165648,,,coffee_shop,False,,,,
n13575135701,Gola Sizzlers,restaurant,28.6946273,77.2167737,,,,False,,,,
n13577227051,School of Open Learning Canteen,restaurant,28.6929874,77.2128726,,Mo-Su 07:30-20:30,,False,,,,
n13579390707,Cling,restaurant,28.6947153,77.2166701,,,,False,,,,
n13612030898,Roast 'N' Currie,restaurant,28.6065089,77.2950397,,,,False,,,,
n13612096012,Celebration Restaurant,restaurant,28.6066826,77.2948171,,Mo-Su 11:30-23:00,,False,,,,
n13620213101,India Coffee House,cafe,28.5457335,77.16926,,Mo-Sa 08:00-20:00,indian,False,,,,
n13621275519,Durbar Restaurant,restaurant,28.6043307,77.2931957,,,,False,,,,
n13624573653,Zaza,restaurant,28.5567786,77.2329966,,,,False,,,,
n13632985220,Raju Tea Stall,cafe,28.681697,77.2149042,,,,False,,,,
n13640635882,Eleven Course,restaurant,28.6949527,77.2161038,,,,False,,,,
n13640635888,Cuisaro,restaurant,28.6950008,77.2161196,,,,False,,,,
n13640908050,Zero Degrees,restaurant,28.6326875,77.2196631,,,,False,,,,
n13644931603,Gangaur Restaurant,restaurant,28.6824104,77.2029573,,,,False,,,,
n13644931641,Monnta Cafe & Restro,cafe,28.6827384,77.2037538,,,,False,,,,
n13644931666,Shake's Brew,cafe,28.6814205,77.2067885,,Mo-Fr 10:30-22:30,coffee_shop,False,,,,
n13645264736,Lama Boba Tea,cafe,28.6806474,77.2074746,,,bubble_tea,False,,,,
n13645264741,Cafe Loco Moco,cafe,28.6815266,77.2066962,,,,False,,,,
n13645264747,DU Diaries,cafe,28.6809672,77.2071551,,,,False,,,,
n13645264749,Let's Coffee,cafe,28.6807595,77.2075201,,,,False,,,,
n13645264756,Tealogy Cafe,cafe,28.6816833,77.2064604,,,,False,,,,
n13645264764,Namlo Cafe,cafe,28.6809894,77.20739,,,,False,,,,
n13645264767,Labib's,restaurant,28.6808844,77.2074804,,,,False,,,,
n13645264769,Organic Chai Wallah,cafe,28.6811121,77.2070424,,,,False,,,,
n13645264783,Bread & Sippp,cafe,28.6807184,77.2075966,,,,False,,,,
n13645264787,Chai Bay,cafe,28.6811444,77.206939,,,,False,,,,
n13645264800,Cozy Chai,cafe,28.6811478,77.2070169,,,,False,,,,
n13645270913,Bistro 87,cafe,28.6806754,77.2075159,,,,False,,,,
n13645270914,Bhukkad's Cafe,cafe,28.6810027,77.2074862,,,,False,,,,
n13645270921,Bhukkad's Cafe,cafe,28.6808246,77.2075309,,,,False,,,,
n13647468420,Meghalaya Food & Momos,restaurant,28.5732889,77.2070032,,,,False,,,,
n13647468438,Momo-Mia,restaurant,28.5733236,77.2069144,,,,False,,,,
n13647468440,Darbar-E-Awadh,restaurant,28.5734362,77.2069059,,,,False,,,,
n13647468442,Haveli,restaurant,28.5731126,77.2058567,,,,False,,,,
n13647468485,Millets Experience Center,restaurant,28.5729826,77.2060806,,,,False,,,,
n13647468498,Organic Manipur Stall,restaurant,28.57296,77.2063561,,,,False,,,,
n13647468529,Bijoli Grill,restaurant,28.5729442,77.2058359,,,,False,,,,
n13647468558,Assam Food Stall,restaurant,28.5729636,77.2062814,,,,False,,,,
n13647468566,Assam Food Stall,restaurant,28.5733531,77.207117,,,,False,,,,
n13647468576,Uttarakhand Food Stall,restaurant,28.5733535,77.2072259,,,,False,,,,
n13647468626,LookActEast,restaurant,28.5730888,77.2059196,,,,False,,,,
n13647468645,Nimantran,restaurant,28.5730464,77.2058437,,,,False,,,,
n13647468672,Rajasthan Food Stall,restaurant,28.5735237,77.2067147,,,,False,,,,
n13647468673,Maharashtra Food Stall,restaurant,28.5729765,77.2062133,,,,False,,,,
n13647468679,Manipur Caterers,restaurant,28.5733456,77.2065845,,,,False,,,,
n13647468700,Sikkim Tourism Food Stall,restaurant,28.5733747,77.2067057,,,,False,,,,
n13647468719,Mehak,restaurant,28.5734277,77.2068065,,,,False,,,,
n13647468722,Wazwan,restaurant,28.5734349,77.2070709,,,,False,,,,
n13647468725,Tripura Food Stall,restaurant,28.5735303,77.2065957,,,,False,,,,
n13647468732,Neramac,restaurant,28.573436,77.2069913,,,,False,,,,
n13647468735,Punjab Food,restaurant,28.5729907,77.2060315,,,,False,,,,
n13654074071,CoCo Ichibanya,restaurant,28.5296317,77.2195041,,,curry;japanese,False,,,,
n13654074075,Cha cha cha,cafe,28.5294444,77.2193331,,,,False,,,,
n13654074079,Creme Coffee,cafe,28.5294387,77.2193156,,,,False,,,,
n13654074080,Sassy Begum,restaurant,28.5294596,77.2196112,,,biryani;kebab;curry,False,,,,
n13654074081,Labneh,restaurant,28.5296405,77.2195434,,,lebanese,False,,,,
n13669876315,Amar kitchen,restaurant,28.6681733,77.2893195,,,indian,False,,,,
n13669876316,Punjabi Chaap junction,restaurant,28.6680264,77.2894009,,,indian,False,,,,
n13669876317,Chacha Dhaba,restaurant,28.669473,77.2889614,,,indian,False,,,,
n13669907132,Mehak Dhabha,restaurant,28.6675625,77.2889928,,,indian,False,,,,
n13669907139,Purana Delhi Darbar,restaurant,28.6628199,77.2835227,,,,False,,,,
n13671007998,Chaayos,cafe,28.6675117,77.227479,,,tea,False,,,,
n13671008000,Bistro 87,cafe,28.6675263,77.2277511,,,,False,,,,
n13677293685,Buddha Statue,monument,28.6017837,77.1247288,,,,False,,,,
n13678297483,Shree Balaji Foods,restaurant,28.619024,77.2841185,,Mo-Su 11:00-23:00,indian,True,,,,
n13678650307,ANNA MADRAS CAFE,restaurant,28.6209343,77.2844016,,,indian;south_indian,True,,,,
n13683331377,Third Wave Coffee Roasters,cafe,28.7015382,77.1656145,,,,False,,,,
n13683331399,Blue Tokai Coffee Roasters,cafe,28.7015651,77.1657154,,,,False,,,,
n13691559694,Udupi Krishna,restaurant,28.6792998,77.2037431,,,,False,,,,
n13691615116,Softyboy,cafe,28.67902,77.2037378,,,bubble_tea,False,,,,
n13692030101,Sudh shakari dhaba,restaurant,28.6416057,77.2245951,,Mo-Su 08:00-01:00,indian,False,,,,
n13713120224,Game On Board,cafe,28.5389517,77.2137279,,Mo-Su 12:00-23:00,pizza;fries;sandwich;kebab;pasta;indian,False,,,,
n13721755512,Xero Degrees,restaurant,28.625251,77.2343446,,,,False,,,,
n13722642103,Koby's,cafe,28.5249496,77.206221,,,,False,,,,
n13722738063,Tea Stall,cafe,28.6877353,77.2085489,,,tea,False,,,,
n13734392101,Asharti BBQ Nights,restaurant,28.6442529,77.2400509,,,barbecue;indian,False,,,,
n13739518601,Steve and Dodo,cafe,28.6473645,77.1882894,,,coffee_shop,False,,,,
n13744131935,Lara Bar and Kitchen,restaurant,28.5919444,77.1618039,,,,False,,,,
n13807550229,Crescent,attraction,28.59351,77.262998,,,,False,,,,
n13814123959,Tinku Kitchen,restaurant,28.5617395,77.1940887,,,,False,,,,
n13814202689,Mila's Mama Kitchen Himalayan Cuisine,restaurant,28.5616472,77.1939604,,,,False,,,,
n13814205099,Mila's Mama Kitchen,restaurant,28.5615898,77.1939446,,,,False,,,,
n13814209821,Heritage Naga Food Nagaland,restaurant,28.5615574,77.1939323,,,,False,,,,
n13814214565,Kidang,restaurant,28.5611289,77.1927476,,We-Mo 13:00-22:30,asian;oriental,False,,,,
n13814216431,Hentak,restaurant,28.5627324,77.1936458,,,manipuri,False,,,,
n13814216436,Laphing's Corner,restaurant,28.562733,77.1936215,,,,False,,,,
n13814216446,Tkyak,restaurant,28.5618994,77.1939567,,,,False,,,,
n13814216451,Shilloi Restaurant,restaurant,28.561436,77.1927605,,,,False,,,,
n13814216524,Wa-ri,restaurant,28.5626695,77.1939039,,,,False,,,,
n13814217528,Rosang cafe,cafe,28.5619379,77.1937181,,,,False,,,,
n13814217529,Kimi & Co,restaurant,28.561976,77.1937393,,,,False,,,,
n13814217537,Yalla Lucknawi Restaurant,restaurant,28.5608459,77.1943488,,,,False,,,,
n13814217545,Bing Cha,cafe,28.561594,77.1945593,,,,False,,,,
n13814218104,10zin Restro,cafe,28.5620289,77.1938521,,Mo-Su 13:30-23:15,oriental,False,,,,
n13814230336,Lunia Ita-Chi,restaurant,28.5616904,77.1959918,,,italian,False,,,,
n13814230338,Golden China Hut,restaurant,28.5616541,77.1959853,,,chinese;indian,False,,,,
n13814230342,Jai Mata Di,restaurant,28.5617274,77.1960065,,,indian;burger;coffee_shop;turkish,False,,,,
n13814230345,Maheshi Da Frontier Punjabi Dhaba,restaurant,28.5616502,77.1960465,,,indian,False,,,,
n13814242894,Lama Bakery and Cafe,cafe,28.5618165,77.194017,,,,False,,,,
n13814321692,Yorkobi House,restaurant,28.5616764,77.1944574,,,,False,,,,
n13814644435,Carnatic Café,cafe,28.5646699,77.1197967,,,,False,,,,
n13814644436,Dilli Streat,restaurant,28.5646511,77.1196014,,,,False,,,,
n13815023154,Kori's,restaurant,28.561387,77.1936003,,,,False,,,,
n13815023326,Bhansaghar,restaurant,28.5613234,77.192936,,,regional,False,,,,
n13815887145,Limbu Kitchen,restaurant,28.5410377,77.2432436,,,,False,,,,
n13820116501,Blue Tokai,cafe,28.5660579,77.2333287,,Mo-Su 07:00-23:00,,False,,,,
n13823325601,King's PASTA LA VASTA,restaurant,28.5282058,77.2560978,,Mo-Su 09:00-22:00,cake;chinese;coffee_shop;curry;indian;noodle;pasta,False,,,,
n13830892501,Navratan Tea Stall,cafe,28.6796346,77.2045891,,,,False,,,,
n13834324596,Blue Tokai,cafe,28.6343714,77.2174692,,,coffee_shop,False,,,,
n13846287137,Riv You,cafe,28.635297,77.2850428,,,,False,,,,
n13854780991,Delhi Juice and Shakes,cafe,28.6193056,77.2863542,,,,False,,,,
n13898781110,The Big Chill,restaurant,28.5287277,77.216715,,,,False,,,,
n13898781233,Third Wave Coffee Roasters,cafe,28.5282393,77.2199717,,,coffee_shop,False,,,,
n13901330024,Starbucks,cafe,28.6957357,77.1531429,,,coffee_shop,False,,,,
n13901330025,Roslyn Coffee,cafe,28.6955789,77.1528043,,,,False,,,,
n13904238292,Brew Berry Cafe,restaurant,28.6819167,77.206601,,,,False,,,,
n13908906465,Peepal Cafe,cafe,28.5525239,77.2182179,,,,False,,,,
n13923836000,Hyderabad Spl Chicken Biryani Point,restaurant,28.7105842,77.2151539,,,chicken;kebab;fish;wings;shawarma;biryani,False,,,,
n13927682258,TGI Fridays,restaurant,28.6319736,77.2225505,,,american,False,,,,
n13930429515,Cala,restaurant,28.547469,77.2115707,,,italian,False,,,,
n13942464002,DAG,gallery,28.6181329,77.2193737,,,,False,,,,
n13997784683,Moti Mahal Delux,restaurant,28.5683968,77.2191782,,,,False,,,,
n14002488862,Bobachee,restaurant,28.568261,77.2177804,,,,False,,,,
n14009416554,Mittal Tea House,cafe,28.583612,77.2235287,,,tea,False,,,,
n14019349208,Dos,restaurant,28.5835935,77.223402,,,,False,,,,
n14019449901,Cafe Doma,cafe,28.5600609,77.194788,,Mo-Su 12:00-22:30,korean,False,,,,
n14019452801,Dear Naga,restaurant,28.561407,77.1936877,,,asian;thai,False,,,,
n14019457601,Hinoki - Slow Bar,cafe,28.5602774,77.1948131,,We-Mo 14:00-21:00,japanese,False,,,,
n14019461101,Yong's Kitchen,restaurant,28.5617336,77.1920627,,Tu-Su 12:00-23:00,,False,,,,
n14019467201,Mizo Diner,restaurant,28.5617682,77.1925635,,Mo-Sa 12:00-23:00,,False,,,,
n14019542201,Oh! Assam,restaurant,28.5615943,77.1932676,,Mo-Su 13:00-23:00,asian;fish;indian,False,,,,
n14039772950,Ping's,restaurant,28.5835878,77.2232627,,,,False,,,,
n14046153620,In the Punjab,restaurant,28.5412611,77.1555505,,,,False,,,,
n14046153649,The Big Chill,restaurant,28.5411432,77.1552187,,,,False,,,,
n14046153675,Nomi Tea,cafe,28.5408077,77.1551635,,,,False,,,,
n14046155002,Blue Tokai Coffee Roasters,cafe,28.5411488,77.1550686,,,coffee_shop,False,,,,
n14046155005,P. F. Chang's,restaurant,28.5412381,77.155256,,,,False,,,,
n14046155016,Romeo Lane,restaurant,28.5414856,77.1556312,,,,False,,,,
n14046155018,Chili's,restaurant,28.5407446,77.1548646,,,tex-mex,False,,,,
n14046155035,Gola Sizzlers,restaurant,28.5418968,77.155585,,,,False,,,,
n14046155102,Paul,cafe,28.5412017,77.1550193,,,,False,,,,
n14046155135,Cafeteria & Co.,cafe,28.5415838,77.1553521,,,,False,,,,
n14046155168,Starbucks,cafe,28.5410984,77.1550259,,,coffee_shop,False,,,,
n14046155171,Pirates of Grill,restaurant,28.5409846,77.154653,,,,False,,,,
n14046155178,Pizza Express,restaurant,28.5408496,77.1552363,,,,False,,,,
n14046155187,Mala Akbari,restaurant,28.5409643,77.155274,,,,False,,,,
n14046155190,Si Nonna's,restaurant,28.5413738,77.1556573,,,,False,,,,
n14046155193,Kylin Experience,restaurant,28.541164,77.1554291,,,,False,,,,
n14046155246,Social,restaurant,28.5407693,77.155132,,,,False,,,,
n14046155249,Anardana,restaurant,28.540375,77.1548801,,,,False,,,,
n14046155250,Paul,restaurant,28.5410812,77.1547585,,,,False,,,,
n14046155299,Cafe de Flora,restaurant,28.5413867,77.1553507,,,,False,,,,
n14046155317,Third Wave Coffee Roasters,cafe,28.5410436,77.1549898,,,coffee_shop,False,,,,
n14046155337,TGI Fridays,restaurant,28.5404736,77.1548059,,,american,False,,,,
n14046379623,Om Sweets,restaurant,28.6278892,77.1003721,,08:00-2300,pizza;indian,True,,,,
n14048312369,Cafe Sandoz,restaurant,28.5462569,77.1967987,,,indian;chinese;american;coffee_shop;grill,True,,,,
n14049098833,Cafe Coffee Day,cafe,28.5971051,77.132431,,,coffee_shop,False,,,,
n14050505443,budget bites,cafe,28.664416,77.1438651,,Mo-Su 09:00-20:00,,False,,,,
n14051818892,thrid wave coffee,cafe,28.5881876,77.1686887,,10:00-22:00,,False,,,,
n14051850419,Uncle Tea Stall,cafe,28.6337644,77.0889043,,,,False,,,,
n14057537002,Sharwan Home Foods,restaurant,28.6456214,77.1839858,,,,False,,,,
n14057544001,Trikona park,park,28.6456128,77.1827682,,,,False,,,,
n14061159602,Mysore Cafe,restaurant,28.6082276,77.2016137,,,,False,,,,
n14069817329,Raju Chur Chur Naan,restaurant,28.6295511,77.0914389,,"11:00-17:00,19:00-23:00",indian,True,,,,
n14070212234,Sabre Officers Mess,restaurant,28.6006875,77.1374375,,,italian;indian,False,,,,
n14074745062,Te Amo Cafeteria,cafe,28.5511649,77.1705216,,Mo-Su 11:00-23:00,pasta;sandwich;burger;indian;coffee_shop,True,,,,
n14078144348,Xero Degrees,restaurant,28.6344287,77.221415,,,,False,,,,
n14080141455,Starbucks,cafe,28.5679255,77.2196692,,,coffee_shop,False,,,,
n14080513817,Boya,restaurant,28.6019828,77.1860162,,,,False,,,,
n14081722436,Hello Dada,restaurant,28.6326381,77.2173662,,,indian,False,,,,
n14082118656,Adyar Ananda Bhavan,restaurant,28.6271809,77.219818,,,,False,,,,
n14082118657,Bikanervala,restaurant,28.6275849,77.2198223,,,,False,,,,
n14087649719,Wakame,restaurant,28.573117,77.2371962,,,,False,,,,
n14093702367,Bistro 57,cafe,28.6905311,77.2015992,,,,False,,,,
n14093702368,Taste of Tibet,restaurant,28.6900506,77.2017264,,,asian;chinese,False,,,,
n14093702370,Shree Nandhini Cafe,cafe,28.6898777,77.20163,,,,False,,,,
n14093702372,Roll Express,restaurant,28.6901198,77.2016896,,,,False,,,,
n14093702374,Diana Cold Coffee,cafe,28.6898268,77.201669,,,,False,,,,
n14100919731,First Coffee,cafe,28.5681344,77.2211773,,,coffee_shop,False,,,,
n14100919766,Classy Cafe,restaurant,28.569136,77.2207032,,,,False,,,,
n14100919784,Too Mikkii Tapas,cafe,28.567935,77.2193121,,,,False,,,,
n14100954531,Daitchi,restaurant,28.5679426,77.2198262,,,chinese;japanese,False,,,,
n14101601590,Broma,cafe,28.6786702,77.2074316,,,,False,,,,
n14105308762,Boba Bhai,cafe,28.6944599,77.2039634,,,bubble_tea,False,,,,
n14105308765,Luxxe,restaurant,28.694473,77.2038952,,,,False,,,,
n14105308767,Cafeteria & Co.,cafe,28.694284,77.2040707,,,,False,,,,
n14105308770,Decent,cafe,28.6936824,77.2044413,,,,False,,,,
n14105308778,736 AD,restaurant,28.6945736,77.203842,,,,False,,,,
n14105308784,Urban Jungle,restaurant,28.6936597,77.2044453,,,,False,,,,
n14105308788,Diane Coffee,cafe,28.6937292,77.204459,,,coffee_shop,False,,,,
n14105308791,Nostalgia Cafe,cafe,28.6937878,77.2043756,,,,False,,,,
n14105308792,Apni Rasoi,restaurant,28.6936495,77.2044925,,,,False,,,,
n14107314023,Berco's,restaurant,28.6944867,77.2043574,,,,False,,,,
n14107314037,Galaxy Cafe,cafe,28.6934389,77.2045999,,,,False,,,,
n14107314039,Black Panther,cafe,28.6945388,77.2043462,,,,False,,,,
n14107314042,Paparizza,restaurant,28.6953283,77.2042927,,,,False,,,,
n14107314048,Mr. Crust,restaurant,28.6951149,77.2042474,,,,False,,,,
n14107314051,Hong's Kitchen,restaurant,28.6957377,77.2043504,,,,False,,,,
n14107314071,Shagun Restaurant,restaurant,28.6934092,77.2046451,,,,False,,,,
n14107314081,V4U,restaurant,28.6947135,77.204287,,,,False,,,,
n14107314082,League of Nations,restaurant,28.693205,77.2047509,,,,False,,,,
n14107314094,Sambookas,restaurant,28.6945273,77.2043318,,,,False,,,,
n14107314099,Delifrance,cafe,28.6952233,77.2042727,,,,False,,,,
n14107341401,QD,restaurant,28.6947539,77.2042826,,,,False,,,,
n14107341405,Bagheera,cafe,28.6945976,77.2043214,,,,False,,,,
n14107341406,Welcome Boss,cafe,28.6944219,77.2044065,,,,False,,,,
n14107341408,Araba Coffee,cafe,28.6927227,77.205043,,,coffee_shop,False,,,,
n14107341410,Zero Degrees,restaurant,28.6947564,77.2036617,,,,False,,,,
n14107341413,Uttam Chai,cafe,28.6947971,77.2042806,,,tea,False,,,,
n14107341415,Nazeer Foods,restaurant,28.6948622,77.2042687,,,,False,,,,
n14107341417,Mute,restaurant,28.6931849,77.2047435,,,,False,,,,
n14107341424,Coffee Up,cafe,28.6933435,77.2046801,,,,False,,,,
n14107341426,The Silent Burr,cafe,28.6934485,77.2046197,,,coffee_shop,False,,,,
n14107341434,Special Bistro,cafe,28.694807,77.204299,,,,False,,,,
n14107341441,For The Vibe,cafe,28.6960762,77.2044074,,,,False,,,,
n14107341448,Telegram,cafe,28.6938291,77.2043707,,,,False,,,,
n14107341450,Paradise,cafe,28.6938167,77.204342,,,,False,,,,
n14107341455,Indus Flavour,restaurant,28.6958343,77.2043594,,,,False,,,,
n14107341463,Teawaro,cafe,28.6954913,77.2043209,,,tea,False,,,,
n14107341466,Kawaii,restaurant,28.6929803,77.2055844,,,,False,,,,
n14107341471,Kiiza,cafe,28.6929599,77.2055623,,,,False,,,,
n14107341476,The Star Heights,cafe,28.6934599,77.2045986,,,,False,,,,
n14124576545,4th Street Cafe,cafe,28.6423002,77.297967,,Tue-Sun 12-22,,False,,,,
n14131315913,Chaayos,cafe,28.5578735,77.2452632,,,tea,False,,,,
n14131315970,Wush,cafe,28.5582636,77.2387744,,,,False,,,,
n14155679557,Sikkim Restaurant,restaurant,28.5995161,77.1864342,,,,False,,,,
n14159507255,Punjabi Dhaba,restaurant,28.5266215,77.1871206,,,indian,True,,,,
n14166955087,Udupi Darshini,restaurant,28.7088507,77.1852932,,,,False,,,,
n14173165566,Subko Cafe,cafe,28.5799733,77.2214366,,08:00-22:00,coffee_shop;bakery,False,,,,
n14175271414,A-One Cafe,cafe,28.5739075,77.2171888,,,,False,,,,
n14188726185,Pizza Hut,restaurant,28.6791482,77.1955152,,,pizza,False,,,,
w31658491,Students' Mess,restaurant,28.5396894,77.1864095,,,,False,,,,
w38170389,Vasant Vatika,park,28.5343544,77.146301,,,,False,,,,
w42340191,B Block Community Park,park,28.5537926,77.1757655,,,,False,,,,
w42340193,BC-BD Block Community Park,park,28.5531789,77.1751813,,,,False,,,,
w42340196,BA-BB Block Community Park,park,28.5542851,77.1764908,,,,False,,,,
w43325260,Jamun Wala Park,park,28.5301909,77.2171216,,,,False,,,,
w44186073,Vigyan Bhavan,museum,28.6109435,77.2206816,,,,False,,,,
w44315454,Dilli Haat,attraction,28.5731929,77.2072531,,Mo-Su 10:00-22:00,,False,,,,
w44351917,National Rail Museum,museum,28.5850536,77.1813226,,Tu-Su 10:00-17:00,,False,,,,
w44352051,National Police Memorial Complex,park,28.6033556,77.193907,,,,False,,,,
w44827278,Lotus Temple,attraction,28.5533567,77.2586109,,Tu-Su 09:00-17:00,,False,,,,
w58719250,India Gate Park,park,28.6117622,77.2291886,,,,False,,,,
w70520990,Shani Bazar Park,park,28.5793936,77.3254091,,,,False,,,,
w76849321,Inayati masjid,park,28.6159697,77.2992966,,,,False,,,,
w76963813,Indira Gandhi Mahila Park,park,28.6118491,77.3092789,,,,False,,,,
w77339781,Amir Khusro Park,park,28.5948623,77.2417855,,,,False,,,,
w77967766,CH Lekharam Park,park,28.6911918,77.1711748,,,,False,,,,
w78154704,Janak Vatika,park,28.6795501,77.1769762,,,,False,,,,
w78154942,Ashoka Garden,park,28.6843208,77.1789364,,,,False,,,,
w78164702,Shakti Apartments Park,park,28.6841134,77.187585,,,,False,,,,
w78164714,Radhe Lal Park,park,28.6887744,77.184529,,Mo-Su 08:00-22:00,,False,,,,
w78445727,Subhash Park,park,28.7081138,77.1582219,,,,False,,,,
w78445871,Children's Park,park,28.7099046,77.1597206,,,,False,,,,
w78480655,Dilli Haat,attraction,28.6959558,77.1498678,,,,False,,,,
w78755830,Municipal Park,park,28.7147139,77.1736298,,,,False,,,,
w80429793,Hindi Park,park,28.6429795,77.2418818,,,,False,,,,
w80429794,Diwan-i-Aam,monument,28.6557225,77.2423201,,,,False,,,,
w80429795,Atal Bihari Vajpayee Sadbhavna Park,park,28.6429184,77.2461028,,,,False,,,,
w80429815,Mumtaz Mahal,monument,28.6545239,77.2434226,,,,False,,,,
w80429830,Diwan-e-Khaas,monument,28.6564715,77.2435765,,,,False,,,,
w80429887,Khas Mahal,monument,28.6561321,77.2435964,,,,False,,,,
w80429893,Raj Ghat,park,28.6447381,77.2497678,,,,False,,,,
w80429900,Naubat Khana,monument,28.6557891,77.2409923,,,,False,,,,
w80429915,Rang Mahal,monument,28.6556799,77.2435276,,,,False,,,,
w80431096,Salimgarh Fort,attraction,28.6608389,77.2425302,,,,False,,,,
w80431098,Qudsia Bagh,castle,28.6708183,77.2289201,,,,False,,,,
w80439675,Indraprastha Park,park,28.6009938,77.2538927,,,,False,,,,
w80439686,National Zoological Park,zoo,28.6044368,77.2463433,,Apr 01-Oct 15 08:30-17:30; Oct 16-Mar 31 09:00-17:00; Fr closed,,False,,,,
w80442501,Khan Market,attraction,28.600192,77.2266065,,,,False,,,,
w80442502,Lodhi Gardens,park,28.5934806,77.2195624,,,,False,,,,
w80511825,Asaf Ali Park,park,28.5504272,77.2463037,,Mar-Sep Mo-Su 05:00-21:30 ; Oct-Feb Mo-Su 05:30-21:00,,False,,,,
w80511826,Hansraj Sethi Park,park,28.5469057,77.2612653,,,,False,,,,
w80513375,N Block Park,park,28.5589617,77.234459,,,,False,,,,
w80513403,D.D.A. Park Panchsheel,park,28.5488012,77.2234462,,,,False,,,,
w80678169,Buddha Jayanti Park,park,28.6156685,77.1774073,,,,False,,,,
w80926784,Parliament Museum,museum,28.6188009,77.2072519,,,,False,,,,
w80936826,Ajmal Khan Park,park,28.6534573,77.1970309,,,,False,,,,
w80940704,Kaccha Bagh,park,28.6574801,77.2296964,,Mo-Sa 10:00-20:00; Su off,,False,,,,
w80940709,Company Bagh,park,28.658797,77.2276341,,,,False,,,,
w80950088,Safdarjung's Tomb,park,28.5895758,77.2108004,,,,False,,,,
w81352211,India Africa Friendship Rose Garden,park,28.5879341,77.1849542,,,,False,,,,
w81352246,Singapore Park,park,28.5883989,77.1803228,,,,False,,,,
w86485341,Barah Khamba,monument,28.5528003,77.2021718,,,,False,,,,
w86485342,Chhoti Gumti,monument,28.5532276,77.2018506,,,,False,,,,
w86485344,Sakri Gumti,monument,28.5533691,77.2013064,,,,False,,,,
w88213599,Feroz Shah Tughlaq's Tomb,monument,28.5530195,77.1934453,,,,False,,,,
w89583596,Jamali Kamali Mosque,place_of_worship,28.5194517,77.187199,,,,False,,,,
w89583599,Tomb Of Balban,monument,28.519675,77.1887862,,,,False,,,,
w89583601,Jamali Kamali Tomb Precinct,monument,28.5198048,77.1872786,,,,False,,,,
w89583607,Mehrauli Archaeological Park,archaeological_site,28.5212034,77.1858796,,,,False,,,,
w89808628,Rock Garden,park,28.5312209,77.2461097,,,,False,,,,
w89814375,S Block Park,park,28.5315597,77.2419792,,,,False,,,,
w89955796,Mela ground,park,28.5374766,77.252111,,,,False,,,,
w89955822,Durga Puja Ground,park,28.5401024,77.2449742,,,,False,,,,
w96679852,Wall Mosque,monument,28.5400559,77.2135066,,,,False,,,,
w96679853,Lal Gumbad Entry Gate,monument,28.5400954,77.2140707,,,,False,,,,
w96679854,Lal Gumbad,memorial,28.5400937,77.2136689,,,,False,,,,
w96679975,Hazar Ustun (Hall of Thousand Columns),attraction,28.5412049,77.2060512,,,,False,,,,
w96679976,Ruins of Palatial Section of Jahanpanah,attraction,28.5406691,77.2060003,,,,False,,,,
w97228608,Adham Khan's Tomb,monument,28.5230657,77.1819597,,,,False,,,,
w97230893,Kotla Firoz Shah Ruins,attraction,28.6352709,77.2443314,,Sunrise - Sunset,,False,,,,
w102684251,Tughlakabad Fort,attraction,28.513965,77.2599641,,24/7,,False,,,,
w102803931,Begumpur Mosque,monument,28.5392113,77.2064821,,,,False,,,,
w103505909,Nizamuddin Dargah,place_of_worship,28.5913795,77.2419763,,,,False,,,,
w103505910,Chausath Khamba,monument,28.5911964,77.2430416,,,,False,,,,
w103602249,Safdarjung's Tomb,attraction,28.5892366,77.2106025,,,,False,,,,
w103850013,"William Fraser's Bungalow/Office of CAO, Northern Railway",attraction,28.6669983,77.2324026,,,,False,,,,
w116648146,E block Basket Ball park,park,28.5506936,77.2415025,,,,False,,,,
w127647573,Tikona Park,park,28.6628959,77.2845417,,,,False,,,,
w128057732,Ramlila Maidan,park,28.6667534,77.286454,,,,False,,,,
w128836890,Sultan Garhi Tomb,place_of_worship,28.5334024,77.1370539,,10:00-18:00,,False,,,,
w132084114,Char Bagh Najaf Khan Tomb,park,28.5808655,77.213536,,,,False,,,,
w132085689,Tomb of Najaf Khan,attraction,28.5808697,77.2135668,,,,False,,,,
w154708935,GULMOHAR PARK,park,28.5548841,77.2107248,,,,False,,,,
w155441683,Shalimar Garden,park,28.7078423,77.1896258,,,,False,,,,
w155441684,Naini Lake,attraction,28.7072363,77.1943794,,,,False,,,,
w155442085,Maman Chand Park,park,28.7091752,77.1846897,,,,False,,,,
w155444144,Shri Sanatan Dharm Mandir Park,park,28.7083395,77.1909709,,,,False,,,,
w158036606,Sindhi Park,park,28.6400598,77.1869751,,,,False,,,,
w162249479,G Block Park,park,28.5205465,77.2093622,,,,False,,,,
w163778520,Sabz Burj,monument,28.5931657,77.2436352,,,,False,,,,
w163779658,Shish Gumbad,monument,28.5937613,77.2201933,,,,False,,,,
w164675825,Rajiv Chowk Central Park,attraction,28.6328099,77.2197083,,,,False,,,,
w168873339,Gandhi Smriti,museum,28.6018626,77.2143584,,Tu-Su 10:00-18:00,,False,,,,
w171551666,District Park,park,28.6945386,77.1446957,,,,False,,,,
w171605370,Jheel Park,park,28.6915582,77.1329869,,,,False,,,,
w175804107,Bahubali Park,park,28.6559812,77.3053568,,,,False,,,,
w220385654,Humayun's Tomb,attraction,28.5932862,77.2506455,,,,False,,,,
w220385655,Arab Sarai,attraction,28.5913568,77.2482524,,,,False,,,,
w220385656,Barber's Tomb,attraction,28.5922672,77.2518982,,,,False,,,,
w220693076,Bara Gumbad,monument,28.5930299,77.2203334,,,,False,,,,
w221182451,Janakpur B Block District Park,park,28.6230519,77.0902741,,,,False,,,,
w221183214,Rose Park,park,28.6199089,77.0874615,,,,False,,,,
w221487001,Dilli Haat,attraction,28.6221025,77.0966403,,,,False,,,,
w223456540,Samrat Yantra,monument,28.6270301,77.2166036,,,,False,,,,
w223456559,Jantar Mantar,attraction,28.6270993,77.2165964,,sunrise-sunset,,False,,,,
w223903620,Hammam,monument,28.656807,77.2435124,,,,False,,,,
w225903544,Udham Singh Park,park,28.6297631,77.1146056,,,,False,,,,
w228137190,Jheel Park,park,28.5889342,77.1613183,,,,False,,,,
w231369838,Baldev Raj Mahajan Park,park,28.6469648,77.1766223,,,,False,,,,
w231369851,Chawla Park,park,28.6477569,77.1753308,,,,False,,,,
w231414759,Prasad Nagar Park,park,28.6470848,77.1786409,,,,False,,,,
w231621851,Moth Ki Masjid,attraction,28.5625769,77.2179594,,,,False,,,,
w233262400,Sher Mandal,monument,28.6086583,77.2450597,,,,False,,,,
w237984877,K block park,park,28.5224355,77.211365,,,,False,,,,
w239637985,Thakur Vatika,park,28.5217296,77.2136243,,,,False,,,,
w243370197,Fountain Park,park,28.6702654,77.1505498,,,,False,,,,
w252334020,FX YOUTH,cafe,28.5590421,77.2835112,,,,False,,,,
w254130943,NIL Block Park,park,28.5335421,77.2104442,,,,False,,,,
w254130944,NIL Block Park,park,28.5344247,77.2109587,,,,False,,,,
w258246479,Sheesham Park,park,28.5631927,77.2675768,,,,False,,,,
w258880202,Nagar Van Park,park,28.600099,77.1008893,,,,False,,,,
w259169046,Guru Nanak Dev Park,park,28.6458028,77.1914636,,Mo-Su 05:00-10:00; Mo-Su 17:00-21:30,,False,,,,
w260508111,Sanjay Park,park,28.6309653,77.2811707,,,,False,,,,
w262090090,Priyadarshani Indira Gandhi Park,park,28.5281693,77.2554617,,,,False,,,,
w262662777,District Park,park,28.6657949,77.0985558,,,,False,,,,
w262807181,Maharaja Ranjit Singh Park,park,28.5613825,77.2141474,,,,False,,,,
w262923544,Dhingra Park,park,28.6707807,77.1419313,,,,False,,,,
w263958485,Malabar Garden,park,28.6370739,77.1271916,,,,False,,,,
w264863907,Red Fort,attraction,28.6557242,77.2407427,,,,False,,,,
w264904087,Dilli Chalo Park,park,28.6545104,77.2426514,,,,False,,,,
w264999016,Central Park CA and CD Block,park,28.6262379,77.1052775,,,,False,,,,
w265007636,Bhagwan Shri Parshuram Park,park,28.6240128,77.1098863,,,,False,,,,
w265007638,Doctor Sushila Nayyar Park,park,28.6270286,77.1206397,,,,False,,,,
w265007650,80 SFS Park,park,28.623631,77.1177486,,,,False,,,,
w265008228,Salvage Park,park,28.6150364,77.1099755,,,,False,,,,
w265149999,Shivaji Marg Park Part 1,park,28.6638048,77.1519997,,,,False,,,,
w265150545,Shivaji Marg Park Part 2,park,28.6673306,77.1554489,,,,False,,,,
w265813744,Idgah,attraction,28.6537716,77.2057227,,,,False,,,,
w265813745,Anglo Arabic Public School,attraction,28.6460991,77.2222072,,,,False,,,,
w265818322,Kashmiri Gate,attraction,28.6668088,77.2290091,,,,False,,,,
w265831766,Dariya Khan Lohani's Tomb,monument,28.572249,77.2167008,,,,False,,,,
w266074789,Jasola District Park,park,28.5404579,77.2859442,,,,False,,,,
w266074807,Netaji Subhash Sports Complex,park,28.5390398,77.2907216,,,,False,,,,
w266768779,Purdah Bagh,park,28.6492305,77.240711,,,,False,,,,
w275403147,Shaheed Bhagat Singh Park,park,28.5315059,77.2119103,,,,False,,,,
w276002131,Shri Maa Anandmayee Ashram Park,park,28.5433084,77.2728464,,,,False,,,,
w276480531,Vaishnavi DDA Park & Nursery,park,28.6987165,77.1757689,,,,False,,,,
w277887021,Ramprastha A Block Park,park,28.6583065,77.3208973,,,,False,,,,
w278178774,Hathoda Park,park,28.6866997,77.1570219,,,,False,,,,
w283124994,playfield,park,28.5333825,77.2900279,,,,False,,,,
w283125012,Fountain Park,park,28.5343414,77.2875614,,,,False,,,,
w283907130,DDA Park,park,28.5995189,77.3129055,,,,False,,,,
w283919120,DDA Park,park,28.6011223,77.3213173,,24/7,,False,,,,
w284820492,Sangam Vihar DDA Park,park,28.5106353,77.2444656,,,,False,,,,
w287080566,Ambedkar Park,park,28.6490757,77.303713,,,,False,,,,
w287238610,RBI Park,park,28.5774878,77.192292,,,,False,,,,
w288638352,Central Park,park,28.6877141,77.1549816,,,,False,,,,
w288675631,C8 Fountain Park,park,28.6906076,77.1585581,,,,False,,,,
w289694487,Shaheedi Park,museum,28.6343808,77.2421011,,,,False,,,,
w289747211,Deen Dayal Upadhyay Park,park,28.6336722,77.2314053,,,,False,,,,
w289747212,Deen Dayal Upadhyay Park,park,28.6350275,77.2297028,,,,False,,,,
w289912655,Gandhi Darshan,museum,28.6374318,77.2501061,,,,False,,,,
w290559810,Roshanara Bagh,park,28.6734677,77.199289,,,,False,,,,
w290620874,Coronation Park,park,28.7224741,77.1971138,,,,False,,,,
w291408835,"District Park, Gulabi Bagh",park,28.6770665,77.1852523,,,,False,,,,
w291408836,DDA Park,park,28.6754862,77.1731176,,,,False,,,,
w291551229,District park,park,28.6400757,77.1108518,,,,False,,,,
w291554263,Andolan Park,park,28.5409214,77.2217841,,,,False,,,,
w291554264,Triveni DDA Park,park,28.5390627,77.2241781,,,,False,,,,
w292194565,National Gallery of Modern Art,gallery,28.6096405,77.2342364,,Tu-Su 10:00-18:00,,False,,,,
w292988259,Moola Mal Bhatia Park,park,28.6390403,77.1886425,,sunrise-sunset,,False,,,,
w293341382,"DDA ""Plus"" Park",park,28.5960277,77.2970985,,,,False,,,,
w293506266,Ramlila Ground,park,28.6717339,77.296354,,,,False,,,,
w293506274,Indira Park,park,28.6702799,77.2982844,,,,False,,,,
w295462240,Science Park,park,28.5388356,77.1933474,,,,False,,,,
w295818858,MCD Park,park,28.5660301,77.1886912,,,,False,,,,
w296222968,Ashoka Park,park,28.5691188,77.2767437,,,,False,,,,
w297693704,"Central Park, Sector B, Pocket 7, Vasant Kunj",park,28.5265462,77.1566699,,,,False,,,,
w297693706,"Children's Park, Sector B, Pocket 7",park,28.5264559,77.15756,,,,False,,,,
w302531236,Bhonga Park,park,28.6244313,77.2771135,,,,False,,,,
w302531257,Ramleela Ground,park,28.6253913,77.2762901,,,,False,,,,
w302531756,Tikona Park,park,28.6257327,77.2811979,,,,False,,,,
w302532282,Madhuban Park,park,28.6315113,77.2866798,,,,False,,,,
w302532430,D Park MCD Park,park,28.6184696,77.2842828,,,,False,,,,
w302533488,DDA Park,park,28.6277433,77.2754273,,Mar-Sep 05:00-21:30; Oct-Feb 05:30-21:00,,False,,,,
w302534627,Lalita Park,park,28.6321608,77.2714811,,,,False,,,,
w320343167,Char Wala Park,park,28.6470489,77.1590916,,,,False,,,,
w320348676,Sushila Mohan Park,park,28.6592166,77.2254607,,"Mo-Su 05:00-10:00, 16:00-19:30 ""summer""; Oct-Jan Mo-Su 06:00-10:00, 15:00-18:30 ""winter""",,False,,,,
w320353008,Zafar Mahal,monument,28.657782,77.2426382,,,,False,,,,
w333324254,Netaji Subhash Park,park,28.5357489,77.2534278,,,,False,,,,
w335305068,Jhoola Ground,park,28.6054433,77.2379212,,,,False,,,,
w340381516,Ganga Dhaba,cafe,28.5496314,77.1679008,,10:00-24:00,"Tea,_coffee,_shakes,_banta,_nimbu_pani,_samosa,_bread_roll,_rolls,_etc.",False,,,,
w340387312,Ram Singh's Dhaba,cafe,28.5497474,77.1680952,,17:00-23:00,roti;chawal;dal;sabji;chicken,False,,,,
w340397724,Kwality Wall's,cafe,28.5483576,77.1668802,,,"Tea,_coffee,_momo,_sandwich,_etc.",False,,,,
w340398004,Amul,cafe,28.5484001,77.1668067,,,,False,,,,
w340400594,D 6 Park,park,28.5260861,77.1467924,,,,False,,,,
w341461380,Central Park,park,28.5298806,77.2489926,,,,False,,,,
w341469004,Central Park,park,28.5258033,77.2500781,,,,False,,,,
w341469005,L Shape Park,park,28.5257239,77.2508854,,,,False,,,,
w348257102,Lavonne Cafe,cafe,28.5752062,77.2381252,,Mo-Su 08:30-22:30,pancake;coffee_shop,False,,,,
w348302998,Sundarwala Mahal,attraction,28.5960926,77.2465687,,,,False,,,,
w348304653,Barakhamba's Tomb,attraction,28.5924985,77.2425224,,,,False,,,,
w348482305,Indira Gandhi Memorial,museum,28.599958,77.2062091,,10:00-17:00,,False,,,,
w348991854,IGDTUW Playground,park,28.6645722,77.2328267,,,,False,,,,
w350078483,Brahma's - Taste of Trust,restaurant,28.6517901,77.1290456,,Mo-Su 12:00-23:00,indian;chinese;tandoori,False,,,,
w350543361,ASI Children's Museum,museum,28.5524693,77.2150756,,,,False,,,,
w350581223,Aggarwal Sweet Corner,restaurant,28.6340104,77.11143,,,,False,,,,
w351149089,Bethak Snooker And Cafe,cafe,28.5199792,77.2013995,,,burger;coffee_shop;chinese;sandwich;indian;noodle;fries,False,,,,
w351351693,Bounce Lounge & Bar,restaurant,28.6476926,77.1207682,,,,False,,,,
w351418767,National Gandhi Museum,museum,28.6388114,77.2458521,,Mo-Su 09:30-17:30,,False,,,,
w351427766,Ananda,restaurant,28.6349704,77.1098331,,,,False,,,,
w351427871,Sita Ram Bhojnalya,restaurant,28.6342856,77.1102314,,,,False,,,,
w351610285,desinger cake shop,restaurant,28.6587598,77.2085556,,8.30 to 12.30 mon fri,cake,False,,,,
w351621292,Dolma Aunty Momos and cold coffee,restaurant,28.6821333,77.2066938,,,,False,,,,
w352555276,Plats Restaurant,restaurant,28.5389106,77.212286,,Mo-Sun 12:30 - 11:00PM,european,False,,,,
w357288762,Sita Mata Park,park,28.633897,77.1795719,,,,False,,,,
w358701096,Bio-Tech Lawns,park,28.5451663,77.1935852,,,,False,,,,
w359770137,Jaipur Column,monument,28.6142483,77.201801,,,,False,,,,
w359830366,Prime Minister Museum,museum,28.6026416,77.1987407,,Tu-Su 10:00-18:00; PH closed,,False,,,,
w361709652,India Gate,attraction,28.6129323,77.2294919,,,,False,,,,
w363368225,Pathar Wala Park,park,28.6410848,77.1022844,,,,False,,,,
w368245124,Southy,restaurant,28.5499739,77.2053873,,Mo-Su 08:30-20:00,regional,False,,,,
w369140381,Qutb Minar,monument,28.5244171,77.1854503,,,,False,,,,
w370543234,Qutab Park,park,28.5260191,77.1875369,,,,False,,,,
w370543235,Tara Vala Park,park,28.5257572,77.1890671,,,,False,,,,
w370543749,Sunder Burj,attraction,28.596083,77.2453429,,,,False,,,,
w370547040,Lakkarwala Burj,attraction,28.5979537,77.2439227,,,,False,,,,
w370737760,Prime Chowk,park,28.6090648,77.208658,,,,False,,,,
w370947966,Pandara Road Colony Park,park,28.6047904,77.2288894,,,,False,,,,
w371900315,District Park IP Extension Park,park,28.6270257,77.3109017,,,,False,,,,
w377430871,Saket Park,park,28.5238441,77.2059186,,,,False,,,,
w394590846,Rashtriya Dalit Prerna Sthal and Green Garden,monument,28.5680892,77.3117075,,,,False,,,,
w402325794,Rose Garden,park,28.5756623,77.3065479,,,,False,,,,
w403809790,North Pavilion,attraction,28.5947986,77.2506741,,,,False,,,,
w414336477,The Garden of Five Senses,park,28.5137865,77.1988021,,,,False,,,,
w414777308,Nehru Park,park,28.6338301,77.1815224,,,,False,,,,
w415208849,Walking Track and Park,park,28.5170356,77.1622451,,,,False,,,,
w424232709,Panchshila Park,park,28.5420793,77.2149158,,,,False,,,,
w427196482,Vishnu Garden,park,28.6364458,77.1755332,,,,False,,,,
w432827727,D1 Janakpuri Park,park,28.6117316,77.1052248,,,,False,,,,
w437448251,Jhandewalan Extension Park,park,28.6455563,77.2022008,,,,False,,,,
w454514563,Kangroo Park,park,28.5537067,77.2680459,,,,False,,,,
w458345917,Begumpur Park,park,28.5385773,77.2094389,,,,False,,,,
w464253914,Khooni Darwaza,attraction,28.6359942,77.2410157,,,,False,,,,
w464253915,Lok Nayak Jaya Prakash Narayan Memorial Park,park,28.635885,77.2422874,,,,False,,,,
w464312287,Punjabi Dhaba,restaurant,28.667872,77.2302267,,,,False,,,,
w469326987,Hauz Khas Apartments park,park,28.5539746,77.2069977,,,,False,,,,
w469327594,Hauz Khas Market park,park,28.5515244,77.207646,,,,False,,,,
w469510328,Fulwari Park,park,28.7054435,77.1707117,,,,False,,,,
w470210367,Nanak Park,park,28.7066794,77.171016,,,,False,,,,
w470210368,Chatri Wala Park,park,28.7066675,77.1717551,,,,False,,,,
w470211702,Jhule Wala Park,park,28.7067201,77.1725087,,,,False,,,,
w470211705,Train Park,park,28.7071929,77.1729003,,,,False,,,,
w470225063,Shamshi park,park,28.5139319,77.1779562,,,,False,,,,
w470226662,Picnic hut Ground,park,28.5118753,77.1818041,,,,False,,,,
w471698541,Banjar Park,park,28.6305899,77.2878034,,,,False,,,,
w471698542,Madhuban Park 2,park,28.6323418,77.2885521,,,,False,,,,
w471698544,Jhoole wala park,park,28.6311811,77.288154,,,,False,,,,
w471698545,"C-Block Park, Preet Vihar",park,28.6360793,77.2911916,,,,False,,,,
w471702108,Sanatam Dharam Mandir park,park,28.63302,77.2864757,,,,False,,,,
w471779333,Madhuban Park 3,park,28.6316288,77.2895711,,,,False,,,,
w471781815,Mahavir Swami Park,park,28.6401003,77.2969019,,,,False,,,,
w471782134,Mother Teresa School Park,park,28.6372195,77.2914014,,,,False,,,,
w471782757,Nirman Vihar Park,park,28.6346089,77.2874783,,,,False,,,,
w472154890,Sukun Park,park,28.5698328,77.2308446,,,,False,,,,
w473613240,DDA Park,park,28.6297966,77.3112533,,,,False,,,,
w473647188,Ratan Wala Park,park,28.6993725,77.1938091,,,,False,,,,
w473648307,3rd of February Park,park,28.6853524,77.1868836,,,,False,,,,
w476004361,Ala'i Darwaza,monument,28.5242243,77.1856849,,,,False,,,,
w479651141,Preet Vihar A block Park 1,park,28.6322739,77.2903918,,,,False,,,,
w479651142,Preet Vihar Park 2,park,28.633204,77.2904563,,,,False,,,,
w479651143,Preet Vihar A block Park 3,park,28.6330168,77.2913918,,,,False,,,,
w479651144,Preet Vihar B block Park,park,28.6356132,77.2931031,,,,False,,,,
w479651147,Park in D Block preet vihar,park,28.6371866,77.2951246,,,,False,,,,
w479651148,Park 2 D block,park,28.6380703,77.2958585,,,,False,,,,
w479651149,Park 3 D block,park,28.63751,77.2955265,,,,False,,,,
w479651154,Swasthya Vihar Park,park,28.6396118,77.2903626,,,,False,,,,
w479651155,Swasth Vihar Park 2,park,28.6415633,77.2887316,,,,False,,,,
w479658972,Aastha Kunj,park,28.5547369,77.2557076,,,,False,,,,
w479830744,Library Canteen,restaurant,28.540632,77.169212,,,,False,,,,
w480075079,Naveen Shahdara Park,park,28.6812564,77.2784594,,,,False,,,,
w480076948,Jheel Park,park,28.6751098,77.2777223,,,,False,,,,
w485053607,Palika Park,park,28.6307053,77.2188393,,,,False,,,,
w485053609,National Charkha Museum,museum,28.6313017,77.2178866,,10:00-21:00,,False,,,,
w485540372,Sanjay Park,park,28.5798933,77.207648,,,,False,,,,
w486702889,Commonwealth Games Park,park,28.5802761,77.1907627,,,,False,,,,
w487678060,A Block Park,park,28.7120796,77.2206868,,,,False,,,,
w487680014,B Block Park,park,28.7112544,77.21987,,,,False,,,,
w487680015,"Small Park, B Block",park,28.7107515,77.220559,,,,False,,,,
w487680016,Central Park,park,28.710879,77.2213659,,,,False,,,,
w499889060,Baba Baghel Sikh Museum,museum,28.6259821,77.209032,,,,False,,,,
w500403267,Bank Enclave Playground,park,28.6418649,77.2716508,,,,False,,,,
w500403674,Bank Enclave Park,park,28.6406378,77.2725567,,,,False,,,,
w500413797,Ram Yantra,monument,28.6265541,77.2165507,,,,False,,,,
w500413800,Ram Yantra,monument,28.6262972,77.2165371,,,,False,,,,
w503980550,Ramlila Park,park,28.6176033,77.2859211,,,,False,,,,
w503980552,J-Park,park,28.6184489,77.2818556,,,,False,,,,
w504043105,Sanjay Lake Park,park,28.6168339,77.2995894,,"Mo-Su 05:00-21:00 ""summer""; Oct-Jan Mo-Su 06:00-19:00 ""winter""",,False,,,,
w507155032,Kailash Colony Park,park,28.5533705,77.2416262,,,,False,,,,
w510048484,Tomb Premesis,monument,28.673666,77.2002752,,,,False,,,,
w511713122,central park,park,28.5875465,77.3045723,,,,False,,,,
w532898622,Children's Park,park,28.5750426,77.0964674,,,,False,,,,
w533569844,Ajay Ahuja Park,park,28.5857046,77.2308595,,,,False,,,,
w537705564,DDA Park,park,28.6362207,77.301061,,,,False,,,,
w537705786,Railway Park,park,28.6381261,77.2999806,,,,False,,,,
w538065799,Maharaj Surajmal College Canteen,restaurant,28.6212534,77.0929223,,Mo-Sa 08:30-17:00,burger;chinese;coffee_shop;sandwich;ice_cream;indian,False,,,,
w542448515,R-block park,park,28.5469415,77.2423071,,,,False,,,,
w544368137,Master Block Park,park,28.6320459,77.2851056,,,,False,,,,
w544454194,Family Park,park,28.5614777,77.2414514,,,,False,,,,
w544708860,Rock Garden,park,28.6492315,77.1692417,,,,False,,,,
w545417424,RPS Sheikh Sarai Park,park,28.5377124,77.2203408,,,,False,,,,
w545417429,SFS Category 1 Flats Park,park,28.5385016,77.2176223,,,,False,,,,
w546276393,Central Park Playground,park,28.5875785,77.3042596,,,,False,,,,
w547679447,C-6 Vasant Kunj Park,park,28.5370482,77.1467197,,,,False,,,,
w547679448,Central Park C-6,park,28.5367425,77.1454071,,,,False,,,,
w547679449,Back Park C-6,park,28.5362315,77.146288,,,,False,,,,
w553845693,Talkatora Gardens,park,28.6238942,77.1942736,,,,False,,,,
w555438038,Rock Garden,park,28.5695721,77.167361,,,,False,,,,
w558832166,Tikona Park,park,28.6459546,77.195532,,,,False,,,,
w570745079,Veer Savarkar Park,park,28.5841219,77.2232772,,,,False,,,,
w583556646,DDA Park,park,28.5213183,77.2037586,,,,False,,,,
w584472903,Mata Shanti Sevani Park,park,28.5366231,77.2116578,,,,False,,,,
w585585500,Mayurdhwaj Centre Park,park,28.6325089,77.302601,,,,False,,,,
w585585501,Fountain Park,park,28.6319843,77.302829,,,,False,,,,
w585585502,Mandir Park,park,28.632328,77.3034562,,,,False,,,,
w585589000,DDA Park,park,28.6331549,77.3019453,,,,False,,,,
w586013166,Nandan Van,park,28.559604,77.2317612,,,,False,,,,
w610486624,Rajendra Park,park,28.6407307,77.177227,,,,False,,,,
w619847480,Badminton park,park,28.5616383,77.1894365,,,,False,,,,
w619849573,Ram park,park,28.5617637,77.1903641,,,,False,,,,
w623402192,RK Khanna Tennis Park,park,28.5584491,77.1878948,,,,False,,,,
w626619157,Azad Park,park,28.7004987,77.2061769,,,,False,,,,
w628961520,Vice Chancellor's Lawn,park,28.6896343,77.2122658,,,,False,,,,
w631913270,Satpula Lake Park DSA,park,28.5334826,77.2225335,,,,False,,,,
w632857882,Azim Khan's Tomb,monument,28.5217775,77.1905415,,,,False,,,,
w632857886,Qila Rai Pithora,fort,28.5194345,77.1947238,,,,False,,,,
w633000292,Children's Park,park,28.5232378,77.1978139,,,,False,,,,
w633000296,Rai Pithora Cultural Complex,park,28.5276656,77.2024981,,,,False,,,,
w633941333,Jagriti Park,park,28.6268649,77.3068077,,,,False,,,,
w637962999,azad park,park,28.6676715,77.1928809,,,,False,,,,
w637963022,Mahavir Park,park,28.6688969,77.1852124,,,,False,,,,
w637963025,green space,park,28.666656,77.1919129,,,,False,,,,
w637964008,central park,park,28.6712663,77.18985,,,,False,,,,
w637964009,shri ram park,park,28.6732919,77.1911955,,,,False,,,,
w637964010,shri krishna park,park,28.6725661,77.1930445,,,,False,,,,
w645626916,Jhulewala Park,park,28.5901154,77.2489426,,,,False,,,,
w648000204,Rail cafeteria,restaurant,28.5851937,77.1808155,,,,False,,,,
w651655601,District Park Nanakpura,park,28.5838316,77.1708038,,,,False,,,,
w651977789,Lala Lajpat Rai Memorial Park,park,28.5699203,77.2484707,,,,False,,,,
w651977790,Shri Shrinivas Gupta Park,park,28.5690605,77.2474614,,,,False,,,,
w653702731,DDA Park,park,28.6299775,77.2875418,,,,False,,,,
w653705098,Park behind V3S Mall,park,28.6382871,77.2862925,,,,False,,,,
w655594773,panchvati park,park,28.6890693,77.2705513,,,,False,,,,
w655594774,green field,park,28.6897366,77.2782054,,,,False,,,,
w655594775,arjun park,park,28.6912076,77.2727819,,,,False,,,,
w655594776,radha krishna park,park,28.6925739,77.2718592,,,,False,,,,
w655594777,ram park,park,28.6903699,77.2703634,,,,False,,,,
w655594778,chowki wala park,park,28.6974647,77.2730116,,,,False,,,,
w655594779,shaheed bhagat singh park,park,28.6987489,77.2731457,,,,False,,,,
w655594780,dda park,park,28.6978334,77.2689448,,,,False,,,,
w655594782,shyam park,park,28.6988145,77.2684663,,,,False,,,,
w655594783,jungle jalebi park,park,28.6975455,77.2760617,,,,False,,,,
w655594784,hanuman vatika,park,28.6982466,77.278919,,,,False,,,,
w655594785,mahila park,park,28.6994282,77.2785472,,,,False,,,,
w655594786,maharana pratap park,park,28.7015407,77.2778603,,,,False,,,,
w655602858,agarsen park,park,28.701002,77.2689387,,,,False,,,,
w655602859,B-4 park,park,28.6999977,77.2665602,,,,False,,,,
w655602860,quarter park,park,28.7005487,77.2642778,,,,False,,,,
w655602861,DDA park,park,28.6994839,77.2652213,,,,False,,,,
w655602863,durga park,park,28.7009023,77.2654598,,,,False,,,,
w655602865,public park,park,28.6991182,77.2774807,,,,False,,,,
w655602867,public park,park,28.6999354,77.2778505,,,,False,,,,
w655602870,park,park,28.6983957,77.2777085,,,,False,,,,
w655605880,dda pak,park,28.6824383,77.2739069,,,,False,,,,
w655605881,ram park,park,28.6817792,77.2791845,,,,False,,,,
w655605882,Mahaveer Park,park,28.6826577,77.2792494,,,,False,,,,
w655605883,Tikona Park,park,28.6839443,77.2785962,,,,False,,,,
w655856326,public garden,park,28.6896881,77.2713795,,,,False,,,,
w655856327,DDA park,park,28.6925086,77.2676107,,,,False,,,,
w655856331,public park,park,28.6996178,77.2737156,,,,False,,,,
w655856337,green belt,park,28.7020995,77.2779076,,,,False,,,,
w655856338,green belt,park,28.7027791,77.269445,,,,False,,,,
w655859166,sahab singh park,park,28.6970472,77.2747361,,,,False,,,,
w656792169,Nadiya Park,park,28.6806901,77.2606947,,,,False,,,,
w656792171,DDA park,park,28.6764024,77.260916,,,,False,,,,
w656794237,Parsuram Park,park,28.6782566,77.2820172,,,,False,,,,
w660438496,Chirag Delhi Park,park,28.5383341,77.2311723,,,,False,,,,
w660683718,tikona park,park,28.6990593,77.2672754,,,,False,,,,
w660683721,rajesh pilot park,park,28.6987612,77.2827195,,,,False,,,,
w660683730,Chitragupt Park,park,28.7006316,77.283299,,24/7,,False,,,,
w661138687,BRICS Friendship Rose Garden,park,28.5873076,77.1864048,,,,False,,,,
w662185755,Buddha Jayanti Park,park,28.601038,77.0865851,,,,False,,,,
w662185760,Shahid Bhagat Singh Park,park,28.5955992,77.0904999,,,,False,,,,
w662185761,Shahid Bhagat Singh Park,park,28.5946513,77.0890957,,,,False,,,,
w662311116,Tikona Park,park,28.626407,77.3040783,,,,False,,,,
w665150686,Ambedkar Park,park,28.641083,77.1751926,,,,False,,,,
w665150687,Pusa Harit Kranti Park,park,28.6412228,77.1743108,,,,False,,,,
w665856874,Children Park,park,28.6673202,77.3142461,,,,False,,,,
w666241562,d-shape park,park,28.6693039,77.315113,,,,False,,,,
w666241566,jhilmil deer park,park,28.6687652,77.3134209,,,,False,,,,
w668744462,Major Som Nath Sharma Memorial Park,park,28.572259,77.1743455,,,,False,,,,
w668944937,vertical park,park,28.6685235,77.3157289,,,,False,,,,
w668944944,shiv vatika,park,28.6658644,77.3174283,,,,False,,,,
w669476767,Green Strip Sarvapriya Vihar,park,28.5424399,77.2085305,,Mo-Su 05:00-20:00,,False,,,,
w671764567,Train Park,park,28.7075611,77.1725663,,,,False,,,,
w675369087,Vijay Mandal Park,park,28.5333701,77.2056669,,,,False,,,,
w675418564,West Jyoti Colony Park,park,28.6914687,77.2901572,,24/7,,False,,,,
w675421539,Prem Chopra Park,park,28.6838827,77.2881376,,24/7,,False,,,,
w675422001,Shivaji Park,park,28.6823072,77.2864397,,24/7,,False,,,,
w676190190,Palm Trees Park in L Block Lajoat Nagar 3,park,28.5661609,77.2433842,,24/7,,False,,,,
w676725248,Tikona Park,park,28.6792183,77.2918223,,24/7,,False,,,,
w676726112,Ram Park,park,28.6922987,77.2931622,,,,False,,,,
w677803651,Lt Puneet Nath Datt Park,park,28.5747198,77.2371016,,,,False,,,,
w681333344,Kamla Nehru Park,park,28.679393,77.2873949,,,,False,,,,
w682996482,Extension Park,park,28.6663442,77.1199966,,,,False,,,,
w682997226,Mandir Park,park,28.6659587,77.1210409,,24/7,,False,,,,
w683766469,Haji Abbas Park,park,28.5283091,77.2090796,,,,False,,,,
w683976620,shri ram vatika,park,28.7002291,77.2685276,,,,False,,,,
w683976623,madhav park,park,28.6998034,77.2685789,,,,False,,,,
w684362956,MCD PARK,park,28.6835526,77.2785791,,,,False,,,,
w684362958,DDA Park,park,28.6808701,77.2934836,,,,False,,,,
w684362963,Sri Ram Park,park,28.6797934,77.2947272,,,,False,,,,
w684362965,Mansarovar Park,park,28.6777168,77.2984869,,,,False,,,,
w684737741,Fountain Park,park,28.6829337,77.2811119,,,,False,,,,
w685406624,Ramlila Maidan,park,28.6919514,77.2892131,,,,False,,,,
w685642586,Publi Park in J Block Lajpat Nagar 3,park,28.5660554,77.2422969,,,,False,,,,
w685855130,Park No 2,park,28.6457375,77.1661334,,24/7,,False,,,,
w685855760,Park No 1,park,28.6463672,77.1650764,,24/7,,False,,,,
w685855823,Park No 3,park,28.6451446,77.1671774,,24/7,,False,,,,
w685856755,Park No 4,park,28.6466876,77.1645114,,24/7,,False,,,,
w685857771,park No 6,park,28.645547,77.1650243,,24/7,,False,,,,
w686008492,Chaudhary Harbansh Singh Park,park,28.6489404,77.1582962,,,,False,,,,
w686008493,People Park,park,28.6494028,77.159313,,24/7,,False,,,,
w689315129,Public Park in I Block Lajpat Nagar 3,park,28.5669537,77.2421183,,,,False,,,,
w690916372,DDA Park,park,28.6401844,77.2747585,,,,False,,,,
w691049133,Tikona Park,park,28.6756517,77.2850653,,,,False,,,,
w691049148,Chhatri Wala Park,park,28.6770006,77.283375,,,,False,,,,
w691050189,EDMC Park,park,28.6715198,77.2660573,,,,False,,,,
w691457563,Shivpuri Park,park,28.6504817,77.277788,,,,False,,,,
w691621240,Bhama Shah Park,park,28.523529,77.2359368,,"Mo-Su 05:00-09:30, 17:00-20:30",,False,,,,
w691981711,Gagan Vihar Garden,park,28.6448231,77.2916323,,,,False,,,,
w692238589,Pushpanjali Tikona Park,park,28.6548524,77.308125,,,,False,,,,
w692238591,Shyam Enclave Park,park,28.6542914,77.3052835,,,,False,,,,
w697101341,Children's Park,park,28.6109574,77.2309589,,Su-Sa 09:30-17:30,,False,,,,
w698045394,Mother's Park,park,28.5668974,77.2671533,,,,False,,,,
w698067308,Friends Colony East Park,park,28.5634522,77.2668207,,,,False,,,,
w698251999,Raja Ram Tundelkar Ji Park,park,28.5374796,77.2779094,,24/7,,False,,,,
w698892682,Shahi Burj,monument,28.6584959,77.2437233,,,,False,,,,
w699175182,Chandrashekhar Azad Park,park,28.6816328,77.2916307,,,,False,,,,
w699377829,Gumbad Park,park,28.5233463,77.1920536,,,,False,,,,
w699609065,VIP Park,park,28.6183088,77.2382595,,,,False,,,,
w700293873,Mandi House Gol Chakkar Park,park,28.6256945,77.2319456,,,,False,,,,
w700293882,Bengali Market Park,park,28.6309649,77.2301092,,,,False,,,,
w700305761,RWA Central Park,park,28.6291003,77.2035486,,,,False,,,,
w700310538,BK Ganjoo Memorial Park,park,28.6313583,77.2016518,,,,False,,,,
w700787128,Pipal Park,park,28.5711146,77.2297629,,,,False,,,,
w700789010,Central Park,park,28.5729905,77.2636728,,,,False,,,,
w704129790,Vishwakarma Park,park,28.6393062,77.2711057,,,,False,,,,
w704131535,Bhagat Singh Park,park,28.646906,77.2752893,,,,False,,,,
w704826445,Saidulajaib Samudayik Park,park,28.5144059,77.1999388,,,,False,,,,
w705238566,DDA Park,park,28.6476282,77.3041812,,,,False,,,,
w706122277,Sardar Patel Park,park,28.6559064,77.2962156,,,,False,,,,
w706422923,B Block Surajmal Vihar Park,park,28.6614969,77.3068853,,,,False,,,,
w706422926,Maharaja Surajmal Park,park,28.6639338,77.3019688,,,,False,,,,
w707532310,Peepal Park,park,28.5657509,77.2220751,,24/7,,False,,,,
w707532653,police colony park,park,28.563691,77.2231534,,24/7,,False,,,,
w707596728,Lala Murlidhar Kawad Park,park,28.6696509,77.2635758,,,,False,,,,
w707860003,Ankur Park,park,28.6974652,77.2057699,,,,False,,,,
w712427335,children park,park,28.5642563,77.2216863,,24/7,,False,,,,
w712427900,R-Block park,park,28.5637249,77.2211698,,Mo-Sa 08:00-20:00,,False,,,,
w712428150,park near mother dairy,park,28.5651421,77.2229013,,24/7,,False,,,,
w712428203,trikona park,park,28.5628676,77.2210934,,sunrise-sunset,,False,,,,
w712524973,Poker Park,park,28.6060393,77.2958975,,,,False,,,,
w714495782,Thyagaraj Park,park,28.5778234,77.2152528,,,,False,,,,
w720894879,Mata Maharani Park,park,28.6478184,77.1587803,,,,False,,,,
w722443709,Shri Satpal Harjai Park,park,28.5693112,77.2402269,,,,False,,,,
w722443721,South Delhi Municipal Corporation Children Park,park,28.5684513,77.2445849,,,,False,,,,
w724090897,Ansal Plaza Park,park,28.5621407,77.2262171,,,,False,,,,
w729487043,Maa Yogmaya Park,park,28.5220186,77.1827258,,,,False,,,,
w731905016,Munirka Village Park,park,28.5585785,77.1721739,,,,False,,,,
w737103754,Delhi 1939-1945 War Memorial,memorial,28.6162422,77.1454507,,,,False,,,,
w737851812,police colony park,park,28.5633668,77.2229027,,24/7,,False,,,,
w737853713,Sadiq Nagar Park,park,28.5571199,77.2270471,,24/7,,False,,,,
w751275343,Doctor Shyama Prasad Mukherjee Park,park,28.7042667,77.1920325,,,,False,,,,
w754228642,MCD Children park,park,28.6840969,77.2806974,,,,False,,,,
w757780202,Park in I block Lajpat Nagar 3,park,28.5669041,77.2413662,,,,False,,,,
w757781801,MCD park,park,28.5668208,77.2403264,,,,False,,,,
w757785915,Trees Park,park,28.5669123,77.2390313,,,,False,,,,
w758376519,Babu Lal Chowk,park,28.5555709,77.1715304,,,,False,,,,
w758379945,Chaupal Chowk,park,28.5454285,77.1295672,,,,False,,,,
w761311234,Keshav Park,park,28.5768885,77.1955698,,,,False,,,,
w761486222,Shaheed Sukhdev Singh Park,park,28.5307795,77.2120573,,,,False,,,,
w761486223,Rajguru Park,park,28.530704,77.2112872,,,,False,,,,
w761674565,Children's Park,park,28.5530692,77.2453623,,,,False,,,,
w763033096,AIIMS Quadrangle,park,28.5663776,77.2137214,,,,False,,,,
w765443309,Gandhi Park,park,28.529386,77.2141561,,,,False,,,,
w772645997,DDA Park,park,28.5585696,77.2536627,,,,False,,,,
w772645998,b block park,park,28.5605341,77.2551655,,,,False,,,,
w772645999,c block park 2,park,28.5611619,77.2576768,,,,False,,,,
w772646000,c block park 1,park,28.5604265,77.2582324,,,,False,,,,
w772646002,chakki wala park,park,28.5610898,77.2590157,,,,False,,,,
w772646004,ghodan park,park,28.5589368,77.2586106,,,,False,,,,
w772646005,c block park 3,park,28.5594692,77.2576439,,,,False,,,,
w772646006,Ashokan Edict,park,28.5584429,77.25655,,,,False,,,,
w772646008,DDA Park 2,park,28.5586276,77.2526648,,,,False,,,,
w772646009,Sant nagar park,park,28.555253,77.2501369,,,,False,,,,
w772646011,D Block Park,park,28.5570468,77.2473033,,,,False,,,,
w772646012,eok park,park,28.5593654,77.2536182,,,,False,,,,
w775789715,b block park 2,park,28.5611706,77.2558265,,,,False,,,,
w775789717,a block park,park,28.5611042,77.2525824,,,,False,,,,
w775789718,a block park 2,park,28.5612413,77.2532229,,,,False,,,,
w783852275,Sapna Park,park,28.5595578,77.2453017,,,,False,,,,
w783852276,A block Park,park,28.5509876,77.2447604,,,,False,,,,
w790002600,Vasant Kunj Sec A Children Park,park,28.5121414,77.1684123,,Mo-Su 05:00-21:30,,False,,,,
w791637878,Park,park,28.6969353,77.2281756,,,,False,,,,
w814095084,Central Park,park,28.626974,77.1048541,,,,False,,,,
w814132782,DDA Park,park,28.6317308,77.0887493,,,,False,,,,
w814132784,Central Park B1,park,28.6290707,77.08975,,,,False,,,,
w814132785,B3A Park,park,28.6264758,77.0899969,,,,False,,,,
w814132786,B1B Park,park,28.6263859,77.0871552,,,,False,,,,
w814132787,B1C Park,park,28.6259104,77.0866744,,,,False,,,,
w814141213,CD Block Park,park,28.6251553,77.105266,,,,False,,,,
w814141214,CD Block Inner Park,park,28.6256014,77.1052339,,,,False,,,,
w814141215,CB Block Park,park,28.626974,77.1071104,,,,False,,,,
w814141216,CB Block Park,park,28.626948,77.1079697,,,,False,,,,
w815141797,Community park,park,28.5751283,77.1712424,,,,False,,,,
w815676275,"Yamun Park, DJB Wazirabad",park,28.7134748,77.2289032,,,,False,,,,
w815676536,Park no 2,park,28.7143057,77.229104,,,,False,,,,
w815676569,Small park,park,28.7144092,77.2296006,,,,False,,,,
w815677767,"Park No 3, Wazirabad",park,28.7139976,77.2299385,,,,False,,,,
w815678058,Park at Wazirabad,park,28.713026,77.2292157,,,,False,,,,
w817263347,Herbal Garden,park,28.6676287,77.1344511,,,,False,,,,
w817528616,Park NA-NE Block,park,28.6563899,77.1032685,,,,False,,,,
w817528620,RGA FLAT POCKET-A DDA PARK RAGHUBIR NAGAR,park,28.6562539,77.1070664,,,,False,,,,
w817534195,Block 7 Park,park,28.6406937,77.1025065,,,,False,,,,
w817913102,Park  Z-Type,park,28.6995637,77.219147,,24/7,,False,,,,
w818062064,G Block Park,park,28.5343629,77.2520167,,,,False,,,,
w818074719,Malviya Nagar Park,park,28.5364207,77.2153695,,,,False,,,,
w818074720,Tikona Park,attraction,28.5359866,77.2160897,,,,False,,,,
w818074727,Shivalik DDA Park,park,28.5361757,77.2056504,,,,False,,,,
w818074729,Sarvodaya Enclave Park,park,28.5353298,77.2016205,,,,False,,,,
w818074730,Central Park,park,28.5375651,77.2017434,,,,False,,,,
w818074737,Butterfly Park,park,28.5212358,77.1986927,,,,False,,,,
w818318800,Birla Mill District Park,park,28.6774225,77.1981634,,Mo-Su 05:00-20:00,,False,,,,
w818318810,Legha Park,park,28.6860618,77.2017965,,,,False,,,,
w818709474,Qutub Minar Complex,attraction,28.52478,77.1858848,,,,False,,,,
w818709476,Rose Garden,park,28.5221498,77.1885053,,,,False,,,,
w818723409,A Block SFS Flats,park,28.5243822,77.2030874,,,,False,,,,
w818723426,Hanuman Park,park,28.5368556,77.2310648,,,,False,,,,
w818723430,Justice Park,park,28.5664905,77.2378823,,,,False,,,,
w818723431,Sri Ramsharanam Park,park,28.56719,77.2369983,,,,False,,,,
w819046412,"Community Park, RK Puram Sector-1",park,28.5609118,77.1818516,,,,False,,,,
w819046413,Tomb of Bijri Khan,attraction,28.5586148,77.1817524,,,,False,,,,
w819046430,Durga Puja park,park,28.5747595,77.23197,,,,False,,,,
w819419202,Ganga Park,park,28.5561024,77.2426664,,,,False,,,,
w819419205,Saraswati Park,park,28.5579074,77.2437403,,,,False,,,,
w819419208,Triveni Park,park,28.5574654,77.2413168,,,,False,,,,
w819419209,Yamuna Park,park,28.5574188,77.2426449,,,,False,,,,
w819779914,Shiv Mandir Square Park,park,28.6401107,77.2998672,,,,False,,,,
w827127826,Mother Teresa Park,park,28.6411169,77.2734664,,,,False,,,,
w829033456,Triangle park,park,28.5889458,77.316372,,24/7,,False,,,,
w829057771,Mhila Park,park,28.5897398,77.3177743,,24/7,,False,,,,
w832486417,SADBHAVNA PARK,park,28.5599741,77.2105831,,,,False,,,,
w839844477,National War Memorial,memorial,28.6127561,77.2330444,,,,False,,,,
w845698510,"I Block Park, Chittaranjan Park",park,28.5381157,77.2499997,,,,False,,,,
w851773077,Kohli Vatika,park,28.6584217,77.190396,,,,False,,,,
w870335665,Manas Appartments-Kala Vihar DDA Park,park,28.5987566,77.2937952,,,,False,,,,
w870335666,Parwana Apartments Park,park,28.5996709,77.2927264,,,,False,,,,
w871371885,Nagpal chole bature,restaurant,28.563445,77.2407669,,,indian,True,,,,
w873021766,Anand Lok DDA Park,park,28.6063823,77.290675,,,,False,,,,
w873021769,Hindustan Times Apartments,park,28.6065996,77.2901562,,,,False,,,,
w895122216,National Handicrafts Museum,museum,28.6138563,77.2422297,,,,False,,,,
w902789793,"B-3, Community Park",park,28.5240116,77.1651964,,,,False,,,,
w910889839,B-4 Jogging Track and Park,park,28.5235578,77.1657612,,,,False,,,,
w910890073,Small Park/ Cricket Strip,park,28.5234137,77.1646962,,,,False,,,,
w921366084,Doctor Sushila Nayyar Park,park,28.624114,77.1220437,,,,False,,,,
w924895165,Fateh Nagar Public Park,park,28.6328574,77.1023793,,24/7,,False,,,,
w925625627,"Block -40, R.W.A. Park",park,28.6764062,77.1993695,,24/7,,False,,,,
w925955182,Children's (Chaudhary) park,park,28.5144434,77.1683101,,24/7,,False,,,,
w926335536,Mandir Park,park,28.5136868,77.1689307,,24/7,,False,,,,
w926341622,Meeting Point Park,park,28.5141065,77.1675101,,24/7,,False,,,,
w926341624,R.W.A Park,park,28.5132513,77.1677504,,24/7,,False,,,,
w926382758,Tara Shastri Chowk Park,park,28.6772864,77.1963679,,24/7,,False,,,,
w933891452,Gazebo Park,park,28.5128428,77.1677386,,24/7,,False,,,,
w945692715,Picnic Park,park,28.5142039,77.1666149,,24/7,,False,,,,
w956235447,Kala Burger wala,restaurant,28.6379385,77.1136892,,,,False,,,,
w956235452,Aggarwal Sweet Corner,restaurant,28.6341783,77.1111791,,,,False,,,,
w956488922,Ramleela Ground,park,28.634728,77.1175049,,,,False,,,,
w956505987,Chatri wala park,park,28.6368929,77.1088495,,,,False,,,,
w956505988,Shah Park,park,28.6355559,77.1098702,,,,False,,,,
w956505989,Maitri Park,park,28.6344248,77.1099158,,,,False,,,,
w956505990,Hari Nagar Park,park,28.6338089,77.1101221,,,,False,,,,
w961029737,Onix Park,park,28.5152731,77.1670443,,24/7,,False,,,,
w961612374,Champa Park,park,28.5129311,77.1661156,,24/7,,False,,,,
w961849428,Hasty Park,park,28.5153053,77.1688513,,Mo-Su 05:30-23:00,,False,,,,
w961855802,Smriti Van,park,28.5164937,77.1702898,,24/7,,False,,,,
w961860257,"Machhli Park , Mehrauli , Ward No 8",park,28.5178437,77.1715116,,24/7,,False,,,,
w961949534,Forest Area,park,28.5135192,77.172528,,,,False,,,,
w962002881,Mango Orchard D.D.A. Park,park,28.5119928,77.1743533,,24/7,,False,,,,
w967271996,Devi Ahilyabai Holker Park,park,28.622544,77.2962696,,,,False,,,,
w970800859,Tikona Park,park,28.6883318,77.1833449,,24/7,,False,,,,
w970800863,Private Park,park,28.6891934,77.1841175,,,,False,,,,
w970800864,Private Park,park,28.6893235,77.1850569,,,,False,,,,
w970800868,Basic Park,park,28.687244,77.1855715,,,,False,,,,
w970800872,Temple Grounds,park,28.6879592,77.1852597,,Mo-Su 10:00-22:00,,False,,,,
w970800873,Basic Park,park,28.6874433,77.1851736,,,,False,,,,
w970804280,Vegetation Park,park,28.6869447,77.1867121,,,,False,,,,
w970834703,Ramlila Ground Ashok Vihar,park,28.685099,77.170631,,,,False,,,,
w970867250,Badminton Park,park,28.6801368,77.1756034,,,,False,,,,
w970867251,Chhatri Wala Park,park,28.6811836,77.176325,,,,False,,,,
w970867252,Teacher's Park,park,28.6789727,77.175371,,,,False,,,,
w970867254,Small Park,park,28.6834909,77.1767999,,,,False,,,,
w970872138,SFS Park,park,28.684079,77.1729515,,,,False,,,,
w970872139,DDA Park,park,28.6850035,77.1729931,,,,False,,,,
w970876931,Nangia Park,park,28.6793993,77.194745,,,,False,,,,
w970876932,Aarush Garg Park,park,28.6772203,77.1895065,,,,False,,,,
w970876934,Uma Park,park,28.6801881,77.1876508,,,,False,,,,
w970883370,Nice Park,park,28.6906024,77.1695667,,,,False,,,,
w973075081,पुराना किला,attraction,28.6093705,77.2441983,,,,False,,,,
w973086049,Ajmeri Gate,attraction,28.646253,77.224004,,,,False,,,,
w973086053,Turkman Gate,attraction,28.6422792,77.2326819,,,,False,,,,
w973086054,Delhi Gate,attraction,28.6411807,77.2405641,,,,False,,,,
w982729135,Childrens Park,park,28.5243167,77.1488782,,24/7,,False,,,,
w987103052,Modi Vatika (Park),park,28.5644709,77.2593658,,24/7,,False,,,,
w991702386,Maharaja Agrasen Park,park,28.6678692,77.2259389,,,,False,,,,
w1015230200,T-Park,park,28.6069323,77.292518,,,,False,,,,
w1016215350,Vasant Vihar District Park,park,28.5576282,77.1662935,,,,False,,,,
w1024427218,Netaji Subhash Chandra Bose's canopy,monument,28.6128408,77.2311367,,,,False,,,,
w1024434128,Amar Jawan Jyoti,memorial,28.6127616,77.2330498,,,,False,,,,
w1024448928,Cenotaph,monument,28.6032514,77.1936683,,,,False,,,,
w1036372983,Waste to Wonders Dinosaur Park,theme_park,28.5916597,77.2564105,,Tu-Su 11:00-23:00,,False,,,,
w1037265987,Doctor Rajendra Prasad Park,park,28.6224587,77.2954634,,,,False,,,,
w1038152735,Tikona Park Okhla,park,28.5587355,77.2855823,,,,False,,,,
w1039497824,EOD Adventure Park,attraction,28.6137385,77.2965965,,,,False,,,,
w1054400338,New Pragatisheel Park,park,28.600921,77.3208305,,,,False,,,,
w1074415658,park,park,28.5447266,77.2702084,,,,False,,,,
w1074445605,Research and Development Block Park,park,28.5442366,77.2715182,,,,False,,,,
w1074445606,park academic block,park,28.5446734,77.2720444,,,,False,,,,
w1085817383,"DDA Park, Mayur Vihar",park,28.6037514,77.2961448,,,,False,,,,
w1086828385,Kharbanda Triangular Park,park,28.5672812,77.2377604,,,,False,,,,
w1086828398,Arjuna Park,park,28.5662643,77.2367755,,,,False,,,,
w1092907236,Municipal Park,park,28.7156958,77.175106,,24/7,,False,,,,
w1092907237,Municipal Park,park,28.7154365,77.1753296,,24/7,,False,,,,
w1097550738,Rakesh Cafeteria,restaurant,28.5482299,77.184329,,,,False,,,,
w1097564988,Cafe Coffee Day,cafe,28.5454911,77.1922355,,,coffee_shop,False,,,,
w1111954278,Police park,park,28.541775,77.2966968,,sunrise-sunset,,False,,,,
w1111954279,Childrens park,park,28.5450413,77.294835,,,,False,,,,
w1116351091,East Kidwai Nagar - Eco Park,park,28.5722192,77.2166508,,,,False,,,,
w1121647750,Fariha Jame Mosque,attraction,28.6418383,77.1981476,,07:00-17:00,,False,,,,
w1127484002,Sunder Nursery,park,28.5968532,77.2474305,,Mo-Su 07:00-22:00,,False,,,,
w1136942137,Front Lawn,park,28.62591,77.2364171,,,,False,,,,
w1137558567,Jai Prakash Yantra,monument,28.6267717,77.2165261,,,,False,,,,
w1137558568,Jai Prakash Yantra,monument,28.6267699,77.2167118,,,,False,,,,
w1137558570,Misra Yantra,monument,28.6275919,77.2163747,,,,False,,,,
w1149815829,Cultural park,park,28.5446714,77.2435198,,,,False,,,,
w1161756184,Shri Guru Nanak Vatika,park,28.6674772,77.2100504,,,,False,,,,
w1161990768,Moolchand Pradhan Park,park,28.7127599,77.177623,,,,False,,,,
w1171502793,Maharaja Agrasen Park,park,28.7145145,77.1798306,,,,False,,,,
w1171502810,Bhagwan Parashuram Park,park,28.7154158,77.179413,,,,False,,,,
w1171536855,Xeriscape,park,28.6227395,77.2890651,,,,False,,,,
w1173587411,RK Puram Sector-4 Park,park,28.5620587,77.1791698,,,,False,,,,
w1173591532,Maharaja Surajmal Park,park,28.5582493,77.1717974,,,,False,,,,
w1173591533,"Central Park, RK Puram Sector-5",park,28.5614755,77.1755266,,24/7,,False,,,,
w1173591534,Protected Monument,monument,28.5612045,77.1788404,,,,False,,,,
w1177187329,Lane 1/2 Park,park,28.6047012,77.2957536,,,,False,,,,
w1177187330,Central Park Pocket 4,park,28.6036398,77.2940755,,Mo-Su 06:00-22:00,,False,,,,
w1184581347,Shaheed Udham Singh park,park,28.5862994,77.2492256,,,,False,,,,
w1184940953,Baansera,park,28.5915229,77.2607034,,,,False,,,,
w1190763938,Zodiac Park,park,28.5659322,77.2402087,,,,False,,,,
w1193078528,Juggernaut,restaurant,28.6294215,77.2260694,,,indian;south_indian;thai,False,,,,
w1200585637,Talli Station Courtyard,restaurant,28.5541406,77.2417449,,,,False,,,,
w1212449252,Om Hotel,restaurant,28.5804425,77.2415394,,,indian;mughlai,False,,,,
w1215909948,Chor Minar,attraction,28.5476837,77.2056407,,,,False,,,,
w1218426672,Uprashtrapati Bhavan,castle,28.6162502,77.2038079,,,,False,,,,
w1219956715,"Tikona park, okhla",park,28.5622232,77.28795,,,,False,,,,
w1225898512,Shri Keemti Lal Ji Park,park,28.5689379,77.2421925,,,,False,,,,
w1225898513,Delhi Development Authority Green Area,park,28.5699485,77.2397544,,,,False,,,,
w1228564221,Shiv Murti Park,park,28.7137628,77.21194,,,,False,,,,
w1228566947,Surya Park,park,28.7140899,77.2126604,,,,False,,,,
w1232285506,Rose Garden,park,28.5449459,77.1954721,,,,False,,,,
w1232377497,Trikona park,park,28.6464992,77.2887698,,,,False,,,,
w1233269501,Warehouse Café,restaurant,28.6337784,77.2210359,,Mo-Su 12:00-01:00,,True,,,,
w1238152531,Nehru Park,park,28.5913213,77.1927006,,,,False,,,,
w1248096979,National Science Center,museum,28.6132281,77.2455589,,Mo-Su 09:30-18:00,,False,,,,
w1251938028,Third Wave Coffee Roasters,cafe,28.6342957,77.2201094,,,coffee_shop,False,,,,
w1251938029,Dr. Zombie,restaurant,28.6343276,77.2202392,,,,False,,,,
w1251938032,Openhouse Cafe,restaurant,28.6342632,77.2204345,,,,False,,,,
w1252056678,Cafe MRP,restaurant,28.6345944,77.2206395,,,,False,,,,
w1252224959,Chai 24/7,cafe,28.6347534,77.2184888,,,tea,False,,,,
w1254530443,Shaheed Bhagat Singh Park,park,28.5807006,77.2429314,,,,False,,,,
w1257178105,DDA park,park,28.5467869,77.2612021,,,,False,,,,
w1263760037,Ramleela Maidan,park,28.5923668,77.1195321,,24/7,,False,,,,
w1264899833,H Block Park,park,28.5820456,77.242036,,,,False,,,,
w1265084174,Chetak Park,park,28.6426943,77.1892656,,,,False,,,,
w1265808933,Delhi Development Authority Green Area,park,28.5717399,77.2409387,,,,False,,,,
w1266549579,DDA Park Vinobapuri,park,28.5660318,77.2487251,,,,False,,,,
w1266549584,Babu Park,park,28.5687619,77.2440357,,,,False,,,,
w1266656813,Shri Bheem Sen Kohli Park,park,28.5682311,77.242824,,,,False,,,,
w1270584506,DDA park,park,28.609157,77.2888942,,Mo-Sa 07:00-21:00,,False,,,,
w1270585071,DDA Park,park,28.6079231,77.2891848,,Mo-Sa 07:00-21:00,,False,,,,
w1270585601,DDA Park,park,28.6102339,77.2880312,,Mo-Sa 07:00-21:00,,False,,,,
w1270586081,DDA Park,park,28.6101494,77.2872755,,Mo-Sa 07:00-21:00,,False,,,,
w1270586364,DDA Park,park,28.6083495,77.2882627,,Mo-Sa 07:00-21:00,,False,,,,
w1270655643,Shri Shaktiraj Park,park,28.5692785,77.2412689,,,,False,,,,
w1272070334,Mahila Park,park,28.7135848,77.2135251,,,,False,,,,
w1272070336,Yamuna Park,park,28.7133089,77.2142537,,,,False,,,,
w1272325566,Chicago Pizza,restaurant,28.5882708,77.1684925,,,pizza,False,,,,
w1273617441,Bharat Darshan Park,park,28.666177,77.1348737,,Tu-Su 10:00-20:00,,False,,,,
w1274070899,Dargah Peer Banwasi Park,park,28.6388571,77.2069855,,,,False,,,,
w1274531606,Kamla Nehru Park,park,28.6688584,77.2086862,,,,False,,,,
w1275259742,Sadar Bazar Park,park,28.5948567,77.1207873,,24/7,,False,,,,
w1278183032,Delhi Cantonment Children Park 3,park,28.5953047,77.1234905,,,,False,,,,
w1278970648,Srinagesh Garden,park,28.5976584,77.1409119,,mo-su 06:00-19:00,,False,,,,
w1279460301,Pandit Ramkeval Mishra Park,park,28.6295566,77.2152115,,sunrise-sunset,,False,,,,
w1283297045,Delhi Cantonment Children Park 1,park,28.5933905,77.1256034,,,,False,,,,
w1286191651,Chanan Singh Park,park,28.6070167,77.129542,,,,False,,,,
w1288640323,Cantonment Board Children Park,park,28.5962152,77.1195762,,,,False,,,,
w1294923149,DDA Park III Panchsheel Park,park,28.5457233,77.2097075,,,,False,,,,
w1295552481,Neighbourhood Park,park,28.6089507,77.1074926,,,,False,,,,
w1297694017,Smriti Vatika,park,28.5864924,77.1736034,,,,False,,,,
w1298088264,CHICA,restaurant,28.5706021,77.1859363,,Mo-Su 12:00-01:00,,False,,,,
w1304974276,Eco Park,park,28.5476772,77.2343083,,"Mo-Su 06:00-09:00, 17:00-21:00",,False,,,,
w1306328990,Third Wave Coffee Roasters,cafe,28.6326153,77.2215244,,,coffee_shop,True,,,,
w1307479760,Pocket E Park,park,28.6172921,77.2948553,,,,False,,,,
w1312951126,Madras Cafe,restaurant,28.6355012,77.3032399,,,south_indian,False,,,,
w1315991292,Pocket E Park,park,28.6168013,77.2945715,,,,False,,,,
w1317316786,New Delhi Municipal Corporation Park,park,28.6271791,77.2159223,,,,False,,,,
w1319249606,Bindra Park,park,28.6423532,77.1251968,,Mo-Su 06:00-23:00,,False,,,,
w1319250619,Patel Park,park,28.6405024,77.1208663,,Mo-Su 06:00-23:00,,False,,,,
w1319250926,G-H-J block Park,park,28.6427713,77.1213903,,,,False,,,,
w1319251170,Janta Market Park,park,28.6397766,77.1232288,,,,False,,,,
w1319418247,Indo-Korean Friendship Park,park,28.6016048,77.1330386,,,,False,,,,
w1320954787,Shiv Vatika,park,28.6653427,77.2087267,,,,False,,,,
w1325612946,Doctor Indra Chandra Shastri Vatika,park,28.6848647,77.2032508,,,,False,,,,
w1327864113,Gandhak Ki Baoli,monument,28.5208506,77.1816515,,,,False,,,,
w1340863310,Bhagwan Mahavir Vanasthali Park,park,28.6034918,77.1779505,,,,False,,,,
w1347831348,Lokayata Art Gallery,gallery,28.5549635,77.1954401,,,,False,,,,
w1348458206,Doctor Ambedkar National Memorial,museum,28.6840357,77.221626,,Tu-Su 10:00-19:00,,False,,,,
w1348652222,Ambedkar Park,park,28.5643561,77.1882575,,,,False,,,,
w1350182598,Sukhmani Park,park,28.7015867,77.2080701,,,,False,,,,
w1350182694,Japji Park,park,28.7015867,77.2073814,,,,False,,,,
w1350194854,Rehras Park,park,28.7025741,77.207852,,,,False,,,,
w1354254244,Cafe Tesu,cafe,28.5440388,77.2013609,,,pizza;coffee_shop;mediterranean,False,,,,
w1361098049,Nizamuddin Dargah Complex,monument,28.5913827,77.2418791,,,,False,,,,
w1364002356,Triveni Park,park,28.6073055,77.1214385,,,,False,,,,
w1366077821,Swasthya Vihar Neighbourhood Park,park,28.6403479,77.2872063,,,,False,,,,
w1368438754,DDA Park,park,28.5947962,77.2952062,,,,False,,,,
w1376095473,Kilkaari Park,park,28.6011136,77.1144403,,,,False,,,,
w1376095477,Natkhat Park,park,28.6023854,77.1119182,,,,False,,,,
w1377396798,Humayun Museum,museum,28.5937861,77.2450922,,,,False,,,,
w1379295147,Chhatrapati Shivaji Park,park,28.6578119,77.1268051,,Mo-Su 05:00-21:00,,False,,,,
w1380217978,Tikona Park,park,28.5793244,77.1764611,,,,False,,,,
w1380340904,Yoga Park,park,28.5443746,77.2418563,,,,False,,,,
w1380340910,Vista Park,park,28.5451282,77.2419886,,,,False,,,,
w1382098173,Herbal Park,park,28.6342247,77.2918091,,,,False,,,,
w1382098176,DDA Park,park,28.6231633,77.2921751,,,,False,,,,
w1382552737,Raman Munjal Park,park,28.5531058,77.2297784,,,,False,,,,
w1382699643,Kaveri Park,park,28.5569521,77.241295,,,,False,,,,
w1382699646,Krishna Park,park,28.5582552,77.2405845,,,,False,,,,
w1382699651,Narmada Park,park,28.5562684,77.2433425,,,,False,,,,
w1385061182,Saket District Park,park,28.5271543,77.2095627,,,,False,,,,
w1387571121,Mahila Park,park,28.6103503,77.1080241,,,,False,,,,
w1391838389,Indian Air Force Legacy Park,park,28.5741462,77.1197279,,,,False,,,,
w1393068561,Baba Bagh Wala Mini Stadium,park,28.6230735,77.1372593,,,,False,,,,
w1393554759,Red Square,park,28.5451652,77.1913932,,24/7,,False,,,,
w1394032050,Maharaja Ranjit Singh Park,park,28.579474,77.2397928,,,,False,,,,
w1394163108,Ambedkar Park,park,28.6132936,77.0868114,,,,False,,,,
w1394167948,Lal Bangla Mausoleums,attraction,28.6003217,77.2382214,,,,False,,,,
w1408410110,Rani Jhansi Mahila Park,park,28.622884,77.1379165,,,,False,,,,
w1408410111,C Block Park,park,28.6227897,77.1426871,,,,False,,,,
w1408410112,DDA Park,park,28.6247252,77.1408189,,,,False,,,,
w1420660223,Shri Ved Prakash Jindal Park,park,28.6627562,77.1292677,,,,False,,,,
w1421584049,Air Force Museum,museum,28.5741644,77.1169669,,,,False,,,,
w1423096188,Kamla Nehru Park,park,28.6436406,77.225765,,,,False,,,,
w1424419692,Public Park,park,28.6541734,77.2941409,,Mo-Fr 08:00-17:00,,False,,,,
w1424773294,G-Block Harkesh Nagar Park,park,28.5453115,77.277203,,,,False,,,,
w1424825478,Vaikunth Vatika,park,28.5374655,77.21638,,,,False,,,,
w1426441321,Children's park,park,28.6130649,77.0905894,,,,False,,,,
w1426586667,Arun Jaitley Park,park,28.5533398,77.2272417,,,,False,,,,
w1426586690,DDA Park Shahpur Jat,park,28.5456608,77.2157218,,,,False,,,,
w1428122030,cafe chai,cafe,28.5079505,77.1963995,,,,False,,,,
w1428332357,Sandwish Smugglers,cafe,28.5345538,77.2280928,,,coffee_shop,False,,,,
w1430223038,RWA Park,park,28.6026421,77.2936459,,,,False,,,,
w1448399385,Raj Ghat,monument,28.6405986,77.2495043,,,,False,,,,
w1448399387,Kisan Ghat,monument,28.6395931,77.2528344,,,,False,,,,
w1448399388,Veer Bhumi,monument,28.6428101,77.2503377,,,,False,,,,
w1448399390,Shakti Sthal,monument,28.644072,77.2489572,,,,False,,,,
w1448399391,Shantivan,monument,28.648842,77.248036,,,,False,,,,
w1454838166,Mahilla Haat,attraction,28.640507,77.2365763,,Su,,False,,,,
w1462858288,Shree Sai Dosa Corner,restaurant,28.6034406,77.2931245,,,indian,False,,,,
w1463700048,Shri Krishna Dhaba,restaurant,28.6583594,77.1828192,,,indian,False,,,,
w1475265592,Sagar Ratna,restaurant,28.6270536,77.2197474,,,indian;south_indian;north_indian;chinese,False,,,,
w1476569809,Barista,cafe,28.7049462,77.1896178,,,coffee_shop,False,,,,
w1476569814,Shri Ram Leela Park,park,28.7079663,77.1914781,,,,False,,,,
w1476569823,Dosa Coffee,restaurant,28.7060008,77.1900303,,"Mo-Su 08:00-23:00;Mo-Su,PH 08:00-23:00",indian;south_indian,False,,,,
w1477879934,Altogether Experimental,cafe,28.5180894,77.1978516,,10:00-22:00,,False,,,,
w1477879936,JugMug Thela,cafe,28.5172641,77.1999662,,11:00-23:30,italian;indian;,False,,,,
w1482443303,Chaudhary Surendra Singh Park,park,28.700084,77.2209038,,,,False,,,,
w1482472717,Namah 25° north Xpress,cafe,28.6948311,77.2141585,,Mo-Su 10:00-22:00,,False,,,,
w1482527516,Timarpur Lake,park,28.7126698,77.2234225,,,,False,,,,
w1486441317,BakeBox Cafe,restaurant,28.6080224,77.2923043,,Mo-Fr 12:00-22:00,,False,,,,
w1486441320,Books and Beans Cafe,cafe,28.6069616,77.2909277,,,,False,,,,
w1486744368,Tikona Park,park,28.6358281,77.2833543,,,,False,,,,
w1486746020,Patel Park,park,28.6353717,77.2812045,,,,False,,,,
w1490066649,Guru Tegh Bahadur Park,park,28.6442053,77.1373684,,,,False,,,,
w1490254306,Sopa Kitchen,restaurant,28.7023491,77.2283768,,12:00-22:00,tibetan,False,,,,
w1490475914,Sardar Jassa Singh Ramgarhia Park,park,28.6318657,77.1226478,,,,False,,,,
w1492564762,Science park,monument,28.6019105,77.124713,,,,False,,,,
w1493039982,Blue Tokai Coffee Roasters,cafe,28.6310249,77.2218734,,Mo-Su 07:30-23:00,coffee_shop,True,,,,
w1494117348,Charti Lal Goel Heritage Park,park,28.6526617,77.2360043,,,,False,,,,
w1498977868,Bharat Ratna Dr. Bhimrao Ramji Ambedkar Park,park,28.580543,77.2649694,,,,False,,,,
w1510743786,Tan Coffee,cafe,28.6346461,77.218215,,,,False,,,,
w1513777624,Old Magazine Gate,fort,28.662137,77.2345089,,,,False,,,,
w1513777993,Old Magazine Gate,fort,28.6614523,77.235538,,,,False,,,,
w1524881667,Tim Hortons,cafe,28.5284007,77.2193215,,,coffee_shop,False,,,,
w1527905240,Kamal Vatika Park,park,28.7129932,77.2149841,,,,False,,,,
w1527915179,yoga,park,28.7140583,77.2153029,,,,False,,,,
w1528611479,Shaheed Bhagat Singh Park,park,28.7142521,77.2186631,,,,False,,,,
w1528728819,Apna Park,park,28.7142995,77.2154757,,,,False,,,,
w1530661739,ShaperJet Park,park,28.7143916,77.2138833,,,,False,,,,
w1531235899,Ganga Park,park,28.7129499,77.2165361,,,,False,,,,
w1533964585,Old Dussehra Ground,park,28.6411684,77.3005231,,,,False,,,,
w1540942366,A Block Park,park,28.5664353,77.2727306,,,,False,,,,
w1541034032,Mother Dairy Booth,restaurant,28.5350949,77.2277369,,,dairy,False,,,,
w1544733412,Childrens Park,park,28.5241687,77.2027416,,24/7,,False,,,,
w1544803977,Tikona Park,park,28.6513448,77.1274542,,,,False,,,,
w1544845574,Sudama Tea stall,cafe,28.6854855,77.2079561,,Mo-Su. 11:00-22.30,tea,False,,,,
w1546126436,Royal Take away,restaurant,28.6058878,77.2994162,,,,True,,,,
w1547502364,Pratap Chowk Children Park,park,28.5930575,77.1491686,,,,False,,,,
w1550570714,Janak Vatika,community functions,28.6273189,77.0880818,,,,False,,,,
w1551657015,Nescafe,cafe,28.6645237,77.2333914,,,,False,,,,
w1552351164,Flag Pole,park,28.6649433,77.2325635,,,,False,,,,
w1552721232,Chaayos,cafe,28.6313504,77.2205072,,,tea,False,,,,
r2914318,Humayun's Tomb Complex,attraction,28.5929627,77.2486511,,Mo-Su sunrise-sunset; sunset-21:00,,False,,,,
r3926057,Jama Masjid,attraction,28.6506864,77.2334669,,"Mo-Su 07:00-12:00, 13:30-18:30",,False,,,,
r5354966,Rashtrapati Bhavan,attraction,28.6143716,77.1995283,,Mo-Fr 09:30-17:30,,False,,,,
r6013399,Deer Park,park,28.5567007,77.1943263,,,,False,,,,
r6314365,play ground,park,28.5864959,77.1628983,,,,False,,,,
r8291341,Khirki Masjid,attraction,28.5314588,77.219756,,,,False,,,,
r9730409,Shanti Park,park,28.5927446,77.1883393,,,,False,,,,
r16496830,Shree Atal Park,park,28.5539031,77.2347877,,,,False,,,,
r17080654,National Museum,museum,28.6116207,77.2193092,,Tu-Su 10:00-18:00,,False,,,,
r19179655,San Martin Park,park,28.5904725,77.1750924,,,,False,,,,
n608435824,Master Guest House,guest_house,28.6346805,77.185038,,,,False,,,,
n655305904,Parkland Hotel,hotel,28.5672888,77.2281718,,,,False,,,,
n956194764,Hotel Tara Palace,hotel,28.6534876,77.2345124,,,,False,,,,
n1549833159,DSUI,guest_house,28.5940756,77.1621131,,,,False,,,,
n1556466157,Imperial Hotel,hotel,28.625283,77.2183628,,,,False,,,,
n1717723757,Fraser Suites,hotel,28.5940973,77.299018,,,,False,,,,
n1827525508,Savoy Suites,hotel,28.5800504,77.3152466,,,,False,,,,
n2102480279,Ashram Dormitory,hostel,28.5394584,77.2011381,,,,False,,,,
n2416119464,IRCTC-Ginger Rail Yatri Niwas,hotel,28.6444996,77.2226902,,,,False,,,,
n2959083272,Hotel Arina Inn,hotel,28.6414568,77.2414435,,,,False,,,,
n2991892709,NIE Guest House,guest_house,28.5389261,77.1928283,,,,False,,,,
n3093865190,Maulsari,guest_house,28.5988816,77.2419381,,,,False,,,,
n3635886968,Zanskar Hostel,hostel,28.5467058,77.1862798,,,,False,,,,
n3635907905,"Faculty Guest House ""Gulmohar""",guest_house,28.5454865,77.1836133,,,,False,,,,
n3635907906,Nalanda Hostel,hostel,28.5459401,77.1833417,,,,False,,,,
n3637466928,Kailash Hostel,hostel,28.5446234,77.1967808,,,,False,,,,
n3731271445,Africa Avenue,hotel,28.557303,77.2176313,,,,False,,,,
n3813669622,Select Hotel,hotel,28.6308041,77.2244524,,,,False,,,,
n3813673635,Holiday Inn Hotels and Resorts,hotel,28.6312552,77.2209768,,,,False,,,,
n4297587289,RS.PG,hostel,28.7019873,77.2054678,,,,False,,,,
n4421142389,Ranjit Nagar,hostel,28.6449745,77.1633883,,,,False,,,,
n4448759791,Vishagya's house,guest_house,28.5809788,77.1728889,,,,False,,,,
n4476716889,shutter wali gulli,hostel,28.512479,77.2306379,,,,False,,,,
n4500087992,Airbnb - Cozy apartment,guest_house,28.5773622,77.2415339,,,,False,,,,
n4682651590,Laxmi packers and movers,guest_house,28.6121665,77.3254393,,,,False,,,,
n4721475589,Usmanpur home,hostel,28.6838546,77.2560051,,,,False,,,,
n4739910326,Narmada Aparment for Member of Parliament,guest_house,28.6248343,77.2053679,,,,False,,,,
n4742296921,chirag manoj hostel,hostel,28.5375714,77.229313,,Mo-Sa,,False,,,,
n4748819921,wahoe Commune,guest_house,28.6576121,77.1608172,,,,False,,,,
n4759508059,The Lalit New Delhi,hotel,28.6314643,77.2271911,,,,False,,,,
n4813351321,Jammu and Kashmir house,guest_house,28.5992532,77.1962717,,,,False,,,,
n5232339851,Aaradhna - Senior Citizen's Home for Women,hostel,28.6235853,77.236944,,,,False,,,,
n5289216321,Soul Stay Hostel,guest_house,28.5582832,77.1998002,,,,False,,,,
n5345531686,The Janpath Hotel,hotel,28.6217589,77.2184932,,,,False,,,,
n5378537523,Clarks inn,guest_house,28.6435715,77.3269583,,,,False,,,,
n5455135888,Jodhpur Officers' Hostel,hostel,28.6093551,77.2233609,,,,False,,,,
n5492518424,Nomadia Hostel,hostel,28.5401478,77.2432582,,,,False,,,,
n5816931654,Mango Hostel,hostel,28.5384822,77.2429911,,24/7,,False,,,,
n5839453489,Uttarakhand Sadan,hotel,28.5833866,77.1903464,,,,False,,,,
n5839456786,अरुणाचल हाउस,hotel,28.5838774,77.1888337,,,,False,,,,
n6124477820,OYO Townhouse,hotel,28.564053,77.2498752,,,,False,,,,
n6755617648,Hotel Shyama International,hotel,28.5460006,77.1977467,,,,False,,,,
n6784497485,karon Hotel,hotel,28.5656138,77.2416422,,,,False,,,,
n6875344855,Delhi tales,hostel,28.5373025,77.1473347,,,,False,,,,
n6908459480,Karon Hotels,hotel,28.5652763,77.2416682,,,,False,,,,
n7171180188,HOG Poshtel Delhi,hostel,28.5380073,77.2464006,,24/7,,False,,,,
n7389778158,my home,hotel,28.7134619,77.2170459,,,,False,,,,
n8987572726,Oyo Flagship 77674,hotel,28.6804016,77.1967036,,,,False,,,,
n9597425986,Indraprasth Apartment 1,hostel,28.5468313,77.1815576,,,,False,,,,
n9936020117,Block q5,hotel,28.548071,77.2043379,,,,False,,,,
n10266667809,Periyar Hostel,hostel,28.5459516,77.1662223,,,,False,,,,
n10266667909,Godawari Hostel,hostel,28.5447835,77.1658856,,,,False,,,,
n10266668009,Kaveri Hostel,hostel,28.5451286,77.1668574,,,,False,,,,
n10689641357,Baikunth Kutter,guest_house,28.5650606,77.1908212,,,,False,,,,
n10770594512,Comfort Lodge,hotel,28.5895183,77.2524679,,,,False,,,,
n11215970326,Ambitious PG,hostel,28.6293935,77.2729733,,,,False,,,,
n11236764625,Toppers Girl's Hostel,hostel,28.6295294,77.273274,,,,False,,,,
n11242142972,bharmputra hostel,hostel,28.5334719,77.1692917,,24/7,,False,,,,
n11262433605,"New Boys Hostel, JMI",hostel,28.5657851,77.281262,,,,False,,,,
n11274649159,Office of the provost Hall of boys residence,hostel,28.5605621,77.2801242,,,,False,,,,
n11420427169,Maddonna,hotel,28.6400083,77.1827795,,,,False,,,,
n11696895329,HOTEL DEV PALACE,hotel,28.6886196,77.2921889,,,,False,,,,
n11696974281,GOVINDAM HOTEL,hotel,28.6860774,77.2976723,,,,False,,,,
n11818538438,Prustel Living,hostel,28.5876372,77.1696319,,,,False,,,,
n11818541446,South Embassy,hostel,28.5878827,77.1699773,,,,False,,,,
n11914919424,East Inn,hotel,28.6365898,77.2876065,,,,False,,,,
n11985412775,Verandah Moonshine,hotel,28.6436747,77.2985232,,,,False,,,,
n12440467190,Five Star Guest House,hotel,28.6447128,77.2401573,,,,False,,,,
n12495429011,Happy Living Girl's PG,hostel,28.6980169,77.2059683,,,,False,,,,
n12851629041,Barak Hostel,hostel,28.5416723,77.1609499,,,,False,,,,
n13002028016,PG For Girls,hostel,28.5635985,77.2366287,,,,False,,,,
n13350898301,Yogesh Kumar ( Kale Bhai),guest_house,28.5412972,77.185367,,,,False,,,,
n13568852462,Shivaay Boy's PG,hostel,28.6826606,77.201127,,,,False,,,,
n13573029803,Hotel Golden Key Inn,hotel,28.6831601,77.2017121,,,,False,,,,
n13645264754,Nivedita Niwas,hostel,28.6809714,77.2074027,,,,False,,,,
n13645264794,Prime Home Stays,hostel,28.6807495,77.2074929,,,,False,,,,
n13645270910,Nandini Girls,hostel,28.6816144,77.2065274,,,,False,,,,
n13713826788,Caviar Stays Girl's,hostel,28.6822893,77.2018376,,,,False,,,,
n13731198028,Hotel D2,hotel,28.7137847,77.1732601,,,,False,,,,
n13904238291,Delhi Diaries Hostel,hostel,28.6819191,77.2035542,,,,False,,,,
n13948133715,Hotel Amora Inn,hotel,28.7131405,77.2159986,,,,False,,,,
n13969467541,Prabhatara Hostel for Women,hostel,28.5641076,77.1857315,,,,False,,,,
n13969467576,Indira Niketan Working Girls Hostel,hostel,28.5792837,77.2020819,,,,False,,,,
n14058747201,AMIT KUMAR RENTAL ( GG 5th Place),hotel,28.5411815,77.1851339,,,,False,,,,
n14063151812,Shakti Bhawan,hostel,28.6942058,77.2115398,,,,False,,,,
n14063151813,Shree Bhawan,hostel,28.6942832,77.2113407,,,,False,,,,
n14100954479,Swastika PG,hostel,28.5693498,77.2228178,,,,False,,,,
n14101601587,The Grand Hostel Girls' PG,hostel,28.679322,77.2077818,,,,False,,,,
n14101601588,Parwati Niwas Girls' PG,hostel,28.6789518,77.2075124,,,,False,,,,
n14101601589,19th Avenue Girls' PG,hostel,28.6794068,77.207796,,,,False,,,,
n14107314055,Lakshmi Girls PG,hostel,28.6940607,77.2046855,,,,False,,,,
n14144409293,JRD Exotica,hotel,28.5669229,77.1993116,,,,False,,,,
n14181041983,Nivedita Kunj,hostel,28.6806885,77.2073033,,,,False,,,,
w44408529,Nalanda,hostel,28.545778,77.1832094,,,,False,,,,
w111698134,Gol Hostel,hostel,28.6304736,77.2487201,,,,False,,,,
w139442357,Scholl of Planning and Architecture Hostel and Residential Complex,hostel,28.572625,77.2713859,,,,False,,,,
w154202308,Guest Room,guest_house,28.6762752,77.1122763,,,,False,,,,
w192704213,Girls Hostel,hostel,28.628955,77.245527,,,,False,,,,
w203600636,MGM,hotel,28.5535221,77.1252819,,,,False,,,,
w260125961,Madhyanchal,guest_house,28.5460015,77.1471379,,,,False,,,,
w294522177,Rail Yatri Niwas,hotel,28.6444801,77.2226462,,,,False,,,,
w340391149,Sutlej Hostel (Men's),hostel,28.5483416,77.1683556,,,,False,,,,
w340394166,Jhelum Hostel (Men's),hostel,28.5482662,77.1694371,,,,False,,,,
w340398416,Yamuna Hostel (Women's),hostel,28.5472054,77.1700667,,,,False,,,,
w340398522,Aravalli International Guest House,guest_house,28.5457079,77.1693058,,,,False,,,,
w340402608,Sabarmati Hostel (Co-Ed),hostel,28.545967,77.1641427,,,,False,,,,
w348286982,Kali Bari Guest House,guest_house,28.6070035,77.3019283,,,,False,,,,
w350005094,Mayas Nest-A Bed & Breakfast,hostel,28.5357254,77.1495013,,,,False,,,,
w350751627,Mahi-Mandavi Hostel,hostel,28.5441713,77.1613673,,,,False,,,,
w350751659,Narmada Hostel,hostel,28.5466727,77.1649849,,,,False,,,,
w350751676,Chandrabhaga Hostel,hostel,28.5423181,77.1600327,,,,False,,,,
w350751687,Koyna Hostel,hostel,28.5436822,77.1622482,,,,False,,,,
w350751697,Lohit Hostel,hostel,28.5436515,77.1602315,,,,False,,,,
w350751702,Shipra Hostel,hostel,28.542577,77.1614239,,,,False,,,,
w351058684,Dhruva Guest House,guest_house,28.5699564,77.2048352,,,,False,,,,
w351082650,International Guest House,guest_house,28.6921149,77.2161779,,,,False,,,,
w351118900,OYO Flagship Shri Ram Residency,hotel,28.5157222,77.2001975,,,,False,,,,
w351411426,Post Graduate Men's Hostel,hostel,28.6899049,77.2163262,,,,False,,,,
w351847124,ICAR International Guest House,guest_house,28.6257688,77.1609265,,,,False,,,,
w351868136,Himadri,hostel,28.5452948,77.1971167,,,,False,,,,
w351868143,Kailash,hostel,28.5447527,77.1968794,,,,False,,,,
w353755371,"IIT Delhi Main Guest House ""Amaltas""",guest_house,28.5436498,77.198497,,Mo-Su 08:00-22:00,,False,,,,
w358699046,Shivalik Hostel,hostel,28.5477557,77.1859726,,,,False,,,,
w358870958,Udaigiri,hostel,28.5476467,77.1894735,,,,False,,,,
w358870959,Girnar,hostel,28.5476856,77.1888543,,,,False,,,,
w358870961,Aravali Hostel,hostel,28.5487199,77.1834892,,,,False,,,,
w358870962,Karakoram,hostel,28.5476592,77.1830181,,,,False,,,,
w358870963,Nilgiri,hostel,28.5466675,77.1823714,,,,False,,,,
w369637830,Shangri-La Hotel,hotel,28.6215031,77.2238516,5.0,,,False,,,,
w467108002,Maharaja Surajmal College Hostel,hostel,28.6202781,77.0921011,,,,False,,,,
w488537409,Rams inn,hotel,28.6314801,77.2142618,,,,False,,,,
w543282135,Kumaon Hostel,hostel,28.5492821,77.1855177,,,,False,,,,
w632886917,"The Oberoi, New Delhi",hotel,28.5967207,77.2396346,,,,False,,,,
w1186488779,Boys Hostel,hostel,28.6637957,77.2994604,,,,False,,,,
w1274009118,Girls' Hostel,hostel,28.5917795,77.1193129,,,,False,,,,
w1274009122,Boys' Hostel,hostel,28.5913975,77.1171064,,,,False,,,,
w1319191467,Taurus Officers' Hostel,hostel,28.5885903,77.1190562,,,,False,,,,
w1370474881,Daulat Singh Kothari Hostel,hostel,28.6904287,77.2177734,,,,False,,,,
w1370480156,Vijayendra Kasturi Ranga Varadaraja Rao Hostel,hostel,28.6908557,77.2171844,,,,False,,,,
w1370508727,Jubilee Hall,hostel,28.6920066,77.2188217,,,,False,,,,
w1376915974,Army College of Medical Sciences Hostel Complex,hostel,28.6059388,77.136022,,,,False,,,,
w1377992111,University Hostel for Women,hostel,28.6926613,77.2120939,,,,False,,,,
w1377992124,Meghdoot Hostel,hostel,28.6923459,77.2125634,,,,False,,,,
w1385697211,Jwalamukhi Hostel,hostel,28.5497154,77.1840998,,,,False,,,,
w1389870733,Diplomate of National Board Hostel,hostel,28.6799891,77.3039505,,,,False,,,,
w1390986704,Chitrakoot Guest House,guest_house,28.594883,77.1345812,,,,False,,,,
w1415176953,Canal Rest House,guest_house,28.6723338,77.2265159,,,,False,,,,
w1499473427,Hotel Abhishek,hotel,28.7139452,77.1732673,,,,False,,,,
w1551657005,Kaveri Hostel,hostel,28.6655875,77.2326174,,,,False,,,,
w1551657006,Krishna Hostel,hostel,28.6651511,77.231801,,,,False,,,,
r325613,Faculty Guest House,guest_house,28.5455076,77.1835405,,,,False,,,,
r4830573,Ganga Hostel (Women's),hostel,28.5492121,77.1690497,,,,False,,,,
r5247062,Tapti Hostel (Co-Ed),hostel,28.5448413,77.1625755,,,,False,,,,
r18881743,Gwyer Hall,hostel,28.690247,77.2167161,,,,False,,,,
r18881744,University Guest House,guest_house,28.6896143,77.2159894,,,,False,,,,
lp3b450,Shangri-La Eros New Delhi,hotel,28.620777,77.217976,5.0,,,False,9.0,3127.0,https://static.cupid.travel/hotels/480143644.jpg,liteapi
lp6c049,Holiday Inn New Delhi Aerocity by IHG,hotel,28.550237,77.123205,5.0,,,False,9.0,9361.0,https://static.cupid.travel/hotels/234890162.jpg,liteapi
lp2cf3e,Radisson Blu Plaza Delhi Airport,hotel,28.543605,77.119794,5.0,,,False,9.4,10437.0,https://static.cupid.travel/hotels/328920641.jpg,liteapi
lp306b3,The LaLiT New Delhi,hotel,28.629361,77.22636,5.0,,,False,9.2,5152.0,https://static.cupid.travel/hotels/154232887.jpg,liteapi
lp8984d,"Pride Plaza Hotel, Aerocity New Delhi",hotel,28.552782,77.123111,4.0,,,False,9.0,6156.0,https://static.cupid.travel/hotels/278261524.jpg,liteapi
lp78eef,Pullman New Delhi Aerocity,hotel,28.554481,77.123321,5.0,,,False,10.0,2540.0,https://static.cupid.travel/hotels/545170671.jpg,liteapi
lp56763,Radisson Blu Marina Hotel Connaught Place,hotel,28.634002,77.217144,4.0,,,False,8.6,3971.0,https://static.cupid.travel/hotels/238788405.jpg,liteapi
lp25093,"Taj Palace, New Delhi",hotel,28.595704,77.17112,5.0,,,False,9.2,4050.0,https://static.cupid.travel/hotels/336041746.jpg,liteapi
lp5635d,The Leela Palace New Delhi,hotel,28.579462,77.189121,5.0,,,False,9.6,2977.0,https://static.cupid.travel/hotels/268437803.jpg,liteapi
lpe15b1,Aloft by Marriott New Delhi Aerocity,hotel,28.552404,77.123449,4.0,,,False,9.0,4906.0,https://static.cupid.travel/hotels/469181544.jpg,liteapi
lp65d4f,The Leela Ambience Convention Hotel Delhi,hotel,28.661872,77.30228,5.0,,,False,9.6,3154.0,https://static.cupid.travel/hotels/72057788.jpg,liteapi
lp19d5a,"ITC Maurya, a Luxury Collection Hotel, New Delhi",hotel,28.597468,77.173101,5.0,,,False,9.4,1631.0,https://static.cupid.travel/hotels/599028079.jpg,liteapi
lp22155,Hyatt Regency Delhi,hotel,28.569402,77.184906,5.0,,,False,9.0,2066.0,https://static.cupid.travel/hotels/366444791.jpg,liteapi
lp57c34,Crowne Plaza New Delhi Okhla by IHG,hotel,28.528616,77.272033,5.0,,,False,9.2,1442.0,https://static.cupid.travel/hotels/325371032.jpg,liteapi
lp30ebf,The Park New Delhi,hotel,28.628872,77.216157,5.0,,,False,8.2,2468.0,https://static.cupid.travel/hotels/250798430.jpg,liteapi
lp3e90e,Sheraton New Delhi Hotel,hotel,28.526699,77.216035,5.0,,,False,9.2,1431.0,https://static.cupid.travel/hotels/612980827.jpg,liteapi
lp4fdae,Le Meridien New Delhi,hotel,28.61876,77.218376,5.0,,,False,9.0,2144.0,https://static.cupid.travel/hotels/469178847.jpg,liteapi
lp6a1df,JW Marriott Hotel New Delhi Aerocity,hotel,28.553207,77.12244,5.0,,,False,,119.0,https://static.cupid.travel/hotels/ex_4b2ff253_z.jpg,liteapi
lp5003d,"The Connaught, New Delhi- IHCL SeleQtions",hotel,28.632832,77.213116,4.0,,,False,9.4,3633.0,https://static.cupid.travel/hotels/278342314.jpg,liteapi
lp5d938,Crowne Plaza New Delhi Mayur Vihar Noida by IHG,hotel,28.590019,77.298059,5.0,,,False,9.4,1746.0,https://static.cupid.travel/hotels/454036401.jpg,liteapi
lp2e0bb,The Imperial New Delhi,hotel,28.625324,77.219194,5.0,,,False,9.6,121.0,https://static.cupid.travel/hotels/ex_36d76685_z.jpg,liteapi
lp24ed2,The Suryaa New Delhi,hotel,28.561338,77.269834,5.0,,,False,9.2,1767.0,https://static.cupid.travel/hotels/139856038.jpg,liteapi
lp502a9,Hilton Garden Inn New Delhi/Saket,hotel,28.528058,77.218223,4.0,,,False,8.8,2110.0,https://static.cupid.travel/hotels/483815808.jpg,liteapi
lp30700,"Taj Mahal, New Delhi",hotel,28.605105,77.223893,5.0,,,False,9.4,2209.0,https://static.cupid.travel/hotels/369807671.jpg,liteapi
lp5d13b,Crowne Plaza New Delhi Rohini by IHG,hotel,28.719917,77.11003,5.0,,,False,9.6,1347.0,https://static.cupid.travel/hotels/252981587.jpg,liteapi
lp34c0b,"The Claridges, New Delhi",hotel,28.600515,77.216423,5.0,,,False,8.8,118.0,https://static.cupid.travel/hotels/ex_18553c43_z.jpg,liteapi
lp62298,Radisson Gurugram Udyog Vihar,hotel,28.509659,77.091934,5.0,,,False,9.4,1938.0,https://static.cupid.travel/hotels/232826468.jpg,liteapi
lp438ee,Hotel The Royal Plaza,hotel,28.622644,77.213991,4.0,,,False,8.0,1588.0,https://static.cupid.travel/hotels/493232041.jpg,liteapi
lp78f0f,Novotel New Delhi Aerocity Hotel,hotel,28.553314,77.12305,4.0,,,False,8.2,171.0,https://static.cupid.travel/hotels/ex_2180195d_z.jpg,liteapi
lp1c1f0,Maidens Hotel New Delhi,hotel,28.674384,77.225997,5.0,,,False,9.4,3328.0,https://static.cupid.travel/hotels/242842460.jpg,liteapi
lp299b0,The Grand New Delhi,hotel,28.538921,77.151226,5.0,,,False,8.8,1056.0,https://static.cupid.travel/hotels/388135099.jpg,liteapi
lp2bbce,"Ambassador, New Delhi - IHCL SeleQtions",hotel,28.60177,77.229115,5.0,,,False,9.0,1888.0,https://static.cupid.travel/hotels/17060029.jpg,liteapi
lp7c680,Roseate House New Delhi,hotel,28.550944,77.120641,5.0,,,False,8.6,1677.0,https://static.cupid.travel/hotels/106566927.jpg,liteapi
lp439fe,"Svelte Delhi, a member of Radisson Individuals",hotel,28.528472,77.218636,4.0,,,False,8.0,811.0,https://static.cupid.travel/hotels/586845700.jpg,liteapi
lp3e43d,The Metropolitan Hotel and Spa New Delhi,hotel,28.63153,77.208398,5.0,,,False,,259.0,https://static.cupid.travel/hotels/ex_2525421d_z.jpg,liteapi
lp5ccaf,Holiday Inn New Delhi Mayur Vihar Noida by IHG,hotel,28.590145,77.297977,5.0,,,False,9.2,1596.0,https://static.cupid.travel/hotels/293167540.jpg,liteapi
lp75c81,Park Inn by Radisson New Delhi IP Extension,hotel,28.62998,77.314745,4.0,,,False,9.0,891.0,https://static.cupid.travel/hotels/54811607.jpg,liteapi
lp4be05,The Lodhi – A member of The Leading Hotels Of The World,hotel,28.591715,77.238471,5.0,,,False,8.9,573.0,https://static.cupid.travel/hotels/269476314.jpg,liteapi
lp4bcf0,Park Inn by Radisson New Delhi Lajpat Nagar,hotel,28.563591,77.23472,4.0,,,False,,203.0,https://static.cupid.travel/hotels/ex_358f2876_z.jpg,liteapi
lp61a0a,ibis New Delhi Aerocity - An Accor Brand,hotel,28.551119,77.123482,4.0,,,False,6.9,10144.0,https://static.cupid.travel/hotels/552294301.jpg,liteapi
lpfe134,bloomrooms @ Janpath,hotel,28.622363,77.217244,4.0,,,False,9.0,1479.0,https://static.cupid.travel/hotels/280377129.jpg,liteapi
lp66ed4,"Lemon Tree Premier, Delhi Airport",hotel,28.551976,77.120612,5.0,,,False,8.0,3146.0,https://static.cupid.travel/hotels/405275793.jpg,liteapi
lp5a3da,Holiday Inn Express New Delhi International Airport T3 by IHG,hotel,28.557202,77.098896,4.0,,,False,6.8,1669.0,https://static.cupid.travel/hotels/322575656.jpg,liteapi
lp6554cf96,Radisson Blu Towers Kaushambi Delhi NCR,hotel,28.639394,77.326646,5.0,,,False,9.4,2560.0,https://static.cupid.travel/hotels/513672038.jpg,liteapi
lp6b07c,The Roseate New Delhi,hotel,28.531807,77.104861,5.0,,,False,9.6,401.0,https://static.cupid.travel/hotels/ex_e255e840_z.jpg,liteapi
lp6556da9d,Hyatt Delhi Residences,hotel,28.554122,77.121672,5.0,,,False,9.3,167.0,https://static.cupid.travel/hotels/288018146.jpg,liteapi
lp91bcc,Haveli Dharampura & Golden Haveli- UNESCO awarded Boutique Heritage Hotel,hotel,28.653372,77.232189,5.0,,,False,8.5,1366.0,https://static.cupid.travel/hotels/67904747.jpg,liteapi
lp2d495,Jaypee Siddharth,hotel,28.642552,77.175377,5.0,,,False,8.8,965.0,https://static.cupid.travel/hotels/10191122.jpg,liteapi
lp69f48,Bloomrooms @ New Delhi Railway Station,hotel,28.64629,77.217818,3.0,,,False,8.8,907.0,https://static.cupid.travel/hotels/249117655.jpg,liteapi
lp67e65,"Lemon Tree Premier, Delhi Airport",hotel,28.551976,77.120612,5.0,,,False,8.0,3146.0,https://static.cupid.travel/hotels/405275793.jpg,liteapi
lp42c0b,"Eros Hotel New Delhi, Nehru Place",hotel,28.549618,77.249116,5.0,,,False,,116.0,https://static.cupid.travel/hotels/ex_w2261h1645x8y4-00630eb7_z.jpg,liteapi
lp5a26f,Taurus Sarovar Portico,hotel,28.548567,77.127146,4.0,,,False,8.8,623.0,https://static.cupid.travel/hotels/138197199.jpg,liteapi
lp6556c87d,Best Western Darbar,hotel,28.645777,77.210308,3.0,,,False,8.3,146.0,https://static.cupid.travel/hotels/273233956.jpg,liteapi
lp2e52a,Jaypee Vasant Continental,hotel,28.556207,77.163953,5.0,,,False,8.0,104.0,https://static.cupid.travel/hotels/ex_02c35b4b_z.jpg,liteapi
lp21643,"Hotel The Hans - Connaught Place, New Delhi",hotel,28.628481,77.225883,4.0,,,False,6.5,662.0,https://static.cupid.travel/hotels/25246154.jpg,liteapi
lp5ca74,The Ashtan Sarovar Portico,hotel,28.559343,77.206119,4.0,,,False,8.6,537.0,https://static.cupid.travel/hotels/46981095.jpg,liteapi
lp66dce,"Four Points by Sheraton New Delhi, Airport Highway",hotel,28.528463,77.100195,3.0,,,False,8.7,525.0,https://static.cupid.travel/hotels/490224293.jpg,liteapi
lp42bb0,"Hotel The Prime Balaji Deluxe, City Centre, With Free Airport Pickup",hotel,28.64526,77.217477,4.0,,,False,8.1,2413.0,https://static.cupid.travel/hotels/38418659.jpg,liteapi
lp67fe8,Park Plaza Shahdara,hotel,28.668635,77.303714,5.0,,,False,,841.0,https://static.cupid.travel/hotels/232830718.jpg,liteapi
lp6744a,The Umrao,hotel,28.525491,77.098542,5.0,,,False,9.0,753.0,https://static.cupid.travel/hotels/34381884.jpg,liteapi
lp3fb62,Hotel Palace Heights,hotel,28.633719,77.221044,3.0,,,False,8.8,1310.0,https://static.cupid.travel/hotels/45385271.jpg,liteapi
lp655adc92,"Andaz Delhi, by Hyatt",hotel,28.554406,77.121891,5.0,,,False,,2646.0,https://static.cupid.travel/hotels/148129321.jpg,liteapi
lp39f24,Radisson Blu Hotel Noida,hotel,28.568527,77.32259,5.0,,,False,,351.0,https://static.cupid.travel/hotels/ex_7a369b40_z.jpg,liteapi
lp65749,Radisson Blu Kaushambi Delhi NCR,hotel,28.636513,77.328236,5.0,,,False,8.6,1259.0,https://static.cupid.travel/hotels/232829269.jpg,liteapi
lp4cc5f,Hotel Shanti Palace,hotel,28.546755,77.124815,4.0,,,False,,126.0,https://static.cupid.travel/hotels/ex_7a280f57_z.jpg,liteapi
lp5212f,"Mosaic Original,Noida",hotel,28.571251,77.325189,4.0,,,False,7.5,164.0,https://static.cupid.travel/hotels/385682875.jpg,liteapi
lp655580ad,Minimalist Poshtel & Suites,hotel,28.552462,77.194144,3.0,,,False,7.0,690.0,https://static.cupid.travel/hotels/246292620.jpg,liteapi
lp4ca64,The Corus Hotel,hotel,28.63382,77.218515,3.0,,,False,6.8,93.0,https://static.cupid.travel/hotels/513164628.jpg,liteapi
lp67c0d,Hotel Krishna Deluxe-By RCG Hotels Near New Delhi Train Station,hotel,28.64697,77.21162,4.0,,,False,8.4,2378.0,https://static.cupid.travel/hotels/473434805.jpg,liteapi
lp58dbf,Shervani Nehru Place,hotel,28.546472,77.248646,4.0,,,False,7.2,181.0,https://static.cupid.travel/hotels/115647561.jpg,liteapi
lp9b7a0,Airport Hotel Grand Delhi,hotel,28.545098,77.123173,4.0,,,False,7.8,193.0,https://static.cupid.travel/hotels/ex_75003191_z.jpg,liteapi
lp5eaa7,Hotel Classic Diplomat,hotel,28.547731,77.125944,3.0,,,False,7.0,100.0,https://static.cupid.travel/hotels/ex_e48ae651_z.jpg,liteapi
lp36379,Hotel Ajanta,hotel,28.646429,77.213294,3.0,,,False,,107.0,https://static.cupid.travel/hotels/ex_9deeaba0_z.jpg,liteapi
lp6558dc0c,Le ROI Express Paharganj,hotel,28.64147,77.213428,3.0,,,False,9.2,356.0,https://static.cupid.travel/hotels/412404891.jpg,liteapi
lp6577130b,Hotel Namaste Hindustan Just a Minute Away From New Delhi Railway Station and Connaught place,hotel,28.642785,77.217755,4.0,,,False,8.9,2494.0,https://static.cupid.travel/hotels/612061142.jpg,liteapi
lp5cbda,Udman Panchshila Park by Ferns N Petals,hotel,28.54424,77.213142,4.0,,,False,,238.0,https://static.cupid.travel/hotels/ex_998e4477_z.jpg,liteapi
lp583e1,Hotel Godwin Deluxe,hotel,28.645527,77.21631,3.0,,,False,,102.0,https://static.cupid.travel/hotels/ex_30aad55a_z.jpg,liteapi
lp6dab3,Ahuja Residency Sunder Nagar,hotel,28.602538,77.240921,3.0,,,False,8.6,304.0,https://static.cupid.travel/hotels/25565818.jpg,liteapi
lp6559de98,"Hotel Apple Inn & Suites, New Delhi",hotel,28.644552,77.215781,4.0,,,False,8.4,943.0,https://static.cupid.travel/hotels/503397432.jpg,liteapi
lp17754d,Colonels Retreat 2,hotel,28.5739,77.23593,3.0,,,False,8.6,5.0,https://static.cupid.travel/hotels/ex_82af498c_z.jpg,liteapi
lp2da57,"Diplomat, Chanakyapuri New Delhi- A Boutique Hotel",hotel,28.606367,77.188501,5.0,,,False,6.7,297.0,https://static.cupid.travel/hotels/285892261.jpg,liteapi
lp51532,Hari Piorko Grand,hotel,28.641076,77.213948,3.0,,,False,3.0,193.0,https://static.cupid.travel/hotels/ex_c70bbc59_z.jpg,liteapi
lp6dd2b,The Grand Orion - Kailash Colony,hotel,28.553291,77.244246,4.0,,,False,8.0,254.0,https://static.cupid.travel/hotels/383238101.jpg,liteapi
lp655ba966,Mayda Inn- A Boutique Hotel,hotel,28.550529,77.13099,3.0,,,False,9.2,873.0,https://static.cupid.travel/hotels/450372284.jpg,liteapi
lp995dd,Connaught Royale,hotel,28.63224,77.22746,3.0,,,False,8.2,70.0,https://static.cupid.travel/hotels/ex_df164689_z.jpg,liteapi
lp52c73,Airport Hotel Le Seasons New Delhi,hotel,28.547429,77.125617,4.0,,,False,7.8,267.0,https://static.cupid.travel/hotels/83577790.jpg,liteapi
lp5e5f8,Iris Park Hotel,hotel,28.56591,77.19513,3.0,,,False,7.8,40.0,https://static.cupid.travel/hotels/ex_732f6704_z.jpg,liteapi
lp6c89b,Hotel Shelton,hotel,28.640949,77.213494,3.0,,,False,,405.0,https://static.cupid.travel/hotels/239450220.jpg,liteapi
lp4fbe2,Hotel Airport Residency,hotel,28.536561,77.099481,3.0,,,False,6.0,127.0,https://static.cupid.travel/hotels/83160887.jpg,liteapi
lp4f6df,Rockland Hotel - C R Park,hotel,28.543193,77.242631,3.0,,,False,7.6,51.0,https://static.cupid.travel/hotels/ex_c9963760_z.jpg,liteapi
lp75c43,Jukaso Inn Down Town,hotel,28.63399,77.221687,3.0,,,False,7.0,51.0,https://static.cupid.travel/hotels/ex_d6967b86_z.jpg,liteapi
lp52c97,Colonels Retreat,hotel,28.568646,77.233175,2.0,,,False,,51.0,https://static.cupid.travel/hotels/ex_3765415c_z.jpg,liteapi
lp656c377c,Bloom Hotel - Karol Bagh,hotel,28.645352,77.19048,3.0,,,False,8.2,475.0,https://static.cupid.travel/hotels/517583714.jpg,liteapi
lpc613d,Hotel City Empire - New Delhi City Centre,hotel,28.644013,77.216279,4.0,,,False,,2639.0,https://static.cupid.travel/hotels/467174147.jpg,liteapi
lp6c287,Hotel Metro View,hotel,28.645065,77.189534,3.0,,,False,7.4,72.0,https://static.cupid.travel/hotels/152633806.jpg,liteapi
lp53d48,Wood Castle,hotel,28.644171,77.183566,3.0,,,False,9.0,155.0,https://static.cupid.travel/hotels/612503536.jpg,liteapi
lp4c3d7,Hotel Sunstar Grand,hotel,28.646279,77.184126,3.0,,,False,8.8,229.0,https://static.cupid.travel/hotels/13086189.jpg,liteapi
lp65730089,"THE SINGH EMPIRE , Luxury collection Hotel",hotel,28.644089,77.216165,4.0,,,False,8.0,2636.0,https://static.cupid.travel/hotels/599497593.jpg,liteapi
lp53461,The Manor - New Delhi,hotel,28.570276,77.256471,3.0,,,False,8.1,233.0,https://static.cupid.travel/hotels/464009358.jpg,liteapi
lp6fabd,"Hotel LaSagrita,Sunder Nagar",hotel,28.605159,77.241888,3.0,,,False,7.3,208.0,https://static.cupid.travel/hotels/29506849.jpg,liteapi
lp224da2,Hotel Z Suite,hotel,28.551011,77.13102,3.0,,,False,7.8,25.0,https://static.cupid.travel/hotels/ex_ae3fd9b4_z.jpg,liteapi
lpca8e3,Prakash Kutir B&B,hotel,28.55152,77.209705,,,,False,8.9,370.0,https://static.cupid.travel/hotels/265000185.jpg,liteapi
lp1b087c,The Orion Plaza,hotel,28.546772,77.25391,4.0,,,False,,20.0,https://static.cupid.travel/hotels/ex_w4000h2245x0y0-5810205a_z.jpg,liteapi
lp62190,Hotel Blue Stone - Nehru Place,hotel,28.544206,77.248064,4.0,,,False,7.6,17.0,https://static.cupid.travel/hotels/ex_613f8501_z.jpg,liteapi
lp6217b,Zone Connect by The Park Saket New Delhi,hotel,28.528149,77.220556,5.0,,,False,7.8,1089.0,https://static.cupid.travel/hotels/463079227.jpg,liteapi
lp6556a998,Tatvamasi Homestay,hotel,28.536049,77.246034,,,,False,9.8,543.0,https://static.cupid.travel/hotels/221136174.jpg,liteapi
lp65432,Bloomrooms @ Link Road,hotel,28.581192,77.239324,3.0,,,False,9.0,811.0,https://static.cupid.travel/hotels/57187964.jpg,liteapi
lp4c634,"Fortune Sector 27, Noida - Member ITC Hotels' Group",hotel,28.576945,77.32752,4.0,,,False,7.9,251.0,https://static.cupid.travel/hotels/16216044.jpg,liteapi
lp5b841,Hotel Bright,hotel,28.633215,77.222694,3.0,,,False,7.7,251.0,https://static.cupid.travel/hotels/78875124.jpg,liteapi
lp655adcba,Hotel Krishna - By RCG Hotels Near Connaught Place,hotel,28.645948,77.21473,4.0,,,False,8.4,3440.0,https://static.cupid.travel/hotels/473434359.jpg,liteapi
lp59b14,Ginger East Delhi,hotel,28.66567,77.303879,3.0,,,False,,678.0,https://static.cupid.travel/hotels/491185251.jpg,liteapi
lp33a3f7,Gracious by Vishesh Hotels & Home Stay,hotel,28.544666,77.128466,3.0,,,False,9.8,90.0,https://static.cupid.travel/hotels/476009539.jpg,liteapi
lp6bf3e,Hotel Shri Vinayak in City Centre at New Delhi Railway Station-By RCG Hotels,hotel,28.645755,77.217292,4.0,,,False,8.5,2781.0,https://static.cupid.travel/hotels/613496643.jpg,liteapi
lp6fe57,Smyle Inn,hotel,28.641666,77.214711,2.0,,,False,7.6,100.0,https://static.cupid.travel/hotels/ex_42f06a15_z.jpg,liteapi
lpdf202,Seven Seas Hotel,hotel,28.700412,77.1154,5.0,,,False,10.0,245.0,https://static.cupid.travel/hotels/229516143.jpg,liteapi
lp563b1,Hotel Baba Deluxe near New Delhi Railway Station and City Center -By RCG Hotels,hotel,28.645711,77.21738,3.0,,,False,8.4,3091.0,https://static.cupid.travel/hotels/473429234.jpg,liteapi
lp657c312c,Colonel’s Retreat,hotel,28.568627,77.233106,3.0,,,False,9.2,783.0,https://static.cupid.travel/hotels/69766010.jpg,liteapi
lp65819c0e,Hotel Ajanta - Colonial Charm Award Winning Luxury Hotel in the Heart of the City,hotel,28.645527,77.216699,3.0,,,False,8.6,2304.0,https://static.cupid.travel/hotels/7875601.jpg,liteapi
lp65714fc3,Hotel Blue Pearl Near Connaught Palace & New Delhi Railway Station,hotel,28.645207,77.215841,4.0,,,False,8.1,4286.0,https://static.cupid.travel/hotels/221787430.jpg,liteapi
lp6574d1c4,Airport Hotel Grand,hotel,28.545042,77.123242,4.0,,,False,8.2,3752.0,https://static.cupid.travel/hotels/63015184.jpg,liteapi
lp657b113d,The Grand Uddhav,hotel,28.640255,77.213097,3.0,,,False,8.5,1919.0,https://static.cupid.travel/hotels/206280007.jpg,liteapi
lp8405b,Airport Hotel,hotel,28.565238,77.122667,2.0,,,False,6.9,140.0,https://static.cupid.travel/hotels/273716551.jpg,liteapi
lp418b9,Muse Sarovar Portico Nehru Place,hotel,28.545551,77.247732,4.0,,,False,8.0,168.0,https://static.cupid.travel/hotels/72040207.jpg,liteapi
lp7270f,Airport Hotel Chanakya,hotel,28.54558,77.12278,3.0,,,False,6.6,66.0,https://static.cupid.travel/hotels/ex_0e681a7c_z.jpg,liteapi
lp6558327d,Treebo Aviraj Inn,hotel,28.579413,77.322976,3.0,,,False,8.4,66.0,https://static.cupid.travel/hotels/380274075.jpg,liteapi
lp43bb8,The Orion - Greater Kailash,hotel,28.548661,77.241869,4.0,,,False,,83.0,https://static.cupid.travel/hotels/ex_d532da2a_z.jpg,liteapi
lp6574b475,Hotel Stay Well Dx,hotel,28.644162,77.215654,3.0,,,False,8.7,1036.0,https://static.cupid.travel/hotels/503294708.jpg,liteapi
lp657c3225,Hindustan By Backpackers Heaven - Traveller's Choice Award 2023-24-25-26 Best of Best Winning Hotel with Complimentary Airport Pick up,hotel,28.642194,77.21167,4.0,,,False,8.3,2273.0,https://static.cupid.travel/hotels/604354231.jpg,liteapi
lp90b5c,Villa 33,hotel,28.547634,77.198635,4.0,,,False,9.1,568.0,https://static.cupid.travel/hotels/64952203.jpg,liteapi
lp6570d406,Hotel Gold The Royal A Luxurious Stay- Near New Delhi Railway Station & Connaught Place,hotel,28.641494,77.216171,4.0,,,False,8.8,909.0,https://static.cupid.travel/hotels/607833054.jpg,liteapi
lp65729d9c,"Hotel City Star, Near Connaught Place & New Delhi Railway Station, with Free Airport Pickup",hotel,28.644682,77.215031,4.0,,,False,8.5,1601.0,https://static.cupid.travel/hotels/555536583.jpg,liteapi
lpfd65e,The Hosteller Delhi,hostel,28.57091,77.25986,,,,False,8.6,1116.0,https://static.cupid.travel/hotels/603824513.jpg,liteapi
lp8b55e,Joey's Hostel Delhi,hostel,28.629084,77.274451,,,,False,8.3,1925.0,https://static.cupid.travel/hotels/63023696.jpg,liteapi
lp65741973,HOTEL GODWIN DELUXE NEAR CONNAUGHT PLACE Offers FREE AIRPORT PICKUP,hotel,28.645844,77.215229,4.0,,,False,8.5,1250.0,https://static.cupid.travel/hotels/20008755.jpg,liteapi
lp656bbec4,"Fortune Park, East Delhi - Member ITC Hotels' Group",hotel,28.665432,77.304083,4.0,,,False,,123.0,https://static.cupid.travel/hotels/521337698.jpg,liteapi
lp805db,BLESS INN - Near New Delhi Railway Station & Connaught Place,hotel,28.641631,77.21063,4.0,,,False,8.3,1631.0,https://static.cupid.travel/hotels/524600258.jpg,liteapi
lp65728e6b,Hotel Grand Godwin Near New Delhi Railway Station- Free Airport Pick-Up,hotel,28.645839,77.215369,4.0,,,False,8.5,1194.0,https://static.cupid.travel/hotels/39909399.jpg,liteapi
lp65761921,Airport La Sapphire Hotel & Restaurant,hotel,28.547312,77.125149,3.0,,,False,8.3,1843.0,https://static.cupid.travel/hotels/520462724.jpg,liteapi
lp818eb,Hotel Gold Souk - Karol Bagh,hotel,28.64596,77.183074,4.0,,,False,8.3,1521.0,https://static.cupid.travel/hotels/592607062.jpg,liteapi
lp657321b8,"HOTEL DAKHA INTERNATIONAL - Karol Bagh, New Delhi",hotel,28.646195,77.196347,3.0,,,False,8.4,1206.0,https://static.cupid.travel/hotels/160512672.jpg,liteapi
lp6576e05b,Hotel Almati Inn Near IGI Delhi Airport - With Free Airport Pickup,hotel,28.556895,77.100303,4.0,,,False,8.8,942.0,https://static.cupid.travel/hotels/526413899.jpg,liteapi
lp5ecbc,Home@F37,hotel,28.555383,77.243229,3.0,,,False,,65.0,https://static.cupid.travel/hotels/ex_b06bd1a7_z.jpg,liteapi
lp841c3,Tree of Life Bed & Breakfast,hotel,28.524645,77.204101,4.0,,,False,9.3,275.0,https://static.cupid.travel/hotels/97710854.jpg,liteapi
lp65781002,Two Green Park,hotel,28.561076,77.205526,3.0,,,False,9.4,234.0,https://static.cupid.travel/hotels/587373569.jpg,liteapi
lp657a52c9,Qotel Comfort Ashok Vihar,hotel,28.684361,77.182552,2.0,,,False,9.0,335.0,https://static.cupid.travel/hotels/499199096.jpg,liteapi
lp6574837b,HOTEL SHANDON-2 Mins From Connaught Place,hotel,28.638485,77.210345,4.0,,,False,8.8,628.0,https://static.cupid.travel/hotels/600644367.jpg,liteapi
lp6571311f,Hotel Red Castle - Near Ganga Ram & BLK Hospital - Karol Bagh,hotel,28.646837,77.184552,4.0,,,False,8.5,850.0,https://static.cupid.travel/hotels/592595399.jpg,liteapi
lp65785e98,Hotel Smart Plaza-Near Delhi Airport,hotel,28.551145,77.120216,3.0,,,False,8.3,1167.0,https://static.cupid.travel/hotels/533383225.jpg,liteapi
lp65782082,Olive Service Apartments - Greater Kailash,hotel,28.552412,77.230932,4.0,,,False,9.3,233.0,https://static.cupid.travel/hotels/590557635.jpg,liteapi
lp6576cef5,"The Saina International - New Delhi, Paharganj",hotel,28.641222,77.211603,4.0,,,False,8.4,873.0,https://static.cupid.travel/hotels/556952411.jpg,liteapi
lp6575f0cc,Hotel International Inn - Near Delhi Airport,hotel,28.550025,77.128813,3.0,,,False,7.9,1962.0,https://static.cupid.travel/hotels/133622512.jpg,liteapi
lp65723916,Hotel D'Capitol-Delhi Airport,hotel,28.541297,77.129778,4.0,,,False,7.9,2249.0,https://static.cupid.travel/hotels/534197636.jpg,liteapi
lp657b7187,HOTEL ICONIC At Delhi IGI International Airport,hotel,28.548914,77.123282,3.0,,,False,8.6,772.0,https://static.cupid.travel/hotels/462161541.jpg,liteapi
lp65791371,The Vanson Pride,hotel,28.641132,77.211488,4.0,,,False,8.3,990.0,https://static.cupid.travel/hotels/575773116.jpg,liteapi
lp4b33f,The Sun Court Hotel Yatri,hotel,28.644746,77.183974,3.0,,,False,,47.0,https://static.cupid.travel/hotels/ex_0232d9f1_z.jpg,liteapi
lp25f2c6,Airport Hotel Tashree,hotel,28.529647,77.087141,2.0,,,False,8.6,120.0,https://static.cupid.travel/hotels/ex_2293f0c1_z.jpg,liteapi
lp6580b90f,Empire Platinum Suites-Central Delhi,hotel,28.644585,77.215647,4.0,,,False,8.9,357.0,https://static.cupid.travel/hotels/580288940.jpg,liteapi
lp65775efd,Hotel Kiara - Near Delhi Airport,hotel,28.5612,77.093121,3.0,,,False,9.0,282.0,https://static.cupid.travel/hotels/596289878.jpg,liteapi
lp6581b014,Hotel Armani Suites-Free Airport Drop,hotel,28.556901,77.100292,3.0,,,False,8.6,628.0,https://static.cupid.travel/hotels/615897638.jpg,liteapi
lp65795160,Hotel Pearl Plaza - Paharganj - New Delhi,hotel,28.641754,77.210621,4.0,,,False,8.7,438.0,https://static.cupid.travel/hotels/584094338.jpg,liteapi
lp657f6124,Hotel Sapphire House - 3 Mins Walk from Metro and 5 Mins from New Delhi Railway Station,hotel,28.641705,77.211726,4.0,,,False,8.5,594.0,https://static.cupid.travel/hotels/503272848.jpg,liteapi
lp65725189,Hotel Glitz - Walk in from New Delhi Railway Station,hotel,28.642225,77.21658,3.0,,,False,8.3,860.0,https://static.cupid.travel/hotels/528419316.jpg,liteapi
lp22184d,Hotel Smart Plaza,hotel,28.548035,77.122644,3.0,,,False,9.9,50.0,https://static.cupid.travel/hotels/ex_368bb2f6_z.jpg,liteapi
lp1b4d41,Olivia Hotels - Delhi Airport,hotel,28.556903,77.100302,3.0,,,False,8.1,1045.0,https://static.cupid.travel/hotels/375658921.jpg,liteapi
lp873e9,Hotel Aman Continental - Connaught Place,hotel,28.641603469848633,77.2171401977539,3.0,,,False,,,https://static.cupid.travel/hotels/ex_dd03c959_z.jpg,liteapi
lp6557dd2a,The Elevate Hotel Near Terminal 3 Delhi Airport With- Free Airport Pickup,hotel,28.549984,77.1233,4.0,,,False,8.5,1036.0,https://static.cupid.travel/hotels/517956058.jpg,liteapi
lpc44e0,OPO Viva Palace,hotel,28.545472,77.123178,4.0,,,False,6.2,20.0,https://static.cupid.travel/hotels/ex_2eb3c470_z.jpg,liteapi
lp65755d81,Hotel Panickers Residency - Near Ganga Ram & BLK Hospital - Karol Bagh,hotel,28.647727,77.19033,3.0,,,False,8.4,709.0,https://static.cupid.travel/hotels/614896504.jpg,liteapi
lp657719f5,Hotel Cosmo Near BLK Hospital Karol Bagh,hotel,28.645778,77.183451,4.0,,,False,8.4,727.0,https://static.cupid.travel/hotels/531440831.jpg,liteapi
lp657b4d6b,The Suncourt Hotel Yatri,hotel,28.644707,77.184053,3.0,,,False,8.4,636.0,https://static.cupid.travel/hotels/13067457.jpg,liteapi
lp657b2c9c,Haveli Hauz Khas,hotel,28.547617,77.20145,4.0,,,False,9.4,142.0,https://static.cupid.travel/hotels/130986509.jpg,liteapi
lp6571327c,Hotel Apple Villa - New Delhi,hotel,28.640613,77.211407,3.0,,,False,9.2,158.0,https://static.cupid.travel/hotels/62075071.jpg,liteapi
lpfbd34,Hotel LA,hotel,28.686998,77.102283,5.0,,,False,7.6,1.0,https://static.cupid.travel/hotels/ex_51caa97b_z.jpg,liteapi
lp65714856,"HOTEL UPTOWN with Luxury Restaurant & Rooftop Near Connaught Place, New Delhi City Centre",hotel,28.640407,77.210138,4.0,,,False,8.2,788.0,https://static.cupid.travel/hotels/602297080.jpg,liteapi
lpc206e,Minimalist One Hauz Khas Village,hotel,28.552537,77.194448,3.0,,,False,7.4,913.0,https://static.cupid.travel/hotels/600277749.jpg,liteapi
lp65771547,Hotel Kaca Inn - Near New Delhi Railway Station & Connaught Place,hotel,28.644471,77.215755,4.0,,,False,8.5,513.0,https://static.cupid.travel/hotels/498874875.jpg,liteapi
lp58f51,Treebo Rockwell Plaza,hotel,28.64694,77.18968,3.0,,,False,8.2,726.0,https://static.cupid.travel/hotels/284520198.jpg,liteapi
lp5636d,Hotel Grand Godwin,hotel,28.645619,77.214752,3.0,,,False,,117.0,https://static.cupid.travel/hotels/ex_1b74c5e3_z.jpg,liteapi
lpdea8a,Beacon Hotel Nirman Vihar New Delhi,hotel,28.634925,77.285773,3.0,,,False,8.6,14.0,https://static.cupid.travel/hotels/ex_3c12dcbe_z.jpg,liteapi
lp657477e2,Hotel The Gold Inn - Walking Distance From Gaffar Market Karol Bagh Delhi,hotel,28.646868,77.18818,3.0,,,False,8.5,548.0,https://static.cupid.travel/hotels/612297903.jpg,liteapi
lp6586108a,The Shanti Plaza New Delhi,hotel,28.645211,77.215221,3.0,,,False,7.6,5.0,https://static.cupid.travel/hotels/ex_84a1185d_z.jpg,liteapi
lp6582735e,Hotel Narayan,hotel,28.546,77.14026,3.0,,,False,8.8,235.0,https://static.cupid.travel/hotels/622648144.jpg,liteapi
lpe05f5,Orania B & B by Atsar,hotel,28.553129,77.204781,4.0,,,False,8.3,249.0,https://static.cupid.travel/hotels/115495991.jpg,liteapi
lp65756133,"Cosy Grand, Chanakyapuri by The Cosy Hotels",hotel,28.574325,77.178985,4.0,,,False,8.2,671.0,https://static.cupid.travel/hotels/519804143.jpg,liteapi
lp657e95d5,Olive Serviced Apartments Saket,hotel,28.523376,77.207027,4.0,,,False,10.0,46.0,https://static.cupid.travel/hotels/529937207.jpg,liteapi
lp6577c580,Hotel Vedas Heritage - Karol Bagh - Newly Renovated,hotel,28.64398,77.18417,3.0,,,False,8.7,239.0,https://static.cupid.travel/hotels/537368612.jpg,liteapi
lp657e6049,Jasmine Boutique Hotel Jasola,hotel,28.540008,77.29461,3.0,,,False,8.9,171.0,https://static.cupid.travel/hotels/521593979.jpg,liteapi
lp6575d43e,"Hotel Mehul International -Near New Delhi Railway Station, Paharganj & Connaught Place",hotel,28.646929,77.211431,4.0,,,False,8.7,240.0,https://static.cupid.travel/hotels/620139749.jpg,liteapi
lp655898c5,Foxoso Hotel Delhi,hotel,28.546497,77.124846,4.0,,,False,7.0,24.0,https://static.cupid.travel/hotels/ex_243b3240_z.jpg,liteapi
lp37a32,Hotel City Park,hotel,28.704947,77.143266,4.0,,,False,7.0,49.0,https://static.cupid.travel/hotels/ex_2387bf3b_z.jpg,liteapi
lp657ec5c6,FabHotel White Klove - Nr New Delhi Railway Station,hotel,28.641242,77.211834,3.0,,,False,7.8,963.0,https://static.cupid.travel/hotels/213269656.jpg,liteapi
lpe0162,Aashianaa Gracious Living,hotel,28.539805,77.24152,,,,False,8.5,338.0,https://static.cupid.travel/hotels/329405265.jpg,liteapi
lp655dfe86,House Of Comfort Delhi,hotel,28.552431,77.249454,4.0,,,False,9.1,634.0,https://static.cupid.travel/hotels/401752635.jpg,liteapi
lp84150,"Hotel Kings Inn, Karol Bagh, New Delhi",hotel,28.644795,77.185526,3.0,,,False,8.9,211.0,https://static.cupid.travel/hotels/48387171.jpg,liteapi
lp6574446f,Hotel Star Villa City Centre Connaught Place - Airport Pick Up & Drop,hotel,28.642398,77.217944,4.0,,,False,7.9,917.0,https://static.cupid.travel/hotels/542638153.jpg,liteapi
lp657c4f73,Hotel Transit International- Aerocity Delhi Airport,hotel,28.546657,77.133153,2.0,,,False,8.4,382.0,https://static.cupid.travel/hotels/610163290.jpg,liteapi
lp65599a4c,Hotel Premium Suites Near Delhi Airport,hotel,28.549253,77.123119,4.0,,,False,8.5,1629.0,https://static.cupid.travel/hotels/514091098.jpg,liteapi
lp656dde8e,"Hotel The Pearl, City Center - Traveler's Choice Award Winner for 2025",hotel,28.644969,77.214382,4.0,,,False,8.4,426.0,https://static.cupid.travel/hotels/610978127.jpg,liteapi
lp4f057,Hotel Chanchal Continental - New Delhi City Centre,hotel,28.645647,77.216206,3.0,,,False,7.8,894.0,https://static.cupid.travel/hotels/556915750.jpg,liteapi
lp9ad23,Check In Room Chuna Mandi,hotel,28.641013,77.212609,3.0,,,False,7.2,42.0,https://static.cupid.travel/hotels/ex_0778cd08_z.jpg,liteapi
lp5eaab,Jyoti Mahal A Royal Heritage Hotel - Traveler's Choice Award 2026 - Near to Connaught Place,hotel,28.642033,77.211746,4.0,,,False,,1289.0,https://static.cupid.travel/hotels/500727751.jpg,liteapi
lp65778b80,Hotel Samrat Residency Luxury At Nizamuddin Railway Station,hotel,28.581936,77.250993,4.0,,,False,8.1,554.0,https://static.cupid.travel/hotels/557267561.jpg,liteapi
lp32f926,Hotel Grand Uddhav,hotel,28.640208,77.213097,3.0,,,False,7.6,25.0,https://static.cupid.travel/hotels/ex_915f0b75_z.jpg,liteapi
lp657dc695,Hotel Aerocity Purple Orchid,hotel,28.539746,77.117407,3.0,,,False,8.2,472.0,https://static.cupid.travel/hotels/209635105.jpg,liteapi
lp656b1a81,Zaza Stay,hotel,28.587229,77.245609,4.0,,,False,9.2,463.0,https://static.cupid.travel/hotels/107528229.jpg,liteapi
lp656e42ba,Hotel Downtown by Quadis - Sector 15 Noida,hotel,28.581653,77.314028,3.0,,,False,9.3,80.0,https://static.cupid.travel/hotels/620518662.jpg,liteapi
lp657796d6,Iconic Stay Near Delhi IGI Airport,hotel,28.55675,77.10027,3.0,,,False,9.8,27.0,https://static.cupid.travel/hotels/600497183.jpg,liteapi
lp6576e6f1,Olive Serviced Apartments - New Friends Colony,hotel,28.566447,77.272298,4.0,,,False,9.5,66.0,https://static.cupid.travel/hotels/614186358.jpg,liteapi
lp655a7c8c,Hotel Tripple Tree - Near Ganga Ram & BLK Hospital - Karol Bagh,hotel,28.646522,77.183503,4.0,,,False,8.6,1231.0,https://static.cupid.travel/hotels/400306726.jpg,liteapi
lp370e4b,Bloom Boutique l GK1,hotel,28.548239,77.238315,3.0,,,False,7.7,357.0,https://static.cupid.travel/hotels/236834473.jpg,liteapi
lp6578d8f9,Novotel New Delhi City Centre,hotel,28.646579,77.206757,5.0,,,False,8.4,428.0,https://static.cupid.travel/hotels/614430219.jpg,liteapi
lp48059,Hotel Sunstar Residency,hotel,28.645084,77.182449,3.0,,,False,8.6,219.0,https://static.cupid.travel/hotels/29440288.jpg,liteapi
lp655bb32f,"The Shanti Plaza - Traveler's choice awarded 2025 - New Delhi Railway Station, Paharganj",hotel,28.644734,77.214813,4.0,,,False,8.8,856.0,https://static.cupid.travel/hotels/518142757.jpg,liteapi
lp514a0,Hotel Le Roi Near New Delhi Railway Station,hotel,28.644221,77.210715,3.0,,,False,6.3,189.0,https://static.cupid.travel/hotels/25497008.jpg,liteapi
lp65736980,Hotel Re Pose Villa Walking Distance From New Delhi Railway Station and R K Ashram Metro Station,hotel,28.64351,77.211564,3.0,,,False,8.5,244.0,https://static.cupid.travel/hotels/583111812.jpg,liteapi
lp65545f5c,Hotel Smart Signature,hotel,28.549841,77.122736,3.0,,,False,6.8,5.0,https://static.cupid.travel/hotels/ex_3bb96e5d_z.jpg,liteapi
lp6575b200,Hotel Le Roi Express Karol Bagh,hotel,28.646062,77.185653,3.0,,,False,8.8,144.0,https://static.cupid.travel/hotels/611301457.jpg,liteapi
lp657b806c,Collection O Vasundhara Enclave Delhi,hotel,28.608141,77.320389,,,,False,9.4,46.0,https://static.cupid.travel/hotels/622662838.jpg,liteapi
lp65866e95,Hotel The Rise,hotel,28.550206,77.129845,2.0,,,False,10.0,16.0,https://static.cupid.travel/hotels/ex_18393e04_z.jpg,liteapi
lp65738355,"BluO 3BHK Safdarjung Enclave, Lift & Terrace Garden",hotel,28.559673,77.201982,4.0,,,False,10.0,16.0,https://static.cupid.travel/hotels/348627372.jpg,liteapi
lp6557e1dd,The Dream House BnB,hotel,28.563277,77.190224,3.0,,,False,8.2,366.0,https://static.cupid.travel/hotels/356672778.jpg,liteapi
lp656b9e2f,Bungalow 99,hotel,28.574769,77.233587,4.0,,,False,9.2,367.0,https://static.cupid.travel/hotels/170315866.jpg,liteapi
lp96f80,Hotel Prince Palace DX by check in room,hotel,28.641753,77.217849,3.0,,,False,7.6,40.0,https://static.cupid.travel/hotels/ex_5899f8e9_z.jpg,liteapi
lp655bb358,The IVY Grand Hotel - Luxury living in City Centre Near Connaught Place,hotel,28.645554,77.210211,4.0,,,False,8.6,955.0,https://static.cupid.travel/hotels/350644187.jpg,liteapi
lp4bb12,"Trevon Inn Karol Bagh, New Delhi",hotel,28.648095,77.190909,3.0,,,False,8.5,200.0,https://static.cupid.travel/hotels/528132915.jpg,liteapi
lp657df053,"Just Renovated - Hotel Krishna Palace With Parking - New Delhi, Paharganj",hotel,28.641084,77.210982,4.0,,,False,8.3,355.0,https://static.cupid.travel/hotels/580891205.jpg,liteapi
lp657904ec,Hotel Ashram Suites Near Nizamuddin Railway Station,hotel,28.573652,77.258019,4.0,,,False,8.3,305.0,https://static.cupid.travel/hotels/538838566.jpg,liteapi
lp656c20f1,FabHotel F9 Noida Sector 27,hotel,28.574735,77.327309,3.0,,,False,8.2,325.0,https://static.cupid.travel/hotels/524233918.jpg,liteapi
lp657db70f,Qotel Express Sandberry Prashant Vihar,hotel,28.712618,77.137678,3.0,,,False,8.4,228.0,https://static.cupid.travel/hotels/488708377.jpg,liteapi
lp688fa,Treebo Citi International,hotel,28.645836,77.19321,3.0,,,False,8.2,101.0,https://static.cupid.travel/hotels/93260680.jpg,liteapi
lp656b3c76,The Neem,hotel,28.549929,77.232857,4.0,,,False,9.2,364.0,https://static.cupid.travel/hotels/123988908.jpg,liteapi
lp657cbe80,HOTEL GEESON INTERNATIONAL-New Delhi Railway Station-Paharganj,hotel,28.644862,77.214471,3.0,,,False,7.9,511.0,https://static.cupid.travel/hotels/550422375.jpg,liteapi
lp656b9e36,Lutyens Bungalow,hotel,28.591884,77.21391,4.0,,,False,9.2,343.0,https://static.cupid.travel/hotels/541555885.jpg,liteapi
lp657347fb,Tyche Boutique & Suites New Delhi,hotel,28.64153,77.21052,4.0,,,False,7.9,500.0,https://static.cupid.travel/hotels/609961550.jpg,liteapi
lp656ba0dd,CASA CENTRAL,hotel,28.64062,77.211537,3.0,,,False,8.8,681.0,https://static.cupid.travel/hotels/329076464.jpg,liteapi
lp65861b34,Hotel JMK - Managed by JMD Group,hotel,28.537058,77.1158,3.0,,,False,10.0,14.0,https://static.cupid.travel/hotels/ex_47e472b5_z.jpg,liteapi
lp657db581,Hotel The Metropolis Tourist Near Connaught Place And Ramakrishna Ashram Marg Metro Station,hotel,28.640928,77.210534,3.0,,,False,8.7,137.0,https://static.cupid.travel/hotels/545094051.jpg,liteapi
lp7b34e,Treebo Paras International,hotel,28.647192,77.189544,3.0,,,False,8.2,311.0,https://static.cupid.travel/hotels/534774045.jpg,liteapi
lp657318b7,Hotel Aura - 05 Mins from New Delhi Railway Station & Connaught Place,hotel,28.645899,77.215967,4.0,,,False,8.2,464.0,https://static.cupid.travel/hotels/183486964.jpg,liteapi
lp1f6ef2,Hide-In Hostel Delhi,hostel,28.520356,77.205274,,,,False,7.8,601.0,https://static.cupid.travel/hotels/570179715.jpg,liteapi
lp656bd1b5,All Time Residency Luxe Collection,hotel,28.640655,77.209689,3.0,,,False,7.4,70.0,https://static.cupid.travel/hotels/ex_532e6991_z.jpg,liteapi
lp657582f8,Hotel All Iz Well - Just a min away from New Delhi Railway Station,hotel,28.641045,77.214172,4.0,,,False,8.1,355.0,https://static.cupid.travel/hotels/593108327.jpg,liteapi
lp657122e1,Hotel Le Grand - Walk-in from RK Ashram Metro Station,hotel,28.642673,77.20886,4.0,,,False,8.1,410.0,https://static.cupid.travel/hotels/546793334.jpg,liteapi
lp65750cf3,Saltstayz Thyme - New Friends Colony,hotel,28.555933,77.270812,4.0,,,False,8.0,404.0,https://static.cupid.travel/hotels/546915347.jpg,liteapi
lpcb0d9,The Stay Inn New Delhi,hotel,28.508228,77.209938,3.0,,,False,8.8,104.0,https://static.cupid.travel/hotels/9968823.jpg,liteapi
lpde537,Eleven,hotel,28.588623,77.248736,3.0,,,False,9.2,22.0,https://static.cupid.travel/hotels/ex_c2848cca_z.jpg,liteapi
lpd599c,Hotel Aiwan-e-Shahi,hotel,28.65172,77.23273,3.0,,,False,7.9,431.0,https://static.cupid.travel/hotels/79380258.jpg,liteapi
lp6587499e,Hotel Vijaydeep Place Near Delhi Airport,hotel,28.541935,77.129443,3.0,,,False,10.0,12.0,https://static.cupid.travel/hotels/ex_2c91991f_z.jpg,liteapi
lp6573d0c2,Hotel Hari Piorko Grand - 2 Min from New Delhi Railway Station,hotel,28.641057,77.214147,4.0,,,False,8.1,326.0,https://static.cupid.travel/hotels/511195551.jpg,liteapi
lp6573a131,Hotel Glow Inn Paharganj-3 Mins Walk From New Delhi Railway Station,hotel,28.642167,77.214336,3.0,,,False,7.7,631.0,https://static.cupid.travel/hotels/116092238.jpg,liteapi
lp6572e2ca,Avatar Living@ Greater Kailash 2,hotel,28.536552,77.237727,,,,False,9.1,58.0,https://static.cupid.travel/hotels/448174962.jpg,liteapi
lpf663f,Hotel Tara Palace Daryaganj,hotel,28.64964,77.2434,3.0,,,False,,20.0,https://static.cupid.travel/hotels/ex_1320f3e4_z.jpg,liteapi
lp656dce8b,Hotel Quadis - Noida sec 15,hotel,28.58206,77.31351,3.0,,,False,8.4,180.0,https://static.cupid.travel/hotels/425440485.jpg,liteapi
lp657f6dd9,FabHotel Dolphin International,hotel,28.547119,77.126842,3.0,,,False,8.0,348.0,https://static.cupid.travel/hotels/336887776.jpg,liteapi
lp6559ebff,"Hotel Bricks, Karol Bagh, New Delhi",hotel,28.648199,77.198909,3.0,,,False,8.3,1169.0,https://static.cupid.travel/hotels/337239165.jpg,liteapi
lp65777674,HOTEL Tu CASA DELHI AIRPORT,hotel,28.54899,77.13119,4.0,,,False,8.1,291.0,https://static.cupid.travel/hotels/583403983.jpg,liteapi
lp655dbffb,Red Maple Bed & Breakfast,hotel,28.573507,77.219839,3.0,,,False,9.0,75.0,https://static.cupid.travel/hotels/47572128.jpg,liteapi
lp6dd15,Hotel Elegance,hotel,28.645929,77.215622,3.0,,,False,8.0,344.0,https://static.cupid.travel/hotels/169183679.jpg,liteapi
lp6561c1d7,Olive Service Apartments - Green Park,hotel,28.559892,77.20298,4.0,,,False,9.4,252.0,https://static.cupid.travel/hotels/408498768.jpg,liteapi
lp6577027c,"Hotel HSP Suites - Near IGI Airport, New Delhi",hotel,28.556899,77.100296,3.0,,,False,7.5,779.0,https://static.cupid.travel/hotels/511411659.jpg,liteapi
lp6576e996,Bluestone Nehru Place by The Cosy Hotels,hotel,28.546886,77.253384,4.0,,,False,8.0,336.0,https://static.cupid.travel/hotels/520797749.jpg,liteapi
lp656b3c77,Avatar Living @Safdarjung Enclave,hotel,28.564401,77.191565,4.0,,,False,8.6,721.0,https://static.cupid.travel/hotels/357444916.jpg,liteapi
lp657043b9,"Hotel Neu Villa, City Centre - Near Connaught Place & NDLS Station",hotel,28.640877,77.209548,4.0,,,False,8.3,267.0,https://static.cupid.travel/hotels/622268810.jpg,liteapi
lp6559a855,Hotel Yes Boss International- Awarded Best Hotel 2025 in Budget Category,hotel,28.641538,77.214308,3.0,,,False,8.0,1725.0,https://static.cupid.travel/hotels/241157204.jpg,liteapi
lp6572a384,"Hotel Paradise Inn - Karol Bagh, New Delhi",hotel,28.646592,77.18867,3.0,,,False,8.5,143.0,https://static.cupid.travel/hotels/594192193.jpg,liteapi
lp6559e8f8,Airport Hotel IVY,hotel,28.55615,77.09996,3.0,,,False,7.4,723.0,https://snaphotelapi.com/hotels/189171905.jpg,liteapi
lp65716174,SPOT ON Hotel Harry's 1 Near Select Citywalk Mall,hotel,28.511681,77.234539,2.0,,,False,9.7,17.0,https://static.cupid.travel/hotels/617651562.jpg,liteapi
lp6581ec9c,FabHotel Mona Continental - Nr Laxmi Nagar IT Hub,hotel,28.630032,77.286312,3.0,,,False,8.9,72.0,https://static.cupid.travel/hotels/599218052.jpg,liteapi
lp657b9bc9,GoodLuck House For International Guests Near Delhi Airport,hotel,28.5486,77.13033,3.0,,,False,8.8,79.0,https://static.cupid.travel/hotels/554724594.jpg,liteapi
lp622ce,Airport Hotel Delhi Aerocity,hotel,28.531362,77.105203,3.0,,,False,6.2,123.0,https://static.cupid.travel/hotels/ex_bb16805a_z.jpg,liteapi
lp656b3c78,B Nineteen,hotel,28.591211,77.252279,4.0,,,False,8.9,381.0,https://static.cupid.travel/hotels/36731001.jpg,liteapi
lp65755a7c,Hotel Royal Rosette- 2 Minutes Walking Distance From New Delhi Railway Station & Connaught Place,hotel,28.640381,77.216409,3.0,,,False,7.8,504.0,https://static.cupid.travel/hotels/500382894.jpg,liteapi
lp65794143,Qotel Comfort AT Residency Kaushambi Anand Vihar,hotel,28.645019,77.321781,,,,False,8.2,252.0,https://static.cupid.travel/hotels/492900966.jpg,liteapi
lpc1089,Hotel The R Blues,hotel,28.550084,77.128739,3.0,,,False,8.6,79.0,https://static.cupid.travel/hotels/ex_e776bd2c_z.jpg,liteapi
lp65729616,Hotel Almati Inn - Near Delhi Airport,hotel,28.55061,77.12027,3.0,,,False,7.3,927.0,https://static.cupid.travel/hotels/149785581.jpg,liteapi
lp656bcf22,Hotel Cottage Yes Please New Delhi,hotel,28.641132,77.210268,4.0,,,False,8.2,264.0,https://static.cupid.travel/hotels/572233663.jpg,liteapi
lp657d97f8,FabExpress Le Continental - Nr New Delhi Railway Station,hotel,28.646381,77.20928,3.0,,,False,8.0,284.0,https://static.cupid.travel/hotels/294218052.jpg,liteapi
lp6571b9f0,"BluO 3BHK Green Park, Private Garden - Balcony",hotel,28.560413,77.2039,4.0,,,False,10.0,10.0,https://static.cupid.travel/hotels/541133784.jpg,liteapi
lp656b22b9,Bungalow 157,hotel,28.572513,77.233599,4.0,,,False,9.3,188.0,https://static.cupid.travel/hotels/451547397.jpg,liteapi
lp81d93,On The House - Bed and Breakfast,hotel,28.564128,77.19574,,,,False,7.9,65.0,https://static.cupid.travel/hotels/447986522.jpg,liteapi
lpdfd01,Ramada by Wyndham New Delhi Pitampura,hotel,28.690813,77.120016,3.0,,,False,8.2,46.0,https://static.cupid.travel/hotels/ex_01c20a11_z.jpg,liteapi
lp236b44,Hotel City Pride,hotel,28.64552,77.2178,3.0,,,False,7.6,19.0,https://static.cupid.travel/hotels/ex_9e06b2c7_z.jpg,liteapi
lpc8696,RTS Hotel Delhi Airport,hotel,28.55015,77.11981,3.0,,,False,8.5,116.0,https://static.cupid.travel/hotels/hd/543392969.jpg,liteapi
lp65723df2,The Urban Nest by The Blue Kite - 3BHK Spacious & Modern Apartments With Kitchen & Wifi,hotel,28.555232,77.201357,4.0,,,False,10.0,16.0,https://static.cupid.travel/hotels/597725705.jpg,liteapi
lp65715918,BluO 4BHK Safdarjung Enclave - Lift & Balcony,hotel,28.56015,77.198376,4.0,,,False,10.0,8.0,https://static.cupid.travel/hotels/539560038.jpg,liteapi
lp656bc09e,Best Western Maharani Bagh New Delhi,hotel,28.575276,77.26328,4.0,,,False,,350.0,https://static.cupid.travel/hotels/502271716.jpg,liteapi
lp657323be,Hotel De Hocks Deluxe - New Delhi Railway Station,hotel,28.645426,77.210427,4.0,,,False,8.0,284.0,https://static.cupid.travel/hotels/585657684.jpg,liteapi
lp790d4,Natraj Yes Please -New Delhi,hotel,28.640777,77.209412,4.0,,,False,8.0,324.0,https://static.cupid.travel/hotels/568773105.jpg,liteapi
lp65787c23,Airport Hotel Stay Villa - Free Airport Drop,hotel,28.549678,77.119868,3.0,,,False,8.0,246.0,https://static.cupid.travel/hotels/592597130.jpg,liteapi
lp65873cb8,Hotel Delhi Aerocity Inn,hotel,28.5462,77.123734,3.0,,,False,8.6,89.0,https://static.cupid.travel/hotels/ex_0869c40c_z.jpg,liteapi
lp65759823,Bloom Boutique l Connaught Place Area,hotel,28.632319,77.227874,3.0,,,False,7.9,320.0,https://static.cupid.travel/hotels/462715963.jpg,liteapi
lp657b2d3c,Family Hotel By PG International,hotel,28.6434,77.21453,2.0,,,False,8.3,145.0,https://static.cupid.travel/hotels/595753469.jpg,liteapi
lp65717966,Hotel South Ex Residency - South Ex near AIIMS Delhi - Couple Friendly,hotel,28.568633,77.199165,3.0,,,False,8.1,217.0,https://static.cupid.travel/hotels/530414460.jpg,liteapi
lp6902c,Hotel Regent Grand,hotel,28.64309,77.17301,4.0,,,False,7.4,121.0,https://static.cupid.travel/hotels/62823925.jpg,liteapi
lp65582e87,Golden Tulip New Delhi - Hari Nagar,hotel,28.630088,77.113507,3.0,,,False,,4.0,https://static.cupid.travel/hotels/ex_d1033f8c_z.jpg,liteapi
lp655bb2ab,Eros Hotel New Delhi by IHG,hotel,28.609282,77.217369,5.0,,,False,8.0,1340.0,https://static.cupid.travel/hotels/557377969.jpg,liteapi
lp6573288f,Airport Hotel Delhi Aerocity,hotel,28.556903,77.100299,4.0,,,False,8.3,163.0,https://static.cupid.travel/hotels/557620284.jpg,liteapi
lp657b20f5,Hotel Le Premier,hotel,28.549398,77.12925,,,,False,8.8,60.0,https://static.cupid.travel/hotels/ex_a2fda812_z.jpg,liteapi
lp65778314,Hotel Applewood Residency - Offering Free Airport Drop,hotel,28.556254,77.100249,3.0,,,False,8.2,162.0,https://static.cupid.travel/hotels/451071465.jpg,liteapi
lp655adf99,Hotel Star By Star Group- Near Delhi Airport,hotel,28.550255,77.128966,3.0,,,False,8.1,1059.0,https://static.cupid.travel/hotels/211117611.jpg,liteapi
lp6578cac2,Hotel Lookout Stay Delhi IGI Airport,hotel,28.53983,77.13185,4.0,,,False,8.9,49.0,https://static.cupid.travel/hotels/612170281.jpg,liteapi
lpc86b4,Hotel Mayda Prime Near Delhi Airport,hotel,28.548781,77.130323,3.0,,,False,7.6,479.0,https://static.cupid.travel/hotels/517369578.jpg,liteapi
lp6ff4e,Skylink Suites Bed & Breakfast,hotel,28.571387,77.221574,3.0,,,False,8.4,69.0,https://static.cupid.travel/hotels/190402818.jpg,liteapi
lp6559792c,Heistel Delhi,hotel,28.52113,77.20218,,,,False,7.9,1479.0,https://static.cupid.travel/hotels/325922596.jpg,liteapi
lp6577becc,Divine Inn Hotel Near Rajouri Garden Main Market,hotel,28.64532,77.128254,3.0,,,False,8.4,121.0,https://static.cupid.travel/hotels/564950109.jpg,liteapi
lp657a6db0,Collection O Palam Near Railway Station,hotel,28.585077,77.089839,3.0,,,False,9.4,25.0,https://static.cupid.travel/hotels/617234155.jpg,liteapi
lp7dbf8,Hotel Aeroporto,hotel,28.548271,77.128305,4.0,,,False,,736.0,https://static.cupid.travel/hotels/44576199.jpg,liteapi
lp657b6982,Hotel Gianmala Residency South Extension near AIIMS Delhi,hotel,28.570954,77.220519,3.0,,,False,8.0,203.0,https://static.cupid.travel/hotels/525398380.jpg,liteapi
lp4abc1,Hotel Sunstar Heritage,hotel,28.645233,77.183058,3.0,,,False,7.9,260.0,https://static.cupid.travel/hotels/86209046.jpg,liteapi
lp657f912b,Homestay at Kashmiri Gate Metro & Old Delhi Railway Station,hotel,28.66698,77.230839,,,,False,7.6,448.0,https://static.cupid.travel/hotels/596578118.jpg,liteapi
lp658610b1,Hotel Royal Mahal,hotel,28.543391,77.128711,3.0,,,False,10.0,6.0,https://static.cupid.travel/hotels/ex_2109dfcd_z.jpg,liteapi
lp65869afe,Hotel Ravin,hotel,28.548496,77.126839,3.0,,,False,10.0,6.0,https://static.cupid.travel/hotels/ex_d8a39348_z.jpg,liteapi
lp656ed6f0,"BluO 3BHK- M Block GK- Balcony, Lift",hotel,28.549704,77.241138,4.0,,,False,10.0,10.0,https://static.cupid.travel/hotels/538520385.jpg,liteapi
lp65768aed,Tavisha Villa Film City Road Dadri Road,hotel,28.581297,77.303988,3.0,,,False,9.0,41.0,https://static.cupid.travel/hotels/607350442.jpg,liteapi
lp656fb9cb,Hotel IP Royal By Qotel - A Luxury Hotel Near Yamuna Sports Complex,hotel,28.658534,77.31036,3.0,,,False,7.4,540.0,https://static.cupid.travel/hotels/376555572.jpg,liteapi
lp6579fc14,Delhi Bed and Breakfast,hotel,28.571352,77.260009,,,,False,9.5,17.0,https://static.cupid.travel/hotels/45878703.jpg,liteapi
lp8409e,Hotel Star View,hotel,28.640581,77.210648,3.0,,,False,8.6,4.0,https://static.cupid.travel/hotels/ex_09db7bc9_z.jpg,liteapi
lp655adcc8,Hotel Worth - New Delhi Railway Station & Connaught Place City Centre,hotel,28.64037,77.210372,4.0,,,False,8.4,627.0,https://static.cupid.travel/hotels/331797578.jpg,liteapi
lpe00db,vandanas bed and breakfast,hotel,28.56462,77.19616,3.0,,,False,8.8,20.0,https://static.cupid.travel/hotels/ex_23c264c5_z.jpg,liteapi
lp65599397,Hotel Festival Mahipalpur At Delhi Airport,hotel,28.561093,77.095736,3.0,,,False,8.6,403.0,https://static.cupid.travel/hotels/458472432.jpg,liteapi
lp8137f,The Legend Inn - New Delhi,hotel,28.557426,77.24038,3.0,,,False,8.4,50.0,https://static.cupid.travel/hotels/ex_5185e1a0_z.jpg,liteapi
lp6559e909,Hotel Pinky Villa-Heritage Boutique Suites Near New Delhi Train station & Connaught place,hotel,28.642037,77.211696,4.0,,,False,8.2,736.0,https://static.cupid.travel/hotels/216412375.jpg,liteapi
lp65779812,Hotel Tashree Near T3 - Free Airport Drop,hotel,28.549254,77.120938,3.0,,,False,7.7,298.0,https://static.cupid.travel/hotels/458330245.jpg,liteapi
lp134775,The Desire Hostel,hostel,28.538561,77.211996,,,,False,7.3,673.0,https://static.cupid.travel/hotels/149112460.jpg,liteapi
lp656fd194,Awasthi Kozi Stays B&B - closest to VFS,hotel,28.627548,77.213794,,,,False,7.9,236.0,https://static.cupid.travel/hotels/503927234.jpg,liteapi
lpc61e6,Hotel Sopan Heights,hotel,28.645608,77.190112,3.0,,,False,7.6,351.0,https://static.cupid.travel/hotels/248946440.jpg,liteapi
lp4fe01,Hotel Aster Inn,hotel,28.647276,77.196483,3.0,,,False,7.8,71.0,https://static.cupid.travel/hotels/ex_093ae0f8_z.jpg,liteapi
lpd55f2,Thikana,hotel,28.556229,77.215097,3.0,,,False,9.2,23.0,https://static.cupid.travel/hotels/ex_e6cf1f0b_z.jpg,liteapi
lp656c16d3,HIRA PALACE,hotel,28.53229,77.29771,3.0,,,False,10.0,2.0,https://static.cupid.travel/hotels/ex_96994f13_z.jpg,liteapi
lp65704fa9,Hotel Gold Palace - 03 Mins Walk From New Delhi Railway Station,hotel,28.641413,77.215841,3.0,,,False,8.5,102.0,https://static.cupid.travel/hotels/618017264.jpg,liteapi
lp657cb920,The Iconic Hotel at Delhi International Airport,hotel,28.5569,77.1003,4.0,,,False,7.8,495.0,https://static.cupid.travel/hotels/570346772.jpg,liteapi
lp65795950,Airport Hotel Swan Near Delhi Airport,hotel,28.55676,77.10056,4.0,,,False,7.9,199.0,https://static.cupid.travel/hotels/515619807.jpg,liteapi
lp6576fbe0,Hotel Red Marble Near IGI Airport,hotel,28.54161,77.12946,,,,False,10.0,5.0,https://static.cupid.travel/hotels/615341306.jpg,liteapi
lp6582760d,The Sleepover Inn - Newly Built Boutique Stay Near Connaught Palace,hotel,28.640929,77.210332,,,,False,10.0,5.0,https://static.cupid.travel/hotels/622297472.jpg,liteapi
lp655baa35,Hotel Kaushal Palace,hotel,28.64154,77.21269,3.0,,,False,7.2,185.0,https://static.cupid.travel/hotels/227719064.jpg,liteapi
lp6558275c,Staybook Hotel Aira,hotel,28.64616,77.20881,3.0,,,False,8.2,94.0,https://static.cupid.travel/hotels/ex_w2999h1911x0y88-5fb3d50d_z.jpg,liteapi
lp657c52fe,Arch The Venus - Free Airport Pickup or Drop,hotel,28.554616,77.087654,4.0,,,False,8.3,106.0,https://static.cupid.travel/hotels/512886598.jpg,liteapi
lp6578228a,Aman International-A New Unit of Aman Continental,hotel,28.641718,77.217343,3.0,,,False,8.3,103.0,https://static.cupid.travel/hotels/436830236.jpg,liteapi
lp42efe,Hotel Pearl Plaza,hotel,28.64173,77.21063,3.0,,,False,8.8,42.0,https://static.cupid.travel/hotels/ex_59a0fc32_z.jpg,liteapi
lp6f783,Hotel Meridian Plaza,hotel,28.548426,77.241088,3.0,,,False,8.6,27.0,https://static.cupid.travel/hotels/ex_w839h1120x3y3-dfa78858_z.jpg,liteapi
lp656c2fef,FabHotel PP Residency,hotel,28.699625,77.190177,4.0,,,False,8.6,71.0,https://static.cupid.travel/hotels/475479647.jpg,liteapi
lp6576fd19,The Oakland plaza - Nehru Place by Orion Hotels,hotel,28.547078,77.253994,3.0,,,False,7.6,368.0,https://static.cupid.travel/hotels/197875491.jpg,liteapi
lp65870a65,Empire Platinum Suites,hotel,28.644562,77.215583,4.0,,,False,9.8,7.0,https://static.cupid.travel/hotels/ex_4d279557_z.jpg,liteapi
lpd7ff2,Indus Biznotel,hotel,28.548963,77.243024,4.0,,,False,8.1,140.0,https://static.cupid.travel/hotels/508628178.jpg,liteapi
lp5ecdc,Hotel Pooja Palace,hotel,28.645741,77.188345,3.0,,,False,8.1,135.0,https://static.cupid.travel/hotels/241876706.jpg,liteapi
lp657281e0,Bed & Chai,hotel,28.548383,77.241754,3.0,,,False,7.7,325.0,https://static.cupid.travel/hotels/30715536.jpg,liteapi
lp65713865,"Lime Boutique B&B GK-1 at Kailash Colony Metro , Greater Kailash near Eros Hotel Nehru Place",hotel,28.554874,77.242332,3.0,,,False,7.7,340.0,https://static.cupid.travel/hotels/501721882.jpg,liteapi
lp65761832,Hotel ECG Grand Inn-Near Delhi international Airport,hotel,28.5569,77.1003,,,,False,9.0,783.0,https://static.cupid.travel/hotels/534386605.jpg,liteapi
lp657bd55b,Blessings Noida Home stay,hotel,28.57413,77.32171,,,,False,9.3,17.0,https://static.cupid.travel/hotels/461853072.jpg,liteapi
lp657ba9bc,Hotel Aashiyana New Delhi,hotel,28.55679,77.10052,3.0,,,False,8.2,110.0,https://static.cupid.travel/hotels/528694461.jpg,liteapi
lp6565ab1d,Apt# ONE-FOUR-TWO - with Lift - High Speed Wifi - Smart TV,hotel,28.572276,77.240666,4.0,,,False,9.0,178.0,https://static.cupid.travel/hotels/306301790.jpg,liteapi
lp65753fc9,Empire Suites - Central New Delhi,hotel,28.644483,77.215565,4.0,,,False,8.0,242.0,https://static.cupid.travel/hotels/593502060.jpg,liteapi
lp656c2b2e,FabHotel F9 Sector 19,hotel,28.576178,77.325935,3.0,,,False,8.2,109.0,https://static.cupid.travel/hotels/424551691.jpg,liteapi
lp655a6c7e,Hotel International Inn by Star Group - Near Delhi Airport,hotel,28.548968,77.127343,3.0,,,False,8.1,710.0,https://static.cupid.travel/hotels/526856819.jpg,liteapi
lp6575bc8e,HOTEL ROYAL STAY Intenational New delhi Airport T3 Delhi,hotel,28.5512,77.13134,3.0,,,False,8.3,88.0,https://static.cupid.travel/hotels/546863655.jpg,liteapi
lp5c208,Hotel Airport City,hotel,28.546927,77.126496,3.0,,,False,6.2,119.0,https://static.cupid.travel/hotels/ex_2fcc6dbc_z.jpg,liteapi
lp656c2020,FabHotel BMK Grand,hotel,28.54316,77.24177,3.0,,,False,7.7,237.0,https://static.cupid.travel/hotels/415690576.jpg,liteapi
lp6557d002,Hotel Wall City 55 - Near NDLS Station & Connaught Place,hotel,28.640729,77.208947,3.0,,,False,8.1,124.0,https://static.cupid.travel/hotels/366826048.jpg,liteapi
lp656ea59a,"BluO 3BHK M Block Market -Lift, Balcony, Parking",hotel,28.548202,77.238016,4.0,,,False,10.0,11.0,https://static.cupid.travel/hotels/534374946.jpg,liteapi
lp65559047,Under My Roof Superio,hotel,28.558764,77.202267,4.0,,,False,10.0,4.0,https://static.cupid.travel/hotels/514837698.jpg,liteapi
lpe0bdd,Hotel Indraprastha,hotel,28.646154,77.190707,3.0,,,False,10.0,4.0,https://static.cupid.travel/hotels/553381360.jpg,liteapi
lp5e33b,Hotel The Daanish Residency - Karol Bagh,hotel,28.647274,77.187239,3.0,,,False,8.1,120.0,https://static.cupid.travel/hotels/10898466.jpg,liteapi
lp1a875e,Royal Comfort Castle,hotel,28.560768,77.246084,3.0,,,False,8.4,75.0,https://static.cupid.travel/hotels/243798007.jpg,liteapi
lp657d1028,MT Olinza,hotel,28.54333,77.12381,4.0,,,False,8.7,42.0,https://static.cupid.travel/hotels/580204490.jpg,liteapi
lp65811e97,BedChambers Serviced Apartments South Extension,hotel,28.565375,77.219482,4.0,,,False,8.7,51.0,https://static.cupid.travel/hotels/536781232.jpg,liteapi
lp65708145,"BluO Vasant Vihar PVR - Kitchen, Terrace, Lift",hotel,28.561761,77.162784,4.0,,,False,9.7,7.0,https://static.cupid.travel/hotels/538056375.jpg,liteapi
lp656c2c73,Treebo Cabana,hotel,28.548045,77.239533,3.0,,,False,7.4,387.0,https://static.cupid.travel/hotels/521246975.jpg,liteapi
lp65709816,Hotel The R Blues - Near IGI Airport New Delhi,hotel,28.550023,77.128792,3.0,,,False,8.5,60.0,https://static.cupid.travel/hotels/70027876.jpg,liteapi
lp657f7e02,Woodpecker Apartments Hauz khas,hotel,28.552556,77.206979,3.0,,,False,8.0,143.0,https://static.cupid.travel/hotels/489636551.jpg,liteapi
lp65741818,Hotel The R Blues Near New Delhi Airport,hotel,28.550019,77.128701,3.0,,,False,9.5,17.0,https://static.cupid.travel/hotels/531901470.jpg,liteapi
lp655ba989,Hotel Urban Tree At Delhi Airport,hotel,28.5569,77.100301,3.0,,,False,8.0,703.0,https://static.cupid.travel/hotels/333988112.jpg,liteapi
lp5333b,Hotel Kingston Park near Ganga Ram Hospital,hotel,28.645219,77.192597,3.0,,,False,8.6,56.0,https://static.cupid.travel/hotels/120181126.jpg,liteapi
lp6571775a,Hotel Dalton Inn,hotel,28.64137,77.215135,,,,False,8.3,77.0,https://static.cupid.travel/hotels/591478299.jpg,liteapi
lp6577e51d,Radisson Blu Hotel New Delhi Paschim Vihar,hotel,28.667225,77.091247,5.0,,,False,6.4,2057.0,https://static.cupid.travel/hotels/232827873.jpg,liteapi
lp657584ec,Hotel Preet Inn 05 Mints Walking Distance Nizamuddin Railway Station,hotel,28.58061,77.25175,4.0,,,False,7.9,192.0,https://static.cupid.travel/hotels/484881489.jpg,liteapi
lp655ae015,Hotel Ramhan Palace,hotel,28.549153,77.127997,4.0,,,False,7.3,2152.0,https://static.cupid.travel/hotels/529631463.jpg,liteapi
lp6575d205,Amber Inn by Orion Hotels,hotel,28.556921,77.27596,4.0,,,False,7.7,214.0,https://static.cupid.travel/hotels/512945461.jpg,liteapi
lp836be,Rainbow Residency,hotel,28.556636,77.202602,2.0,,,False,8.2,88.0,https://static.cupid.travel/hotels/58641454.jpg,liteapi
lp657830d2,Gold The Royal,hotel,28.641969,77.218386,3.0,,,False,8.8,30.0,https://static.cupid.travel/hotels/ex_6ef4df0f_z.jpg,liteapi
lp656c3830,Hotel MGM Residency,hotel,28.646649,77.243247,2.0,,,False,9.0,21.0,https://static.cupid.travel/hotels/ex_2fd71ce5_z.jpg,liteapi
lp658501d4,Parigold,hotel,28.642476,77.205181,,,,False,9.6,10.0,https://static.cupid.travel/hotels/602868427.jpg,liteapi
lp655bbada,Hotel Karlo Kastle - Paharganj - New Delhi,hotel,28.640646,77.211275,3.0,,,False,9.0,123.0,https://static.cupid.travel/hotels/233359513.jpg,liteapi
lp65700d35,"Fortune Home Service Apartment 4Bhk,J-45",hotel,28.5221,77.21161,,,,False,10.0,3.0,https://static.cupid.travel/hotels/606513919.jpg,liteapi
lp6570cbd4,"Fortune Home service Apartment 1Bhk,L-73A Saket",hotel,28.525282,77.213179,,,,False,10.0,3.0,https://static.cupid.travel/hotels/579497794.jpg,liteapi
lp656bce19,OPO Hotel Dior,hotel,28.540624,77.131685,3.0,,,False,10.0,3.0,https://static.cupid.travel/hotels/ex_c8e219d9_z.jpg,liteapi
lp657910ff,Lotus Temple 2BHK Penthouse 2700 sq ft,hotel,28.561976,77.256525,,,,False,10.0,4.0,https://static.cupid.travel/hotels/602829067.jpg,liteapi
lp65774974,Via RN Residency,hotel,28.643374,77.323823,4.0,,,False,10.0,4.0,https://static.cupid.travel/hotels/509834081.jpg,liteapi
lp6576e441,Hotel Ivaan Homes opposite to Iskcon Temple East of Kailash New Delhi,hotel,28.556649,77.253594,3.0,,,False,8.3,76.0,https://static.cupid.travel/hotels/595670587.jpg,liteapi
lp657b8a39,Gautam Nagar Homestay South Delhi,hotel,28.567774,77.208366,4.0,,,False,8.9,33.0,https://static.cupid.travel/hotels/568788553.jpg,liteapi
lp657cc922,Airport Roomcity Pride Delhi Airport,hotel,28.55523,77.09587,,,,False,7.6,217.0,https://static.cupid.travel/hotels/525721355.jpg,liteapi
lp65674cb5,Wongdhen House,hotel,28.702752,77.228816,4.0,,,False,8.3,424.0,https://static.cupid.travel/hotels/317101893.jpg,liteapi
lp68cfb,Hotel Shanti Villa- New Delhi Railway Station,hotel,28.641459,77.211708,3.0,,,False,8.0,138.0,https://static.cupid.travel/hotels/124361509.jpg,liteapi
lp6572920d,Hotel Emporio - Near New Delhi Railway Station - Paharganj,hotel,28.644368,77.214997,3.0,,,False,7.3,353.0,https://static.cupid.travel/hotels/543396131.jpg,liteapi
lp65702a03,Hari Piorko Inn - Just a min away from New Delhi Railway Station,hotel,28.641075,77.214021,3.0,,,False,7.9,159.0,https://static.cupid.travel/hotels/511205516.jpg,liteapi
lp6577766a,Hotel Z Suites Delhi IGI Airport- FREE Airport Drop,hotel,28.54908,77.120849,4.0,,,False,7.6,229.0,https://static.cupid.travel/hotels/582801361.jpg,liteapi
lp6559a880,"HOTEL TASHKENT PALACE - Budget Friendly, Near R K Ashram Metro Station",hotel,28.643684,77.211093,3.0,,,False,7.4,1597.0,https://static.cupid.travel/hotels/600018000.jpg,liteapi
lp657b6064,Hotel Bramhaputra Near New Delhi Railway Station,hotel,28.64264,77.21268,3.0,,,False,7.1,462.0,https://static.cupid.travel/hotels/589938094.jpg,liteapi
lp6578db62,FabHotel F-Aloyd Lajpat Nagar,hotel,28.562357,77.24303,3.0,,,False,8.2,75.0,https://static.cupid.travel/hotels/550195300.jpg,liteapi
lp656bc244,Stellar Resorts by Bel-La Monde,hotel,28.521963,77.099712,2.0,,,False,9.4,9.0,https://static.cupid.travel/hotels/ex_e7e2d51d_z.jpg,liteapi
lp657478c2,"Luxury Studio Apartment , Delhi NCR",hotel,28.55082,77.32264,,,,False,8.8,26.0,https://static.cupid.travel/hotels/496784983.jpg,liteapi
lp6570becd,Hotel Cladis by Quadis - Sector 15 Noida,hotel,28.580929,77.314703,3.0,,,False,7.7,171.0,https://static.cupid.travel/hotels/568770681.jpg,liteapi
lp657d5749,The Aziz Residency,hotel,28.59215,77.244379,,,,False,8.2,80.0,https://static.cupid.travel/hotels/596618942.jpg,liteapi
lp65787923,Hotel White Rose IGI Airport,hotel,28.5569,77.100302,,,,False,7.9,119.0,https://static.cupid.travel/hotels/599361770.jpg,liteapi
lp657bc3ed,Sky Bloom Luxury Homestay,hotel,28.559777,77.198865,,,,False,9.0,28.0,https://static.cupid.travel/hotels/542715834.jpg,liteapi
lp657472f6,Hidden Gem 1BHK Packed With Aminity,hotel,28.70912,77.11907,,,,False,9.8,4.0,https://static.cupid.travel/hotels/592100235.jpg,liteapi
lp657dcfce,Peaceful Studio with Kitchen,hotel,28.563878,77.166547,4.0,,,False,9.1,17.0,https://static.cupid.travel/hotels/608089001.jpg,liteapi
lp6574337b,Hotel Aero Star By Star,hotel,28.54783,77.12588,3.0,,,False,8.2,69.0,https://static.cupid.travel/hotels/612633241.jpg,liteapi
lp65758075,The C Park Inn Karol Bagh Homely Atmosphere,hotel,28.647158,77.195963,3.0,,,False,7.5,230.0,https://static.cupid.travel/hotels/364657009.jpg,liteapi
lp657e8149,Hotel Opera Delhi Airport,hotel,28.556818,77.100374,3.0,,,False,8.4,66.0,https://static.cupid.travel/hotels/504368901.jpg,liteapi
lp6556a878,La-Sapphire Hotel,hotel,28.547195,77.125325,3.0,,,False,8.2,67.0,https://static.cupid.travel/hotels/ex_b0772eca_z.jpg,liteapi
lp9a8f7,New Delhi YMCA Tourist Hostel,hostel,28.626664,77.213073,,,,False,7.7,2292.0,https://static.cupid.travel/hotels/309157104.jpg,liteapi
lp404d1,"Lemon Tree Hotel, East Delhi Mall, Kaushambi",hotel,28.641212,77.316617,4.0,,,False,6.6,59.0,https://static.cupid.travel/hotels/325381274.jpg,liteapi
lp657c9bb1,"Ginger Delhi, Chanakyapuri",hotel,28.58322,77.187296,4.0,,,False,7.8,192.0,https://static.cupid.travel/hotels/598341163.jpg,liteapi
lp6b63c,JRD Luxury-Business Hotel,hotel,28.559675,77.198361,3.0,,,False,,87.0,https://static.cupid.travel/hotels/515581900.jpg,liteapi
lp6561c1e6,Frangipani Suite,hotel,28.573354,77.23265,4.0,,,False,9.6,38.0,https://static.cupid.travel/hotels/346671874.jpg,liteapi
lp656b1ef2,Homestay Chateau 39,hotel,28.67008,77.224373,4.0,,,False,9.4,45.0,https://static.cupid.travel/hotels/151316345.jpg,liteapi
lp656745ae,Pamposh Guest House GK II Market,hotel,28.532391,77.24272,4.0,,,False,8.6,185.0,https://static.cupid.travel/hotels/124061961.jpg,liteapi
lp6582cf98,Roomsity Pride,hotel,28.547765,77.128852,3.0,,,False,8.2,62.0,https://static.cupid.travel/hotels/ex_c72fa7b5_z.jpg,liteapi
lp1869b4,Hotel Clayton Near IGI Airport Delhi,hotel,28.55586,77.09994,4.0,,,False,6.7,766.0,https://snaphotelapi.com/hotels/451381941.jpg,liteapi
lp6579c437,Hotel Happy Stay Free Airport Pickup Delhi Airport,hotel,28.553802,77.107248,4.0,,,False,8.4,104.0,https://static.cupid.travel/hotels/603632527.jpg,liteapi
lp65749ada,Homlee-Anupam 3BHK-Lift-Parking-Saket-Max Hospital,hotel,28.518113,77.204838,4.0,,,False,9.3,10.0,https://static.cupid.travel/hotels/534161135.jpg,liteapi
lp65599398,76 Friends Colony,hotel,28.572848,77.260876,4.0,,,False,9.2,76.0,https://static.cupid.travel/hotels/19757904.jpg,liteapi
lp657adc4d,Lutf-The Homestay,hotel,28.586942,77.246301,,,,False,9.6,14.0,https://static.cupid.travel/hotels/551353486.jpg,liteapi
lp657d11be,"Bedchambers Stay near Select Citywalk, Saket",hotel,28.527919,77.207355,3.0,,,False,8.0,88.0,https://static.cupid.travel/hotels/498865770.jpg,liteapi
lp65791efe,Hotel O Britania Chowk,hotel,28.68461,77.13997,4.0,,,False,8.4,43.0,https://static.cupid.travel/hotels/598270646.jpg,liteapi
lp657092fd,Grey Stone 41th floor river&city view,hotel,28.550333,77.324773,4.0,,,False,9.7,4.0,https://static.cupid.travel/hotels/602935736.jpg,liteapi
lp657f1eb2,Onnyx Rooftop - Luxury Penthouse,hotel,28.523336,77.194936,4.0,,,False,10.0,2.0,https://static.cupid.travel/hotels/554782104.jpg,liteapi
lp656f01b5,"Fortune Home Service Apartment,2Bhk, D-198,SAKET",hotel,28.523819,77.206591,4.0,,,False,10.0,2.0,https://static.cupid.travel/hotels/514677271.jpg,liteapi
lp656f9eb8,"Fortune Home Service Apartment 4Bhk,D-36, Saket",hotel,28.523819,77.206591,4.0,,,False,10.0,2.0,https://static.cupid.travel/hotels/518800797.jpg,liteapi
lp65869849,The SM Hotel By RMR Hotels,hotel,28.545359,77.127741,3.0,,,False,10.0,2.0,https://static.cupid.travel/hotels/ex_f8e6b12b_z.jpg,liteapi
lp9fdef,OYO Flagship 632 Kalkaji Mandir,hotel,28.546537,77.255014,3.0,,,False,10.0,2.0,https://static.cupid.travel/hotels/ex_bb1e4a3c_z.jpg,liteapi
lp6587461f,Hotel Gold Stays Near Delhi Airport,hotel,28.547775,77.128971,3.0,,,False,10.0,2.0,https://static.cupid.travel/hotels/ex_158749c2_z.jpg,liteapi
lp656ea80a,Air Purifier - Luxury Jacuzzi HotTub 1BHK Suite 11,hotel,28.549328,77.235476,4.0,,,False,10.0,2.0,https://static.cupid.travel/hotels/510012620.jpg,liteapi
lp657e64aa,Divine Studios Rajouri Garden,hotel,28.646115,77.127169,2.0,,,False,10.0,3.0,https://static.cupid.travel/hotels/502443201.jpg,liteapi
lp656c2daa,FabHotel Le Continental,hotel,28.646319,77.20927,3.0,,,False,10.0,2.0,https://static.cupid.travel/hotels/ex_26febe65_z.jpg,liteapi
lp657be187,BnBBuddy Memorable apartment in West Delhi,hotel,28.666332,77.150188,4.0,,,False,10.0,2.0,https://static.cupid.travel/hotels/527451951.jpg,liteapi
lp656e87d2,Hidden Gem 2- 1 BHK With Aminities,hotel,28.701904,77.117979,,,,False,10.0,2.0,https://static.cupid.travel/hotels/603043440.jpg,liteapi
lp658634e7,The Kelvish Plaza,hotel,28.547697,77.122627,3.0,,,False,8.8,21.0,https://static.cupid.travel/hotels/ex_f1082d00_z.jpg,liteapi
lp657229dd,Hotel Arch at Delhi Airport By Arch Group,hotel,28.549032,77.12847,4.0,,,False,7.2,315.0,https://static.cupid.travel/hotels/339793077.jpg,liteapi
lp65679e07,Grace Home,hotel,28.524322,77.204154,3.0,,,False,8.9,121.0,https://static.cupid.travel/hotels/98671970.jpg,liteapi
lp65874064,Skon Boutique by Orion Hotels,hotel,28.565381,77.239499,2.0,,,False,9.4,7.0,https://static.cupid.travel/hotels/ex_6bc74052_z.jpg,liteapi
lp655adf87,HOTEL THE LAZEEZ,hotel,28.569692,77.244258,3.0,,,False,8.4,234.0,https://static.cupid.travel/hotels/493230166.jpg,liteapi
lpcee0f,Hotel Superb Just Near New Delhi Railway Station & Connaught Place,hotel,28.642173,77.211677,3.0,,,False,7.6,174.0,https://static.cupid.travel/hotels/222510027.jpg,liteapi
lp657c9f17,Santushti by Urban Retreat,hotel,28.551029,77.322952,,,,False,9.2,12.0,https://static.cupid.travel/hotels/584592571.jpg,liteapi
lpe65f4,Hotel Diplomat Residency,hotel,28.565428,77.244139,3.0,,,False,7.8,11.0,https://static.cupid.travel/hotels/219474802.jpg,liteapi
lp657c9cf5,FabHotel Kular,hotel,28.522556,77.206409,3.0,,,False,7.6,157.0,https://static.cupid.travel/hotels/529247454.jpg,liteapi
lp6574e160,The Raj at New Delhi Railway Station,hotel,28.645976,77.214515,3.0,,,False,7.0,445.0,https://static.cupid.travel/hotels/546802286.jpg,liteapi
lpbf7df,New Hindustan By Backpackers Heaven,hotel,28.642079,77.211649,2.0,,,False,8.8,20.0,https://static.cupid.travel/hotels/ex_cec3463e_z.jpg,liteapi
lp655a78f6,Hotel Baba Inn-By RCG Hotels,hotel,28.645774,77.217375,3.0,,,False,8.7,182.0,https://static.cupid.travel/hotels/146732946.jpg,liteapi
lp656ba4c5,Cp Villa - Rooms with Patio,hotel,28.635358,77.207186,4.0,,,False,8.5,193.0,https://static.cupid.travel/hotels/465993631.jpg,liteapi
lp65735fdd,"Hotel O Delhi, Near Metro Station Karol Bagh",hotel,28.64627,77.19277,3.0,,,False,7.4,209.0,https://static.cupid.travel/hotels/495361379.jpg,liteapi
lp65794625,Hotel Ramida Suites IGI Delhi Airport,hotel,28.5498,77.120135,3.0,,,False,8.0,101.0,https://static.cupid.travel/hotels/510817317.jpg,liteapi
lp6561c57a,Olive Serviced Apartments - Defence Colony,hotel,28.575107,77.23243,4.0,,,False,8.6,187.0,https://static.cupid.travel/hotels/592030633.jpg,liteapi
lp6575b54c,PEACE POINT FAMILY HOTEL By AKJ,hotel,28.644732,77.215778,,,,False,7.7,133.0,https://static.cupid.travel/hotels/600958258.jpg,liteapi
lp6555f379,NUO By juSTa,hotel,28.553098,77.238312,4.0,,,False,7.1,180.0,https://static.cupid.travel/hotels/324561184.jpg,liteapi
lp5f28e,Hotel Sita International,hotel,28.644785,77.213725,3.0,,,False,7.4,213.0,https://static.cupid.travel/hotels/4827977.jpg,liteapi
lp657ba8f1,IVA Premium Delhi Airport - FREE Airport Drop,hotel,28.551067,77.130291,4.0,,,False,8.3,80.0,https://static.cupid.travel/hotels/610942196.jpg,liteapi
lp657a2beb,Nina Kochhar's Homestay,hotel,28.674399,77.226024,,,,False,9.2,13.0,https://static.cupid.travel/hotels/55957638.jpg,liteapi
lp655ae45e,Hotel Delhi Darshan Deluxe-By RSL Hospitality,hotel,28.64677,77.21222,2.0,,,False,7.6,760.0,https://snaphotelapi.com/hotels/284139443.jpg,liteapi
lp57024,Via Anutham,hotel,28.52251,77.207284,3.0,,,False,6.8,539.0,https://static.cupid.travel/hotels/174657163.jpg,liteapi
lp5dc39,Trimrooms Palm D'or,hotel,28.644614,77.216344,3.0,,,False,7.8,100.0,https://static.cupid.travel/hotels/ex_df5e79ec_z.jpg,liteapi
lp65785ee0,"Comfort Inn Grand, Kaushambi",hotel,28.64512,77.325122,3.0,,,False,8.0,82.0,https://static.cupid.travel/hotels/593371215.jpg,liteapi
lp656bc0a5,The Ambience New -Delhi,hotel,28.639359,77.208957,3.0,,,False,7.8,99.0,https://static.cupid.travel/hotels/ex_a85a6420_z.jpg,liteapi
lp6574f820,Castle Blue By Excellent Hospitality,hotel,28.550387,77.1297,3.0,,,False,8.2,50.0,https://static.cupid.travel/hotels/584501794.jpg,liteapi
lp65848547,Atlantiis Suites Inn Near IGI Airport Delhi,hotel,28.548921,77.123253,3.0,,,False,9.3,7.0,https://static.cupid.travel/hotels/588888146.jpg,liteapi
lp6571cf32,The Orion Express - Kailash Colony,hotel,28.555872,77.241203,3.0,,,False,7.7,130.0,https://static.cupid.travel/hotels/579903026.jpg,liteapi
lp65733b61,R6 Blissful Bangalow,hotel,28.56161,77.205203,,,,False,9.1,10.0,https://static.cupid.travel/hotels/508072663.jpg,liteapi
lp837d3,Pals Inn,hotel,28.645108,77.168572,3.0,,,False,8.8,22.0,https://static.cupid.travel/hotels/132141216.jpg,liteapi
lp656bc902,Hotel Natraj yes please New Delhi,hotel,28.640698,77.210003,3.0,,,False,8.4,29.0,https://static.cupid.travel/hotels/ex_bd5f1bc5_z.jpg,liteapi
lp656b22b6,Peepal Tree Residency,hotel,28.53402,77.218662,4.0,,,False,8.3,245.0,https://static.cupid.travel/hotels/254947000.jpg,liteapi
lp657dd2fb,North india tallest building near airport,hotel,28.551178,77.322833,4.0,,,False,8.9,16.0,https://static.cupid.travel/hotels/615327017.jpg,liteapi
lp5ecb2,Airport Inn,hotel,28.547169,77.125998,3.0,,,False,6.8,50.0,https://static.cupid.travel/hotels/ex_d5b59258_z.jpg,liteapi
lp6586115f,Hotel DSR Krone Delhi,hotel,28.550309,77.130117,3.0,,,False,8.6,23.0,https://static.cupid.travel/hotels/ex_37125f64_z.jpg,liteapi
lp1c09e0,FabHotel Airlift,hotel,28.5476,77.12819,3.0,,,False,7.7,106.0,https://static.cupid.travel/hotels/293242468.jpg,liteapi
lp65717398,Hotel Fortune Inn By F9 Hotels,hotel,28.57614,77.32602,4.0,,,False,6.7,564.0,https://static.cupid.travel/hotels/332583480.jpg,liteapi
lp6bea3,Ramhan by Ecom Mechanics,hotel,28.54906,77.12759,3.0,,,False,6.0,2.0,https://static.cupid.travel/hotels/ex_00596992_z.jpg,liteapi
lp657255ce,Hotel S R PLAZA,hotel,28.548308,77.126951,3.0,,,False,8.4,32.0,https://static.cupid.travel/hotels/544030691.jpg,liteapi
lp655a6e4a,HOTEL THE CUBE STAY,hotel,28.550166,77.113319,3.0,,,False,8.2,185.0,https://static.cupid.travel/hotels/364257559.jpg,liteapi
lp6574a095,Backpackers Heaven New King - New Delhi Train Station,hotel,28.64057,77.21293,3.0,,,False,7.0,356.0,https://static.cupid.travel/hotels/473405680.jpg,liteapi
lp657c8935,Airport Hotel Classic Park,hotel,28.55557,77.09673,3.0,,,False,7.9,74.0,https://static.cupid.travel/hotels/619806736.jpg,liteapi
lp65721868,BluO Studio - M Block Market Greater Kailash,hotel,28.554427,77.240871,4.0,,,False,9.1,10.0,https://static.cupid.travel/hotels/543805509.jpg,liteapi
lp65845c76,The City Abode by The Blue Kite - 3BHK Serviced Apartments with Caretaker in Safdarjung South Delhi,hotel,28.566075,77.197249,4.0,,,False,9.1,11.0,https://static.cupid.travel/hotels/516096056.jpg,liteapi
lp656c3655,Treebo Swastika Premium,hotel,28.579885,77.32298,3.0,,,False,8.5,32.0,https://static.cupid.travel/hotels/488143270.jpg,liteapi
lp6577c27c,Hotel Sun Village Near New Delhi Railway Station,hotel,28.642861,77.21153,2.0,,,False,7.1,274.0,https://static.cupid.travel/hotels/95824095.jpg,liteapi
lp6579e4da,Hotel De Clark Luxury Airport Hotel near Delhi IGI Airport T3 with Free WiFi & 24x7 Check-in,hotel,28.553442,77.099243,4.0,,,False,7.6,125.0,https://static.cupid.travel/hotels/500875197.jpg,liteapi
lp6578d1f4,Hotel Iconic Suite Near Delhi IGI Airport,hotel,28.54892,77.123279,3.0,,,False,8.7,27.0,https://static.cupid.travel/hotels/592067869.jpg,liteapi
lp656b9e3a,Mizpah Delhi,hotel,28.562926,77.190707,4.0,,,False,9.3,39.0,https://static.cupid.travel/hotels/277873928.jpg,liteapi
lp657059d1,Homlee-Pentagon 3 BHK luxurious-Lift-Parking-Saket,hotel,28.522039,77.206527,4.0,,,False,9.5,4.0,https://static.cupid.travel/hotels/443180259.jpg,liteapi
lp655aec9a,"The Vanson Delite ""Newly Rebuilt 2026"" - Near New Delhi Station & Connaught Place",hotel,28.644126,77.216316,4.0,,,False,8.3,202.0,https://static.cupid.travel/hotels/460499406.jpg,liteapi
lp655ba970,Hotel Mannat international by Mannat,hotel,28.647564,77.21021,3.0,,,False,7.3,1034.0,https://static.cupid.travel/hotels/282872546.jpg,liteapi
lp656bc5f2,The Cottage Yes Please New Delhi,hotel,28.641182,77.210572,3.0,,,False,8.1,50.0,https://static.cupid.travel/hotels/ex_bee9e347_z.jpg,liteapi
lp655af7a1,Mother Palace,hotel,28.642333,77.212494,,,,False,8.2,295.0,https://static.cupid.travel/hotels/273791230.jpg,liteapi
lp657fc595,Divya Anubhuti Pravas,hotel,28.58728,77.261792,,,,False,8.5,26.0,https://static.cupid.travel/hotels/585119483.jpg,liteapi
lp6572bb1e,Hotel Happy Stay - Delhi Airport,hotel,28.547825,77.122441,3.0,,,False,7.8,82.0,https://static.cupid.travel/hotels/ex_a0eee13e_z.jpg,liteapi
lp655ba9d9,FabHotel Hargobind Enclave,hotel,28.649441,77.301196,3.0,,,False,7.9,367.0,https://static.cupid.travel/hotels/503538259.jpg,liteapi
lp655ae447,FabHotel Pitampura,hotel,28.700564,77.150424,3.0,,,False,7.2,221.0,https://static.cupid.travel/hotels/354176308.jpg,liteapi
lp656f2464,Niro GK2,hotel,28.537861,77.241522,,,,False,9.6,5.0,https://static.cupid.travel/hotels/608148007.jpg,liteapi
lpbf823,Backpackers Heaven New King - New Delhi Train Station,hotel,28.64057,77.21293,3.0,,,False,7.0,356.0,https://static.cupid.travel/hotels/473405680.jpg,liteapi
lp657d6363,Hotel Gold Palace Paharganj,hotel,28.641521,77.216637,3.0,,,False,8.4,28.0,https://static.cupid.travel/hotels/ex_w3300h8491x0y2231-d8d5e4bb_z.jpg,liteapi
lp6585c0f6,ACE STAYZ,hotel,28.514819,77.165873,2.0,,,False,10.0,1.0,https://static.cupid.travel/hotels/ex_f49f0060_z.jpg,liteapi
lp656f9e55,"Fortune Home Service Apartment 3Bhk,J-171 Near Max Hospital",hotel,28.520551,77.212909,4.0,,,False,10.0,3.0,https://static.cupid.travel/hotels/620175676.jpg,liteapi
lp656f5fc4,"BluO 3BHK Saket CityWalk Mall - Lift, Balcony, Parking",hotel,28.522097,77.210153,4.0,,,False,10.0,1.0,https://static.cupid.travel/hotels/539605401.jpg,liteapi
lp656bc42e,NP International,hotel,28.525592,77.262127,2.0,,,False,10.0,1.0,https://static.cupid.travel/hotels/ex_baf419c6_z.jpg,liteapi
lp656c35bc,Hotel Aravali Inn,hotel,28.526738,77.152094,2.0,,,False,10.0,1.0,https://static.cupid.travel/hotels/ex_ede76da4_z.jpg,liteapi
lp656c3467,Roomshala 091 IPS Stay,hotel,28.529579,77.211207,3.0,,,False,10.0,1.0,https://static.cupid.travel/hotels/ex_w3648h5346x0y126-35752694_z.jpg,liteapi
lp65865d37,Hotel Star Marigold,hotel,28.530554,77.217171,3.0,,,False,10.0,1.0,https://static.cupid.travel/hotels/ex_24fa25d8_z.jpg,liteapi
lp65712455,"Fortune Home Service Apartment 3Bhk,B-57 Near Apollo Hospital",hotel,28.534328,77.29127,4.0,,,False,10.0,1.0,https://static.cupid.travel/hotels/482131140.jpg,liteapi
lpb6bc4,OYO 5270 Sam Hotel,hotel,28.540436,77.240022,3.0,,,False,10.0,1.0,https://static.cupid.travel/hotels/ex_9782f24b_z.jpg,liteapi
lpa3977,The Gera's,hotel,28.54131,77.2599,3.0,,,False,10.0,1.0,https://static.cupid.travel/hotels/ex_a4380f1c_z.jpg,liteapi
lp6581b904,Healing Home,hotel,28.54171,77.295636,,,,False,10.0,4.0,https://static.cupid.travel/hotels/246024458.jpg,liteapi
lp657e7715,Airport hotel ROYAL RESIDENCY,hotel,28.54187,77.1292,3.0,,,False,10.0,1.0,https://static.cupid.travel/hotels/559581667.jpg,liteapi
lp224f04,Hotel Metro Express,hotel,28.542279,77.118549,3.0,,,False,10.0,1.0,https://static.cupid.travel/hotels/ex_dc37f8e4_z.jpg,liteapi
lp6557cbe7,Abuzz Oxfordcaps Shahpur Jat - Campus Accommodation,hotel,28.546877,77.212826,2.0,,,False,10.0,1.0,https://static.cupid.travel/hotels/ex_0d44409c_z.jpg,liteapi
lp65765088,Hotel The Ocean Near IGI Airport,hotel,28.54746,77.12677,3.0,,,False,10.0,1.0,https://static.cupid.travel/hotels/583985827.jpg,liteapi
lpced9d,OYO 11340 Hotel Lakshmi Palace,hotel,28.549058,77.130344,2.0,,,False,10.0,1.0,https://static.cupid.travel/hotels/ex_ef862fd0_z.jpg,liteapi
lp28f248,Star Inn Residency,hotel,28.555116,77.241129,3.0,,,False,10.0,1.0,https://static.cupid.travel/hotels/ex_12b6ac00_z.jpg,liteapi
lpdbc04,Azurra Hotels,hotel,28.565449,77.197002,3.0,,,False,10.0,1.0,https://static.cupid.travel/hotels/ex_f524968d_z.jpg,liteapi
lp6572a007,Hostmystay- 2bhk! Lajpat nagar market,hotel,28.572812,77.241513,4.0,,,False,10.0,1.0,https://static.cupid.travel/hotels/568811113.jpg,liteapi
lp657cc249,South Delhi Studio,hotel,28.57588,77.26316,,,,False,10.0,1.0,https://static.cupid.travel/hotels/588409684.jpg,liteapi
lp656bc711,Saltstayz Select - Malcha & Chankyapuri,hotel,28.601481,77.186434,3.0,,,False,10.0,1.0,https://static.cupid.travel/hotels/ex_4f64a46e_z.jpg,liteapi
lp65713947,"Room in Guest room - Posh S Delhi Foreigners Area, Lajpat Nagar",hotel,28.63103,77.22576,,,,False,10.0,1.0,https://static.cupid.travel/hotels/395915942.jpg,liteapi
lp658641c7,The Pinky Villa Heritage Boutique Suites,hotel,28.641784,77.211701,3.0,,,False,10.0,1.0,https://static.cupid.travel/hotels/ex_210c2afc_z.jpg,liteapi
lpbe9a4,Hotel Snow White Inn,hotel,28.64352,77.21068,3.0,,,False,10.0,1.0,https://static.cupid.travel/hotels/ex_1a0d3775_z.jpg,liteapi
lpcbb50,Hotel Pawan Plaza,hotel,28.645639,77.184719,3.0,,,False,10.0,1.0,https://static.cupid.travel/hotels/ex_ea01be6b_z.jpg,liteapi
lp21489a,Hotel Picasso,hotel,28.659363,77.091688,3.0,,,False,10.0,1.0,https://static.cupid.travel/hotels/ex_6453372f_z.jpg,liteapi
lp6555af38,Homestay - Hostel,hostel,28.666163,77.230849,2.0,,,False,10.0,1.0,https://static.cupid.travel/hotels/ex_f5e0b95d_z.jpg,liteapi
lp656c2f41,FabHotel Chawla House,hotel,28.671211,77.280518,3.0,,,False,10.0,1.0,https://static.cupid.travel/hotels/ex_w2997h1996x0y0-a5d6c752_z.jpg,liteapi
lp239dd9,Hotel Saffron Gold,hotel,28.673225,77.091763,2.0,,,False,10.0,1.0,https://static.cupid.travel/hotels/ex_8df33369_z.jpg,liteapi
lp656bc57f,Hotel Guru Preet- New Delhi Railway Station,hotel,28.642081,77.211767,3.0,,,False,8.0,55.0,https://static.cupid.travel/hotels/ex_698d99f4_z.jpg,liteapi
lp657a1f88,Airport Delhi Hotel Plazzo,hotel,28.546351,77.126101,3.0,,,False,7.6,108.0,https://static.cupid.travel/hotels/554265795.jpg,liteapi
lp6570aa97,The Orion Elite - Green Park,hotel,28.560028,77.205914,4.0,,,False,7.6,142.0,https://static.cupid.travel/hotels/600684377.jpg,liteapi
lp65800383,Hotel Triton Grand,hotel,28.550388,77.101603,,,,False,8.1,46.0,https://static.cupid.travel/hotels/598469656.jpg,liteapi
lp657d426a,Udman Hotel Panchshila Park,hotel,28.543621,77.210965,4.0,,,False,7.3,186.0,https://static.cupid.travel/hotels/320887752.jpg,liteapi
lp655ba9d6,Hotel Legend International -Just a min walk from New Delhi Railway Station,hotel,28.645587,77.21727,3.0,,,False,8.7,98.0,https://static.cupid.travel/hotels/568516284.jpg,liteapi
lp6e158,Hotel Staywell DX,hotel,28.64425,77.21575,3.0,,,False,7.8,75.0,https://static.cupid.travel/hotels/ex_6aefc906_z.jpg,liteapi
lp6578e804,Ashoka Hotel Karol Bagh Delhi,hotel,28.65318,77.19173,3.0,,,False,6.9,339.0,https://static.cupid.travel/hotels/489090953.jpg,liteapi
lp5d5d1,Zostel Delhi,hotel,28.645748,77.216806,3.0,,,False,7.0,51.0,https://static.cupid.travel/hotels/ex_ae9bb6d4_z.jpg,liteapi
lp655adfa1,The Hotel Mohit -5 Minutes Walk From New Delhi Railway Station - Paharganj,hotel,28.641419,77.213416,3.0,,,False,7.7,500.0,https://static.cupid.travel/hotels/620571952.jpg,liteapi
lp6577d411,The Saga Hotel Green Park,hotel,28.560589,77.198118,4.0,,,False,6.9,350.0,https://static.cupid.travel/hotels/448070663.jpg,liteapi
lp6578c27f,Hotel Gush At New Delhi Railway Station,hotel,28.640816,77.213593,3.0,,,False,8.3,31.0,https://static.cupid.travel/hotels/620146075.jpg,liteapi
lp65546ba2,Hotel Sunstar Heights,hotel,28.645325,77.183581,3.0,,,False,7.5,123.0,https://static.cupid.travel/hotels/16923507.jpg,liteapi
lp656e6e59,"Sailors Home - C6, Vasant Kunj",hotel,28.534947,77.145664,3.0,,,False,7.6,112.0,https://static.cupid.travel/hotels/145883817.jpg,liteapi
lp9fd03,Airport Hotel Olive & Blue,hotel,28.54512,77.1286,3.0,,,False,7.6,100.0,https://static.cupid.travel/hotels/ex_8d1ed0df_z.jpg,liteapi
lp873f3,Hotel The JK,hotel,28.54242,77.24193,3.0,,,False,9.2,6.0,https://static.cupid.travel/hotels/hd/460776057.jpg,liteapi
lp657a6e80,"Prime Location Stay near AIIMS, Pragati Maidan, CP & Metro",hotel,28.567865,77.225134,,,,False,8.6,20.0,https://static.cupid.travel/hotels/566521760.jpg,liteapi
lp6577338b,"Airport Hotel Annexe, Complimentory Pickup or Drop",hotel,28.556748,77.099565,3.0,,,False,8.8,12.0,https://static.cupid.travel/hotels/571657692.jpg,liteapi
lp5d607,Treebo Corporate Park,hotel,28.543244,77.242226,3.0,,,False,7.4,141.0,https://static.cupid.travel/hotels/461498170.jpg,liteapi
lp657a2a38,Hotel tu casa International near Delhi Airport,hotel,28.5506,77.11888,4.0,,,False,7.3,156.0,https://static.cupid.travel/hotels/581742402.jpg,liteapi
lpc4c4d,Hotel Heritage Home - New Delhi Railway Station - Paharganj,hotel,28.640688,77.211266,3.0,,,False,7.1,248.0,https://static.cupid.travel/hotels/507519476.jpg,liteapi
lp6584a036,Frangipani Penthouse,hotel,28.570739,77.235045,4.0,,,False,9.5,4.0,https://static.cupid.travel/hotels/86552577.jpg,liteapi
lp6579704c,GLOBAL STAY NEAR DELHI AIRPORT,hotel,28.54189,77.12935,3.0,,,False,8.1,40.0,https://static.cupid.travel/hotels/579199585.jpg,liteapi
lp6576092b,Hotel Anand Lok Inn at Delhi Airport By Arch Group,hotel,28.54969,77.129469,3.0,,,False,7.9,56.0,https://static.cupid.travel/hotels/28772580.jpg,liteapi
lp513cf,Hotel Aura,hotel,28.645826,77.21598,3.0,,,False,7.4,121.0,https://static.cupid.travel/hotels/ex_1a1cdabf_z.jpg,liteapi
lp656b3c72,Amidst Monuments and Serenity,hotel,28.588664,77.248844,4.0,,,False,9.0,56.0,https://static.cupid.travel/hotels/47331893.jpg,liteapi
lpfcc47,Wood Castle Grand,hotel,28.644993,77.110842,3.0,,,False,8.3,28.0,https://static.cupid.travel/hotels/52390186.jpg,liteapi
lp655adfef,Hotel Su Shree Continental Dx 5 mins From New Delhi Railway Station & Free Car Parking,hotel,28.644461,77.213224,4.0,,,False,7.9,319.0,https://static.cupid.travel/hotels/25693622.jpg,liteapi
lp65721a5e,BluO Studio - M Block Mkt Greater Kailash,hotel,28.550012,77.241522,4.0,,,False,9.0,14.0,https://static.cupid.travel/hotels/588033386.jpg,liteapi
lp6575ca02,Mauryan Express Hotel Hauz Khas Fort,hotel,28.553428,77.194946,3.0,,,False,7.2,179.0,https://static.cupid.travel/hotels/562964412.jpg,liteapi
lpdf8c1,RR Residency,hotel,28.611617,77.091881,3.0,,,False,7.8,75.0,https://static.cupid.travel/hotels/324030206.jpg,liteapi
lp657c78da,Airport Hotel Lotus Suites,hotel,28.55873,77.08753,4.0,,,False,8.0,45.0,https://static.cupid.travel/hotels/618403788.jpg,liteapi
lp6577e984,Fully Furnished Comfortable Rooms in Hauz Khas - Woodpecker Apartments,hotel,28.5437,77.200141,,,,False,8.8,27.0,https://static.cupid.travel/hotels/516942752.jpg,liteapi
lp6562de63,BluO Cozy Studio with Balcony - Green Park HKV,hotel,28.558449,77.202938,,,,False,9.8,13.0,https://static.cupid.travel/hotels/320444658.jpg,liteapi
lp657bdf05,Nice Bedroom with Private Ensuite Bathroom,hotel,28.584736,77.247468,,,,False,8.7,16.0,https://static.cupid.travel/hotels/526799339.jpg,liteapi
lp65756e68,"Hotel Pablas International, New Delhi, Near Metro",hotel,28.646765,77.187733,3.0,,,False,7.9,56.0,https://static.cupid.travel/hotels/548309158.jpg,liteapi
lp65794900,Hotel Anand International - Free Airport Pickup or Drop,hotel,28.55053,77.129522,3.0,,,False,8.7,87.0,https://static.cupid.travel/hotels/277732653.jpg,liteapi
lp9fcd5,Hotel Charan Pahari,hotel,28.531687,77.292203,3.0,,,False,9.2,5.0,https://static.cupid.travel/hotels/ex_33891931_z.jpg,liteapi
lp65785fdc,Hotel Aman Inn,hotel,28.544735,77.128061,4.0,,,False,9.2,5.0,https://static.cupid.travel/hotels/ex_4547fa22_z.jpg,liteapi
lp6577ab1e,Hotel The Rasa Near Welcome Metro Station,hotel,28.670956,77.280429,3.0,,,False,7.6,86.0,https://static.cupid.travel/hotels/607580202.jpg,liteapi
lp3ce3e,Hotel Southern,hotel,28.646429,77.195351,3.0,,,False,6.6,341.0,https://static.cupid.travel/hotels/78730219.jpg,liteapi
lp18dfcc,Moustache Delhi - Hostel,hostel,28.566143,77.271057,1.0,,,False,9.2,5.0,https://static.cupid.travel/hotels/ex_3764bd6f_z.jpg,liteapi
lp655baa31,FabHotel Aashraye,hotel,28.547028,77.258895,3.0,,,False,7.8,325.0,https://static.cupid.travel/hotels/602446478.jpg,liteapi
lp657ad724,Hotel golden Zed airport,hotel,28.54202,77.12944,4.0,,,False,8.3,25.0,https://static.cupid.travel/hotels/575016413.jpg,liteapi
lp65580b6c,Treebo Mona Grand,hotel,28.629613,77.285996,3.0,,,False,6.9,155.0,https://static.cupid.travel/hotels/362040302.jpg,liteapi
lp657d672e,Hotel Iconic Stay Delhi International Airport,hotel,28.55682,77.1003,3.0,,,False,7.6,82.0,https://static.cupid.travel/hotels/612603275.jpg,liteapi
lp657377cd,Hotel Golden Oasis - 5 Minute Walk from New Delhi Railway Station,hotel,28.641665,77.214679,3.0,,,False,7.5,124.0,https://static.cupid.travel/hotels/126972566.jpg,liteapi
lp65865ba4,Shyama inn by Rivlet,hotel,28.647011,77.240395,3.0,,,False,6.0,,https://static.cupid.travel/hotels/ex_fc78fdff_z.jpg,liteapi
lp6578e449,Hotel Down Town - Paschim Vihar,hotel,28.669024,77.093277,3.0,,,False,7.4,149.0,https://static.cupid.travel/hotels/541417239.jpg,liteapi
lp7465e,Cottage Ganga Inn,hotel,28.641277,77.212692,3.0,,,False,7.1,223.0,https://static.cupid.travel/hotels/37554181.jpg,liteapi
lp65774ed6,Qotel Comfort Oasis Rajouri Garden - Newly Built 2026,hotel,28.639968,77.120556,3.0,,,False,7.3,131.0,https://static.cupid.travel/hotels/493045389.jpg,liteapi
lp5caa6,Apartment 52,hotel,28.628337,77.213035,3.0,,,False,8.0,40.0,https://static.cupid.travel/hotels/ex_07105b95_z.jpg,liteapi
lp65795695,Hotel The Infinity Near Delhi Airport,hotel,28.54955,77.11575,4.0,,,False,7.3,130.0,https://static.cupid.travel/hotels/581044997.jpg,liteapi
lp6572ed4e,Homlee-Vintage 2BHK-Fort View-Bharat Mandapam-NDLS,hotel,28.634247,77.24368,4.0,,,False,8.6,16.0,https://static.cupid.travel/hotels/598310451.jpg,liteapi
lp3dda7,"Hotel Tara Palace, Chandni Chowk",hotel,28.654295,77.234327,3.0,,,False,7.2,100.0,https://static.cupid.travel/hotels/ex_a4e718b2_z.jpg,liteapi
lpc4559,Hotel Tourist Palace,hotel,28.548263,77.128151,3.0,,,False,7.5,83.0,https://static.cupid.travel/hotels/580108624.jpg,liteapi
lp655a6ac9,FabHotel Moro Paschim Vihar,hotel,28.67349,77.091817,3.0,,,False,8.2,153.0,https://static.cupid.travel/hotels/602239613.jpg,liteapi
lp90f9c,Hotel Saket 27,hotel,28.51918,77.212994,4.0,,,False,6.4,239.0,https://static.cupid.travel/hotels/241678785.jpg,liteapi
lp657cf9d8,Plazzo Prime Plaza,hotel,28.54658,77.127383,3.0,,,False,7.8,55.0,https://static.cupid.travel/hotels/ex_189d6cb0_z.jpg,liteapi
lp6570242d,"Hotel C Park, Karol Bagh, New Delhi",hotel,28.64641,77.190672,3.0,,,False,7.8,88.0,https://static.cupid.travel/hotels/602644512.jpg,liteapi
lp655ff12d,BluO Classic Studio - Green Park Hauz Khas Village,hotel,28.558449,77.202938,4.0,,,False,10.0,6.0,https://static.cupid.travel/hotels/320560383.jpg,liteapi
lp657bc56e,Via Premium Room I,hotel,28.537906,77.20973,3.0,,,False,6.9,229.0,https://static.cupid.travel/hotels/506517469.jpg,liteapi
lp656e9dc4,"Divine India Service Apartment 1bhk, D-198,UGF Near Max Hospital Saket",hotel,28.523819,77.206591,4.0,,,False,9.5,4.0,https://static.cupid.travel/hotels/470334044.jpg,liteapi
lp656ede5e,Absolute Away !!,hotel,28.55283,77.32265,,,,False,9.5,2.0,https://static.cupid.travel/hotels/589579342.jpg,liteapi
lp6584762a,MetroNest Apartment,hotel,28.55685,77.24378,,,,False,9.5,2.0,https://static.cupid.travel/hotels/534143236.jpg,liteapi
lp65715946,Home Away from Home in New Delhi (Pitampura),hotel,28.70879,77.13659,,,,False,9.5,2.0,https://static.cupid.travel/hotels/517571832.jpg,liteapi
lp3db44,jüSTa Panchsheel Park,hotel,28.542514,77.21954,4.0,,,False,7.8,50.0,https://static.cupid.travel/hotels/ex_69ef5571_z.jpg,liteapi
lp65874ec1,Hotel Armani Suites @ Delhi Airport,hotel,28.548126,77.12733,3.0,,,False,8.0,35.0,https://static.cupid.travel/hotels/ex_e43cca2a_z.jpg,liteapi
lp6576f6be,Hotel O Priya Palace,hotel,28.645297,77.214241,3.0,,,False,7.6,69.0,https://static.cupid.travel/hotels/495624539.jpg,liteapi
lp656c3082,FabHotel F9 NSP,hotel,28.696049,77.157335,3.0,,,False,7.5,81.0,https://static.cupid.travel/hotels/456965677.jpg,liteapi
lp657e04db,Hotel TEO SUITES International Airport,hotel,28.556975,77.101082,4.0,,,False,8.1,29.0,https://static.cupid.travel/hotels/575511136.jpg,liteapi
lp6585f678,Hotel Lord Krishna Palace,hotel,28.640965,77.210239,2.0,,,False,9.0,4.0,https://static.cupid.travel/hotels/ex_45d4cc96_z.jpg,liteapi
lp655bbb15,"Hotel Sterling Inn, New Delhi",hotel,28.641576,77.214232,3.0,,,False,7.8,284.0,https://static.cupid.travel/hotels/584317589.jpg,liteapi
lp65728706,The Sky Edge EL CIELO,hotel,28.55129,77.3235,,,,False,9.3,3.0,https://static.cupid.travel/hotels/594014823.jpg,liteapi
lp4a170,Bajaj Indian Home Stay,hotel,28.644651,77.183979,3.0,,,False,8.3,20.0,https://static.cupid.travel/hotels/ex_32d56e35_z.jpg,liteapi
lp8380e,"Hotel Benz International, Karol Bagh",hotel,28.647937,77.192899,3.0,,,False,7.4,162.0,https://static.cupid.travel/hotels/387961422.jpg,liteapi
lp655adcc4,Hotel Smart Plaza Delhi Airport,hotel,28.55079,77.12021,4.0,,,False,7.1,801.0,https://static.cupid.travel/hotels/536439742.jpg,liteapi
lp655adf95,Delhi Guest House,hotel,28.64207,77.21633,3.0,,,False,8.1,148.0,https://static.cupid.travel/hotels/199403654.jpg,liteapi
lp6e0b2,The Gold Regency,hotel,28.64149,77.21607,3.0,,,False,5.8,21.0,https://static.cupid.travel/hotels/ex_baaa0b52_z.jpg,liteapi
lp655bb300,FabHotel Devise Residency,hotel,28.697704,77.174671,3.0,,,False,7.7,284.0,https://static.cupid.travel/hotels/404342307.jpg,liteapi
lp6575bb97,"Gulmohar Residency, Hauz Khas New Delhi, Couple Friendly",hotel,28.556465,77.21551,3.0,,,False,7.3,125.0,https://static.cupid.travel/hotels/576579167.jpg,liteapi
lp5be7e,Mantra Amaltas,hotel,28.567587,77.261769,4.0,,,False,7.8,44.0,https://static.cupid.travel/hotels/ex_53b55cf5_z.jpg,liteapi
lp5296a,Hotel International Inn,hotel,28.54697,77.12644,3.0,,,False,4.8,50.0,https://static.cupid.travel/hotels/ex_6ae55fbc_z.jpg,liteapi
lp656c38af,FabHotel Grand Stay,hotel,28.650677,77.305611,3.0,,,False,7.7,52.0,https://static.cupid.travel/hotels/503757984.jpg,liteapi
lp6565a02b,"BluO Park Facing 3BHK- Lift, Balcony, Parking",hotel,28.543106,77.214204,,,,False,10.0,5.0,https://static.cupid.travel/hotels/447370700.jpg,liteapi
lpbac24,"Hari's Court, Lajpat Nagar",hotel,28.565368,77.243817,3.0,,,False,9.0,5.0,https://static.cupid.travel/hotels/ex_030f32fe_z.jpg,liteapi
lp65767912,Qotel Signature Lavish Inn - Hotel in Rajouri Garden Near Metro & Pacific Mall,hotel,28.641335,77.121632,3.0,,,False,7.8,53.0,https://static.cupid.travel/hotels/536100313.jpg,liteapi
lp1e5744,Hotel Pearl Mahipalpur Delhi Airport,hotel,28.547645,77.126926,3.0,,,False,7.4,25.0,https://static.cupid.travel/hotels/ex_43b80216_z.jpg,liteapi
lpc6137,The Grand Vikalp By Saga Hotels,hotel,28.54832,77.2397,3.0,,,False,7.1,137.0,https://static.cupid.travel/hotels/583686996.jpg,liteapi
lp6562ddca,BluO 3BHK - Greater Kailash Lift Balcony Parking,hotel,28.548596,77.233012,4.0,,,False,9.8,8.0,https://static.cupid.travel/hotels/321184257.jpg,liteapi
lp656ddb73,Bloom Hotel - GK2,hotel,28.540838,77.240229,3.0,,,False,7.3,115.0,https://static.cupid.travel/hotels/564114705.jpg,liteapi
lp656bc020,East Park Inn,hotel,28.650825,77.197565,4.0,,,False,7.5,75.0,https://static.cupid.travel/hotels/533009955.jpg,liteapi
lp65711fb3,Hotel Samrat Inn Near Nizamuddin Railway Station,hotel,28.582038,77.251045,4.0,,,False,7.6,70.0,https://static.cupid.travel/hotels/500441570.jpg,liteapi
lp65802fa7,Bali Mantra,hotel,28.567393,77.243033,,,,False,7.7,55.0,https://static.cupid.travel/hotels/481037098.jpg,liteapi
lpd101a,Hotel Pink City,hotel,28.64213,77.21778,3.0,,,False,7.0,16.0,https://static.cupid.travel/hotels/ex_e1cbb558_z.jpg,liteapi
lp657be7f2,Hotel Yash Palace Near IGI Airport,hotel,28.547312,77.125445,3.0,,,False,7.4,85.0,https://static.cupid.travel/hotels/526587907.jpg,liteapi
lp65759fe3,"Hotel Shree Sai Dham Near New Delhi Railway Station, Paharganj",hotel,28.64379,77.214102,3.0,,,False,8.2,21.0,https://static.cupid.travel/hotels/601367755.jpg,liteapi
lp1a89dd,Super Hotel JP Palace,hotel,28.638815,77.129992,4.0,,,False,7.2,78.0,https://static.cupid.travel/hotels/597269745.jpg,liteapi
lpf9cc6,Staybook Hotel Nitya Maharani Free Airport Pickup,hotel,28.6464,77.2152,4.0,,,False,,14.0,https://static.cupid.travel/hotels/218029122.jpg,liteapi
lp88a8f,Hotel JRD Exotica-Business Hotel,hotel,28.563531,77.196933,3.0,,,False,7.0,78.0,https://static.cupid.travel/hotels/332725315.jpg,liteapi
lp657bd0b8,Airport Hotel Shivaka Inn,hotel,28.52961,77.08708,3.0,,,False,7.8,39.0,https://static.cupid.travel/hotels/385413220.jpg,liteapi
lp657ed5ce,FabHotel The Royal - Nr Guru Govind Singh University,hotel,28.665522,77.302965,3.0,,,False,8.1,23.0,https://static.cupid.travel/hotels/587747371.jpg,liteapi
lp65781494,CLINK AIRPORT STAY -New Delhi,hotel,28.550966,77.130451,3.0,,,False,7.6,54.0,https://static.cupid.travel/hotels/534520200.jpg,liteapi
lp656c338d,Fabexpress Station Ii,hotel,28.64537,77.217349,3.0,,,False,10.0,,https://static.cupid.travel/hotels/ex_3e107153_z.jpg,liteapi
lp65862333,Hotel Palace Inn,hotel,28.647452,77.165239,3.0,,,False,10.0,,https://static.cupid.travel/hotels/ex_bc7068f6_z.jpg,liteapi
lp6574285b,Hotel AELA Grand Near Delhi Airport Free Airport pickup,hotel,28.556308,77.100114,4.0,,,False,7.9,40.0,https://static.cupid.travel/hotels/566314829.jpg,liteapi
lp6573726f,The Plaza Arch Premium - Indira Gandhi Int'l Airport,hotel,28.537844,77.092026,3.0,,,False,7.7,46.0,https://static.cupid.travel/hotels/493283329.jpg,liteapi
lp6582eb61,Mystique abode,hotel,28.587512,77.246203,3.0,,,False,8.5,11.0,https://static.cupid.travel/hotels/528635553.jpg,liteapi
lp65797669,South Delhi Inn,hotel,28.57468,77.256,3.0,,,False,8.6,9.0,https://static.cupid.travel/hotels/529597423.jpg,liteapi
lp6577c275,Qotel Hotel Rajouri Garden I Near Metro I Spacious Rooms I Friendly Staff I Most Preferred Hotel In Rajouri,hotel,28.642491,77.132697,,,,False,7.3,88.0,https://static.cupid.travel/hotels/474177316.jpg,liteapi
lp656b22cb,Indee home,hotel,28.535257,77.242425,4.0,,,False,8.5,64.0,https://static.cupid.travel/hotels/17724517.jpg,liteapi
lp65735ff3,Hotel Shivaka Inn - Delhi Airport,hotel,28.55025,77.12321,3.0,,,False,9.0,4.0,https://static.cupid.travel/hotels/609650465.jpg,liteapi
lp65745d74,Comfort Point Bed & Breakfast,hotel,28.566009,77.194709,,,,False,9.0,5.0,https://static.cupid.travel/hotels/206836148.jpg,liteapi
lp6572fa31,Homlee-Green Luxury 3BHK-South DEL-NFC-Fortis Hospital,hotel,28.566561,77.275823,3.0,,,False,9.0,4.0,https://static.cupid.travel/hotels/596011161.jpg,liteapi
lp65587bbb,Staybook Atlanta New Delhi Train Station,hotel,28.646191,77.214032,3.0,,,False,7.6,50.0,https://static.cupid.travel/hotels/ex_c7932ab3_z.jpg,liteapi
lp656c2f5e,Bloom Hotel - Sector 19,hotel,28.579092,77.3238,3.0,,,False,7.5,66.0,https://static.cupid.travel/hotels/492208776.jpg,liteapi
lp657e58a5,Bunk Hostel Delhi Best Backpacking Accommodation,hostel,28.64056,77.21029,3.0,,,False,6.7,223.0,https://static.cupid.travel/hotels/530225433.jpg,liteapi
lp6585ac96,Welcomhotel By ITC Hotels Delhi-Gurugram Highway,hotel,28.51489,77.089889,4.0,,,False,8.2,17.0,https://static.cupid.travel/hotels/ex_1cd84c79_z.jpg,liteapi
lp5dc1f,Hotel The Pearl Near BLK Hospital,hotel,28.645718,77.183674,3.0,,,False,7.8,36.0,https://static.cupid.travel/hotels/219755873.jpg,liteapi
lp656bc13b,FabHotel Nirvana Residency,hotel,28.64622,77.292404,3.0,,,False,7.8,38.0,https://static.cupid.travel/hotels/526956551.jpg,liteapi
lp65768d6e,Hotel O Delhi Airport Stay,hotel,28.5477,77.1289,4.0,,,False,7.7,39.0,https://static.cupid.travel/hotels/609082533.jpg,liteapi
lp655a84a0,Hotel Amar International,hotel,28.643831,77.210028,3.0,,,False,7.4,387.0,https://static.cupid.travel/hotels/231825230.jpg,liteapi
lp573a8,Malik Continental,hotel,28.526936,77.15239,3.0,,,False,7.3,75.0,https://static.cupid.travel/hotels/ex_e9a1731e_z.jpg,liteapi
lp65799c98,Hotel Stay Villa Delhi Airport,hotel,28.55674,77.10056,3.0,,,False,7.8,32.0,https://static.cupid.travel/hotels/598582603.jpg,liteapi
lp655adfdb,Hotel Classic Park At Airport,hotel,28.5528,77.10421,3.0,,,False,7.9,145.0,https://static.cupid.travel/hotels/583130754.jpg,liteapi
lp657f39c5,Hotel Plazzo At Delhi International Airport,hotel,28.553816,77.101882,,,,False,7.7,45.0,https://static.cupid.travel/hotels/607035764.jpg,liteapi
lp656f7072,Cloud stay@41st floor,hotel,28.55135,77.32329,,,,False,8.0,22.0,https://static.cupid.travel/hotels/554346512.jpg,liteapi
lp655adc98,Hotel Azulo Inn Bhikaji Cama Place Delhi,hotel,28.56466,77.189959,3.0,,,False,7.4,354.0,https://static.cupid.travel/hotels/335331912.jpg,liteapi
lp65867c08,Hotel Tark Plaza Near IGI Airport Delhi,hotel,28.549441,77.129516,3.0,,,False,7.6,43.0,https://static.cupid.travel/hotels/ex_3ba7bb9a_z.jpg,liteapi
lp19a0ca,Via Hemkunt Mansion - Nr Noida Sector-15 Metro,hotel,28.582501,77.311521,3.0,,,False,7.1,100.0,https://static.cupid.travel/hotels/171772062.jpg,liteapi
lp657c929d,Airport Hotel Square Plaza,hotel,28.55564,77.09693,,,,False,7.4,60.0,https://static.cupid.travel/hotels/609877843.jpg,liteapi
lp657797dc,Hotel Ink Haven Near Delhi Airport,hotel,28.55676,77.10053,3.0,,,False,7.9,25.0,https://static.cupid.travel/hotels/615087461.jpg,liteapi
lp65874649,Hotel The white Sand suites,hotel,28.542332,77.12893,3.0,,,False,8.0,21.0,https://static.cupid.travel/hotels/ex_37ccdefe_z.jpg,liteapi
lp655a721c,Hotel Fabulous - Delhi International Airport,hotel,28.5569,77.100304,3.0,,,False,7.8,161.0,https://static.cupid.travel/hotels/292373860.jpg,liteapi
lp656c3061,Via JPM Harshdeep,hotel,28.559694,77.247227,3.0,,,False,7.4,58.0,https://static.cupid.travel/hotels/454070626.jpg,liteapi
lp657df3aa,Townhouse Pitampura West Enclave,hotel,28.691065,77.1004,4.0,,,False,7.1,113.0,https://static.cupid.travel/hotels/599757965.jpg,liteapi
lp6558201f,Super Townhouse Hotel Silver Saffron,hotel,28.67898,77.09751,3.0,,,False,,58.0,https://static.cupid.travel/hotels/563813219.jpg,liteapi
lpefbd3,Hotel Ambica Palace AIIMS New Delhi - Couple Friendly Local ID Accepted,hotel,28.568711,77.199153,3.0,,,False,6.6,237.0,https://static.cupid.travel/hotels/344047459.jpg,liteapi
lp1abfcf,Hotel Express 66 - New Delhi Railway Station,hotel,28.64541,77.21101,4.0,,,False,7.4,57.0,https://static.cupid.travel/hotels/hd/564292638.jpg,liteapi
lp657fdc78,FabHotel NK Residency,hotel,28.52532,77.26316,4.0,,,False,7.5,48.0,https://static.cupid.travel/hotels/599227086.jpg,liteapi
lp656bc3a6,Bloom Hotel - GK 2,hotel,28.540895,77.24029,3.0,,,False,9.0,3.0,https://static.cupid.travel/hotels/ex_6cf3f116_z.jpg,liteapi
lp657853e3,Urban Oasis: Stylish Retreat,hotel,28.541246,77.243523,,,,False,9.0,3.0,https://static.cupid.travel/hotels/509802083.jpg,liteapi
lpe1e0d,Madpackers Delhi - Hostel,hostel,28.542801,77.214348,2.0,,,False,9.0,3.0,https://static.cupid.travel/hotels/ex_0a8b9efb_z.jpg,liteapi
lp19560e,Fabhotel Aries,hotel,28.549469,77.128898,3.0,,,False,9.0,3.0,https://static.cupid.travel/hotels/ex_12ec68e7_z.jpg,liteapi
lp657c0617,Green Wood Villas,hotel,28.556528,77.156106,3.0,,,False,9.0,3.0,https://static.cupid.travel/hotels/ex_502a3509_z.jpg,liteapi
lp89f2c,Golden Leaf Hotel,hotel,28.56838,77.199219,3.0,,,False,7.6,41.0,https://static.cupid.travel/hotels/63738926.jpg,liteapi
lp658262ae,Via Happy Residency,hotel,28.546294,77.255116,3.0,,,False,7.0,122.0,https://static.cupid.travel/hotels/336889976.jpg,liteapi
lp6575c23c,Iris Park Hotel New Delhi,hotel,28.565991,77.194973,,,,False,7.1,101.0,https://static.cupid.travel/hotels/334263071.jpg,liteapi
lp6571063b,Hotel Chowdhry-New Delhi Railway Station-2 minutes walk,hotel,28.643941,77.21535,2.0,,,False,7.1,95.0,https://static.cupid.travel/hotels/523795184.jpg,liteapi
lp65718ae1,Hostmystay- 3Bhk Terrace! Gk1 M block,hotel,28.549434,77.240056,4.0,,,False,8.5,9.0,https://static.cupid.travel/hotels/327572768.jpg,liteapi
lp4e973,Rupam Hotel - Air Purified comfort,hotel,28.645492,77.184896,3.0,,,False,7.4,57.0,https://static.cupid.travel/hotels/25341157.jpg,liteapi
lp655bbaac,"The Ashok, New Delhi",hotel,28.597167,77.195977,5.0,,,False,6.2,2250.0,https://static.cupid.travel/hotels/44025013.jpg,liteapi
lp6578688a,Hotel the royal Oakes,hotel,28.560505,77.247295,3.0,,,False,8.1,16.0,https://static.cupid.travel/hotels/610950420.jpg,liteapi
lp65874e19,Hotel WTI Modesty,hotel,28.544405,77.128473,3.0,,,False,8.0,19.0,https://static.cupid.travel/hotels/ex_6f418f1e_z.jpg,liteapi
lp657e9107,Hotel Nirvana Suites,hotel,28.539748,77.294123,3.0,,,False,8.3,11.0,https://static.cupid.travel/hotels/607997852.jpg,liteapi
lp657b3720,Hotel Smart Stay,hotel,28.549736,77.128333,3.0,,,False,8.2,15.0,https://static.cupid.travel/hotels/503992112.jpg,liteapi
lp4feb0,Hotel Grand Park Inn,hotel,28.648142,77.196486,3.0,,,False,7.4,51.0,https://static.cupid.travel/hotels/ex_c35147f2_z.jpg,liteapi
lp65873994,IVA Premium Delhi Airport,hotel,28.551049,77.130167,3.0,,,False,8.6,6.0,https://static.cupid.travel/hotels/ex_666e72ec_z.jpg,liteapi
lp65709de8,"Yamuna View Studio Apartments with Pvt Kitchenette, near Indraprastha Apollo and Max Hospital Noida",hotel,28.551419,77.323485,4.0,,,False,8.8,10.0,https://static.cupid.travel/hotels/530702288.jpg,liteapi
lp6576ea2e,Sleek City Retreat with Kitchen l Near Airport,hotel,28.563891,77.166483,,,,False,8.8,4.0,https://static.cupid.travel/hotels/593691426.jpg,liteapi
lp6f336,Hotel Cabana 5 Mins Walking Distance From NDLS Station,hotel,28.641144,77.21146,3.0,,,False,7.4,50.0,https://static.cupid.travel/hotels/ex_5d847d38_z.jpg,liteapi
lp656bc036,FabHotel Moro Rohini Sector 4,hotel,28.707489,77.09631,3.0,,,False,7.4,53.0,https://static.cupid.travel/hotels/507345937.jpg,liteapi
lp657c085a,Taj Inn Residency,hotel,28.555548,77.24146,3.0,,,False,7.8,28.0,https://static.cupid.travel/hotels/592557647.jpg,liteapi
lp657e1bdf,Hotel Kingston Park Karol Bagh,hotel,28.64527,77.192708,3.0,,,False,7.8,37.0,https://static.cupid.travel/hotels/570028075.jpg,liteapi
lp657d978e,Premium Hotel Deoli Khanpur,hotel,28.51132,77.23279,3.0,,,False,7.9,21.0,https://static.cupid.travel/hotels/562357901.jpg,liteapi
lp655adf9f,New Delhi Hotel Citizen,hotel,28.548119,77.121671,3.0,,,False,7.0,523.0,https://static.cupid.travel/hotels/296947344.jpg,liteapi
lp65599d76,Hotel Jukaso Inn Down Town,hotel,28.634105,77.221956,3.0,,,False,6.9,668.0,https://static.cupid.travel/hotels/276064945.jpg,liteapi
lpc5a22,Kaisons Inn (Near Apollo Hospital),hotel,28.537745,77.283154,3.0,,,False,7.5,43.0,https://static.cupid.travel/hotels/102425809.jpg,liteapi
lp65711797,Hotel Northern Palace Just - 1 min Connaught place & New Delhi Station,hotel,28.639205,77.216246,4.0,,,False,7.5,57.0,https://static.cupid.travel/hotels/617972527.jpg,liteapi
lp6b977,Hotel Arina Inn,hotel,28.642654,77.240657,3.0,,,False,,96.0,https://static.cupid.travel/hotels/269574898.jpg,liteapi
lp6577ccfa,2BHK Comfortable Furnished Serviced Apartments in Hauz Khas - Woodpecker Apartments,hotel,28.543402,77.206804,,,,False,7.9,20.0,https://static.cupid.travel/hotels/219898812.jpg,liteapi
lpa4290,Hotel Aerodrome,hotel,28.548184,77.126199,3.0,,,False,7.9,20.0,https://static.cupid.travel/hotels/ex_d331bed9_z.jpg,liteapi
lp6571e2b6,"Hotel Nav Durga ""2 Walking from New Delhi Railway Station""",hotel,28.645579,77.211073,3.0,,,False,8.1,17.0,https://static.cupid.travel/hotels/595037276.jpg,liteapi
lp3622dd,Via The Vaishali Dakshini Pitampura,hotel,28.70156,77.13988,3.0,,,False,7.4,48.0,https://static.cupid.travel/hotels/503100179.jpg,liteapi
lp657b1bb1,JRD Pride-Business Hotel,hotel,28.582316,77.251334,4.0,,,False,6.8,140.0,https://static.cupid.travel/hotels/170568125.jpg,liteapi
lp729db,Hotel Eternity,hotel,28.652271,77.113179,4.0,,,False,7.7,28.0,https://static.cupid.travel/hotels/29105156.jpg,liteapi
lp655ae47f,Townhouse Oak New Delhi Central Railway Junction Formerly Uppal International,hotel,28.646087,77.215242,4.0,,,False,7.7,169.0,https://static.cupid.travel/hotels/586608419.jpg,liteapi
lp657a0ec5,"Airport Hotel Port View,Complimentary Airport Pickup or Drop",hotel,28.550988,77.120806,3.0,,,False,7.6,36.0,https://static.cupid.travel/hotels/607655148.jpg,liteapi
lp657b31eb,Hotel Majors Den,hotel,28.641174,77.211696,2.0,,,False,7.6,59.0,https://static.cupid.travel/hotels/604539145.jpg,liteapi
lp1a8cb4,Itsy Hotels Arien International,hotel,28.544501,77.254116,3.0,,,False,6.7,139.0,https://static.cupid.travel/hotels/370226145.jpg,liteapi
lp657bdfec,Hotel ALVAA International Near IGI airport,hotel,28.55528,77.10091,3.0,,,False,7.4,44.0,https://static.cupid.travel/hotels/468717259.jpg,liteapi
lp655a773f,FabHotel A 97,hotel,28.562413,77.250075,3.0,,,False,7.5,200.0,https://static.cupid.travel/hotels/264072505.jpg,liteapi
lp655ba988,Hotel Sanca International in Patel Nagar Delhi,hotel,28.643126,77.175381,4.0,,,False,7.9,104.0,https://static.cupid.travel/hotels/343144556.jpg,liteapi
lp657bc507,Super Collection O Nirman Vihar,hotel,28.636556,77.285528,3.0,,,False,7.2,81.0,https://static.cupid.travel/hotels/622110976.jpg,liteapi
lp1b2c55,Hotel Marigold,hotel,28.545806,77.291832,,,,False,6.6,167.0,https://static.cupid.travel/hotels/180848495.jpg,liteapi
lp6556a7ad,Hotel WTI Airport,hotel,28.545318,77.123166,3.0,,,False,6.2,75.0,https://static.cupid.travel/hotels/ex_73c6ab07_z.jpg,liteapi
lp65867299,Hotel DSR Caves Near IGI Airport Delhi,hotel,28.55669,77.100405,3.0,,,False,7.4,43.0,https://static.cupid.travel/hotels/ex_57703b90_z.jpg,liteapi
lp601c6,Sohi Residency,hotel,28.646064,77.192896,3.0,,,False,7.4,44.0,https://static.cupid.travel/hotels/40748378.jpg,liteapi
lp657562eb,"Homlee-Basement Flat with kitchen in Saket, South Delhi",hotel,28.522042,77.206595,3.0,,,False,8.5,7.0,https://static.cupid.travel/hotels/443188205.jpg,liteapi
lp65737a4e,Hotel O KL khari Near Ashram Mein Metro,hotel,28.633809,77.281602,3.0,,,False,8.5,7.0,https://static.cupid.travel/hotels/408854239.jpg,liteapi
lp6574f3d4,Homlee-Vintage 2BHK-NDLS-Lift-Bharat Mandapam,hotel,28.634179,77.243625,3.0,,,False,7.9,22.0,https://static.cupid.travel/hotels/503330400.jpg,liteapi
lp6578e20f,Hotel Peridot with Free Airport Pickup,hotel,28.553928,77.088035,4.0,,,False,8.0,65.0,https://static.cupid.travel/hotels/602723379.jpg,liteapi
lp655adfc3,"Hotel View, Delhi Airport",hotel,28.540548,77.131747,3.0,,,False,6.9,528.0,https://static.cupid.travel/hotels/328144420.jpg,liteapi
lp656eaa88,"Fortune Home Service Apartment 3Bhk,E-28 2B, Saket",hotel,28.521757,77.205999,,,,False,9.0,2.0,https://static.cupid.travel/hotels/519823357.jpg,liteapi
lp65703341,Ninho GK2,hotel,28.537882,77.241516,,,,False,9.0,2.0,https://static.cupid.travel/hotels/449703569.jpg,liteapi
lp656597e2,Air Purifier -Economical Cozy 1BHK Prime Location 1,hotel,28.548176,77.238177,4.0,,,False,10.0,2.0,https://static.cupid.travel/hotels/277588289.jpg,liteapi
lp657cd63d,Luxe Lagoon studio,hotel,28.552565,77.321811,,,,False,9.0,2.0,https://static.cupid.travel/hotels/603165295.jpg,liteapi
lp6576e7ae,Hotel Geet Deluxe Near Connaught Place and New Delhi Railway Station,hotel,28.645638,77.217783,,,,False,9.0,2.0,https://static.cupid.travel/hotels/608500531.jpg,liteapi
lp65809756,Breezy Rooftop Retreat,hotel,28.694645,77.179611,4.0,,,False,9.0,6.0,https://static.cupid.travel/hotels/535234422.jpg,liteapi
lp655a7c08,Hotel Cosmo - Karol Bagh,hotel,28.64584,77.1834,3.0,,,False,8.0,83.0,https://static.cupid.travel/hotels/451710556.jpg,liteapi
lp5eb9a,Silver Ferns,hotel,28.522755,77.208398,4.0,,,False,7.4,42.0,https://static.cupid.travel/hotels/ex_696f0bae_z.jpg,liteapi
lp657dc0a3,FabHotel Aries - Nr IGI Airport New Delhi,hotel,28.549581,77.12887,3.0,,,False,7.2,60.0,https://static.cupid.travel/hotels/294216804.jpg,liteapi
lp655b1022,FabHotel F9 NFC,hotel,28.570278,77.26677,3.0,,,False,7.9,100.0,https://static.cupid.travel/hotels/345161601.jpg,liteapi
lp6578a639,Hotel Delhi Fantastic near New Delhi Train Station,hotel,28.642176,77.21168,3.0,,,False,7.5,35.0,https://static.cupid.travel/hotels/120792224.jpg,liteapi
lp657c6a7b,Townhouse Prakash continental Near Netaji Subhash Place Metro Station,hotel,28.696159,77.157327,4.0,,,False,7.1,72.0,https://static.cupid.travel/hotels/519666549.jpg,liteapi
lp657487a2,Homlee-Excellency Large 4BHK-South Delhi- NFC,hotel,28.569518,77.273586,4.0,,,False,8.4,9.0,https://static.cupid.travel/hotels/519110171.jpg,liteapi
lp657a8c54,Hare Krishna Paharganj New Delhi,hotel,28.64082,77.21359,,,,False,7.3,49.0,https://static.cupid.travel/hotels/622609633.jpg,liteapi
lp5e2c8,Florence Inn,hotel,28.651367,77.193232,3.0,,,False,7.4,41.0,https://static.cupid.travel/hotels/ex_349cadc6_z.jpg,liteapi
lp656c2c3c,FabHotel Trio Continental Patel Nagar,hotel,28.64402,77.17295,3.0,,,False,7.6,29.0,https://static.cupid.travel/hotels/456630186.jpg,liteapi
lp655a78be,Hotel Smart Inn-Near Delhi Airport Free Airport Drop,hotel,28.555524,77.10222,4.0,,,False,7.2,309.0,https://static.cupid.travel/hotels/589238826.jpg,liteapi
lp656ba4c4,Trendy Bed & Breakfast,hotel,28.573649,77.257013,4.0,,,False,8.8,23.0,https://static.cupid.travel/hotels/96724098.jpg,liteapi
lp657a7e43,Hotel Golden Bliss Near International Airport New Delhi,hotel,28.54765,77.12651,3.0,,,False,7.0,78.0,https://static.cupid.travel/hotels/419877067.jpg,liteapi
lp6575b5cb,Mauryan Elite Hotel Qutab Minar Metro Station,hotel,28.506629,77.185355,,,,False,7.1,72.0,https://static.cupid.travel/hotels/564048979.jpg,liteapi
lp69478,Hotel Uppal International,hotel,28.645977,77.215119,3.0,,,False,7.0,75.0,https://static.cupid.travel/hotels/ex_d561d289_z.jpg,liteapi
lp6575e4a7,Hotel In West Vinod Nagar,hotel,28.62465,77.2987,3.0,,,False,7.8,19.0,https://static.cupid.travel/hotels/614891606.jpg,liteapi
lp55ade,HOTEL SURYA INTERNATIONAL,hotel,28.648129,77.188482,3.0,,,False,7.4,36.0,https://static.cupid.travel/hotels/230624773.jpg,liteapi
lp657350a3,Amara Inn- Near IGI Delhi Airport,hotel,28.549118,77.130327,3.0,,,False,8.0,18.0,https://static.cupid.travel/hotels/517938849.jpg,liteapi
lp6582809e,Hotel Emporio,hotel,28.644335,77.215082,2.0,,,False,8.0,13.0,https://static.cupid.travel/hotels/ex_7999cc48_z.jpg,liteapi
lp6459b,Hotel Private Affair (A Boutique Hotel),hotel,28.548681,77.236555,3.0,,,False,7.0,75.0,https://static.cupid.travel/hotels/279444219.jpg,liteapi
lp657f4b6a,Hotel Lakshmi Palace -Near IGI Airport Delhi,hotel,28.556897,77.100302,4.0,,,False,7.5,31.0,https://static.cupid.travel/hotels/578088009.jpg,liteapi
lp5b83c,Hotel O'Delhi,hotel,28.64583,77.192125,3.0,,,False,7.4,25.0,https://static.cupid.travel/hotels/ex_8fd08cff_z.jpg,liteapi
lp65799aca,Hotel Viva Palace By OPO Delhi Airport,hotel,28.545695,77.123153,3.0,,,False,7.3,79.0,https://static.cupid.travel/hotels/506983777.jpg,liteapi
lp19b918,Jugaad Hostels,hostel,28.565781,77.185532,2.0,,,False,8.6,4.0,https://static.cupid.travel/hotels/ex_01a86bff_z.jpg,liteapi
lp6577e367,Hotel Linda Suites Near International Airport By LA CASA,hotel,28.55612,77.10008,4.0,,,False,6.6,138.0,https://static.cupid.travel/hotels/606154554.jpg,liteapi
lp6577655e,Hotel Ark Suites At Airport,hotel,28.55584,77.09626,3.0,,,False,6.8,98.0,https://static.cupid.travel/hotels/581951728.jpg,liteapi
lp655ae458,Hotel Grand Regency by JMD Group Near Delhi IGI Airport,hotel,28.537052,77.115701,3.0,,,False,7.8,121.0,https://static.cupid.travel/hotels/281091453.jpg,liteapi
lp80745,Hotel Kelson Dx,hotel,28.6434,77.21064,2.0,,,False,7.8,17.0,https://static.cupid.travel/hotels/535252178.jpg,liteapi
lp65784773,Hotel O Wamson,hotel,28.57142,77.328103,4.0,,,False,7.0,67.0,https://static.cupid.travel/hotels/521919491.jpg,liteapi
lpaca14,Hotel Le Cadre,hotel,28.555477,77.24247,3.0,,,False,5.2,6.0,https://static.cupid.travel/hotels/ex_35d163c5_z.jpg,liteapi
lp655d3c3d,Sprinklers,hotel,28.640523,77.209658,3.0,,,False,6.6,695.0,https://static.cupid.travel/hotels/334623326.jpg,liteapi
lp656bc354,Hotel Excellency,hotel,28.621673,77.219976,3.0,,,False,7.2,47.0,https://static.cupid.travel/hotels/ex_2980abf5_z.jpg,liteapi
lp65707b34,Hotel Anand - Walk in from New Delhi Railway Station,hotel,28.643147,77.210523,3.0,,,False,7.2,50.0,https://static.cupid.travel/hotels/512566607.jpg,liteapi
lp657fdfe7,VRINDAVAN GUEST HOUSE,hotel,28.537789,77.198084,,,,False,6.9,84.0,https://static.cupid.travel/hotels/477602606.jpg,liteapi
lpf4fce,Itsy Hotels Connaught Mews,hotel,28.628871,77.214842,3.0,,,False,6.0,379.0,https://static.cupid.travel/hotels/395730031.jpg,liteapi
lp65793a1a,FabHotel La Serene BnB,hotel,28.671725,77.184822,3.0,,,False,7.7,19.0,https://static.cupid.travel/hotels/505129361.jpg,liteapi
lp657a537e,Luxury Tashree Hotel at Airport,hotel,28.54901,77.12112,4.0,,,False,7.0,63.0,https://static.cupid.travel/hotels/514048416.jpg,liteapi
lp657478fb,Hotel Decent Suites - Delhi Airport,hotel,28.550586,77.130241,3.0,,,False,8.0,11.0,https://static.cupid.travel/hotels/ex_c3706930_z.jpg,liteapi
lp6576e82d,FabHotel TP Suites,hotel,28.553573,77.127422,3.0,,,False,8.0,11.0,https://static.cupid.travel/hotels/248798708.jpg,liteapi
lp658749a3,Tyche Boutique & Suites,hotel,28.641233,77.21059,4.0,,,False,8.0,11.0,https://static.cupid.travel/hotels/ex_2d3160a8_z.jpg,liteapi
lp655ba993,Via Urban Residency,hotel,28.700333,77.184484,3.0,,,False,7.3,192.0,https://static.cupid.travel/hotels/502846943.jpg,liteapi
lp656c2b3a,FabHotel Goodwill Homes,hotel,28.56695,77.277102,3.0,,,False,7.4,36.0,https://static.cupid.travel/hotels/432493537.jpg,liteapi
lp655a765b,Hotel Nature View Green Park Metro Couple Friendly New Delhi,hotel,28.560772,77.197039,3.0,,,False,6.9,441.0,https://static.cupid.travel/hotels/386022044.jpg,liteapi
lp657a694f,Divine Residency by JMD Group Near Yashobhoomi & Delhi IGI Airport,hotel,28.530057,77.08687,3.0,,,False,8.4,5.0,https://static.cupid.travel/hotels/599164409.jpg,liteapi
lp656bd46f,Hotel Royal inn igi,hotel,28.545507,77.123849,3.0,,,False,8.4,5.0,https://static.cupid.travel/hotels/ex_b92ecdbc_z.jpg,liteapi
lp10cac1,Woodpecker B&B Green,hotel,28.559435,77.203796,3.0,,,False,8.4,5.0,https://static.cupid.travel/hotels/ex_fd1af0d6_z.jpg,liteapi
lp658736ba,OPUS,hotel,28.559998,77.20535,3.0,,,False,8.4,5.0,https://static.cupid.travel/hotels/ex_2b74d56d_z.jpg,liteapi
lpb5394,Blue Triangle Family Hostel,hostel,28.62585,77.20859,3.0,,,False,8.4,5.0,https://static.cupid.travel/hotels/ex_16dba4ad_z.jpg,liteapi
lp657dc2d1,Collection O Kailash Enclave,hotel,28.696018,77.130211,4.0,,,False,7.1,51.0,https://static.cupid.travel/hotels/599636313.jpg,liteapi
lp657ba286,Hotel Opera Mahipalpur- Delhi Airport,hotel,28.550615,77.130331,3.0,,,False,7.2,56.0,https://static.cupid.travel/hotels/574627819.jpg,liteapi
lp65423,Hotel Ivory 32,hotel,28.551587,77.233224,3.0,,,False,6.9,77.0,https://static.cupid.travel/hotels/15297192.jpg,liteapi
lp656fa08b,"Fortune Home Service Apartment 3Bhk,J-223 Saket",hotel,28.5221,77.21161,,,,False,8.5,4.0,https://static.cupid.travel/hotels/599725131.jpg,liteapi
lp656efddb,Hostmystay-2bhk w/t Terrace! Gk1,hotel,28.544918,77.243812,3.0,,,False,8.5,5.0,https://static.cupid.travel/hotels/545183142.jpg,liteapi
lp655ba9cf,Hotel Raj Mahal Inn 2 Min Walk From New Delhi Railway Station,hotel,28.642273,77.214818,3.0,,,False,7.5,152.0,https://static.cupid.travel/hotels/236706964.jpg,liteapi
lp655adfff,FabHotel La Paz Stay B&B,hotel,28.537466,77.210736,3.0,,,False,7.4,166.0,https://static.cupid.travel/hotels/292966395.jpg,liteapi
lp6e050,Evergreen Suites Defence Colony,hotel,28.57622,77.23237,3.0,,,False,7.6,21.0,https://static.cupid.travel/hotels/ex_e1870146_z.jpg,liteapi
lp4f659,Savoy Suites Noida,hotel,28.578732,77.316204,4.0,,,False,6.7,101.0,https://static.cupid.travel/hotels/2741500.jpg,liteapi
lp656f6df7,Bloom Hotel - CR Park,hotel,28.542489,77.241683,3.0,,,False,6.9,83.0,https://static.cupid.travel/hotels/598063804.jpg,liteapi
lp65822650,JMD Residency,hotel,28.539591,77.143483,3.0,,,False,7.4,29.0,https://static.cupid.travel/hotels/597492766.jpg,liteapi
lp4cc5b,Hotel Florence,hotel,28.651965,77.191725,3.0,,,False,7.6,20.0,https://static.cupid.travel/hotels/ex_3e7c42b1_z.jpg,liteapi
lp656c36ee,MAYDA Residency Near IGI Airport with Free Airport Drop,hotel,28.549173,77.130354,,,,False,7.5,110.0,https://static.cupid.travel/hotels/588455617.jpg,liteapi
lp655d5477,Friends Hostel by Backpackers Heaven- New Delhi Railway Station - Paharganj,hostel,28.640555,77.212936,3.0,,,False,7.0,296.0,https://static.cupid.travel/hotels/159622382.jpg,liteapi
lp657064dd,"Divine India service apartment L73A, 1BHK",hotel,28.522097,77.210153,,,,False,9.0,1.0,https://static.cupid.travel/hotels/558521983.jpg,liteapi
lp65751211,"Hotel Sparkk Deluxe, New Delhi",hotel,28.64752,77.21089,,,,False,9.0,1.0,https://static.cupid.travel/hotels/481514921.jpg,liteapi
lp6570ca65,BnBBuddy Executive Studio Apt in West Delhi 720,hotel,28.663602,77.154455,3.0,,,False,9.0,3.0,https://static.cupid.travel/hotels/524210240.jpg,liteapi
lp6562dea9,BnBBuddy Superb Furnished Studio Apartment 720 in West Delhi,hotel,28.66665,77.1499,,,,False,10.0,1.0,https://static.cupid.travel/hotels/hd/362243674.jpg,liteapi
lp655ae441,FabHotel Admire Suites,hotel,28.56181,77.2557,3.0,,,False,7.3,179.0,https://static.cupid.travel/hotels/364961795.jpg,liteapi
lpcecf3,Nirula's Hotel,hotel,28.582884,77.313406,3.0,,,False,7.4,21.0,https://static.cupid.travel/hotels/ex_1e126aea_z.jpg,liteapi
lp6576dd1b,MOYDOM Private Ensuite with Shared Balcony & Kitchen,hotel,28.563151,77.268901,3.0,,,False,7.5,23.0,https://static.cupid.travel/hotels/482161887.jpg,liteapi
lp6582ff2a,Hotel Sunshine - Karol Bagh Budget Stay at New Delhi,hotel,28.65772,77.182828,1.0,,,False,5.9,344.0,https://static.cupid.travel/hotels/86990263.jpg,liteapi
lp731a5,Hotel Su Shree Continental,hotel,28.644324,77.213193,3.0,,,False,7.0,54.0,https://static.cupid.travel/hotels/ex_c9945490_z.jpg,liteapi
lp657c630b,Palette by CheckIn Royal Retreat Delhi Formerly Imperial Villas,hotel,28.565832,77.248234,3.0,,,False,6.7,97.0,https://static.cupid.travel/hotels/605158387.jpg,liteapi
lp6e1b3,Amax Inn,hotel,28.646732,77.213228,2.0,,,False,6.6,106.0,https://static.cupid.travel/hotels/328310325.jpg,liteapi
lp655adff9,Hotel Vertu,hotel,28.544475,77.123136,3.0,,,False,8.0,1.0,https://static.cupid.travel/hotels/ex_2f1db40b_z.jpg,liteapi
lp6573db5a,Hotel O YATRA INN,hotel,28.57308,77.326387,,,,False,7.5,22.0,https://static.cupid.travel/hotels/604436035.jpg,liteapi
lp6578cf8d,Treebo Premium Relax Inn Patel Nagar,hotel,28.642093,77.173652,4.0,,,False,7.0,58.0,https://static.cupid.travel/hotels/289690018.jpg,liteapi
lp657cbbe9,Hotel PLAZA International near Delhi airport,hotel,28.55096,77.12344,4.0,,,False,7.3,30.0,https://static.cupid.travel/hotels/569205798.jpg,liteapi
lp657c4c5a,The Pamposh Hotel,hotel,28.54483,77.246416,3.0,,,False,7.0,52.0,https://static.cupid.travel/hotels/475637983.jpg,liteapi
lp6b9df,Tavisha Hotel,hotel,28.563386,77.265158,4.0,,,False,7.0,50.0,https://static.cupid.travel/hotels/ex_79b2af98_z.jpg,liteapi
lp4f78b,"Emblem Hotel, New Friends Colony",hotel,28.574723,77.264236,3.0,,,False,7.0,50.0,https://static.cupid.travel/hotels/ex_fad1dff1_z.jpg,liteapi
lp3dc07,Dee Marks Hotel & Resorts,hotel,28.536376,77.113517,3.0,,,False,6.2,20.0,https://static.cupid.travel/hotels/ex_a36a4ac8_z.jpg,liteapi
lp5e21c,Virohaa Hotel,hotel,28.548954,77.242058,3.0,,,False,7.5,23.0,https://static.cupid.travel/hotels/200028379.jpg,liteapi
lp6575ec54,Hotel Aster Inn New Delhi,hotel,28.647205,77.196454,3.0,,,False,6.8,74.0,https://static.cupid.travel/hotels/452012213.jpg,liteapi
lp4fc21,FabHotel Prime Shervani,hotel,28.605303,77.241606,3.0,,,False,7.0,49.0,https://static.cupid.travel/hotels/ex_11943a71_z.jpg,liteapi
lp656c26d3,Bloom Boutique - Connaught Place Area,hotel,28.63231,77.22789,3.0,,,False,7.0,5.0,https://static.cupid.travel/hotels/ex_d1ae4b29_z.jpg,liteapi
lp33dffc,Hotel Platinum-Free Airport Pickup,hotel,28.544075,77.128456,3.0,,,False,7.8,12.0,https://static.cupid.travel/hotels/ex_980d4565_z.jpg,liteapi
lp43e7b,Goodwill Hotel Delhi,hotel,28.550841,77.245577,3.0,,,False,7.6,17.0,https://static.cupid.travel/hotels/ex_da3dd65b_z.jpg,liteapi
lpc5503,Airport Hotel Delhi Aerocity Inn,hotel,28.54218,77.11837,3.0,,,False,7.5,20.0,https://static.cupid.travel/hotels/ex_a708ecd9_z.jpg,liteapi
lp746d5,Hotel Toronto,hotel,28.64778,77.211058,3.0,,,False,6.6,47.0,https://static.cupid.travel/hotels/ex_1e60b273_z.jpg,liteapi
lp79080,OYO 358 Hotel Golden Leaf,hotel,28.568533,77.19928,3.0,,,False,7.7,14.0,https://static.cupid.travel/hotels/ex_3ce89a59_z.jpg,liteapi
lp658794d5,Hotel Corporate Suites,hotel,28.547881,77.129276,3.0,,,False,7.0,47.0,https://static.cupid.travel/hotels/ex_c271b20c_z.jpg,liteapi
lp6572ea21,"Divine India Service Apartment 3Bhk,B57 Sarita Vihar,Apollo",hotel,28.53433,77.29127,,,,False,8.0,8.0,https://static.cupid.travel/hotels/493264777.jpg,liteapi
lp5ca98,Alpina Hotels & Suites,hotel,28.536011,77.238274,3.0,,,False,7.6,16.0,https://static.cupid.travel/hotels/ex_d64bbfe9_z.jpg,liteapi
lp5acfc,The Hermitage near Lajpat Nagar by The Cosy Hotels,hotel,28.559899,77.256997,3.0,,,False,7.6,16.0,https://static.cupid.travel/hotels/470676096.jpg,liteapi
lp325ab6,Hotel O Sathguru Residency Near New Ashok Nagar Metro Station,hotel,28.593589,77.310329,4.0,,,False,5.9,40.0,https://static.cupid.travel/hotels/589730244.jpg,liteapi
lp6576f494,Townhouse Xanthe - Boutique Hotel,hotel,28.576221,77.326252,4.0,,,False,6.6,88.0,https://static.cupid.travel/hotels/587293622.jpg,liteapi
lp65721033,AmigosStay - High Rise Studio with river view.,hotel,28.55138,77.32345,,,,False,7.7,13.0,https://static.cupid.travel/hotels/507022281.jpg,liteapi
lp656fad4b,FabHotel Golden Eye Inn - Nehru Place Market,hotel,28.540438,77.262151,3.0,,,False,7.2,34.0,https://static.cupid.travel/hotels/600600306.jpg,liteapi
lp655a7d32,Hotel The Magic Tree - Paharganj New Delhi,hotel,28.640877,77.209803,3.0,,,False,7.3,143.0,https://static.cupid.travel/hotels/506987864.jpg,liteapi
lp657c9817,Airport Hotel Riksheet Inn,hotel,28.54791,77.1269,2.0,,,False,8.2,5.0,https://static.cupid.travel/hotels/566037127.jpg,liteapi
lp657a4c38,Hotel Festival At Delhi Airport,hotel,28.548097,77.126977,3.0,,,False,8.2,5.0,https://static.cupid.travel/hotels/ex_7946da43_z.jpg,liteapi
lp655ff28a,Air Purifier - Spacious 2BHK with big Livingroom 8,hotel,28.550167,77.234435,4.0,,,False,9.2,6.0,https://static.cupid.travel/hotels/342824461.jpg,liteapi
lp6584a32c,FabExpress Sandberry,hotel,28.71294,77.13807,3.0,,,False,6.9,51.0,https://static.cupid.travel/hotels/535783819.jpg,liteapi
lp6580c963,Hotel Cosmo,hotel,28.645794,77.183338,3.0,,,False,8.6,2.0,https://static.cupid.travel/hotels/ex_a026f242_z.jpg,liteapi
lp65737491,Hotel Anand Inn- Near IGI Airport,hotel,28.54958,77.12865,4.0,,,False,6.6,82.0,https://static.cupid.travel/hotels/599152717.jpg,liteapi
lp655a75f2,"Hotel Ambrosia by Zenith - A-217, Road No 6, Block RZ, Mahipalpur",hotel,28.550655,77.129706,4.0,,,False,7.2,169.0,https://static.cupid.travel/hotels/327585422.jpg,liteapi
lpd4453,Hotel D'Presidente,hotel,28.63329,77.09038,3.0,,,False,8.0,7.0,https://static.cupid.travel/hotels/ex_3ff4b111_z.jpg,liteapi
lp61f30,"Madhuban Hotel , New delhi",hotel,28.551667,77.231813,4.0,,,False,6.8,65.0,https://static.cupid.travel/hotels/372619785.jpg,liteapi
lp65766460,THE BONLON INN-NEAR BLK HOSPITAL,hotel,28.645792,77.183923,3.0,,,False,6.6,82.0,https://static.cupid.travel/hotels/242826980.jpg,liteapi
lp657293ab,"Stay nearby Lutyen's Delhi just 15min from VFS, Connaught Place, BharatMnadapam",hotel,28.626597,77.219597,,,,False,7.2,40.0,https://static.cupid.travel/hotels/566834840.jpg,liteapi
lp655b09a4,Super Capital O Jp Tower,hotel,28.638882,77.129946,3.0,,,False,7.5,96.0,https://static.cupid.travel/hotels/447182515.jpg,liteapi
lp65747e93,Hotel Perfectionist- Free Airport Pickup,hotel,28.556276,77.099908,4.0,,,False,6.8,82.0,https://static.cupid.travel/hotels/618349473.jpg,liteapi
lp656c2996,FabHotel Kaushambi,hotel,28.644985,77.322126,3.0,,,False,7.0,40.0,https://static.cupid.travel/hotels/591450486.jpg,liteapi
lp656c36aa,Treebo Royal Comfort,hotel,28.64593,77.190809,3.0,,,False,7.0,42.0,https://static.cupid.travel/hotels/493797942.jpg,liteapi
lp665a7,The Grand Orion Greater Kailash,hotel,28.553272,77.24427,3.0,,,False,7.4,20.0,https://static.cupid.travel/hotels/ex_7bd2d1ea_z.jpg,liteapi
lp688fb,Hotel Park Residency,hotel,28.557391,77.204985,3.0,,,False,7.4,20.0,https://static.cupid.travel/hotels/ex_bed2963e_z.jpg,liteapi
lp6577916c,Collection O Model Town Metro View,hotel,28.694641,77.194665,4.0,,,False,6.8,56.0,https://static.cupid.travel/hotels/615394302.jpg,liteapi
lp8dd73,Hotel Picasso Prive - Naraina Vihar Metro Station,hotel,28.626729,77.135455,3.0,,,False,6.3,147.0,https://static.cupid.travel/hotels/64258083.jpg,liteapi
lp65746917,Del Fox Hotel At New Delhi Central Delhi - Just 5 Minute Away From VFS Sivaji Stadium Metro Station,hotel,28.640869,77.217435,3.0,,,False,6.2,150.0,https://static.cupid.travel/hotels/606410222.jpg,liteapi
lp65599d74,The Raveesh E24 - 2BHK Serviced Apartment,hotel,28.512836,77.20256,,,,False,7.4,114.0,https://static.cupid.travel/hotels/200818022.jpg,liteapi
lp6577a714,Hotel Trio Intercontinental - Patel Nagar,hotel,28.64402,77.17292,3.0,,,False,7.1,31.0,https://static.cupid.travel/hotels/610971137.jpg,liteapi
lp6571e575,OPO Essential Dior Delhi Airport,hotel,28.540693,77.131973,4.0,,,False,6.3,133.0,https://static.cupid.travel/hotels/545184488.jpg,liteapi
lp656b1f03,Hotel Amar Inn- Lajpat Nagar Central Market,hotel,28.56685,77.24628,4.0,,,False,7.5,85.0,https://static.cupid.travel/hotels/149967076.jpg,liteapi
lp656bd4af,Treebo Twin Tree,hotel,28.626898,77.13628,3.0,,,False,6.9,48.0,https://static.cupid.travel/hotels/596816242.jpg,liteapi
lp1c0156,Olivia Hotels @ Delhi Airport,hotel,28.548442,77.12816,3.0,,,False,8.0,6.0,https://static.cupid.travel/hotels/ex_64ce62ef_z.jpg,liteapi
lp65816b3a,HOTEL CONCLAVE EXECUTIVE,hotel,28.546073,77.252655,3.0,,,False,7.1,32.0,https://static.cupid.travel/hotels/484736645.jpg,liteapi
lp655ff169,Homlee-Pentagon 5 BHK luxurious-Lift-Parking-Saket,hotel,28.521079,77.206377,4.0,,,False,9.5,3.0,https://static.cupid.travel/hotels/434814776.jpg,liteapi
lp6576b58a,Hotel Pink City Opposite New Delhi Railway Station,hotel,28.642621,77.218591,3.0,,,False,6.8,110.0,https://static.cupid.travel/hotels/584343072.jpg,liteapi
lp3b348,Hotel Sri Nanak Continental,hotel,28.648446,77.194252,3.0,,,False,6.8,50.0,https://static.cupid.travel/hotels/ex_b3896d59_z.jpg,liteapi
lp65777665,Vandana's Bed and breakfast,hotel,28.564469,77.19723,4.0,,,False,7.3,23.0,https://static.cupid.travel/hotels/568818829.jpg,liteapi
lp6558902a,Treebo Stellar Inn,hotel,28.70905,77.10941,3.0,,,False,6.4,80.0,https://static.cupid.travel/hotels/399798270.jpg,liteapi
lp65599395,"BluO Studio - Defence Colony - BathTub, Kitchen",hotel,28.576899,77.231151,,,,False,8.9,7.0,https://static.cupid.travel/hotels/574998805.jpg,liteapi
lp6578c656,Hotel Grand Regency by JMD Group,hotel,28.537122,77.115485,3.0,,,False,7.6,12.0,https://static.cupid.travel/hotels/ex_5e2566a0_z.jpg,liteapi
lp656ee0bb,29 Supernova,hotel,28.552826,77.322649,,,,False,8.3,3.0,https://static.cupid.travel/hotels/614663180.jpg,liteapi
lp8653d,Hotel Sweet Home Near New Delhi Railway Station,hotel,28.64591,77.21612,3.0,,,False,8.3,3.0,https://static.cupid.travel/hotels/hd/531668279.jpg,liteapi
lp655a80f3,HOTEL Grand urban luxury Near Delhi Airport,hotel,28.55207,77.10513,4.0,,,False,7.4,92.0,https://snaphotelapi.com/hotels/444579677.jpg,liteapi
lp6573e024,Rodali Hotel - A Cozzet Collection,hotel,28.66118,77.17729,3.0,,,False,7.8,8.0,https://static.cupid.travel/hotels/616397491.jpg,liteapi
lp657d79c5,Hotel Golden Wings 2 mnts New Delhi railway station,hotel,28.641992,77.216944,2.0,,,False,7.4,19.0,https://static.cupid.travel/hotels/233338027.jpg,liteapi
lpcb470,Hotel Saina International,hotel,28.642315,77.217095,3.0,,,False,7.6,11.0,https://static.cupid.travel/hotels/ex_3ce8424a_z.jpg,liteapi
lp6577ca57,Hotel O HOTEL SHYAM RESIDENCY,hotel,28.63283,77.2799,4.0,,,False,6.9,41.0,https://static.cupid.travel/hotels/593332005.jpg,liteapi
lp812e7,Hotel Millennium 2000 DX,hotel,28.644061,77.217319,3.0,,,False,8.0,5.0,https://static.cupid.travel/hotels/ex_a13dd152_z.jpg,liteapi
lp1a8aec,Hotel Royal Holidays,hotel,28.645643,77.190102,3.0,,,False,,5.0,https://static.cupid.travel/hotels/ex_5540dc07_z.jpg,liteapi
lp5b103,Hotel The Pearl - Newly Renovated in City Centre,hotel,28.645955,77.2091,3.0,,,False,8.0,5.0,https://static.cupid.travel/hotels/ex_45c5f1f1_z.jpg,liteapi
lp235fc4,Hotel Mannat Int,hotel,28.647784,77.210222,3.0,,,False,8.0,5.0,https://static.cupid.travel/hotels/ex_4b1dbae4_z.jpg,liteapi
lp6585d7b2,Hotel The Kelvish Delhi Airport,hotel,28.556139,77.099866,3.0,,,False,7.4,15.0,https://static.cupid.travel/hotels/ex_e685a4d9_z.jpg,liteapi
lpc9362,"Hotel Blue Pearl, Paharganj",hotel,28.64531,77.21581,3.0,,,False,,15.0,https://static.cupid.travel/hotels/ex_9985b549_z.jpg,liteapi
lp6575cf1e,THE Flight path Unit By Urban Luxury Delhi Airport,hotel,28.5535,77.10195,3.0,,,False,7.0,30.0,https://static.cupid.travel/hotels/598332396.jpg,liteapi
lp6571c7f2,Hotel WK Comfort - Near White Clove,hotel,28.641226,77.21187,3.0,,,False,7.2,21.0,https://static.cupid.travel/hotels/597983856.jpg,liteapi
lp655adf98,Hotel Malbork Inn Rajouri Garden Delhi - Couple Friendly Local IDs Accepted,hotel,28.64695,77.12875,3.0,,,False,7.6,58.0,https://static.cupid.travel/hotels/362462961.jpg,liteapi
lp65794360,Hotel LINDA GRAND Near International Airport BY-Gross Group,hotel,28.55053,77.13182,4.0,,,False,6.8,41.0,https://static.cupid.travel/hotels/567450909.jpg,liteapi
lp655adfae,Collection O Tilak Nagar Near Pacific Mall,hotel,28.642461,77.098758,4.0,,,False,6.7,213.0,https://static.cupid.travel/hotels/610914060.jpg,liteapi
lp5a5bd,Rockland Hotel Panchsheel Enclave,hotel,28.542069,77.230032,3.0,,,False,7.2,20.0,https://static.cupid.travel/hotels/ex_a409ac78_z.jpg,liteapi
lp657a468c,Hotel Exotica Suites Near AIIMS,hotel,28.559304,77.203372,3.0,,,False,7.2,32.0,https://static.cupid.travel/hotels/547306930.jpg,liteapi
lp6dd16,Taj Princess The Boutique Hotel,hotel,28.63769,77.205826,3.0,,,False,7.2,20.0,https://static.cupid.travel/hotels/ex_29e03e90_z.jpg,liteapi
lp83315,Hotel Tashkent Palace,hotel,28.643559,77.211433,3.0,,,False,7.2,20.0,https://static.cupid.travel/hotels/ex_0145c05a_z.jpg,liteapi
lp6577668a,Hotel Kelvish by Foxi Group,hotel,28.544126,77.128534,3.0,,,False,7.4,14.0,https://static.cupid.travel/hotels/ex_f81e180f_z.jpg,liteapi
lp5d8d3,Hotel Delhi Pride at Karol Bagh,hotel,28.646959,77.188223,3.0,,,False,,223.0,https://static.cupid.travel/hotels/608823125.jpg,liteapi
lp655adfab,FabHotel La Serene Punjabi Bagh,hotel,28.674415,77.128971,3.0,,,False,7.1,127.0,https://static.cupid.travel/hotels/535040100.jpg,liteapi
lp655ae473,The Aster Karol Bagh Homely Atmosphere,hotel,28.64729,77.19651,3.0,,,False,7.2,107.0,https://snaphotelapi.com/hotels/452014036.jpg,liteapi
lp655dbff5,Deer Park Home Stay,hotel,28.560074,77.199151,,,,False,8.1,25.0,https://static.cupid.travel/hotels/577935256.jpg,liteapi
lp657bf628,Hotel Aeroporto Near By Delhi International Airport,hotel,28.55542,77.09923,4.0,,,False,6.3,90.0,https://static.cupid.travel/hotels/572821643.jpg,liteapi
lp6558fa05,Airport Hotel Atlantic Palace,hotel,28.549211,77.130951,4.0,,,False,9.0,,https://static.cupid.travel/hotels/ex_c59c3f71_z.jpg,liteapi
lp5dc22,"Hotel The Raj, New Delhi",hotel,28.645753,77.216584,3.0,,,False,6.4,75.0,https://static.cupid.travel/hotels/ex_1059cfe5_z.jpg,liteapi
lp6571415d,Hotel South Inn - Green Park Delhi,hotel,28.55897,77.20316,3.0,,,False,6.8,38.0,https://static.cupid.travel/hotels/606225425.jpg,liteapi
lp62477,Hotel Africa Avenue G K 1,hotel,28.548045,77.231237,3.0,,,False,7.2,19.0,https://static.cupid.travel/hotels/ex_0d046c89_z.jpg,liteapi
lpc2088,The Backpackers Hostel,hostel,28.64066,77.21132,2.0,,,False,7.5,11.0,https://static.cupid.travel/hotels/ex_d9ad577e_z.jpg,liteapi
lp656bc8d5,Hotel Lord Krishna palace New Delhi,hotel,28.641019,77.210687,3.0,,,False,7.6,11.0,https://static.cupid.travel/hotels/ex_4d0a37b4_z.jpg,liteapi
lp80f00,Hotel Samrat,hotel,28.596856,77.196981,4.0,,,False,5.2,81.0,https://static.cupid.travel/hotels/ex_2ad31a69_z.jpg,liteapi
lpff6c8,Jrd Pride - A Unit Of Jrd Exotica,hotel,28.582425,77.251257,3.0,,,False,7.4,13.0,https://static.cupid.travel/hotels/ex_998c3d94_z.jpg,liteapi
lp657d9506,FabHotel Galaxy - Nr Patel Nagar Metro,hotel,28.649385,77.165237,3.0,,,False,6.6,53.0,https://static.cupid.travel/hotels/468017855.jpg,liteapi
lp657e0461,Hotel in Patparganj,hotel,28.63347,77.29908,3.0,,,False,6.2,101.0,https://static.cupid.travel/hotels/504357773.jpg,liteapi
lpe4a44,Hotel Kian by JMD Group,hotel,28.545273,77.123157,3.0,,,False,6.6,51.0,https://static.cupid.travel/hotels/ex_w1498h1121x0y4-f27d7a52_z.jpg,liteapi
lpcd1ac,Hotel Shanti Plaza,hotel,28.6456,77.21551,3.0,,,False,6.6,51.0,https://static.cupid.travel/hotels/ex_2f889723_z.jpg,liteapi
lp657863b4,The Classic Crowne at Delhi Airport,hotel,28.55022,77.12298,3.0,,,False,7.8,6.0,https://static.cupid.travel/hotels/620776710.jpg,liteapi
lp6585d99b,ASTER GRAND BY ZENQ SAKET,hotel,28.52312,77.208056,3.0,,,False,8.0,4.0,https://static.cupid.travel/hotels/ex_1f601c29_z.jpg,liteapi
lp656dba76,RoseMallow Hotel New Delhi,hotel,28.563524,77.265371,2.0,,,False,8.0,4.0,https://static.cupid.travel/hotels/ex_abf04ec7_z.jpg,liteapi
lp1e4530,Ashu Villa Guest House,hotel,28.664534,77.234862,3.0,,,False,8.0,4.0,https://static.cupid.travel/hotels/ex_04dd1cd9_z.jpg,liteapi
lp655adfac,Sagar Niwas,hotel,28.559179,77.271993,3.0,,,False,7.6,52.0,https://static.cupid.travel/hotels/277397531.jpg,liteapi
lp711f7,Venizia Sarovar Portico Delhi,hotel,28.694832,77.195082,4.0,,,False,6.0,20.0,https://static.cupid.travel/hotels/ex_6969a256_z.jpg,liteapi
lp655adcb9,FabExpress Pearl Robe,hotel,28.54793,77.12695,3.0,,,False,7.4,69.0,https://static.cupid.travel/hotels/hd/454090510.jpg,liteapi
lp65757c95,Hotel Le Roi Near New Delhi Railway Station,hotel,28.644221,77.210715,3.0,,,False,6.3,189.0,https://static.cupid.travel/hotels/25497008.jpg,liteapi
lp657bcc33,Hotel Tara Palace Redfort,hotel,28.649635,77.243333,3.0,,,False,6.4,68.0,https://static.cupid.travel/hotels/76226125.jpg,liteapi
lp6580f44b,Venizia Sarovar Portico,hotel,28.710784,77.187337,4.0,,,False,6.4,80.0,https://static.cupid.travel/hotels/333534280.jpg,liteapi
lp6575843a,Hotel Global Inn Near IGI Airport New Delhi,hotel,28.54522,77.1084,3.0,,,False,7.2,17.0,https://static.cupid.travel/hotels/585295485.jpg,liteapi
lp6557bb36,Treebo The Kings Plaza,hotel,28.631076,77.138519,3.0,,,False,6.9,20.0,https://static.cupid.travel/hotels/343228726.jpg,liteapi
lp655a7692,Hotel Harsha International,hotel,28.645588,77.215212,3.0,,,False,6.3,426.0,https://static.cupid.travel/hotels/220632745.jpg,liteapi
lp657cf00c,Hotel Triton Grand,hotel,28.55535,77.10104,3.0,,,False,7.1,20.0,https://static.cupid.travel/hotels/566257184.jpg,liteapi
lp657c9c9e,Foxoso Hotel Delhi Airport,hotel,28.545761,77.123405,4.0,,,False,6.5,83.0,https://static.cupid.travel/hotels/592309182.jpg,liteapi
lp6583470d,Via Blusky,hotel,28.64506,77.297516,4.0,,,False,6.5,56.0,https://static.cupid.travel/hotels/460895464.jpg,liteapi
lp6567f692,Hotel Siddharth A Boutique Guest House,hotel,28.641188,77.214067,3.0,,,False,6.2,535.0,https://static.cupid.travel/hotels/363008029.jpg,liteapi
lp657bec8e,Townhouse Airport Road Delhi,hotel,28.54984,77.1316,4.0,,,False,6.8,33.0,https://static.cupid.travel/hotels/582979172.jpg,liteapi
lp6573beb9,Hotel Mayur Assam - New Delhi Railway Station,hotel,28.64549,77.21443,3.0,,,False,6.5,55.0,https://static.cupid.travel/hotels/171077806.jpg,liteapi
lpb490e,Hotel ARCH,hotel,28.548996,77.128481,3.0,,,False,7.2,16.0,https://static.cupid.travel/hotels/ex_d6046804_z.jpg,liteapi
lp6571b665,Hotel Paras - Karol Bagh Delhi,hotel,28.64729,77.18942,3.0,,,False,7.2,16.0,https://static.cupid.travel/hotels/591916202.jpg,liteapi
lp65770ade,Airport Dahabi,hotel,28.548313,77.120906,4.0,,,False,6.6,45.0,https://static.cupid.travel/hotels/610564230.jpg,liteapi
lp655adfd9,"HOTEL AMBROSIA - Managed by Zenith A-217, Road No 6, Block RZ, Mahipalpur, New Delhi",hotel,28.550725,77.129823,4.0,,,False,7.5,54.0,https://static.cupid.travel/hotels/529764782.jpg,liteapi
lp655b20f7,Hotel Picasso near Peera Garhi Paschim Vihar New Delhi,hotel,28.659369,77.09168,3.0,,,False,7.1,110.0,https://static.cupid.travel/hotels/219215772.jpg,liteapi
lp10024a,Hotel Airport Palace,hotel,28.54851,77.12825,3.0,,,False,7.8,5.0,https://static.cupid.travel/hotels/ex_9b05a458_z.jpg,liteapi
lp657b6292,Hotel Aviraj Inn,hotel,28.577433,77.322363,3.0,,,False,7.8,9.0,https://static.cupid.travel/hotels/471598034.jpg,liteapi
lp65680575,Satyam Room,hotel,28.672863,77.093125,3.0,,,False,7.8,5.0,https://static.cupid.travel/hotels/346375124.jpg,liteapi
lp6575230d,Hotel Tela Plaza A family Hotel Near IGI Airport Delhi,hotel,28.5569,77.1003,4.0,,,False,6.5,51.0,https://static.cupid.travel/hotels/608244613.jpg,liteapi
lp657a9c51,Hotel Divine India Noida Sector 135,hotel,28.556774,77.324705,3.0,,,False,7.7,6.0,https://static.cupid.travel/hotels/575990244.jpg,liteapi
lp8de10,NEW RANOVATED Hotel Station View Opposite New Delhi Railway,hotel,28.642536,77.217792,3.0,,,False,6.4,61.0,https://static.cupid.travel/hotels/65712221.jpg,liteapi
lp655adcb0,Hotel A10 International,hotel,28.644119,77.214382,3.0,,,False,7.9,25.0,https://static.cupid.travel/hotels/601359359.jpg,liteapi
lp6559e912,Hotel The Grace House - Paharganj - New Delhi,hotel,28.642402,77.21028,3.0,,,False,7.3,122.0,https://static.cupid.travel/hotels/279629312.jpg,liteapi
lp656fb748,Hotel Kastor- Near Nehru Place,hotel,28.543298,77.243876,3.0,,,False,7.3,14.0,https://static.cupid.travel/hotels/364948671.jpg,liteapi
lpb6c33,Hotel Vishal,hotel,28.64081,77.21165,3.0,,,False,7.1,17.0,https://static.cupid.travel/hotels/ex_0c28fae7_z.jpg,liteapi
lpcb89c,Hotel Klick International 2 Min Walk From New Delhi Metro Station,hotel,28.643408,77.214748,3.0,,,False,7.1,21.0,https://static.cupid.travel/hotels/541797258.jpg,liteapi
lp65814764,SONESTA LUXURY APARTMENT,hotel,28.542819,77.301394,3.0,,,False,8.0,4.0,https://static.cupid.travel/hotels/545167357.jpg,liteapi
lpb16d8,Anila Hotel,hotel,28.62691,77.13603,3.0,,,False,8.0,3.0,https://static.cupid.travel/hotels/ex_776c0dc1_z.jpg,liteapi
lp8444a,Orana Hotels And Resorts,hotel,28.530023,77.104133,4.0,,,False,7.0,20.0,https://static.cupid.travel/hotels/ex_dc5d26eb_z.jpg,liteapi
lp6578a180,Hotel Edg Plaza At New Delhi International Airport,hotel,28.54856,77.13101,,,,False,7.0,20.0,https://static.cupid.travel/hotels/586512191.jpg,liteapi
lp80764,Hotel Tourist Deluxe,hotel,28.644619,77.21746,3.0,,,False,,20.0,https://static.cupid.travel/hotels/ex_9f2e7541_z.jpg,liteapi
lp7498c,Hotel Swaran Palace,hotel,28.645991,77.188632,3.0,,,False,7.0,20.0,https://static.cupid.travel/hotels/ex_40740376_z.jpg,liteapi
lp6567f691,Ever Green Guest House Travel & PG デリー日本 人 宿,hotel,28.643786,77.212035,2.0,,,False,7.0,118.0,https://static.cupid.travel/hotels/613324205.jpg,liteapi
lp655adc96,Hotel Tree Plaza,hotel,28.54759,77.12818,2.0,,,False,7.9,23.0,https://snaphotelapi.com/hotels/411192711.jpg,liteapi
lp65771f78,Hotel O Diamond Inns,hotel,28.572548,77.325032,3.0,,,False,6.7,32.0,https://static.cupid.travel/hotels/617372392.jpg,liteapi
lp656c3618,Hotel Oak plaza New Delhi,hotel,28.645361,77.212442,3.0,,,False,7.0,19.0,https://static.cupid.travel/hotels/ex_483aa128_z.jpg,liteapi
lpbb2ed,Staybook Hotel Jai Balaji New Delhi Railway Station,hotel,28.64667,77.20976,3.0,,,False,7.2,13.0,https://static.cupid.travel/hotels/ex_91ddf668_z.jpg,liteapi
lp657bba6d,The Nirvana Delhi Airport - FREE Airport Drop,hotel,28.547663,77.122857,3.0,,,False,6.6,37.0,https://static.cupid.travel/hotels/511772479.jpg,liteapi
lp65793425,Hotel O Paharganj Near Railway Station Formerly Chand Palace,hotel,28.64564,77.21521,3.0,,,False,5.9,125.0,https://static.cupid.travel/hotels/608874330.jpg,liteapi
lp6559de9e,Sufi Khandar Home Stay,hotel,28.590191,77.244817,3.0,,,False,7.0,112.0,https://static.cupid.travel/hotels/467475348.jpg,liteapi
lp655baaa3,Treebo MVM Residency,hotel,28.697965,77.108914,3.0,,,False,7.5,51.0,https://static.cupid.travel/hotels/472104283.jpg,liteapi
lp6561c1dc,Air Purifier - Economical Utility 1BHK 6,hotel,28.54704,77.239231,,,,False,8.8,4.0,https://static.cupid.travel/hotels/498145649.jpg,liteapi
lp6578ff57,Hotel Moon Chanakyapuri Satya Niketan- Couple Friendly,hotel,28.588819,77.169307,3.0,,,False,5.9,118.0,https://static.cupid.travel/hotels/596881956.jpg,liteapi
lp5ed37,The Nanee Suites,hotel,28.53983,77.294459,4.0,,,False,7.2,12.0,https://static.cupid.travel/hotels/ex_18c6db5b_z.jpg,liteapi
lp3befc,Hotel Madonna,hotel,28.640068,77.184247,3.0,,,False,7.2,12.0,https://static.cupid.travel/hotels/ex_2838b62b_z.jpg,liteapi
lp80797,Hotel Inn Tawang,hotel,28.644683,77.184085,3.0,,,False,7.0,17.0,https://static.cupid.travel/hotels/ex_79ffe545_z.jpg,liteapi
lpfa691,OYO 16375 Melfort Inn,hotel,28.548428,77.127543,2.0,,,False,,1.0,https://static.cupid.travel/hotels/ex_42a53029_z.jpg,liteapi
lp6579c3aa,HOTEL VISHAL RESIDENCY NEAR DELHI AIRPORT with FREE AIRPORT DROP,hotel,28.542868,77.118757,3.0,,,False,7.4,67.0,https://static.cupid.travel/hotels/566081356.jpg,liteapi
lp6573c42f,Hotel Roma Deluxe - 5 Mints walk From New Delhi Railways Station,hotel,28.646848,77.212375,3.0,,,False,5.1,425.0,https://static.cupid.travel/hotels/397147666.jpg,liteapi
lp657d01d1,KRYC Luxury Living near Indraprastha Apollo Hospital,hotel,28.542362,77.2943,3.0,,,False,7.0,20.0,https://static.cupid.travel/hotels/523640879.jpg,liteapi
lp65804dee,Hotel Green,hotel,28.67423,77.20727,3.0,,,False,6.4,45.0,https://static.cupid.travel/hotels/611513520.jpg,liteapi
lpb37ee,Airport Hotel Mahal,hotel,28.543249,77.128578,3.0,,,False,6.4,44.0,https://static.cupid.travel/hotels/ex_d20f0b54_z.jpg,liteapi
lp65771160,Hotel Airport City - Near Delhi international Airport,hotel,28.55008,77.12278,4.0,,,False,6.3,52.0,https://static.cupid.travel/hotels/582789054.jpg,liteapi
lp836a4,ATRIO by Devam,hotel,28.525751,77.091506,4.0,,,False,6.8,22.0,https://static.cupid.travel/hotels/ex_1ebf889c_z.jpg,liteapi
lpcfbfb,The Oakland plaza - Nehru Place by Orion Hotels,hotel,28.547078,77.253994,3.0,,,False,7.6,369.0,https://static.cupid.travel/hotels/197875491.jpg,liteapi
lp656fb474,NOVA STAYS River& City facing- Your Home Away 43rd floor,hotel,28.55159,77.32237,,,,False,7.6,5.0,https://static.cupid.travel/hotels/616540345.jpg,liteapi
lpcb14f,Hotel Southgate,hotel,28.56014,77.20288,3.0,,,False,7.6,5.0,https://static.cupid.travel/hotels/ex_47bca9d9_z.jpg,liteapi
lp655adf76,Hotel WHITE & BLUE Delhi Airport,hotel,28.548262,77.126423,4.0,,,False,6.8,129.0,https://static.cupid.travel/hotels/453534400.jpg,liteapi
lpb69e1,OYO 2227 Hotel Chalet,hotel,28.52219,77.206315,3.0,,,False,8.0,2.0,https://static.cupid.travel/hotels/ex_73055467_z.jpg,liteapi
lp656bd62e,Hotel Bel Morris,hotel,28.53628,77.238786,2.0,,,False,8.0,2.0,https://static.cupid.travel/hotels/ex_254eb306_z.jpg,liteapi
lp657af58f,FabHotel Star Inn - Nr Apollo Hospital,hotel,28.540293,77.295053,3.0,,,False,8.0,2.0,https://static.cupid.travel/hotels/578030171.jpg,liteapi
lp6565a02a,Air Purifier - Spacious 1BHK with 2 restrooms 5,hotel,28.549414,77.235766,4.0,,,False,9.0,3.0,https://static.cupid.travel/hotels/277981809.jpg,liteapi
lp9fcf5,OYO Townhouse 002 Green Park,hotel,28.559389,77.200472,3.0,,,False,8.0,2.0,https://static.cupid.travel/hotels/ex_fce60abb_z.jpg,liteapi
lp65715268,"BluO Vasant Vihar PVR - Terrace Garden, Lift",hotel,28.562547,77.162946,4.0,,,False,8.0,4.0,https://static.cupid.travel/hotels/530387090.jpg,liteapi
lp65782809,Hotel Kaca Inn,hotel,28.645605,77.212778,2.0,,,False,8.0,2.0,https://static.cupid.travel/hotels/ex_50e50a77_z.jpg,liteapi
lp657dc908,Hotel Sun View International,hotel,28.657299,77.184178,3.0,,,False,8.0,2.0,https://static.cupid.travel/hotels/ex_2fef5504_z.jpg,liteapi
lp6585c0a5,Hotel 7 Star,hotel,28.661368,77.08929,3.0,,,False,8.0,2.0,https://static.cupid.travel/hotels/ex_d4e02653_z.jpg,liteapi
lp69131,HOTEL S K CROWN PARK,hotel,28.530645,77.086236,4.0,,,False,6.3,50.0,https://static.cupid.travel/hotels/ex_b6be479e_z.jpg,liteapi
lp5d883,Almondz Hotel,hotel,28.64395,77.172445,3.0,,,False,6.8,21.0,https://static.cupid.travel/hotels/ex_0b44889d_z.jpg,liteapi
lp688fd,The Beaufort Inn,hotel,28.585426,77.246933,3.0,,,False,6.6,29.0,https://static.cupid.travel/hotels/337523921.jpg,liteapi
lp655adcc9,Townhouse Jp Grand Near Mayapuri Chowk,hotel,28.638941,77.129928,4.0,,,False,7.0,90.0,https://static.cupid.travel/hotels/461866002.jpg,liteapi
lpfd389,Plazzo,hotel,28.546154,77.125964,3.0,,,False,6.8,20.0,https://static.cupid.travel/hotels/ex_73dedf96_z.jpg,liteapi
lp69421,Palm Springs Stays,hotel,28.63194,77.13709,3.0,,,False,6.8,20.0,https://static.cupid.travel/hotels/ex_c0935f5f_z.jpg,liteapi
lp655979cb,Via Dream Living,hotel,28.539025,77.259444,3.0,,,False,7.6,28.0,https://static.cupid.travel/hotels/424553812.jpg,liteapi
lp436f5,Hotel Waves,hotel,28.544036,77.119609,3.0,,,False,5.6,22.0,https://static.cupid.travel/hotels/ex_7edffa09_z.jpg,liteapi
lpd2bed,HOTEL SINGH CONTINETAL,hotel,28.644492,77.182107,3.0,,,False,8.2,1.0,https://static.cupid.travel/hotels/470984005.jpg,liteapi
lp657f9e2b,Hotel Sunrise Ecostay,hotel,28.554178,77.251292,4.0,,,False,6.7,23.0,https://static.cupid.travel/hotels/577130546.jpg,liteapi
lp655ba9d3,Town Pallace Inn - Hotel in New Delhi,hotel,28.649758,77.161922,3.0,,,False,6.9,104.0,https://static.cupid.travel/hotels/556529127.jpg,liteapi
lp43b4c,Hotel Saptagiri,hotel,28.545674,77.122822,3.0,,,False,6.0,75.0,https://static.cupid.travel/hotels/ex_103f9bd3_z.jpg,liteapi
lp65731bb8,Hari Homes - Just a min walk from New Delhi Railway Station,hotel,28.641142,77.213919,4.0,,,False,7.2,15.0,https://static.cupid.travel/hotels/604133292.jpg,liteapi
lpccdd7,Hotel Delhi Regency,hotel,28.6468,77.21309,3.0,,,False,6.4,34.0,https://static.cupid.travel/hotels/ex_9b988241_z.jpg,liteapi
lp6579d722,The Royal Oakes,hotel,28.560594,77.247621,3.0,,,False,7.6,4.0,https://static.cupid.travel/hotels/ex_c3f341cf_z.jpg,liteapi
lp657466a2,Comfort INN Grand - Kaushambi,hotel,28.645163,77.324263,3.0,,,False,7.6,4.0,https://static.cupid.travel/hotels/ex_fdd12420_z.jpg,liteapi
lp6582fe19,Hotel Radiance,hotel,28.64604,77.18875,3.0,,,False,5.8,99.0,https://static.cupid.travel/hotels/575485185.jpg,liteapi
lp4bb54,"Hotel Vishal Residency, Mahipalpur Near IGI Delhi Airport",hotel,28.542698,77.118536,2.0,,,False,6.2,50.0,https://static.cupid.travel/hotels/ex_665bb32d_z.jpg,liteapi
lp657a8c81,hotel Jha palace,hotel,28.54896,77.12946,4.0,,,False,6.6,25.0,https://static.cupid.travel/hotels/622224965.jpg,liteapi
lp656f012c,Divine India Service Apartment 3 BHK D-198 Near Max Hospital Saket,hotel,28.523819,77.206591,3.0,,,False,7.0,12.0,https://static.cupid.travel/hotels/555071348.jpg,liteapi
lpc628a,Hotel Emporio Dx Paharganj  New  Delhi,hotel,28.645984,77.215106,3.0,,,False,7.0,12.0,https://static.cupid.travel/hotels/ex_4f465bef_z.jpg,liteapi
lp1ae863,Royal Residency,hotel,28.711897,77.1112,3.0,,,False,7.2,8.0,https://static.cupid.travel/hotels/178398278.jpg,liteapi
lp84170,Kastor International,hotel,28.54341,77.243874,3.0,,,False,,6.0,https://static.cupid.travel/hotels/ex_492dfef5_z.jpg,liteapi
lp655ae023,Hotel Dreamland Dx-5 Mints walk From New Delhi Railways Station,hotel,28.646759,77.212474,3.0,,,False,7.1,57.0,https://static.cupid.travel/hotels/331188034.jpg,liteapi
lp656b4404,SABS Bed and Breakfast,hotel,28.522278,77.214597,4.0,,,False,7.9,21.0,https://static.cupid.travel/hotels/89395887.jpg,liteapi
lp655bb2ac,The Lohmod Hotel - Near Delhi Airport,hotel,28.5492,77.12224,4.0,,,False,6.4,169.0,https://static.cupid.travel/hotels/248820760.jpg,liteapi
lpca8f3,Bed & Chai Guest House,hotel,28.5485,77.241799,2.0,,,False,7.2,5.0,https://static.cupid.travel/hotels/ex_8b79573c_z.jpg,liteapi
lp81b74,JMD Residency,hotel,28.534419,77.148929,2.0,,,False,7.4,5.0,https://static.cupid.travel/hotels/ex_dbf96bd6_z.jpg,liteapi
lp113a11,Airport Hotel Aerocity Trio Express,hotel,28.542864,77.12786,3.0,,,False,7.4,5.0,https://static.cupid.travel/hotels/ex_b39e411f_z.jpg,liteapi
lp5409c,Clarks Inn Kailash Colony,hotel,28.553367,77.244178,3.0,,,False,7.4,5.0,https://static.cupid.travel/hotels/ex_5ac26d8e_z.jpg,liteapi
lpcf7ee,Hotel Gauranga Inn - New Delhi Railway Station,hotel,28.641337,77.215539,4.0,,,False,7.4,5.0,https://static.cupid.travel/hotels/472692065.jpg,liteapi
lp4cc5c,Hotel Blue Bell,hotel,28.64726,77.19715,3.0,,,False,7.4,5.0,https://static.cupid.travel/hotels/ex_9af352c9_z.jpg,liteapi
lp656c3969,The Aster New delhi,hotel,28.647908,77.19668,3.0,,,False,7.4,5.0,https://static.cupid.travel/hotels/ex_w4900h7559x0y26-6d61339c_z.jpg,liteapi
lp5b517,Hotel Alka Classic,hotel,28.630559,77.216365,3.0,,,False,5.8,20.0,https://static.cupid.travel/hotels/ex_2ca5fd34_z.jpg,liteapi
lp657e2401,Solo Victoria Hotel,hotel,28.547716,77.237009,3.0,,,False,7.3,6.0,https://static.cupid.travel/hotels/6312438.jpg,liteapi
lpd45d3,Hotel Palm Greens,hotel,28.52211,77.21532,3.0,,,False,,5.0,https://static.cupid.travel/hotels/ex_f3613b7c_z.jpg,liteapi
lp5a3be,Hotel City Park Airport,hotel,28.515274,77.09258,3.0,,,False,6.8,15.0,https://static.cupid.travel/hotels/ex_7afc18c5_z.jpg,liteapi
lp6578d3ef,Hotel Golden Saffron By Qotel,hotel,28.67461,77.12928,3.0,,,False,6.4,30.0,https://static.cupid.travel/hotels/615084441.jpg,liteapi
lp59dd6,Hotel Arjun,hotel,28.640883,77.212045,3.0,,,False,7.7,62.0,https://static.cupid.travel/hotels/ex_f5cad092_z.jpg,liteapi
lp6574c42b,Hotel O Wamson Alpha Co living Stays,hotel,28.587227,77.317436,4.0,,,False,6.5,25.0,https://static.cupid.travel/hotels/593896220.jpg,liteapi
lp655bb36e,Hotel Batra Home Nizamuddin,hotel,28.5845,77.24788,3.0,,,False,6.4,155.0,https://static.cupid.travel/hotels/473635990.jpg,liteapi
lpa299b,Ashok Country Resort,hotel,28.52624,77.092339,3.0,,,False,6.6,20.0,https://static.cupid.travel/hotels/ex_d4a1d338_z.jpg,liteapi
lp5beec,Hotel Forest Green,hotel,28.555503,77.218435,3.0,,,False,6.6,20.0,https://static.cupid.travel/hotels/ex_0184607d_z.jpg,liteapi
lp56cb8,Cosy Grand @Chanakyapuri by The Cosy Hotels.,hotel,28.574667,77.175618,3.0,,,False,6.6,20.0,https://static.cupid.travel/hotels/ex_c85bd9b0_z.jpg,liteapi
lp6574f790,Check In Room Main Bazar,hotel,28.640625,77.211345,3.0,,,False,6.6,20.0,https://static.cupid.travel/hotels/ex_e37f6df6_z.jpg,liteapi
lp657b1fea,THE SINGH EMPIRE,hotel,28.646225,77.213032,4.0,,,False,6.6,20.0,https://static.cupid.travel/hotels/ex_0d90cc86_z.jpg,liteapi
lp4ff09,Hotel C Park Inn,hotel,28.647005,77.195692,2.0,,,False,6.6,20.0,https://static.cupid.travel/hotels/ex_8a238e3f_z.jpg,liteapi
lpd7d69,The Raveesh,hotel,28.51356,77.20401,3.0,,,False,8.0,1.0,https://static.cupid.travel/hotels/ex_5d9485a1_z.jpg,liteapi
lp657f0851,Independent Furnished Apartment in Saket,hotel,28.518417,77.205285,,,,False,8.0,1.0,https://static.cupid.travel/hotels/613526575.jpg,liteapi
lp656f9cbd,"Fortune Home Service Apartment 3Bhk,J-215 Saket",hotel,28.521963,77.215978,,,,False,8.0,1.0,https://static.cupid.travel/hotels/523230512.jpg,liteapi
lpfa969,OYO 3863 Iris,hotel,28.54123,77.25474,3.0,,,False,8.0,1.0,https://static.cupid.travel/hotels/ex_50e5885b_z.jpg,liteapi
lpd6311,Hotel Airport Land,hotel,28.54733,77.126802,3.0,,,False,8.0,1.0,https://static.cupid.travel/hotels/ex_b749ffee_z.jpg,liteapi
lp6585b0f0,Hotel Kuber International IGI Airport,hotel,28.54931,77.130282,3.0,,,False,8.0,1.0,https://static.cupid.travel/hotels/ex_c5119619_z.jpg,liteapi
lp6570ccb9,Air Purifier - Modern Jacuzzi HotTub 1BHK Suite 3,hotel,28.549475,77.235581,4.0,,,False,8.0,1.0,https://static.cupid.travel/hotels/591450174.jpg,liteapi
lp1ae210,The Radiance Suites & Apartments,hotel,28.556446,77.292923,3.0,,,False,8.0,1.0,https://static.cupid.travel/hotels/ex_add2ddd6_z.jpg,liteapi
lp19cfc4,The IC's Hotel,hotel,28.561536,77.292516,4.0,,,False,8.0,1.0,https://static.cupid.travel/hotels/ex_300e66c2_z.jpg,liteapi
lp4e470,OYO 315 Hotel Tavern,hotel,28.567543,77.269393,3.0,,,False,6.0,2.0,https://static.cupid.travel/hotels/ex_91dcbe04_z.jpg,liteapi
lp1b5fdb,Divine Inn Hotel,hotel,28.57028,77.26677,3.0,,,False,8.0,1.0,https://static.cupid.travel/hotels/ex_bb9d1014_z.jpg,liteapi
lpabba4,Hotel Mint Casa,hotel,28.570893,77.259568,3.0,,,False,8.0,1.0,https://static.cupid.travel/hotels/ex_b95b0c6a_z.jpg,liteapi
lp656c24e8,Hotel Quadis Noida Sector 15,hotel,28.581712,77.313795,2.0,,,False,8.0,1.0,https://static.cupid.travel/hotels/ex_1a0742d1_z.jpg,liteapi
lp65864e12,COSY Rooms,hotel,28.587595,77.167043,2.0,,,False,8.0,1.0,https://static.cupid.travel/hotels/ex_124ced50_z.jpg,liteapi
lpcee7d,Capital O 10750 Hotel Vivek,hotel,28.641075,77.212667,3.0,,,False,8.0,1.0,https://static.cupid.travel/hotels/ex_fad149a3_z.jpg,liteapi
lp7bb54,Hotel Maan K,hotel,28.643472,77.184312,3.0,,,False,8.0,1.0,https://static.cupid.travel/hotels/ex_9e954dd7_z.jpg,liteapi
lpb1a97,Rousha Inn,hotel,28.644867,77.32322,3.0,,,False,8.0,1.0,https://static.cupid.travel/hotels/ex_913b47f6_z.jpg,liteapi
lp6583db7f,COMFORTABLE STAY,hotel,28.645945,77.127726,,,,False,8.0,1.0,https://static.cupid.travel/hotels/533776106.jpg,liteapi
lp657080a4,Hotel Red Castle 4 Star,hotel,28.645959,77.182936,3.0,,,False,8.0,1.0,https://static.cupid.travel/hotels/ex_eec661c1_z.jpg,liteapi
lpaf662,OYO 8505 Hotel Ashu Palace,hotel,28.647499,77.187882,3.0,,,False,8.0,1.0,https://static.cupid.travel/hotels/ex_04faab54_z.jpg,liteapi
lp6585ef2a,Saltstayz Premier - Paschim Vihar,hotel,28.65947,77.090059,4.0,,,False,8.0,1.0,https://static.cupid.travel/hotels/ex_4671c553_z.jpg,liteapi
lp656dbdbc,New Royal Hotel,hotel,28.660718,77.222489,1.0,,,False,8.0,1.0,https://static.cupid.travel/hotels/ex_66da8ddd_z.jpg,liteapi
lpc86e4,OYO 9999 Hotel Sea Heaven,hotel,28.67995,77.088829,3.0,,,False,8.0,1.0,https://static.cupid.travel/hotels/ex_709895fc_z.jpg,liteapi
lpcf367,Sirohi House,hotel,28.68,77.22315,3.0,,,False,8.0,1.0,https://static.cupid.travel/hotels/ex_3587c388_z.jpg,liteapi
lp656c3624,FabHotel RG Stay,hotel,28.645592,77.128274,3.0,,,False,6.3,33.0,https://static.cupid.travel/hotels/491693265.jpg,liteapi
lp65794cce,"Hotel Delhi Airport Plaza IGI Airport , Free Airport Pickup",hotel,28.545068,77.122875,3.0,,,False,5.9,67.0,https://static.cupid.travel/hotels/580887337.jpg,liteapi
lpa5818,Hotel Omega Residency,hotel,28.646613,77.216016,3.0,,,False,6.8,13.0,https://static.cupid.travel/hotels/ex_9a7cfeec_z.jpg,liteapi
lp657f2c32,Hotel Seventh Heaven I Britannia Chowk Delhi I Couple Friendly I Value For Money I Free Parking Access,hotel,28.68042,77.149588,3.0,,,False,6.8,27.0,https://static.cupid.travel/hotels/594192335.jpg,liteapi
lp658320f1,Hotel Karan Holidays Near Pitampura Metro Station,hotel,28.701787,77.127935,4.0,,,False,7.0,9.0,https://static.cupid.travel/hotels/593412039.jpg,liteapi
lp655a7604,Cardinal Express Oxmo,hotel,28.54306,77.12893,3.0,,,False,8.2,6.0,https://static.cupid.travel/hotels/hd/424062305.jpg,liteapi
lp656c28cf,The Leena International - New Delhi,hotel,28.645676,77.21131,3.0,,,False,7.2,6.0,https://static.cupid.travel/hotels/ex_2e7cd2dc_z.jpg,liteapi
lp6580e99c,Via Seven Heaven,hotel,28.681055,77.14968,3.0,,,False,6.6,18.0,https://static.cupid.travel/hotels/524184687.jpg,liteapi
lp655bb34d,Hotel Roma Villa,hotel,28.643363,77.214267,,,,False,6.8,70.0,https://static.cupid.travel/hotels/216091532.jpg,liteapi
lp65841ccf,Supernova Studios,hotel,28.55117,77.322756,3.0,,,False,7.1,7.0,https://static.cupid.travel/hotels/580297348.jpg,liteapi
lp655a7401,FabHotel Roseman,hotel,28.696024,77.13017,3.0,,,False,6.9,59.0,https://static.cupid.travel/hotels/406699747.jpg,liteapi
lp33acb3,"JET FOX By Aero View Hotel, Delhi Airport",hotel,28.547988,77.126237,3.0,,,False,6.8,12.0,https://static.cupid.travel/hotels/ex_1c65e95e_z.jpg,liteapi
lp6581e647,HOTEL HRD Paharganj - 5 Min Walk Form New Delhi Railway Station And Sadar Bazar,hotel,28.646739,77.213278,3.0,,,False,6.0,53.0,https://static.cupid.travel/hotels/620212938.jpg,liteapi
lp5bf05,Clarks Inn Nehru Place,hotel,28.547968,77.254878,3.0,,,False,6.6,17.0,https://static.cupid.travel/hotels/ex_1d3aa00d_z.jpg,liteapi
lpe28e5,Airport Hotel Star Inn,hotel,28.549918,77.130328,3.0,,,False,6.6,17.0,https://static.cupid.travel/hotels/ex_f7c30141_z.jpg,liteapi
lp6db8a,Hotel Athena,hotel,28.57175,77.26604,3.0,,,False,6.6,17.0,https://static.cupid.travel/hotels/26574649.jpg,liteapi
lp2365bb,Del Fox Hotel Delhi Airport,hotel,28.542851,77.127885,3.0,,,False,,17.0,https://static.cupid.travel/hotels/ex_dd4389f3_z.jpg,liteapi
lp5abde,Hotel Good Palace,hotel,28.64671,77.18922,3.0,,,False,6.5,20.0,https://static.cupid.travel/hotels/44701853.jpg,liteapi
lpeab63,Hotel Green Castle (Heritage Hotel),hotel,28.666553,77.229013,3.0,,,False,5.7,85.0,https://static.cupid.travel/hotels/407972088.jpg,liteapi
lp657b5088,Via JPM The Grand Bella,hotel,28.543663,77.244692,3.0,,,False,5.6,93.0,https://static.cupid.travel/hotels/434303489.jpg,liteapi
lp65742512,Hotel O The Arrow,hotel,28.63277,77.280608,4.0,,,False,5.7,95.0,https://static.cupid.travel/hotels/617479049.jpg,liteapi
lp65767e21,Hotel Gaylord International - New Delhi,hotel,28.64573,77.21715,,,,False,5.4,127.0,https://static.cupid.travel/hotels/453530727.jpg,liteapi
lp6e8f4,Hotel PK Residency Sector 18 Noida,hotel,28.573771,77.331519,3.0,,,False,6.0,48.0,https://static.cupid.travel/hotels/191169098.jpg,liteapi
lpb695d,Via La Serene NFC,hotel,28.569119,77.267799,4.0,,,False,5.7,78.0,https://static.cupid.travel/hotels/581603391.jpg,liteapi
lp190281,Hotel Krishna Plaza,hotel,28.64031,77.2106,3.0,,,False,6.6,1.0,https://static.cupid.travel/hotels/ex_1e54ca0b_z.jpg,liteapi
lp68bc1,Hotel Suncourt Corporate,hotel,28.646923,77.184995,3.0,,,False,6.6,16.0,https://static.cupid.travel/hotels/ex_e7ad7e24_z.jpg,liteapi
lp655d9d01,RED BRICK HOME BY EARTHAA ESCAPES,hotel,28.531595,77.201143,,,,False,7.5,20.0,https://static.cupid.travel/hotels/345205360.jpg,liteapi
lp655ae438,Hotel D'Capitol- Delhi Airport,hotel,28.54076,77.129414,3.0,,,False,7.8,11.0,https://static.cupid.travel/hotels/ex_1b571684_z.jpg,liteapi
lp6555a3ef,Hotel Clink,hotel,28.550645,77.130277,3.0,,,False,7.2,5.0,https://static.cupid.travel/hotels/ex_08f29414_edited_ce8d_z.jpg,liteapi
lp4410d,Hotel Metro Heights,hotel,28.646175,77.19344,3.0,,,False,7.2,5.0,https://static.cupid.travel/hotels/ex_a94028c6_z.jpg,liteapi
lp6579dfc8,Deventure Sarovar Portico  Patel Nagar,hotel,28.649819,77.161764,4.0,,,False,7.2,5.0,https://static.cupid.travel/hotels/ex_2f8d7c81_z.jpg,liteapi
lp8b772,Hotel Kabli,hotel,28.579684,77.24936,3.0,,,False,6.8,5.0,https://static.cupid.travel/hotels/ex_61b91ec5_z.jpg,liteapi
lp72ac6,Persona International Hotel Karol Bagh Delhi,hotel,28.646906,77.187733,3.0,,,False,6.1,54.0,https://static.cupid.travel/hotels/583632656.jpg,liteapi
lp657a9289,Hostmystay-2bhk Amarcolny Market,hotel,28.564912,77.248199,3.0,,,False,7.3,4.0,https://static.cupid.travel/hotels/545193606.jpg,liteapi
lp6559019b,Hotel Grand Tashree,hotel,28.531907,77.094557,3.0,,,False,6.6,15.0,https://static.cupid.travel/hotels/ex_2a2ab600_z.jpg,liteapi
lp657d7b5a,Hotel Triton Grand,hotel,28.54627,77.126161,3.0,,,False,6.6,15.0,https://static.cupid.travel/hotels/ex_w920h1181x248y0-56f6f674_z.jpg,liteapi
lp656c283f,FabHotel Hexa Lajpat Nagar,hotel,28.563,77.2446,3.0,,,False,7.6,2.0,https://static.cupid.travel/hotels/ex_17e57d23_z.jpg,liteapi
lp657e54b5,Hotel Baljeet Lodge,hotel,28.566734,77.189603,3.0,,,False,5.7,73.0,https://static.cupid.travel/hotels/150758281.jpg,liteapi
lp65790b53,Aerocity Hotel Zindal Plaza at Delhi Airport,hotel,28.55703,77.13298,3.0,,,False,5.9,48.0,https://static.cupid.travel/hotels/538762886.jpg,liteapi
lp656b5b45,DEER PARK LUXURY HOMESTAY (Safdarjang Enclave),hotel,28.559881,77.200095,3.0,,,False,7.3,30.0,https://static.cupid.travel/hotels/577928434.jpg,liteapi
lp5f501,Hotel Emarald,hotel,28.632336,77.227191,3.0,,,False,6.0,40.0,https://static.cupid.travel/hotels/ex_359d5b9f_z.jpg,liteapi
lp656bc19e,Hotel The Paramont at Delhi Airport,hotel,28.549623,77.129382,3.0,,,False,6.4,20.0,https://static.cupid.travel/hotels/ex_758d92ee_z.jpg,liteapi
lp61fba,Hotel Sun International,hotel,28.64598,77.21586,3.0,,,False,6.4,20.0,https://static.cupid.travel/hotels/ex_743b1523_z.jpg,liteapi
lp70483,SK Premium Park,hotel,28.630011,77.113534,3.0,,,False,6.0,2.0,https://static.cupid.travel/hotels/ex_w836h460x4y0-4d79a869_z.jpg,liteapi
lp655adca3,Hotel O Raas Near Peera garhi Metro Station,hotel,28.67028,77.08669,3.0,,,False,6.6,84.0,https://static.cupid.travel/hotels/583374240.jpg,liteapi
lp6579895b,Via Blu Lagoon Inn,hotel,28.531085,77.218631,,,,False,6.3,30.0,https://static.cupid.travel/hotels/594471094.jpg,liteapi
lp655ba978,Arch Anand International,hotel,28.54948,77.127992,4.0,,,False,6.6,76.0,https://static.cupid.travel/hotels/351734495.jpg,liteapi
lp656bc2e7,Hotel Sky Suites - Karkardooma,hotel,28.652325,77.306979,3.0,,,False,6.2,28.0,https://static.cupid.travel/hotels/504339068.jpg,liteapi
lp41784,Hotel Swati,hotel,28.647154,77.188488,4.0,,,False,6.4,19.0,https://static.cupid.travel/hotels/ex_7d0f92c0_z.jpg,liteapi
lp657a8098,Hotel Twamev Couple Friendly Laxmi Nagar,hotel,28.63293,77.279849,3.0,,,False,5.7,73.0,https://static.cupid.travel/hotels/495510667.jpg,liteapi
lp656597e9,Olive Service Apartments Saket,hotel,28.52358,77.20369,3.0,,,False,7.6,13.0,https://static.cupid.travel/hotels/498592531.jpg,liteapi
lp6579a9e9,Hotel Vertu IGI Delhi Airport By OPO - FREE Airport Pick Up Or Drop,hotel,28.545728,77.123148,4.0,,,False,6.1,54.0,https://static.cupid.travel/hotels/548771563.jpg,liteapi
lp655ae448,Hotel Picasso Residency near Naraina Vihar Metro Station New Delhi,hotel,28.630531,77.13829,3.0,,,False,6.7,68.0,https://static.cupid.travel/hotels/372796127.jpg,liteapi
lp6572b00b,SM Palace (Near Apollo Hospital),hotel,28.540544,77.295032,3.0,,,False,7.0,7.0,https://static.cupid.travel/hotels/199689181.jpg,liteapi
lp6557e257,The Prime Delhi,hotel,28.640671,77.211396,3.0,,,False,7.0,6.0,https://static.cupid.travel/hotels/ex_b1ce203b_z.jpg,liteapi
lp65789b14,Hotel Aura IP Grand By Qotel Karkardooma Metro Station New Delhi,hotel,28.650544,77.305782,3.0,,,False,7.0,12.0,https://static.cupid.travel/hotels/492212795.jpg,liteapi
lpc5348,Sundeep Inn,hotel,28.55946,77.16136,3.0,,,False,7.2,4.0,https://static.cupid.travel/hotels/ex_826b4f7a_z.jpg,liteapi
lpcbb53,East End Retreat,hotel,28.641532,77.293099,3.0,,,False,6.5,15.0,https://static.cupid.travel/hotels/28385703.jpg,liteapi
lp65807504,Via Anand Mukesh Residency - Greater Kailash,hotel,28.549161,77.236707,3.0,,,False,7.5,2.0,https://static.cupid.travel/hotels/527639720.jpg,liteapi
lp6574dbfa,"Treebo Royal Palace, New Delhi",hotel,28.63597,77.31014,3.0,,,False,6.0,35.0,https://static.cupid.travel/hotels/552253106.jpg,liteapi
lp6565a029,Spacious 2bhk apartment!,hotel,28.571668,77.238183,4.0,,,False,7.9,9.0,https://static.cupid.travel/hotels/446205743.jpg,liteapi
lp396a0f,Airport T Palace,hotel,28.547056,77.126722,3.0,,,False,6.6,12.0,https://static.cupid.travel/hotels/ex_49160a9d_z.jpg,liteapi
lp65793310,Via Mirage,hotel,28.547405,77.12718,4.0,,,False,6.0,34.0,https://static.cupid.travel/hotels/467954045.jpg,liteapi
lpf90f1,Residency Resorts,hotel,28.57129,77.15053,3.0,,,False,7.3,3.0,https://static.cupid.travel/hotels/ex_2f1543d8_z.jpg,liteapi
lp657540ef,Hotel O Town Plaza,hotel,28.632806,77.280778,4.0,,,False,6.2,24.0,https://static.cupid.travel/hotels/547950907.jpg,liteapi
lp6573a021,Hotel Luxe Opera,hotel,28.524951,77.102226,4.0,,,False,6.3,20.0,https://static.cupid.travel/hotels/542205791.jpg,liteapi
lp622c9,Amara Hotel Greater Kailesh,hotel,28.548301,77.238458,3.0,,,False,6.3,20.0,https://static.cupid.travel/hotels/410523255.jpg,liteapi
lp656c285e,Via Heaven In,hotel,28.548161,77.238465,3.0,,,False,5.5,78.0,https://static.cupid.travel/hotels/391154441.jpg,liteapi
lp655a7766,Via The Paradise,hotel,28.542752,77.301873,3.0,,,False,6.8,46.0,https://static.cupid.travel/hotels/415249591.jpg,liteapi
lp6578286a,Hotel The Grand Shoba,hotel,28.55193,77.132626,,,,False,6.6,11.0,https://static.cupid.travel/hotels/ex_4c9c3178_z.jpg,liteapi
lp657afac7,Via Luxury Inn Adarsh Nagar,hotel,28.719069,77.168688,3.0,,,False,6.5,17.0,https://static.cupid.travel/hotels/585061514.jpg,liteapi
lp6574f2b9,"Clay Inn Hotels, Paschim Vihar",hotel,28.660351,77.091106,,,,False,6.7,10.0,https://static.cupid.travel/hotels/502863499.jpg,liteapi
lp65873188,Hotel Annexe,hotel,28.546004,77.123968,3.0,,,False,7.0,5.0,https://static.cupid.travel/hotels/ex_216a6559_z.jpg,liteapi
lp89f29,Metropolis Tourist Home,hotel,28.64062,77.21056,3.0,,,False,7.0,5.0,https://static.cupid.travel/hotels/ex_0fb5831e_z.jpg,liteapi
lp6bb82,Hotel Yug Villa,hotel,28.646402,77.183635,3.0,,,False,7.0,5.0,https://static.cupid.travel/hotels/ex_637ab545_z.jpg,liteapi
lp8dd3e,Hotel Aman Palace,hotel,28.650746,77.120741,3.0,,,False,7.0,5.0,https://static.cupid.travel/hotels/445462824.jpg,liteapi
lp658725ad,"J60 Suites, Ashok Vihar - Near Netaji Subhash Place",hotel,28.687055,77.172495,,,,False,7.0,24.0,https://static.cupid.travel/hotels/620485603.jpg,liteapi
lp657907e5,Hotel Airport family stay near Delhi airport,hotel,28.54666,77.13315,3.0,,,False,5.8,43.0,https://static.cupid.travel/hotels/603492946.jpg,liteapi
lp6587d60d,Hotel The Krishna,hotel,28.646045,77.214522,3.0,,,False,6.0,30.0,https://static.cupid.travel/hotels/ex_a53f2dba_z.jpg,liteapi
lpc8700,Southview Apartment,hotel,28.54717,77.24936,2.0,,,False,7.4,2.0,https://static.cupid.travel/hotels/ex_31b3f3dc_z.jpg,liteapi
lpc5a18,The Exotica Grand,hotel,28.64711,77.165986,3.0,,,False,7.4,2.0,https://static.cupid.travel/hotels/ex_c974cf56_z.jpg,liteapi
lp65736cc1,Hotel Royal Grand - Opposite Axis Bank East Patel Nagar,hotel,28.645102,77.174614,3.0,,,False,5.7,50.0,https://static.cupid.travel/hotels/270175942.jpg,liteapi
lp658612a3,Hotel Smart Signature,hotel,28.546645,77.126071,3.0,,,False,6.0,29.0,https://static.cupid.travel/hotels/ex_12511354_z.jpg,liteapi
lp657d4a9a,Hotel La Residenza,hotel,28.534511,77.240069,3.0,,,False,6.1,24.0,https://static.cupid.travel/hotels/496561283.jpg,liteapi
lp70f28,Indira International Inn,hotel,28.527047,77.155019,2.0,,,False,6.2,21.0,https://static.cupid.travel/hotels/41127128.jpg,liteapi
lp6acbb,JP Hotel & Resorts,hotel,28.613869,77.318155,4.0,,,False,6.2,20.0,https://static.cupid.travel/hotels/ex_6c440216_z.jpg,liteapi
lp1020a0,Hotel Sweet Home DX,hotel,28.640277,77.216916,3.0,,,False,6.2,20.0,https://static.cupid.travel/hotels/ex_a5586fb0_z.jpg,liteapi
lp62461,Hotel Shipra International,hotel,28.644381,77.216865,3.0,,,False,6.2,20.0,https://static.cupid.travel/hotels/ex_b191bffc_z.jpg,liteapi
lp416ff,Hotel Swati Deluxe,hotel,28.64935,77.193734,4.0,,,False,6.2,20.0,https://static.cupid.travel/hotels/ex_385b0c84_z.jpg,liteapi
lp657ea595,Townhouse Arakashan Road Paharganj Formerly Mohan international,hotel,28.64514,77.21749,3.0,,,False,5.6,60.0,https://static.cupid.travel/hotels/613022509.jpg,liteapi
lp6c45e,The Pamposh New Delhi,hotel,28.544984,77.246777,3.0,,,False,6.4,14.0,https://static.cupid.travel/hotels/ex_41d82c40_z.jpg,liteapi
lp4cc60,Hotel Thirty Three,hotel,28.554843,77.224625,3.0,,,False,6.4,14.0,https://static.cupid.travel/hotels/ex_64f90f1f_z.jpg,liteapi
lp65786353,Hotel HC Grand near Indraprastha Apollo Hospital,hotel,28.54305,77.292479,3.0,,,False,6.7,11.0,https://static.cupid.travel/hotels/575345130.jpg,liteapi
lp65723d59,Hotel Luxe Opera NH8 - 7km from IGI Delhi Airport,hotel,28.52495,77.102211,4.0,,,False,8.0,,https://static.cupid.travel/hotels/ex_fc9f932f_z.jpg,liteapi
lpe4073,Hotel Mint Select Noida,hotel,28.5895,77.31398,3.0,,,False,8.0,,https://static.cupid.travel/hotels/ex_f7b15f5a_z.jpg,liteapi
lp65759e3d,Hotel Lavish IN- Rajouri Garden,hotel,28.641379,77.121941,2.0,,,False,8.0,,https://static.cupid.travel/hotels/ex_cf41de2d_z.jpg,liteapi
lp656c2945,Qotel Hotel La Serene Gagan Vihar,hotel,28.648545,77.301167,3.0,,,False,8.0,,https://static.cupid.travel/hotels/ex_7ec7bfaf_z.jpg,liteapi
lp6575984d,Collection O Golden Key Near TDI Mall,hotel,28.65439,77.128624,4.0,,,False,6.0,27.0,https://static.cupid.travel/hotels/615439706.jpg,liteapi
lp5ecaf,Hotel Delhi 37,hotel,28.549782,77.128715,3.0,,,False,5.4,75.0,https://static.cupid.travel/hotels/ex_34958f4f_z.jpg,liteapi
lp655adfe7,Divine Paradise Tavisha,hotel,28.571496,77.262395,3.0,,,False,6.4,75.0,https://static.cupid.travel/hotels/309108821.jpg,liteapi
lp656edfb0,"Divine India Service Apartment,2Bhk, D-198, Near Max Hospital SAKET",hotel,28.523819,77.206591,3.0,,,False,6.8,6.0,https://static.cupid.travel/hotels/470386260.jpg,liteapi
lp4f058,Hotel Chanchal Deluxe,hotel,28.645901,77.215605,3.0,,,False,6.2,18.0,https://static.cupid.travel/hotels/ex_b88318c0_z.jpg,liteapi
lp6578c2ad,Super Hotel O Super Siddhartha Guest House,hotel,28.663092,77.25769,4.0,,,False,5.9,31.0,https://static.cupid.travel/hotels/516466899.jpg,liteapi
lp658104cb,Via Stay Residency,hotel,28.547556,77.249419,3.0,,,False,5.1,113.0,https://static.cupid.travel/hotels/215276257.jpg,liteapi
lp6576ec16,HOTEL ASHOKA PALACE Near IGI Airport New Delhi,hotel,28.542881,77.128985,4.0,,,False,6.2,20.0,https://static.cupid.travel/hotels/532187543.jpg,liteapi
lp656dac32,Lyf Corporate Suites - Noida Sector 19,hotel,28.57939,77.32344,3.0,,,False,6.0,24.0,https://static.cupid.travel/hotels/507417536.jpg,liteapi
lp655a7585,Hotel Bel Morris,hotel,28.53624,77.23883,3.0,,,False,6.7,38.0,https://snaphotelapi.com/hotels/477197876.jpg,liteapi
lp657eb2cc,Hotel Sizzling Starr,hotel,28.642634,77.175038,3.0,,,False,6.3,16.0,https://static.cupid.travel/hotels/497046683.jpg,liteapi
lp657f69fb,Ashu Villa,hotel,28.576058,77.263348,,,,False,6.8,8.0,https://static.cupid.travel/hotels/580978374.jpg,liteapi
lp788dd,Hotel Nirmal Mahal by Sushant Travels,hotel,28.6422,77.212707,3.0,,,False,7.4,51.0,https://static.cupid.travel/hotels/ex_f36d281b_z.jpg,liteapi
lp5ddf6,The Singh Empire,hotel,28.644247,77.216024,3.0,,,False,6.8,5.0,https://static.cupid.travel/hotels/ex_bb8c46bb_z.jpg,liteapi
lp3fe80,Hotel Classic Karol Bagh,hotel,28.646261,77.190126,2.0,,,False,,9.0,https://static.cupid.travel/hotels/453009503.jpg,liteapi
lpf36b9,THE EDEN HOTEL Near Okhla,hotel,28.541569,77.298863,2.0,,,False,6.1,18.0,https://static.cupid.travel/hotels/502818004.jpg,liteapi
lp6567f698,Hotel Star Paradise,hotel,28.6413,77.21557,2.0,,,False,7.0,21.0,https://snaphotelapi.com/hotels/90474850.jpg,liteapi
lp655ae00a,Rosemallow Hotel Tavisha,hotel,28.5666,77.26501,4.0,,,False,6.8,29.0,https://static.cupid.travel/hotels/hd/576786950.jpg,liteapi
lpcc4b4,Hotel Capital @ Airport,hotel,28.54556,77.12366,3.0,,,False,6.3,12.0,https://static.cupid.travel/hotels/ex_77727cfd_z.jpg,liteapi
lpb85ad,Anand Bhawan,hotel,28.508883,77.164664,3.0,,,False,7.0,3.0,https://static.cupid.travel/hotels/ex_c69839ea_z.jpg,liteapi
lp6574351b,Hotel O Red Apple Homes,hotel,28.52625,77.25797,4.0,,,False,7.0,3.0,https://static.cupid.travel/hotels/603322634.jpg,liteapi
lp6575f145,Hotel Leya Unit of Lacasa near Delhi airport,hotel,28.55501,77.10119,3.0,,,False,7.0,3.0,https://static.cupid.travel/hotels/589705199.jpg,liteapi
lp6574ec25,Shamim Residency ---Near Nizamuddin Aulia Dargah,hotel,28.589445,77.244507,,,,False,7.0,4.0,https://static.cupid.travel/hotels/616399613.jpg,liteapi
lpa0852,FabHotel Transit Delhi Airport,hotel,28.549529,77.128964,3.0,,,False,6.0,20.0,https://static.cupid.travel/hotels/ex_8a01ec1e_z.jpg,liteapi
lp64f3a,Rama Inn,hotel,28.645739,77.216935,3.0,,,False,6.0,20.0,https://static.cupid.travel/hotels/ex_a4e09deb_z.jpg,liteapi
lp52dd8,Hotel Woodland Dx,hotel,28.645871,77.21586,3.0,,,False,,49.0,https://static.cupid.travel/hotels/ex_4b23ac1e_z.jpg,liteapi
lp655ba9ee,FabHotel Blue Moon Home Stay,hotel,28.571768,77.221017,3.0,,,False,6.7,35.0,https://static.cupid.travel/hotels/508355175.jpg,liteapi
lp65878922,Z Suites Hotel Mahipalpur IGI Airport,hotel,28.550881,77.122777,3.0,,,False,6.0,19.0,https://static.cupid.travel/hotels/ex_f9ac65d4_z.jpg,liteapi
lp655adcbf,GoldenKeys Inn,hotel,28.693072,77.17682,3.0,,,False,7.0,23.0,https://static.cupid.travel/hotels/275435085.jpg,liteapi
lp5fc2f,Hotel Amby Inn by Quadis - Lajpat Nagar,hotel,28.568881,77.247854,3.0,,,False,6.2,13.0,https://static.cupid.travel/hotels/ex_7313dc49_z.jpg,liteapi
lp6571413d,"Urban Home Stay - Delhi, Paharganj",hotel,28.640929,77.210332,,,,False,6.8,4.0,https://static.cupid.travel/hotels/607124973.jpg,liteapi
lp6573e2d6,Hotel O Iris Lite,hotel,28.64842,77.12542,4.0,,,False,6.1,15.0,https://static.cupid.travel/hotels/606128449.jpg,liteapi
lp655ae01d,Hotel Palm Grand At Luxury Naraina New Delhi - Couple Friendly Local IDs Accepted,hotel,28.624729,77.135436,4.0,,,False,5.7,183.0,https://static.cupid.travel/hotels/358619758.jpg,liteapi
lp656ba8cc,Golden Homestay,hotel,28.523671,77.206453,2.0,,,False,6.1,86.0,https://static.cupid.travel/hotels/225754740.jpg,liteapi
lp6578d578,Airport Hotel The Grand Shoba Free Airport pickup or Drop,hotel,28.551348,77.133404,3.0,,,False,5.7,42.0,https://static.cupid.travel/hotels/474931159.jpg,liteapi
lp657e400a,The Residency Hotel,hotel,28.54724,77.24948,3.0,,,False,6.3,10.0,https://static.cupid.travel/hotels/568098130.jpg,liteapi
lp569c6,Hotel Impress,hotel,28.544948,77.12806,3.0,,,False,5.9,20.0,https://static.cupid.travel/hotels/ex_eddbf111_z.jpg,liteapi
lp3637a,Hotel Chand Palace,hotel,28.645588,77.215186,3.0,,,False,5.4,46.0,https://static.cupid.travel/hotels/ex_1b7685af_z.jpg,liteapi
lp65796138,Red Crown Hotel,hotel,28.548467,77.126756,3.0,,,False,6.0,17.0,https://static.cupid.travel/hotels/242067949.jpg,liteapi
lp656c3153,Hotel Vanson Delite,hotel,28.643787,77.217088,3.0,,,False,6.2,11.0,https://static.cupid.travel/hotels/ex_c011d62b_z.jpg,liteapi
lp1d6140,OYO 362 Hotel J P Inn,hotel,28.646177,77.170154,2.0,,,False,7.0,2.0,https://static.cupid.travel/hotels/ex_2fc2af6d_z.jpg,liteapi
lp656f21e3,"Flat in Noida , Supernova 26th floor",hotel,28.551588,77.322369,,,,False,6.3,9.0,https://static.cupid.travel/hotels/605181732.jpg,liteapi
lp657ef3a7,Hotel Nizamuddin Fab,hotel,28.582884,77.247646,,,,False,5.8,33.0,https://static.cupid.travel/hotels/620750333.jpg,liteapi
lp6575c845,Capital O Moody Inn,hotel,28.52638,77.2579,3.0,,,False,5.7,27.0,https://static.cupid.travel/hotels/582683503.jpg,liteapi
lp65580fe7,Hotel Ashoka Continental Near New Delhi Railway station,hotel,28.646269,77.213487,4.0,,,False,5.7,26.0,https://static.cupid.travel/hotels/606814210.jpg,liteapi
lp59153,Regale Inn,hotel,28.540195,77.246726,3.0,,,False,6.6,5.0,https://static.cupid.travel/hotels/ex_b087b26c_z.jpg,liteapi
lp4179e,Amber Inn by Orion Hotels,hotel,28.55465,77.2717,3.0,,,False,6.6,5.0,https://static.cupid.travel/hotels/ex_e99b7a68_z.jpg,liteapi
lp2366b9,Bunk Hostel Delhi,hostel,28.640422,77.210162,2.0,,,False,6.6,5.0,https://static.cupid.travel/hotels/ex_7182cf32_z.jpg,liteapi
lp655ae4c0,Hotel Magic Tree Karol Bagh Metro Station New Delhi,hotel,28.646629,77.187979,3.0,,,False,6.5,36.0,https://static.cupid.travel/hotels/465260980.jpg,liteapi
lp656ea6df,"Fortune Home Service Apartment 1BHK, D-198 Near Max Hospital",hotel,28.523819,77.206591,4.0,,,False,7.0,2.0,https://static.cupid.travel/hotels/448051576.jpg,liteapi
lpa583b,OYO Flagship 504 Greater Kailash,hotel,28.536768,77.238986,3.0,,,False,7.0,2.0,https://static.cupid.travel/hotels/ex_1b711285_z.jpg,liteapi
lp1abf9c,Hotel Olive Aero Suites,hotel,28.542199,77.128284,3.0,,,False,7.0,2.0,https://static.cupid.travel/hotels/ex_cd7fa1e5_z.jpg,liteapi
lpb69c1,Hotel Flight Path,hotel,28.549861,77.129389,3.0,,,False,7.0,2.0,https://static.cupid.travel/hotels/ex_209c4f31_z.jpg,liteapi
lp658620f1,Saltstayz Autograph Connaught Place,hotel,28.635384,77.220621,3.0,,,False,7.0,2.0,https://static.cupid.travel/hotels/ex_33576679_z.jpg,liteapi
lpb68f5,Hotel Mid Town,hotel,28.64645,77.18944,3.0,,,False,,2.0,https://static.cupid.travel/hotels/ex_532bf672_z.jpg,liteapi
lp656c38ab,Town Pallace Inn,hotel,28.6445,77.17555,3.0,,,False,6.8,3.0,https://static.cupid.travel/hotels/ex_e9d2e3e9_z.jpg,liteapi
lp6d429,Hotel Aman International at New Delhi Station,hotel,28.641492,77.21617,3.0,,,False,5.8,20.0,https://static.cupid.travel/hotels/ex_09b717d1_z.jpg,liteapi
lp657538ba,Hotel Hill Palace -Near Karol Bagh Metro Station,hotel,28.645758,77.186696,3.0,,,False,5.8,19.0,https://static.cupid.travel/hotels/120925838.jpg,liteapi
lp65810179,Hotel BluSky GaganVihar,hotel,28.64475,77.2978,3.0,,,False,,13.0,https://static.cupid.travel/hotels/520236370.jpg,liteapi
lp656dacb0,Bel-La Monde Hotel NH8 at 6km from IGI Airport Delhi,hotel,28.529748,77.104432,4.0,,,False,5.6,26.0,https://static.cupid.travel/hotels/581866598.jpg,liteapi
lp657e9c5d,Hotel Sapphire House Paharganj,hotel,28.641506,77.211756,3.0,,,False,6.4,6.0,https://static.cupid.travel/hotels/ex_c075a08d_z.jpg,liteapi
lp8bafa,"Treebo Royce, New Friends Colony",hotel,28.565195,77.270141,3.0,,,False,6.6,4.0,https://static.cupid.travel/hotels/ex_907b75fc_z.jpg,liteapi
lp655a7496,FabHotel Happy Inn,hotel,28.62585,77.30375,3.0,,,False,5.9,84.0,https://static.cupid.travel/hotels/hd/357662830.jpg,liteapi
lp65597905,Comfort Stay Hostel,hostel,28.640671,77.211468,,,,False,5.3,223.0,https://static.cupid.travel/hotels/104270510.jpg,liteapi
lp5e7d4,Hotel Apra International,hotel,28.647026,77.188737,3.0,,,False,6.0,12.0,https://static.cupid.travel/hotels/ex_98d1aef5_z.jpg,liteapi
lp9d4fd,FabExpress Lloyd House,hotel,28.54756,77.25672,3.0,,,False,,3.0,https://static.cupid.travel/hotels/440167977.jpg,liteapi
lpcb8c4,Comfort Rooms,hotel,28.6412,77.21202,3.0,,,False,6.7,3.0,https://static.cupid.travel/hotels/ex_a5cab943_z.jpg,liteapi
lp655a7f14,Inn Tawang Near B L Kapoor Hospital A Well Hygiene Hotel,hotel,28.643095,77.181246,3.0,,,False,6.7,21.0,https://static.cupid.travel/hotels/46989216.jpg,liteapi
lp655baa2e,"Sun Moon Residency and Apartments, Hotels in Rohini",hotel,28.713933,77.110048,,,,False,6.2,49.0,https://static.cupid.travel/hotels/483384980.jpg,liteapi
lp655adc9a,Western Blu,hotel,28.669058,77.095118,,,,False,5.9,54.0,https://static.cupid.travel/hotels/590629213.jpg,liteapi
lp66b78,Hotel Gulnar,hotel,28.645449,77.183801,3.0,,,False,5.8,16.0,https://static.cupid.travel/hotels/ex_fbfb3755_z.jpg,liteapi
lp650fa,Sarovar Portico Naraina Delhi,hotel,28.626058,77.134911,3.0,,,False,5.6,13.0,https://static.cupid.travel/hotels/ex_ed7cac74_z.jpg,liteapi
lp65729fbb,Hotel HRS - New Delhi Railway Station,hotel,28.646841,77.212428,,,,False,4.6,176.0,https://static.cupid.travel/hotels/544690232.jpg,liteapi
lp657bf4e3,Jerry hotel near nizamuddin dargah,hotel,28.58288,77.24765,,,,False,6.4,5.0,https://static.cupid.travel/hotels/565216198.jpg,liteapi
lp65721dcd,Hotel Star Palace - Near Karol Bagh Metro,hotel,28.646425,77.187812,2.0,,,False,6.4,5.0,https://static.cupid.travel/hotels/476631712.jpg,liteapi
lp4f7bf,Hotel Sunrise New Delhi,hotel,28.648891,77.189461,3.0,,,False,6.4,5.0,https://static.cupid.travel/hotels/ex_8395fbc3_z.jpg,liteapi
lp65848642,Swiss international,hotel,28.54964,77.12119,,,,False,6.5,4.0,https://static.cupid.travel/hotels/540192008.jpg,liteapi
lp5e325,Hotel Apra Inn,hotel,28.646864,77.189038,3.0,,,False,5.8,15.0,https://static.cupid.travel/hotels/ex_a9bc53de_z.jpg,liteapi
lp344e14,Hotel Grand Suites - Delhi Airport,hotel,28.541165,77.129823,3.0,,,False,5.6,17.0,https://static.cupid.travel/hotels/ex_23b26f16_z.jpg,liteapi
lp657810f6,Hotel PLAZA Grand Near IGI Airport,hotel,28.547734,77.125816,4.0,,,False,5.9,12.0,https://static.cupid.travel/hotels/581759318.jpg,liteapi
lp657850d9,HOTEL DELUXE STAY INN DELHI Airport,hotel,28.5416,77.12972,4.0,,,False,5.3,34.0,https://static.cupid.travel/hotels/622179913.jpg,liteapi
lpbde01,Hotel Golden Oasis Delhi,hotel,28.641994,77.214468,3.0,,,False,6.6,3.0,https://static.cupid.travel/hotels/ex_835db98d_z.jpg,liteapi
lp6b59b,The Golden Palms Hotel & Spa Delhi,hotel,28.629027,77.315146,3.0,,,False,5.6,20.0,https://static.cupid.travel/hotels/ex_cdbf3c70_z.jpg,liteapi
lp42b22,Hotel Regent Continental,hotel,28.64801,77.188052,3.0,,,False,5.8,14.0,https://static.cupid.travel/hotels/ex_0ed45121_z.jpg,liteapi
lp656bd851,FabHotel Kular,hotel,28.519515,77.214982,3.0,,,False,7.0,1.0,https://static.cupid.travel/hotels/ex_w3030h2016x0y0-73df9778_z.jpg,liteapi
lpc41aa,Nirvana Suites,hotel,28.540918,77.294442,3.0,,,False,7.0,1.0,https://static.cupid.travel/hotels/ex_10280ba9_z.jpg,liteapi
lp657e1002,SERVICE APARTMENT near APOLLO HOSPITAL,hotel,28.54401,77.29282,,,,False,7.0,1.0,https://static.cupid.travel/hotels/541606039.jpg,liteapi
lp65714f6b,Hotel Africa Avenue - Greater Kailash 1,hotel,28.548066,77.231124,4.0,,,False,7.0,2.0,https://static.cupid.travel/hotels/602202033.jpg,liteapi
lp658226c3,Sun residency,hotel,28.56649,77.2222,,,,False,7.0,1.0,https://static.cupid.travel/hotels/608473732.jpg,liteapi
lp65764735,Aggarwal home stay in independent flat with private kitchen washroom fridge Android TV wi fi and all cooking utensils for self cooking,hotel,28.570693,77.245657,,,,False,7.0,4.0,https://static.cupid.travel/hotels/543718617.jpg,liteapi
lp65761f2e,Hotel O Villa DEste,hotel,28.637472,77.10686,3.0,,,False,7.0,1.0,https://static.cupid.travel/hotels/536105410.jpg,liteapi
lp655b1057,FabHotel Yug Villa,hotel,28.646446,77.183855,3.0,,,False,8.0,1.0,https://static.cupid.travel/hotels/ex_w3000h1999x0y1-8cee2ea3_z.jpg,liteapi
lp658009d1,Hotel JR international,hotel,28.64785,77.21106,5.0,,,False,7.0,1.0,https://static.cupid.travel/hotels/605041641.jpg,liteapi
lp7275a,Shanti Palace,hotel,28.651947,77.15871,3.0,,,False,7.0,1.0,https://static.cupid.travel/hotels/ex_6f67ad90_z.jpg,liteapi
lp655b55bf,Hotel Admire Inn Sector-18 by ASPL,hotel,28.573872,77.323701,3.0,,,False,5.8,78.0,https://static.cupid.travel/hotels/332585898.jpg,liteapi
lp657cb0fc,Hotel Waterfall Paschim Vihar Delhi,hotel,28.667666,77.093021,3.0,,,False,5.8,14.0,https://static.cupid.travel/hotels/587176035.jpg,liteapi
lpf3180,Hotel SHIMLA HERITAGE- Near B L K Hospital,hotel,28.646021,77.184585,3.0,,,False,5.2,37.0,https://static.cupid.travel/hotels/318213671.jpg,liteapi
lp5fee4,Anoop Hotel,hotel,28.64129,77.212311,3.0,,,False,5.0,50.0,https://static.cupid.travel/hotels/ex_7ebc306a_z.jpg,liteapi
lp8db60,Via Gem 92,hotel,28.545967,77.255913,4.0,,,False,4.7,84.0,https://static.cupid.travel/hotels/615063629.jpg,liteapi
lp6576c930,Super Hotel O Hotel Landmark Inn,hotel,28.64778,77.19328,3.0,,,False,4.6,98.0,https://static.cupid.travel/hotels/614505038.jpg,liteapi
lp656c2633,Gallivanto Inn,hotel,28.64501,77.24139,3.0,,,False,,15.0,https://static.cupid.travel/hotels/ex_3b83d0e8_z.jpg,liteapi
lp5e403,The Solace Hotel - Nehru Place,hotel,28.557597,77.240147,2.0,,,False,5.9,16.0,https://static.cupid.travel/hotels/271109518.jpg,liteapi
lp657fe3f0,Hotel Woodland Deluxe,hotel,28.645964,77.215303,2.0,,,False,5.7,16.0,https://static.cupid.travel/hotels/43762270.jpg,liteapi
lpe391d,"Hotel Anand Lok Inn Mahipalpur, IGI Delhi Airport",hotel,28.549817,77.129474,3.0,,,False,7.0,,https://static.cupid.travel/hotels/ex_b870cc94_z.jpg,liteapi
lp6054b,Karon Hotels - Lajpat Nagar,hotel,28.555274,77.239037,3.0,,,False,5.6,18.0,https://static.cupid.travel/hotels/516078811.jpg,liteapi
lp80796,Hotel De Holiday International,hotel,28.643228,77.210514,3.0,,,False,5.6,16.0,https://static.cupid.travel/hotels/ex_165e0584_z.jpg,liteapi
lpfd5b1,The Metropolis Guest House Near RK Ashram Metro Station,hotel,28.639929,77.209933,2.0,,,False,5.1,15.0,https://static.cupid.travel/hotels/519469363.jpg,liteapi
lp657c0716,The Nikunj Hotels,hotel,28.528448,77.103328,4.0,,,False,5.9,9.0,https://static.cupid.travel/hotels/564540349.jpg,liteapi
lp225fcd,Hotel Mohit Guest House,hotel,28.641453,77.213474,3.0,,,False,6.2,5.0,https://static.cupid.travel/hotels/ex_9782fb2d_z.jpg,liteapi
lp656dc36b,Chowdhry Tourist Lodge- Paharganj-NDLS,hotel,28.644173,77.215173,4.0,,,False,6.2,5.0,https://static.cupid.travel/hotels/ex_c1580e58_z.jpg,liteapi
lp4b344,Hotel B Continental,hotel,28.64649,77.19529,3.0,,,False,6.2,5.0,https://static.cupid.travel/hotels/ex_e3a9302a_z.jpg,liteapi
lp6574780f,Hotel Noida International - opposite Mercedes Showroom Noida Sector 11,hotel,28.59671,77.33036,3.0,,,False,5.1,36.0,https://static.cupid.travel/hotels/561503703.jpg,liteapi
lp6578b284,Townhouse THE ARROW Near Lotus Temple,hotel,28.526306,77.25811,4.0,,,False,5.3,25.0,https://static.cupid.travel/hotels/584350149.jpg,liteapi
lp65881ea2,Hotel IVY,hotel,28.543302,77.127875,3.0,,,False,6.0,7.0,https://static.cupid.travel/hotels/ex_122b2b2b_z.jpg,liteapi
lpecd6c,Hotel City Centre Inn New Delhi,hotel,28.582963,77.250905,3.0,,,False,6.0,7.0,https://static.cupid.travel/hotels/ex_629a1a93_z.jpg,liteapi
lp6556a477,Hotel Oscar,hotel,28.551374,77.203752,3.0,,,False,6.4,3.0,https://static.cupid.travel/hotels/ex_764352ec_z.jpg,liteapi
lpb17c3,goSTOPS Delhi,hotel,28.640816,77.23896,2.0,,,False,6.4,3.0,https://static.cupid.travel/hotels/ex_4e68b2d2_z.jpg,liteapi
lp65717fb3,Hotel Hari International by BYOB Hotels At Sec 11 NOIDA,hotel,28.597533,77.330412,3.0,,,False,5.3,24.0,https://static.cupid.travel/hotels/583979329.jpg,liteapi
lp655bbaf4,Hotel O Sunrise Villa,hotel,28.5112,77.233086,3.0,,,False,6.7,11.0,https://static.cupid.travel/hotels/511274090.jpg,liteapi
lp51598,Hotel Legend International,hotel,28.645746,77.216664,3.0,,,False,5.6,13.0,https://static.cupid.travel/hotels/ex_a21df9d3_z.jpg,liteapi
lp65797477,Hotel Ark Avalon- Delhi International Airport,hotel,28.54908,77.11955,3.0,,,False,5.3,22.0,https://static.cupid.travel/hotels/345360548.jpg,liteapi
lp658667d0,Dahabi Era-Delhi Airport,hotel,28.550957,77.130367,4.0,,,False,6.0,6.0,https://static.cupid.travel/hotels/ex_9cc9c7c6_z.jpg,liteapi
lp656eb214,Hotel C & G Villa New Delhi,hotel,28.641146,77.217073,,,,False,6.0,6.0,https://static.cupid.travel/hotels/ex_w3500h2353x0y6-a4c301c7_z.jpg,liteapi
lp656bd6ef,Hotel GreySky Karkardooma AnandVihar New Delhi,hotel,28.652472,77.306977,3.0,,,False,6.0,8.0,https://static.cupid.travel/hotels/531677891.jpg,liteapi
lp1ae128,Hotel Karlo Kastle - Paharganj,hotel,28.6408,77.212669,3.0,,,False,6.2,4.0,https://static.cupid.travel/hotels/ex_d6738f56_z.jpg,liteapi
lp657460b5,Hotel Clark Height,hotel,28.648011,77.163825,3.0,,,False,5.5,15.0,https://static.cupid.travel/hotels/497795583.jpg,liteapi
lp6570cebc,"Fortune Home Service Apartment 1Bhk,L-36B,Saket",hotel,28.523176,77.209775,4.0,,,False,6.5,2.0,https://static.cupid.travel/hotels/514644796.jpg,liteapi
lp65760374,Hotel Maharaja Continental - 5 Mints walk From New Delhi Railways Station,hotel,28.646892,77.212137,3.0,,,False,3.9,260.0,https://static.cupid.travel/hotels/476732021.jpg,liteapi
lp8020d,Hotel Delhi Darbar,hotel,28.645323,77.18842,3.0,,,False,5.6,12.0,https://static.cupid.travel/hotels/ex_aefb6115_z.jpg,liteapi
lp655adfdd,Hotel O The Premium Villa,hotel,28.553417,77.195,4.0,,,False,5.3,109.0,https://static.cupid.travel/hotels/607811989.jpg,liteapi
lp73368,OYO 305 Hotel Rajdeep Palace,hotel,28.566266,77.269601,3.0,,,False,5.4,16.0,https://static.cupid.travel/hotels/ex_94c9cdcb_z.jpg,liteapi
lp656bbd7e,Via Swiss International,hotel,28.64278,77.175201,3.0,,,False,5.6,11.0,https://static.cupid.travel/hotels/605331322.jpg,liteapi
lp102a4a,Airport Hotel J P Palace,hotel,28.54283,77.127839,4.0,,,False,5.2,22.0,https://static.cupid.travel/hotels/ex_cbde741d_z.jpg,liteapi
lp6582e058,Embassy Suites,hotel,28.602887,77.189179,3.0,,,False,4.6,61.0,https://static.cupid.travel/hotels/544696202.jpg,liteapi
lp80054,Hotel Comfort Zone Greater Kailash,hotel,28.54091,77.24002,3.0,,,False,6.0,5.0,https://static.cupid.travel/hotels/ex_d8bbf49f_z.jpg,liteapi
lp6578caeb,HOTEL GLOBAL STAY Near Delhi Airport,hotel,28.541997,77.129481,,,,False,6.0,5.0,https://static.cupid.travel/hotels/ex_6da29d65_z.jpg,liteapi
lp6554f81a,Hotel SRV Palace,hotel,28.549118,77.131001,3.0,,,False,6.0,5.0,https://static.cupid.travel/hotels/ex_64a15768_z.jpg,liteapi
lp6580255f,Mayur Hotel,hotel,28.64238,77.2171,3.0,,,False,6.0,5.0,https://static.cupid.travel/hotels/535861265.jpg,liteapi
lpd7c59,Comfort Rooms New Delhi Railway Station,hotel,28.64249,77.21814,3.0,,,False,6.0,5.0,https://static.cupid.travel/hotels/ex_3b3e66ba_z.jpg,liteapi
lp500c8,Hotel Parkway Deluxe,hotel,28.645297,77.217864,3.0,,,False,6.0,5.0,https://static.cupid.travel/hotels/ex_e55101f0_z.jpg,liteapi
lp728da,Hotel Jewel Palace,hotel,28.65106,77.19355,3.0,,,False,6.0,5.0,https://static.cupid.travel/hotels/ex_ad192447_z.jpg,liteapi
lp657e7993,Runway Residency at Pitampura,hotel,28.69407,77.13836,,,,False,6.0,5.0,https://static.cupid.travel/hotels/611680156.jpg,liteapi
lp656c1fdf,Via BM Grand View,hotel,28.576044,77.326375,3.0,,,False,4.8,43.0,https://static.cupid.travel/hotels/443991809.jpg,liteapi
lp6558b12e,Hotel Nirvana-Near IGI Airport Delhi,hotel,28.547701,77.126684,3.0,,,False,6.4,2.0,https://static.cupid.travel/hotels/ex_20e6e4a1_z.jpg,liteapi
lpcf390,Hotel Gold Star Inn,hotel,28.641278,77.215899,3.0,,,False,6.4,2.0,https://static.cupid.travel/hotels/ex_fc27e218_z.jpg,liteapi
lp655baa13,FabHotel Goodwill GK 1,hotel,28.55095,77.24542,3.0,,,False,5.8,42.0,https://static.cupid.travel/hotels/57224151.jpg,liteapi
lp5a3c8,Super OYO Townhouse 008 Greater Kailash,hotel,28.54987,77.24382,4.0,,,False,5.5,12.0,https://static.cupid.travel/hotels/510495509.jpg,liteapi
lpdd9cb,"Hotel Good Times - Budget Friendly,Great Location,Value Stay",hotel,28.645553,77.192964,3.0,,,False,,90.0,https://static.cupid.travel/hotels/532585535.jpg,liteapi
lp656c3544,F9 Hotels,hotel,28.658579,77.090843,3.0,,,False,7.0,,https://static.cupid.travel/hotels/ex_1046c583_z.jpg,liteapi
lp657e1bc4,Hotel Jaipur Palace Near Red Fort,hotel,28.643403,77.24039,3.0,,,False,5.4,22.0,https://static.cupid.travel/hotels/616394331.jpg,liteapi
lp656c248b,"Lemon Tree Hotel, Noida",hotel,28.588912,77.313999,4.0,,,False,4.5,75.0,https://static.cupid.travel/hotels/593679569.jpg,liteapi
lp657ac014,HOTEL PITRASHISH PRIDE DELHI IGI AIRPORT,hotel,28.530239,77.086492,3.0,,,False,7.0,,https://static.cupid.travel/hotels/ex_w718h480x0y0-51c7a886_z.jpg,liteapi
lp656bc58f,Hotel Bonito- Delhi IGI Airport,hotel,28.542387,77.128221,3.0,,,False,7.0,,https://static.cupid.travel/hotels/ex_d56d38e7_z.jpg,liteapi
lp65577a5a,3 Bed Flat - Sleeps 6 - Parking - Wifi,hotel,28.54622,77.24529,3.0,,,False,7.0,,https://static.cupid.travel/hotels/ex_1510cb65_z.jpg,liteapi
lp6585a619,BH Hotels  Aero Suites- Airport Road,hotel,28.549383,77.130064,3.0,,,False,7.0,,https://static.cupid.travel/hotels/ex_7979638d_z.jpg,liteapi
lp6571a7e0,Hotel The Ventus - A boutique Hotel,hotel,28.550836,77.131075,3.0,,,False,7.0,,https://static.cupid.travel/hotels/ex_0c78b01b_z.jpg,liteapi
lp656dbd48,Fully Furnished Room in Hauz Khas,hotel,28.552238,77.206825,3.0,,,False,7.0,,https://static.cupid.travel/hotels/ex_w1493h1110x0y2-cbf354d9_z.jpg,liteapi
lp65544aa0,"Room-maplewood Guest House, Neeti Bagh,",hotel,28.559321,77.216761,2.0,,,False,,,https://static.cupid.travel/hotels/ex_941c08f3_z.jpg,liteapi
lp65863414,"Room in Guest Room - Maplewood Guest House, Neeti Bagh, New Delhiit is a Boutiqu Guest House - Room 4",hotel,28.559321,77.216761,3.0,,,False,7.0,,https://static.cupid.travel/hotels/ex_ab251282_z.jpg,liteapi
lp6571cbf7,Roomshala 177 Homestay Thehrav,hotel,28.595679,77.09508,3.0,,,False,7.0,,https://static.cupid.travel/hotels/ex_cec3b2cc_z.jpg,liteapi
lp6555964a,ABS Hotel,hotel,28.595696,77.330398,3.0,,,False,7.0,,https://static.cupid.travel/hotels/ex_484a7809_z.jpg,liteapi
lp51670,Snow white DX at New Delhi Railway Stn,hotel,28.641957,77.210569,3.0,,,False,7.0,,https://static.cupid.travel/hotels/ex_0e405158_z.jpg,liteapi
lp65780b75,Nav Durga Guest House,hotel,28.644139,77.215861,3.0,,,False,7.0,,https://static.cupid.travel/hotels/ex_75ec9f5a_z.jpg,liteapi
lp6585ccb2,Hotel Horizon By Shanti,hotel,28.644944,77.215832,3.0,,,False,7.0,,https://static.cupid.travel/hotels/ex_2860ce2e_z.jpg,liteapi
lpe0c16,Hotel Dakha International,hotel,28.646062,77.196272,3.0,,,False,7.0,,https://static.cupid.travel/hotels/ex_2e233f24_z.jpg,liteapi
lp658126bf,HOTEL ASHOKA CONTINENTAL,hotel,28.646235,77.213513,3.0,,,False,7.0,,https://static.cupid.travel/hotels/ex_ba7da3e3_z.jpg,liteapi
lp83f35,Hotel Golden Grand,hotel,28.647129,77.165959,3.0,,,False,7.0,,https://static.cupid.travel/hotels/ex_693b46f0_z.jpg,liteapi
lp242557,Palette - City Westend,hotel,28.664395,77.129841,3.0,,,False,7.0,,https://static.cupid.travel/hotels/ex_ef9bc173_z.jpg,liteapi
lp65805086,Udupi Hotel,hotel,28.669272,77.100797,3.0,,,False,7.0,,https://static.cupid.travel/hotels/ex_d617c7dc_z.jpg,liteapi
lp7296c,Hotel Grand Shoba,hotel,28.55143,77.132348,3.0,,,False,5.0,26.0,https://static.cupid.travel/hotels/ex_b940c8eb_z.jpg,liteapi
lp6555851a,Under My Roof Green Park,hotel,28.557864,77.20388,3.0,,,False,5.8,6.0,https://static.cupid.travel/hotels/155807718.jpg,liteapi
lp8dea1,OYO 1670 Cotts Villa,hotel,28.510179,77.163043,3.0,,,False,6.0,4.0,https://static.cupid.travel/hotels/ex_346819f7_z.jpg,liteapi
lp658790e9,Lemon Green Inn,hotel,28.528455,77.208924,3.0,,,False,6.0,4.0,https://static.cupid.travel/hotels/ex_21abd29c_z.jpg,liteapi
lp65880327,Hotel Global Inn by Quality Inn,hotel,28.547113,77.125459,3.0,,,False,6.0,4.0,https://static.cupid.travel/hotels/ex_b433722f_z.jpg,liteapi
lp65878c6f,Hotel Urban Royale Near IGI Airport,hotel,28.550932,77.130899,3.0,,,False,6.0,4.0,https://static.cupid.travel/hotels/ex_b46c4bd2_z.jpg,liteapi
lpb6a2e,OYO 6845 The Grand Hotel,hotel,28.552865,77.24495,3.0,,,False,6.0,4.0,https://static.cupid.travel/hotels/ex_w3070h2304x0y0-193e9359_z.jpg,liteapi
lp6576e269,Del Fox Hotel New Delhi - Just a Minute Away From New Delhi Railway Station and Connaught Place,hotel,28.630915,77.21724,3.0,,,False,6.0,4.0,https://static.cupid.travel/hotels/ex_w5280h3558x0y14-4eb1357e_z.jpg,liteapi
lp6580030b,Hotel CG International,hotel,28.64051,77.216338,,,,False,6.0,4.0,https://static.cupid.travel/hotels/ex_bc8a6ba5_z.jpg,liteapi
lp656c3167,Hotel Bella Vista New Delhi-walk from New delhi railway station,hotel,28.640781,77.209577,3.0,,,False,6.0,4.0,https://static.cupid.travel/hotels/ex_f4aedf86_z.jpg,liteapi
lp658625c5,Hotel Shri Sai Deluxe,hotel,28.718712,77.168981,3.0,,,False,6.0,4.0,https://static.cupid.travel/hotels/ex_48dccdf9_z.jpg,liteapi
lp655aec3b,FabHotel Le Heritage Karol Bagh,hotel,28.64445,77.18208,3.0,,,False,5.6,50.0,https://static.cupid.travel/hotels/294387780.jpg,liteapi
lp657691e7,Mauryan Express Hotel Lajpat Nagar,hotel,28.578021,77.239146,3.0,,,False,5.1,23.0,https://static.cupid.travel/hotels/597230426.jpg,liteapi
lp6583b6fb,HOTEL O XANTHE,hotel,28.576199,77.323803,4.0,,,False,4.6,49.0,https://static.cupid.travel/hotels/472979521.jpg,liteapi
lp658260eb,Hotel Diamond,hotel,28.644976,77.212486,1.0,,,False,4.8,36.0,https://static.cupid.travel/hotels/524199569.jpg,liteapi
lp657578c9,HOTEL THE M M Continental- New Delhi RAILWAY STATION,hotel,28.646739,77.213278,,,,False,4.7,54.0,https://static.cupid.travel/hotels/578764134.jpg,liteapi
lpd15a7,Airport Hotel Golden Jindal,hotel,28.545998,77.123543,3.0,,,False,4.6,45.0,https://static.cupid.travel/hotels/ex_b7a0a016_z.jpg,liteapi
lp5e2cf,Hotel La Vista,hotel,28.648778,77.198516,3.0,,,False,5.8,5.0,https://static.cupid.travel/hotels/ex_61f8407d_z.jpg,liteapi
lp75f57,Hotel Waterfall,hotel,28.667586,77.093066,3.0,,,False,5.8,5.0,https://static.cupid.travel/hotels/ex_df955cde_z.jpg,liteapi
lp6578f22c,Hotel O Saffron-Blu Residence,hotel,28.642263,77.28182,3.0,,,False,5.7,6.0,https://static.cupid.travel/hotels/599726146.jpg,liteapi
lp4fc90,Hotel Metro Tower,hotel,28.545431,77.127596,2.0,,,False,4.6,42.0,https://static.cupid.travel/hotels/ex_8922f5f4_z.jpg,liteapi
lp65773fd9,Hotel O Grand Elegant Near Delhi Airport,hotel,28.54969,77.13034,4.0,,,False,5.6,7.0,https://static.cupid.travel/hotels/613791875.jpg,liteapi
lp658214fa,Raj Residency,hotel,28.53266,77.26163,,,,False,6.0,3.0,https://static.cupid.travel/hotels/590142827.jpg,liteapi
lp6570e892,Urban Haven-Relax in Style CR Park GK2,hotel,28.53373,77.24922,,,,False,6.0,3.0,https://static.cupid.travel/hotels/548532764.jpg,liteapi
lp65864e52,Hotel Gold The Prime,hotel,28.639192,77.216236,2.0,,,False,6.0,3.0,https://static.cupid.travel/hotels/ex_f4c9af9a_z.jpg,liteapi
lp72963,Hotel S&B East Inn,hotel,28.644366,77.176401,2.0,,,False,6.0,3.0,https://static.cupid.travel/hotels/ex_e74dff92_z.jpg,liteapi
lp65766797,Florence Residency & Riviera Inn,hotel,28.70582,77.12704,,,,False,6.0,3.0,https://static.cupid.travel/hotels/456027755.jpg,liteapi
lp54fd5,Hotel Venus,hotel,28.549697,77.128433,3.0,,,False,5.2,14.0,https://static.cupid.travel/hotels/ex_bc53a7aa_z.jpg,liteapi
lp655bb25b,Namaskar Hotel,hotel,28.64203,77.21424,2.0,,,False,5.5,46.0,https://snaphotelapi.com/hotels/96539558.jpg,liteapi
lp1ae204,Westend Inn,hotel,28.535111,77.111387,3.0,,,False,5.0,5.0,https://static.cupid.travel/hotels/ex_0a099341_z.jpg,liteapi
lp655a78ca,Glory Villa,hotel,28.62803,77.1006,3.0,,,False,6.1,18.0,https://static.cupid.travel/hotels/319540325.jpg,liteapi
lp655baa41,Comfy Stay Hotels 2nd Floor,hotel,28.5487,77.238018,3.0,,,False,5.5,45.0,https://static.cupid.travel/hotels/596346127.jpg,liteapi
lp656bbf47,Hotel Broadway,hotel,28.641042,77.237934,3.0,,,False,6.0,2.0,https://static.cupid.travel/hotels/ex_49b158b3_z.jpg,liteapi
lp6567f699,Via The Premium Villa,hotel,28.506697,77.185468,3.0,,,False,5.4,45.0,https://static.cupid.travel/hotels/511712498.jpg,liteapi
lpd9969,Krishna Inn,hotel,28.58375,77.24872,3.0,,,False,5.3,9.0,https://static.cupid.travel/hotels/59897894.jpg,liteapi
lp993b7,Evoke Lifestyle,hotel,28.53781,77.23779,4.0,,,False,5.6,5.0,https://static.cupid.travel/hotels/ex_2b0169af_z.jpg,liteapi
lp6bb71,The BMK Hotel,hotel,28.544566,77.241284,3.0,,,False,5.6,5.0,https://static.cupid.travel/hotels/ex_3585d378_z.jpg,liteapi
lp656c3b64,Hotel Applewood Delhi Airport,hotel,28.549141,77.131266,3.0,,,False,5.6,5.0,https://static.cupid.travel/hotels/ex_516c1435_z.jpg,liteapi
lp5e315,Hotel Sarthak Palace,hotel,28.644487,77.187908,3.0,,,False,5.6,5.0,https://static.cupid.travel/hotels/ex_d55b55db_z.jpg,liteapi
lp4c491,Hotel Karat 87,hotel,28.648834,77.189351,3.0,,,False,5.6,5.0,https://static.cupid.travel/hotels/ex_6bfb1976_z.jpg,liteapi
lp65878167,OPO Horizon Stanley,hotel,28.549568,77.129848,2.0,,,False,5.0,15.0,https://static.cupid.travel/hotels/ex_2090955c_z.jpg,liteapi
lp65865f52,Ahuja Residency Sage,hotel,28.532321,77.202025,3.0,,,False,6.0,2.0,https://static.cupid.travel/hotels/ex_18277a2b_z.jpg,liteapi
lp655b106a,Fabhotel Jindal Palace,hotel,28.542701,77.128465,3.0,,,False,7.0,2.0,https://static.cupid.travel/hotels/ex_10f3a6f3_z.jpg,liteapi
lp656c2470,Zip By Spree Hotels Delhi Greater Kailash,hotel,28.54656,77.23174,3.0,,,False,6.0,2.0,https://static.cupid.travel/hotels/474513831.jpg,liteapi
lp65875dc4,Airport Hotel Galaxy,hotel,28.547213,77.12575,3.0,,,False,6.0,2.0,https://static.cupid.travel/hotels/ex_5143b307_z.jpg,liteapi
lp6587b908,Hotel Paradise International by JMD Group,hotel,28.548299,77.126489,3.0,,,False,6.0,2.0,https://static.cupid.travel/hotels/ex_e2f41874_z.jpg,liteapi
lp6581323f,Nysha Palace,hotel,28.548943,77.131328,,,,False,6.0,2.0,https://static.cupid.travel/hotels/ex_2e78b36f_z.jpg,liteapi
lp32269d,A sleepy Fox - Hostel,hostel,28.551935,77.240473,2.0,,,False,6.0,2.0,https://static.cupid.travel/hotels/ex_b8289fef_z.jpg,liteapi
lp65866200,South Inn – Green Park South Delhi,hotel,28.559034,77.203186,2.0,,,False,6.0,2.0,https://static.cupid.travel/hotels/ex_e7c1dde2_z.jpg,liteapi
lp6587ddd9,Hotel Midtown,hotel,28.632796,77.282126,3.0,,,False,6.0,2.0,https://static.cupid.travel/hotels/ex_w4530h3402x0y0-c516c426_z.jpg,liteapi
lp65865d95,The York Legacy,hotel,28.642031,77.215869,3.0,,,False,6.0,2.0,https://static.cupid.travel/hotels/ex_7d702e78_z.jpg,liteapi
lpec1af,FabHotel Hindustan Deluxe,hotel,28.64236,77.21163,3.0,,,False,6.0,2.0,https://static.cupid.travel/hotels/ex_ec96d871_z.jpg,liteapi
lpcb843,Hotel Geetasaar,hotel,28.64351,77.21769,3.0,,,False,6.0,2.0,https://static.cupid.travel/hotels/ex_579c2461_z.jpg,liteapi
lp804f7,Hotel D Suites DXr,hotel,28.64414,77.214769,3.0,,,False,6.0,2.0,https://static.cupid.travel/hotels/ex_20511f10_z.jpg,liteapi
lp87ee2,Hotel Dreamland Dx,hotel,28.645575,77.217632,3.0,,,False,6.0,2.0,https://static.cupid.travel/hotels/ex_3710622f_z.jpg,liteapi
lp1a8508,Hotel TJS Royale,hotel,28.64686,77.19419,3.0,,,False,6.0,2.0,https://static.cupid.travel/hotels/ex_f380b9b5_z.jpg,liteapi
lp657c6b63,Hotel Panicker's Residency,hotel,28.647215,77.189401,2.0,,,False,6.0,2.0,https://static.cupid.travel/hotels/ex_c8b62777_z.jpg,liteapi
lp656c3b6e,Hotel Amrit Near Old Delhi Railway Station,hotel,28.660468,77.222406,2.0,,,False,6.0,2.0,https://static.cupid.travel/hotels/ex_23235a6b_z.jpg,liteapi
lp657889fa,Hotel O Premium Rooms,hotel,28.5144,77.23168,4.0,,,False,5.4,7.0,https://static.cupid.travel/hotels/593021431.jpg,liteapi
lp275e08,YWCA International Guest House,hotel,28.625434,77.214777,3.0,,,False,5.8,3.0,https://static.cupid.travel/hotels/ex_c994a597_z.jpg,liteapi
lp655b0a7f,Via Jeet Stays,hotel,28.678897,77.313975,3.0,,,False,6.3,8.0,https://static.cupid.travel/hotels/611065341.jpg,liteapi
lp5e8dd,Hotel The Sunder,hotel,28.647394,77.210039,2.0,,,False,4.8,19.0,https://static.cupid.travel/hotels/ex_d7d42ca4_z.jpg,liteapi
lpbc156,Raj Villa,hotel,28.640947,77.208253,3.0,,,False,5.1,11.0,https://static.cupid.travel/hotels/ex_8b05aa84_z.jpg,liteapi
lpe094f,Hotel City Lite,hotel,28.54777,77.12784,4.0,,,False,7.3,927.0,https://static.cupid.travel/hotels/149785581.jpg,liteapi
lp657da368,Dreaming In Mannat,hotel,28.63093,77.27428,3.0,,,False,5.2,9.0,https://static.cupid.travel/hotels/613787893.jpg,liteapi
lpe5446,Sailors Home,hotel,28.53506,77.1458,3.0,,,False,5.6,4.0,https://static.cupid.travel/hotels/ex_c6e03489_z.jpg,liteapi
lpeab91,Casa Royal,hotel,28.54279,77.24623,3.0,,,False,5.6,4.0,https://static.cupid.travel/hotels/ex_faba3e85_z.jpg,liteapi
lpbde7f,Hotel Kundan Palace,hotel,28.54592,77.291932,3.0,,,False,5.6,4.0,https://static.cupid.travel/hotels/ex_97ce8397_z.jpg,liteapi
lp87422,Hotel Sonu Dx New Delhi Railway Station,hotel,28.641433,77.215889,3.0,,,False,5.6,4.0,https://static.cupid.travel/hotels/ex_35c23c71_z.jpg,liteapi
lp804ee,Hotel Shiva intercontinental,hotel,28.645959,77.215282,3.0,,,False,5.6,4.0,https://static.cupid.travel/hotels/ex_992930a3_z.jpg,liteapi
lpc7f49,Hotel Paradise Inn,hotel,28.64664,77.1887,3.0,,,False,5.6,4.0,https://static.cupid.travel/hotels/ex_fe804cc9_z.jpg,liteapi
lp3aa3a,Pablas International,hotel,28.647916,77.18878,3.0,,,False,5.6,4.0,https://static.cupid.travel/hotels/ex_63af61ac_z.jpg,liteapi
lp6579b0f9,Western Blu INN,hotel,28.667909,77.093157,3.0,,,False,5.3,8.0,https://static.cupid.travel/hotels/590417418.jpg,liteapi
lp657a0157,Collecion O White House,hotel,28.670889,77.153053,4.0,,,False,5.3,7.0,https://static.cupid.travel/hotels/516677977.jpg,liteapi
lp6570cc08,"Divine India Service Apartment 1Bhk, Near Max Hospital, L-36B,Saket",hotel,28.52223,77.212057,,,,False,5.7,3.0,https://static.cupid.travel/hotels/513427775.jpg,liteapi
lp6559799a,Hotel O Malhotra BNB,hotel,28.539414,77.253134,3.0,,,False,5.8,16.0,https://static.cupid.travel/hotels/520054561.jpg,liteapi
lp837c6,OYO 464 Hotel Lotus Palace,hotel,28.536883,77.257567,3.0,,,False,5.4,5.0,https://static.cupid.travel/hotels/ex_6e5e4c5d_z.jpg,liteapi
lp7bc55,Hotel Africa Avenue,hotel,28.566495,77.189323,3.0,,,False,5.4,5.0,https://static.cupid.travel/hotels/ex_4b3ac67f_z.jpg,liteapi
lp657f5965,Via The Arrow,hotel,28.549355,77.236758,3.0,,,False,4.1,53.0,https://static.cupid.travel/hotels/605099343.jpg,liteapi
lp6575ad70,Hotel O Malviya Nagar Inn,hotel,28.53723,77.20818,4.0,,,False,5.3,6.0,https://static.cupid.travel/hotels/608686310.jpg,liteapi
lp657ab70f,Hotel Shoba Estate Delhi Airport,hotel,28.551468,77.133158,,,,False,5.3,7.0,https://static.cupid.travel/hotels/389093979.jpg,liteapi
lp656fa6cb,Townhouse 094 HOTEL MORO,hotel,28.673511,77.091786,,,,False,5.3,7.0,https://static.cupid.travel/hotels/615345110.jpg,liteapi
lp79082,OYO 360 Hotel Manzil,hotel,28.544521,77.292535,3.0,,,False,5.5,4.0,https://static.cupid.travel/hotels/ex_4bf41529_z.jpg,liteapi
lp837b4,OYO 630 Hotel Innova Homes,hotel,28.563544,77.190166,3.0,,,False,5.5,4.0,https://static.cupid.travel/hotels/ex_7733e1e3_z.jpg,liteapi
lpa3dcd,Tourist Lodge,hotel,28.645637,77.217396,3.0,,,False,5.5,4.0,https://static.cupid.travel/hotels/ex_32ac86c6_z.jpg,liteapi
lp4ba65,Hotel Emperor Palms at Karol Bagh,hotel,28.645923,77.187992,3.0,,,False,4.8,15.0,https://static.cupid.travel/hotels/ex_5bcd8ced_z.jpg,liteapi
lp655979d3,Super Townhouse Grand Pacific Ocean,hotel,28.65683,77.13771,4.0,,,False,4.8,80.0,https://static.cupid.travel/hotels/606977466.jpg,liteapi
lpaf499,MyHomeHotels – Hotel Ambrosia,hotel,28.545498,77.124278,3.0,,,False,5.6,3.0,https://static.cupid.travel/hotels/ex_w5189h3026x0y433-2e31d541_z.jpg,liteapi
lpd99e7,Livia Residency,hotel,28.56752,77.24741,2.0,,,False,5.6,3.0,https://static.cupid.travel/hotels/ex_w6240h4069x0y91-6ce6f8e9_z.jpg,liteapi
lp657c2d8b,HOTEL PALAZZO INN,hotel,28.60766,77.104943,3.0,,,False,5.6,3.0,https://static.cupid.travel/hotels/ex_38055e70_z.jpg,liteapi
lp5500f,The White Klove,hotel,28.641225,77.211839,3.0,,,False,4.6,20.0,https://static.cupid.travel/hotels/ex_d0a7c2b3_z.jpg,liteapi
lp657d7bcb,Shakun Guest House,hotel,28.659743,77.223516,,,,False,4.6,23.0,https://static.cupid.travel/hotels/127308956.jpg,liteapi
lp656f9f83,Fortune Home Service Apartment 4Bhk D-163 Saket,hotel,28.524094,77.206399,4.0,,,False,6.0,2.0,https://static.cupid.travel/hotels/514636211.jpg,liteapi
lp657c43a8,Udman Hotels and Resorts NH-8,hotel,28.536836,77.114962,,,,False,6.0,1.0,https://static.cupid.travel/hotels/ex_70691083_z.jpg,liteapi
lp6585fa2d,Hotel S.R. Plaza,hotel,28.541036,77.130213,3.0,,,False,6.0,1.0,https://static.cupid.travel/hotels/ex_162d4c69_z.jpg,liteapi
lp6587ed27,Iris Suites Kalkaji,hotel,28.541215,77.254735,3.0,,,False,6.0,1.0,https://static.cupid.travel/hotels/ex_33bcb91c_z.jpg,liteapi
lp658672e8,Hotel Breezy Heights Near IGI Delhi Airport by JIP,hotel,28.541446,77.132033,3.0,,,False,6.0,1.0,https://static.cupid.travel/hotels/ex_7d4bfb43_z.jpg,liteapi
lp6585eb65,Aerovilla by JMD Group,hotel,28.541748,77.132178,3.0,,,False,6.0,1.0,https://static.cupid.travel/hotels/ex_a0a97553_z.jpg,liteapi
lp6587c45e,The Elite City,hotel,28.54201,77.12537,3.0,,,False,6.0,1.0,https://static.cupid.travel/hotels/ex_108e2857_edited_8e47_z.jpg,liteapi
lp1c6347,OYO 26161 Plazzo Inn,hotel,28.546387,77.126079,3.0,,,False,6.0,1.0,https://static.cupid.travel/hotels/ex_0b794e8b_z.jpg,liteapi
lp65868061,Hotel the terminal,hotel,28.547106,77.12584,2.0,,,False,6.0,1.0,https://static.cupid.travel/hotels/ex_3da14f87_z.jpg,liteapi
lp6587737f,Hotel Aero Fly,hotel,28.547685,77.126935,3.0,,,False,6.0,1.0,https://static.cupid.travel/hotels/ex_c6db6da7_z.jpg,liteapi
lp27371f,Hotel Solo Victoria,hotel,28.54859,77.23679,3.0,,,False,6.0,1.0,https://static.cupid.travel/hotels/ex_97ac7157_z.jpg,liteapi
lp657a446a,Hotel Good Luck by JMD Group,hotel,28.549422,77.129319,,,,False,6.0,1.0,https://static.cupid.travel/hotels/ex_564759e0_z.jpg,liteapi
lp656c3667,Fabhotel Skye Suites,hotel,28.549427,77.12928,3.0,,,False,6.0,1.0,https://static.cupid.travel/hotels/ex_w3023h2019x0y0-2bef511e_z.jpg,liteapi
lp65882644,Hotel Tela Suite,hotel,28.54946,77.129633,3.0,,,False,6.0,1.0,https://static.cupid.travel/hotels/ex_35595f9d_z.jpg,liteapi
lp1869ce,OYO 12868 Hotel City Lite,hotel,28.54963,77.12845,2.0,,,False,6.0,1.0,https://static.cupid.travel/hotels/ex_0e6a0564_z.jpg,liteapi
lp65795fc5,Hotel The Nilsa,hotel,28.550946,77.132627,3.0,,,False,6.0,1.0,https://static.cupid.travel/hotels/ex_12b0bbc3_z.jpg,liteapi
lp65862955,The Shoba Estate Gold,hotel,28.551088,77.13353,3.0,,,False,6.0,1.0,https://static.cupid.travel/hotels/ex_e0e9d4ac_z.jpg,liteapi
lpc8671,OYO 9266 Kapoor Inn,hotel,28.555137,77.243124,3.0,,,False,6.0,1.0,https://static.cupid.travel/hotels/ex_0f98b117_z.jpg,liteapi
lp65870ddc,Two Green Park Bed & Breakfast,hotel,28.558573,77.204042,3.0,,,False,6.0,1.0,https://static.cupid.travel/hotels/ex_w1798h1200x0y0-e5ea9c2b_z.jpg,liteapi
lp259511,Atul's Europa Apartments,hotel,28.55914,77.19877,2.0,,,False,6.0,1.0,https://static.cupid.travel/hotels/ex_cb859393_z.jpg,liteapi
lp65821b00,Sun residency,hotel,28.56236,77.22307,,,,False,6.0,1.0,https://static.cupid.travel/hotels/612130410.jpg,liteapi
lp658630b2,Fabhotel Just Inn,hotel,28.570272,77.242305,3.0,,,False,6.0,1.0,https://static.cupid.travel/hotels/ex_776f9912_z.jpg,liteapi
lp1030ec,Rajdhani Inn,hotel,28.58514,77.24902,3.0,,,False,6.0,1.0,https://static.cupid.travel/hotels/ex_28792ccb_z.jpg,liteapi
lp65773211,"Hotel Shree Sai Dham Near New Delhi Railway Station, Paharganj",hotel,28.630499,77.227827,2.0,,,False,6.0,1.0,https://static.cupid.travel/hotels/ex_3b7838c7_z.jpg,liteapi
lp6570d9c6,HOTEL UPTOWN - Luxury Restaurant & Rooftop Near Connaught Place,hotel,28.640379,77.210229,3.0,,,False,6.0,1.0,https://static.cupid.travel/hotels/ex_7da82398_z.jpg,liteapi
lp6578e36c,Vishal Hotel By Comfort Rooms,hotel,28.641178,77.214243,2.0,,,False,6.0,1.0,https://static.cupid.travel/hotels/ex_w956h640x0y0-2bf608eb_z.jpg,liteapi
lp102719,Hotel Star shine,hotel,28.64256,77.21793,3.0,,,False,6.0,1.0,https://static.cupid.travel/hotels/ex_d6102c0a_z.jpg,liteapi
lp65875675,Hotel Sai Miracle,hotel,28.642937,77.211162,3.0,,,False,6.0,1.0,https://static.cupid.travel/hotels/ex_b588e4f0_edited_dd9a_z.jpg,liteapi
lp1caa23,OYO 24437 Oxford Deluxe,hotel,28.643005,77.210549,3.0,,,False,6.0,1.0,https://static.cupid.travel/hotels/ex_b9c04f0c_z.jpg,liteapi
lp9052a,D Inn,hotel,28.64391,77.21654,3.0,,,False,6.0,1.0,https://static.cupid.travel/hotels/ex_da9f9066_z.jpg,liteapi
lpbe674,Hotel Emporio,hotel,28.64395,77.21472,3.0,,,False,6.0,1.0,https://static.cupid.travel/hotels/ex_e5c7637b_z.jpg,liteapi
lp65881bf0,Bhartiya Guest House-Paharganj-NDLS,hotel,28.644014,77.215695,3.0,,,False,6.0,1.0,https://static.cupid.travel/hotels/ex_9e6c1e91_z.jpg,liteapi
lp65710b55,Hotel A-10 International,hotel,28.644105,77.214395,3.0,,,False,6.0,1.0,https://static.cupid.travel/hotels/618783701.jpg,liteapi
lpebe42,Hotel Anand Retreat,hotel,28.645075,77.324486,3.0,,,False,6.0,1.0,https://static.cupid.travel/hotels/ex_da3b653f_z.jpg,liteapi
lpde239,Mem International,hotel,28.64556,77.2102,3.0,,,False,6.0,1.0,https://static.cupid.travel/hotels/ex_0f0fe7b9_z.jpg,liteapi
lpb6944,Hotel R Continental,hotel,28.64568,77.21058,3.0,,,False,6.0,1.0,https://static.cupid.travel/hotels/ex_d51405c4_z.jpg,liteapi
lp656bc0fa,"Treebo Royal Palace, New Delhi",hotel,28.646096,77.190877,3.0,,,False,6.0,1.0,https://static.cupid.travel/hotels/ex_dacf6e6b_z.jpg,liteapi
lp6587fc81,Hotel Citi Continental,hotel,28.646897,77.187274,3.0,,,False,6.0,1.0,https://static.cupid.travel/hotels/ex_ebcd21e2_z.jpg,liteapi
lp657b207d,Hotel Ram Palace,hotel,28.647049,77.197891,,,,False,6.0,1.0,https://static.cupid.travel/hotels/ex_14e8b693_z.jpg,liteapi
lp65862e0a,Fabhotel Rivlet Premium,hotel,28.64709,77.24041,3.0,,,False,6.0,1.0,https://static.cupid.travel/hotels/ex_c59543c9_z.jpg,liteapi
lpcef18,OYO 11357 Karol Bagh,hotel,28.647407,77.192718,3.0,,,False,6.0,1.0,https://static.cupid.travel/hotels/ex_ea1d8fe1_z.jpg,liteapi
lp7a9ba,Hotel Apra Deluxe,hotel,28.64759,77.18755,3.0,,,False,6.0,1.0,https://static.cupid.travel/hotels/ex_45570f69_z.jpg,liteapi
lp65548d58,Shubham Vilas - Hostel,hostel,28.650642,77.119757,2.0,,,False,6.0,1.0,https://static.cupid.travel/hotels/ex_75257661_z.jpg,liteapi
lp65879c2d,Fabhotel Grand Palazzo I,hotel,28.65483,77.119898,3.0,,,False,6.0,1.0,https://static.cupid.travel/hotels/ex_d5c3a92c_z.jpg,liteapi
lp656bc80a,Fabexpress Seven Heaven,hotel,28.680883,77.14989,3.0,,,False,6.0,1.0,https://static.cupid.travel/hotels/ex_a0710ec3_z.jpg,liteapi
lpd0393,Hotel Traditional Inn,hotel,28.68256,77.17515,3.0,,,False,6.0,1.0,https://static.cupid.travel/hotels/ex_a22151e0_edited_d186_z.jpg,liteapi
lp6573dc23,FabHotel Prime D2,hotel,28.71463,77.17512,3.0,,,False,6.0,1.0,https://static.cupid.travel/hotels/563639213.jpg,liteapi
lp9fcc5,Hotel Amaltas International by Orion Hotels,hotel,28.55903,77.200535,3.0,,,False,5.2,5.0,https://static.cupid.travel/hotels/ex_80fbc334_z.jpg,liteapi
lp76599,OYO 319 Rk Residency,hotel,28.629599,77.120858,3.0,,,False,4.8,13.0,https://static.cupid.travel/hotels/ex_75b45526_z.jpg,liteapi
lp6578e604,Hotel O Wamson Living Classic,hotel,28.571398,77.328255,4.0,,,False,5.0,9.0,https://static.cupid.travel/hotels/603906465.jpg,liteapi
lp65874ecc,Hotel Boom Rooms,hotel,28.644365,77.214997,2.0,,,False,5.0,9.0,https://static.cupid.travel/hotels/ex_792d4da3_z.jpg,liteapi
lp6578fc5e,Collection O Agniv Residency Near Saket Metro,hotel,28.510261,77.201365,4.0,,,False,4.0,49.0,https://static.cupid.travel/hotels/467345436.jpg,liteapi
lp655ae01a,Hotel O Royal Green,hotel,28.559764,77.20755,4.0,,,False,4.7,81.0,https://static.cupid.travel/hotels/592834341.jpg,liteapi
lp655adcca,Capital O Hotel Moody Inn,hotel,28.632971,77.279192,3.0,,,False,5.1,41.0,https://static.cupid.travel/hotels/548897755.jpg,liteapi
lp87ac3,Hotel Luck Residency,hotel,28.544895,77.12814,4.0,,,False,4.8,12.0,https://static.cupid.travel/hotels/ex_3cae7bb8_z.jpg,liteapi
lp655ba96d,Kundan Plaza Jasola,hotel,28.54557,77.29172,3.0,,,False,5.2,33.0,https://static.cupid.travel/hotels/hd/242950472.jpg,liteapi
lp655893d9,"Hotel White Palace,Nizamuddin Railway Station",hotel,28.582059,77.247389,,,,False,4.6,17.0,https://static.cupid.travel/hotels/402054379.jpg,liteapi
lp656c38bc,Hotel Royal Rosette,hotel,28.640298,77.216898,3.0,,,False,4.6,16.0,https://static.cupid.travel/hotels/ex_a975df4c_z.jpg,liteapi
lp65729b74,Hotel Fortuner -3 Minutes Walk from Karol Bagh Metro Station,hotel,28.648294,77.198842,4.0,,,False,4.7,13.0,https://static.cupid.travel/hotels/620736665.jpg,liteapi
lpb1554,Qutub Residency,hotel,28.535994,77.197367,3.0,,,False,5.2,5.0,https://static.cupid.travel/hotels/ex_589718db_z.jpg,liteapi
lp8dc7f,Capital O 2259 Olive N Blue,hotel,28.542194,77.128276,3.0,,,False,5.2,5.0,https://static.cupid.travel/hotels/ex_94262a55_z.jpg,liteapi
lp570b8,Hotel Chirag Residency,hotel,28.546797,77.249366,3.0,,,False,5.2,5.0,https://static.cupid.travel/hotels/ex_4a520d36_z.jpg,liteapi
lp1a1985,Super 51 Hotel,hotel,28.548313,77.127378,3.0,,,False,5.2,5.0,https://static.cupid.travel/hotels/ex_e4ecf9c4_z.jpg,liteapi
lp6559269e,The Saga Hotel,hotel,28.559813,77.20055,3.0,,,False,5.2,5.0,https://static.cupid.travel/hotels/ex_dbeba19c_z.jpg,liteapi
lpf5630,Jagannath B&B Hotel,hotel,28.56194,77.21749,3.0,,,False,5.2,8.0,https://static.cupid.travel/hotels/ex_c3f3bae4_z.jpg,liteapi
lp5d5f2,Hotel Divine Paradise,hotel,28.575628,77.265857,3.0,,,False,5.2,5.0,https://static.cupid.travel/hotels/ex_d8a0b7b0_z.jpg,liteapi
lp6578bb22,Countryside Luxury Suites - Supernova Noida,hotel,28.550866,77.322727,,,,False,5.3,4.0,https://static.cupid.travel/hotels/559692852.jpg,liteapi
lp83978,Hotel Amrapali Grand,hotel,28.642461,77.174864,4.0,,,False,5.3,4.0,https://static.cupid.travel/hotels/549305343.jpg,liteapi
lpffa8f,Solitaire Hotel,hotel,28.63208,77.2802,3.0,,,False,5.6,2.0,https://static.cupid.travel/hotels/ex_72959054_z.jpg,liteapi
lpc86d1,OYO 6886 Hotel Gold Palace,hotel,28.653482,77.191322,2.0,,,False,5.6,2.0,https://static.cupid.travel/hotels/ex_bce6c356_z.jpg,liteapi
lp7907f,Hotel River view,hotel,28.557236,77.296688,3.0,,,False,5.4,3.0,https://static.cupid.travel/hotels/ex_17791a49_z.jpg,liteapi
lp6586ac62,Hotel RTS Plaza Near IGI Airport,hotel,28.547306,77.125556,2.0,,,False,4.6,14.0,https://static.cupid.travel/hotels/ex_b145913a_z.jpg,liteapi
lp65819877,Hotel anytym,hotel,28.62763,77.28531,,,,False,5.5,2.0,https://static.cupid.travel/hotels/513204655.jpg,liteapi
lp656bc6ef,"Shree Lodge Near New Delhi Railway Station, Paharganj",hotel,28.643744,77.210004,2.0,,,False,5.5,2.0,https://static.cupid.travel/hotels/509457969.jpg,liteapi
lp6578db9e,Collection O Hotel Shivam INN,hotel,28.654926,77.221506,4.0,,,False,5.5,2.0,https://static.cupid.travel/hotels/496852856.jpg,liteapi
lp90fff,FabHotel Majestic JPM I,hotel,28.5584,77.246919,3.0,,,False,7.6,34.0,https://static.cupid.travel/hotels/536719172.jpg,liteapi
lp7bc57,Hotel Africa Avenue South Ex,hotel,28.548098,77.231436,4.0,,,False,5.3,3.0,https://static.cupid.travel/hotels/ex_52e7dd1b_z.jpg,liteapi
lp655bb259,Hotel O Blissbourn,hotel,28.570721,77.239425,4.0,,,False,4.7,55.0,https://static.cupid.travel/hotels/447335504.jpg,liteapi
lpc62b7,Hotel Apple Villa @ Paharganj,hotel,28.64075,77.211459,3.0,,,False,6.0,,https://static.cupid.travel/hotels/ex_e5baddc2_z.jpg,liteapi
lpc5b98,Hotel Sunshine Park,hotel,28.663844,77.321246,3.0,,,False,6.0,,https://static.cupid.travel/hotels/ex_f8fe4dd7_z.jpg,liteapi
lp657dec5f,Hotel Trending Stay,hotel,28.558584,77.272171,,,,False,4.4,19.0,https://static.cupid.travel/hotels/541882236.jpg,liteapi
lp655ae01f,The Palm Spring a Boutique Hotel Naraina New Delhi,hotel,28.63256,77.13753,4.0,,,False,4.6,62.0,https://static.cupid.travel/hotels/363031835.jpg,liteapi
lp6579fde7,Hotel O Karan Residency,hotel,28.621305,77.283898,4.0,,,False,4.5,17.0,https://static.cupid.travel/hotels/589905439.jpg,liteapi
lp6212e,Hotel Blessings,hotel,28.63994,77.21657,3.0,,,False,5.0,5.0,https://static.cupid.travel/hotels/ex_e070ed33_z.jpg,liteapi
lpaaa46,"Hotel Jashn Inn near Apollo Hospital, Delhi",hotel,28.542017,77.29325,3.0,,,False,5.4,2.0,https://static.cupid.travel/hotels/ex_0ae9360f_z.jpg,liteapi
lp657a2bb3,OPO The Royal Residency,hotel,28.548834,77.127239,3.0,,,False,5.4,2.0,https://static.cupid.travel/hotels/ex_ee18f259_z.jpg,liteapi
lp655802ac,HOTEL WORTH PAHARGANJ,hotel,28.640378,77.210338,3.0,,,False,5.4,2.0,https://static.cupid.travel/hotels/ex_831487bf_z.jpg,liteapi
lp5a20e,Hotel Livasa Inn,hotel,28.645099,77.181761,3.0,,,False,5.4,2.0,https://static.cupid.travel/hotels/ex_aba2eb05_z.jpg,liteapi
lpc3beb,Anmol Hotels,hotel,28.647034,77.212803,3.0,,,False,5.4,2.0,https://static.cupid.travel/hotels/ex_54dbec97_z.jpg,liteapi
lp1abf36,Hotel Konark,hotel,28.646122,77.214844,3.0,,,False,5.4,2.0,https://static.cupid.travel/hotels/ex_c9cb776c_z.jpg,liteapi
lp7e35b,Five Elements Hotels North Avenue Delhi,hotel,28.682879,77.205933,3.0,,,False,5.2,3.0,https://static.cupid.travel/hotels/ex_b29ebd38_z.jpg,liteapi
lp6572eba7,"The Grace Hotel Near IGI Airport, New Delhi",hotel,28.549692,77.12909,2.0,,,False,4.2,20.0,https://static.cupid.travel/hotels/ex_88f82434_z.jpg,liteapi
lp655a65bd,"Hotel Mahajan International, Delhi Airport",hotel,28.547219,77.12573,3.0,,,False,4.7,46.0,https://static.cupid.travel/hotels/530668201.jpg,liteapi
lp65549174,Eat Sleep Wander Studio Apartments,hotel,28.506505,77.199551,3.0,,,False,6.0,,https://static.cupid.travel/hotels/ex_ee58cf2a_z.jpg,liteapi
lp65806e4b,Fabhotel Nyt Residency,hotel,28.511694,77.202272,3.0,,,False,6.0,,https://static.cupid.travel/hotels/ex_7c3ddbdd_z.jpg,liteapi
lp656c30b8,Roomshala 014 Hotel EM,hotel,28.51219,77.2492,3.0,,,False,6.0,,https://static.cupid.travel/hotels/ex_86c83bb0_z.jpg,liteapi
lp656c2a78,FabHotel Aerosky,hotel,28.51317,77.16929,3.0,,,False,6.0,,https://static.cupid.travel/hotels/ex_9f346dfc_z.jpg,liteapi
lp656c376c,Roomshala 123 Happy Homes Saket,hotel,28.517186,77.201712,2.0,,,False,6.0,,https://static.cupid.travel/hotels/ex_fb1f1902_z.jpg,liteapi
lp656bc03f,Roomshala 134 Premium Rooms Saket,hotel,28.522069,77.210804,3.0,,,False,6.0,,https://static.cupid.travel/hotels/ex_932b790b_z.jpg,liteapi
lp656c306c,Hotel Raaso Inn Tuglkabad,hotel,28.523683,77.259213,3.0,,,False,6.0,,https://static.cupid.travel/hotels/ex_2f131632_z.jpg,liteapi
lp6577d111,ADB Rooms Knights Inn,hotel,28.524917,77.215918,3.0,,,False,6.0,,https://static.cupid.travel/hotels/ex_fba94db0_z.jpg,liteapi
lp6555ab2d,OYO 48664 White House,hotel,28.525687,77.258084,3.0,,,False,6.0,,https://static.cupid.travel/hotels/ex_84d4ecda_z.jpg,liteapi
lpc87a8,OYO 474 Hotel VM Residency,hotel,28.526251,77.15346,3.0,,,False,6.0,,https://static.cupid.travel/hotels/ex_a7d2d2e9_z.jpg,liteapi
lp65841abb,Fabexpress Mannat,hotel,28.526452,77.257997,3.0,,,False,6.0,,https://static.cupid.travel/hotels/ex_c21bd191_z.jpg,liteapi
lp656c353f,Roomshala 061 NK Residency,hotel,28.52671,77.264677,3.0,,,False,6.0,,https://static.cupid.travel/hotels/ex_f297b5fd_z.jpg,liteapi
lp65863a10,Hotel Shivaka Suites Delhi Airport,hotel,28.528586,77.086375,3.0,,,False,6.0,,https://static.cupid.travel/hotels/ex_6f9a2851_z.jpg,liteapi
lp65800dff,Hotel Divine Residency by JMD Group,hotel,28.530504,77.086607,,,,False,6.0,,https://static.cupid.travel/hotels/ex_w1686h1121x0y4-97274471_z.jpg,liteapi
lp6586010a,Fabhotel Np International,hotel,28.532117,77.263677,3.0,,,False,6.0,,https://static.cupid.travel/hotels/ex_c585c7d1_z.jpg,liteapi
lp656c34f1,Roomshala 080 Hotel Kings,hotel,28.533127,77.138855,3.0,,,False,6.0,,https://static.cupid.travel/hotels/ex_3ccab6fb_z.jpg,liteapi
lp657c56da,The Nikunj Hotels,hotel,28.534381,77.101243,3.0,,,False,6.0,,https://static.cupid.travel/hotels/ex_w1584h1054x8y8-ffbb2cea_z.jpg,liteapi
lp656c3516,Roomshala 095 Shyam Villa,hotel,28.534435,77.268014,3.0,,,False,6.0,,https://static.cupid.travel/hotels/ex_8db6e212_z.jpg,liteapi
lp65806970,Desire Stay,hotel,28.536507,77.226705,3.0,,,False,6.0,,https://static.cupid.travel/hotels/ex_1713f97a_z.jpg,liteapi
lp656c269d,Fabhotel Goodwill,hotel,28.5366,77.24082,3.0,,,False,6.0,,https://static.cupid.travel/hotels/ex_93c3468c_z.jpg,liteapi
lpc8871,OYO 3559 Kalkaji,hotel,28.536733,77.257858,3.0,,,False,6.0,,https://static.cupid.travel/hotels/ex_6ab9b3ba_z.jpg,liteapi
lp65800ce8,Fabhotel Sunrise Villa,hotel,28.53678,77.25776,,,,False,6.0,,https://static.cupid.travel/hotels/ex_2f587735_z.jpg,liteapi
lp657cdc8b,Hotel Castle Grand,hotel,28.537504,77.256295,,,,False,6.0,,https://static.cupid.travel/hotels/ex_2948e7fa_z.jpg,liteapi
lp6586d909,Fabhotel 24&7,hotel,28.537727,77.207417,3.0,,,False,6.0,,https://static.cupid.travel/hotels/ex_528cfdf1_z.jpg,liteapi
lp656c30fe,Roomshala 051 Ashok Palace,hotel,28.538098,77.146728,3.0,,,False,6.0,,https://static.cupid.travel/hotels/ex_d6d64d09_z.jpg,liteapi
lp6582c6a3,Hotel Heritage,hotel,28.538825,77.259261,,,,False,6.0,,https://static.cupid.travel/hotels/ex_2f00aba6_z.jpg,liteapi
lp65868188,Fabhotel The Heritage,hotel,28.539119,77.259245,3.0,,,False,6.0,,https://static.cupid.travel/hotels/ex_27024e6c_z.jpg,liteapi
lp657fe47c,FabHotel RS Golden,hotel,28.540195,77.260652,3.0,,,False,6.0,,https://static.cupid.travel/hotels/ex_061d102f_z.jpg,liteapi
lp6575ed87,Hotel Silky Palace By GRB,hotel,28.540438,77.131256,3.0,,,False,6.0,,https://static.cupid.travel/hotels/ex_7aa1b50a_z.jpg,liteapi
lp657e9179,Fabhotel Grand Villa,hotel,28.540538,77.130457,3.0,,,False,6.0,,https://static.cupid.travel/hotels/ex_4391fac8_z.jpg,liteapi
lp6586309a,Fabhotel Vintage Inn,hotel,28.54094,77.2572,3.0,,,False,6.0,,https://static.cupid.travel/hotels/ex_cc8ce1b4_z.jpg,liteapi
lp6585bdae,Hotel Metro Tower,hotel,28.541609,77.129457,3.0,,,False,6.0,,https://static.cupid.travel/hotels/ex_37699aea_z.jpg,liteapi
lp6572982b,Hotel S R Palace Unit BY Urban Luxury,hotel,28.541785,77.129542,,,,False,6.0,,https://static.cupid.travel/hotels/ex_5f01dc9b_z.jpg,liteapi
lp657b5eb3,HOTEL LUXURY GLOBAL STAY,hotel,28.542022,77.129348,,,,False,6.0,,https://static.cupid.travel/hotels/ex_69e04242_z.jpg,liteapi
lp65570eb9,Hotel Kryc Luxury Living,hotel,28.542333,77.29425,3.0,,,False,6.0,,https://static.cupid.travel/hotels/ex_0615729c_z.jpg,liteapi
lp656c26e5,THE J K Hotel C R Park,hotel,28.542546,77.241959,3.0,,,False,6.0,,https://static.cupid.travel/hotels/ex_93906f5e_z.jpg,liteapi
lp65810afb,Fabhotel Corporate Park,hotel,28.542606,77.242008,3.0,,,False,6.0,,https://static.cupid.travel/hotels/ex_4ed198f9_z.jpg,liteapi
lp1c119e,SRM Hotel Ashoka Palace,hotel,28.542637,77.128489,3.0,,,False,6.0,,https://static.cupid.travel/hotels/ex_860ea6ce_z.jpg,liteapi
lp657f8f04,Hotel Diamond Airport,hotel,28.542647,77.118678,,,,False,6.0,,https://static.cupid.travel/hotels/ex_c2277dc3_z.jpg,liteapi
lp65868079,Hotel Aman,hotel,28.542738,77.128896,3.0,,,False,6.0,,https://static.cupid.travel/hotels/ex_96510ac7_z.jpg,liteapi
lp656bc203,Treebo Cordial Home - Jasola,hotel,28.542896,77.294966,3.0,,,False,6.0,,https://static.cupid.travel/hotels/ex_5a8ebbf1_z.jpg,liteapi
lp656c20af,FabHotel JPM The Grand Bella,hotel,28.54364,77.244639,3.0,,,False,6.0,,https://static.cupid.travel/hotels/ex_fd6ab5aa_z.jpg,liteapi
lp6586316c,Fabhotel Prime Zen Inn,hotel,28.543949,77.291867,3.0,,,False,6.0,,https://static.cupid.travel/hotels/ex_83c63626_z.jpg,liteapi
lp6586406a,Laxmi Mahal,hotel,28.544218,77.292646,3.0,,,False,6.0,,https://static.cupid.travel/hotels/ex_w969h643x5y5-f075fb95_z.jpg,liteapi
lp656bd4dc,FabHotel Gross Empire,hotel,28.544311,77.128703,3.0,,,False,6.0,,https://static.cupid.travel/hotels/ex_9cdcc7cc_z.jpg,liteapi
lp657c304f,Fabhotel Aman Inn,hotel,28.544322,77.1285,3.0,,,False,6.0,,https://static.cupid.travel/hotels/ex_bd950a04_z.jpg,liteapi
lp656c3bb8,Roomshala 102 Hotel Aerocity,hotel,28.545083,77.126763,3.0,,,False,6.0,,https://static.cupid.travel/hotels/ex_a9fc4899_z.jpg,liteapi
lp657c13b4,The Majesty Hotel,hotel,28.545121,77.293089,3.0,,,False,6.0,,https://static.cupid.travel/hotels/ex_6bbffcd2_z.jpg,liteapi
lp6585fb16,JDH Sunlight,hotel,28.545276,77.122589,3.0,,,False,6.0,,https://static.cupid.travel/hotels/ex_7db8c982_z.jpg,liteapi
lp656c23b5,Moody Moon,hotel,28.54536,77.12345,3.0,,,False,6.0,,https://static.cupid.travel/hotels/ex_83fc4645_z.jpg,liteapi
lpaca10,ZUZU Hemkunt,hotel,28.54555,77.256869,3.0,,,False,6.0,,https://static.cupid.travel/hotels/ex_ec76c66e_z.jpg,liteapi
lpdf0fd,JKM Palace,hotel,28.54567,77.29197,3.0,,,False,6.0,,https://static.cupid.travel/hotels/ex_d0856396_z.jpg,liteapi
lp657f9b37,Fabhotel Cordial Home,hotel,28.545936,77.296639,3.0,,,False,6.0,,https://static.cupid.travel/hotels/ex_dbc61600_z.jpg,liteapi
lp6585edf6,The Bed and Rock,hotel,28.546007,77.256166,3.0,,,False,6.0,,https://static.cupid.travel/hotels/ex_337ba874_z.jpg,liteapi
lp656bd537,Fabexpress Delhi Aerocity Inn,hotel,28.546104,77.12366,3.0,,,False,6.0,,https://static.cupid.travel/hotels/ex_3c31506d_z.jpg,liteapi
lpbf0f5,Hotel Mint Oodles,hotel,28.54614,77.252372,3.0,,,False,6.0,,https://static.cupid.travel/hotels/ex_d62826a7_z.jpg,liteapi
lp65806e41,Fabhotel Palm Majestic,hotel,28.546425,77.128727,3.0,,,False,6.0,,https://static.cupid.travel/hotels/ex_w3029h2019x0y0-08c0bacb_z.jpg,liteapi
lp656bc24d,Fabhotel Ssensse,hotel,28.546449,77.293514,3.0,,,False,6.0,,https://static.cupid.travel/hotels/ex_0b8930be_z.jpg,liteapi
lp656c345e,Roomshala 067 Rs Residency,hotel,28.547092,77.131978,3.0,,,False,6.0,,https://static.cupid.travel/hotels/ex_18856acb_z.jpg,liteapi
lp656c3415,Fabexpress Mirage,hotel,28.547445,77.127186,3.0,,,False,6.0,,https://static.cupid.travel/hotels/ex_c501b95e_z.jpg,liteapi
lpacb45,Hotel Rani Castle,hotel,28.548204,77.238292,3.0,,,False,6.0,,https://static.cupid.travel/hotels/ex_fdcd710b_z.jpg,liteapi
lp657280eb,Hotel Shri Ram By GRB,hotel,28.548489,77.127518,3.0,,,False,6.0,,https://static.cupid.travel/hotels/ex_b1283fb1_z.jpg,liteapi
lp656c3158,Amara Hotel,hotel,28.54871,77.24184,3.0,,,False,6.0,,https://static.cupid.travel/hotels/ex_8ac95ee7_z.jpg,liteapi
lp65806876,Fabhotel Empire Suites,hotel,28.548884,77.13028,3.0,,,False,6.0,,https://static.cupid.travel/hotels/ex_w3029h2018x1y0-2515f266_z.jpg,liteapi
lp656bd680,FabHotel Shanti Stay,hotel,28.548906,77.131189,3.0,,,False,6.0,,https://static.cupid.travel/hotels/ex_519ce48e_z.jpg,liteapi
lp656bce61,Fabhotel Airport Zone Olive,hotel,28.549183,77.129905,3.0,,,False,6.0,,https://static.cupid.travel/hotels/ex_b6c41e50_z.jpg,liteapi
lp656bbf94,Fabexpress Rainbow Villa,hotel,28.54919,77.130412,3.0,,,False,6.0,,https://static.cupid.travel/hotels/ex_w3030h2006x0y13-0a07f374_z.jpg,liteapi
lp656bc40a,FabHotel Belwood,hotel,28.54923,77.130609,3.0,,,False,6.0,,https://static.cupid.travel/hotels/ex_b6d4cb2c_z.jpg,liteapi
lp656bd2d2,Fabexpress The Arrow,hotel,28.54935,77.23678,3.0,,,False,6.0,,https://static.cupid.travel/hotels/ex_d3997e4a_z.jpg,liteapi
lp65725c73,Hotel R.S Residency By GRB,hotel,28.549499,77.129413,3.0,,,False,6.0,,https://static.cupid.travel/hotels/ex_cfabeaa7_z.jpg,liteapi
lp65801d56,Hotel Grace,hotel,28.54953,77.129099,,,,False,6.0,,https://static.cupid.travel/hotels/ex_w1024h712x0y56-0fc3a595_z.jpg,liteapi
lp657e497f,Hotel Armani Suites,hotel,28.549536,77.129479,3.0,,,False,6.0,,https://static.cupid.travel/hotels/ex_4243ea9f_z.jpg,liteapi
lp65869274,BH Hotels Lucullan I Hotel In Mahipalpur,hotel,28.54956,77.130385,3.0,,,False,6.0,,https://static.cupid.travel/hotels/ex_cf3d2d89_z.jpg,liteapi
lp656bc823,Fabhotel The Glory I,hotel,28.549641,77.129551,3.0,,,False,6.0,,https://static.cupid.travel/hotels/ex_0db3532c_z.jpg,liteapi
lp6557748a,Hotel Airport View,hotel,28.549649,77.128443,3.0,,,False,6.0,,https://static.cupid.travel/hotels/ex_a983611f_z.jpg,liteapi
lp657fdd94,Fabhotel Laxmi Palace,hotel,28.549715,77.131156,3.0,,,False,6.0,,https://static.cupid.travel/hotels/ex_50c05aed_z.jpg,liteapi
lp65824e79,Fabhotel Airport President,hotel,28.54973,77.130356,3.0,,,False,6.0,,https://static.cupid.travel/hotels/ex_3a32e358_z.jpg,liteapi
lp65863734,Treebo Ace Luxe,hotel,28.549747,77.243909,3.0,,,False,6.0,,https://static.cupid.travel/hotels/ex_ec96ac09_z.jpg,liteapi
lp65864e03,Hotel Anchorage Delhi IGI Airport,hotel,28.549803,77.129924,3.0,,,False,6.0,,https://static.cupid.travel/hotels/ex_30bb4ded_z.jpg,liteapi
lp656c27dc,FabHotel Gross inn Suites,hotel,28.549812,77.130698,3.0,,,False,6.0,,https://static.cupid.travel/hotels/ex_6f5209e6_z.jpg,liteapi
lp657b0c6e,Hotel Gloab Residency Near Delhi Airport,hotel,28.549948,77.130441,,,,False,6.0,,https://static.cupid.travel/hotels/ex_5f7114ef_z.jpg,liteapi
lp65845d96,Fabhotel Starlight,hotel,28.550164,77.129101,3.0,,,False,6.0,,https://static.cupid.travel/hotels/ex_d9cea468_z.jpg,liteapi
lp657d7a9e,Fabhotel The Grand Ambrosia,hotel,28.550385,77.131734,3.0,,,False,6.0,,https://static.cupid.travel/hotels/ex_dd4c3b37_z.jpg,liteapi
lp657fddac,Fabexpress Gross Aero,hotel,28.550646,77.131557,3.0,,,False,6.0,,https://static.cupid.travel/hotels/ex_d6b80963_z.jpg,liteapi
lp6585bde6,The Prime Palace,hotel,28.55323,77.195164,3.0,,,False,6.0,,https://static.cupid.travel/hotels/ex_b63b9fc3_z.jpg,liteapi
lp6573f847,Hotel R Inn Delhi,hotel,28.553614,77.1765,3.0,,,False,6.0,,https://static.cupid.travel/hotels/ex_25a0d3ae_z.jpg,liteapi
lp65864ada,THE OCEAN,hotel,28.554171,77.248122,3.0,,,False,6.0,,https://static.cupid.travel/hotels/ex_e188a4c9_z.jpg,liteapi
lp658658d9,Fabhotel Krishna Residency,hotel,28.555135,77.243231,3.0,,,False,6.0,,https://static.cupid.travel/hotels/ex_b3885a9e_z.jpg,liteapi
lp656bbee8,Saltstayz Select - Nehru Place & New Friends Colony,hotel,28.556672,77.271632,3.0,,,False,6.0,,https://static.cupid.travel/hotels/ex_2b540800_z.jpg,liteapi
lp656c2634,Fabhotel Exotica,hotel,28.559254,77.203284,3.0,,,False,6.0,,https://static.cupid.travel/hotels/ex_6091d424_z.jpg,liteapi
lp656bd621,Staybook FabStays South Delhi,hotel,28.561777,77.255675,3.0,,,False,6.0,,https://static.cupid.travel/hotels/ex_w3983h2659x8y0-4d5796f8_z.jpg,liteapi
lp657c312f,Fabhotel The Icon,hotel,28.562645,77.271796,3.0,,,False,6.0,,https://static.cupid.travel/hotels/ex_40a50e0f_z.jpg,liteapi
lp65869b14,Qotel Comfort Veer Palace Green Park,hotel,28.562728,77.189003,3.0,,,False,6.0,,https://static.cupid.travel/hotels/ex_b337c9c6_z.jpg,liteapi
lp6586a65e,Fabhotel Green Park,hotel,28.563927,77.191342,3.0,,,False,6.0,,https://static.cupid.travel/hotels/ex_4a56a3bc_z.jpg,liteapi
lpc2f4b,Hotel J's Inn,hotel,28.56515,77.16059,3.0,,,False,6.0,,https://static.cupid.travel/hotels/ex_785e23c8_z.jpg,liteapi
lp6581d552,BedChambers Serviced Apartments South,hotel,28.565595,77.219262,3.0,,,False,6.0,,https://static.cupid.travel/hotels/ex_c2d001d2_z.jpg,liteapi
lp658693d3,Fabexpress Rajdeep Palace,hotel,28.566229,77.26704,3.0,,,False,6.0,,https://static.cupid.travel/hotels/ex_w3030h2018x0y1-affc5861_z.jpg,liteapi
lp657968c5,FabHotel La Serene NFC,hotel,28.569141,77.267791,3.0,,,False,6.0,,https://static.cupid.travel/hotels/ex_1580f605_z.jpg,liteapi
lp65866649,Qotel Comfort Centrum NFC,hotel,28.569144,77.267829,3.0,,,False,6.0,,https://static.cupid.travel/hotels/ex_d314262d_z.jpg,liteapi
lp65551818,Hotel Red Stone,hotel,28.573485,77.219741,3.0,,,False,6.0,,https://static.cupid.travel/hotels/ex_18d43fac_z.jpg,liteapi
lp656c34f8,Roomshala 072 Hotel Starlight,hotel,28.573625,77.255961,3.0,,,False,6.0,,https://static.cupid.travel/hotels/ex_w3648h5346x0y126-14b97685_z.jpg,liteapi
lp1fd073,Hotel South Delhi Inn,hotel,28.574576,77.257407,3.0,,,False,6.0,,https://static.cupid.travel/hotels/ex_6f903a2f_z.jpg,liteapi
lp65863b6d,Fabhotel Vibe,hotel,28.575369,77.326869,3.0,,,False,6.0,,https://static.cupid.travel/hotels/ex_d9bf5564_z.jpg,liteapi
lp656c3232,FabHotel Comfirt Inn,hotel,28.575424,77.32434,3.0,,,False,6.0,,https://static.cupid.travel/hotels/ex_585ad876_z.jpg,liteapi
lp1fcd97,The Indigo Stay,hotel,28.575781,77.32555,3.0,,,False,6.0,,https://static.cupid.travel/hotels/ex_9e4e21ba_z.jpg,liteapi
lp234cc8,Hotel Petals Elite 2,hotel,28.57801,77.32898,3.0,,,False,6.0,,https://static.cupid.travel/hotels/ex_5757252f_z.jpg,liteapi
lp6583de05,Fabhotel Glorify,hotel,28.581232,77.314149,3.0,,,False,6.0,,https://static.cupid.travel/hotels/ex_108246df_z.jpg,liteapi
lp656bbf7d,Fabexpress The Residency,hotel,28.581721,77.312637,3.0,,,False,6.0,,https://static.cupid.travel/hotels/ex_fa0a957f_z.jpg,liteapi
lp656bd6ea,Fabhotel Apple Pie,hotel,28.582253,77.32789,3.0,,,False,6.0,,https://static.cupid.travel/hotels/ex_w3030h2011x0y4-1024b838_z.jpg,liteapi
lp37d9cb,OYO Flagship 49221 Hotel Lemonade,hotel,28.58266,77.088394,3.0,,,False,6.0,,https://static.cupid.travel/hotels/ex_c9025e13_z.jpg,liteapi
lp65860d02,Bir Home Stays,hotel,28.582797,77.245147,3.0,,,False,6.0,,https://static.cupid.travel/hotels/ex_f6051fb7_z.jpg,liteapi
lp65867d4d,Tom and jerry residency,hotel,28.583281,77.247311,3.0,,,False,6.0,,https://static.cupid.travel/hotels/ex_3d3d8d2a_z.jpg,liteapi
lp2148a5,Hotel Opal Inn,hotel,28.585984,77.090764,3.0,,,False,6.0,,https://static.cupid.travel/hotels/ex_598802ae_z.jpg,liteapi
lp6585a360,Haveli Heritage,hotel,28.588685,77.256771,3.0,,,False,6.0,,https://static.cupid.travel/hotels/ex_658eb51e_z.jpg,liteapi
lp656c350b,Shamim Residency Near Nizamuddin Dargah,hotel,28.589513,77.245579,3.0,,,False,6.0,,https://static.cupid.travel/hotels/ex_785e9a13_z.jpg,liteapi
lpaf86b,Hotel Noida International,hotel,28.596702,77.330347,3.0,,,False,6.0,,https://static.cupid.travel/hotels/ex_ebc8cb60_z.jpg,liteapi
lp656bc92e,Hotel Hari International,hotel,28.597502,77.330311,3.0,,,False,6.0,,https://static.cupid.travel/hotels/ex_4e2a97ff_z.jpg,liteapi
lp38a8cc,OYO 44400 Retreat Inn,hotel,28.618816,77.286324,3.0,,,False,6.0,,https://static.cupid.travel/hotels/ex_1513c158_z.jpg,liteapi
lp65822ced,FabHotel Royal Reena Residency,hotel,28.624296,77.285375,3.0,,,False,6.0,,https://static.cupid.travel/hotels/ex_3fe0a776_z.jpg,liteapi
lp657f04bc,Fabexpress King Stay,hotel,28.624454,77.099364,3.0,,,False,6.0,,https://static.cupid.travel/hotels/ex_w3029h2016x1y0-d7029c0d_z.jpg,liteapi
lp656c2ad5,FabHotel Royal Inn,hotel,28.625887,77.30368,3.0,,,False,6.0,,https://static.cupid.travel/hotels/ex_w3000h1996x0y1-2f011be1_z.jpg,liteapi
lp6581fb96,Fabhotel Mona Continental,hotel,28.629286,77.286257,3.0,,,False,6.0,,https://static.cupid.travel/hotels/ex_dfc1412f_z.jpg,liteapi
lp6585a60a,The Capstone,hotel,28.630158,77.276111,3.0,,,False,6.0,,https://static.cupid.travel/hotels/ex_764dfdd0_z.jpg,liteapi
lp18e4b9,Akash Guest House,hotel,28.63287,77.315901,3.0,,,False,6.0,,https://static.cupid.travel/hotels/ex_2e8263a2_z.jpg,liteapi
lp656bbfdf,FabHotel ASP Royal Residency Inn,hotel,28.63296,77.086924,3.0,,,False,6.0,,https://static.cupid.travel/hotels/ex_85d998ca_z.jpg,liteapi
lp65864104,Fabhotel Bharat Continental,hotel,28.6397,77.177535,3.0,,,False,6.0,,https://static.cupid.travel/hotels/ex_3ae07d4e_z.jpg,liteapi
lpdc8e4,Kuldeep Guest House,hotel,28.6407,77.21293,3.0,,,False,6.0,,https://static.cupid.travel/hotels/ex_b8662196_z.jpg,liteapi
lp6585a820,Hotel Shree Guru,hotel,28.640977,77.21291,2.0,,,False,6.0,,https://static.cupid.travel/hotels/ex_32b1890d_z.jpg,liteapi
lp8dd95,Lord Krishna Hotel Dx. Inn,hotel,28.641089,77.213352,3.0,,,False,6.0,,https://static.cupid.travel/hotels/ex_6176f7ee_z.jpg,liteapi
lp65582295,Hotel Royal Saffron By Majesta Stays,hotel,28.641403,77.13576,3.0,,,False,6.0,,https://static.cupid.travel/hotels/ex_81400fa4_z.jpg,liteapi
lp6582ed1c,Fabhotel India International,hotel,28.641883,77.211845,3.0,,,False,6.0,,https://static.cupid.travel/hotels/ex_0016c82a_z.jpg,liteapi
lp657e987b,hotel swastik palace,hotel,28.643205,77.2152,,,,False,6.0,,https://static.cupid.travel/hotels/ex_441e6972_z.jpg,liteapi
lp3577f5,ADB Rooms Hotel Chander Palace,hotel,28.643601,77.210909,3.0,,,False,6.0,,https://static.cupid.travel/hotels/ex_a68691de_z.jpg,liteapi
lpd754e,OYO 15567 Hotel India International Sitare,hotel,28.64377,77.21013,3.0,,,False,6.0,,https://static.cupid.travel/hotels/ex_5403eb68_z.jpg,liteapi
lp656bce7b,Fabhotel East Patel Nagar,hotel,28.64401,77.174568,3.0,,,False,6.0,,https://static.cupid.travel/hotels/ex_1c6907b7_z.jpg,liteapi
lp656c3530,Hotel Jindal,hotel,28.64451,77.215655,3.0,,,False,6.0,,https://static.cupid.travel/hotels/ex_a0eff339_z.jpg,liteapi
lp65868765,HOTEL PALM D'OR,hotel,28.644585,77.217492,3.0,,,False,6.0,,https://static.cupid.travel/hotels/ex_9ddad839_z.jpg,liteapi
lpa3e24,Durga Inn,hotel,28.644615,77.215093,3.0,,,False,6.0,,https://static.cupid.travel/hotels/ex_f80ecf47_z.jpg,liteapi
lp6586123c,Hotel Rossette,hotel,28.644794,77.215391,3.0,,,False,6.0,,https://static.cupid.travel/hotels/ex_932959c6_z.jpg,liteapi
lp656c3843,Qotel Hotel AT Residency Kaushambi,hotel,28.64503,77.3221,3.0,,,False,6.0,,https://static.cupid.travel/hotels/ex_w2208h1472x0y3-f25de94f_z.jpg,liteapi
lpe1b9c,Hotel Suzi International,hotel,28.64524,77.21426,3.0,,,False,6.0,,https://static.cupid.travel/hotels/ex_868648f1_z.jpg,liteapi
lp65548029,ADB Rooms Indo Continental,hotel,28.645502,77.214882,3.0,,,False,6.0,,https://static.cupid.travel/hotels/ex_74517c71_z.jpg,liteapi
lpfece3,Hotel Kumar Palace,hotel,28.645607,77.21173,3.0,,,False,6.0,,https://static.cupid.travel/hotels/ex_ad83f004_z.jpg,liteapi
lp657e43d1,Hotel Darpan Palace,hotel,28.645642,77.217534,,,,False,6.0,,https://static.cupid.travel/hotels/ex_fdd289d2_z.jpg,liteapi
lp6585fc1f,The Exotica Grandeur,hotel,28.645691,77.192427,3.0,,,False,6.0,,https://static.cupid.travel/hotels/ex_a2eeb00a_z.jpg,liteapi
lp656c3356,Fabhotel Station I,hotel,28.645748,77.215652,3.0,,,False,6.0,,https://static.cupid.travel/hotels/ex_e096bc90_z.jpg,liteapi
lp6554794d,Hotel Trio Tourist,hotel,28.645766,77.215336,3.0,,,False,6.0,,https://static.cupid.travel/hotels/ex_addff816_z.jpg,liteapi
lpc0dd8,Hotel Lav Kush Deluxe,hotel,28.645769,77.217272,2.0,,,False,6.0,,https://static.cupid.travel/hotels/ex_7642f590_z.jpg,liteapi
lp65772f59,Hotel Diamond By GRB,hotel,28.645868,77.211523,3.0,,,False,6.0,,https://static.cupid.travel/hotels/ex_w1064h811x0y9-ede2c9c5_z.jpg,liteapi
lp656c3518,Hotel Ratandeep,hotel,28.645889,77.215896,3.0,,,False,6.0,,https://static.cupid.travel/hotels/ex_54f37abe_z.jpg,liteapi
lpca344,Hotel Wallstreet,hotel,28.645945,77.240198,3.0,,,False,6.0,,https://static.cupid.travel/hotels/ex_8145d330_z.jpg,liteapi
lp4e8ce,Hotel Lal's Haveli,hotel,28.646,77.211167,2.0,,,False,8.4,72.0,https://static.cupid.travel/hotels/153542700.jpg,liteapi
lp656bc988,Fabhotel La Serene Bnb,hotel,28.646072,77.296656,3.0,,,False,6.0,,https://static.cupid.travel/hotels/ex_156abdf2_z.jpg,liteapi
lp657e05dc,Hotel JPS Residency,hotel,28.646186,77.300733,3.0,,,False,6.0,,https://static.cupid.travel/hotels/ex_w952h627x0y0-3783e14f_z.jpg,liteapi
lp6582ba71,National Lodge,hotel,28.646279,77.215369,,,,False,6.0,,https://static.cupid.travel/hotels/ex_6ff8f080_z.jpg,liteapi
lp656c374d,Treebo Trend Staybook,hotel,28.646308,77.211516,3.0,,,False,6.0,,https://static.cupid.travel/hotels/ex_12f1e2c0_z.jpg,liteapi
lp658641f2,Fabhotel Yash Residency,hotel,28.646437,77.292032,3.0,,,False,6.0,,https://static.cupid.travel/hotels/ex_871c5026_z.jpg,liteapi
lp65800376,Hotel Ishaan Residency MGM CLUB,hotel,28.646487,77.243238,,,,False,6.0,,https://static.cupid.travel/hotels/ex_acfd54c4_z.jpg,liteapi
lp65869678,hotel hi life DX,hotel,28.646739,77.213277,3.0,,,False,6.0,,https://static.cupid.travel/hotels/ex_05491802_z.jpg,liteapi
lpb6d78,OYO 7634 Hotel Delhi Continental,hotel,28.646853,77.211629,3.0,,,False,6.0,,https://static.cupid.travel/hotels/ex_30ecf47a_z.jpg,liteapi
lpf9836,Hotel Kyron,hotel,28.646894,77.188301,3.0,,,False,6.0,,https://static.cupid.travel/hotels/ex_81b63752_z.jpg,liteapi
lpe5311,FabExpress Jaggi Palace,hotel,28.647631,77.198618,3.0,,,False,6.0,,https://static.cupid.travel/hotels/ex_b28d2575_z.jpg,liteapi
lp6554b0c1,ADB Rooms Gaurav Guest House,hotel,28.647848,77.211055,3.0,,,False,6.0,,https://static.cupid.travel/hotels/ex_5b22aecf_z.jpg,liteapi
lp62144,Treebo Trend Hotel Fortuner,hotel,28.648318,77.198847,3.0,,,False,6.0,,https://static.cupid.travel/hotels/ex_4839bfbb_z.jpg,liteapi
lp656c358a,Roomshala 089 Green Palace,hotel,28.648481,77.292975,3.0,,,False,6.0,,https://static.cupid.travel/hotels/ex_d95d07a2_z.jpg,liteapi
lp22616c,OYO 39725 Hotel Regent Continental,hotel,28.64853,77.188157,3.0,,,False,6.0,,https://static.cupid.travel/hotels/ex_548a8400_z.jpg,liteapi
lp656c384f,Qotel Hotel IP Residency,hotel,28.648893,77.30087,3.0,,,False,6.0,,https://static.cupid.travel/hotels/ex_979dd95d_z.jpg,liteapi
lp64f6d,Fabhotel Spb 87,hotel,28.649141,77.188768,3.0,,,False,6.0,,https://static.cupid.travel/hotels/ex_c153c01e_z.jpg,liteapi
lp65862ff8,Hotel Aura IP Grand Karkardooma Metro,hotel,28.650501,77.305802,3.0,,,False,6.0,,https://static.cupid.travel/hotels/ex_6c3194c1_z.jpg,liteapi
lp657fdea5,Fabhotel Season Grand,hotel,28.650814,77.305573,3.0,,,False,6.0,,https://static.cupid.travel/hotels/ex_c9ebde72_z.jpg,liteapi
lp88836,Delhi Heights,hotel,28.65082,77.18983,3.0,,,False,6.0,,https://static.cupid.travel/hotels/ex_c053064f_z.jpg,liteapi
lp65861dec,Fabhotel The King Residency,hotel,28.650868,77.125721,3.0,,,False,6.0,,https://static.cupid.travel/hotels/ex_14f729fd_z.jpg,liteapi
lp43494,FabHotel Clark Height Patel Nagar,hotel,28.65154,77.16663,3.0,,,False,,,https://static.cupid.travel/hotels/467484102.jpg,liteapi
lp6585e855,Hotel J Joy deluxe,hotel,28.653059,77.20225,3.0,,,False,6.0,,https://static.cupid.travel/hotels/ex_1e2f90c0_z.jpg,liteapi
lpd60a6,Unistar Rooms,hotel,28.65308,77.191899,3.0,,,False,6.0,,https://static.cupid.travel/hotels/ex_4048c530_z.jpg,liteapi
lp656c2b30,Fabhotel De Gold,hotel,28.653097,77.190047,3.0,,,False,6.0,,https://static.cupid.travel/hotels/ex_efa02709_z.jpg,liteapi
lp65829810,FabHotel Sehej continental,hotel,28.6537,77.1911,3.0,,,False,6.0,,https://static.cupid.travel/hotels/ex_22cda0ea_z.jpg,liteapi
lp6586638c,Fabhotel Golden Key Inn,hotel,28.654607,77.126742,3.0,,,False,6.0,,https://static.cupid.travel/hotels/ex_w2000h1319x0y7-2c3f8de6_z.jpg,liteapi
lp65869a04,Fabhotel Sugar Inn,hotel,28.654668,77.119399,3.0,,,False,6.0,,https://static.cupid.travel/hotels/ex_0574c8ea_z.jpg,liteapi
lp656c35d1,FabExpress Meera Residency,hotel,28.65754,77.091046,3.0,,,False,6.0,,https://static.cupid.travel/hotels/ex_fffe40ba_z.jpg,liteapi
lp657b2556,Azora By Cherish,hotel,28.660588,77.0902,3.0,,,False,6.0,,https://static.cupid.travel/hotels/ex_d1127390_z.jpg,liteapi
lp656c2999,FabHotel Indraprastha,hotel,28.665366,77.297655,3.0,,,False,6.0,,https://static.cupid.travel/hotels/ex_b5862cc2_z.jpg,liteapi
lp65830396,FabExpress Santosh Residency,hotel,28.665571,77.295356,3.0,,,False,6.0,,https://static.cupid.travel/hotels/ex_06e0fcf4_z.jpg,liteapi
lp6585f117,Fabhotel Dreamz,hotel,28.667689,77.095959,3.0,,,False,6.0,,https://static.cupid.travel/hotels/ex_21b41524_z.jpg,liteapi
lp657c1c8f,Fabhotel Sky Land,hotel,28.66851,77.09582,3.0,,,False,6.0,,https://static.cupid.travel/hotels/ex_562ca43e_z.jpg,liteapi
lp658612d3,Fabhotel Vivaah Inn,hotel,28.670432,77.092727,3.0,,,False,6.0,,https://static.cupid.travel/hotels/ex_6517ecc1_z.jpg,liteapi
lp65784065,FabHotel A One Paschim Vihar,hotel,28.67356,77.091816,3.0,,,False,6.0,,https://static.cupid.travel/hotels/ex_52605a5a_z.jpg,liteapi
lp657a63bf,Hotel Golden Saffron-Punjabi Bagh Delhi,hotel,28.674454,77.129194,3.0,,,False,6.0,,https://static.cupid.travel/hotels/ex_ffc5fd09_z.jpg,liteapi
lp656bce82,Fabhotel 19 West,hotel,28.68013,77.08679,3.0,,,False,6.0,,https://static.cupid.travel/hotels/ex_3dc1c8ed_z.jpg,liteapi
lp656bbe08,Hotel Seven Heaven - Lawrence road,hotel,28.681033,77.150239,3.0,,,False,6.0,,https://static.cupid.travel/hotels/ex_84ddce86_z.jpg,liteapi
lp6577e86c,Fabhotel The Luxe Inn,hotel,28.688748,77.323401,3.0,,,False,6.0,,https://static.cupid.travel/hotels/ex_5a4cb117_z.jpg,liteapi
lp6585d5c2,Saltstayz Select - Pitampura,hotel,28.693762,77.135081,3.0,,,False,6.0,,https://static.cupid.travel/hotels/ex_7866cf16_z.jpg,liteapi
lp657e05b9,FabHotel Model Town,hotel,28.694287,77.194692,3.0,,,False,6.0,,https://static.cupid.travel/hotels/ex_91ce9c7d_z.jpg,liteapi
lp657eed91,FabHotel Dev Palace I,hotel,28.69527,77.133656,3.0,,,False,6.0,,https://static.cupid.travel/hotels/ex_d9a69c00_z.jpg,liteapi
lp6579a69a,Hotel Lagoona and Banquet Hall,hotel,28.695727,77.156865,3.0,,,False,6.0,,https://static.cupid.travel/hotels/ex_fff51a3f_z.jpg,liteapi
lp655821f4,Hotel Blue Saffron,hotel,28.69798,77.10495,3.0,,,False,,,https://static.cupid.travel/hotels/ex_afd0d6b0_z.jpg,liteapi
lp6577d3dc,Fabexpress Baba'S Inn,hotel,28.70115,77.14959,3.0,,,False,6.0,,https://static.cupid.travel/hotels/ex_bb686e77_z.jpg,liteapi
lp6580dbd1,Fabhotel Vishesh Villas,hotel,28.705355,77.195556,3.0,,,False,6.0,,https://static.cupid.travel/hotels/ex_c7c77222_z.jpg,liteapi
lp656c3936,FabHotel Prime Golden Glory,hotel,28.710078,77.269913,3.0,,,False,6.0,,https://static.cupid.travel/hotels/ex_19511ae6_z.jpg,liteapi
lp6585de02,Shri Sai Guest House - Opp Azadpur Main Mandi,hotel,28.713545,77.174805,3.0,,,False,6.0,,https://static.cupid.travel/hotels/ex_11133026_z.jpg,liteapi
lp65868c63,Fabhotel Shri Sai Dx,hotel,28.716022,77.170391,3.0,,,False,6.0,,https://static.cupid.travel/hotels/ex_w1999h1333x0y0-f33705f9_z.jpg,liteapi
lp6585d941,Fabhotel The Kailash Dev,hotel,28.718846,77.16927,3.0,,,False,6.0,,https://static.cupid.travel/hotels/ex_38442a96_z.jpg,liteapi
lp657ac55d,Hotel Luxury inn,hotel,28.718934,77.168793,3.0,,,False,6.0,,https://static.cupid.travel/hotels/ex_7adff218_z.jpg,liteapi
lp6567f8eb,Yash Guest House 01 Minute Walk in Nizamuddin Railway Station,hotel,28.58984,77.25752,,,,False,5.2,19.0,https://static.cupid.travel/hotels/167534122.jpg,liteapi
lp657f0a2b,Hotel Marina International Airport Delhi,hotel,28.5569,77.1003,,,,False,4.0,26.0,https://static.cupid.travel/hotels/607430888.jpg,liteapi
lp7e35a,Hotel Guruvas Inn,hotel,28.641392,77.215515,3.0,,,False,5.0,4.0,https://static.cupid.travel/hotels/ex_8e9eafc0_z.jpg,liteapi
lp5e8f7,Vanson Villa,hotel,28.641725,77.211136,3.0,,,False,5.0,4.0,https://static.cupid.travel/hotels/ex_6424bff0_z.jpg,liteapi
lp6587a098,Hotel Armani-Free Airport Pickup Aur Drop,hotel,28.549373,77.12965,2.0,,,False,4.0,25.0,https://static.cupid.travel/hotels/ex_7874f763_z.jpg,liteapi
lp655b1a10,HOTEL ROYAL AFGHAN,hotel,28.645898,77.240283,3.0,,,False,5.0,25.0,https://static.cupid.travel/hotels/411430428.jpg,liteapi
lp7d799,SAMS Snooze at my Space,hotel,28.555271,77.100019,3.0,,,False,4.1,20.0,https://static.cupid.travel/hotels/ex_d32c2bab_z.jpg,liteapi
lp65714c74,Hotel Dream - Sarai kaley khan Bus Stop,hotel,28.58695,77.25549,4.0,,,False,4.0,23.0,https://static.cupid.travel/hotels/621643081.jpg,liteapi
lp85a1c,Airport Hotel De Aura,hotel,28.546358,77.123857,3.0,,,False,4.8,5.0,https://static.cupid.travel/hotels/ex_8eae569f_z.jpg,liteapi
lpec144,FabHotel Prime Sage,hotel,28.53243,77.20216,3.0,,,False,4.8,5.0,https://static.cupid.travel/hotels/231387921.jpg,liteapi
lp6527a,Grand FFOUR,hotel,28.556076,77.242124,3.0,,,False,4.8,5.0,https://static.cupid.travel/hotels/ex_c939c094_z.jpg,liteapi
lp3a2a2,Jukaso Inn,hotel,28.603296,77.240575,4.0,,,False,4.8,5.0,https://static.cupid.travel/hotels/ex_db096d47_z.jpg,liteapi
lp2141f1,Hotel Hridey Inn,hotel,28.64074,77.212377,3.0,,,False,4.8,5.0,https://static.cupid.travel/hotels/ex_c129b273_z.jpg,liteapi
lp65801e36,Hotel Aiims,hotel,28.53348,77.20199,,,,False,3.5,51.0,https://static.cupid.travel/hotels/595956043.jpg,liteapi
lp6557874a,"Hotel Le Heritage , Nizamudin Railway Station",hotel,28.582538,77.250658,3.0,,,False,,24.0,https://static.cupid.travel/hotels/330371839.jpg,liteapi
lpc615a,Grand President New Delhi,hotel,28.64536,77.18905,3.0,,,False,5.0,3.0,https://static.cupid.travel/hotels/ex_3c6a9b7e_z.jpg,liteapi
lp6577614d,Hotel O Sunrise Villa,hotel,28.51913,77.231342,3.0,,,False,4.3,11.0,https://static.cupid.travel/hotels/494038086.jpg,liteapi
lp657a7df1,Hotel SP Residency Near International IGI Airport Delhi,hotel,28.54056,77.13044,3.0,,,False,4.8,4.0,https://static.cupid.travel/hotels/614548324.jpg,liteapi
lp65763b72,Home away from Home,hotel,28.55113,77.32288,,,,False,4.8,4.0,https://static.cupid.travel/hotels/586260821.jpg,liteapi
lpe2017,Hotel Imperial Villa,hotel,28.565856,77.248195,3.0,,,False,4.8,4.0,https://static.cupid.travel/hotels/ex_4ce3ddc6_z.jpg,liteapi
lp65822811,Hotel Classic Karol Bagh,hotel,28.646261,77.190126,2.0,,,False,,9.0,https://static.cupid.travel/hotels/453009503.jpg,liteapi
lp657735fd,Hotel O Maharaja Inn,hotel,28.57812,77.23915,3.0,,,False,4.1,15.0,https://static.cupid.travel/hotels/606765603.jpg,liteapi
lp6575e621,Hotel O The Premium Villla,hotel,28.575593,77.241558,3.0,,,False,3.5,42.0,https://static.cupid.travel/hotels/492662599.jpg,liteapi
lp655baa0f,The Pinaki Residency,hotel,28.533811,77.209132,4.0,,,False,4.4,53.0,https://static.cupid.travel/hotels/614515550.jpg,liteapi
lp65744848,Hotel O KD Plaza 6 Residency,hotel,28.510243,77.20119,3.0,,,False,4.4,8.0,https://static.cupid.travel/hotels/614813788.jpg,liteapi
lp356f6c,Hotel Mahajan Internatioanal,hotel,28.547218,77.125751,3.0,,,False,3.6,3.0,https://static.cupid.travel/hotels/ex_843d7431_z.jpg,liteapi
lp655aec45,The Fazar Residency Near Hazrat Nizamuddin Dargah,hotel,28.59119,77.24453,4.0,,,False,4.6,31.0,https://static.cupid.travel/hotels/601367459.jpg,liteapi
lpa39b8,OYO 15515 Hotel Landmark Inn,hotel,28.647775,77.193287,3.0,,,False,7.4,5.0,https://static.cupid.travel/hotels/ex_1ae82f58_z.jpg,liteapi
lp6abd3,Hotel GTC,hotel,28.535367,77.241946,3.0,,,False,5.0,2.0,https://static.cupid.travel/hotels/ex_2202bf3a_z.jpg,liteapi
lpba112,Hotel Aeropath,hotel,28.549585,77.128507,3.0,,,False,5.0,2.0,https://static.cupid.travel/hotels/ex_a7d01a18_z.jpg,liteapi
lp1b445a,The 7 Days Hotel,hotel,28.549596,77.233709,3.0,,,False,5.0,2.0,https://static.cupid.travel/hotels/ex_7878d8c3_z.jpg,liteapi
lp6586d9e4,Hotel Diamond Stay Nizamuddin Railway St,hotel,28.582132,77.248668,3.0,,,False,5.0,2.0,https://static.cupid.travel/hotels/ex_c7bd630d_z.jpg,liteapi
lp65876e8f,HOTELS DAFFODILS,hotel,28.63042,77.217722,2.0,,,False,5.0,2.0,https://static.cupid.travel/hotels/ex_f4d97540_z.jpg,liteapi
lp65865dc5,Hotel Krishna Plaza  BY M S Hospitality,hotel,28.64043,77.210516,2.0,,,False,5.0,2.0,https://static.cupid.travel/hotels/ex_80c25691_z.jpg,liteapi
lp1abf86,Hotel Maharani -New Delhi Railway Station - Paharganj,hotel,28.645919,77.214813,,,,False,7.2,143.0,https://static.cupid.travel/hotels/582142772.jpg,liteapi
lp837b2,Capital O 419 A Suites,hotel,28.646097,77.301048,3.0,,,False,5.0,2.0,https://static.cupid.travel/hotels/ex_26b7468e_z.jpg,liteapi
lpc7a79,OYO 10316 Hotel Sun View International,hotel,28.657331,77.184554,4.0,,,False,5.0,2.0,https://static.cupid.travel/hotels/ex_baa12b98_z.jpg,liteapi
lp6574a35e,Hotel O The Arrow Infront of Max Hospital,hotel,28.528431,77.212021,4.0,,,False,3.8,23.0,https://static.cupid.travel/hotels/600587627.jpg,liteapi
lp656f8f82,Hotel O Anshu B&B,hotel,28.54809,77.129,4.0,,,False,3.8,20.0,https://static.cupid.travel/hotels/516836111.jpg,liteapi
lp65771015,"Hotel Park Pride Pitampura New Delhi, Couple Friendly",hotel,28.686218,77.136652,,,,False,4.3,9.0,https://static.cupid.travel/hotels/462351748.jpg,liteapi
lp92669,Hotel Castle Blue New Delhi Near IGI Airport,hotel,28.55256,77.11997,3.0,,,False,,5.0,https://static.cupid.travel/hotels/579152023.jpg,liteapi
lp657df63c,Silver Palace Hotel,hotel,28.64108,77.212695,,,,False,2.6,157.0,https://static.cupid.travel/hotels/120790690.jpg,liteapi
lp651c5,Hotel Metropolitan,hotel,28.645877,77.186735,3.0,,,False,3.9,5.0,https://static.cupid.travel/hotels/352155625.jpg,liteapi
lp65735ad1,Hotel O Golden Eye Inn,hotel,28.540245,77.262362,,,,False,4.2,10.0,https://static.cupid.travel/hotels/585645867.jpg,liteapi
lp657b2ab4,Hotel Red Rose,hotel,28.526945,77.152343,,,,False,4.4,6.0,https://static.cupid.travel/hotels/586430374.jpg,liteapi
lp65713780,Hotel Aura - Opp Max Hospital,hotel,28.52859,77.21168,,,,False,3.8,18.0,https://static.cupid.travel/hotels/614856149.jpg,liteapi
lp655ae482,OYO Hotel Royal Orbit Near Delhi Airport,hotel,28.54679,77.12783,3.0,,,False,4.8,18.0,https://static.cupid.travel/hotels/hd/578966780.jpg,liteapi
lp655a73e0,Collection O Ratiram Palace BY Wamson,hotel,28.571562,77.327555,4.0,,,False,4.1,59.0,https://static.cupid.travel/hotels/616929172.jpg,liteapi
lp1c6c6c,Anvi Hotels,hotel,28.526382,77.153392,3.0,,,False,4.7,3.0,https://static.cupid.travel/hotels/ex_fe448575_z.jpg,liteapi
lp656c35c1,Hotel The Imperio,hotel,28.54001,77.2946,3.0,,,False,4.7,3.0,https://static.cupid.travel/hotels/447267864.jpg,liteapi
lp73037,OYO 13338 Hotel Atithi,hotel,28.554578,77.24344,3.0,,,False,4.7,3.0,https://static.cupid.travel/hotels/ex_11d12cbf_z.jpg,liteapi
lpfbfbf,Hotel KC Plaza,hotel,28.64066,77.21717,3.0,,,False,4.7,3.0,https://static.cupid.travel/hotels/ex_535b922f_z.jpg,liteapi
lp58759,Treebo Premium Relax Inn Patel Nagar,hotel,28.642093,77.173652,4.0,,,False,7.0,58.0,https://static.cupid.travel/hotels/289690018.jpg,liteapi
lp1c646f,Treebo Indraprastha,hotel,28.646236,77.190199,3.0,,,False,6.0,,,liteapi
lp655afda4,Townhouse 587 Sector 19,hotel,28.574528,77.323522,4.0,,,False,3.6,124.0,https://static.cupid.travel/hotels/447041687.jpg,liteapi
lp656e2f88,Hotel O Saket Residency KD Plaza Near Saket Metro,hotel,28.510317,77.202117,4.0,,,False,4.4,6.0,https://static.cupid.travel/hotels/614429817.jpg,liteapi
lpbacec,Hotel Le comfort,hotel,28.543132,77.131558,3.0,,,False,4.4,5.0,https://static.cupid.travel/hotels/ex_8e68deed_z.jpg,liteapi
lpbb74b,Hotel Aero,hotel,28.548942,77.129132,3.0,,,False,,5.0,https://static.cupid.travel/hotels/ex_ee6774fa_z.jpg,liteapi
lpc5f29,Hotel Grand Imperial,hotel,28.647728,77.193677,3.0,,,False,4.4,5.0,https://static.cupid.travel/hotels/ex_1af0f4be_z.jpg,liteapi
lp81888,Hotel Regent Intercontinental,hotel,28.648293,77.189033,3.0,,,False,4.4,5.0,https://static.cupid.travel/hotels/ex_470a345d_z.jpg,liteapi
lp1c6195,Super Townhouse 080 Meera Bagh,hotel,28.65901,77.09064,4.0,,,False,4.0,10.0,https://static.cupid.travel/hotels/hd/535258575.jpg,liteapi
lp658267a0,Hotel Devrana,hotel,28.545601,77.123761,3.0,,,False,4.6,3.0,https://static.cupid.travel/hotels/ex_833c2d9c_z.jpg,liteapi
lp93fe6,Mayur Hotel,hotel,28.645265,77.214291,3.0,,,False,4.6,3.0,https://static.cupid.travel/hotels/ex_be92b2fd_z.jpg,liteapi
lp6ddaf,Hotel Blue Pearl,hotel,28.6456,77.18769,3.0,,,False,4.6,3.0,https://static.cupid.travel/hotels/ex_627a71dd_z.jpg,liteapi
lp194d63,Hotel O TP Suites,hotel,28.548459,77.128163,3.0,,,False,3.5,24.0,https://static.cupid.travel/hotels/586227176.jpg,liteapi
lp655a7edd,Hotel Earth,hotel,28.546686,77.126793,3.0,,,False,6.0,1.0,https://static.cupid.travel/hotels/ex_bb3791f5_z.jpg,liteapi
lp656c3661,Fabhotel Prime Anchorage,hotel,28.548996,77.131354,3.0,,,False,5.0,1.0,https://static.cupid.travel/hotels/ex_150e2ba7_z.jpg,liteapi
lp6587c76c,The Meriton,hotel,28.553266,77.264478,2.0,,,False,5.0,1.0,https://static.cupid.travel/hotels/ex_35b8b1f5_z.jpg,liteapi
lp6558337d,Hotel Admire inn NFC By ASPL,hotel,28.570284,77.266773,2.0,,,False,5.0,1.0,https://static.cupid.travel/hotels/ex_cd0a249e_z.jpg,liteapi
lp6585fae1,Hotel Seven Seas Opposit railway Station,hotel,28.64323,77.217863,2.0,,,False,5.0,1.0,https://static.cupid.travel/hotels/ex_w1247h830x0y0-8ea1935a_z.jpg,liteapi
lpcefa2,Sidhartha Tourist Lodge,hotel,28.644144,77.216045,3.0,,,False,5.0,1.0,https://static.cupid.travel/hotels/ex_73fffe8e_z.jpg,liteapi
lp657801bf,Saar Inn,hotel,28.6449,77.1858,3.0,,,False,,1.0,https://static.cupid.travel/hotels/554652910.jpg,liteapi
lp657eb94c,Ram Palace,hotel,28.646379,77.197572,,,,False,5.0,1.0,https://static.cupid.travel/hotels/580991345.jpg,liteapi
lp655ba9c1,Fabhotel Royal Touch,hotel,28.650662,77.161308,3.0,,,False,6.0,1.0,https://static.cupid.travel/hotels/ex_23cca164_z.jpg,liteapi
lp65731412,BnBBuddy Aarohi Homes 3 BHK West Delhi,hotel,28.66407,77.151767,,,,False,5.0,1.0,https://static.cupid.travel/hotels/372494786.jpg,liteapi
lp6585a94e,Hotel Swathi,hotel,28.676714,77.114651,2.0,,,False,5.0,1.0,https://static.cupid.travel/hotels/ex_cafee92a_z.jpg,liteapi
lp657f18e5,Townhouse South Lawn,hotel,28.52634,77.25756,3.0,,,False,3.7,17.0,https://static.cupid.travel/hotels/545045021.jpg,liteapi
lp65771159,Hotel DIA PREMIER Delhi Airport BY Gross Group Hotels,hotel,28.54865,77.13074,,,,False,3.9,11.0,https://static.cupid.travel/hotels/556397910.jpg,liteapi
lp656754ee,Collection O Essendi Hospitalities Llp,hotel,28.57528,77.32447,3.0,,,False,5.2,6.0,https://static.cupid.travel/hotels/hd/591441981.jpg,liteapi
lp65759039,Green Palace - Near Karkardooma Court,hotel,28.64848,77.29295,,,,False,3.7,15.0,https://static.cupid.travel/hotels/613864941.jpg,liteapi
lp65741edf,Hotel O by OYO the royal villa,hotel,28.553291,77.194725,3.0,,,False,3.8,12.0,https://static.cupid.travel/hotels/511081588.jpg,liteapi
lp6e3da,Hotel City Centre,hotel,28.542224,77.121934,4.0,,,False,3.5,20.0,https://static.cupid.travel/hotels/ex_d8d4b185_z.jpg,liteapi
lp3626e2,Hotel Iconic Suites,hotel,28.548673,77.12931,3.0,,,False,4.2,5.0,https://static.cupid.travel/hotels/ex_7077f5c2_z.jpg,liteapi
lp65291,Hotel Silver Stone,hotel,28.64527,77.184008,3.0,,,False,4.2,5.0,https://static.cupid.travel/hotels/ex_w2996h2000x0y0-b9f0bef1_z.jpg,liteapi
lp72966,Hotel Hridey Dx,hotel,28.640162,77.21179,2.0,,,False,4.6,2.0,https://static.cupid.travel/hotels/ex_88dae5a3_z.jpg,liteapi
lpe9a5d,OYO 14710 Hotel Pallvi palace,hotel,28.645252,77.217169,3.0,,,False,4.6,2.0,https://static.cupid.travel/hotels/ex_7bf46190_z.jpg,liteapi
lpcb88d,Hotel Shivam International,hotel,28.64365,77.21315,3.0,,,False,4.4,3.0,https://static.cupid.travel/hotels/ex_e72a0095_z.jpg,liteapi
lp65868fb7,Hotel Grand Sun Plaza,hotel,28.543431,77.12716,3.0,,,False,4.0,6.0,https://static.cupid.travel/hotels/ex_ece12c4c_z.jpg,liteapi
lp656f0564,H D stay,hotel,28.55988,77.24686,,,,False,4.5,2.0,https://static.cupid.travel/hotels/543988396.jpg,liteapi
lp65469,Hotel Kingston,hotel,28.642956,77.174613,3.0,,,False,4.5,2.0,https://static.cupid.travel/hotels/284498677.jpg,liteapi
lp655aec39,Townhouse Nangal Raya Pankha Road,hotel,28.607925,77.104037,4.0,,,False,3.4,96.0,https://static.cupid.travel/hotels/574652548.jpg,liteapi
lp6582ad90,Hotel Awesome International,hotel,28.64391,77.21411,2.0,,,False,4.3,3.0,https://static.cupid.travel/hotels/618788066.jpg,liteapi
lp656b3c7c,Runway Residency,hotel,28.69978,77.12501,,,,False,5.3,3.0,https://static.cupid.travel/hotels/69842908.jpg,liteapi
lp65763636,Collection O Ramji Grand Near Tdi Mall,hotel,28.65267,77.14236,4.0,,,False,3.4,16.0,https://static.cupid.travel/hotels/547692423.jpg,liteapi
lpf6524,Hotel Mohan International,hotel,28.64655,77.21324,3.0,,,False,4.0,5.0,https://static.cupid.travel/hotels/ex_394d810e_z.jpg,liteapi
lp804b7,Hotel Roma Deluxe - 5 Mints walk From New Delhi Railways Station,hotel,28.646848,77.212375,3.0,,,False,5.1,425.0,https://static.cupid.travel/hotels/397147666.jpg,liteapi
lpab705,Hotel Le Mem,hotel,28.659889,77.223467,3.0,,,False,4.0,5.0,https://static.cupid.travel/hotels/ex_15bb7ae6_z.jpg,liteapi
lpe8264,The Country Roads,hotel,28.566637,77.220121,2.0,,,False,4.4,2.0,https://static.cupid.travel/hotels/ex_70c946e2_z.jpg,liteapi
lp2146da,TG Tashkent Hotel,hotel,28.643648,77.21135,3.0,,,False,4.6,1.0,https://static.cupid.travel/hotels/ex_69304397_z.jpg,liteapi
lp656bd582,Roomshala 147 KD Plazav,hotel,28.510389,77.201995,2.0,,,False,5.0,,https://static.cupid.travel/hotels/ex_1b1b6337_z.jpg,liteapi
lp658694ab,Hotel Corner View,hotel,28.513373,77.234345,2.0,,,False,5.0,,https://static.cupid.travel/hotels/ex_2f32aed0_z.jpg,liteapi
lp656bc592,Hotel Abhishek Residency By The Arrow,hotel,28.526002,77.259647,2.0,,,False,5.0,,https://static.cupid.travel/hotels/ex_668e5c35_z.jpg,liteapi
lp6585c810,Airport Hotel Classic Crowne,hotel,28.529732,77.08661,2.0,,,False,5.0,,https://static.cupid.travel/hotels/ex_0795fc4a_z.jpg,liteapi
lp656c2c7f,Roomshala 028 Blu Lagoon,hotel,28.531009,77.218711,2.0,,,False,5.0,,https://static.cupid.travel/hotels/ex_aa4b771c_z.jpg,liteapi
lp6585b1a5,Geet by Akama Homes,hotel,28.531358,77.203296,2.0,,,False,5.0,,https://static.cupid.travel/hotels/ex_85c303d2_z.jpg,liteapi
lp19d294,OYO 18867 Shyam Palace,hotel,28.53308,77.29794,2.0,,,False,5.0,,https://static.cupid.travel/hotels/ex_cfb69abc_z.jpg,liteapi
lp656bd71c,Roomshala 140 Hotel 24&7 Malviya Nagar,hotel,28.537401,77.207408,2.0,,,False,5.0,,https://static.cupid.travel/hotels/ex_6404ef54_z.jpg,liteapi
lpc86a3,OYO 2407 Hotel Gera's M1,hotel,28.53764,77.25944,2.0,,,False,5.0,,https://static.cupid.travel/hotels/ex_8cd44849_z.jpg,liteapi
lp656bcade,"Greenleaf Apartment And Suites, Chittaranjan Park",hotel,28.539238,77.250249,2.0,,,False,5.0,,https://static.cupid.travel/hotels/ex_b99b7f09_z.jpg,liteapi
lp656bc952,Hotel The Palm View,hotel,28.540963,77.130434,2.0,,,False,5.0,,https://static.cupid.travel/hotels/ex_d2ce22ad_z.jpg,liteapi
lp6585dac5,Airport Hotel Bright Buzz,hotel,28.541292,77.129846,2.0,,,False,5.0,,https://static.cupid.travel/hotels/ex_71217b23_z.jpg,liteapi
lp657bb4d0,Amour Hotel Delhi Airport,hotel,28.542345,77.129228,2.0,,,False,5.0,,https://static.cupid.travel/hotels/ex_2b846f0d_z.jpg,liteapi
lp655bb338,Hotel Dev Residency By GRB,hotel,28.542775,77.128282,3.0,,,False,6.0,,https://static.cupid.travel/hotels/ex_803890a5_z.jpg,liteapi
lp6575e8a1,Hotel Kanak Palace By GRB,hotel,28.542987,77.12863,2.0,,,False,5.0,,https://static.cupid.travel/hotels/ex_6925a2c7_z.jpg,liteapi
lp6576ca76,Hotel Arhaan Palace By GRB,hotel,28.543233,77.129246,2.0,,,False,5.0,,https://static.cupid.travel/hotels/ex_e01b89e3_z.jpg,liteapi
lp6558ac4c,Hotel Peridot,hotel,28.543955,77.128546,2.0,,,False,5.0,,https://static.cupid.travel/hotels/ex_000f967b_z.jpg,liteapi
lp65774b6f,Zen Inn Luxury Hotel,hotel,28.544049,77.291824,2.0,,,False,5.0,,https://static.cupid.travel/hotels/ex_a8d2258f_z.jpg,liteapi
lp6585c843,Hotel The Venice- Near Indraprastha Apollo Hospital,hotel,28.544463,77.292197,2.0,,,False,5.0,,https://static.cupid.travel/hotels/ex_4c58cd4a_z.jpg,liteapi
lp1d5d11,OYO 7344 My H Rooms,hotel,28.5463,77.1239,2.0,,,False,5.0,,https://static.cupid.travel/hotels/ex_35164553_z.jpg,liteapi
lp65860bff,Hotel The Metropolitan IGI Airport,hotel,28.54658,77.124785,2.0,,,False,5.0,,https://static.cupid.travel/hotels/ex_bbefab81_z.jpg,liteapi
lp655bb360,FabHotel Happy Residency,hotel,28.546592,77.255453,3.0,,,False,6.0,,https://static.cupid.travel/hotels/ex_w3030h2013x0y3-d2111c24_z.jpg,liteapi
lp655baa74,FabHotel Dolphin International,hotel,28.546938,77.127082,3.0,,,False,6.0,,https://static.cupid.travel/hotels/ex_w3030h2020x0y1-0cee41e9_z.jpg,liteapi
lp655579fd,ADB Rooms Hotel Noratan Palace,hotel,28.54713,77.12607,2.0,,,False,5.0,,https://static.cupid.travel/hotels/ex_63a9d19c_z.jpg,liteapi
lp657ca1ca,Hotel Eurostar International By GRB,hotel,28.547319,77.127344,2.0,,,False,5.0,,https://static.cupid.travel/hotels/ex_525eb9cd_z.jpg,liteapi
lp657d7e2d,Hotel Smart Lax,hotel,28.547531,77.126039,2.0,,,False,5.0,,https://static.cupid.travel/hotels/ex_08d3b67d_z.jpg,liteapi
lp657ba786,Airport Travel Inn Deluxe,hotel,28.547599,77.128197,2.0,,,False,5.0,,https://static.cupid.travel/hotels/ex_ee527c31_z.jpg,liteapi
lp6554913f,Hotel Twilight,hotel,28.548356,77.127294,2.0,,,False,5.0,,https://static.cupid.travel/hotels/ex_c11c6c9e_z.jpg,liteapi
lp656bc96c,Roomshala 138 Hotel Tourist palace,hotel,28.548457,77.128145,2.0,,,False,5.0,,https://static.cupid.travel/hotels/ex_36f844e5_z.jpg,liteapi
lp658676b1,Hotel Lakshmi Palace,hotel,28.548764,77.130179,2.0,,,False,5.0,,https://static.cupid.travel/hotels/ex_b87d02e1_z.jpg,liteapi
lpcee05,OYO 10795 Hotel RS Residency,hotel,28.548871,77.13026,2.0,,,False,5.0,,https://static.cupid.travel/hotels/ex_f6afcd3c_z.jpg,liteapi
lp656bf33f,The Eiyuu Hotels,hotel,28.549005,77.130308,2.0,,,False,5.0,,https://static.cupid.travel/hotels/ex_47d89e74_z.jpg,liteapi
lp6585d62a,Roomshala 103 Good Luck House,hotel,28.549018,77.130395,2.0,,,False,5.0,,https://static.cupid.travel/hotels/ex_6913ae60_z.jpg,liteapi
lp1c6556,OYO 23466 Hotel Planet,hotel,28.549514,77.131071,2.0,,,False,5.0,,https://static.cupid.travel/hotels/ex_9557d957_z.jpg,liteapi
lp658053fb,Goroomgo Edge Homestay Mahipalpur,hotel,28.549584,77.131501,2.0,,,False,5.0,,https://static.cupid.travel/hotels/ex_253e5591_z.jpg,liteapi
lp656e875f,OYO 12982 Hotel Oris International,hotel,28.55,77.12876,2.0,,,False,5.0,,https://static.cupid.travel/hotels/ex_56e4b1b8_z.jpg,liteapi
lpc86f5,OYO 9146 Hotel HSP,hotel,28.55019,77.12987,2.0,,,False,5.0,,https://static.cupid.travel/hotels/ex_d66ffedf_z.jpg,liteapi
lp790e1,OYO 12075 Hotel Regalia Retreat,hotel,28.55045,77.24417,2.0,,,False,5.0,,https://static.cupid.travel/hotels/ex_2bd8bf2a_z.jpg,liteapi
lp656bd310,"Greenleaf Apartment And Suites, Kalkaji",hotel,28.55582,77.258095,2.0,,,False,5.0,,https://static.cupid.travel/hotels/ex_fb3e746b_z.jpg,liteapi
lp1bfdc8,Maplewood Stay,hotel,28.556288,77.220952,2.0,,,False,5.0,,https://static.cupid.travel/hotels/ex_75dae0ef_z.jpg,liteapi
lp6577215d,ASAR by Orion Hotels,hotel,28.559353,77.203594,2.0,,,False,5.0,,https://static.cupid.travel/hotels/ex_ca42f3e1_z.jpg,liteapi
lp656ee87a,Roomshala 167 Hotel Red South Ex,hotel,28.566831,77.219343,2.0,,,False,5.0,,https://static.cupid.travel/hotels/ex_febc308f_z.jpg,liteapi
lp656c2b92,Hotel Amar Inn,hotel,28.566994,77.246396,2.0,,,False,5.0,,https://static.cupid.travel/hotels/ex_3e89ddc3_z.jpg,liteapi
lp6571f68b,Roomshala 180 Divine Residency,hotel,28.569822,77.247116,2.0,,,False,5.0,,https://static.cupid.travel/hotels/ex_e5ca27fc_z.jpg,liteapi
lp655adf75,Hotel Star Light Near Nizamuddin Station,hotel,28.571759,77.256648,3.0,,,False,6.0,,https://static.cupid.travel/hotels/ex_8af11add_z.jpg,liteapi
lp656c3be4,Roomshala 116 Krishna Villa,hotel,28.57504,77.238487,2.0,,,False,5.0,,https://static.cupid.travel/hotels/ex_985f9008_z.jpg,liteapi
lpcecaa,OYO 4029 Cosy Tree Rooms,hotel,28.57698,77.32755,2.0,,,False,5.0,,https://static.cupid.travel/hotels/ex_69559c2a_z.jpg,liteapi
lp6576d43e,Hotel Maharaja Inn By The Premium Villa,hotel,28.578442,77.239309,2.0,,,False,5.0,,https://static.cupid.travel/hotels/ex_4746d9b9_z.jpg,liteapi
lp656c3573,Roomshala 035 Premium Inn Noida Sec 15,hotel,28.581705,77.31256,2.0,,,False,5.0,,https://static.cupid.travel/hotels/ex_163bcd69_z.jpg,liteapi
lp656c3c0d,Sarthi Home Stay,hotel,28.582073,77.248687,2.0,,,False,5.0,,https://static.cupid.travel/hotels/ex_204653f7_z.jpg,liteapi
lp65866f58,Surya inn,hotel,28.590363,77.256211,2.0,,,False,5.0,,https://static.cupid.travel/hotels/ex_9ef98230_z.jpg,liteapi
lp657d7745,Hotel Sunlight Inn,hotel,28.611806,77.294437,2.0,,,False,5.0,,https://static.cupid.travel/hotels/ex_3c19fd52_z.jpg,liteapi
lpea8ce,OYO 11952 Hotel Royal India,hotel,28.6132,77.10562,2.0,,,False,5.0,,https://static.cupid.travel/hotels/ex_c4c930a6_z.jpg,liteapi
lp656c24b2,Hotel Shree Continental,hotel,28.62059,77.32249,2.0,,,False,5.0,,https://static.cupid.travel/hotels/ex_0726791c_z.jpg,liteapi
lp656bcf2c,Roomshala 150 Happy Inn Vinod nagar,hotel,28.626047,77.303613,2.0,,,False,5.0,,https://static.cupid.travel/hotels/ex_f353d92c_z.jpg,liteapi
lp656bd15b,Roomshala 164 Hotel Thanks,hotel,28.627777,77.285397,2.0,,,False,5.0,,https://static.cupid.travel/hotels/ex_6bedaab3_z.jpg,liteapi
lp656bd309,Roomshala 127 Mannat Stay,hotel,28.629709,77.275443,2.0,,,False,5.0,,https://static.cupid.travel/hotels/ex_cf2dd42c_z.jpg,liteapi
lp656bbf24,Roomshala 126 Mannat Inn,hotel,28.630375,77.275825,2.0,,,False,5.0,,https://static.cupid.travel/hotels/ex_0bfcbbe9_z.jpg,liteapi
lp656c382b,Roomshala 125 Hotel Maharaja,hotel,28.637475,77.093181,2.0,,,False,5.0,,https://static.cupid.travel/hotels/ex_63ade771_z.jpg,liteapi
lpfa40a,Capital O 16131 Mohit Guest House,hotel,28.641085,77.213527,2.0,,,False,5.0,,https://static.cupid.travel/hotels/ex_82e6828c_z.jpg,liteapi
lp6585bced,Angel Pink Residency,hotel,28.641426,77.323791,2.0,,,False,5.0,,https://static.cupid.travel/hotels/ex_68d8ed49_z.jpg,liteapi
lp65867410,Hotel Double Rr Newly Renovated,hotel,28.641856,77.214813,2.0,,,False,5.0,,https://static.cupid.travel/hotels/ex_ce7cdac9_z.jpg,liteapi
lp656c30bc,Hotel Prem Deluxe Guest House,hotel,28.642001,77.216235,2.0,,,False,5.0,,https://static.cupid.travel/hotels/ex_24808bc6_z.jpg,liteapi
lp6557f042,Hotel Anand Empire,hotel,28.642204,77.210523,2.0,,,False,5.0,,https://static.cupid.travel/hotels/ex_044cb629_z.jpg,liteapi
lp9fe4a,Hotel Aditya Inn,hotel,28.64297,77.212574,2.0,,,False,5.0,,https://static.cupid.travel/hotels/ex_0fceda8c_z.jpg,liteapi
lpcedef,OYO 463 Hotel Metro View Inn,hotel,28.64311,77.17431,2.0,,,False,5.0,,https://static.cupid.travel/hotels/ex_2718e088_z.jpg,liteapi
lpcef4c,Hotel Amba Deluxe,hotel,28.64371,77.21646,2.0,,,False,5.0,,https://static.cupid.travel/hotels/ex_29b21d8d_z.jpg,liteapi
lpeab7d,OYO 6408 Hotel Delhi Heart,hotel,28.64413,77.2173,2.0,,,False,5.0,,https://static.cupid.travel/hotels/ex_81cd6765_z.jpg,liteapi
lpeea3c,Hotel De Hocks Deluxe,hotel,28.64543,77.21043,2.0,,,False,5.0,,https://static.cupid.travel/hotels/ex_f3d19e56_z.jpg,liteapi
lp65759f17,Karol Bagh Hotel Le Sancy Delhi,hotel,28.645754,77.184071,2.0,,,False,5.0,,https://static.cupid.travel/hotels/ex_8bc127ba_z.jpg,liteapi
lp656c23f0,Hotel Le Sancy,hotel,28.645779,77.18405,2.0,,,False,5.0,,https://static.cupid.travel/hotels/ex_4f6c2c8c_z.jpg,liteapi
lpceeea,OYO 8265 The Olive Inn,hotel,28.645846,77.18493,2.0,,,False,5.0,,https://static.cupid.travel/hotels/ex_043537c1_z.jpg,liteapi
lpc8632,OYO 2984 Hotel Sun City,hotel,28.646056,77.185583,2.0,,,False,5.0,,https://static.cupid.travel/hotels/ex_ff2174b5_z.jpg,liteapi
lp656bcbea,Hotel Green Palace,hotel,28.646099,77.297091,2.0,,,False,5.0,,https://static.cupid.travel/hotels/ex_a8bf7a65_z.jpg,liteapi
lpe1929,Hotel Nand Kartar Orchid Suites,hotel,28.64618,77.18729,2.0,,,False,5.0,,https://static.cupid.travel/hotels/ex_7a927c94_z.jpg,liteapi
lpde803,Hotel Splash,hotel,28.646521,77.212853,2.0,,,False,5.0,,https://static.cupid.travel/hotels/ex_4dc4356e_z.jpg,liteapi
lpf8c9a,TJS Grand,hotel,28.646925,77.193784,2.0,,,False,5.0,,https://static.cupid.travel/hotels/ex_21cc81c4_z.jpg,liteapi
lp656c35b9,Hotel Kabir Palace,hotel,28.647438,77.198449,2.0,,,False,5.0,,https://static.cupid.travel/hotels/ex_7274b661_z.jpg,liteapi
lp656bd7e6,Hotel Krishna Palace By GRB,hotel,28.648632,77.187817,2.0,,,False,5.0,,https://static.cupid.travel/hotels/ex_d9ba31ab_z.jpg,liteapi
lp656c2621,Hotel Right Palace And Banquet,hotel,28.651856,77.092967,2.0,,,False,5.0,,https://static.cupid.travel/hotels/ex_4ff569de_z.jpg,liteapi
lp1867d7,OYO 15763 Hotel Grand inn,hotel,28.651857,77.092413,2.0,,,False,5.0,,https://static.cupid.travel/hotels/ex_a50199c8_z.jpg,liteapi
lp1bfdc4,OYO 23088 Hotel Dev Palace,hotel,28.668567,77.092966,2.0,,,False,5.0,,https://static.cupid.travel/hotels/ex_ff5c77f2_z.jpg,liteapi
lp6585c80f,HOTEL MANNAT02,hotel,28.671501,77.087916,2.0,,,False,5.0,,https://static.cupid.travel/hotels/ex_64943dba_z.jpg,liteapi
lp657c3972,JPS LUX RESIDENCY,hotel,28.673387,77.090919,2.0,,,False,5.0,,https://static.cupid.travel/hotels/ex_w1077h720x0y45-d61a3ddb_z.jpg,liteapi
lp656c3c3d,Qotel Hotel Signature BNB-Ashok Vihar,hotel,28.68429,77.182592,2.0,,,False,5.0,,https://static.cupid.travel/hotels/ex_8c9a922e_z.jpg,liteapi
lpc864e,Collection O 8305 Blessings inn,hotel,28.691444,77.105972,2.0,,,False,5.0,,https://static.cupid.travel/hotels/ex_d66c3335_z.jpg,liteapi
lp6579658f,Goroomgo Hotel Park View Delhi,hotel,28.692068,77.130656,2.0,,,False,5.0,,https://static.cupid.travel/hotels/ex_06abb022_z.jpg,liteapi
lp658652bf,HOTEL VCR INN,hotel,28.699486,77.255778,2.0,,,False,5.0,,https://static.cupid.travel/hotels/ex_8ca0c38a_z.jpg,liteapi
lp657b2c79,Orsom Stay Delhi,hotel,28.707415,77.157593,2.0,,,False,5.0,,https://static.cupid.travel/hotels/ex_620f8c89_z.jpg,liteapi
lp657b5a01,Fabhotel Luxury Inn Adarsh Nagar,hotel,28.719273,77.168516,2.0,,,False,5.0,,https://static.cupid.travel/hotels/ex_44e359e4_z.jpg,liteapi
lp656c20cf,Roomshala 005 Tom & Jerry,hotel,28.582805,77.247723,2.0,,,False,5.0,,https://static.cupid.travel/hotels/ex_30b64875_z.jpg,liteapi
lp657a3dcf,Hotel White Saffron Pitampura Near Kohat Enclave metro station,hotel,28.7011,77.14,3.0,,,False,3.6,9.0,https://static.cupid.travel/hotels/548342222.jpg,liteapi
lp657788bb,Hotel Blessings On road Near New Delhi Railway Station,hotel,28.63989,77.21643,3.0,,,False,3.8,6.0,https://static.cupid.travel/hotels/551843484.jpg,liteapi
lp6dcf2,OYO The Olive Inn,hotel,28.6459,77.1849,3.0,,,False,3.8,6.0,https://static.cupid.travel/hotels/hd/498015718.jpg,liteapi
lp4fba9,Hotel Freesia,hotel,28.571859,77.233404,3.0,,,False,4.0,4.0,https://static.cupid.travel/hotels/ex_4b015899_z.jpg,liteapi
lpc89d6,OYO 551 Hotel York,hotel,28.635484,77.220725,3.0,,,False,4.0,4.0,https://static.cupid.travel/hotels/ex_e81006b1_z.jpg,liteapi
lp65873365,Hotel Gush  New Delhi Railway Station,hotel,28.64105,77.213089,2.0,,,False,4.0,4.0,https://static.cupid.travel/hotels/ex_baf2c2a8_z.jpg,liteapi
lp7d68a,Hotel Sahara International Deluxe,hotel,28.644729,77.212565,2.0,,,False,4.0,4.0,https://static.cupid.travel/hotels/ex_8205be75_z.jpg,liteapi
lp6583c1ff,Townhouse Near M2K Cinema Pitampura,hotel,28.686355,77.141844,4.0,,,False,4.0,4.0,https://static.cupid.travel/hotels/447451857.jpg,liteapi
lp65787a58,Hotel O Green Park Residency,hotel,28.559251,77.205887,4.0,,,False,2.9,34.0,https://static.cupid.travel/hotels/589604074.jpg,liteapi
lp65773163,Hotel O Grand Peepal,hotel,28.647867,77.18727,4.0,,,False,2.8,35.0,https://static.cupid.travel/hotels/615404881.jpg,liteapi
lp657bd6af,Hotel O Kashish Residency,hotel,28.694713,77.203859,3.0,,,False,2.7,39.0,https://static.cupid.travel/hotels/565502735.jpg,liteapi
lp8e278,Hotel Port View,hotel,28.546324,77.123983,3.0,,,False,3.8,5.0,https://static.cupid.travel/hotels/ex_03fda0cb_z.jpg,liteapi
lp65875077,Hotel Tej Plaza Near IGI Airport Delhi,hotel,28.547754,77.126403,3.0,,,False,3.6,7.0,https://static.cupid.travel/hotels/ex_f8a981f0_z.jpg,liteapi
lpa0de9,OYO Flagship 5265 Hauz Khas Metro,hotel,28.542112,77.210716,3.0,,,False,4.0,3.0,https://static.cupid.travel/hotels/ex_dabd9ecb_z.jpg,liteapi
lp657c92d9,Royal EnCasa Delhi Airport,hotel,28.54916,77.1315,,,,False,4.0,3.0,https://static.cupid.travel/hotels/556146587.jpg,liteapi
lp1e3af1,West Yard Hotels,hotel,28.559252,77.200806,4.0,,,False,4.0,3.0,https://static.cupid.travel/hotels/ex_44e0fcd0_z.jpg,liteapi
lp6570e60b,Moydom Nice & Cosy Private 1 BHK Apartment OPP NFC market,hotel,28.563033,77.268944,,,,False,4.0,3.0,https://static.cupid.travel/hotels/481289979.jpg,liteapi
lpe77b5,Hotel Avtar At New Delhi Railway Station,hotel,28.64424,77.21522,3.0,,,False,4.0,3.0,https://static.cupid.travel/hotels/ex_1702324c_z.jpg,liteapi
lpd3f47,Hotel L'affaire,hotel,28.64516,77.19012,4.0,,,False,4.0,3.0,https://static.cupid.travel/hotels/ex_1a51598b_z.jpg,liteapi
lp33b052,Hotel Crystal Deluxe at New Delhi Railway Station,hotel,28.645826,77.21518,3.0,,,False,,3.0,https://static.cupid.travel/hotels/ex_729a095b_z.jpg,liteapi
lp65763dd9,Hotel O Green Villa,hotel,28.587322,77.255178,3.0,,,False,2.6,37.0,https://static.cupid.travel/hotels/616596927.jpg,liteapi
lpb942b,Hotel Geeson,hotel,28.64474,77.214447,4.0,,,False,4.0,2.0,https://static.cupid.travel/hotels/ex_ef1f8ccd_z.jpg,liteapi
lp657e6372,Airport Hotel Starry Twilight,hotel,28.54407,77.12852,4.0,,,False,3.8,4.0,https://static.cupid.travel/hotels/614355105.jpg,liteapi
lp65799b6d,Hotel New Royal Just Near Old Delhi Railway Station And Red Fort,hotel,28.660746,77.222499,3.0,,,False,3.3,39.0,https://static.cupid.travel/hotels/504356340.jpg,liteapi
lp657827be,Hotel DSR TORK,hotel,28.549388,77.129837,3.0,,,False,3.6,5.0,https://static.cupid.travel/hotels/ex_8440f96e_z.jpg,liteapi
lp2365d0,Hotel Urban Luxury,hotel,28.549851,77.129477,3.0,,,False,3.6,5.0,https://static.cupid.travel/hotels/ex_cdfe44b0_z.jpg,liteapi
lp9931c,Hotel Grand Plaza,hotel,28.644151,77.21623,2.0,,,False,3.6,5.0,https://static.cupid.travel/hotels/ex_0a60ea65_z.jpg,liteapi
lpde98c,Comfort Room Shiv Dev Int,hotel,28.64566,77.21674,3.0,,,False,3.6,5.0,https://static.cupid.travel/hotels/ex_cb08cd6d_z.jpg,liteapi
lp656bc103,PLUTOS HOTEL,hotel,28.520932,77.166644,2.0,,,False,4.0,2.0,https://static.cupid.travel/hotels/ex_7338874f_z.jpg,liteapi
lp656c3304,Fabexpress Premium Room I,hotel,28.53871,77.20761,3.0,,,False,4.0,2.0,https://static.cupid.travel/hotels/ex_6feb0e15_z.jpg,liteapi
lp19d46c,Hotel Smart by Kelvish Hotel,hotel,28.544106,77.128488,3.0,,,False,4.0,2.0,https://static.cupid.travel/hotels/ex_1dad2b6b_z.jpg,liteapi
lpc87ac,Oyo 580 PMH,hotel,28.546697,77.126428,3.0,,,False,4.0,2.0,https://static.cupid.travel/hotels/ex_160b554b_z.jpg,liteapi
lp6554e6eb,Hotel Airport International,hotel,28.547037,77.126105,3.0,,,False,4.0,2.0,https://static.cupid.travel/hotels/ex_63f21ee5_z.jpg,liteapi
lp1bc0fe,Hotel Smart Suites,hotel,28.550139,77.130353,3.0,,,False,4.0,2.0,https://static.cupid.travel/hotels/ex_23674e38_z.jpg,liteapi
lp656bcdf3,Ambrosia by Zenith,hotel,28.550504,77.131696,3.0,,,False,4.0,2.0,https://static.cupid.travel/hotels/ex_w1966h3504x0y16-b3e86f95_z.jpg,liteapi
lp65740edc,Minimalist Haven at 26th floor supernova,hotel,28.5512,77.32275,,,,False,4.0,2.0,https://static.cupid.travel/hotels/606158060.jpg,liteapi
lp6579a402,The Orion Elite,hotel,28.558619,77.20473,3.0,,,False,4.0,2.0,https://static.cupid.travel/hotels/ex_8966e2b3_z.jpg,liteapi
lp6578a4e6,The Fazar Residency Near Hazrat Nizamuddin Dargah.,hotel,28.591332,77.242971,2.0,,,False,4.0,2.0,https://static.cupid.travel/hotels/ex_812b3c5c_z.jpg,liteapi
lp657b56ba,Silver Arrow Guest House,hotel,28.634382,77.095663,,,,False,4.0,2.0,https://static.cupid.travel/hotels/ex_e3d8eaeb_z.jpg,liteapi
lp4bf7f,Hotel Maya Cottage,hotel,28.645517,77.215861,3.0,,,False,4.0,2.0,https://static.cupid.travel/hotels/ex_70a16ff9_z.jpg,liteapi
lp657499ab,"BnBBuddy Athulyam 3 BHK Homestay, Shalimar Bagh",hotel,28.710791,77.156844,4.0,,,False,4.0,2.0,https://static.cupid.travel/hotels/508287859.jpg,liteapi
lp65769ccf,Hotel O Glace,hotel,28.54807,77.12889,3.0,,,False,3.7,3.0,https://static.cupid.travel/hotels/617688640.jpg,liteapi
lpfdbfb,Hotel The Vegas,hotel,28.551117,77.131215,2.0,,,False,3.6,3.0,https://static.cupid.travel/hotels/ex_57b1f010_z.jpg,liteapi
lp65763bfe,Live as NOD2558,hotel,28.60777,77.32076,4.0,,,False,3.5,4.0,https://static.cupid.travel/hotels/617081959.jpg,liteapi
lp655aec58,Hotel O Padam Residency,hotel,28.630229,77.280773,4.0,,,False,3.3,37.0,https://static.cupid.travel/hotels/567423012.jpg,liteapi
lp35c07f,OYO 30462 Hotel Ivy,hotel,28.548299,77.12821,3.0,,,False,3.6,3.0,https://static.cupid.travel/hotels/ex_e7cdb88b_z.jpg,liteapi
lpccf3a,Hotel Indo continental,hotel,28.64635,77.21333,3.0,,,False,3.6,3.0,https://static.cupid.travel/hotels/ex_592c3da4_z.jpg,liteapi
lp1acf18,Hotel Grace,hotel,28.647196,77.194822,3.0,,,False,,57.0,https://static.cupid.travel/hotels/486747444.jpg,liteapi
lp656bc1f2,Roomshala 160 Hotel Red,hotel,28.526333,77.153577,2.0,,,False,4.0,1.0,https://static.cupid.travel/hotels/ex_284bb8cc_z.jpg,liteapi
lp656c3088,Roomshala 118 Hotel Acclaim 7 sky,hotel,28.530689,77.151255,2.0,,,False,4.0,1.0,https://static.cupid.travel/hotels/ex_0793744d_z.jpg,liteapi
lp655832f2,Hotel Yellow Saffron,hotel,28.53274,77.29588,3.0,,,False,4.0,1.0,https://static.cupid.travel/hotels/ex_w3300h4191x0y0-52846a18_z.jpg,liteapi
lpd9163,La Residenza,hotel,28.53432,77.2432,3.0,,,False,4.0,1.0,https://static.cupid.travel/hotels/ex_5989d526_z.jpg,liteapi
lp656da2ab,Roomshala 047 Hotel Jagannath,hotel,28.539267,77.245165,3.0,,,False,4.0,1.0,https://static.cupid.travel/hotels/ex_cd6e8510_z.jpg,liteapi
lpea887,OYO 11633 Hotel Sweet Palace,hotel,28.542229,77.129467,3.0,,,False,4.0,1.0,https://static.cupid.travel/hotels/ex_211150d6_z.jpg,liteapi
lp22f429,Hotel Luxury Stay,hotel,28.542289,77.129532,3.0,,,False,4.0,1.0,https://static.cupid.travel/hotels/ex_07d89f59_z.jpg,liteapi
lp64168,OYO 9030 Hotel Delhi Airport Plaza,hotel,28.545217,77.123117,3.0,,,False,4.0,1.0,https://static.cupid.travel/hotels/ex_af690897_z.jpg,liteapi
lp657fbf2a,Hotel Ambience Plaza,hotel,28.54743,77.129329,2.0,,,False,4.0,1.0,https://static.cupid.travel/hotels/ex_8dc42b9e_z.jpg,liteapi
lpea888,OYO 13658 Hotel Tanish Palace,hotel,28.54753,77.12708,3.0,,,False,4.0,1.0,https://static.cupid.travel/hotels/ex_2ff016d3_z.jpg,liteapi
lp656bc686,Hotel Belwood,hotel,28.549158,77.13069,3.0,,,False,4.0,1.0,https://static.cupid.travel/hotels/ex_e6081e59_z.jpg,liteapi
lp516f4,The Lohmod Hotel,hotel,28.55064,77.12964,4.0,,,False,4.0,1.0,https://static.cupid.travel/hotels/ex_0d27abc8_z.jpg,liteapi
lp655b104e,Hotel New Empire,hotel,28.565603,77.192661,,,,False,5.0,1.0,https://static.cupid.travel/hotels/324543795.jpg,liteapi
lp34779e,Ikhaya Hotels,hotel,28.567455,77.195975,3.0,,,False,4.0,1.0,https://static.cupid.travel/hotels/ex_8e04c1ea_z.jpg,liteapi
lp336d55,FabHotel Divine Inn,hotel,28.57408,77.26457,3.0,,,False,4.0,1.0,https://static.cupid.travel/hotels/ex_fd2de69f_z.jpg,liteapi
lp65862f0d,Hotel Warm Welcome Inn Noida Sector 26,hotel,28.578347,77.33145,2.0,,,False,4.0,1.0,https://static.cupid.travel/hotels/ex_3cda5576_z.jpg,liteapi
lp6dd85,Hotel All Iz Well - Just a min away from New Delhi Railway Station,hotel,28.641045,77.214172,4.0,,,False,8.1,356.0,https://static.cupid.travel/hotels/593108327.jpg,liteapi
lpb6ba1,OYO 6124 Lord Krishna Dx Inn,hotel,28.641096,77.213485,3.0,,,False,4.0,1.0,https://static.cupid.travel/hotels/ex_498a17ba_z.jpg,liteapi
lp279b95,OYO 2064 Hotel The Spot,hotel,28.641627,77.214299,3.0,,,False,4.0,1.0,https://static.cupid.travel/hotels/ex_7b86fe2b_z.jpg,liteapi
lpe255c,Hotel Star Villa,hotel,28.64213,77.21767,3.0,,,False,4.0,1.0,https://static.cupid.travel/hotels/ex_a9294256_z.jpg,liteapi
lp6dd35,Hotel Lee Benz,hotel,28.643067,77.210462,3.0,,,False,4.0,1.0,https://static.cupid.travel/hotels/ex_a93a09f6_z.jpg,liteapi
lpfff44,PG International,hotel,28.64351,77.21401,3.0,,,False,4.0,1.0,https://static.cupid.travel/hotels/ex_1e6fc011_z.jpg,liteapi
lpb539d,Hotel Saya - New Delhi Railway Station,hotel,28.64386,77.21091,4.0,,,False,4.0,1.0,https://static.cupid.travel/hotels/ex_86134d9b_z.jpg,liteapi
lpe1e9d,Boom Rooms,hotel,28.64389,77.21471,3.0,,,False,4.0,1.0,https://static.cupid.travel/hotels/ex_8bc4b793_z.jpg,liteapi
lp656bd595,Hotel Palm Dor,hotel,28.644361,77.217649,3.0,,,False,4.0,1.0,https://static.cupid.travel/hotels/ex_5d29da84_z.jpg,liteapi
lp6579708a,Hotel Gold Souk,hotel,28.64609,77.18289,3.0,,,False,4.0,1.0,https://static.cupid.travel/hotels/ex_dad46212_z.jpg,liteapi
lp65864588,Hotel Delhi Darshan -By RSL Hospitality,hotel,28.646801,77.212447,3.0,,,False,4.0,1.0,https://static.cupid.travel/hotels/ex_18fc60f0_z.jpg,liteapi
lpa68e6,Clark International,hotel,28.648283,77.189061,4.0,,,False,4.0,1.0,https://static.cupid.travel/hotels/ex_bb289ee9_z.jpg,liteapi
lpb69b8,OYO 8188 Vardhmaan Inn,hotel,28.648833,77.195833,3.0,,,False,4.0,1.0,https://static.cupid.travel/hotels/ex_f8d35be8_z.jpg,liteapi
lp4cc5e,Hotel Singh International,hotel,28.64887,77.1891,3.0,,,False,4.0,1.0,https://static.cupid.travel/hotels/ex_7c2179fe_z.jpg,liteapi
lpaf6a6,OYO 8336 Hotel De Gold,hotel,28.652991,77.190347,3.0,,,False,4.0,1.0,https://static.cupid.travel/hotels/ex_8b826ac9_z.jpg,liteapi
lp6559281d,SK KLYDE GRAND HOTEL,hotel,28.65331,77.327099,3.0,,,False,4.0,1.0,https://static.cupid.travel/hotels/ex_1bbd3242_z.jpg,liteapi
lp657cb60b,Hotel Season Grand Couple Friendly Pitampura,hotel,28.700219,77.135856,2.0,,,False,4.0,1.0,https://static.cupid.travel/hotels/ex_2480d4eb_z.jpg,liteapi
lp1b2676,OYO 24901 Achi House,hotel,28.701287,77.228752,3.0,,,False,4.0,1.0,https://static.cupid.travel/hotels/ex_58e1d401_z.jpg,liteapi
lp656dd4ff,Hotel O Swagat Palace,hotel,28.65211,77.194595,3.0,,,False,2.6,19.0,https://static.cupid.travel/hotels/537155981.jpg,liteapi
lp656bc767,HOTEL YASH PALACE,hotel,28.547368,77.125465,2.0,,,False,3.4,4.0,https://static.cupid.travel/hotels/ex_6a65507c_z.jpg,liteapi
lp656c3177,Livbox Hotel at Supernova,hotel,28.55097,77.322759,3.0,,,False,3.0,5.0,https://static.cupid.travel/hotels/ex_bf205c92_z.jpg,liteapi
lp6571dba6,Hotel Max - Malviya Nagar,hotel,28.52859,77.212,,,,False,2.9,9.0,https://static.cupid.travel/hotels/614887460.jpg,liteapi
lp656c2f9e,FabHotel Airport Avalon - Nr IGI Airport New Delhi,hotel,28.542252,77.128227,3.0,,,False,,46.0,https://static.cupid.travel/hotels/450691109.jpg,liteapi
lp657974e9,Hotel O Melfort Inn,hotel,28.548437,77.127613,4.0,,,False,3.0,6.0,https://static.cupid.travel/hotels/566870291.jpg,liteapi
lp65566bb3,"The Vegas By De Pavilion, Delhi Airport",hotel,28.549522,77.128996,4.0,,,False,3.0,6.0,https://static.cupid.travel/hotels/454012174.jpg,liteapi
lp65677a87,Antilia Villa,hotel,28.571351,77.264022,,,,False,3.8,8.0,https://static.cupid.travel/hotels/143148158.jpg,liteapi
lp6558cadc,Amenda International near IGI airport,hotel,28.54801,77.128212,2.0,,,False,3.4,2.0,https://static.cupid.travel/hotels/ex_6339a908_z.jpg,liteapi
lpb69a2,OYO 9028 Hotel Blu Pebbles,hotel,28.54719,77.126192,3.0,,,False,3.2,3.0,https://static.cupid.travel/hotels/ex_548af389_z.jpg,liteapi
lp656bc53f,Hotel White Pearl,hotel,28.506481,77.185645,2.0,,,False,4.0,,https://static.cupid.travel/hotels/ex_2b320fa1_z.jpg,liteapi
lp656bd5ae,Roomshala 141 Agniv Residency,hotel,28.510247,77.201533,2.0,,,False,4.0,,https://static.cupid.travel/hotels/ex_91b39e40_z.jpg,liteapi
lp656c1f93,Victoria Palace,hotel,28.510264,77.201905,2.0,,,False,4.0,,https://static.cupid.travel/hotels/ex_w771h515x34y15-42561857_z.jpg,liteapi
lp656c3607,Hotel Kular at Saket Near PVR Cinema,hotel,28.51962,77.21495,2.0,,,False,4.0,,https://static.cupid.travel/hotels/ex_326c821d_z.jpg,liteapi
lp6586568a,Hotel Diamond Tree,hotel,28.522531,77.20722,2.0,,,False,4.0,,https://static.cupid.travel/hotels/ex_f4fcb120_z.jpg,liteapi
lp657a1d64,Purple Tree Villa Delhi,hotel,28.522683,77.101771,2.0,,,False,4.0,,https://static.cupid.travel/hotels/ex_714f3f29_z.jpg,liteapi
lp656c35ed,Khanna Residency,hotel,28.525848,77.210743,2.0,,,False,4.0,,https://static.cupid.travel/hotels/ex_44b0d631_z.jpg,liteapi
lp656c3297,Hotel Rasso Inn Tuglakabad Extn.,hotel,28.526398,77.258143,2.0,,,False,4.0,,https://static.cupid.travel/hotels/ex_d88c7255_z.jpg,liteapi
lp6586847d,R Cottage Studio Apartments,hotel,28.526687,77.141165,2.0,,,False,4.0,,https://static.cupid.travel/hotels/ex_94dbe493_z.jpg,liteapi
lp656bc8df,Roomshala 155 Hotel JPC,hotel,28.53117,77.208112,2.0,,,False,4.0,,https://static.cupid.travel/hotels/ex_c7caea36_z.jpg,liteapi
lp65869de9,Singh Hotel and Resorts,hotel,28.532827,77.297547,2.0,,,False,4.0,,https://static.cupid.travel/hotels/ex_16fd2b2e_z.jpg,liteapi
lp657c7bf4,Rivaz Hotel And Restaurant,hotel,28.536023,77.197577,,,,False,4.0,,https://static.cupid.travel/hotels/ex_0729e429_z.jpg,liteapi
lp65786976,Hotel OM Plaza,hotel,28.536078,77.296913,2.0,,,False,4.0,,https://static.cupid.travel/hotels/ex_9fc6b321_z.jpg,liteapi
lp6582e34d,Heritage Hotel,hotel,28.536772,77.257901,2.0,,,False,4.0,,https://static.cupid.travel/hotels/ex_275466b2_z.jpg,liteapi
lpa3f2b,Milestone Hotel and Resort,hotel,28.537048,77.114806,2.0,,,False,4.0,,https://static.cupid.travel/hotels/ex_53dbfac6_z.jpg,liteapi
lp65867eff,OPO Premier GK,hotel,28.537945,77.238078,2.0,,,False,4.0,,https://static.cupid.travel/hotels/ex_1cf7d7e1_z.jpg,liteapi
lp65733eed,HOTEL PRIME  BY THE PREMIUM VILLA,hotel,28.537948,77.209886,3.0,,,False,4.0,,https://static.cupid.travel/hotels/ex_a4c2fdb7_z.jpg,liteapi
lp656c3663,Hotel Gera's,hotel,28.539422,77.259182,2.0,,,False,4.0,,https://static.cupid.travel/hotels/ex_d7ae4c0d_z.jpg,liteapi
lp1fcf6f,Hotel Capital Mount,hotel,28.5397,77.131,3.0,,,False,4.0,,https://static.cupid.travel/hotels/ex_5ffefbd0_z.jpg,liteapi
lp656c355d,A Boutique Hotel View,hotel,28.540451,77.131656,2.0,,,False,4.0,,https://static.cupid.travel/hotels/ex_c02d17cc_z.jpg,liteapi
lp657972f9,"Evergreen Stay, Mahipalpur",hotel,28.540698,77.131812,2.0,,,False,4.0,,https://static.cupid.travel/hotels/ex_6a88c672_z.jpg,liteapi
lp6585b8c9,Alpha Stay,hotel,28.541519,77.129712,2.0,,,False,4.0,,https://static.cupid.travel/hotels/ex_861022d4_z.jpg,liteapi
lp65753a9d,Hotel Silver Stay By GRB,hotel,28.541858,77.129198,2.0,,,False,4.0,,https://static.cupid.travel/hotels/ex_w1117h601x3y0-71ebd63f_z.jpg,liteapi
lp6558bfb3,Hotel J. Palace,hotel,28.542549,77.128712,2.0,,,False,4.0,,https://static.cupid.travel/hotels/ex_7d3a3996_z.jpg,liteapi
lp658036a0,Goroomgo Hotel Diamond Mahipalpur,hotel,28.544563,77.128348,2.0,,,False,4.0,,https://static.cupid.travel/hotels/ex_fc2fcb91_z.jpg,liteapi
lp6582b3d2,Hotel Kohinoor,hotel,28.544869,77.128135,,,,False,4.0,,https://static.cupid.travel/hotels/ex_0aeb5f32_z.jpg,liteapi
lp656bd49e,Hotel Bleu Ville,hotel,28.54616,77.275819,2.0,,,False,4.0,,https://static.cupid.travel/hotels/ex_c25ec990_z.jpg,liteapi
lp38a51c,Hotel Aerocity Golden,hotel,28.547136,77.12755,3.0,,,False,4.0,,https://static.cupid.travel/hotels/ex_9319d58f_z.jpg,liteapi
lp656bc5da,Goroomgo Airport Land Mahipalpur Delhi,hotel,28.5473,77.127082,2.0,,,False,4.0,,https://static.cupid.travel/hotels/ex_289d8628_z.jpg,liteapi
lp65868d1c,Room-hotel Mayank Plaza-near IGI Airport,hotel,28.547576,77.126837,2.0,,,False,4.0,,https://static.cupid.travel/hotels/ex_da08f5f9_z.jpg,liteapi
lp2256e8,Hotel The Tanish,hotel,28.54785,77.126973,2.0,,,False,4.0,,https://static.cupid.travel/hotels/ex_16963a81_z.jpg,liteapi
lp65861d64,Hotel Volga Deluxe,hotel,28.548053,77.128342,2.0,,,False,4.0,,https://static.cupid.travel/hotels/ex_31b058dc_z.jpg,liteapi
lp656c24ca,Lime Tree Hotel Greater Kailash,hotel,28.54824,77.237027,2.0,,,False,4.0,,https://static.cupid.travel/hotels/ex_14ba1fe0_z.jpg,liteapi
lp657efa22,HOTEL AVSK,hotel,28.549077,77.13122,,,,False,4.0,,https://static.cupid.travel/hotels/ex_0adbe9bc_z.jpg,liteapi
lp657c8971,Airpot The Paramonnt Hotel,hotel,28.549406,77.130054,,,,False,4.0,,https://static.cupid.travel/hotels/ex_cb8ba358_z.jpg,liteapi
lp658603b0,Hotel West End Mahipalpur Delhi IGI,hotel,28.549514,77.130159,2.0,,,False,4.0,,https://static.cupid.travel/hotels/ex_aad8ff34_z.jpg,liteapi
lp656bd365,Hotel Airport Sinon by Dream Laxmi,hotel,28.550222,77.134949,2.0,,,False,4.0,,https://static.cupid.travel/hotels/ex_a9bc5661_z.jpg,liteapi
lp6585e6a1,My Home Hotels,hotel,28.550389,77.131774,2.0,,,False,4.0,,https://static.cupid.travel/hotels/ex_09a65d81_z.jpg,liteapi
lp656c30ea,Hotel The Mars,hotel,28.550792,77.132232,2.0,,,False,4.0,,https://static.cupid.travel/hotels/ex_69a4e734_z.jpg,liteapi
lp656c2f70,Hotel The Green Arrow,hotel,28.555459,77.232951,2.0,,,False,4.0,,https://static.cupid.travel/hotels/ex_b6f0f7a6_z.jpg,liteapi
lp656e9835,Room-home Stay Bed And Break Fast,hotel,28.565257,77.220756,2.0,,,False,4.0,,https://static.cupid.travel/hotels/ex_2931fef8_edited_e74e_z.jpg,liteapi
lp65863337,Premium Stays in the Heart of South Delhi,hotel,28.565832,77.248234,2.0,,,False,4.0,,https://static.cupid.travel/hotels/ex_1e8dd71f_z.jpg,liteapi
lp656f3895,Home Stay Cum Bed and Breakfast,hotel,28.566489,77.222196,4.0,,,False,2.0,1.0,https://static.cupid.travel/hotels/577499446.jpg,liteapi
lp656c3c38,Lyf Corporate Suites. New Friends Colony,hotel,28.566842,77.269976,2.0,,,False,4.0,,https://static.cupid.travel/hotels/ex_7d087173_z.jpg,liteapi
lp656bc3e6,Roomshala 142 Bed Chamber South ex,hotel,28.566919,77.220007,2.0,,,False,4.0,,https://static.cupid.travel/hotels/ex_b895be53_z.jpg,liteapi
lp657823af,Goroomgo Raj hotel vip Noida,hotel,28.571624,77.327566,,,,False,4.0,,https://static.cupid.travel/hotels/ex_3348de52_z.jpg,liteapi
lp6585b148,Hotel Saini Home Stay,hotel,28.580443,77.253234,,,,False,4.0,,https://static.cupid.travel/hotels/ex_0a38886d_z.jpg,liteapi
lp658636ff,Hotel Surya Inn,hotel,28.582497,77.251401,2.0,,,False,4.0,,https://static.cupid.travel/hotels/ex_e1f64a46_z.jpg,liteapi
lp656c33ae,Hotel Shilo inn,hotel,28.582854,77.245105,2.0,,,False,4.0,,https://static.cupid.travel/hotels/ex_afcd310e_z.jpg,liteapi
lp65776ef2,Noida Metro Hotel By Wamson,hotel,28.587535,77.318047,2.0,,,False,4.0,,https://static.cupid.travel/hotels/ex_w1200h795x0y303-3e61e23a_z.jpg,liteapi
lp658653ed,Hotel Future Inn,hotel,28.596477,77.33071,2.0,,,False,4.0,,https://static.cupid.travel/hotels/ex_9c26ecd1_z.jpg,liteapi
lp65588d11,La Sky,hotel,28.60209,77.32518,2.0,,,False,4.0,,https://static.cupid.travel/hotels/ex_e539fee4_z.jpg,liteapi
lp65581b13,Hotel Orchid Saffron,hotel,28.610637,77.093239,2.0,,,False,4.0,,https://static.cupid.travel/hotels/ex_08468ad0_z.jpg,liteapi
lp658673ee,AYURVEDA TOURS INDIA,hotel,28.61347,77.09737,2.0,,,False,4.0,,https://static.cupid.travel/hotels/ex_deeb908e_z.jpg,liteapi
lp656f4be6,Roomshala 173 Hotel Royal Inn,hotel,28.626029,77.303909,2.0,,,False,4.0,,https://static.cupid.travel/hotels/ex_b70961e7_z.jpg,liteapi
lp65797489,Hotel Royal Inn,hotel,28.628588,77.095265,2.0,,,False,4.0,,https://static.cupid.travel/hotels/ex_f1ffa217_z.jpg,liteapi
lp6580281e,Hotel Heven,hotel,28.629445,77.119811,2.0,,,False,4.0,,https://static.cupid.travel/hotels/ex_22a3964d_z.jpg,liteapi
lp656fa882,Roomshala 156 Hotel Mannat Inn,hotel,28.63018,77.276249,2.0,,,False,4.0,,https://static.cupid.travel/hotels/ex_0072e53c_z.jpg,liteapi
lp656c247d,Prince Risedency,hotel,28.630656,77.121717,2.0,,,False,4.0,,https://static.cupid.travel/hotels/ex_5577ecde_z.jpg,liteapi
lp656c3660,Hotel Golden Key IP Ext.,hotel,28.630888,77.306254,2.0,,,False,4.0,,https://static.cupid.travel/hotels/ex_9c3f6f94_z.jpg,liteapi
lp657d600e,Hotel Dream Palace,hotel,28.632775,77.281935,2.0,,,False,4.0,,https://static.cupid.travel/hotels/ex_0a384863_z.jpg,liteapi
lp656e446d,Roomshala 171 JP House,hotel,28.633058,77.281754,2.0,,,False,4.0,,https://static.cupid.travel/hotels/ex_12df9783_z.jpg,liteapi
lp6585e699,Swastik residency by Twamev,hotel,28.633187,77.28023,2.0,,,False,4.0,,https://static.cupid.travel/hotels/ex_6a8f2205_z.jpg,liteapi
lp656c35e9,Hotel Raaso Inn Laxminagar BY Arrow,hotel,28.633458,77.279133,2.0,,,False,4.0,,https://static.cupid.travel/hotels/ex_b709297e_z.jpg,liteapi
lp65581b84,Iconic Residency,hotel,28.636548,77.183795,3.0,,,False,4.0,,https://static.cupid.travel/hotels/ex_00948aab_z.jpg,liteapi
lp65861fd2,Hotel Merry Gold,hotel,28.64097,77.21066,2.0,,,False,4.0,,https://static.cupid.travel/hotels/ex_a90d89e7_z.jpg,liteapi
lp6585edfa,Hotel Sudershan Palace,hotel,28.641003,77.215204,2.0,,,False,4.0,,https://static.cupid.travel/hotels/ex_952d4f08_z.jpg,liteapi
lp657c59e2,Hotel City Height,hotel,28.641021,77.213765,,,,False,4.0,,https://static.cupid.travel/hotels/ex_bc2617c0_z.jpg,liteapi
lp758ed,Hotel Spot Inn Paharganj Near New Delhi Railway Station,hotel,28.641655,77.214518,2.0,,,False,4.0,,https://static.cupid.travel/hotels/ex_bb876c46_z.jpg,liteapi
lp6585ee45,Hotel Sona International by PK Residency,hotel,28.642144,77.216571,2.0,,,False,4.0,,https://static.cupid.travel/hotels/ex_w1080h717x0y0-5c98ae9d_z.jpg,liteapi
lp6558ad0a,Goroomgo Cottage Ganga Inn New Delhi,hotel,28.642558,77.21268,2.0,,,False,4.0,,https://static.cupid.travel/hotels/ex_781aaa1a_z.jpg,liteapi
lp65860ea7,Hotel Leo Continental,hotel,28.643414,77.214606,2.0,,,False,4.0,,https://static.cupid.travel/hotels/ex_4ef523f7_z.jpg,liteapi
lp6585c61d,Hotel Jaipur Palace,hotel,28.643442,77.240325,2.0,,,False,4.0,,https://static.cupid.travel/hotels/ex_w1422h1880x9y0-a1737881_z.jpg,liteapi
lp6585d910,Hotel Geetanjali Inn,hotel,28.64362,77.213552,2.0,,,False,4.0,,https://static.cupid.travel/hotels/ex_915b84b0_z.jpg,liteapi
lp657b1e55,Hotel Sunrise DX,hotel,28.643801,77.217635,,,,False,4.0,,https://static.cupid.travel/hotels/ex_w1080h715x0y5-21748689_z.jpg,liteapi
lp658691ae,Hotel City Empire,hotel,28.643987,77.216494,2.0,,,False,4.0,,https://static.cupid.travel/hotels/ex_d70c73bb_z.jpg,liteapi
lp657e24af,Hotel Dhwani Palace,hotel,28.644659,77.213288,2.0,,,False,4.0,,https://static.cupid.travel/hotels/ex_e668d3b9_z.jpg,liteapi
lp65742b99,Hotel Revels By A1Rooms,hotel,28.644859,77.213447,2.0,,,False,4.0,,https://static.cupid.travel/hotels/ex_318798a7_z.jpg,liteapi
lp6558378a,Hotel Mukund Residency,hotel,28.645014,77.323716,2.0,,,False,4.0,,https://static.cupid.travel/hotels/ex_7d4d04f2_z.jpg,liteapi
lp65867d62,Hotel Raj Dx,hotel,28.645181,77.213937,2.0,,,False,4.0,,https://static.cupid.travel/hotels/ex_0839eca0_z.jpg,liteapi
lp657a82e8,New Rousha Inn Ghaziabad,hotel,28.645238,77.323202,2.0,,,False,4.0,,https://static.cupid.travel/hotels/ex_eaa17ec5_z.jpg,liteapi
lp6585ee79,Hotel Mid Town,hotel,28.645308,77.18916,2.0,,,False,4.0,,https://static.cupid.travel/hotels/ex_6648dca5_z.jpg,liteapi
lp6585f1a9,Hotel Church View,hotel,28.645368,77.216547,,,,False,4.0,,https://static.cupid.travel/hotels/ex_7ea96510_z.jpg,liteapi
lp657a21f3,Hotel M A International,hotel,28.645369,77.213301,2.0,,,False,4.0,,https://static.cupid.travel/hotels/ex_50da7e5f_z.jpg,liteapi
lp65866163,Cottage Yes Sir Dx,hotel,28.64539,77.20336,2.0,,,False,4.0,,https://static.cupid.travel/hotels/ex_442e8b4f_z.jpg,liteapi
lp656c349d,Qotel Hotel Rajouri Garden,hotel,28.64566,77.129131,2.0,,,False,4.0,,https://static.cupid.travel/hotels/ex_4de98e0b_z.jpg,liteapi
lp2135f7,Pooja Palace,hotel,28.645741,77.188345,2.0,,,False,4.0,,https://static.cupid.travel/hotels/ex_06341bb2_z.jpg,liteapi
lp1f408b,Hotel Swisston Palace,hotel,28.645844,77.183766,,,,False,4.0,,https://static.cupid.travel/hotels/ex_f0a96cb7_z.jpg,liteapi
lp656c3568,Hotel Nancy,hotel,28.646068,77.217566,2.0,,,False,4.0,,https://static.cupid.travel/hotels/ex_w2880h1911x0y0-d01696a1_z.jpg,liteapi
lp656bbe40,Twamev Rajouri garden by The Arrow,hotel,28.648087,77.125615,2.0,,,False,4.0,,https://static.cupid.travel/hotels/ex_ef714327_z.jpg,liteapi
lp65862acb,Hotel De Romana,hotel,28.64923,77.236846,2.0,,,False,4.0,,https://static.cupid.travel/hotels/ex_bd25a461_z.jpg,liteapi
lp65863cc1,Hotel Sonic Palace,hotel,28.649631,77.234032,2.0,,,False,4.0,,https://static.cupid.travel/hotels/ex_63b11cae_z.jpg,liteapi
lp65791595,Hotel Green Villa Stay,hotel,28.651293,77.305874,2.0,,,False,4.0,,https://static.cupid.travel/hotels/ex_92580eaf_z.jpg,liteapi
lp1df597,Hotel 3BS Houses,hotel,28.6518,77.194799,2.0,,,False,4.0,,https://static.cupid.travel/hotels/ex_fa88c18d_z.jpg,liteapi
lpdac1f,Hotel S P,hotel,28.651993,77.194357,2.0,,,False,4.0,,https://static.cupid.travel/hotels/ex_24bc512b_z.jpg,liteapi
lp656c35fd,Hotel Ashoka International,hotel,28.65327,77.191718,2.0,,,False,4.0,,https://static.cupid.travel/hotels/ex_e0ae8952_z.jpg,liteapi
lp656bd538,Roomshala 152 Hotel Sukoon,hotel,28.653444,77.133249,2.0,,,False,4.0,,https://static.cupid.travel/hotels/ex_ae796973_z.jpg,liteapi
lp656c3bba,Hotel Golden Key,hotel,28.654391,77.128607,2.0,,,False,4.0,,https://static.cupid.travel/hotels/ex_w1349h897x0y0-71bc5236_z.jpg,liteapi
lp656c305c,Hotel The Rasa Kanti Nagar,hotel,28.657754,77.275046,2.0,,,False,4.0,,https://static.cupid.travel/hotels/ex_7e0affc0_z.jpg,liteapi
lpd6830,Hotel Pitrashish Premium,hotel,28.65892,77.1911,3.0,,,False,4.0,,https://static.cupid.travel/hotels/ex_w785h474x0y8-8ca266b5_z.jpg,liteapi
lp65861e41,SHREE DELHI GUJARATI SAMAJ,hotel,28.673144,77.223707,2.0,,,False,4.0,,https://static.cupid.travel/hotels/ex_06fab7fc_z.jpg,liteapi
lp6585d44b,Hotel Green Snapper,hotel,28.675622,77.207499,,,,False,4.0,,https://static.cupid.travel/hotels/ex_f0d0f2d5_z.jpg,liteapi
lp656c2be1,Hotel Yellow Chilli,hotel,28.684465,77.139877,2.0,,,False,4.0,,https://static.cupid.travel/hotels/ex_8dc6338f_z.jpg,liteapi
lp656c32df,Hotel Green Arrow Rohini,hotel,28.705926,77.102845,2.0,,,False,4.0,,https://static.cupid.travel/hotels/ex_61778b7e_z.jpg,liteapi
lp656bcb43,Qotel Hotel Pitampura,hotel,28.713056,77.138053,2.0,,,False,4.0,,https://static.cupid.travel/hotels/ex_0ad13f5b_z.jpg,liteapi
lp6573f54a,Hotel O KC,hotel,28.539972,77.217514,4.0,,,False,2.5,11.0,https://static.cupid.travel/hotels/584633783.jpg,liteapi
lp657a54fd,Shine Inn Couple fridenlly Best,hotel,28.707918,77.10543,2.0,,,False,4.0,,https://static.cupid.travel/hotels/ex_48c01be2_edited_25df_z.jpg,liteapi
lp6575226b,Hotel O STAYLO COZY STAY,hotel,28.580962,77.240796,3.0,,,False,2.8,6.0,https://static.cupid.travel/hotels/621145083.jpg,liteapi
lpf9585,SPOT ON Hotel Kabila,hotel,28.647831,77.195063,2.0,,,False,1.8,38.0,https://static.cupid.travel/hotels/589448804.jpg,liteapi
lp656c352f,Hotel A V International,hotel,28.64333,77.21742,1.0,,,False,2.4,12.0,https://static.cupid.travel/hotels/478167182.jpg,liteapi
lp805d2,Hotel Neha Inn,hotel,28.646072,77.214399,3.0,,,False,2.8,5.0,https://static.cupid.travel/hotels/ex_195fb109_z.jpg,liteapi
lp655ae022,OYO Club Residency Near Tdi Mall,hotel,28.65487,77.13051,3.0,,,False,3.8,5.0,https://static.cupid.travel/hotels/hd/519390826.jpg,liteapi
lp655ba9c4,Collection O Hotel The Royal Tej Palace,hotel,28.54809,77.129,3.0,,,False,4.0,3.0,https://static.cupid.travel/hotels/518898742.jpg,liteapi
lp6559ebfd,Capital O Grand Central Near Gurudwara Shri Bangla Sahib,hotel,28.64624,77.18864,3.0,,,False,2.6,38.0,https://static.cupid.travel/hotels/447450002.jpg,liteapi
lp655a7c15,Goel Residency,hotel,28.701505,77.123496,2.0,,,False,2.9,23.0,https://static.cupid.travel/hotels/42190868.jpg,liteapi
lp65786bb8,Gold Stay Ravi,hotel,28.54781,77.12902,3.0,,,False,2.8,4.0,https://static.cupid.travel/hotels/620783813.jpg,liteapi
lp655baa1d,Hotel O King Stay Near Tdi Mall,hotel,28.65569,77.14069,4.0,,,False,3.2,12.0,https://static.cupid.travel/hotels/498199673.jpg,liteapi
lp655baa15,Hotel O Rak International,hotel,28.64175,77.21334,3.0,,,False,2.8,24.0,https://static.cupid.travel/hotels/604715673.jpg,liteapi
lp65582282,Hotel White Saffron,hotel,28.701565,77.139867,2.0,,,False,3.0,2.0,https://static.cupid.travel/hotels/ex_85cb5ec6_z.jpg,liteapi
lpc8685,Hotel O Global,hotel,28.547024,77.126336,4.0,,,False,1.8,24.0,https://static.cupid.travel/hotels/554342404.jpg,liteapi
lp655ba3e9,Hotel O Dremland Residency,hotel,28.571213,77.269135,3.0,,,False,2.8,22.0,https://static.cupid.travel/hotels/616941322.jpg,liteapi
lp65773ac0,Hotel O RS Residency,hotel,28.52321,77.19338,3.0,,,False,2.5,6.0,https://static.cupid.travel/hotels/590104616.jpg,liteapi
lp6576dd8e,Hotel O Crown,hotel,28.571764,77.32511,3.0,,,False,2.5,6.0,https://static.cupid.travel/hotels/554574931.jpg,liteapi
lpcede6,OYO 542 Kalkaji Residency Bnb,hotel,28.540246,77.261327,2.0,,,False,3.0,2.0,https://static.cupid.travel/hotels/ex_0cfa4d9b_z.jpg,liteapi
lp655922a5,Hotel Red Blu,hotel,28.541694,77.129443,4.0,,,False,3.0,2.0,https://static.cupid.travel/hotels/ex_be2ca3fd_z.jpg,liteapi
lp389547,OYO 41215 Three Kings,hotel,28.624344,77.099212,2.0,,,False,3.0,2.0,https://static.cupid.travel/hotels/ex_f23d3915_z.jpg,liteapi
lpaf65f,Collection O 8479 Hotel Ambience,hotel,28.639775,77.210197,3.0,,,False,3.0,2.0,https://static.cupid.travel/hotels/ex_9a5fdc67_z.jpg,liteapi
lp657c09d8,Hari Piorko Grand,hotel,28.641076,77.213948,3.0,,,False,3.0,193.0,https://static.cupid.travel/hotels/ex_c70bbc59_z.jpg,liteapi
lpb6b51,OYO 6096 Hotel Maharani Palace,hotel,28.64397,77.21614,3.0,,,False,3.0,2.0,https://static.cupid.travel/hotels/ex_05d68839_z.jpg,liteapi
lp68f7d,Hotel Moments,hotel,28.645558,77.183708,4.0,,,False,3.0,2.0,https://static.cupid.travel/hotels/ex_a6a741c6_z.jpg,liteapi
lp1869e8,HOTEL VISHESH CONTINENTAL,hotel,28.64684,77.18455,,,,False,,2.0,https://static.cupid.travel/hotels/461386443.jpg,liteapi
lp6559036f,The Town House,hotel,28.661237,77.088385,3.0,,,False,3.0,2.0,https://static.cupid.travel/hotels/ex_178e3a49_z.jpg,liteapi
lp657ac446,Hotel O Flourish,hotel,28.68308,77.2556,3.0,,,False,3.0,2.0,https://static.cupid.travel/hotels/608752440.jpg,liteapi
lp6559939e,"Hotel Ashirwad near New Delhi Railway Station, Paharganj",hotel,28.658754,77.22352,3.0,,,False,2.9,17.0,https://static.cupid.travel/hotels/470386751.jpg,liteapi
lp65544ce5,Hotel Melfort,hotel,28.548389,77.127562,3.0,,,False,2.4,6.0,https://static.cupid.travel/hotels/ex_6ec923fd_z.jpg,liteapi
lp656bcf01,Fabhotel Kochar Continental,hotel,28.659337997436523,77.1902084350586,3.0,,,False,,,https://static.cupid.travel/hotels/ex_bbd58014_z.jpg,liteapi
lp655a8c59,SPOT ON Raj Hotel Vip Near Worlds Of Wonder,hotel,28.57146,77.32758,2.0,,,False,2.6,23.0,https://static.cupid.travel/hotels/498078674.jpg,liteapi
lp6573d601,Hotel O Sun Shine,hotel,28.63328,77.28071,4.0,,,False,1.7,19.0,https://static.cupid.travel/hotels/569391007.jpg,liteapi
lp655baa09,Hotel O Royal Stay,hotel,28.58994,77.30364,3.0,,,False,3.0,11.0,https://static.cupid.travel/hotels/552409739.jpg,liteapi
lp6576305d,Hotel O SS Paradise,hotel,28.55606,77.24936,4.0,,,False,2.4,5.0,https://static.cupid.travel/hotels/583976198.jpg,liteapi
lp98739,Hotel The W,hotel,28.632271,77.216572,3.0,,,False,2.4,5.0,https://static.cupid.travel/hotels/ex_9774cb9d_z.jpg,liteapi
lpd8ded,Hotel The Best,hotel,28.550884,77.131444,3.0,,,False,2.5,4.0,https://static.cupid.travel/hotels/ex_31f38cf3_z.jpg,liteapi
lp656c3111,Hotel Aura Deluxe,hotel,28.653103,77.233811,3.0,,,False,2.6,3.0,https://static.cupid.travel/hotels/ex_48e23833_z.jpg,liteapi
lp656bbde9,HOTEL AEROTECH,hotel,28.546928,77.126425,2.0,,,False,3.0,1.0,https://static.cupid.travel/hotels/ex_31a6b1f6_z.jpg,liteapi
lp6581997f,Hotel Runway,hotel,28.547335,77.126097,3.0,,,False,3.0,1.0,https://static.cupid.travel/hotels/531067079.jpg,liteapi
lp657a9dcc,HOTEL SAUBHAGYA DEEP Inn,hotel,28.57376,77.22717,,,,False,3.0,1.0,https://static.cupid.travel/hotels/604775834.jpg,liteapi
lp655a72f9,Hotel Jageer Palace,hotel,28.639312,77.130548,3.0,,,False,4.0,1.0,https://static.cupid.travel/hotels/ex_4c05d6da_z.jpg,liteapi
lp6af01,Hotel Bonlon Inn,hotel,28.647026,77.182822,3.0,,,False,3.0,1.0,https://static.cupid.travel/hotels/ex_1dcbbb36_z.jpg,liteapi
lp657336ba,Hotel O HOME Cozy Stay,hotel,28.568194,77.247028,,,,False,1.9,10.0,https://static.cupid.travel/hotels/621844499.jpg,liteapi
lp656ba4c9,Sheesh Mahal Bed & Breakfast,hotel,28.566827,77.221199,,,,False,3.0,8.0,https://static.cupid.travel/hotels/268738669.jpg,liteapi
lp65873e3a,Majestic Park B & B,hotel,28.54229,77.128956,3.0,,,False,2.0,6.0,https://static.cupid.travel/hotels/ex_2626bee7_z.jpg,liteapi
lp655baa0e,Southern Regency,hotel,28.646798,77.196441,3.0,,,False,3.5,3.0,https://static.cupid.travel/hotels/314420220.jpg,liteapi
lp6573e438,Super Hotel O JMK,hotel,28.53725,77.11555,3.0,,,False,2.3,3.0,https://static.cupid.travel/hotels/594715419.jpg,liteapi
lp65712727,Lotus Stay - 1 Min Walk in from Nizamuddin Railway Station,hotel,28.589802,77.255951,,,,False,2.0,6.0,https://static.cupid.travel/hotels/600759818.jpg,liteapi
lpbcf5d,Hotel Maanvi,hotel,28.646846,77.212368,2.0,,,False,2.0,5.0,https://static.cupid.travel/hotels/ex_ff452123_z.jpg,liteapi
lpc8248,OYO 10557 Le Mount,hotel,28.55027,77.13026,3.0,,,False,,1.0,https://static.cupid.travel/hotels/ex_0590fc07_z.jpg,liteapi
lpb8561,Glow inn hostel,hostel,28.641743,77.214736,3.0,,,False,2.6,1.0,https://static.cupid.travel/hotels/ex_22772ab0_z.jpg,liteapi
lp655ba977,Fabhotel Lord Inn,hotel,28.542482,77.242532,3.0,,,False,4.0,,https://static.cupid.travel/hotels/ex_w3000h2092x0y3-5e7a3e67_z.jpg,liteapi
lp655b20ee,FabHotel Baba Residency,hotel,28.646356,77.214924,3.0,,,False,4.0,1.0,https://static.cupid.travel/hotels/ex_b204adb1_z.jpg,liteapi
lp655a7429,Hotel Fortune Stay,hotel,28.708864,77.331613,2.0,,,False,4.0,,https://static.cupid.travel/hotels/ex_2bf2e823_z.jpg,liteapi
lp655ba9c8,Collection O Nirvana Residency Near Lotus Temple,hotel,28.555732,77.251508,4.0,,,False,2.2,21.0,https://static.cupid.travel/hotels/570971848.jpg,liteapi
lp65727628,Super Hotel O JPS Lux,hotel,28.674139,77.08827,3.0,,,False,1.5,11.0,https://static.cupid.travel/hotels/605406821.jpg,liteapi
lp65868a03,Airport Hotel Platinum,hotel,28.546718,77.124922,3.0,,,False,2.0,4.0,https://static.cupid.travel/hotels/ex_w1275h830x4y0-8fcd7fa7_z.jpg,liteapi
lp73e47,Westend Holiday Home,hotel,28.584168,77.248274,2.0,,,False,2.0,4.0,https://static.cupid.travel/hotels/ex_5cb3fd84_z.jpg,liteapi
lp656c3734,Roomshala 121 Hotel Classic,hotel,28.587364,77.255189,2.0,,,False,2.0,4.0,https://static.cupid.travel/hotels/ex_0a8dbd0f_z.jpg,liteapi
lp65796c32,Hotel O Ratiram,hotel,28.572216,77.32677,3.0,,,False,1.4,10.0,https://static.cupid.travel/hotels/607573968.jpg,liteapi
lp843ce,Hotel Airport Royal Blue,hotel,28.547187,77.125943,2.0,,,False,2.0,3.0,https://static.cupid.travel/hotels/ex_598196e2_z.jpg,liteapi
lp1c6172,OYO 18408 Twilight,hotel,28.5484,77.1273,3.0,,,False,2.0,3.0,https://static.cupid.travel/hotels/ex_244b180b_z.jpg,liteapi
lp6587565b,Hotel King Plaza,hotel,28.550211,77.130312,2.0,,,False,2.0,3.0,https://static.cupid.travel/hotels/ex_b3ed8ce9_z.jpg,liteapi
lp657d9b5b,Hotel Beaumont Inn,hotel,28.553807,77.122675,3.0,,,False,2.0,3.0,https://static.cupid.travel/hotels/ex_dea0bb33_z.jpg,liteapi
lpffbb6,Heritage Inn - Paharganj,hotel,28.64258,77.21046,3.0,,,False,2.0,3.0,https://static.cupid.travel/hotels/ex_a5da2471_z.jpg,liteapi
lp657d72ee,Hotel Tripple Tree,hotel,28.645674,77.183303,3.0,,,False,2.0,3.0,https://static.cupid.travel/hotels/ex_467186a2_z.jpg,liteapi
lp6558bed3,Hotel Mannat,hotel,28.701746,77.162538,2.0,,,False,2.0,3.0,https://static.cupid.travel/hotels/ex_w693h501x69y42-4746bce0_z.jpg,liteapi
lp860aa,"Hotel The Paramont, Delhi",hotel,28.518713,77.089149,4.0,,,False,2.0,2.0,https://static.cupid.travel/hotels/ex_699f90a1_z.jpg,liteapi
lp656c36bc,FabHotel Gera’s,hotel,28.541123,77.25979,3.0,,,False,2.0,2.0,https://static.cupid.travel/hotels/ex_5e5c150f_z.jpg,liteapi
lpb8901,OYO 12674 Hotel Decent Palace,hotel,28.54116,77.12978,3.0,,,False,2.0,2.0,https://static.cupid.travel/hotels/ex_3f1ff003_z.jpg,liteapi
lpb73f8,Rudraksh Plaza,hotel,28.5414,77.1182,3.0,,,False,2.0,2.0,https://static.cupid.travel/hotels/ex_3c0f7fb8_z.jpg,liteapi
lp101c16,Airport Hotel Ambience Inn,hotel,28.543022,77.128732,3.0,,,False,2.0,2.0,https://static.cupid.travel/hotels/ex_15cf5360_z.jpg,liteapi
lp186859,Capital O 16970 Hotel Mahal,hotel,28.54321,77.12859,3.0,,,False,2.0,2.0,https://static.cupid.travel/hotels/ex_dc90f2cd_z.jpg,liteapi
lpd6301,Hotel Sehrawat inn,hotel,28.548639,77.127759,4.0,,,False,2.0,2.0,https://static.cupid.travel/hotels/ex_e21bbd02_z.jpg,liteapi
lp656c33fa,Hotel Hauz Khas Fort View,hotel,28.55325,77.195099,2.0,,,False,2.0,2.0,https://static.cupid.travel/hotels/ex_19e577e6_z.jpg,liteapi
lp656c335e,FabHotel Sentinel Suites,hotel,28.56694,77.18954,3.0,,,False,2.0,2.0,https://static.cupid.travel/hotels/462361254.jpg,liteapi
lp26ab7b,Sri Sai Inn,hotel,28.590304,77.255232,2.0,,,False,2.0,2.0,https://static.cupid.travel/hotels/ex_9bb1eb69_z.jpg,liteapi
lp656c2754,Comfort Inn Hotel.Near MayurVihar Metro1,hotel,28.60848,77.29352,3.0,,,False,2.0,2.0,https://static.cupid.travel/hotels/ex_837a3976_z.jpg,liteapi
lpbaa20,OYO Flagship 046 Vaishali Max Hospital,hotel,28.634998,77.331656,3.0,,,False,2.0,2.0,https://static.cupid.travel/hotels/ex_e9f3baac_z.jpg,liteapi
lp657dc65d,Hotel Sai Dham International,hotel,28.64203,77.21529,3.0,,,False,2.0,2.0,https://static.cupid.travel/hotels/494997421.jpg,liteapi
lpea87b,OYO 12519 Hotel Sun Palace,hotel,28.647392,77.1982,2.0,,,False,2.0,2.0,https://static.cupid.travel/hotels/ex_f10b60ee_z.jpg,liteapi
lp7ae62,Hotel Karat 87 Inn,hotel,28.649113,77.188794,3.0,,,False,2.0,2.0,https://static.cupid.travel/hotels/ex_195afbfc_z.jpg,liteapi
lp1a1444,The Penthouse Delhi,hotel,28.665112,77.290135,4.0,,,False,2.0,2.0,https://static.cupid.travel/hotels/ex_a4fc6b75_z.jpg,liteapi
lpea886,OYO 12190 Blue Umbrella,hotel,28.708151,77.204752,3.0,,,False,2.0,2.0,https://static.cupid.travel/hotels/ex_866b5268_z.jpg,liteapi
lp65777049,Super Hotel O Amazing Guest House,hotel,28.643126,77.122849,4.0,,,False,1.1,12.0,https://static.cupid.travel/hotels/457473272.jpg,liteapi
lp656c30c3,Hotel Arch Suites,hotel,28.548954,77.1313,3.0,,,False,2.0,1.0,https://static.cupid.travel/hotels/ex_21bf14fb_z.jpg,liteapi
lp655bb2ee,Hotel O City Inn Dx,hotel,28.6396,77.21359,4.0,,,False,2.2,9.0,https://static.cupid.travel/hotels/564304030.jpg,liteapi
lp6582acc1,Hotel Swapnil International,hotel,28.5496,77.12825,3.0,,,False,1.7,3.0,https://static.cupid.travel/hotels/580478853.jpg,liteapi
lpe9f4e,Hotel Taksh Inn,hotel,28.644348,77.186789,3.0,,,False,2.0,1.0,https://static.cupid.travel/hotels/ex_a0e57b29_z.jpg,liteapi
lpcf36c,Hotel Hill Palace,hotel,28.64576,77.18676,3.0,,,False,2.0,1.0,https://static.cupid.travel/hotels/ex_4bc27056_z.jpg,liteapi
lp1dee26,OYO 15835 Hotel City Palace,hotel,28.6455,77.2152,2.0,,,False,2.0,1.0,https://static.cupid.travel/hotels/ex_177a07fd_z.jpg,liteapi
lp655adfb5,A.K Residency,hotel,28.556087,77.250644,4.0,,,False,1.7,17.0,https://static.cupid.travel/hotels/544663280.jpg,liteapi
lp658291a6,FabHotel Saket Residency,hotel,28.510345,77.201775,3.0,,,False,2.0,1.0,https://static.cupid.travel/hotels/ex_f838b5a9_z.jpg,liteapi
lp655824b4,The Premium Villa,hotel,28.511288,77.232725,2.0,,,False,2.0,1.0,https://static.cupid.travel/hotels/ex_50e0e017_z.jpg,liteapi
lpeea14,Hotel Airport Express,hotel,28.52686,77.13593,2.0,,,False,2.0,1.0,https://static.cupid.travel/hotels/ex_8bc896d7_z.jpg,liteapi
lp656ee87c,Roomshala 170 Hotel Aura,hotel,28.52856,77.21218,2.0,,,False,2.0,1.0,https://static.cupid.travel/hotels/ex_babf225d_z.jpg,liteapi
lp1c643e,Capital O 28618 New Haven Hotel,hotel,28.536203,77.2387,3.0,,,False,2.0,1.0,https://static.cupid.travel/hotels/ex_8d87678f_z.jpg,liteapi
lpe2a69,Hotel Celebration Gardens,hotel,28.5367,77.11486,3.0,,,False,2.0,1.0,https://static.cupid.travel/hotels/ex_861d9b9b_z.jpg,liteapi
lp65581528,Prime Residency,hotel,28.537848,77.210033,3.0,,,False,2.0,1.0,https://static.cupid.travel/hotels/ex_1bfc470e_z.jpg,liteapi
lp6557bc6b,Farmhouse Inn,hotel,28.540784,77.119334,4.0,,,False,2.0,1.0,https://static.cupid.travel/hotels/ex_1ed6b92a_z.jpg,liteapi
lp656bcda4,Airport Hotel Redstone,hotel,28.541719,77.129661,2.0,,,False,2.0,1.0,https://static.cupid.travel/hotels/ex_37bbb56b_z.jpg,liteapi
lp656c3028,Roomshala 111 Cosy Nook,hotel,28.542047,77.205344,3.0,,,False,2.0,1.0,https://static.cupid.travel/hotels/ex_3cf2e964_z.jpg,liteapi
lp65759361,HOTEL DV PLAZA INN Near Delhi Airport,hotel,28.542049,77.129395,,,,False,2.0,1.0,https://static.cupid.travel/hotels/ex_15427b01_z.jpg,liteapi
lpb998b,Hotel Ark Of Avalon,hotel,28.542141,77.128276,3.0,,,False,2.0,1.0,https://static.cupid.travel/hotels/ex_e6d17889_z.jpg,liteapi
lpea868,OYO 12171 Hotel Sky View,hotel,28.54438,77.1288,2.0,,,False,2.0,1.0,https://static.cupid.travel/hotels/ex_6581db59_z.jpg,liteapi
lp325b07,OYO 49069 A Suites,hotel,28.544623,77.121383,3.0,,,False,2.0,1.0,https://static.cupid.travel/hotels/ex_e3edfb8c_z.jpg,liteapi
lpceddd,OYO 11384 Hotel Diamond Star,hotel,28.54467,77.12847,3.0,,,False,2.0,1.0,https://static.cupid.travel/hotels/ex_af20af15_z.jpg,liteapi
lpe1757,FabHotel Stay Residency,hotel,28.546731,77.248419,3.0,,,False,2.0,1.0,https://static.cupid.travel/hotels/ex_cbc9f86d_z.jpg,liteapi
lp325bc5,Hotel Blue Star Inn,hotel,28.546894,77.128211,3.0,,,False,2.0,1.0,https://static.cupid.travel/hotels/ex_869fced0_z.jpg,liteapi
lp656c3b80,Hotel Del inn By F9,hotel,28.547118,77.12366,2.0,,,False,2.0,1.0,https://static.cupid.travel/hotels/ex_c9f64732_z.jpg,liteapi
lp6579c929,HOTEL IVORY INN,hotel,28.547696,77.127037,,,,False,2.0,1.0,https://static.cupid.travel/hotels/ex_a50df94b_z.jpg,liteapi
lp65592701,Hotel Jupiter Inn,hotel,28.548291,77.127639,3.0,,,False,2.0,1.0,https://static.cupid.travel/hotels/ex_31678a6e_z.jpg,liteapi
lp21944d,Red Crown Hotel,hotel,28.548356,77.126946,3.0,,,False,2.0,1.0,https://static.cupid.travel/hotels/ex_eebafa08_z.jpg,liteapi
lpc088c,Hotel Sunrise Moon,hotel,28.548372,77.127052,3.0,,,False,2.0,1.0,https://static.cupid.travel/hotels/ex_2ff07d44_z.jpg,liteapi
lp65827323,Jupiter Plaza,hotel,28.548386,77.127836,2.0,,,False,2.0,1.0,https://static.cupid.travel/hotels/ex_56b5e3e3_z.jpg,liteapi
lp656c3139,FabHotel TP Suites,hotel,28.548447,77.128149,3.0,,,False,2.0,1.0,https://static.cupid.travel/hotels/ex_5ce6b969_z.jpg,liteapi
lp656c2edf,OPO THE ALPINO,hotel,28.548513,77.126869,3.0,,,False,2.0,1.0,https://static.cupid.travel/hotels/ex_ca8d7046_z.jpg,liteapi
lp657eed71,hotel banz,hotel,28.54944,77.12946,4.0,,,False,2.0,1.0,https://static.cupid.travel/hotels/ex_a39a0f1a_z.jpg,liteapi
lp1b4be4,OYO 19687 Hotel Airway,hotel,28.549632,77.130782,2.0,,,False,2.0,1.0,https://static.cupid.travel/hotels/ex_81eec0b8_z.jpg,liteapi
lp598e7,Aerocity Hotel The Airport,hotel,28.549704,77.129079,3.0,,,False,2.0,1.0,https://static.cupid.travel/hotels/ex_d8ec1e70_z.jpg,liteapi
lp656c306f,Hotel Raaso inn greater kailash -1,hotel,28.55044,77.24406,3.0,,,False,2.0,1.0,https://static.cupid.travel/hotels/ex_e9ff4160_z.jpg,liteapi
lp540b7,Hotel Era Mahipalpur,hotel,28.550975,77.130324,4.0,,,False,2.0,1.0,https://static.cupid.travel/hotels/ex_bdc785ef_z.jpg,liteapi
lp2210ae,Hotel Om Paradise Near IGI Delhi Airport,hotel,28.55112,77.13252,2.0,,,False,2.0,1.0,https://static.cupid.travel/hotels/ex_f6fbb86a_z.jpg,liteapi
lp1131aa,Woodpecker - 2 Bedroom Service Apartment,hotel,28.552163,77.206633,3.0,,,False,2.0,1.0,https://static.cupid.travel/hotels/ex_3658a8ed_z.jpg,liteapi
lp6579b760,The Luxe Living,hotel,28.55237,77.3225,,,,False,2.0,1.0,https://static.cupid.travel/hotels/602271603.jpg,liteapi
lp657823b3,Locals Stay Hauz Khas,hotel,28.553178,77.19433,,,,False,2.0,1.0,https://static.cupid.travel/hotels/ex_cab6013d_z.jpg,liteapi
lp6580fa30,Hotel Royalty Residency,hotel,28.555827,77.183724,3.0,,,False,2.0,1.0,https://static.cupid.travel/hotels/ex_da57b476_z.jpg,liteapi
lp1def38,OYO 14908 Chirag Residency,hotel,28.5645,77.1917,3.0,,,False,2.0,1.0,https://static.cupid.travel/hotels/ex_f6afdc14_z.jpg,liteapi
lp656c30ac,Roomshala 039 Hotel Rk,hotel,28.570813,77.326116,3.0,,,False,2.0,1.0,https://static.cupid.travel/hotels/ex_4ce4f2a0_z.jpg,liteapi
lp656c35f3,Roomshala 112 Hotel Blissbourn,hotel,28.571294,77.239359,3.0,,,False,2.0,1.0,https://static.cupid.travel/hotels/ex_9685fe9a_z.jpg,liteapi
lp6555de34,"Posh Sdelhi Foreigners Area, Vsafe, Lajpat Ngr-2",hotel,28.571492,77.24592,4.0,,,False,2.0,1.0,https://static.cupid.travel/hotels/225858862.jpg,liteapi
lp656f5acb,The Midas Noida Sector 18,hotel,28.573998,77.323392,2.0,,,False,2.0,1.0,https://static.cupid.travel/hotels/ex_3807d20e_z.jpg,liteapi
lp656c337e,Hotel Sun Residency,hotel,28.574841,77.242063,2.0,,,False,2.0,1.0,https://static.cupid.travel/hotels/ex_e28bcb2d_z.jpg,liteapi
lp656c28e1,FabHotel Pulse Impulse,hotel,28.575206,77.262197,3.0,,,False,7.5,103.0,https://static.cupid.travel/hotels/551970549.jpg,liteapi
lp8dd00,OYO Flagship 5383 Hotel Under Bridge Inn,hotel,28.576256,77.263718,2.0,,,False,2.0,1.0,https://static.cupid.travel/hotels/ex_99dccfdb_z.jpg,liteapi
lp6555ec2c,Hello Stay Green,hotel,28.578664,77.31742,3.0,,,False,2.0,1.0,https://static.cupid.travel/hotels/ex_ca4ddb25_z.jpg,liteapi
lp65782abb,TAVISHA VILLA FILM CITY ROAD,hotel,28.581207,77.303921,3.0,,,False,2.0,1.0,https://static.cupid.travel/hotels/ex_38c0ee3f_z.jpg,liteapi
lp1c6355,Capital O 14451 The residency,hotel,28.581574,77.313774,3.0,,,False,2.0,1.0,https://static.cupid.travel/hotels/ex_0d1ca3d4_z.jpg,liteapi
lp655854a1,Treebo Apple Pie,hotel,28.582247,77.327869,2.0,,,False,2.0,1.0,https://static.cupid.travel/hotels/ex_78ecbf30_z.jpg,liteapi
lp190247,Delhi Inn,hotel,28.590059,77.255251,2.0,,,False,2.0,1.0,https://static.cupid.travel/hotels/ex_ef96e4bf_z.jpg,liteapi
lp2096cb,Central Guest House,hotel,28.591167,77.243635,3.0,,,False,2.0,1.0,https://static.cupid.travel/hotels/ex_42ae6ae5_z.jpg,liteapi
lp1d5e1c,OYO 24743 Janak Residency,hotel,28.6078,77.103,3.0,,,False,2.0,1.0,https://static.cupid.travel/hotels/ex_c315b266_z.jpg,liteapi
lp1d6130,OYO 24380 Park View Guest House,hotel,28.635015,77.316358,3.0,,,False,2.0,1.0,https://static.cupid.travel/hotels/ex_16d9610f_z.jpg,liteapi
lp6575ebca,The Park Ambanc-New Delhi,hotel,28.635925,77.206168,2.0,,,False,2.0,1.0,https://static.cupid.travel/hotels/ex_01935d0c_z.jpg,liteapi
lp65584970,Hotel Red Coral,hotel,28.63595,77.310154,2.0,,,False,2.0,1.0,https://static.cupid.travel/hotels/ex_dde7185e_z.jpg,liteapi
lp6585f0e3,Hotel Heaven  Pacific Mall Subhash Nagar,hotel,28.638118,77.105722,3.0,,,False,2.0,1.0,https://static.cupid.travel/hotels/ex_dfbdc43c_z.jpg,liteapi
lp657fc4d1,Hotel Kaushambi Grand,hotel,28.63931,77.32474,,,,False,2.0,1.0,https://static.cupid.travel/hotels/553790169.jpg,liteapi
lp196dbd,Hotel Hare Rama Deluxe,hotel,28.640611,77.212143,3.0,,,False,2.0,1.0,https://static.cupid.travel/hotels/ex_48142928_z.jpg,liteapi
lp65575d1c,Goroomgo Bajrang Paharganj New Delhi,hotel,28.640773,77.215226,2.0,,,False,2.0,1.0,https://static.cupid.travel/hotels/ex_fe3a751c_z.jpg,liteapi
lp6572b748,Hotel Neu Villa - Airport Pickup,hotel,28.640932,77.210178,3.0,,,False,2.0,1.0,https://static.cupid.travel/hotels/ex_56abe706_z.jpg,liteapi
lpc6754,The Gold Inn,hotel,28.64123,77.21553,3.0,,,False,2.0,1.0,https://static.cupid.travel/hotels/ex_f320fd79_z.jpg,liteapi
lpc8804,OYO 9233 Hotel Cottage Lord krishna,hotel,28.6413,77.21353,3.0,,,False,2.0,1.0,https://static.cupid.travel/hotels/ex_91e183bc_z.jpg,liteapi
lp656bd7ee,Hotel Red stone inn New Delhi,hotel,28.641573,77.217084,3.0,,,False,2.0,1.0,https://static.cupid.travel/hotels/ex_0486e341_z.jpg,liteapi
lpd1490,Hotel Capital Residency,hotel,28.64178,77.21755,3.0,,,False,2.0,1.0,https://static.cupid.travel/hotels/ex_45839607_z.jpg,liteapi
lpdcc75,Hotel Noble International,hotel,28.64204,77.21705,3.0,,,False,2.0,1.0,https://static.cupid.travel/hotels/ex_abdd3dd8_z.jpg,liteapi
lp35e7a7,Hotel York Legacy,hotel,28.64222,77.216579,3.0,,,False,2.0,1.0,https://static.cupid.travel/hotels/ex_d7338080_z.jpg,liteapi
lp16e952,Hotel Noble Deluxe,hotel,28.642616,77.217708,3.0,,,False,2.0,1.0,https://static.cupid.travel/hotels/ex_22121f2a_z.jpg,liteapi
lp1d4cea,Hotel lahorimal Deluxe Paharganj,hotel,28.6433,77.2179,3.0,,,False,2.0,1.0,https://static.cupid.travel/hotels/ex_7ba973de_z.jpg,liteapi
lp656bc8ac,Hotel Sunrise Dx @ Opposite New Delhi Railway Station,hotel,28.643802,77.217651,3.0,,,False,2.0,1.0,https://static.cupid.travel/hotels/ex_w908h612x0y0-17b1c5c3_z.jpg,liteapi
lp38409b,ADB Rooms Hotel Metro Plaza,hotel,28.64387,77.210831,3.0,,,False,2.0,1.0,https://static.cupid.travel/hotels/ex_671abaf3_z.jpg,liteapi
lpdda0e,Excelente Hotel,hotel,28.6439,77.21465,3.0,,,False,2.0,1.0,https://static.cupid.travel/hotels/ex_b652f58b_z.jpg,liteapi
lpced27,FabHotel Nagpal Palace,hotel,28.6444,77.175323,3.0,,,False,2.0,1.0,https://static.cupid.travel/hotels/ex_03a4a2ed_z.jpg,liteapi
lp65725dd9,Hotel Le Cashew By A1Rooms,hotel,28.644471,77.217136,2.0,,,False,2.0,1.0,https://static.cupid.travel/hotels/ex_68bcf193_z.jpg,liteapi
lp65549521,OYO 5985 Hotel Priya Palace,hotel,28.645084,77.21434,3.0,,,False,2.0,1.0,https://static.cupid.travel/hotels/ex_39611c4d_z.jpg,liteapi
lp6578385e,ADB Rooms Hotel Ivory Palace,hotel,28.64564,77.18625,3.0,,,False,2.0,1.0,https://static.cupid.travel/hotels/ex_f76fa3ed_z.jpg,liteapi
lpc62b0,OYO 10562 Paharganj,hotel,28.645661,77.211841,2.0,,,False,2.0,1.0,https://static.cupid.travel/hotels/ex_21f0f0bc_z.jpg,liteapi
lpc86aa,Arihant Inn Delhi,hotel,28.645691,77.184074,3.0,,,False,2.0,1.0,https://static.cupid.travel/hotels/ex_fd5b9db2_z.jpg,liteapi
lpc39c8,hotel kanishka palace,hotel,28.64572,77.18438,4.0,,,False,2.0,1.0,https://static.cupid.travel/hotels/ex_1d70a3e3_z.jpg,liteapi
lpc7d07,Hotel Royal Grand,hotel,28.645757,77.174658,4.0,,,False,2.0,1.0,https://static.cupid.travel/hotels/ex_440dfce2_z.jpg,liteapi
lp5ed17,Hotel Singh Sahib,hotel,28.646062,77.1935,3.0,,,False,2.0,1.0,https://static.cupid.travel/hotels/ex_1e0f0a4f_z.jpg,liteapi
lpe7c01,Woodapple Residency,hotel,28.64607,77.30093,3.0,,,False,2.0,1.0,https://static.cupid.travel/hotels/ex_9c169181_z.jpg,liteapi
lp379ff8,OYO 35981 Rohit Dx,hotel,28.646083,77.214314,3.0,,,False,2.0,1.0,https://static.cupid.travel/hotels/ex_7625af9b_z.jpg,liteapi
lpc3924,ADB Rooms Hotel Ashiana,hotel,28.646144,77.215536,3.0,,,False,2.0,1.0,https://static.cupid.travel/hotels/ex_df9c8c87_z.jpg,liteapi
lp656c3007,Roomshala 092 HOTEL DELHI CONTINENTAL,hotel,28.646225,77.211011,3.0,,,False,2.0,1.0,https://static.cupid.travel/hotels/ex_9848c8b9_z.jpg,liteapi
lpc447c,Hotel Yatri International G.H,hotel,28.64679,77.21294,3.0,,,False,2.0,1.0,https://static.cupid.travel/hotels/ex_ef0762b4_z.jpg,liteapi
lp5d919,Hotel Vista Inn,hotel,28.647406,77.187232,3.0,,,False,2.0,1.0,https://static.cupid.travel/hotels/ex_09f4c82e_z.jpg,liteapi
lpc6147,Hotel KNK International,hotel,28.647813,77.186624,2.0,,,False,2.0,1.0,https://static.cupid.travel/hotels/ex_044922fc_z.jpg,liteapi
lp18a42b,Fabhotel Galaxy,hotel,28.649271,77.165468,3.0,,,False,2.0,1.0,https://static.cupid.travel/hotels/ex_4ff2aaf8_z.jpg,liteapi
lpc1476,Hotel Orchid  Garden,hotel,28.652175,77.193946,4.0,,,False,2.0,1.0,https://static.cupid.travel/hotels/ex_0ba4c74a_z.jpg,liteapi
lp65706c62,Roomshala 176 Hotel Green Palace,hotel,28.652735,77.291344,2.0,,,False,2.0,1.0,https://static.cupid.travel/hotels/ex_cb13e705_z.jpg,liteapi
lp656c35af,Roomshala 088 Hotel Green Villa,hotel,28.653521,77.312499,3.0,,,False,2.0,1.0,https://static.cupid.travel/hotels/ex_w3648h5346x0y126-b98c68e6_z.jpg,liteapi
lp656bd259,Hotel Lyf Corporate Suites Meera Bagh,hotel,28.65952,77.09095,2.0,,,False,2.0,1.0,https://static.cupid.travel/hotels/528645155.jpg,liteapi
lp1e3842,Hotel New Frontier,hotel,28.6616,77.2202,3.0,,,False,2.0,1.0,https://static.cupid.travel/hotels/ex_c96e1e7b_z.jpg,liteapi
lpc86f2,OYO 5434 Hotel Delhi Delight,hotel,28.662278,77.184511,3.0,,,False,2.0,1.0,https://static.cupid.travel/hotels/ex_c82e2e14_z.jpg,liteapi
lp6578c791,City Westend Punjabi Bagh West Delhi,hotel,28.666313,77.125453,3.0,,,False,2.0,1.0,https://static.cupid.travel/hotels/ex_2e63ae85_z.jpg,liteapi
lp656c24ba,Hotel Town House,hotel,28.668894,77.095058,2.0,,,False,2.0,1.0,https://static.cupid.travel/hotels/ex_ff4102de_z.jpg,liteapi
lp656bc1d6,Hotel Lyf Corporate Suites - Peera Garhi,hotel,28.678802,77.097747,2.0,,,False,2.0,1.0,https://static.cupid.travel/hotels/ex_e6c0efe1_z.jpg,liteapi
lp656c2e48,FabHotel Royal Mirage I,hotel,28.684472,77.124617,3.0,,,False,2.0,1.0,https://static.cupid.travel/hotels/ex_fb7dda5e_z.jpg,liteapi
lp65582204,Hotel Red Chilly,hotel,28.694529,77.194775,2.0,,,False,2.0,1.0,https://static.cupid.travel/hotels/ex_352e1ca6_z.jpg,liteapi
lp656bbe78,FabHotel Rayplus,hotel,28.713149,77.138034,3.0,,,False,2.0,1.0,https://static.cupid.travel/hotels/ex_c98d0297_z.jpg,liteapi
lp656c2b93,Roomshala 004 Mannat Residency,hotel,28.716052,77.156185,3.0,,,False,2.0,1.0,https://static.cupid.travel/hotels/ex_w6000h3892x0y8-ed291a1d_z.jpg,liteapi
lp6577e5d0,Super Hotel O The Shagun Residency,hotel,28.63432,77.0979,3.0,,,False,1.0,9.0,https://static.cupid.travel/hotels/613348502.jpg,liteapi
lp655bb284,Hotel O Anshun Residency,hotel,28.710543,77.118141,3.0,,,False,1.5,18.0,https://static.cupid.travel/hotels/498042479.jpg,liteapi
lpb198b,Hotel signature grand,hotel,28.630566,77.113663,3.0,,,False,,,https://static.cupid.travel/hotels/ex_79655990_z.jpg,liteapi
lp65677f6e,Anand Villa One,hotel,28.623869,77.280114,,,,False,2.5,2.0,https://static.cupid.travel/hotels/226826529.jpg,liteapi
lp655ae462,OYO Hotel West Delhi Inn Near Tdi Mall,hotel,28.66022,77.15214,3.0,,,False,1.9,7.0,https://static.cupid.travel/hotels/498027677.jpg,liteapi
lp362cc7,OYO Flagship Krishna Residency,hotel,28.55605,77.25123,3.0,,,False,1.3,3.0,https://static.cupid.travel/hotels/hd/560339348.jpg,liteapi
lp657630a5,OYO Townhouse Saket Residency 1 Delhi,hotel,28.510453,77.202063,4.0,,,False,1.0,6.0,https://static.cupid.travel/hotels/584573368.jpg,liteapi
lp657a8aae,FabHotel Silver Key I,hotel,28.63741,77.10618,3.0,,,False,1.0,6.0,https://static.cupid.travel/hotels/618994208.jpg,liteapi
lp656c2054,FabHotel Roseman,hotel,28.517665,77.165251,3.0,,,False,2.0,,https://static.cupid.travel/hotels/ex_f1e5310d_z.jpg,liteapi
lp656c3745,Hotel Diamond Tree Saket,hotel,28.522554,77.207205,2.0,,,False,2.0,,https://static.cupid.travel/hotels/ex_ebc70bd7_z.jpg,liteapi
lp656c2e9e,Fabexpress The Divine Residency,hotel,28.530899,77.086303,3.0,,,False,2.0,,https://static.cupid.travel/hotels/ex_680f7d99_z.jpg,liteapi
lp379428,OYO 49985 Singh Hotel,hotel,28.533252,77.298172,2.0,,,False,2.0,,https://static.cupid.travel/hotels/ex_0bfd1ba7_z.jpg,liteapi
lp1ee95f,Hotel SM Palace,hotel,28.540548,77.294933,3.0,,,False,2.0,,https://static.cupid.travel/hotels/ex_e7859ca9_z.jpg,liteapi
lpdb801,Anara Service Apartments - Greater Kailash Part II,hotel,28.54123,77.240573,4.0,,,False,8.6,139.0,https://static.cupid.travel/hotels/62873721.jpg,liteapi
lp6557bb40,Hotel Ark Avalon Plaza-Delhi Airport,hotel,28.542147,77.128249,3.0,,,False,2.0,,https://static.cupid.travel/hotels/ex_4411381d_z.jpg,liteapi
lpc8810,OYO 466 Hotel Lotus B&B,hotel,28.544067,77.245517,2.0,,,False,2.0,,https://static.cupid.travel/hotels/ex_d037ae90_z.jpg,liteapi
lp656c2841,Fabhotel The Kiara,hotel,28.544302,77.128479,3.0,,,False,2.0,,https://static.cupid.travel/hotels/ex_24a6480a_z.jpg,liteapi
lp21b151,Hotel Trio Suites,hotel,28.545981,77.123887,3.0,,,False,2.0,,https://static.cupid.travel/hotels/ex_68cf84f5_z.jpg,liteapi
lp6579d44d,Hotel Lotus Arc,hotel,28.547092,77.131978,,,,False,2.0,,https://static.cupid.travel/hotels/ex_7b18ccd7_z.jpg,liteapi
lp1bfc4e,OYO 24943 Hotel Airport Zone Olive,hotel,28.548896,77.129893,2.0,,,False,2.0,,https://static.cupid.travel/hotels/ex_9be2e430_z.jpg,liteapi
lp65579413,"Hotel Emblem Suites By Denver, Delhi Airport",hotel,28.549522,77.128996,2.0,,,False,2.0,,https://static.cupid.travel/hotels/ex_6567ea50_z.jpg,liteapi
lp6556fcd8,Hotel True Stay,hotel,28.64104,77.212966,3.0,,,False,2.0,,https://static.cupid.travel/hotels/ex_4a6b21bf_z.jpg,liteapi
lpc6ab7,Hotel Stay House,hotel,28.641912,77.214911,2.0,,,False,2.0,,https://static.cupid.travel/hotels/ex_2e9026c6_z.jpg,liteapi
lp21a29e,Hotel Gaylord,hotel,28.646114,77.214384,3.0,,,False,2.0,,https://static.cupid.travel/hotels/ex_67de35b8_z.jpg,liteapi
lp1c610f,OYO 24436 Ramji 7 Grand,hotel,28.6528,77.1423,2.0,,,False,2.0,,https://static.cupid.travel/hotels/ex_5869ac1f_z.jpg,liteapi
lpb1883,Fabhotel Marble Arch,hotel,28.65283,77.20271,3.0,,,False,2.0,,https://static.cupid.travel/hotels/ex_11c0edb7_z.jpg,liteapi
lp656c31e0,FabHotel VAT,hotel,28.659595,77.090989,3.0,,,False,2.0,,https://static.cupid.travel/hotels/ex_118e752b_z.jpg,liteapi
lp65582017,Hotel Leo Saffron,hotel,28.70063,77.150457,3.0,,,False,2.0,,https://static.cupid.travel/hotels/ex_26a9a431_z.jpg,liteapi
lp656bd730,Svaruchi (A Boutique Hotel),hotel,28.70246,77.117385,2.0,,,False,2.0,,https://static.cupid.travel/hotels/ex_4e1059a2_z.jpg,liteapi
lp6579e1ff,Hotel Stay Vista Near Delhi Airport With One Way Airport Transfar,hotel,28.558877,77.110946,4.0,,,False,,34.0,https://static.cupid.travel/hotels/607837096.jpg,liteapi
lp6588027b,National YMCA Hostel,hostel,28.626144,77.211503,2.0,,,False,,24.0,https://static.cupid.travel/hotels/ex_74f59429_z.jpg,liteapi
lp6574c281,Hotel O Travel INN,hotel,28.541655,77.13739,3.0,,,False,1.0,3.0,https://static.cupid.travel/hotels/460901048.jpg,liteapi
lp1c630b,Hotel O Brent wood,hotel,28.54856,77.13032,3.0,,,False,1.0,3.0,https://static.cupid.travel/hotels/600403901.jpg,liteapi
lp65881e98,Hotel Aerotech  Near Delhi Airport,hotel,28.549346,77.130119,3.0,,,False,,20.0,https://static.cupid.travel/hotels/ex_228d8af1_z.jpg,liteapi
lpb85e6,Hari Piorko Grand,hotel,28.641076,77.213948,3.0,,,False,3.0,193.0,https://static.cupid.travel/hotels/ex_c70bbc59_z.jpg,liteapi
lp6587c5d5,Hotel Dream World,hotel,28.542945,77.127849,3.0,,,False,,17.0,https://static.cupid.travel/hotels/ex_56f243f0_z.jpg,liteapi
lp657828d4,Via Rainbow Villa,hotel,28.546762,77.126662,3.0,,,False,1.0,2.0,https://static.cupid.travel/hotels/530026064.jpg,liteapi
lpaf634,OYO Flagship Hotel Airport Aerofly,hotel,28.54819,77.1283,3.0,,,False,1.0,2.0,https://snaphotelapi.com/hotels/479302436.jpg,liteapi
lp6575bfe4,Super Residency -- Near Nizamuddin Railway Station,hotel,28.582295,77.249996,,,,False,1.0,3.0,https://static.cupid.travel/hotels/334415470.jpg,liteapi
lpc865e,OYO Hotel Repose Villa Near Gurudwara Shri Bangla Sahib,hotel,28.64355,77.21161,3.0,,,False,1.0,2.0,https://static.cupid.travel/hotels/476495887.jpg,liteapi
lp655a7edb,Fabhotel Floyd,hotel,28.562864,77.243603,3.0,,,False,2.0,1.0,https://static.cupid.travel/hotels/ex_a18dd52c_z.jpg,liteapi
lp65874d3c,Micasa Homes,hotel,28.528986,77.208948,2.0,,,False,,,https://static.cupid.travel/hotels/ex_a4d613d7_z.jpg,liteapi
lp656c2baf,The Elevate Hotel by RS Global,hotel,28.548266,77.129298,4.0,,,False,,,https://static.cupid.travel/hotels/ex_9c250405_z.jpg,liteapi
lp65737227,Divine India Service Apartment 2Bhk 1A Saket,hotel,28.521238,77.206128,,,,False,1.0,1.0,https://static.cupid.travel/hotels/458793359.jpg,liteapi
lp657c8706,Hotel O Abhishek Residency,hotel,28.525782,77.259309,4.0,,,False,1.0,1.0,https://static.cupid.travel/hotels/551241777.jpg,liteapi
lp6571322d,Covie CoLiving Nehru Place 50,hotel,28.54661,77.25288,4.0,,,False,1.0,1.0,https://static.cupid.travel/hotels/607370859.jpg,liteapi
lp5e2dc,OYO Hotel City Lite Near Delhi Airport,hotel,28.54901,77.13133,3.0,,,False,1.0,1.0,https://snaphotelapi.com/hotels/481461721.jpg,liteapi
lp65827abb,Skyline Haven,hotel,28.550308,77.324439,,,,False,1.0,1.0,https://static.cupid.travel/hotels/600437867.jpg,liteapi
lp656f5ce1,SkyHigh Serenity. 2 Bhk Apartment. 0 Km From Delhi,hotel,28.55031,77.32444,,,,False,1.0,1.0,https://static.cupid.travel/hotels/554035927.jpg,liteapi
lp65839a28,Skyline Retreat,hotel,28.55088,77.32457,,,,False,1.0,1.0,https://static.cupid.travel/hotels/606759033.jpg,liteapi
lp655adfb3,FabHotel Signature Plaza,hotel,28.56183,77.25537,3.0,,,False,2.0,1.0,https://static.cupid.travel/hotels/354653358.jpg,liteapi
lp6570d49c,PLAY GLORY SEC-18 couple friendly,hotel,28.5714,77.32574,2.0,,,False,1.0,1.0,https://static.cupid.travel/hotels/596226271.jpg,liteapi
lp657cda87,Hotel Shri Krishna,hotel,28.5732,77.22813,,,,False,1.0,1.0,https://static.cupid.travel/hotels/589540147.jpg,liteapi
lp6559ec04,Commodo Residency,hotel,28.587384,77.168793,2.0,,,False,2.0,1.0,https://static.cupid.travel/hotels/ex_266d54fe_z.jpg,liteapi
lp6573f1c0,Hotel O Home stay,hotel,28.59583,77.09497,3.0,,,False,1.0,1.0,https://static.cupid.travel/hotels/608392595.jpg,liteapi
lp65819683,Hotel Thanks,hotel,28.62762,77.28532,4.0,,,False,1.0,1.0,https://static.cupid.travel/hotels/513222994.jpg,liteapi
lp6571dbff,Hotel O Villa D'Este,hotel,28.66087,77.12716,3.0,,,False,1.0,1.0,https://static.cupid.travel/hotels/613758981.jpg,liteapi
lp657f9d3c,Nimbus Heights Studio,hotel,28.6664,77.15185,,,,False,1.0,1.0,https://static.cupid.travel/hotels/517834784.jpg,liteapi
lp657638c9,Hotel O White House,hotel,28.68384,77.20426,3.0,,,False,1.0,1.0,https://static.cupid.travel/hotels/593500015.jpg,liteapi
lp656bc057,Majestic Park B &B,hotel,28.542994,77.129163,4.0,,,False,,,https://static.cupid.travel/hotels/ex_w2877h1919x3y0-35f08d3e_z.jpg,liteapi
lp6e203,Hotel Delhi 55 New Delhi railway station,hotel,28.64443,77.21576,3.0,,,False,,5.0,https://static.cupid.travel/hotels/ex_1ca041e9_z.jpg,liteapi
lp6587fd04,Hotel The Best Delhi Airport,hotel,28.551089,77.131421,3.0,,,False,,7.0,https://static.cupid.travel/hotels/ex_f2b0aeea_z.jpg,liteapi
lp6587fd83,Hotel Baba Deluxe By RCG Hotels,hotel,28.645751,77.217411,2.0,,,False,,5.0,https://static.cupid.travel/hotels/ex_db1fcc7c_z.jpg,liteapi
lp655adf7f,Dalton Hotels,hotel,28.54684,77.12649,3.0,,,False,2.0,,https://static.cupid.travel/hotels/ex_39454804_z.jpg,liteapi
lpbcbd0,Sumedha Premium,hotel,28.541165,77.237847,3.0,,,False,,4.0,https://static.cupid.travel/hotels/ex_5b7818d0_z.jpg,liteapi
lp657a7cef,Hotel Vasudha Inn-Near International Airport Delhi,hotel,28.556915,77.100307,4.0,,,False,,21.0,https://static.cupid.travel/hotels/528229181.jpg,liteapi
lp6572380e,Hotel Prince Palace (The Green),hotel,28.640698,77.211363,2.0,,,False,,80.0,https://static.cupid.travel/hotels/300093432.jpg,liteapi
lp65763d86,Hotel O Vintage Inn New Delhi railway station,hotel,28.641588,77.214228,3.0,,,False,,4.0,https://static.cupid.travel/hotels/580583318.jpg,liteapi
lp7ab0e,Sky Rich International,hotel,28.64561,77.18935,3.0,,,False,,,https://snaphotelapi.com/hotels/ex_5a2bed47_z.jpg,liteapi
lp6586d2c7,Hotel Stay House Inn,hotel,28.641912,77.214911,2.0,,,False,,3.0,https://static.cupid.travel/hotels/ex_71ae5624_z.jpg,liteapi
lp650e6,Dewdrop Intercity Hotel,hotel,28.645282,77.190432,3.0,,,False,,,https://static.cupid.travel/hotels/ex_d9869844_z.jpg,liteapi
lp655baaa2,Collection O R S Villa Near Lotus Temple,hotel,28.5401,77.25119,4.0,,,False,,19.0,https://static.cupid.travel/hotels/535209237.jpg,liteapi
lp655a770b,HOTEL DREAM SKY,hotel,28.59147,77.30364,3.0,,,False,,17.0,https://static.cupid.travel/hotels/595561576.jpg,liteapi
lp65874e41,Hotel Palm View by JMD Group,hotel,28.540961,77.130425,2.0,,,False,,2.0,https://static.cupid.travel/hotels/ex_93756712_z.jpg,liteapi
lp6588280c,Hotel The Tark near IGI Airport Delhi,hotel,28.548828,77.129312,3.0,,,False,7.0,2.0,https://static.cupid.travel/hotels/ex_3c9a9043_z.jpg,liteapi
lp6588030d,V Hotel TSSG IGI Airport - Delhi,hotel,28.551498,77.133174,3.0,,,False,,2.0,https://static.cupid.travel/hotels/ex_0c5b2dc1_z.jpg,liteapi
lp6557bbc1,Treebo Trend Elite,hotel,28.561756,77.255476,3.0,,,False,,2.0,https://static.cupid.travel/hotels/ex_c7e598c6_z.jpg,liteapi
lp656c276e,FabHotel Grand Boutique,hotel,28.552868,77.244892,3.0,,,False,,188.0,https://static.cupid.travel/hotels/548062138.jpg,liteapi
lp655ff211,"Hostie TJH - Cute Mini 2BHK apt, Saket, near Max Hospital",hotel,28.520414,77.207864,,,,False,1.0,1.0,https://static.cupid.travel/hotels/360625702.jpg,liteapi
lp658740d3,Malviya inn,hotel,28.537256,77.20809,2.0,,,False,,1.0,https://static.cupid.travel/hotels/ex_w978h651x0y12-49c232cb_z.jpg,liteapi
lp65871d2f,Hotel Lookout Stay Delhi IGI Airport,hotel,28.542114,77.129172,2.0,,,False,4.0,1.0,https://static.cupid.travel/hotels/ex_f77bf117_z.jpg,liteapi
lp6587a1c5,Hotel Yash Regency - Managed by JMD Group,hotel,28.546092,77.126237,2.0,,,False,,1.0,https://static.cupid.travel/hotels/ex_c38824dc_z.jpg,liteapi
lp657054c2,Hotel Mayank Plaza-Near IGI Airport Terminal-3,hotel,28.547576,77.126837,3.0,,,False,,1.0,https://static.cupid.travel/hotels/618288228.jpg,liteapi
lp6587f326,Hotel Ivory by KDSON,hotel,28.547653,77.12697,3.0,,,False,,1.0,https://static.cupid.travel/hotels/ex_8fd053f2_z.jpg,liteapi
lp65882561,Hotel Aeroporto,hotel,28.548206,77.128297,3.0,,,False,,1.0,https://static.cupid.travel/hotels/ex_7cd97104_z.jpg,liteapi
lp6579cfbd,Smart Plaza Hotel-Mahipalpur,hotel,28.549543,77.129922,4.0,,,False,,24.0,https://static.cupid.travel/hotels/617343118.jpg,liteapi
lp65875938,Hotel The Paramont Plaza IGI Airport,hotel,28.549884,77.129437,3.0,,,False,,1.0,https://static.cupid.travel/hotels/ex_7375b313_z.jpg,liteapi
lp6588262b,Hotel Krone Delhi,hotel,28.550304,77.13012,3.0,,,False,6.0,1.0,https://static.cupid.travel/hotels/ex_1319919a_z.jpg,liteapi
lp65879f71,Shanti Residency,hotel,28.555507,77.17474,3.0,,,False,,1.0,https://static.cupid.travel/hotels/ex_80867033_z.jpg,liteapi
lp1eb5ce,Hotel Baljeet Lodge,hotel,28.5618,77.1923,3.0,,,False,,1.0,https://static.cupid.travel/hotels/ex_9516f6f6_z.jpg,liteapi
lp65874f5d,The Sunrise Vista,hotel,28.582423,77.250608,3.0,,,False,,1.0,https://static.cupid.travel/hotels/ex_a87e1b2c_z.jpg,liteapi
lp658824d7,asar CP Outer Circle by Orion Hotels,hotel,28.632216,77.222846,2.0,,,False,,1.0,https://static.cupid.travel/hotels/ex_a0677b32_z.jpg,liteapi
lp65873e66,Divine Inn Hotel Rajouri Gardan,hotel,28.645236,77.127893,2.0,,,False,,1.0,https://static.cupid.travel/hotels/ex_db2a54b2_z.jpg,liteapi
lpd8fae,Hotel Sawera International,hotel,28.64592,77.21583,2.0,,,False,6.0,2.0,https://static.cupid.travel/hotels/ex_e1f73ead_z.jpg,liteapi
lp65788159,Hotel O Golden,hotel,28.64669,77.18756,3.0,,,False,,1.0,https://static.cupid.travel/hotels/609103130.jpg,liteapi
lp655a73af,Hotel O Crown Continental,hotel,28.65945,77.19047,3.0,,,False,1.0,1.0,https://static.cupid.travel/hotels/527800605.jpg,liteapi
lp6e1bd,Airport Hotel Mayank Residency,hotel,28.546129,77.123641,3.0,,,False,,,https://static.cupid.travel/hotels/ex_f83c6cd1_z.jpg,liteapi
lpb9c0d,Hotel HSP Suites,hotel,28.558023,77.136273,3.0,,,False,,,https://static.cupid.travel/hotels/ex_66c79e5a_z.jpg,liteapi
lpeceac,OYO 11953 Galaxy Residency,hotel,28.506946,77.185641,2.0,,,False,,,https://static.cupid.travel/hotels/ex_6f6bbbde_z.jpg,liteapi
lp6588e768,Fabhotel Kd6 Plaza Residency,hotel,28.507577896118164,77.20008087158203,3.0,,,False,,,https://static.cupid.travel/hotels/ex_546abc80_z.jpg,liteapi
lp658193ee,Satvic Stays,hotel,28.50777,77.19895,,,,False,,,https://static.cupid.travel/hotels/579101246.jpg,liteapi
lp6575e025,Hotel O South Plaza,hotel,28.508038,77.181382,3.0,,,False,,5.0,https://static.cupid.travel/hotels/578501853.jpg,liteapi
lpfad69,Hotel Three Star,hotel,28.50885,77.17407,3.0,,,False,,,https://static.cupid.travel/hotels/ex_5a9a6a21_z.jpg,liteapi
lp6583fdd6,Madhav Residency,hotel,28.50977,77.20232,,,,False,,,https://static.cupid.travel/hotels/472593522.jpg,liteapi
lp6581e060,Via The Cozy Cloud,hotel,28.510313,77.201457,3.0,,,False,,,https://static.cupid.travel/hotels/596603474.jpg,liteapi
lp6588ff7d,Anand Mini Banquet Hall Delhi,hotel,28.510770797729492,77.16618347167969,3.0,,,False,,,https://static.cupid.travel/hotels/ex_8443d5ee_z.jpg,liteapi
lp657531d2,Hotel O Tree House,hotel,28.51165,77.31455,3.0,,,False,,,https://static.cupid.travel/hotels/520745433.jpg,liteapi
lp657ad582,Hotel O Aakash Residency,hotel,28.51295,77.20437,3.0,,,False,,,https://static.cupid.travel/hotels/566378804.jpg,liteapi
lp65723d93,Hotel Galaxy - Ignou Road Saket,hotel,28.51297,77.20441,,,,False,,,https://static.cupid.travel/hotels/614860195.jpg,liteapi
lp325e46,Collection O 39641 Deoli Road Khanpur,hotel,28.513047,77.23272,3.0,,,False,,,https://static.cupid.travel/hotels/ex_35b7ffd9_z.jpg,liteapi
lp656e45fc,Flagship 81024 Fabulous Home Stay,hotel,28.51312,77.23296,,,,False,,,https://static.cupid.travel/hotels/540464763.jpg,liteapi
lp657655d6,Super OYO Hotel O STAR RESIDENCY,hotel,28.51376,77.23293,3.0,,,False,,,https://static.cupid.travel/hotels/616703488.jpg,liteapi
lpdb83c,Anara Homes and Villas -  Sanik Farm,hotel,28.51417,77.20953,3.0,,,False,,,https://static.cupid.travel/hotels/ex_29ef66e3_z.jpg,liteapi
lp6574ded2,Home with an ancient lake view,hotel,28.51475,77.17815,,,,False,,,https://static.cupid.travel/hotels/552280456.jpg,liteapi
lp657f87b7,Urban boho retreathome Mehrauli,hotel,28.51475,77.17815,,,,False,,,https://static.cupid.travel/hotels/567961763.jpg,liteapi
lp2796ce,OYO Flagship 45264 Opposite Paryavaran Complex Post Office,hotel,28.514881,77.206082,3.0,,,False,,,https://static.cupid.travel/hotels/ex_544b2c4d_z.jpg,liteapi
lp65750b59,The Raveesh Apartment B6,hotel,28.514887,77.202459,,,,False,,,https://static.cupid.travel/hotels/531628324.jpg,liteapi
lp6577d66f,Hotel O Moonshine Near Mohan Estate Metro Station,hotel,28.51599,77.30015,3.0,,,False,,,https://static.cupid.travel/hotels/589963652.jpg,liteapi
lp6570749a,"South Delhi, Artistic 4bhk Home - Vasant Kunj by Mâple Key Stays",hotel,28.51658,77.15668,,,,False,,,https://static.cupid.travel/hotels/520563830.jpg,liteapi
lp6588b04c,Fabhotel Anmol Residency,hotel,28.516597747802734,77.20500946044922,3.0,,,False,,,https://static.cupid.travel/hotels/ex_a3ac6aaa_z.jpg,liteapi
lp658910ec,Fabhotel Sehrawat,hotel,28.51764488220215,77.16529083251953,3.0,,,False,,,https://static.cupid.travel/hotels/ex_de83c7ad_z.jpg,liteapi
lp65716b4c,Modern & Cozy 1RK I South Delhi - Studio Terrace,hotel,28.517843,77.198335,4.0,,,False,,,https://static.cupid.travel/hotels/592852459.jpg,liteapi
lp6588e841,Poonam Villas,hotel,28.518674850463867,77.16089630126953,2.0,,,False,,,https://static.cupid.travel/hotels/ex_7da8a1dc_z.jpg,liteapi
lpc8681,OYO 10327 The K Hotel,hotel,28.519106,77.162049,3.0,,,False,,,https://static.cupid.travel/hotels/ex_2c8e7138_z.jpg,liteapi
lp6588ce9b,Fabhotel Happy Residency,hotel,28.519147872924805,77.21204376220703,3.0,,,False,,,https://static.cupid.travel/hotels/ex_bb1cd7fd_z.jpg,liteapi
lp6588ea4c,Roomshala Hotel Anmol,hotel,28.51917266845703,77.21205139160156,2.0,,,False,,,https://static.cupid.travel/hotels/ex_32c50abd_z.jpg,liteapi
lpe66ab,OYO 14346 Kehar Palace,hotel,28.51939,77.20041,3.0,,,False,,,https://static.cupid.travel/hotels/ex_e67118d5_z.jpg,liteapi
lp6570bb48,Happy Inn - Near Saket Metro,hotel,28.51954,77.20054,,,,False,,,https://static.cupid.travel/hotels/614149868.jpg,liteapi
lp6570da53,"Namastey Homes 4 BHK Fully Furnished Short Stay , Saket, New Delhi",hotel,28.51979,77.21087,,,,False,,,https://static.cupid.travel/hotels/592862860.jpg,liteapi
lp6571ff67,"Namastey Homes 4 BHK Serviced Apartment , Near Max Hospital ,Saket",hotel,28.51979,77.21087,,,,False,,,https://static.cupid.travel/hotels/592892148.jpg,liteapi
lp6576fc4d,Studio apartment in G block saket,hotel,28.51986,77.21047,,,,False,,,https://static.cupid.travel/hotels/592270753.jpg,liteapi
lp6585447c,NamasteyHomes,hotel,28.51996,77.21045,,,,False,,,https://static.cupid.travel/hotels/571185463.jpg,liteapi
lp657910fb,Hotel Anutham at Saket,hotel,28.52018,77.20865,3.0,,,False,,,https://static.cupid.travel/hotels/589729597.jpg,liteapi
lp65839b36,Comfortable Studio Apartment in Saket,hotel,28.520212,77.210768,,,,False,,,https://static.cupid.travel/hotels/606793512.jpg,liteapi
lp657da3ba,Namastey Homes Independent Apartment in Delhi,hotel,28.52051,77.21107,,,,False,,,https://static.cupid.travel/hotels/592913578.jpg,liteapi
lp6588d0d7,Fabhotel Comfort Home Stay,hotel,28.521150588989258,77.25582885742188,3.0,,,False,,,https://static.cupid.travel/hotels/ex_fba76848_z.jpg,liteapi
lp6571ee5b,"Divine India Service Apartment 2Bhk, 2A Saket",hotel,28.521238,77.206128,,,,False,,,https://static.cupid.travel/hotels/458798184.jpg,liteapi
lp65736138,Divine India Service Apartment 3Bhk 1B Near Max Hospital Saket,hotel,28.521238,77.206128,,,,False,,1.0,https://static.cupid.travel/hotels/459187041.jpg,liteapi
lp656dd798,"DIVINE INDIA SERVICE APARTMENT 4BHK , J-191 , SAKET",hotel,28.521909,77.205969,,,,False,,,https://static.cupid.travel/hotels/504130745.jpg,liteapi
lp65878529,Fabhotel Vasant Villa,hotel,28.521925,77.167939,3.0,,,False,,,https://static.cupid.travel/hotels/ex_1c76038e_z.jpg,liteapi
lp656ee7f6,"DIVINE INDIA SERVICE APARTMENT 3BHK, J-215 SAKET",hotel,28.521963,77.215978,,,,False,,,https://static.cupid.travel/hotels/457442142.jpg,liteapi
lp65707c90,"Fortune Home Service Apartment 4Bhk,J191 Saket",hotel,28.522096,77.211613,,,,False,,,https://static.cupid.travel/hotels/585056460.jpg,liteapi
lp656fa0ad,"Divine India Service Apartment 3Bhk,J-223 Saket",hotel,28.522097,77.210153,,,,False,,,https://static.cupid.travel/hotels/605618471.jpg,liteapi
lp657051bc,2BHK Short Stay Apartment walking Max Saket ( LIFT +Kitchen+Parking+3 nights min stay),hotel,28.522097,77.210153,,,,False,,3.0,https://static.cupid.travel/hotels/281779357.jpg,liteapi
lp6570fbd0,SHORT STAY 3BHK Serviced Apartment (LIFT+Kitchen+3 nights min stay) E Block Saket,hotel,28.522097,77.210153,,,,False,,,https://static.cupid.travel/hotels/247610741.jpg,liteapi
lp65714e39,Divine India Service Apartment 4BhkJ-45,hotel,28.5221,77.21161,,,,False,,,https://static.cupid.travel/hotels/611711771.jpg,liteapi
lp65726d36,"Luxe 4BHK Apartment in Saket, Near Max Hospital",hotel,28.5221,77.21161,,,,False,,,https://static.cupid.travel/hotels/594497162.jpg,liteapi
lp657ec437,Short Stay,hotel,28.5221,77.21161,,,,False,,,https://static.cupid.travel/hotels/621148233.jpg,liteapi
lp657de969,Namastey Homes Fully Furnished Luxury Apartment,hotel,28.52237,77.21473,,,,False,,,https://static.cupid.travel/hotels/592900803.jpg,liteapi
lp656f9f55,"Divine India Service Apartment 3Bhk,J-171 Near Max Hospital, Saket",hotel,28.522637,77.213408,4.0,,,False,,,https://static.cupid.travel/hotels/621642088.jpg,liteapi
lp6570f78e,Kings Court - Saket,hotel,28.52336,77.19487,3.0,,,False,,,https://static.cupid.travel/hotels/558914289.jpg,liteapi
lp657bf877,Hotel Kings Court,hotel,28.52343,77.19483,3.0,,,False,,,https://static.cupid.travel/hotels/613479415.jpg,liteapi
lp656fa091,Divine India Service Apartment 4Bhk D-163 Saket,hotel,28.523819,77.206591,,,,False,,,https://static.cupid.travel/hotels/494045612.jpg,liteapi
lp6571809a,"Divine India Service Apartment 3Bhk, 2B Near Max Hospital Saket",hotel,28.523819,77.206591,,,,False,,,https://static.cupid.travel/hotels/459190547.jpg,liteapi
lp656fa03a,"Divine India Service Apartment 4Bhk,D-36, Saket",hotel,28.523884,77.206598,,,,False,,,https://static.cupid.travel/hotels/532471995.jpg,liteapi
lp656e6c71,"BluO Elegant 4BHK Saket - Lift, Balcony, Parking",hotel,28.524438,77.214521,4.0,,,False,,,https://static.cupid.travel/hotels/539588690.jpg,liteapi
lp6570569d,"BluO Modern 3BHK Saket - Lift, Parking, Balcony",hotel,28.524438,77.214521,,,,False,,,https://static.cupid.travel/hotels/538717755.jpg,liteapi
lp65876c89,Tree of Life bed and breakfast,hotel,28.524577,77.204361,2.0,,,False,,,https://static.cupid.travel/hotels/ex_9a3e03c8_z.jpg,liteapi
lp65777e4e,Hotel O MYKONOS GUEST HOUSE,hotel,28.5251,77.1907,3.0,,,False,,,https://static.cupid.travel/hotels/584963901.jpg,liteapi
lp656fd823,Comfy 1 BHK Near Max Hospital & Select City Walk,hotel,28.525282,77.213179,4.0,,,False,,,https://static.cupid.travel/hotels/594492565.jpg,liteapi
lp657fb07c,Near Airport Minimalistic Studio Apartment,hotel,28.52563,77.13813,,,,False,,,https://static.cupid.travel/hotels/566443320.jpg,liteapi
lp6588223a,LET'STAY VASANTKUNJ DELHI,hotel,28.525743,77.138075,2.0,,,False,,,https://static.cupid.travel/hotels/ex_9d9171df_z.jpg,liteapi
lp6588afa1,Fabhotel Prime Stay,hotel,28.52594757080078,77.15377807617188,3.0,,,False,,,https://static.cupid.travel/hotels/ex_63836ae6_z.jpg,liteapi
lp65756610,Rose residency near fortis hospital - vasant kunj,hotel,28.5262,77.1537,,,,False,,,https://static.cupid.travel/hotels/552701662.jpg,liteapi
lp657d1488,Hotel VM Residency,hotel,28.52625,77.15346,4.0,,,False,,,https://static.cupid.travel/hotels/593104466.jpg,liteapi
lp6588c72f,Fabhotel Red Apple Ii,hotel,28.526382446289062,77.25556182861328,3.0,,,False,,,https://static.cupid.travel/hotels/ex_beaf7e3c_z.jpg,liteapi
lp65783fe6,Aravali Residency B&B,hotel,28.52674,77.15209,4.0,,,False,,,https://static.cupid.travel/hotels/538309554.jpg,liteapi
lp6573c0b3,"The Unmad Three Premium Rooms, Kitchen, Lobby",hotel,28.527947,77.13636,,,,False,,,https://static.cupid.travel/hotels/600592125.jpg,liteapi
lpb9dc9,Westend Residency,hotel,28.528432,77.109916,3.0,,,False,,,https://static.cupid.travel/hotels/ex_05ef730b_z.jpg,liteapi
lp6588f742,SKY Inn by Twamev,hotel,28.528486251831055,77.21177673339844,2.0,,,False,,,https://static.cupid.travel/hotels/ex_c325a087_z.jpg,liteapi
lp6588e394,Roomshala Hotel KB Residency,hotel,28.52849006652832,77.21175384521484,2.0,,,False,,,https://static.cupid.travel/hotels/ex_4f6caf60_z.jpg,liteapi
lp6573dc05,Hotel O Aura Stay,hotel,28.5285,77.21219,4.0,,,False,,,https://static.cupid.travel/hotels/564519354.jpg,liteapi
lp6588298d,Flourish Inn Saket opposite Max Hospital,hotel,28.528501,77.210377,3.0,,,False,,,https://static.cupid.travel/hotels/ex_0b7ece6a_z.jpg,liteapi
lp65881448,Flourish Stay Saket near Max Hospital,hotel,28.528514,77.208678,3.0,,,False,,,https://static.cupid.travel/hotels/ex_5498d4bc_z.jpg,liteapi
lp65743cf6,Hotel O The Glory Hotel,hotel,28.52868,77.08646,3.0,,,False,,,https://static.cupid.travel/hotels/505127845.jpg,liteapi
lp6588d132,OXMA Banquet Hall South Delhi,hotel,28.529024124145508,77.15774536132812,3.0,,,False,,,https://static.cupid.travel/hotels/ex_de61411f_z.jpg,liteapi
lp658902f7,Urban Oasis,hotel,28.52924346923828,77.21022033691406,3.0,,,False,,,https://static.cupid.travel/hotels/ex_8ccaab70_z.jpg,liteapi
lp65763aa5,Forest Vistas A Luxury Vasant Kunj Gem,hotel,28.529327,77.135216,,,,False,,,https://static.cupid.travel/hotels/590257850.jpg,liteapi
lp657502ea,Your Home Away From Home,hotel,28.52948,77.20598,,,,False,,,https://static.cupid.travel/hotels/619733803.jpg,liteapi
lp6589127f,Sylvan Banquet Hall Delhi,hotel,28.529550552368164,77.14350891113281,3.0,,,False,,,https://static.cupid.travel/hotels/ex_7da4704f_z.jpg,liteapi
lp657ef104,Happy Stay,hotel,28.5299,77.21217,3.0,,,False,,,https://static.cupid.travel/hotels/585691005.jpg,liteapi
lp657102f9,A luxury abode in the heart of South delhi!,hotel,28.529964,77.248618,,,,False,,,https://static.cupid.travel/hotels/592677418.jpg,liteapi
lp65854783,Stays,hotel,28.53041,77.29853,,,,False,,,https://static.cupid.travel/hotels/622355272.jpg,liteapi
lp657901ed,Double Room for female,hotel,28.530448,77.210324,,,,False,,,https://static.cupid.travel/hotels/608355886.jpg,liteapi
lp65780448,Hotel O DIVINE,hotel,28.53074,77.08621,3.0,,,False,,,https://static.cupid.travel/hotels/607796836.jpg,liteapi
lp6577f5c9,Hotel New View,hotel,28.53089,77.20782,,,,False,,,https://static.cupid.travel/hotels/606176256.jpg,liteapi
lp6582c69e,SOFIA HOMESTAY,hotel,28.531,77.21408,,,,False,,,https://static.cupid.travel/hotels/517143262.jpg,liteapi
lp65709691,Hotel Blu Bell - Opp Select City Mall,hotel,28.531,77.2187,,,,False,,,https://static.cupid.travel/hotels/613829874.jpg,liteapi
lp65879c38,Fabhotel Blu Lagoon Inn,hotel,28.531272,77.218531,3.0,,,False,,,https://static.cupid.travel/hotels/ex_75b5eb8f_z.jpg,liteapi
lpdc8cb,Casa Kuvera,hotel,28.53134,77.20141,3.0,,,False,,,https://static.cupid.travel/hotels/ex_4686e9ff_z.jpg,liteapi
lp65890d4c,ASHOK VATIKA,hotel,28.531347274780273,77.2099838256836,3.0,,,False,,,https://static.cupid.travel/hotels/ex_dc072281_z.jpg,liteapi
lp6588b220,Fabhotel Shiv Palace,hotel,28.532230377197266,77.29895782470703,3.0,,,False,,,https://static.cupid.travel/hotels/ex_d0b187ac_z.jpg,liteapi
lp1bfe26,SilverKey Executive Stays 42891 Hira Palace,hotel,28.53228,77.29771,3.0,,,False,,,https://static.cupid.travel/hotels/ex_27819428_z.jpg,liteapi
lp658216d9,Comfort Alive,hotel,28.53264,77.24769,,,,False,,,https://static.cupid.travel/hotels/553822102.jpg,liteapi
lp657e09d5,Hotel Comfort Plaza,hotel,28.53266,77.3125,3.0,,,False,,,https://static.cupid.travel/hotels/561351162.jpg,liteapi
lp65796e8a,Hotel Luxe Stay,hotel,28.53268,77.13664,3.0,,,False,,,https://static.cupid.travel/hotels/621826007.jpg,liteapi
lpece0d,OYO 13495 Balaji Residency,hotel,28.53276,77.15017,3.0,,,False,,,https://static.cupid.travel/hotels/ex_8594da6c_z.jpg,liteapi
lpef2a2,Excellency Corporate Homes,hotel,28.53287,77.2058,3.0,,,False,,,https://static.cupid.travel/hotels/ex_922124d3_z.jpg,liteapi
lp65728983,1bhk in Malviya Nagar,hotel,28.53303,77.21903,,,,False,,,https://static.cupid.travel/hotels/549016080.jpg,liteapi
lp657d900a,Hotel Golden Place,hotel,28.53369,77.20932,3.0,,,False,,,https://static.cupid.travel/hotels/586498305.jpg,liteapi
lp658794b1,Hotel Raj Palace,hotel,28.533793,77.260171,3.0,,,False,,,https://static.cupid.travel/hotels/ex_9184e15f_z.jpg,liteapi
lp658280c3,Pragya Palace,hotel,28.53391,77.25999,3.0,,,False,,,https://static.cupid.travel/hotels/600654302.jpg,liteapi
lp6570fcd3,"Namastey Homes 3 BHK Service Apartment , Near Max Saket, Delhi",hotel,28.53402,77.2053,,,,False,,,https://static.cupid.travel/hotels/592872625.jpg,liteapi
lp657085a0,4 BHK near Max Hospital,hotel,28.53408,77.19982,,,,False,,,https://static.cupid.travel/hotels/591498770.jpg,liteapi
lp658922f3,Fabhotel Great Residency I,hotel,28.53414535522461,77.26029968261719,3.0,,,False,,,https://static.cupid.travel/hotels/ex_d1f39d9f_z.jpg,liteapi
lp657b6cb5,"Greenleaf Apartment and Suites, Chittaranjan Park",hotel,28.53422,77.25133,3.0,,,False,,,https://static.cupid.travel/hotels/513234186.jpg,liteapi
lp657576e3,Hotel O Welcome Hotel Near Dlf Avenue Saket,hotel,28.53423,77.20945,4.0,,,False,,,https://static.cupid.travel/hotels/608999639.jpg,liteapi
lp657610d5,Step Inn The Luxury,hotel,28.53428,77.20981,,,,False,,,https://static.cupid.travel/hotels/597283662.jpg,liteapi
lpea8ab,OYO 13235 The Golden Door,hotel,28.534686,77.24123,3.0,,,False,,,https://static.cupid.travel/hotels/ex_c41f3e26_z.jpg,liteapi
lp65783a46,Capital O Shyam Stays,hotel,28.53491,77.1274,3.0,,,False,,,https://static.cupid.travel/hotels/512688730.jpg,liteapi
lp6579c6e3,Hotel Hauz Khas,hotel,28.53513,77.20815,,,,False,,,https://static.cupid.travel/hotels/604314388.jpg,liteapi
lp657646c9,"ENCHANTED THE ROOF REKHA, with private trace garden",hotel,28.53526,77.2572,,,,False,,,https://static.cupid.travel/hotels/582440153.jpg,liteapi
lp656c33f7,Fabhotel Prime Westend Inn,hotel,28.535337,77.112094,3.0,,,False,,,https://static.cupid.travel/hotels/ex_e1113b7e_z.jpg,liteapi
lp65763037,Hotel Grand,hotel,28.535496,77.267724,3.0,,,False,,,https://static.cupid.travel/hotels/580184141.jpg,liteapi
lp35b713,OYO Flagship 30504 P.R Residency,hotel,28.535643,77.122404,3.0,,,False,,,https://static.cupid.travel/hotels/ex_8990cac9_z.jpg,liteapi
lp65798dc5,FabHotel Prime The Western with Swimming pool,hotel,28.53575,77.11258,3.0,,,False,,,https://static.cupid.travel/hotels/607068040.jpg,liteapi
lp6588b344,THE WHITECLIFF INN,hotel,28.53577995300293,77.21737670898438,3.0,,,False,,,https://static.cupid.travel/hotels/ex_6e9b10a3_z.jpg,liteapi
lp65796592,Hotel Aiims Inn,hotel,28.53579,77.21397,,,,False,,,https://static.cupid.travel/hotels/599279098.jpg,liteapi
lp658916d1,Bloom Hotel - M Block GK2,hotel,28.536216735839844,77.23872375488281,3.0,,,False,,,https://static.cupid.travel/hotels/ex_1170f0d4_z.jpg,liteapi
lp658183eb,Hotel handal,hotel,28.53642,77.1223,,,,False,,,https://static.cupid.travel/hotels/621307540.jpg,liteapi
lpc8869,OYO 3558 Hotel Le Grand,hotel,28.536577,77.257703,3.0,,,False,,,https://static.cupid.travel/hotels/ex_4aa8dc17_z.jpg,liteapi
lp18699c,OYO 16540 Prem Home,hotel,28.53671,77.20858,3.0,,,False,,,https://static.cupid.travel/hotels/ex_dc4598f8_z.jpg,liteapi
lp6588bb4d,Roomshala Hotel Lee Grand,hotel,28.536762237548828,77.25769805908203,2.0,,,False,,,https://static.cupid.travel/hotels/ex_bea6efe9_z.jpg,liteapi
lp1ce5c5,Collection O 28453 Galaxy Hotel,hotel,28.536931,77.115749,3.0,,,False,,,https://static.cupid.travel/hotels/ex_e5ab4a7d_z.jpg,liteapi
lp6576e142,"Majestic 4BR with King Beds,Prime Location,Beautiful Patios by StayHaven",hotel,28.53701,77.21094,,,,False,,,https://static.cupid.travel/hotels/587390182.jpg,liteapi
lpc87f3,OYO 8352 The Heritage,hotel,28.53701,77.26034,3.0,,,False,,,https://static.cupid.travel/hotels/ex_46ccba30_z.jpg,liteapi
lp656c328d,Mintstar Apartment and Suites,hotel,28.53704,77.2428,3.0,,,False,,,https://static.cupid.travel/hotels/478229113.jpg,liteapi
lp6572320f,Hotel O POP A Happy Hours Plaza,hotel,28.537178,77.21306,3.0,,,False,,,https://static.cupid.travel/hotels/619081807.jpg,liteapi
lp6576bcfc,Hotel Vijay Deep Plaza IGI,hotel,28.53731,77.13898,3.0,,,False,,,https://static.cupid.travel/hotels/622313642.jpg,liteapi
lp6588dc3e,Fabhotel Heritage Residency,hotel,28.537546157836914,77.25941467285156,3.0,,,False,,,https://static.cupid.travel/hotels/ex_d2404038_z.jpg,liteapi
lpeaab8,Hotel Royal Castle Grand,hotel,28.53757,77.25644,3.0,,,False,,,https://static.cupid.travel/hotels/ex_e6c8d1d3_z.jpg,liteapi
lp656fd6f2,South delhi Monument View by Maple Key Stays - 3BHK & Terrace,hotel,28.53761,77.24742,,,,False,,,https://static.cupid.travel/hotels/536452893.jpg,liteapi
lp65776cc8,Hotel O THE CORPORATE PLAZA,hotel,28.53762,77.25941,4.0,,,False,,,https://static.cupid.travel/hotels/617057482.jpg,liteapi
lp65774383,Hotel O Platinum Key,hotel,28.5378,77.213,3.0,,,False,,,https://static.cupid.travel/hotels/511685864.jpg,liteapi
lp65875405,Hotel Prime Royalty Malviya Nagar,hotel,28.537831,77.21004,3.0,,,False,,,https://static.cupid.travel/hotels/ex_37ba3a63_z.jpg,liteapi
lp6573aa9c,Hotel Malviya Inn - Begumpur,hotel,28.53784,77.20742,,,,False,,,https://static.cupid.travel/hotels/614861609.jpg,liteapi
lp65581521,Discovery Inn,hotel,28.537844,77.121752,3.0,,,False,,,https://static.cupid.travel/hotels/ex_w1337h990x0y2-c702ba2c_z.jpg,liteapi
lp657d0dc3,HOTEL MAX,hotel,28.53785,77.20538,,,,False,,,https://static.cupid.travel/hotels/547260458.jpg,liteapi
lp657a4ae6,HOTEL LUXURY PALACE IGI Airport,hotel,28.53826,77.13614,4.0,,,False,,,https://static.cupid.travel/hotels/608817742.jpg,liteapi
lp6588dd59,Roomshala Hotel Seven,hotel,28.538562774658203,77.20752716064453,2.0,,,False,,,https://static.cupid.travel/hotels/ex_17ed9cfb_z.jpg,liteapi
lp6588ec54,Fabhotel The Royal Inn I,hotel,28.53879737854004,77.2591781616211,3.0,,,False,,,https://static.cupid.travel/hotels/ex_a8985cc5_z.jpg,liteapi
lp6582b916,Apricot Summer,hotel,28.53887,77.13105,,,,False,,,https://static.cupid.travel/hotels/615812098.jpg,liteapi
lp65786937,Hotel Jagannath - Chittaranjan Park,hotel,28.53925,77.24519,,,,False,,,https://static.cupid.travel/hotels/614851280.jpg,liteapi
lp658919f2,Roomshala Hotel Jagannath,hotel,28.539283752441406,77.24519348144531,2.0,,,False,,,https://static.cupid.travel/hotels/ex_0a71d99c_z.jpg,liteapi
lp6588e553,Fabhotel Chaudhary Palace,hotel,28.539289474487305,77.24510192871094,3.0,,,False,,,https://static.cupid.travel/hotels/ex_559477b5_z.jpg,liteapi
lp65891e36,OXMO Banquet & Wedding Venues Delhi,hotel,28.5396671295166,77.133056640625,3.0,,,False,,,https://static.cupid.travel/hotels/ex_ba0642e7_z.jpg,liteapi
lpfa7b1,OYO 14389 Diplomat Suites,hotel,28.53974,77.1427,3.0,,,False,,,https://static.cupid.travel/hotels/ex_e86ba96b_z.jpg,liteapi
lp657883e6,hotel new view,hotel,28.53975,77.1316,,,,False,,,https://static.cupid.travel/hotels/556626877.jpg,liteapi
lpc86e7,OYO 9553 Hotel Kings Plaza,hotel,28.54002,77.29476,3.0,,,False,,,https://static.cupid.travel/hotels/ex_83ccd5f6_z.jpg,liteapi
lpc8719,OYO 9720 Home Stay Virat Residency,hotel,28.540077,77.240461,3.0,,,False,,,https://static.cupid.travel/hotels/ex_9d13c7e9_z.jpg,liteapi
lpdb19b,Hotel Hans Jasola,hotel,28.54009,77.29489,3.0,,,False,,,https://static.cupid.travel/hotels/ex_79917c63_z.jpg,liteapi
lp3330c0,FabHotel Cameron,hotel,28.54016,77.29478,3.0,,,False,,,https://static.cupid.travel/hotels/367981051.jpg,liteapi
lp657d0988,Le TRESOR,hotel,28.54016,77.29478,4.0,,,False,,,https://static.cupid.travel/hotels/453077897.jpg,liteapi
lp657dfcd1,Himtrek Stays Delhi,hotel,28.54019,77.14387,,,,False,,,https://static.cupid.travel/hotels/547551331.jpg,liteapi
lp6578e4f2,Hotel Silky IGI Airport Delhi,hotel,28.54025,77.13112,4.0,,,False,,,https://static.cupid.travel/hotels/613019870.jpg,liteapi
lp6588fedf,Fabhotel Kalka Residency,hotel,28.540264129638672,77.26168823242188,3.0,,,False,,,https://static.cupid.travel/hotels/ex_9477a553_z.jpg,liteapi
lp6587bccb,Fabhotel Star Inn,hotel,28.540298,77.295093,3.0,,,False,,,https://static.cupid.travel/hotels/ex_662a8d8e_z.jpg,liteapi
lp657d5a2e,Cozy Home,hotel,28.54033,77.25028,,,,False,,,https://static.cupid.travel/hotels/538696211.jpg,liteapi
lp65872eca,Fabhotel Ak Villa,hotel,28.540355,77.250082,3.0,,,False,,,https://static.cupid.travel/hotels/ex_435dd818_z.jpg,liteapi
lp65771ebb,Hotel O Golden Bloom,hotel,28.54038,77.129,3.0,,,False,,,https://static.cupid.travel/hotels/622103794.jpg,liteapi
lpaec42,The Sentinel,hotel,28.5404,77.2943,4.0,,,False,,,https://static.cupid.travel/hotels/ex_cba1a82c_z.jpg,liteapi
lpcee82,OYO 11504 N D Star Residency,hotel,28.540428,77.129371,3.0,,,False,,,https://static.cupid.travel/hotels/ex_6b8b1fd1_z.jpg,liteapi
lp6588f98d,Hotel 82 Inn,hotel,28.54045867919922,77.2952651977539,3.0,,,False,,,https://static.cupid.travel/hotels/ex_45a225e3_z.jpg,liteapi
lp656c385e,Qotel Jasola Vihar,hotel,28.540499,77.295599,2.0,,,False,,,https://static.cupid.travel/hotels/ex_df7be8b3_z.jpg,liteapi
lp1dee07,OYO 19999 D M Residency,hotel,28.540548,77.129371,3.0,,,False,,,https://static.cupid.travel/hotels/ex_83a58f8b_z.jpg,liteapi
lp65877092,Fabhotel Golden Eye Inn,hotel,28.54055,77.258453,3.0,,,False,,,https://static.cupid.travel/hotels/ex_2f212108_z.jpg,liteapi
lp6587e8a8,Fabhotel Ak Continental,hotel,28.540555,77.249357,3.0,,,False,,,https://static.cupid.travel/hotels/ex_77f0db58_z.jpg,liteapi
lp656c303e,"Mintstar Apartment and Suites, Chittaranjan Park",hotel,28.54058,77.24425,3.0,,,False,,,https://static.cupid.travel/hotels/487814454.jpg,liteapi
lp6587860d,OPO essential delhi airport,hotel,28.540624,77.131685,3.0,,,False,,,https://static.cupid.travel/hotels/ex_91c0bbc5_z.jpg,liteapi
lp6588eb07,Fabhotel Golden Palm,hotel,28.54066276550293,77.11949920654297,3.0,,,False,,,https://static.cupid.travel/hotels/ex_dba2d265_z.jpg,liteapi
lp37d35d,OYO 29435 Park Inn,hotel,28.540664,77.249354,3.0,,,False,,,https://static.cupid.travel/hotels/ex_7ae8187e_z.jpg,liteapi
lp6571db47,Hotel O RG Stay,hotel,28.5407,77.26017,4.0,,,False,,,https://static.cupid.travel/hotels/600116034.jpg,liteapi
lp3583d7,OYO 35663 Mayank Palace,hotel,28.540705,77.129105,3.0,,,False,,,https://static.cupid.travel/hotels/ex_3c6d5c13_z.jpg,liteapi
lp65890d48,Prithvi Banquet Hall Delhi,hotel,28.540796279907227,77.1301040649414,3.0,,,False,,,https://static.cupid.travel/hotels/ex_e122be60_z.jpg,liteapi
lpf51ff,HOTEL SAFRON SUITE,hotel,28.54083,77.127175,3.0,,,False,,,https://static.cupid.travel/hotels/523827141.jpg,liteapi
lp332971,Fabhotel Raj Niwas,hotel,28.540937423706055,77.12694549560547,3.0,,,False,,,https://static.cupid.travel/hotels/ex_f46a6e6a_z.jpg,liteapi
lp65725df6,Hotel The Palm View By GRB,hotel,28.54099,77.13039,3.0,,,False,,,https://static.cupid.travel/hotels/619765661.jpg,liteapi
lp65874965,HOTEL THE CLARK,hotel,28.541003,77.13012,3.0,,,False,,,https://static.cupid.travel/hotels/ex_ca0a449e_z.jpg,liteapi
lp6585fee4,Hotel sr place,hotel,28.541003,77.130404,4.0,,,False,,,https://static.cupid.travel/hotels/ex_w718h952x0y11-4f7ca0d5_z.jpg,liteapi
lp6587bd69,The Gera,hotel,28.541006,77.259757,3.0,,,False,,,https://static.cupid.travel/hotels/ex_8ba5e1d3_z.jpg,liteapi
lp6588da1d,The Nuvon Residency CR Park,hotel,28.5410213470459,77.24945831298828,3.0,,,False,,,https://static.cupid.travel/hotels/ex_3a00ac28_z.jpg,liteapi
lp657b16c2,Townhouse Gera's,hotel,28.54116,77.25927,4.0,,,False,,,https://static.cupid.travel/hotels/560772690.jpg,liteapi
lp657abfd8,Hotel Green park,hotel,28.54118,77.21035,,,,False,,,https://static.cupid.travel/hotels/610508049.jpg,liteapi
lp741dc,OYO 1219 Hamilton Hotel,hotel,28.541207,77.211262,3.0,,,False,,,https://static.cupid.travel/hotels/ex_d391ca62_z.jpg,liteapi
lp658913a7,Roomshala Hotel Golden Residency,hotel,28.541217803955078,77.25617980957031,2.0,,,False,,,https://static.cupid.travel/hotels/ex_062923e4_z.jpg,liteapi
lp65879b80,Hotel Zest Near IGI Airport,hotel,28.541288,77.130113,3.0,,,False,,,https://static.cupid.travel/hotels/ex_ade63885_z.jpg,liteapi
lp657352fa,Hotel O D Green Palace,hotel,28.541355,77.131985,2.0,,,False,,,https://static.cupid.travel/hotels/604669548.jpg,liteapi
lp65781051,hotel de clark,hotel,28.5414,77.13,3.0,,,False,,,https://static.cupid.travel/hotels/594529744.jpg,liteapi
lp657a0c6e,Hotel Grand Asian Plaza,hotel,28.5414,77.15642,4.0,,,False,,,https://static.cupid.travel/hotels/607372943.jpg,liteapi
lp657bdef4,Hotel Aerostay Residency IGI Airport Delhi,hotel,28.54143,77.12955,4.0,,,False,,,https://static.cupid.travel/hotels/620560447.jpg,liteapi
lp6587675a,Hamilton Hotel,hotel,28.541449,77.211505,3.0,,,False,,,https://static.cupid.travel/hotels/ex_0da88724_z.jpg,liteapi
lp6578ed79,Hostmystay-3bhk Nehru place! Park,hotel,28.5416,77.255066,4.0,,,False,,1.0,https://static.cupid.travel/hotels/135063634.jpg,liteapi
lp65747a8c,HOTEL D V SUITES NEAR DELHI AIRPORt,hotel,28.54161,77.12946,3.0,,,False,,,https://static.cupid.travel/hotels/567313925.jpg,liteapi
lp6579ee4d,Hotel Prithvi Palace Igi Airport Delhi,hotel,28.54161,77.12946,4.0,,,False,,,https://static.cupid.travel/hotels/613032721.jpg,liteapi
lp6587deec,Hotel Evergreen Stay,hotel,28.541635,77.13082,2.0,,,False,,,https://static.cupid.travel/hotels/ex_w1126h768x0y9-7b354b0d_z.jpg,liteapi
lp6588bc3b,Fabhotel The Gk Residency,hotel,28.541664123535156,77.23946380615234,3.0,,,False,,,https://static.cupid.travel/hotels/ex_d5cec079_z.jpg,liteapi
lp657b8b48,Hotel CARDINAL OXMO Delhi Airport,hotel,28.54173,77.12925,4.0,,,False,,,https://static.cupid.travel/hotels/621640164.jpg,liteapi
lpb5f02,OYO 11852 Hotel Aerostay Inn,hotel,28.541746,77.129419,3.0,,,False,,,https://static.cupid.travel/hotels/ex_4ba7228d_z.jpg,liteapi
lp65712457,Lime Tree 4 BHK Serviced Apartment Greater Kailash -2,hotel,28.54177,77.23819,,,,False,,,https://static.cupid.travel/hotels/544309533.jpg,liteapi
lp65785d86,HOTEL OXMO IGI AIRPORT DELHI WITH FREE AIRPORT Transsfer,hotel,28.54178,77.12944,,,,False,,,https://static.cupid.travel/hotels/609581657.jpg,liteapi
lp6572395b,Hotel O Red Stone,hotel,28.541785,77.129542,3.0,,,False,,,https://static.cupid.travel/hotels/579650918.jpg,liteapi
lp657d2c2e,Hotel DMC,hotel,28.54179,77.12954,,,,False,,,https://static.cupid.travel/hotels/622209048.jpg,liteapi
lp6583f77c,Hotel Aeroprince,hotel,28.54179,77.12954,4.0,,,False,,,https://static.cupid.travel/hotels/618276362.jpg,liteapi
lp65880b32,FabHotel Reconnect Suites - Near IGI Airport - New Delhi,hotel,28.541819,77.124347,3.0,,,False,,,https://static.cupid.travel/hotels/ex_b8ffdf7c_z.jpg,liteapi
lp6588dfc1,Hotel Arkwood Residency,hotel,28.54188346862793,77.1283950805664,2.0,,,False,,,https://static.cupid.travel/hotels/ex_eb5256ee_z.jpg,liteapi
lp657d2ca7,Hotel Aerosky Delhi Airport,hotel,28.54192,77.12936,4.0,,,False,,,https://static.cupid.travel/hotels/622188017.jpg,liteapi
lp657be475,Hotel Soft Petal Residency Near Delhi International Airport,hotel,28.54196,77.1287,3.0,,,False,,,https://static.cupid.travel/hotels/515675371.jpg,liteapi
lp6578c3c6,Hotel Jashn Inn near Apollo Hospital,hotel,28.54201,77.29318,3.0,,,False,,,https://static.cupid.travel/hotels/282578714.jpg,liteapi
lp657635ae,Hotel O URBAN WINGS,hotel,28.54211,77.12942,4.0,,,False,,,https://static.cupid.travel/hotels/573082204.jpg,liteapi
lp65752a5d,HOTEL PARK TREE A UNIT OF PRITHVI PALACE DELHI Airport,hotel,28.54212,77.12956,4.0,,,False,,,https://static.cupid.travel/hotels/609555160.jpg,liteapi
lp1f6c6e,Hotel Deluxe stay inn,hotel,28.542148,77.129218,3.0,,,False,,,https://static.cupid.travel/hotels/ex_w1000h749x0y226-28fa39ea_z.jpg,liteapi
lp1a8b5b,OYO 14746 Delhi Residency,hotel,28.54216,77.12939,3.0,,,False,,,https://static.cupid.travel/hotels/ex_0409d884_z.jpg,liteapi
lp65792a89,Hotel O South Paradise,hotel,28.542199,77.2423,3.0,,,False,,,https://static.cupid.travel/hotels/567506877.jpg,liteapi
lp6588b9a4,Essex Banquet Hall Delhi,hotel,28.542253494262695,77.20030975341797,3.0,,,False,,,https://static.cupid.travel/hotels/ex_4d1a418d_z.jpg,liteapi
lp658773a0,New South Paradise,hotel,28.54227,77.246388,2.0,,,False,,,https://static.cupid.travel/hotels/ex_1b0062b1_z.jpg,liteapi
lp6588bac5,Fabhotel South Paradise,hotel,28.542316436767578,77.24678802490234,3.0,,,False,,,https://static.cupid.travel/hotels/ex_602c7d71_z.jpg,liteapi
lp65825452,Srimanta Shankardev Bhawan,hotel,28.54236,77.17803,,,,False,,,https://static.cupid.travel/hotels/593338201.jpg,liteapi
lp65779be2,Hotel Amour Near IGI Delhi Airport,hotel,28.54237,77.12904,3.0,,,False,,,https://static.cupid.travel/hotels/567779695.jpg,liteapi
lp657aa13f,Hotel O DELHIGHT,hotel,28.54237,77.25445,4.0,,,False,,,https://static.cupid.travel/hotels/597026178.jpg,liteapi
lp65890455,Fabhotel Dilnoor Stay,hotel,28.542373657226562,77.12948608398438,3.0,,,False,,,https://static.cupid.travel/hotels/ex_67edb75c_z.jpg,liteapi
lp65879496,Hotel Arthcontinental By Admire Stays,hotel,28.542433,77.253215,2.0,,,False,,,https://static.cupid.travel/hotels/ex_5e923e93_z.jpg,liteapi
lp6555283c,OYO 29952 D Comfort Residency,hotel,28.542486,77.12908,3.0,,,False,,,https://static.cupid.travel/hotels/ex_14304697_z.jpg,liteapi
lp6571bd8d,Hotel O THE NEW VIEW,hotel,28.5425,77.12954,4.0,,,False,,,https://static.cupid.travel/hotels/460940070.jpg,liteapi
lp657d3f92,FabHotel New Heaven Chittranjan Park,hotel,28.5425,77.2416,3.0,,,False,,,https://static.cupid.travel/hotels/493466069.jpg,liteapi
lp6578ab7b,Hotel Raj Palace Mahipalpur Near IGI Airport Delhi,hotel,28.54253,77.12899,,,,False,,,https://static.cupid.travel/hotels/273549872.jpg,liteapi
lp657824c7,Townhouse CR Park Near Lotus Temple,hotel,28.54256,77.24259,4.0,,,False,,,https://static.cupid.travel/hotels/545657383.jpg,liteapi
lp656c2fcc,Fabhotel Prime The New Heaven,hotel,28.542567,77.24196,3.0,,,False,,,https://static.cupid.travel/hotels/ex_6b4b6d14_z.jpg,liteapi
lp6588ec7d,Fabexpress The Heights,hotel,28.542659759521484,77.25347900390625,3.0,,,False,,,https://static.cupid.travel/hotels/ex_7dd5d6d2_z.jpg,liteapi
lp657700ce,Hotel O AIRPORT PITTORS QUE DELHI,hotel,28.54273,77.1186,4.0,,,False,,,https://static.cupid.travel/hotels/539206817.jpg,liteapi
lp6588bb4c,Fabhotel Dev Residency,hotel,28.542739868164062,77.1283187866211,3.0,,,False,,,https://static.cupid.travel/hotels/ex_cef1cd0b_z.jpg,liteapi
lpc86fd,OYO 10013 Ashoka palace,hotel,28.542753,77.128065,3.0,,,False,,,https://static.cupid.travel/hotels/ex_21b5ee5d_z.jpg,liteapi
lp6588f9bc,Hotel City Lite Near Delhi Airport,hotel,28.542789459228516,77.12808227539062,3.0,,,False,,,https://static.cupid.travel/hotels/ex_4b8005ce_z.jpg,liteapi
lp655862fc,THE EDEN Near Apollo Hospital,hotel,28.542798,77.301846,3.0,,,False,,,https://static.cupid.travel/hotels/ex_aa74bf09_z.jpg,liteapi
lp657d87e9,Hotel Sunlight Inn,hotel,28.5428,77.11889,3.0,,,False,,,https://static.cupid.travel/hotels/580103263.jpg,liteapi
lp657b79aa,Townhouse Jp Residency Near Delhi Airport,hotel,28.5428,77.12796,4.0,,,False,,,https://static.cupid.travel/hotels/460788027.jpg,liteapi
lp6578389a,Airport Hotel Viraj Palace,hotel,28.542813,77.127562,,,,False,,,https://static.cupid.travel/hotels/542234357.jpg,liteapi
lp65772ed1,Hotel CLASSIC Near Delhi Airport -Unit of ISHAAN HOSPITALITY,hotel,28.54282,77.12879,3.0,,,False,,,https://static.cupid.travel/hotels/601516517.jpg,liteapi
lp656bc5c5,Hotel Ark Wood Near Delhi Airport,hotel,28.542839,77.128621,4.0,,,False,,,https://static.cupid.travel/hotels/ex_c3a18ff3_z.jpg,liteapi
lp65879c32,Fabhotel Buland Plaza,hotel,28.54284,77.300882,3.0,,,False,,,https://static.cupid.travel/hotels/ex_ff592246_z.jpg,liteapi
lp65742962,Hotel Mount Hill By GRB,hotel,28.54299,77.12885,3.0,,,False,,,https://static.cupid.travel/hotels/618231130.jpg,liteapi
lp65713b79,Hotel BMK BY JPM - Greater Kailash,hotel,28.54313,77.24182,,,,False,,,https://static.cupid.travel/hotels/595948540.jpg,liteapi
lp657e1a75,Phoenix Luxe Roooms,hotel,28.54323,77.29306,,,,False,,,https://static.cupid.travel/hotels/551821936.jpg,liteapi
lp6579908b,Hotel Cardinal Express OXMO IGI AIRPORT DELHI,hotel,28.54326,77.12876,4.0,,,False,,,https://static.cupid.travel/hotels/605628143.jpg,liteapi
lp6572434c,Red Blu Inn -Near Delhi Airport,hotel,28.54328,77.12386,2.0,,,False,,,https://static.cupid.travel/hotels/618770686.jpg,liteapi
lp657184ba,Hotel Mayank Residency,hotel,28.543321,77.127923,3.0,,,False,,,https://static.cupid.travel/hotels/611310841.jpg,liteapi
lp658729ba,Room-hotel Mayank Residency,hotel,28.543321,77.127923,,,,False,,,https://static.cupid.travel/hotels/ex_19a0b5a6_z.jpg,liteapi
lp6578cdea,HOTEL SILKY PALACE NEAR IGI AIRPORTt,hotel,28.54333,77.12381,3.0,,,False,,,https://static.cupid.travel/hotels/613018742.jpg,liteapi
lp6588deb3,SS Hotel,hotel,28.54335594177246,77.1279525756836,3.0,,,False,,,https://static.cupid.travel/hotels/ex_b018585a_z.jpg,liteapi
lp656c30ce,Roomshala 054 Hotel Mahal,hotel,28.543481,77.128537,2.0,,,False,,,https://static.cupid.travel/hotels/ex_9883ebbc_z.jpg,liteapi
lp656dd294,Hauz Khas 3 Rooms BnB,hotel,28.5437,77.200141,,,,False,,,https://static.cupid.travel/hotels/555969281.jpg,liteapi
lp3583dd,OYO Flagship 29962 South Continental (b&b),hotel,28.5437,77.244677,3.0,,,False,,,https://static.cupid.travel/hotels/ex_4b8339e5_z.jpg,liteapi
lp38445c,OYO 43270 Ishita Residency,hotel,28.54372,77.291995,3.0,,,False,,,https://static.cupid.travel/hotels/ex_f4b09908_z.jpg,liteapi
lp6588e39a,Essex Farms British Pavilion Banquets,hotel,28.543951,77.201286,3.0,,,False,,,https://static.cupid.travel/hotels/ex_e828f6cc_z.jpg,liteapi
lp658746bc,Hotel Sky View,hotel,28.544021,77.12859,3.0,,,False,,,https://static.cupid.travel/hotels/ex_13c903ca_z.jpg,liteapi
lp65464,Apartment 18,hotel,28.544031,77.244445,4.0,,,False,,,https://static.cupid.travel/hotels/ex_558ead02_z.jpg,liteapi
lp6588cf29,Iris Stays,hotel,28.544158935546875,77.29217529296875,3.0,,,False,,,https://static.cupid.travel/hotels/ex_45f6292e_z.jpg,liteapi
lp6555de52,Hotel LA Pearl,hotel,28.54427,77.128723,3.0,,,False,,,https://static.cupid.travel/hotels/ex_bc42bc5f_z.jpg,liteapi
lp6577a208,Hotel The Kiara Near Delhi Airport,hotel,28.54434,77.12841,3.0,,,False,,,https://static.cupid.travel/hotels/549042932.jpg,liteapi
lp6588ec2e,Hotel Smart Inn Mahipalpur Delhi Airport,hotel,28.54434585571289,77.12442779541016,3.0,,,False,,,https://static.cupid.travel/hotels/ex_9627c6c3_z.jpg,liteapi
lp6589114d,Hotel The Kiara - Complimentary Oneway Airport Transfer,hotel,28.544435501098633,77.12838745117188,4.0,,,False,,,https://static.cupid.travel/hotels/ex_3ea0f620_z.jpg,liteapi
lp6578be4d,The bmk Hotel by Scoovey hospitality,hotel,28.54452,77.24278,3.0,,,False,,,https://static.cupid.travel/hotels/546462745.jpg,liteapi
lp65882c09,Hotel Aryan Residency Near Delhi Airport,hotel,28.544588,77.128525,3.0,,,False,,,https://static.cupid.travel/hotels/ex_0e378545_z.jpg,liteapi
lp65806a21,Homestay Nehru Enclave,hotel,28.54463,77.25274,,,,False,,,https://static.cupid.travel/hotels/610688660.jpg,liteapi
lp6588bed5,B&B DIAMOND STAR,hotel,28.544702529907227,77.1283187866211,3.0,,,False,,,https://static.cupid.travel/hotels/ex_69271148_z.jpg,liteapi
lp6555f910,Under My Roof Hauz Khas,hotel,28.54473,77.2051,3.0,,,False,,,https://static.cupid.travel/hotels/ex_dfe0a1c9_z.jpg,liteapi
lp65767dcf,Hotel O Priva,hotel,28.54485,77.12295,3.0,,,False,,,https://static.cupid.travel/hotels/534403028.jpg,liteapi
lp657625f3,Hotel Asshok By GRB,hotel,28.544869,77.128133,,,,False,,,https://static.cupid.travel/hotels/ex_b17df987_z.jpg,liteapi
lpa3997,OYO TOWNHOUSE 460 H C Grand,hotel,28.54489,77.29344,3.0,,,False,,,https://static.cupid.travel/hotels/ex_3b91bebe_z.jpg,liteapi
lp657d10fd,Hotel XYZ,hotel,28.54492,77.12311,3.0,,,False,,,https://static.cupid.travel/hotels/580257085.jpg,liteapi
lp6575441e,Hotel O Star Light,hotel,28.545057,77.128055,4.0,,,False,,,https://static.cupid.travel/hotels/602656632.jpg,liteapi
lp384cca,OYO 13306 Rampal Palace,hotel,28.545069,77.29155,3.0,,,False,,,https://static.cupid.travel/hotels/ex_bbbf31da_z.jpg,liteapi
lp6574aed8,Alam's House,hotel,28.54513,77.30274,,,,False,,,https://static.cupid.travel/hotels/554309729.jpg,liteapi
lpc8711,OYO 10223 Hotel Clouds 21,hotel,28.545315,77.12843,3.0,,,False,,,https://static.cupid.travel/hotels/ex_54d5f362_z.jpg,liteapi
lp6583848b,JASRAM HERITAGE,hotel,28.54532,77.2917,,,,False,,,https://static.cupid.travel/hotels/589258681.jpg,liteapi
lp6573f023,Alam's Pent House,hotel,28.54538,77.30273,,,,False,,,https://static.cupid.travel/hotels/555101861.jpg,liteapi
lp65882cb1,OPO Essential SKYNEX,hotel,28.545425,77.123155,3.0,,,False,,,https://static.cupid.travel/hotels/ex_f430c109_z.jpg,liteapi
lp65794cc4,HOTEL JKM PALACE Near Apollo Hospital,hotel,28.54545,77.29176,3.0,,,False,,,https://static.cupid.travel/hotels/593729566.jpg,liteapi
lp6579ed76,Paradox Plaza Hotel Near Delhi Airport,hotel,28.54547,77.122743,4.0,,,False,,,https://static.cupid.travel/hotels/ex_7d914dc2_z.jpg,liteapi
lp52973,Hotel Star,hotel,28.545664,77.123179,2.0,,,False,,,https://static.cupid.travel/hotels/hd/ex_18ff5260_z.jpg,liteapi
lpfa4fe,OYO 16704 Greenhouse,hotel,28.54567,77.29197,3.0,,,False,,,https://static.cupid.travel/hotels/ex_3c46ab17_z.jpg,liteapi
lp6588c05e,Airport hotel Mayank plaza,hotel,28.545759201049805,77.12277221679688,3.0,,,False,,,https://static.cupid.travel/hotels/ex_b2362f3e_z.jpg,liteapi
lp656c2817,Fabhotel Plus Royal Galaxy I,hotel,28.54577,77.2577,3.0,,,False,,,https://static.cupid.travel/hotels/ex_4c15b4fc_z.jpg,liteapi
lp657a312e,HOTEL NEW PUNJAB LUXURY,hotel,28.54581,77.10873,4.0,,,False,,,https://static.cupid.travel/hotels/549233044.jpg,liteapi
lp657de013,Airport Hotel Chanakya Delhi,hotel,28.54583,77.12316,4.0,,,False,,,https://static.cupid.travel/hotels/545461570.jpg,liteapi
lp6587fda5,Hotel Impress By RMR Hotels,hotel,28.545916,77.126795,3.0,,,False,,,https://static.cupid.travel/hotels/ex_203005a5_z.jpg,liteapi
lp325a51,Capital O 445 Impress Hotel,hotel,28.545951,77.126727,3.0,,,False,,,https://static.cupid.travel/hotels/ex_ea971479_z.jpg,liteapi
lp65782d69,Hotel Nova Inn,hotel,28.545955,77.123622,3.0,,,False,,,https://static.cupid.travel/hotels/ex_cf0965c7_z.jpg,liteapi
lp6588e157,Hotel NS Near Delhi Airport,hotel,28.546083450317383,77.12583923339844,3.0,,,False,,,https://static.cupid.travel/hotels/ex_0d59761a_z.jpg,liteapi
lp6572b616,Hotel O Port End,hotel,28.54639,77.12397,3.0,,,False,,,https://static.cupid.travel/hotels/566210482.jpg,liteapi
lp6578a761,FabHotel Kingdom Suites Near IGI Airport New Delhi,hotel,28.54647,77.12665,3.0,,,False,,,https://static.cupid.travel/hotels/567901140.jpg,liteapi
lp657c12e3,Hotel Bharat Stay,hotel,28.546551,77.125377,3.0,,,False,,,https://static.cupid.travel/hotels/ex_w1080h714x0y5-f94ac3a9_z.jpg,liteapi
lp6588e81a,Hotel Stay Vista,hotel,28.546646118164062,77.13314056396484,2.0,,,False,,,https://static.cupid.travel/hotels/ex_12f52a68_z.jpg,liteapi
lp657564fb,Hotel Aashiyana Palace Just 4Km Away From Delhi Airport,hotel,28.54666,77.13605,3.0,,,False,,,https://static.cupid.travel/hotels/547901987.jpg,liteapi
lpeab8f,OYO 11405 Hotel Tej Palace,hotel,28.54671,77.128004,3.0,,,False,,,https://static.cupid.travel/hotels/ex_0451d0cd_z.jpg,liteapi
lp37b3de,Capital O 29375 Hotel Rainbow Villa,hotel,28.546762,77.126662,2.0,,,False,,,https://static.cupid.travel/hotels/ex_c1e37a30_z.jpg,liteapi
lp657b601e,Hotel Ashoka new,hotel,28.54679,77.1274,,,,False,,,https://static.cupid.travel/hotels/583355960.jpg,liteapi
lp6578c200,HOTEL AIRPORT INN near Delhi Airport,hotel,28.54682,77.12561,3.0,,,False,,,https://static.cupid.travel/hotels/549443519.jpg,liteapi
lp6582d462,GRAND HOMESTAY,hotel,28.54688,77.12471,2.0,,,False,,,https://static.cupid.travel/hotels/559378314.jpg,liteapi
lp65874946,Hotel Hanuwant Palace,hotel,28.546881,77.126962,3.0,,,False,,,https://static.cupid.travel/hotels/ex_b7c8aa47_z.jpg,liteapi
lp656c34f5,Hotel Plazzo IGI,hotel,28.546887,77.126345,3.0,,,False,,,https://static.cupid.travel/hotels/ex_37b55bdc_z.jpg,liteapi
lp36c98d,Hotel Stay Villa,hotel,28.546892,77.12638,3.0,,,False,,,https://snaphotelapi.com/hotels/ex_0f1e5cc3_z.jpg,liteapi
lp6579376f,Hotel O Mahipalpur Inn,hotel,28.54694,77.12643,3.0,,,False,,,https://static.cupid.travel/hotels/582600871.jpg,liteapi
lp65793fbd,Hotel O Dynasty Suites,hotel,28.54694,77.12643,4.0,,,False,,,https://static.cupid.travel/hotels/535228785.jpg,liteapi
lp658814cf,Haveli NH 8,hotel,28.547005,77.12401,2.0,,,False,,,https://static.cupid.travel/hotels/ex_dc0307ea_z.jpg,liteapi
lp65875cb9,Residency Stay INN,hotel,28.547007,77.24937,3.0,,,False,,,https://static.cupid.travel/hotels/ex_4728725e_z.jpg,liteapi
lp656c25e2,Airport Hotel Plazzo,hotel,28.547016,77.126103,3.0,,,False,,,https://static.cupid.travel/hotels/ex_65fa5eda_z.jpg,liteapi
lp6584205e,kailash residency,hotel,28.54704,77.12654,3.0,,,False,,,https://static.cupid.travel/hotels/597035390.jpg,liteapi
lp656fc897,Hotel Imp erial - Kalka ji,hotel,28.54705,77.25406,,,,False,,,https://static.cupid.travel/hotels/614954454.jpg,liteapi
lpa59bf,OYO 12532 Imperial Inn,hotel,28.547072,77.254476,3.0,,,False,,,https://static.cupid.travel/hotels/ex_7dd0a912_z.jpg,liteapi
lp6582d0d6,Terrace Greens,hotel,28.547079,77.234776,,,,False,,,https://static.cupid.travel/hotels/555630133.jpg,liteapi
lp657c4613,FabHotel GV Villa,hotel,28.54709,77.13198,3.0,,,False,,,https://static.cupid.travel/hotels/622530435.jpg,liteapi
lp1868cb,OYO 16993 Royal Blue,hotel,28.54712,77.12657,3.0,,,False,,,https://static.cupid.travel/hotels/ex_ad29dfda_z.jpg,liteapi
lp326670,OYO Flagship 41356 Jasola Sws,hotel,28.547143,77.291065,3.0,,,False,,,https://static.cupid.travel/hotels/ex_2d1d31d1_z.jpg,liteapi
lp6573e425,Hotel O The Dzire,hotel,28.54715,77.12756,3.0,,,False,,,https://static.cupid.travel/hotels/607382048.jpg,liteapi
lp65772d47,Hotel O Hotel Blu Pebbles,hotel,28.547154,77.126404,3.0,,,False,,,https://static.cupid.travel/hotels/460715102.jpg,liteapi
lp1d600a,OYO 19509 Fly Rooms,hotel,28.547156,77.126795,3.0,,,False,,,https://static.cupid.travel/hotels/ex_799e197f_z.jpg,liteapi
lpceea4,OYO 7075 Hotel Oakland,hotel,28.54717,77.25423,3.0,,,False,,,https://static.cupid.travel/hotels/ex_dd68f7e0_z.jpg,liteapi
lp65786899,Hotel Moody Moon stay,hotel,28.54718,77.12584,3.0,,,False,,,https://static.cupid.travel/hotels/613364375.jpg,liteapi
lp65890878,Bluestone Prime by The Cosy Hotels,hotel,28.54718589782715,77.25447845458984,3.0,,,False,,,https://static.cupid.travel/hotels/ex_a1beb8d2_z.jpg,liteapi
lp6554dfcb,Hotel Continental Plaza,hotel,28.547192,77.12586,3.0,,,False,,,https://static.cupid.travel/hotels/ex_4a1a40f6_z.jpg,liteapi
lp1dee47,OYO 19046 Hotel Airport Suites,hotel,28.5472,77.1257,3.0,,,False,,,https://static.cupid.travel/hotels/ex_d1f9a089_z.jpg,liteapi
lp65772e71,Hotel O Mahak Palace,hotel,28.54723,77.127,3.0,,,False,,,https://static.cupid.travel/hotels/608131540.jpg,liteapi
lp657ab1f0,hotel city prime,hotel,28.54724,77.12574,,,,False,,,https://static.cupid.travel/hotels/575767252.jpg,liteapi
lp658748e3,Hotel Dolphin Near IGI Airport,hotel,28.547242,77.127105,3.0,,,False,,,https://static.cupid.travel/hotels/ex_7bcdcda4_z.jpg,liteapi
lp65878f3b,AIRPORT HOTEL PEEBLES,hotel,28.547244,77.126517,2.0,,,False,,,https://static.cupid.travel/hotels/ex_796fb7eb_z.jpg,liteapi
lp657d0d0a,Hotel Tourist Stay,hotel,28.54735,77.12811,3.0,,,False,,,https://static.cupid.travel/hotels/584976997.jpg,liteapi
lp65763627,Hotel O Nivaasa For Stays,hotel,28.547443,77.129309,4.0,,,False,,,https://static.cupid.travel/hotels/510405713.jpg,liteapi
lp65808583,Runway stay,hotel,28.547446,77.12609,3.0,,,False,,,https://static.cupid.travel/hotels/532263751.jpg,liteapi
lp657d6930,Lloyd Residency Nehru Place,hotel,28.5475,77.25581,3.0,,,False,,,https://static.cupid.travel/hotels/363153250.jpg,liteapi
lp1deef1,OYO 18677 Airport Princess,hotel,28.547514,77.129988,3.0,,,False,,,https://static.cupid.travel/hotels/ex_7a884e0e_z.jpg,liteapi
lp658012e9,FabExpress Lloyd House,hotel,28.54756,77.25672,3.0,,,False,,3.0,https://static.cupid.travel/hotels/440167977.jpg,liteapi
lp6587f4a0,Hotel AeroFly Stay by KDSON,hotel,28.547581,77.12585,3.0,,,False,,,https://static.cupid.travel/hotels/ex_5d49ea61_z.jpg,liteapi
lp65771dd3,Hotel O Kanak Palace,hotel,28.54759,77.12677,4.0,,,False,,,https://static.cupid.travel/hotels/463429463.jpg,liteapi
lp65890967,Hotel Edisson View,hotel,28.547603607177734,77.12731170654297,4.0,,,False,,,https://static.cupid.travel/hotels/ex_3225f9f0_z.jpg,liteapi
lp658059d7,Airport Tourist Palace,hotel,28.54763,77.12768,3.0,,,False,,,https://static.cupid.travel/hotels/513062163.jpg,liteapi
lp65850ace,Sidansh,hotel,28.54766,77.12664,,,,False,,,https://static.cupid.travel/hotels/588104838.jpg,liteapi
lp65891181,Js Residency,hotel,28.54766845703125,77.28950500488281,3.0,,,False,,,https://static.cupid.travel/hotels/ex_8970678e_z.jpg,liteapi
lp65804b2f,Hotel Mangu,hotel,28.54767,77.12253,4.0,,,False,,,https://static.cupid.travel/hotels/612099800.jpg,liteapi
lp6575f178,Hotel Konark Stay Near IGI Airport New Delhi,hotel,28.54767,77.12691,3.0,,,False,,,https://static.cupid.travel/hotels/606918488.jpg,liteapi
lp658922fd,Ivory Airport,hotel,28.547693252563477,77.12701416015625,3.0,,,False,,,https://static.cupid.travel/hotels/ex_c890ab4a_z.jpg,liteapi
lp6588e1a0,Fabhotel Sun Plaza,hotel,28.547697067260742,77.12834167480469,3.0,,,False,,,https://static.cupid.travel/hotels/ex_bdd1a542_z.jpg,liteapi
lp65796bb7,Smart Lax Hotel,hotel,28.547712,77.126282,4.0,,,False,,,https://static.cupid.travel/hotels/ex_5cd35bed_z.jpg,liteapi
lp6588ad4c,Round D Clock,hotel,28.547740936279297,77.10447692871094,2.0,,,False,,,https://static.cupid.travel/hotels/ex_65a438c8_z.jpg,liteapi
lp657c4474,Hotel River Front,hotel,28.54776,77.12696,,,,False,,,https://static.cupid.travel/hotels/513978933.jpg,liteapi
lp656bc04d,Zed Hotel,hotel,28.547792,77.126349,4.0,,,False,,,https://static.cupid.travel/hotels/ex_9fc53690_z.jpg,liteapi
lp6573b67f,Sky stay in Noida by Uniqinn,hotel,28.54785,77.32576,,,,False,,,https://static.cupid.travel/hotels/578798001.jpg,liteapi
lp657980a0,Hotel Dolphin at Delhi Airport,hotel,28.54791,77.1269,3.0,,,False,,,https://static.cupid.travel/hotels/601506635.jpg,liteapi
lp6556122a,Airport Hotel Aerocity Grand,hotel,28.547953,77.130165,3.0,,,False,,,https://static.cupid.travel/hotels/ex_c10685de_z.jpg,liteapi
lp6579a1ff,Hotel Shiva international near by IGI airport,hotel,28.54796,77.12898,,,,False,,,https://static.cupid.travel/hotels/618846449.jpg,liteapi
lp657cbc1a,Hotel tourist plaza Delhi airport mahipalpur,hotel,28.54797,77.12824,4.0,,,False,,,https://static.cupid.travel/hotels/583080540.jpg,liteapi
lp657627a7,Hotel O Ambience Delhi Aero City Metro Station,hotel,28.54798,77.129363,4.0,,,False,,,https://static.cupid.travel/hotels/556092541.jpg,liteapi
lp65769a90,Z Black Suite,hotel,28.54799,77.12597,3.0,,,False,,,https://static.cupid.travel/hotels/611735261.jpg,liteapi
lp657976b3,Hotel Sai Group,hotel,28.548023,77.128877,3.0,,,False,,,https://static.cupid.travel/hotels/577995599.jpg,liteapi
lp6574ee0c,Hotel O TAVISH INN,hotel,28.548038,77.128878,3.0,,,False,,,https://static.cupid.travel/hotels/595085528.jpg,liteapi
lp65787cc8,Hotel Luxe manor Near Delhi Airport,hotel,28.54806,77.12891,3.0,,,False,,,https://static.cupid.travel/hotels/616860083.jpg,liteapi
lp65875528,Airport Amenda Hotel,hotel,28.548075,77.128147,2.0,,,False,,,https://static.cupid.travel/hotels/ex_e5ae6663_z.jpg,liteapi
lp6555e5a8,ADB Rooms Arrival Inn,hotel,28.548075,77.128161,3.0,,,False,,,https://static.cupid.travel/hotels/ex_9299a508_z.jpg,liteapi
lp65882570,Hotel Tej Palace,hotel,28.54808807373047,77.12899780273438,3.0,,,False,,,https://static.cupid.travel/hotels/ex_aa9b6fa4_z.jpg,liteapi
lpaf5ff,Galaxy Hotel Airport,hotel,28.548112,77.127663,3.0,,,False,,,https://static.cupid.travel/hotels/ex_53ec1c83_z.jpg,liteapi
lp657a041a,Hotel Coco Near By Delhi international Airport,hotel,28.54814,77.12904,3.0,,,False,,,https://static.cupid.travel/hotels/602141755.jpg,liteapi
lp6577012e,Hotel Krishna near by IGI Airport,hotel,28.54815,77.12894,3.0,,,False,,,https://static.cupid.travel/hotels/621353602.jpg,liteapi
lp657b485c,Hotel Red Velvet,hotel,28.548159,77.128194,3.0,,,False,,,https://static.cupid.travel/hotels/ex_11a7735f_z.jpg,liteapi
lp6587f758,The Elevate Hotel,hotel,28.548186,77.12951,3.0,,,False,,,https://static.cupid.travel/hotels/ex_7885fcdb_z.jpg,liteapi
lp65853086,Scenes,hotel,28.54826,77.32224,,,,False,,,https://static.cupid.travel/hotels/605522929.jpg,liteapi
lp656bd57f,Hotel Paradise International,hotel,28.548299,77.126489,2.0,,,False,,,https://static.cupid.travel/hotels/ex_695ee244_z.jpg,liteapi
lp657c5d92,Hotel Paradise International Near IGI Delhi Airport,hotel,28.5483,77.12649,3.0,,,False,,,https://static.cupid.travel/hotels/566029221.jpg,liteapi
lp1f6be5,S R Blue,hotel,28.548369,77.12694,3.0,,,False,,,https://static.cupid.travel/hotels/ex_f44f5fab_z.jpg,liteapi
lpea8eb,OYO 12738 Hotel Diamond,hotel,28.548386,77.127031,3.0,,,False,,,https://static.cupid.travel/hotels/ex_f307f5a8_z.jpg,liteapi
lp658212e6,Hotel Admiral,hotel,28.5484,77.12698,3.0,,,False,,,https://static.cupid.travel/hotels/613104216.jpg,liteapi
lp6572ed2e,"The Grace Hotel Near IGI Airport, New Delhi",hotel,28.5484,77.1277,3.0,,,False,,,https://static.cupid.travel/hotels/445397925.jpg,liteapi
lp65821a26,Shri Homestay,hotel,28.548402,77.126984,,,,False,,1.0,https://static.cupid.travel/hotels/550142450.jpg,liteapi
lp657a1126,Hotel O Krishna Cottage,hotel,28.54841,77.1274,3.0,,,False,,,https://static.cupid.travel/hotels/575260003.jpg,liteapi
lp657e2a32,Hotel Edition Plaza,hotel,28.54843,77.12771,3.0,,,False,,,https://static.cupid.travel/hotels/581090579.jpg,liteapi
lp1deff2,OYO 17346 Hotel Shree Ram,hotel,28.548438,77.127713,3.0,,,False,,,https://static.cupid.travel/hotels/ex_3ff33038_z.jpg,liteapi
lpea8c1,OYO 12235 Hotel Bliss Continental,hotel,28.548477,77.129366,3.0,,,False,,,https://static.cupid.travel/hotels/ex_f38a8ba9_z.jpg,liteapi
lp656c2c45,Roomshala 025 Hotel RTS,hotel,28.548573,77.128063,3.0,,,False,,,https://static.cupid.travel/hotels/ex_467ceaa1_z.jpg,liteapi
lp6577ccce,Hotel GOOD LUCK HOUSE For Family and International Guests Near Delhi Airport,hotel,28.54861,77.13031,3.0,,,False,,,https://static.cupid.travel/hotels/593127186.jpg,liteapi
lp37762c,OYO 35827 Hotel Pilot Inn,hotel,28.548634,77.128147,3.0,,,False,,,https://static.cupid.travel/hotels/ex_f7f365c1_z.jpg,liteapi
lp382ba5,OYO 44282 Gulshan Deluxe,hotel,28.548698,77.127782,3.0,,,False,,,https://static.cupid.travel/hotels/ex_b54dbba6_z.jpg,liteapi
lpf5927,Hotel O Prime Plaza,hotel,28.548717,77.129845,3.0,,,False,,,https://static.cupid.travel/hotels/602860120.jpg,liteapi
lp65812942,Hotel Dharma,hotel,28.54878,77.12084,4.0,,,False,,,https://static.cupid.travel/hotels/611484094.jpg,liteapi
lp6588b419,Hotel Akshat by Peridot,hotel,28.548812,77.122982,3.0,,,False,,,https://static.cupid.travel/hotels/ex_764a4156_z.jpg,liteapi
lp656c2d7f,Hotel The Tark,hotel,28.54883,77.129279,3.0,,,False,,,https://static.cupid.travel/hotels/ex_8e0bee04_z.jpg,liteapi
lp657c56db,Airport Hotel IVY,hotel,28.54885,77.12077,3.0,,,False,,,https://static.cupid.travel/hotels/545856799.jpg,liteapi
lp658753ed,Hotel GoodLuck House Near Delhi Airport,hotel,28.548869,77.130391,3.0,,,False,,,https://static.cupid.travel/hotels/ex_f2f40237_z.jpg,liteapi
lp657d6654,Hotel Royel Vikram,hotel,28.54887,77.12082,4.0,,,False,,,https://static.cupid.travel/hotels/611338036.jpg,liteapi
lp657f9ba1,Collection O Nandgiri,hotel,28.54887,77.13026,3.0,,,False,,,https://static.cupid.travel/hotels/577030425.jpg,liteapi
lp186661,Hotel O M SUITES,hotel,28.54889,77.13099,4.0,,,False,,,https://static.cupid.travel/hotels/585131639.jpg,liteapi
lp6588b077,Hotel Renox suites Delhi IGI Airport,hotel,28.548908233642578,77.13056945800781,4.0,,,False,,,https://static.cupid.travel/hotels/ex_2a9aedb2_z.jpg,liteapi
lpea84f,OYO 13455 Rama Krishna Hotel,hotel,28.549049,77.127445,3.0,,,False,,,https://static.cupid.travel/hotels/ex_66a39979_z.jpg,liteapi
lp6587d38d,Hotel Aman Suites at IGI by Arch Group,hotel,28.549055,77.128987,3.0,,,False,,,https://static.cupid.travel/hotels/ex_f6866ab7_z.jpg,liteapi
lp6578d266,Hotel Ramida Suites At Delhi Airport,hotel,28.54908,77.12069,3.0,,,False,,,https://static.cupid.travel/hotels/584276965.jpg,liteapi
lp6574c67a,Hotel O Avi Suites,hotel,28.54908,77.12936,4.0,,,False,,,https://static.cupid.travel/hotels/617043165.jpg,liteapi
lpf76c1,Hotel Belmonk,hotel,28.549095,77.13047,3.0,,,False,,,https://static.cupid.travel/hotels/ex_6b860b0e_z.jpg,liteapi
lp657d69e2,RTS Hotel,hotel,28.54913,77.125256,3.0,,,False,,,https://static.cupid.travel/hotels/ex_95121d0b_z.jpg,liteapi
lp657d30f4,Hotel RTS,hotel,28.549133,77.127844,2.0,,,False,,,https://static.cupid.travel/hotels/ex_f45f8e40_z.jpg,liteapi
lp656bce6d,Fabexpress Smart Stay,hotel,28.549154,77.128651,3.0,,,False,,,https://snaphotelapi.com/hotels/ex_8b759e37_z.jpg,liteapi
lp26279a,Hotel Almora Delhi Airport,hotel,28.549162,77.130889,3.0,,,False,,,https://static.cupid.travel/hotels/ex_af3aa641_z.jpg,liteapi
lp6587fc78,RTS HOTEL & Spa,hotel,28.549195,77.127835,3.0,,,False,,,https://static.cupid.travel/hotels/ex_a8c1fd2d_z.jpg,liteapi
lp65890d62,Comfy Stay Hotels,hotel,28.549245834350586,77.2367935180664,3.0,,,False,,,https://static.cupid.travel/hotels/ex_c62aa4f6_z.jpg,liteapi
lp656ea366,Premium Luxurious 2BHK w/ huge Livingroom (14),hotel,28.54928,77.2355,,,,False,,,https://static.cupid.travel/hotels/506755523.jpg,liteapi
lp657c2276,Hotel O Silverkey,hotel,28.54929,77.12807,3.0,,,False,,,https://static.cupid.travel/hotels/602666180.jpg,liteapi
lpc8688,Capital O 8497 Hotel G Suites,hotel,28.54929,77.130299,3.0,,,False,,,https://static.cupid.travel/hotels/ex_e7f8da1f_z.jpg,liteapi
lp658900ef,99 Hotel Apple Park,hotel,28.549325942993164,77.13076782226562,4.0,,,False,,,https://static.cupid.travel/hotels/ex_833f95dc_z.jpg,liteapi
lp657a2bfc,Tashree Hotel At Delhi Airport and Yashobhoomi,hotel,28.54934,77.12055,4.0,,,False,,,https://static.cupid.travel/hotels/583342725.jpg,liteapi
lp6588ea13,Hotel Mahipalpur Village-Delhi Airport,hotel,28.54935646057129,77.12944793701172,2.0,,,False,,,https://static.cupid.travel/hotels/ex_c4ee58ff_z.jpg,liteapi
lp658746bb,Rts Suites,hotel,28.549365,77.127805,2.0,,,False,,,https://static.cupid.travel/hotels/ex_cfa91fd9_z.jpg,liteapi
lpced8f,OYO 11312 Hotel Aero Capitol,hotel,28.54937,77.13032,3.0,,,False,,,https://static.cupid.travel/hotels/ex_a5bdb373_z.jpg,liteapi
lp65891ac4,Fabhotel Clayton,hotel,28.54937171936035,77.13018798828125,3.0,,,False,,,https://static.cupid.travel/hotels/ex_e4105775_z.jpg,liteapi
lp658799a7,Hotel Smart Plaza,hotel,28.549412,77.130387,2.0,,,False,,,https://static.cupid.travel/hotels/ex_64b57936_z.jpg,liteapi
lp658734b5,Hotel Anand INternational,hotel,28.549419,77.129969,3.0,,,False,,,https://static.cupid.travel/hotels/ex_a5799b20_z.jpg,liteapi
lp65876022,HOTEL STAR LITE,hotel,28.54942,77.129846,3.0,,,False,,,https://static.cupid.travel/hotels/ex_4633cbb6_z.jpg,liteapi
lp6588133c,Pathway KDSON at Airport,hotel,28.549429,77.129347,3.0,,,False,,,https://static.cupid.travel/hotels/ex_w1280h852x0y1-68384e73_z.jpg,liteapi
lp658136fb,Hotel redTon,hotel,28.54944,77.12985,3.0,,,False,,,https://static.cupid.travel/hotels/526965259.jpg,liteapi
lp658042b5,Hotel Aries,hotel,28.54945,77.1289,3.0,,,False,,,https://static.cupid.travel/hotels/271608782.jpg,liteapi
lp657b33fa,BG HOUSE,hotel,28.54945,77.12966,3.0,,,False,,,https://static.cupid.travel/hotels/534238621.jpg,liteapi
lp39323d,OYO 46446 Madho Palace,hotel,28.549469,77.129558,3.0,,,False,,,https://static.cupid.travel/hotels/ex_63b1cb7e_z.jpg,liteapi
lp6580a107,hotel goodluck airport,hotel,28.54947,77.1292,3.0,,,False,,,https://static.cupid.travel/hotels/520755586.jpg,liteapi
lp657cfd27,HOTEL AEROPATH INN,hotel,28.54949,77.129383,4.0,,,False,,,https://static.cupid.travel/hotels/527032490.jpg,liteapi
lp657c28d0,Hotel Happy Plaza,hotel,28.54955,77.12933,3.0,,,False,,,https://static.cupid.travel/hotels/612652005.jpg,liteapi
lp65741df0,Hotel O The Grace Delhi,hotel,28.54956,77.12911,4.0,,,False,,,https://static.cupid.travel/hotels/613022582.jpg,liteapi
lpf9b69,Maxfort Airport Hotel,hotel,28.54956,77.12941,3.0,,,False,,,https://static.cupid.travel/hotels/ex_01a250d1_z.jpg,liteapi
lp65854,JHT Hotel,hotel,28.54958,77.233806,3.0,,,False,,,https://static.cupid.travel/hotels/ex_6072e113_z.jpg,liteapi
lp657ec74c,Hotel Ambiance Plaza,hotel,28.549587,77.128266,3.0,,,False,,,https://static.cupid.travel/hotels/ex_18676e95_z.jpg,liteapi
lp65765bb1,Hotel SM Suites At Delhi Airport,hotel,28.54964,77.12119,,,,False,,,https://static.cupid.travel/hotels/589937579.jpg,liteapi
lp656dffcb,FabHotel The Grace I,hotel,28.549646,77.119916,,,,False,,,https://static.cupid.travel/hotels/605137623.jpg,liteapi
lp65798060,Hotel Emblem Suites Aerocity - Free Aiport Pickup or Drop,hotel,28.549656,77.11982,3.0,,,False,,,https://static.cupid.travel/hotels/538422481.jpg,liteapi
lp657276a9,Hotel O Home S Franso,hotel,28.54968,77.13154,3.0,,,False,,,https://static.cupid.travel/hotels/603680006.jpg,liteapi
lp6587e9e9,Hotel Transit Near Delhi Airport,hotel,28.549684,77.128906,2.0,,,False,,,https://static.cupid.travel/hotels/ex_64c0d241_z.jpg,liteapi
lp65879c4c,Hotel HSP Suites - Near IGI Airport - New Delhi,hotel,28.54973,77.129457,3.0,,,False,,,https://static.cupid.travel/hotels/ex_4827d304_z.jpg,liteapi
lp2261f7,Capital O 40964 Urban Delux,hotel,28.54974,77.129499,3.0,,,False,,,https://static.cupid.travel/hotels/ex_77765ceb_z.jpg,liteapi
lp657cdff7,Lomb Tuna,hotel,28.54976,77.12324,4.0,,,False,,,https://static.cupid.travel/hotels/606424636.jpg,liteapi
lp6579718d,Hotel FDR Plaza,hotel,28.54978,77.12318,4.0,,,False,,,https://static.cupid.travel/hotels/611352843.jpg,liteapi
lp657894e6,Hotel O NY PLAZA,hotel,28.549787,77.130295,3.0,,,False,,,https://static.cupid.travel/hotels/618224131.jpg,liteapi
lp535ef,Hotel The Class,hotel,28.549842,77.128326,3.0,,,False,,,https://static.cupid.travel/hotels/ex_6e723dcb_z.jpg,liteapi
lpc2435,Hotel Ganga Azure,hotel,28.54988,77.2441,3.0,,,False,,,https://static.cupid.travel/hotels/ex_e81644e9_z.jpg,liteapi
lp656c313f,FabHotel Delta Suites I,hotel,28.549881,77.130933,3.0,,,False,,,https://static.cupid.travel/hotels/ex_a20f984d_z.jpg,liteapi
lp6581787e,Luxuria Studio Apartment,hotel,28.54989,77.32148,,,,False,,,https://static.cupid.travel/hotels/520253508.jpg,liteapi
lp656c24d7,Hotel Jasola 82 inn,hotel,28.549902,77.294044,3.0,,,False,,,https://static.cupid.travel/hotels/ex_w1242h814x0y4-c39efedc_z.jpg,liteapi
lp6583763d,Luxuria studios,hotel,28.55014,77.32283,,,,False,,,https://static.cupid.travel/hotels/586966269.jpg,liteapi
lp65715522,Air Purifier - Sun-lit 1BHK Suite with big kitchen 9,hotel,28.550174,77.240777,4.0,,,False,,,https://static.cupid.travel/hotels/584325265.jpg,liteapi
lp6575cb9a,Air Loft Noida by Uniqinn,hotel,28.55018,77.32454,,,,False,,,https://static.cupid.travel/hotels/594437662.jpg,liteapi
lp6587e9ee,Hotel Star,hotel,28.550206,77.129106,2.0,,,False,,,https://static.cupid.travel/hotels/ex_03511201_z.jpg,liteapi
lp657c4cc5,Hotel Popular suites Delhi Airport,hotel,28.55024,77.12243,3.0,,,False,,,https://static.cupid.travel/hotels/591049422.jpg,liteapi
lp657011c3,Air Purifier - Delux Premium 2BHK with Big rooms 10,hotel,28.550242,77.240748,4.0,,,False,,,https://static.cupid.travel/hotels/585015970.jpg,liteapi
lp6572d284,Hotel O Le Mount,hotel,28.55027,77.13026,3.0,,,False,,,https://static.cupid.travel/hotels/448224861.jpg,liteapi
lp6578ef3b,Hotel Grow Near Airport Delhi,hotel,28.55032,77.13034,4.0,,,False,,,https://static.cupid.travel/hotels/605153858.jpg,liteapi
lp6577e374,Berlin's Abode,hotel,28.55033,77.32477,,,,False,,,https://static.cupid.travel/hotels/602878770.jpg,liteapi
lp6587d3d6,Hotel Ambrosia Delhi Airport,hotel,28.550347,77.131797,3.0,,,False,,,https://static.cupid.travel/hotels/ex_629a7a4e_z.jpg,liteapi
lp6588ef4b,Hotel Grand Shalimar by JMD Group,hotel,28.55036735534668,77.12913513183594,4.0,,,False,,,https://static.cupid.travel/hotels/ex_ab36573f_edited_2db5_z.jpg,liteapi
lp65827211,Hotel El De Olive Aero Suites Near Delhi IGI Airport,hotel,28.550386,77.121537,,,,False,,,https://static.cupid.travel/hotels/587783709.jpg,liteapi
lp657bc4c2,Collection O Harmony Stay,hotel,28.550416,77.131634,3.0,,,False,,,https://static.cupid.travel/hotels/603967202.jpg,liteapi
lp657d4070,Hotel Golden Tower,hotel,28.55048,77.13169,4.0,,,False,,,https://static.cupid.travel/hotels/540197175.jpg,liteapi
lp65718c3b,Paraíso - Your Next Space,hotel,28.55051,77.3245,,,,False,,,https://static.cupid.travel/hotels/550997460.jpg,liteapi
lp65579ad3,WhitePod Luxury,hotel,28.550516,77.130892,3.0,,,False,,,https://static.cupid.travel/hotels/ex_b7d9baa0_z.jpg,liteapi
lp65715ce4,"Hotel AELA Suites ""BY LA CASA"" near Delhi airport",hotel,28.55056,77.12002,4.0,,,False,,,https://static.cupid.travel/hotels/556720616.jpg,liteapi
lp6572a454,"Hotel Moon Residency - National Highway 8, Mahipalpur",hotel,28.55056,77.12162,3.0,,,False,,,https://static.cupid.travel/hotels/608838034.jpg,liteapi
lp6574aba0,Mayda The Best BnB Delhi,hotel,28.55058,77.13121,3.0,,,False,,,https://static.cupid.travel/hotels/595934065.jpg,liteapi
lp656bcd3b,Hotel Salt and Rove Near Delhi Airport,hotel,28.550624,77.129453,3.0,,,False,,,https://static.cupid.travel/hotels/ex_666c2b90_z.jpg,liteapi
lp6582165a,Skyview Homes,hotel,28.5507,77.32267,,,,False,,,https://static.cupid.travel/hotels/553738479.jpg,liteapi
lp657ee01a,Dream stay,hotel,28.550702,77.322657,,,,False,,,https://static.cupid.travel/hotels/588510483.jpg,liteapi
lp65882597,Hotel Ambrosia by Zenith,hotel,28.550711,77.13121,3.0,,,False,,,https://static.cupid.travel/hotels/ex_8967ebd8_z.jpg,liteapi
lp656e5bfa,Air Purifier - Sun-lit Handicraft Home 1BHK 4,hotel,28.550757,77.23379,4.0,,,False,,,https://static.cupid.travel/hotels/577448401.jpg,liteapi
lp225a5c,Treebo Trend Hotel Swiss,hotel,28.550758,77.131106,3.0,,,False,,,https://static.cupid.travel/hotels/ex_de9d8da8_z.jpg,liteapi
lp65880b58,Fabhotel The Vegas,hotel,28.550761,77.131089,3.0,,,False,,,https://static.cupid.travel/hotels/ex_bb6a5254_z.jpg,liteapi
lp65766c42,Airport de olive aero suites near igi Airport,hotel,28.55077,77.12163,4.0,,,False,,,https://static.cupid.travel/hotels/606765887.jpg,liteapi
lp6577f1f2,Hotel VVS Near Delhi Airport,hotel,28.55079,77.12021,3.0,,,False,,,https://static.cupid.travel/hotels/540007733.jpg,liteapi
lp657957fc,Elegant apartment with a skyline view,hotel,28.55079,77.32389,,,,False,,,https://static.cupid.travel/hotels/571947594.jpg,liteapi
lpcee44,OYO 847 Hotel Sinon,hotel,28.550795,77.132095,3.0,,,False,,,https://static.cupid.travel/hotels/ex_5996c9a4_z.jpg,liteapi
lp6582351a,Urban Retreat,hotel,28.550842,77.322784,,,,False,,1.0,https://static.cupid.travel/hotels/581525141.jpg,liteapi
lp65556c7b,Under My Roof Luxury Apartment,hotel,28.55086,77.207431,4.0,,,False,,,https://static.cupid.travel/hotels/ex_67006309_z.jpg,liteapi
lp658372dd,Horizon Harmony,hotel,28.55088,77.32288,,,,False,,,https://static.cupid.travel/hotels/586383979.jpg,liteapi
lp65769879,high skyy inn,hotel,28.55089,77.3234,,,,False,,,https://static.cupid.travel/hotels/589952248.jpg,liteapi
lp6572175c,Welcome to our Elegant retreat 42nd floor,hotel,28.55091,77.3229,,,,False,,,https://static.cupid.travel/hotels/607394306.jpg,liteapi
lp65880b26,Fabhotel The Nilsa,hotel,28.550943,77.132612,3.0,,,False,,,https://static.cupid.travel/hotels/ex_88280f53_z.jpg,liteapi
lp658829a6,Luxury Stay Supernova,hotel,28.550967,77.322764,3.0,,,False,,,https://static.cupid.travel/hotels/ex_a5aa3337_z.jpg,liteapi
lp657f8774,Zenith By Excellent Hospitality,hotel,28.55098,77.13008,2.0,,,False,,,https://static.cupid.travel/hotels/617286580.jpg,liteapi
lp657c7784,White Haven Luxurious Apartment with Riverfront view,hotel,28.55098,77.32206,,,,False,,,https://static.cupid.travel/hotels/565276063.jpg,liteapi
lp657168c8,A one Hotels By Ventus Hotels & Resorts- Delhi Airport,hotel,28.551,77.13005,3.0,,,False,,,https://static.cupid.travel/hotels/614275543.jpg,liteapi
lp6572734b,Supernova BnB Studio 43rd floor River View,hotel,28.55101,77.32288,,,,False,,,https://static.cupid.travel/hotels/614523155.jpg,liteapi
lp657da017,Stay Inn Supernova,hotel,28.55101,77.32303,,,,False,,,https://static.cupid.travel/hotels/555882617.jpg,liteapi
lp6587354e,Shoba Residency,hotel,28.551013,77.132259,3.0,,,False,,,https://static.cupid.travel/hotels/ex_cf2ed9fb_z.jpg,liteapi
lp657d09c6,Sky line residence,hotel,28.55104,77.32279,,,,False,,,https://static.cupid.travel/hotels/549458764.jpg,liteapi
lp657ae7ef,The Highskyy Inn,hotel,28.55104,77.32294,,,,False,,,https://static.cupid.travel/hotels/603741223.jpg,liteapi
lp6577a7dd,Hotel Broadway Inn near IGI Delhi Airport,hotel,28.55105,77.13112,3.0,,,False,,,https://static.cupid.travel/hotels/594016168.jpg,liteapi
lp6576f5ef,Relax and Unwind By Turismo India,hotel,28.55105,77.32289,,,,False,,,https://static.cupid.travel/hotels/604358064.jpg,liteapi
lp656c2fc8,Roomshala 077 Hotel City Life,hotel,28.551054,77.131121,2.0,,,False,,,https://static.cupid.travel/hotels/ex_45e95b1c_z.jpg,liteapi
lp65771189,Hotel TEO International Near Delhi Airport BY-TU CASA,hotel,28.55106,77.13008,4.0,,,False,,,https://static.cupid.travel/hotels/581753606.jpg,liteapi
lp6578e2fe,The Ventas Near Delhi Airport,hotel,28.55106,77.13051,3.0,,,False,,,https://static.cupid.travel/hotels/536457180.jpg,liteapi
lp658130ad,Cloud studio,hotel,28.551068,77.322749,,,,False,,,https://static.cupid.travel/hotels/592002681.jpg,liteapi
lp65724272,Interstellar View at 22nd Floor,hotel,28.55107,77.32278,,,,False,,,https://static.cupid.travel/hotels/515745040.jpg,liteapi
lp657455c9,The Luxurious Haven - Skyline,hotel,28.55107,77.32286,,,,False,,,https://static.cupid.travel/hotels/586432676.jpg,liteapi
lpd9df0,Hotel O Avalon Palace,hotel,28.55108,77.13327,3.0,,,False,,,https://static.cupid.travel/hotels/562252129.jpg,liteapi
lp657807de,Hotel O Avalon Palace,hotel,28.55108,77.13327,3.0,,,False,,,https://static.cupid.travel/hotels/562252129.jpg,liteapi
lp65724457,Interstellar View at 21st Floor,hotel,28.55109,77.32278,,,,False,,,https://static.cupid.travel/hotels/495228254.jpg,liteapi
lpfc05d,Shoba International,hotel,28.551104,77.132218,3.0,,,False,,,https://static.cupid.travel/hotels/ex_7d53dde3_z.jpg,liteapi
lp6588ac1f,Fabhotel Broadway,hotel,28.551116943359375,77.13070678710938,3.0,,,False,,,https://static.cupid.travel/hotels/ex_e8cce096_z.jpg,liteapi
lp65751509,The Sky Edge,hotel,28.55112,77.32272,,,,False,,,https://static.cupid.travel/hotels/605761384.jpg,liteapi
lp65756ee2,"Greenleaf Apartment and Suites, Greater Kailash 1",hotel,28.55118,77.24125,3.0,,,False,,,https://static.cupid.travel/hotels/536418255.jpg,liteapi
lp6575536e,Hotel O by OYO Royal Stay,hotel,28.551183,77.131942,3.0,,,False,,,https://static.cupid.travel/hotels/577039274.jpg,liteapi
lp65838aa4,Supernova Spira,hotel,28.55127,77.32264,,,,False,,,https://static.cupid.travel/hotels/590188765.jpg,liteapi
lp657d7d77,Skyline City Vista,hotel,28.55129,77.3235,,,,False,,,https://static.cupid.travel/hotels/584276301.jpg,liteapi
lp657106ea,"3BHK Serviced Apt, near Indraprastha Apollo, Max Hospital Noida for Medical, Business, Family Stays",hotel,28.551318,77.323499,,,,False,,,https://static.cupid.travel/hotels/596355370.jpg,liteapi
lpea899,OYO 13773 The Shoba Estate,hotel,28.55132,77.13248,3.0,,,False,,,https://static.cupid.travel/hotels/ex_9d015e13_z.jpg,liteapi
lp65843698,Skyline Sanctuary,hotel,28.55132,77.32349,,,,False,,,https://static.cupid.travel/hotels/603163286.jpg,liteapi
lp657a8ba8,Sky stay,hotel,28.55132,77.3235,,,,False,,,https://static.cupid.travel/hotels/546736688.jpg,liteapi
lp6573c5fe,The Grey Stone- City and River View Apartment,hotel,28.55136,77.32346,,,,False,,,https://static.cupid.travel/hotels/564737628.jpg,liteapi
lp6588cd50,41 Floor River View - TheRoomeraStay,hotel,28.551376342773438,77.3232650756836,3.0,,,False,,,https://static.cupid.travel/hotels/ex_7ccb1147_z.jpg,liteapi
lp65841f70,Luxsugero Studios,hotel,28.55148,77.32288,,,,False,,,https://static.cupid.travel/hotels/514383828.jpg,liteapi
lp6587e81c,HOTEL AERO HOMESTAY,hotel,28.551502,77.132315,3.0,,,False,,,https://static.cupid.travel/hotels/ex_7393efe6_z.jpg,liteapi
lp6588d862,OnlyStay Villa Vista Supernova,hotel,28.551530838012695,77.3232421875,2.0,,,False,,,https://static.cupid.travel/hotels/ex_127c6cb2_z.jpg,liteapi
lp6587c6f8,Supernova Heights Studio,hotel,28.551578,77.322115,2.0,,,False,,,https://static.cupid.travel/hotels/ex_2b884468_z.jpg,liteapi
lp657dfe1b,Aj Studio supernova,hotel,28.551588,77.322369,,,,False,,,https://static.cupid.travel/hotels/597145597.jpg,liteapi
lp658504ed,Skyline,hotel,28.551588,77.322369,,,,False,,,https://static.cupid.travel/hotels/590674945.jpg,liteapi
lp65700e9e,Luxury Heights - 28th floor river facing,hotel,28.55159,77.32237,,,,False,,,https://static.cupid.travel/hotels/591052628.jpg,liteapi
lp65706185,Skyline - 43rd floor river view apartment,hotel,28.55159,77.32237,,,,False,,,https://static.cupid.travel/hotels/591050088.jpg,liteapi
lp6578e5f1,Elegant Noida Flat with views,hotel,28.55159,77.32237,,,,False,,,https://static.cupid.travel/hotels/605868152.jpg,liteapi
lp6579c1e1,The lux horizon,hotel,28.55159,77.32237,,,,False,,,https://static.cupid.travel/hotels/602089039.jpg,liteapi
lp657edfdb,Casa Royal,hotel,28.55159,77.32237,,,,False,,,https://static.cupid.travel/hotels/594202902.jpg,liteapi
lp658146c1,Luxurylodge1,hotel,28.55159,77.32237,,,,False,,,https://static.cupid.travel/hotels/600091631.jpg,liteapi
lp658180f7,Perfect stop,hotel,28.55159,77.32237,,,,False,,,https://static.cupid.travel/hotels/568093065.jpg,liteapi
lp6581dea8,Supernova tranquil waters,hotel,28.55159,77.32237,,,,False,,,https://static.cupid.travel/hotels/604545366.jpg,liteapi
lp6582f7ce,SkyLoft Studio,hotel,28.55159,77.32237,,,,False,,,https://static.cupid.travel/hotels/584047159.jpg,liteapi
lp6583a878,Cityscape Bijou,hotel,28.55159,77.32237,,,,False,,,https://static.cupid.travel/hotels/586703298.jpg,liteapi
lp65844d5c,SkyHouse RiverView,hotel,28.55159,77.32237,,,,False,,,https://static.cupid.travel/hotels/573840432.jpg,liteapi
lp658507c7,Skyscape,hotel,28.55159,77.32237,,,,False,,,https://static.cupid.travel/hotels/559030308.jpg,liteapi
lp657f4a94,Blu lagoon residency,hotel,28.55162,77.17408,,,,False,,,https://static.cupid.travel/hotels/574808484.jpg,liteapi
lp6574cd3e,Blu lagoon opp select city inn,hotel,28.551621,77.174082,,,,False,,,https://static.cupid.travel/hotels/591050143.jpg,liteapi
lp657abc51,Hotel om Sai Delhi International Airport,hotel,28.551677,77.132355,,,,False,,1.0,https://static.cupid.travel/hotels/576356192.jpg,liteapi
lp6576a78f,A J RESIDENCE,hotel,28.5518,77.25676,,,,False,,,https://static.cupid.travel/hotels/512334868.jpg,liteapi
lp6573e008,Hotel O Lotus Inn,hotel,28.55187,77.12547,3.0,,,False,,,https://static.cupid.travel/hotels/520998900.jpg,liteapi
lp656e01ed,Boholuxe - 41st floor,hotel,28.552,77.32252,,,,False,,,https://static.cupid.travel/hotels/550685876.jpg,liteapi
lp6583e338,Studio apartment,hotel,28.55241,77.32256,,,,False,,,https://static.cupid.travel/hotels/586918543.jpg,liteapi
lp656bc22d,Airport Hotel Classic Park,hotel,28.552416,77.131333,4.0,,,False,,,https://static.cupid.travel/hotels/ex_w2877h1921x3y0-d3a6413d_z.jpg,liteapi
lp657154f3,SKYHIGH Luxurious Cozy 2BHK 0 Kms From Delhi,hotel,28.55243,77.32252,,,,False,,,https://static.cupid.travel/hotels/606921778.jpg,liteapi
lp656e5814,Room in BB - 1 Private Room In 3 Room Bnb In Hauz Khas in Center Delhi,hotel,28.55254,77.20699,,,,False,,,https://static.cupid.travel/hotels/545028634.jpg,liteapi
lp65723425,Elegant Escape Suite-40th floor,hotel,28.55258,77.32172,,,,False,,,https://static.cupid.travel/hotels/588565717.jpg,liteapi
lp6588fbcd,The Village Edit - Minimalist Hotels,hotel,28.552677154541016,77.19341278076172,3.0,,,False,,,https://static.cupid.travel/hotels/ex_b3d8b9a2_z.jpg,liteapi
lp65723d23,Cityscape heights on 36th floor,hotel,28.552826,77.322649,,,,False,,,https://static.cupid.travel/hotels/613390856.jpg,liteapi
lp6574c906,Stay in the clouds,hotel,28.552826,77.322649,,,,False,,,https://static.cupid.travel/hotels/588918514.jpg,liteapi
lp657c556b,The Skyline suite,hotel,28.552826,77.322649,,,,False,,,https://static.cupid.travel/hotels/603828945.jpg,liteapi
lp657f0b65,The Serenity skyline,hotel,28.552826,77.322649,,,,False,,,https://static.cupid.travel/hotels/612549688.jpg,liteapi
lp65721d62,30th floor Studio Room At Supernova Spira,hotel,28.55283,77.32265,,,,False,,,https://static.cupid.travel/hotels/586971078.jpg,liteapi
lp657aaf1b,The Caramel Delight stay,hotel,28.55283,77.32265,,,,False,,,https://static.cupid.travel/hotels/613401588.jpg,liteapi
lp657e9b81,River view apartment,hotel,28.55283,77.32265,,,,False,,,https://static.cupid.travel/hotels/593330179.jpg,liteapi
lp658368f8,Exquisite manor,hotel,28.55283,77.32265,,,,False,,,https://static.cupid.travel/hotels/538690200.jpg,liteapi
lp658389fa,Harmony Heights,hotel,28.55283,77.32265,,,,False,,,https://static.cupid.travel/hotels/610913118.jpg,liteapi
lp6587a339,Aaron Residency,hotel,28.552839,77.244979,3.0,,,False,,,https://static.cupid.travel/hotels/ex_ceb64d11_z.jpg,liteapi
lp6588dfd2,The Ambient Suite,hotel,28.552898406982422,77.2448959350586,2.0,,,False,,,https://static.cupid.travel/hotels/ex_703361d6_z.jpg,liteapi
lp657ace9f,Hotel Love Plaza,hotel,28.55296,77.10901,4.0,,,False,,,https://static.cupid.travel/hotels/611345079.jpg,liteapi
lp656c2bb2,Roomshala 011 Hotel Oscar,hotel,28.552987,77.246749,3.0,,,False,,,https://static.cupid.travel/hotels/ex_7850a903_z.jpg,liteapi
lp65773c43,Locals In Hotel Hauz,hotel,28.55314,77.19442,3.0,,,False,,,https://static.cupid.travel/hotels/610988799.jpg,liteapi
lp6588ed7c,Local Stays,hotel,28.553163528442383,77.19429016113281,2.0,,,False,,,https://static.cupid.travel/hotels/ex_be3b9fce_z.jpg,liteapi
lp6579a4b3,Hotel Grand Tark Delhi Airport,hotel,28.55317,77.12113,,,,False,,,https://static.cupid.travel/hotels/593429353.jpg,liteapi
lp657e6f90,AIRPORT Hotel Vijaydeep Plaza,hotel,28.55336,77.14107,,,,False,,,https://static.cupid.travel/hotels/608813613.jpg,liteapi
lp6587dcd5,Hotel Hauz Khas Inn,hotel,28.55346,77.194415,2.0,,,False,,,https://static.cupid.travel/hotels/ex_153e2e0d_z.jpg,liteapi
lp337187,FabHotel TP Suites,hotel,28.553573,77.127422,3.0,,,False,8.0,11.0,https://static.cupid.travel/hotels/248798708.jpg,liteapi
lp656bd49a,Roomshala 159 The Hauz khas inn,hotel,28.553628,77.194387,2.0,,,False,,,https://static.cupid.travel/hotels/ex_3d82f08b_z.jpg,liteapi
lp657d034f,Hotel vashant mall,hotel,28.55377,77.08872,4.0,,,False,,,https://static.cupid.travel/hotels/618746515.jpg,liteapi
lp65829ce1,Hotel embassy international,hotel,28.55377,77.08872,4.0,,,False,,,https://static.cupid.travel/hotels/603491108.jpg,liteapi
lp65729e22,Jupiter Plaza- A Brand Of The Reality,hotel,28.5538,77.10333,3.0,,,False,,,https://static.cupid.travel/hotels/617687882.jpg,liteapi
lp657d50b6,hotel LED,hotel,28.55384,77.09728,4.0,,,False,,,https://static.cupid.travel/hotels/621779582.jpg,liteapi
lp6578fe94,Grove Residency Hauz khas New Delhi Couple Friendly,hotel,28.55426,77.20848,3.0,,,False,,,https://static.cupid.travel/hotels/531686838.jpg,liteapi
lp65809776,Rabbit hole,hotel,28.55428,77.19394,,,,False,,,https://static.cupid.travel/hotels/554466206.jpg,liteapi
lp6582069f,hotel vinayak,hotel,28.55441,77.09715,4.0,,,False,,,https://static.cupid.travel/hotels/618747664.jpg,liteapi
lp6579ab9d,aero home Suits,hotel,28.55442,77.10032,3.0,,,False,,,https://static.cupid.travel/hotels/604321273.jpg,liteapi
lp6579795e,Hauz Khas House,hotel,28.55446,77.19488,,,,False,,,https://static.cupid.travel/hotels/614881778.jpg,liteapi
lp6581ef07,Lakeside Serenity Retreat,hotel,28.55455,77.19373,,,,False,,,https://static.cupid.travel/hotels/585565062.jpg,liteapi
lp657eacc9,Hotel Cheston Villa At Delhi Airport,hotel,28.554568,77.093177,,,,False,,59.0,https://static.cupid.travel/hotels/546089562.jpg,liteapi
lp658770b6,Fabhotel The Hide Away,hotel,28.554598,77.24965,3.0,,,False,,,https://static.cupid.travel/hotels/ex_dba52199_z.jpg,liteapi
lp6588d1e7,Casa Inali,hotel,28.5546875,77.19425964355469,2.0,,,False,,,https://static.cupid.travel/hotels/ex_14114656_z.jpg,liteapi
lp656c35c0,"Mintstar Apartment and Suites, East of Kailash",hotel,28.55471,77.24682,3.0,,,False,,,https://static.cupid.travel/hotels/484014354.jpg,liteapi
lp6576824c,ajoo near max,hotel,28.55485,77.16218,,,,False,,,https://static.cupid.travel/hotels/585127344.jpg,liteapi
lp65582aca,The Premium Villa,hotel,28.554892,77.242898,2.0,,,False,,,https://static.cupid.travel/hotels/ex_w1339h897x0y3-6d54207a_z.jpg,liteapi
lp65754dcf,Hotel Grand LA CASA Near IGI airport,hotel,28.55505,77.10184,4.0,,,False,,,https://static.cupid.travel/hotels/478088518.jpg,liteapi
lp65779f74,Hotel TEO GRAND Near Delhi Airport,hotel,28.55508,77.10083,4.0,,,False,,,https://static.cupid.travel/hotels/610935685.jpg,liteapi
lp657a69c0,Kailash Colony Metro View Premium Rooms,hotel,28.55516,77.24315,3.0,,,False,,,https://static.cupid.travel/hotels/563325774.jpg,liteapi
lp65880b48,Fabhotel Elegant Stay,hotel,28.555179,77.249597,3.0,,,False,,,https://static.cupid.travel/hotels/ex_ce0599ad_z.jpg,liteapi
lp65816c95,Hotel Jhandu,hotel,28.55519,77.1006,4.0,,,False,,,https://static.cupid.travel/hotels/611306600.jpg,liteapi
lp657da2be,Jupiter Plaza Delhi Airport,hotel,28.5552,77.1009,3.0,,,False,,,https://static.cupid.travel/hotels/617948656.jpg,liteapi
lp657bde8f,Hotel Cloud International Near IGI Airport,hotel,28.55521,77.12251,4.0,,,False,,,https://static.cupid.travel/hotels/606652729.jpg,liteapi
lp65836c24,COAST RESIDENCY,hotel,28.555284,77.242144,2.0,,,False,,,https://static.cupid.travel/hotels/ex_625de592_z.jpg,liteapi
lp656dba80,Covie East Of Kailash 52,hotel,28.55532,77.24447,,,,False,,,https://static.cupid.travel/hotels/453511678.jpg,liteapi
lp6578e1f4,Transit Stay At Delhi Airport,hotel,28.55551,77.09632,3.0,,,False,,,https://static.cupid.travel/hotels/593171328.jpg,liteapi
lp65828611,Feb Residency,hotel,28.55554,77.24165,4.0,,,False,,,https://static.cupid.travel/hotels/548490223.jpg,liteapi
lp6578982c,Plazzo Prime Plaza at Delhi Airport,hotel,28.55578,77.08915,,,,False,,,https://static.cupid.travel/hotels/524978017.jpg,liteapi
lp65820aa7,Hotel Sunview,hotel,28.55578,77.24776,,,,False,,,https://static.cupid.travel/hotels/606516372.jpg,liteapi
lp6578382f,Hotel Zest Near IGI Airport,hotel,28.55582,77.097422,3.0,,,False,,,https://static.cupid.travel/hotels/527275596.jpg,liteapi
lp657da122,Hotel Grand TuCasa Near International Airport,hotel,28.55594,77.10029,4.0,,,False,,,https://static.cupid.travel/hotels/581369674.jpg,liteapi
lp6575d36c,Hotel Sky View At Airport,hotel,28.55597,77.09623,,,,False,,,https://static.cupid.travel/hotels/609892137.jpg,liteapi
lp65777bb6,Hotel LA CASA DELHI AIRPORT,hotel,28.55605,77.0999,4.0,,,False,,,https://static.cupid.travel/hotels/456324961.jpg,liteapi
lp65808bd0,Mohan Villa,hotel,28.55605,77.25039,,,,False,,,https://static.cupid.travel/hotels/556477176.jpg,liteapi
lp657797ea,Hotel luxury Stay Near IGI Airport,hotel,28.55614,77.09996,4.0,,,False,,,https://static.cupid.travel/hotels/594985688.jpg,liteapi
lp657f3e8e,Hotel Juva,hotel,28.55617,77.09586,4.0,,,False,,,https://static.cupid.travel/hotels/612097854.jpg,liteapi
lp657f3ba5,Hotel Namo,hotel,28.55622,77.09498,,,,False,,,https://static.cupid.travel/hotels/611084027.jpg,liteapi
lp65804db9,Hotel Fandu,hotel,28.55639,77.09498,4.0,,,False,,,https://static.cupid.travel/hotels/611305535.jpg,liteapi
lp6576c355,Nature's Nest,hotel,28.55649,77.28642,,,,False,,,https://static.cupid.travel/hotels/547241994.jpg,liteapi
lp657b9806,Hotel Kelvish With Free Airport Pickup,hotel,28.556621,77.099985,4.0,,,False,,,https://static.cupid.travel/hotels/515750925.jpg,liteapi
lp6577070c,Hotel Clarks inn Near IGI Airport,hotel,28.556685,77.100535,4.0,,,False,,,https://static.cupid.travel/hotels/ex_3e63a265_z.jpg,liteapi
lp6573834a,Backpackers - Ink Hotels Delhi Airport By SS Group,hotel,28.55677,77.10055,3.0,,,False,,,https://static.cupid.travel/hotels/567013681.jpg,liteapi
lp657cfe8a,Luxe stay,hotel,28.55677,77.3247,,,,False,,,https://static.cupid.travel/hotels/602764090.jpg,liteapi
lp65830d2b,Lakeside Lofts,hotel,28.55677,77.3247,,,,False,,,https://static.cupid.travel/hotels/620248526.jpg,liteapi
lp657582a0,Hotel Grand Kiara Delhi Airport By SS Group,hotel,28.55679,77.10056,4.0,,,False,,,https://static.cupid.travel/hotels/567009454.jpg,liteapi
lp658060f7,Party place,hotel,28.55679,77.25971,,,,False,,,https://static.cupid.travel/hotels/536990751.jpg,liteapi
lp65769a97,Z Black Plaza,hotel,28.55683,77.08636,4.0,,,False,,,https://static.cupid.travel/hotels/611737404.jpg,liteapi
lp6577a6c1,MetroNest Stays: Apartment in South Delhi,hotel,28.55684,77.24373,,,,False,,,https://static.cupid.travel/hotels/527495336.jpg,liteapi
lp657a2835,Hotel Golden Premium Near Aerocity Delhi,hotel,28.556899,77.100301,3.0,,,False,,,https://static.cupid.travel/hotels/526956889.jpg,liteapi
lp657c1630,Hotel Dream Delhi,hotel,28.5569,77.08629,4.0,,,False,,,https://static.cupid.travel/hotels/611087983.jpg,liteapi
lpb87c8,Hotel Cozy Cave Delhi Aiport,hotel,28.5569,77.1003,3.0,,,False,,,https://static.cupid.travel/hotels/515737437.jpg,liteapi
lpc1db7,King Delhi Airport,hotel,28.5569,77.1003,3.0,,,False,,,https://static.cupid.travel/hotels/565899951.jpg,liteapi
lp655455df,Hotel Aero Indus Near Airport,hotel,28.5569,77.1003,3.0,,,False,,2.0,https://static.cupid.travel/hotels/102386747.jpg,liteapi
lp656f1a39,hotel 4 star,hotel,28.5569,77.1003,4.0,,,False,,,https://static.cupid.travel/hotels/607905807.jpg,liteapi
lp656fca5f,hotel villa21,hotel,28.5569,77.1003,,,,False,,,https://static.cupid.travel/hotels/607187551.jpg,liteapi
lp657050ea,Hotel N City Max Plaza - IGI Airport,hotel,28.5569,77.1003,4.0,,,False,,,https://static.cupid.travel/hotels/621654874.jpg,liteapi
lp65733d09,Hotel The City Max A Family Hotel Near IGI Delhi Airpot,hotel,28.5569,77.1003,4.0,,,False,,,https://static.cupid.travel/hotels/621683606.jpg,liteapi
lp6573cba0,Hotel Royal Plaza A Family Hotel By Tej Plaza Near IGI Airport,hotel,28.5569,77.1003,4.0,,,False,,,https://static.cupid.travel/hotels/618002239.jpg,liteapi
lp65744ade,Hotel Hight The Tark A Family Hotel Near IGI Airport Delhi,hotel,28.5569,77.1003,4.0,,,False,,,https://static.cupid.travel/hotels/622241028.jpg,liteapi
lp6574599e,Hotel Le Mount Plaza A family Hotel Near IGI Airport Delhi,hotel,28.5569,77.1003,4.0,,,False,,,https://static.cupid.travel/hotels/607364919.jpg,liteapi
lp657482a2,Hotel New Le Mount Near IGI Airport Delhi,hotel,28.5569,77.1003,4.0,,,False,,,https://static.cupid.travel/hotels/618001591.jpg,liteapi
lp657506c5,Hotel AMBS Plaza A Family Hotel Near IGI Airport Delhi,hotel,28.5569,77.1003,,,,False,,,https://static.cupid.travel/hotels/622173723.jpg,liteapi
lp65752c39,Hotel Le Prime Tark Near IGi Airport,hotel,28.5569,77.1003,4.0,,,False,,,https://static.cupid.travel/hotels/606392214.jpg,liteapi
lp65758d47,Hotel Toy Room Near IGI Airport Delhi,hotel,28.5569,77.1003,4.0,,,False,,,https://static.cupid.travel/hotels/609297068.jpg,liteapi
lp6575bc30,Hotel Marina Plaza A Family Hotel Near IGI Airport Delhi,hotel,28.5569,77.1003,4.0,,,False,,,https://static.cupid.travel/hotels/607443361.jpg,liteapi
lp6575e3a9,Deira Suite Tark Nera igi,hotel,28.5569,77.1003,4.0,,,False,,,https://static.cupid.travel/hotels/609214342.jpg,liteapi
lp6575f3e9,Hotel The AMBS Suites Near IGI Delhi Airport,hotel,28.5569,77.1003,4.0,,,False,,,https://static.cupid.travel/hotels/622285438.jpg,liteapi
lp6575f617,Luxury Villa A Family Hotel Near IGI Airport,hotel,28.5569,77.1003,4.0,,,False,,,https://static.cupid.travel/hotels/619730331.jpg,liteapi
lp657609a3,`Hotel Grand Lowsan,hotel,28.5569,77.1003,4.0,,,False,,,https://static.cupid.travel/hotels/607374347.jpg,liteapi
lp65761194,Hotel City Lite Near IGI Delhi Airport,hotel,28.5569,77.1003,4.0,,,False,,,https://static.cupid.travel/hotels/613140196.jpg,liteapi
lp65762cc1,Hotel Z Black Plaza,hotel,28.5569,77.1003,4.0,,,False,,,https://static.cupid.travel/hotels/611147479.jpg,liteapi
lp65763b27,Hotel New City Lite,hotel,28.5569,77.1003,4.0,,,False,,,https://static.cupid.travel/hotels/593357555.jpg,liteapi
lp65766479,Hotel HSD Near IGI Airport Delhi,hotel,28.5569,77.1003,,,,False,,,https://static.cupid.travel/hotels/606165624.jpg,liteapi
lp6576674b,Hotel IVY Near IGI Airport Delhi,hotel,28.5569,77.1003,4.0,,,False,,,https://static.cupid.travel/hotels/612985835.jpg,liteapi
lp65766b3e,Hotel Hight Tej Palace Near IGI airport Delhi,hotel,28.5569,77.1003,4.0,,,False,,,https://static.cupid.travel/hotels/606662833.jpg,liteapi
lp65767397,Hotel New Tarkky Plaza Near IGI Airport Delhi,hotel,28.5569,77.1003,4.0,,,False,,,https://static.cupid.travel/hotels/613134156.jpg,liteapi
lp6576e14d,Hotel Ambience Suites A family Hotel Near IGI Delhi Airport,hotel,28.5569,77.1003,4.0,,,False,,,https://static.cupid.travel/hotels/621806873.jpg,liteapi
lp65772b58,Hotel Hight krone Near IGI airport Delhi,hotel,28.5569,77.1003,4.0,,,False,,,https://static.cupid.travel/hotels/622227195.jpg,liteapi
lp65772c26,Hotel Krone Plaza Near IGI Airport Delhi,hotel,28.5569,77.1003,4.0,,,False,,,https://static.cupid.travel/hotels/622550358.jpg,liteapi
lp65776879,Hotel Mark Near IGI Airport,hotel,28.5569,77.1003,4.0,,,False,,,https://static.cupid.travel/hotels/581608427.jpg,liteapi
lp65776c47,Hotel Like Near IGI Airport,hotel,28.5569,77.1003,4.0,,,False,,,https://static.cupid.travel/hotels/612059822.jpg,liteapi
lp65778e7f,Hotel Prime Tark Delhi IGI airport,hotel,28.5569,77.1003,4.0,,,False,,,https://static.cupid.travel/hotels/605195176.jpg,liteapi
lp65779139,Hotel Krone Near IGI Airport Delhi,hotel,28.5569,77.1003,,,,False,,,https://static.cupid.travel/hotels/602698735.jpg,liteapi
lp6577b2cb,Hotel Premium Tark Near IGI airport Delhi,hotel,28.5569,77.1003,4.0,,,False,,,https://static.cupid.travel/hotels/622266708.jpg,liteapi
lp6577d087,Hotel Marina Near IGI Airport Delhi,hotel,28.5569,77.1003,4.0,,,False,,,https://static.cupid.travel/hotels/604289370.jpg,liteapi
lp657877e3,Hotel Grand New Delhi,hotel,28.5569,77.1003,4.0,,,False,,,https://static.cupid.travel/hotels/611705806.jpg,liteapi
lp6578811e,Hotel City Lite Plaza,hotel,28.5569,77.1003,4.0,,,False,,,https://static.cupid.travel/hotels/616785454.jpg,liteapi
lp6578bcb3,Hotel Grand Villa Suites Near Delhi Airport,hotel,28.5569,77.1003,3.0,,,False,,,https://static.cupid.travel/hotels/579719237.jpg,liteapi
lp6578bf0e,Hotel Clayton Near IGI Delhi Airport,hotel,28.5569,77.1003,4.0,,,False,,,https://static.cupid.travel/hotels/609596774.jpg,liteapi
lp6579162d,Hotel Grand King Plaza,hotel,28.5569,77.1003,4.0,,,False,,,https://static.cupid.travel/hotels/608420915.jpg,liteapi
lp65795881,Hotel olive Aero suites Delhi airport,hotel,28.5569,77.1003,4.0,,,False,,,https://static.cupid.travel/hotels/608163067.jpg,liteapi
lp657991e6,Hotel IVY Plaza,hotel,28.5569,77.1003,3.0,,,False,,,https://static.cupid.travel/hotels/541561031.jpg,liteapi
lp6579a679,Hotel Marina INN Delhi Airport,hotel,28.5569,77.1003,,,,False,,,https://static.cupid.travel/hotels/607672075.jpg,liteapi
lp657a4580,Hotel Vivant Near Delhi Airport,hotel,28.5569,77.1003,4.0,,,False,,,https://static.cupid.travel/hotels/606364911.jpg,liteapi
lp657a596f,Hotel Green Plaza Delhi Airport,hotel,28.5569,77.1003,4.0,,,False,,,https://static.cupid.travel/hotels/602900045.jpg,liteapi
lp657a6bcb,Hotel Grand Rosewood Near Delhi Airport,hotel,28.5569,77.1003,4.0,,,False,,,https://static.cupid.travel/hotels/619269686.jpg,liteapi
lp657a9128,Hotel Ambience Inn Plaza,hotel,28.5569,77.1003,4.0,,,False,,,https://static.cupid.travel/hotels/581610596.jpg,liteapi
lp657aab6f,Hotel OM,hotel,28.5569,77.1003,4.0,,,False,,,https://static.cupid.travel/hotels/607711779.jpg,liteapi
lp657aace7,Hotel King Plaza,hotel,28.5569,77.1003,4.0,,,False,,,https://static.cupid.travel/hotels/616829229.jpg,liteapi
lp657aad1a,Hotel IV,hotel,28.5569,77.1003,4.0,,,False,,,https://static.cupid.travel/hotels/613149946.jpg,liteapi
lp657ab00d,hotel neha suite,hotel,28.5569,77.1003,4.0,,,False,,,https://static.cupid.travel/hotels/612104067.jpg,liteapi
lp657abc7e,hotel RJ,hotel,28.5569,77.1003,4.0,,,False,,,https://static.cupid.travel/hotels/614283249.jpg,liteapi
lp657ac15a,Hotel Veda plaza,hotel,28.5569,77.1003,4.0,,,False,,,https://static.cupid.travel/hotels/609936353.jpg,liteapi
lp657ae95e,Rosewood Suites Near IGI Airport,hotel,28.5569,77.1003,4.0,,,False,,,https://static.cupid.travel/hotels/553991718.jpg,liteapi
lp657b8d43,Hotel Aerotech Near Delhi Airport,hotel,28.5569,77.1003,4.0,,,False,,,https://static.cupid.travel/hotels/607371095.jpg,liteapi
lp657bef0e,Hotel Grand Asian,hotel,28.5569,77.1003,4.0,,,False,,,https://static.cupid.travel/hotels/607604284.jpg,liteapi
lp657ceb94,Life Line,hotel,28.5569,77.1003,4.0,,,False,,,https://static.cupid.travel/hotels/607750243.jpg,liteapi
lp657cf51d,hotel rajesh villa,hotel,28.5569,77.1003,4.0,,,False,,,https://static.cupid.travel/hotels/607184297.jpg,liteapi
lp657e0856,Hotel Premium Grand,hotel,28.5569,77.1003,4.0,,,False,,,https://static.cupid.travel/hotels/609570428.jpg,liteapi
lp657e81a3,Hotel Tarkk International Airport Delhi,hotel,28.5569,77.1003,4.0,,,False,,,https://static.cupid.travel/hotels/607319119.jpg,liteapi
lp657e9832,Hotel Aerotech,hotel,28.5569,77.1003,4.0,,,False,,,https://static.cupid.travel/hotels/607604551.jpg,liteapi
lp657eaf41,De Airport,hotel,28.5569,77.1003,4.0,,,False,,,https://static.cupid.travel/hotels/620122118.jpg,liteapi
lp657f037b,Hotel Aerotech Plaza,hotel,28.5569,77.1003,4.0,,,False,,,https://static.cupid.travel/hotels/613144487.jpg,liteapi
lp657f3e52,Hotel Like,hotel,28.5569,77.1003,,,,False,,,https://static.cupid.travel/hotels/612047608.jpg,liteapi
lp657f47b1,hotel lake,hotel,28.5569,77.1003,4.0,,,False,,,https://static.cupid.travel/hotels/607185356.jpg,liteapi
lp65801ac1,Loyal greet,hotel,28.5569,77.1003,4.0,,,False,,,https://static.cupid.travel/hotels/605316978.jpg,liteapi
lp65802c22,hotel laksh,hotel,28.5569,77.1003,4.0,,,False,,,https://static.cupid.travel/hotels/615157061.jpg,liteapi
lp65802f81,Hotel palam,hotel,28.5569,77.1003,4.0,,,False,,,https://static.cupid.travel/hotels/607369544.jpg,liteapi
lp6580359f,Hotel Zebra,hotel,28.5569,77.1003,4.0,,,False,,,https://static.cupid.travel/hotels/608207625.jpg,liteapi
lp6580393a,hotel indra,hotel,28.5569,77.1003,,,,False,,,https://static.cupid.travel/hotels/607656673.jpg,liteapi
lp65805362,Hotel Pagal,hotel,28.5569,77.1003,4.0,,,False,,,https://static.cupid.travel/hotels/606843013.jpg,liteapi
lp658189c2,Hotel Tark Premium New Delhi IGI Airport,hotel,28.5569,77.1003,,,,False,,,https://static.cupid.travel/hotels/597474021.jpg,liteapi
lp6581c627,Hotel Naveen,hotel,28.5569,77.1003,4.0,,,False,,,https://static.cupid.travel/hotels/620250132.jpg,liteapi
lp658205ee,Hotel Lootama,hotel,28.5569,77.1003,4.0,,,False,,,https://static.cupid.travel/hotels/606376376.jpg,liteapi
lp65821ba3,hotel Lookman,hotel,28.5569,77.1003,,,,False,,,https://static.cupid.travel/hotels/607182899.jpg,liteapi
lp65831e82,Hotel rosewood,hotel,28.5569,77.1003,4.0,,,False,,,https://static.cupid.travel/hotels/606766122.jpg,liteapi
lp6574909a,Hotel SSD A Family Hotel Near IGI Airport Delhi,hotel,28.5569,77.10031,4.0,,,False,,,https://static.cupid.travel/hotels/607838407.jpg,liteapi
lp1deff5,OYO 23224 F-14 Green Park,hotel,28.5569,77.204,3.0,,,False,,,https://static.cupid.travel/hotels/ex_508ea6cb_z.jpg,liteapi
lp6573ca3f,"The Hotel Luxe Stay Mahipalpur,Delhi International Airport",hotel,28.556906,77.100358,3.0,,,False,,20.0,https://static.cupid.travel/hotels/520415832.jpg,liteapi
lp6574ed16,Hotel Z Blue,hotel,28.55691,77.1003,4.0,,,False,,,https://static.cupid.travel/hotels/611738928.jpg,liteapi
lp65802078,Hotel Light,hotel,28.55709,77.08681,4.0,,,False,,,https://static.cupid.travel/hotels/621782184.jpg,liteapi
lp6578d0e7,Hotel Villa Grand Suites IGI Airport,hotel,28.557181,77.100016,3.0,,,False,,,https://static.cupid.travel/hotels/ex_dfb121c0_z.jpg,liteapi
lp65890c4e,Fabhotel Stay Residency,hotel,28.55735969543457,77.20208740234375,3.0,,,False,,,https://static.cupid.travel/hotels/ex_w2000h1300x0y16-085f1c50_z.jpg,liteapi
lp657eb460,Hotel stay,hotel,28.5577,77.08738,4.0,,,False,,,https://static.cupid.travel/hotels/620153734.jpg,liteapi
lp655629b8,Under My Roof - Classic,hotel,28.55784,77.20358,,,,False,,,https://static.cupid.travel/hotels/230592600.jpg,liteapi
lp6578813b,Hotel King plaza Near Delhi Airport,hotel,28.5581,77.1614,4.0,,,False,,,https://static.cupid.travel/hotels/607368215.jpg,liteapi
lp6575bcb2,Green Park Haven New Delhi Near Green Park Metro Station,hotel,28.55826,77.20539,3.0,,,False,,,https://static.cupid.travel/hotels/596606949.jpg,liteapi
lp9fd57,OYO Flagship 494 East of Kailash,hotel,28.558263,77.243116,3.0,,,False,,,https://static.cupid.travel/hotels/ex_e35ae6dc_z.jpg,liteapi
lp6588dfe0,Metrolink Apartment & Suites-East Of Kailash,hotel,28.558401107788086,77.24193572998047,3.0,,,False,,,https://static.cupid.travel/hotels/ex_8c2eea00_z.jpg,liteapi
lp658744e0,Room-boutique Guest Room in Heart of Ne,hotel,28.55876,77.216689,2.0,,,False,,,https://static.cupid.travel/hotels/ex_7580f4c2_z.jpg,liteapi
lp239dd3,OYO 28061 Amar Villa One,hotel,28.558968,77.200297,3.0,,,False,,,https://static.cupid.travel/hotels/ex_8473ff57_z.jpg,liteapi
lp658783dc,Dream Desire,hotel,28.559185,77.198072,2.0,,,False,,,https://static.cupid.travel/hotels/ex_ffffc594_z.jpg,liteapi
lp6588c9cc,Saga Banquet Hall South Delhi,hotel,28.559193,77.201885,3.0,,,False,,,https://static.cupid.travel/hotels/ex_a9940204_z.jpg,liteapi
lp65577244,"Nice Boutique Guest House In South Delhi Near Aiims,nift,srifort",hotel,28.55937,77.216439,3.0,,,False,,,https://static.cupid.travel/hotels/376798968.jpg,liteapi
lp65876d8e,The Saga Hotel Green Park,hotel,28.559481,77.201893,2.0,,,False,,,https://static.cupid.travel/hotels/ex_213e4765_z.jpg,liteapi
lpe186d,OYO 12219 Tryfenna,hotel,28.55955,77.20073,3.0,,,False,,,https://static.cupid.travel/hotels/ex_516f517d_z.jpg,liteapi
lp65876f70,Hotel Green Park,hotel,28.55986,77.199592,,,,False,,,https://static.cupid.travel/hotels/ex_83ffe9d9_z.jpg,liteapi
lp656c2bc5,Roomshala 019 Hotel JPM,hotel,28.559885,77.247108,3.0,,,False,,,https://static.cupid.travel/hotels/ex_7553b361_z.jpg,liteapi
lp6588da7c,NEW CHAMDU INN,hotel,28.559890747070312,77.20661926269531,3.0,,,False,,,https://static.cupid.travel/hotels/ex_dceb5c37_z.jpg,liteapi
lp6588c38d,Roomshala Hotel Blueberry,hotel,28.559980392456055,77.20336151123047,2.0,,,False,,,https://static.cupid.travel/hotels/ex_d64f0d4f_z.jpg,liteapi
lp65750b6a,OPUS by HOTEL SHIV,hotel,28.56,77.20535,3.0,,,False,,,https://static.cupid.travel/hotels/620275797.jpg,liteapi
lp65890a39,Fabhotel Atithi,hotel,28.56006622314453,77.24504852294922,3.0,,,False,,,https://static.cupid.travel/hotels/ex_c7f707dd_z.jpg,liteapi
lp65804fb3,Sangam stay,hotel,28.56012,77.20977,,,,False,,,https://static.cupid.travel/hotels/612777989.jpg,liteapi
lp6589085d,NEW CHANDU INN,hotel,28.560291290283203,77.20674133300781,3.0,,,False,,,https://static.cupid.travel/hotels/ex_8f442f6f_z.jpg,liteapi
lp6556236c,Under My Roof - Premium,hotel,28.560471,77.201751,3.0,,,False,,,https://static.cupid.travel/hotels/ex_263eb9a6_z.jpg,liteapi
lp65882c77,Hotel Downtown by Quadis - East of Kailash,hotel,28.560479,77.255541,2.0,,,False,,,https://static.cupid.travel/hotels/ex_428add48_z.jpg,liteapi
lpdf44c,Hotel A R Residency,hotel,28.56072,77.29269,3.0,,,False,,,https://static.cupid.travel/hotels/566337458.jpg,liteapi
lp656c2add,Fabhotel F9 Peeragarhi,hotel,28.56107,77.24942,3.0,,,False,,,https://static.cupid.travel/hotels/ex_w3000h1999x0y1-6894f478_z.jpg,liteapi
lp65874f3e,VINANDA,hotel,28.561141,77.196195,2.0,,,False,,,https://static.cupid.travel/hotels/ex_e30b14aa_z.jpg,liteapi
lp657adefa,Official Bed n Breakfast,hotel,28.5613,77.19614,,,,False,,,https://static.cupid.travel/hotels/617639816.jpg,liteapi
lp6572db63,Hotel O Garg Inn,hotel,28.56142,77.20705,3.0,,,False,,,https://static.cupid.travel/hotels/578136936.jpg,liteapi
lp65756739,Lovely 1-bedroom Holiday home with Terrace Garden,hotel,28.56159,77.24635,,,,False,,,https://static.cupid.travel/hotels/537632935.jpg,liteapi
lp65876c23,Signature Plaza By MERRIMENT,hotel,28.56174,77.255347,3.0,,,False,,,https://static.cupid.travel/hotels/ex_c9727af4_z.jpg,liteapi
lp657b8416,FabHotel SP Plaza Greater Kailash,hotel,28.56176,77.25526,3.0,,,False,,,https://static.cupid.travel/hotels/504085123.jpg,liteapi
lpe67b9,OYO 1768 Home Stay The Divine Home,hotel,28.56178,77.2562,3.0,,,False,,,https://static.cupid.travel/hotels/ex_5fadfad5_z.jpg,liteapi
lp65480,FabHotel Cosy Palace,hotel,28.56183,77.255369,3.0,,,False,,,https://static.cupid.travel/hotels/ex_1f57c0e0_z.jpg,liteapi
lp65838d7f,Signature plaza,hotel,28.56188,77.25531,,,,False,,,https://static.cupid.travel/hotels/588918714.jpg,liteapi
lp6588e76e,Metrolink Apartment & Suites-Green Park,hotel,28.562326431274414,77.15985107421875,3.0,,,False,,,https://static.cupid.travel/hotels/ex_2416e9fb_z.jpg,liteapi
lpb68f2,OYO Flagship 746 Bhikaji Cama Place,hotel,28.56246,77.1888,3.0,,,False,,,https://static.cupid.travel/hotels/ex_16d9d807_z.jpg,liteapi
lp65713748,Hotel Rise73 at Delhi Airport,hotel,28.56322,77.12148,3.0,,,False,,,https://static.cupid.travel/hotels/602418774.jpg,liteapi
lp656fedea,Bed and Breakfast Cum Home Stay,hotel,28.563263,77.166483,4.0,,,False,,,https://static.cupid.travel/hotels/577497918.jpg,liteapi
lp656c373f,Treebo Premium Rose Mallow,hotel,28.56355,77.2654,3.0,,,False,,,https://static.cupid.travel/hotels/493703728.jpg,liteapi
lp65775401,Luxury Rooms In Safdarjung Enclave Near AIIMS & Safdarjung Hospital,hotel,28.56381,77.19737,3.0,,,False,,,https://static.cupid.travel/hotels/619437752.jpg,liteapi
lpc880e,OYO 9536 Bee For Home Stay,hotel,28.563839,77.197539,3.0,,,False,,,https://static.cupid.travel/hotels/ex_5602ab4e_z.jpg,liteapi
lp2823e6,Badal Inn,hotel,28.564128,77.197613,2.0,,,False,,,https://static.cupid.travel/hotels/ex_45fdcd1a_z.jpg,liteapi
lp657d3ebc,Hotel SS Residency,hotel,28.56483,77.23627,,,,False,,,https://static.cupid.travel/hotels/493207875.jpg,liteapi
lp65877099,Fabhotel Nfc Royale,hotel,28.564897,77.27051,3.0,,,False,,,https://static.cupid.travel/hotels/ex_d1ceadc2_z.jpg,liteapi
lp65798a13,Fusion fox stay,hotel,28.5649,77.24033,,,,False,,,https://static.cupid.travel/hotels/596814879.jpg,liteapi
lp6574e311,Hotel Badal - Safdarjung,hotel,28.56506,77.19793,,,,False,,,https://static.cupid.travel/hotels/614862854.jpg,liteapi
lp656ff417,Hotel Shiv Inn - AIIMS,hotel,28.56513,77.19791,,,,False,,,https://static.cupid.travel/hotels/603450231.jpg,liteapi
lp6579e0c2,Townhouse The Royce New Friends Colony,hotel,28.56514,77.27013,4.0,,,False,,,https://static.cupid.travel/hotels/593064263.jpg,liteapi
lp6581b8b8,Hotel Trived,hotel,28.56526,77.12237,4.0,,,False,,,https://static.cupid.travel/hotels/606511960.jpg,liteapi
lp657f2dc0,The Frist Collection,hotel,28.5653,77.12249,4.0,,,False,,,https://static.cupid.travel/hotels/601488781.jpg,liteapi
lp658279ed,Hotel Gayatry,hotel,28.56535,77.12254,,,,False,,,https://static.cupid.travel/hotels/602144333.jpg,liteapi
lp6588f452,Fabhotel Elvilla,hotel,28.566009521484375,77.19912719726562,3.0,,,False,,,https://static.cupid.travel/hotels/ex_56b7c6ec_z.jpg,liteapi
lp657c38dc,Hotel Badals Nest,hotel,28.56628,77.19189,,,,False,,,https://static.cupid.travel/hotels/616368666.jpg,liteapi
lp657198fd,Hotel Wind Inn - Bhikaji Cama Place,hotel,28.56628,77.19207,,,,False,,,https://static.cupid.travel/hotels/603450057.jpg,liteapi
lp65891b78,Fabhotel Silver Inn Residency,hotel,28.56639289855957,77.27033996582031,3.0,,,False,,,https://static.cupid.travel/hotels/ex_d212d206_z.jpg,liteapi
lp6582155b,IKHAYA HOTELS,hotel,28.5665,77.18963,,,,False,,,https://static.cupid.travel/hotels/225378161.jpg,liteapi
lp6588146a,Hotel Amar Inn by Quadis - Lajpat Nagar,hotel,28.566987,77.246425,2.0,,,False,,,https://static.cupid.travel/hotels/ex_79458183_z.jpg,liteapi
lp6587ce4c,Le Mirage Guest House,hotel,28.567158,77.281185,2.0,,,False,,,https://static.cupid.travel/hotels/ex_w1080h805x0y2-81c8c664_z.jpg,liteapi
lpdb85e,IKON Residency Near Fortis Escorts Hospital,hotel,28.567462,77.269133,3.0,,,False,,,https://static.cupid.travel/hotels/ex_5ec291a4_z.jpg,liteapi
lp656c35d7,Roomshala 033 Silver Inn NFC,hotel,28.567503,77.269209,3.0,,,False,,,https://static.cupid.travel/hotels/ex_8ffaeb60_z.jpg,liteapi
lp65890e0e,Fabhotel 18,hotel,28.567819595336914,77.32401275634766,3.0,,,False,,,https://static.cupid.travel/hotels/ex_a89b4c09_z.jpg,liteapi
lpea927,OYO 12789 Hotel Aaron Castle,hotel,28.56785,77.18976,3.0,,,False,,,https://static.cupid.travel/hotels/ex_a9d1479e_z.jpg,liteapi
lpece12,OYO 11201 Near Bhikaji Cama Place,hotel,28.56792,77.18808,3.0,,,False,,,https://static.cupid.travel/hotels/ex_d0857005_z.jpg,liteapi
lp6575c5ce,Hotel O Classic Home Stay,hotel,28.568011,77.247,4.0,,,False,,,https://static.cupid.travel/hotels/527323260.jpg,liteapi
lp6573fcb5,Hotel Lazeez - Near Central Market,hotel,28.56806,77.24813,,,,False,,,https://static.cupid.travel/hotels/614865807.jpg,liteapi
lp656e1f4b,YN B&B- South Extension 2,hotel,28.56872,77.22097,,,,False,,,https://static.cupid.travel/hotels/546214058.jpg,liteapi
lp729d0,Hotel The Centrum - NFC New Delhi,hotel,28.56904,77.26767,3.0,,,False,,,https://static.cupid.travel/hotels/580722519.jpg,liteapi
lp6588fb36,Roomshala Hotel Mannat,hotel,28.56938934326172,77.24175262451172,2.0,,,False,,,https://static.cupid.travel/hotels/ex_a57fb3f5_z.jpg,liteapi
lp65755467,GSM pg,hotel,28.56953,77.22089,,,,False,,,https://static.cupid.travel/hotels/582892210.jpg,liteapi
lp658767ed,Hotel Maharaja Noida,hotel,28.570314,77.324307,2.0,,,False,,,https://static.cupid.travel/hotels/ex_w2602h1718x25y25-5c76d84f_z.jpg,liteapi
lp65725f6d,Hotel Bliss - Lajpat Nagar,hotel,28.57042,77.23933,,,,False,,,https://static.cupid.travel/hotels/614866354.jpg,liteapi
lp65789baa,Hotel Divine Admire Opp Gurudwara Sahib in Taimoor Nagar-Friends Colony,hotel,28.57054,77.26681,3.0,,,False,,,https://static.cupid.travel/hotels/560842495.jpg,liteapi
lp326b42,OYO 44229 Diamond Suite,hotel,28.570692,77.267411,3.0,,,False,,,https://static.cupid.travel/hotels/ex_4d9347d2_z.jpg,liteapi
lp1d61ae,OYO 3090 Brahamputra Guest House,hotel,28.5707,77.2216,3.0,,,False,,,https://static.cupid.travel/hotels/ex_c6ce9470_z.jpg,liteapi
lp65702b65,Hotel O B K Palace,hotel,28.57072,77.26728,4.0,,,False,,,https://static.cupid.travel/hotels/621806021.jpg,liteapi
lp6558f516,Luxury flat in foreigner areof lajpat nagar with fully equipped kitch,hotel,28.570728,77.245673,4.0,,,False,,,https://static.cupid.travel/hotels/531876916.jpg,liteapi
lp65734bb4,Hotel O THE RED HOTELS,hotel,28.57078,77.32795,4.0,,,False,,,https://static.cupid.travel/hotels/584637888.jpg,liteapi
lp6578ae58,Bliss Stays Near Lajpat Nagar Metro Station,hotel,28.57088,77.23901,3.0,,,False,,,https://static.cupid.travel/hotels/614530209.jpg,liteapi
lp6570d102,PLAY Grand Imperial Sector 18 - Couple friendly,hotel,28.57093,77.32661,3.0,,,False,,,https://static.cupid.travel/hotels/537173044.jpg,liteapi
lp656e1720,Hotel Relax In - Noida Sector 18,hotel,28.57095,77.3277,,,,False,,,https://static.cupid.travel/hotels/521964288.jpg,liteapi
lp6573332d,"Diplomat luxury home stay in private apartment with kitchen, washroom, wifi , Android tv, fridge in cream location of posh south delhi foreiner area of laj",hotel,28.570966,77.245958,2.0,,,False,,,https://static.cupid.travel/hotels/538429431.jpg,liteapi
lp655550c5,"Posh, Nice Foreigner Area Lajpat Ngar Luxury Room",hotel,28.571005,77.245643,4.0,,,False,,,https://static.cupid.travel/hotels/374010820.jpg,liteapi
lp657edb46,Hotel TRUE RESIDENCY,hotel,28.57125,77.32769,3.0,,,False,,,https://static.cupid.travel/hotels/620107180.jpg,liteapi
lp656f8208,Hotel O The Glory Near Sector 18 Metro,hotel,28.57139,77.32558,3.0,,,False,,,https://static.cupid.travel/hotels/608117748.jpg,liteapi
lp656f1dcd,SPOT ON Shri Hotel Vip 2,hotel,28.57146,77.32758,2.0,,,False,,,https://static.cupid.travel/hotels/611454138.jpg,liteapi
lp6587cdab,Star Light Inn,hotel,28.571624,77.256548,2.0,,,False,,,https://static.cupid.travel/hotels/ex_d06b7fe1_z.jpg,liteapi
lp6588ce07,THE DEEP GANESHA INN,hotel,28.57196807861328,77.22630310058594,3.0,,,False,,,https://static.cupid.travel/hotels/ex_12788d5f_z.jpg,liteapi
lp657deb4d,Collection O QUADIS,hotel,28.57197,77.325,4.0,,,False,,,https://static.cupid.travel/hotels/613585147.jpg,liteapi
lp65704457,2Bhk flat,hotel,28.57233,77.24231,,,,False,,,https://static.cupid.travel/hotels/556389272.jpg,liteapi
lp65761240,Hotel day night inn,hotel,28.57238,77.27389,,,,False,,,https://static.cupid.travel/hotels/573635391.jpg,liteapi
lp657ab762,Hotel Small Town,hotel,28.57262,77.32493,4.0,,,False,,,https://static.cupid.travel/hotels/554271162.jpg,liteapi
lp657afd89,The Cove,hotel,28.572858,77.218856,,,,False,,,https://static.cupid.travel/hotels/616897251.jpg,liteapi
lp65761f62,Hotel Shri Deep Inn,hotel,28.57314,77.22818,2.0,,,False,,,https://static.cupid.travel/hotels/576593559.jpg,liteapi
lp6580c3d9,Hotel Leefa,hotel,28.57316,77.22811,2.0,,,False,,,https://static.cupid.travel/hotels/576583293.jpg,liteapi
lp657ac1a5,Hotel The Deep Residency,hotel,28.57319,77.22808,,,,False,,,https://static.cupid.travel/hotels/574455205.jpg,liteapi
lp657375d0,SUDEEP Bed & Breakfast,hotel,28.5732,77.22816,,,,False,,,https://static.cupid.travel/hotels/587657052.jpg,liteapi
lp657b9586,Hotel Shri Krishna Deep Residency,hotel,28.57323,77.22803,,,,False,,,https://static.cupid.travel/hotels/588096692.jpg,liteapi
lp65790e33,Hotel Shri Krishna Inn,hotel,28.57328,77.22809,,,,False,,,https://static.cupid.travel/hotels/597527436.jpg,liteapi
lp6588b177,Roomshala Hotel Green Valley,hotel,28.573482513427734,77.25869750976562,2.0,,,False,,,https://static.cupid.travel/hotels/ex_245ac81a_z.jpg,liteapi
lp6588d0f4,Hotel Twamev Ashram,hotel,28.573549270629883,77.2580795288086,2.0,,,False,,,https://static.cupid.travel/hotels/ex_a998fd4f_z.jpg,liteapi
lp6582801d,Hotel Ganesha,hotel,28.57372,77.22746,,,,False,,,https://static.cupid.travel/hotels/574558368.jpg,liteapi
lp657f3e2a,Indaia Inn,hotel,28.57422,77.25766,,,,False,,,https://static.cupid.travel/hotels/557772152.jpg,liteapi
lp65582f5b,Hotel Admire Inn 27,hotel,28.574257,77.322952,3.0,,,False,,,https://static.cupid.travel/hotels/ex_f0cb0983_z.jpg,liteapi
lp65751c18,Hotel Golden - Premiums Rooms in South Extension,hotel,28.57427,77.22507,2.0,,,False,,,https://static.cupid.travel/hotels/546841149.jpg,liteapi
lp65774770,Hotel O HOTEL CROWN 15,hotel,28.574297,77.32357,3.0,,,False,,,https://static.cupid.travel/hotels/604194944.jpg,liteapi
lp6588be7e,Mauryan Elite Hotel Lajpat Nager,hotel,28.574901,77.242633,2.0,,,False,,,https://static.cupid.travel/hotels/ex_088770b2_z.jpg,liteapi
lp6588b788,Raasha Hotel & Banquet,hotel,28.574974060058594,77.32196807861328,3.0,,,False,,,https://static.cupid.travel/hotels/ex_9688ef5b_z.jpg,liteapi
lp69e28,OYO 9570 Pulse Impulse BnB,hotel,28.575206,77.262197,3.0,,,False,,,https://static.cupid.travel/hotels/ex_fc1a66e9_z.jpg,liteapi
lp6587d01e,Fabhotel Hari Nagar Ashram,hotel,28.57532,77.25896,3.0,,,False,,,https://static.cupid.travel/hotels/ex_c2a7d40d_z.jpg,liteapi
lp6570dd2f,Hotel Comfirt Inn Noida Sector 19,hotel,28.57542,77.32499,3.0,,,False,,,https://static.cupid.travel/hotels/591028929.jpg,liteapi
lpc8860,OYO 383 Hotel Divine Paradise,hotel,28.575431,77.264084,3.0,,,False,,,https://static.cupid.travel/hotels/ex_8d85ca0e_z.jpg,liteapi
lp656c2019,FabHotel Under Bridge,hotel,28.575749,77.263221,3.0,,,False,,,https://static.cupid.travel/hotels/ex_w2000h1332x0y0-855c576a_z.jpg,liteapi
lp657e6113,Collection O Merriment Taurus,hotel,28.57598,77.32068,4.0,,,False,,,https://static.cupid.travel/hotels/601705316.jpg,liteapi
lp35f929,OYO 6786 Ashu Villa Guest House,hotel,28.576056,77.263389,3.0,,,False,,,https://static.cupid.travel/hotels/ex_d62179a1_z.jpg,liteapi
lp6588bf7a,Hotel Ginger Plaza by ASPL,hotel,28.5765380859375,77.32550811767578,2.0,,,False,,,https://static.cupid.travel/hotels/ex_e391f528_z.jpg,liteapi
lp658769d2,Fabhotel Richa Palace,hotel,28.576685,77.238386,3.0,,,False,,,https://static.cupid.travel/hotels/ex_02f0f1b8_z.jpg,liteapi
lp6558227d,Hotel Fortune Inn by ASPL,hotel,28.57676,77.323109,3.0,,,False,,,https://static.cupid.travel/hotels/ex_7db24c63_z.jpg,liteapi
lp1d604f,OYO 24376 Merriment Residency,hotel,28.5771,77.2432,3.0,,,False,,,https://static.cupid.travel/hotels/ex_4cc9f64b_z.jpg,liteapi
lp836e9,OYO 707 A-17,hotel,28.577508,77.23362,3.0,,,False,,,https://static.cupid.travel/hotels/ex_73df4b0a_z.jpg,liteapi
lp6588d7a0,Fabhotel Havenora,hotel,28.578296661376953,77.26396942138672,3.0,,,False,,,https://static.cupid.travel/hotels/ex_69527815_z.jpg,liteapi
lp1d95df,FabExpress Bella Vista,hotel,28.5784,77.3158,3.0,,,False,,,https://static.cupid.travel/hotels/ex_8e626d49_z.jpg,liteapi
lp65727f34,Hotel O A K Residency,hotel,28.57864,77.23963,3.0,,,False,,,https://static.cupid.travel/hotels/616743091.jpg,liteapi
lp6588bfc7,Fabhotel Orchid White Inn,hotel,28.579498291015625,77.32060241699219,3.0,,,False,,,https://static.cupid.travel/hotels/ex_471d9897_z.jpg,liteapi
lp65890765,Fabhotel Royale 19,hotel,28.579635620117188,77.32394409179688,3.0,,,False,,,https://static.cupid.travel/hotels/ex_ae13fe75_z.jpg,liteapi
lp657436c4,Hotel O Delhi Home Stay,hotel,28.58034,77.24899,3.0,,,False,,,https://static.cupid.travel/hotels/611336566.jpg,liteapi
lp65858fd8,Comstayinn,hotel,28.58038,77.32559,,,,False,,,https://static.cupid.travel/hotels/535219703.jpg,liteapi
lp6579b0b0,white place inn,hotel,28.58056,77.25051,3.0,,,False,,,https://static.cupid.travel/hotels/535128595.jpg,liteapi
lp65790587,Hotel Bawa Guest House,hotel,28.58067,77.25346,2.0,,,False,,,https://static.cupid.travel/hotels/576381675.jpg,liteapi
lp1f2728,OYO 7304 Stay Jangpura,hotel,28.580813,77.247076,3.0,,,False,,,https://static.cupid.travel/hotels/ex_44b29865_z.jpg,liteapi
lp658281a7,GLORIFY HOTEl,hotel,28.58085,77.31391,,,,False,,,https://static.cupid.travel/hotels/596442669.jpg,liteapi
lpced8d,OYO 10668 Hotel Viditva 3,hotel,28.58091,77.31469,3.0,,,False,,,https://static.cupid.travel/hotels/ex_c53cac35_z.jpg,liteapi
lp657c043d,Hotel Park Palace,hotel,28.58122,77.31342,,,,False,,,https://static.cupid.travel/hotels/596027090.jpg,liteapi
lp65782b8b,Hotel O Glorify Hotel,hotel,28.58128,77.31409,4.0,,,False,,,https://static.cupid.travel/hotels/611669737.jpg,liteapi
lp657675a2,Hotel Jerry - Near Nizamudinn Railway Station,hotel,28.58134,77.24886,,,,False,,,https://static.cupid.travel/hotels/614139273.jpg,liteapi
lp6588f97a,The PratiQ - Signature Boutique Hotel,hotel,28.581411,77.247869,3.0,,,False,,,https://static.cupid.travel/hotels/ex_fec90eeb_z.jpg,liteapi
lp65777311,Hotel O The Residency Noida,hotel,28.58157,77.31377,4.0,,,False,,,https://static.cupid.travel/hotels/585845323.jpg,liteapi
lp656c38bb,Roomshala 036 Hotel Orlov,hotel,28.582026,77.313242,3.0,,,False,,,https://static.cupid.travel/hotels/ex_w6000h4020x0y0-6873cb69_z.jpg,liteapi
lp65773dac,Diamond Home Stay In,hotel,28.58203,77.24876,,,,False,,,https://static.cupid.travel/hotels/545847003.jpg,liteapi
lp657a0a36,"Hotel Diamond Stay, Nizamuddin Railway Station",hotel,28.58203,77.24876,3.0,,,False,,,https://static.cupid.travel/hotels/534619439.jpg,liteapi
lp656e4e80,The Embassy Inn-Sec 20,hotel,28.58221,77.32769,2.0,,,False,,,https://static.cupid.travel/hotels/598936513.jpg,liteapi
lp658796e9,Hotel Satwa 29,hotel,28.582241,77.248171,2.0,,,False,,,https://static.cupid.travel/hotels/ex_8d915bdf_z.jpg,liteapi
lp65818c3a,Sardar House,hotel,28.58237,77.25157,,,,False,,,https://static.cupid.travel/hotels/537174270.jpg,liteapi
lpcee19,OYO 10666 Hotel Star,hotel,28.582416,77.313312,3.0,,,False,,,https://static.cupid.travel/hotels/ex_17cdceaf_z.jpg,liteapi
lp657622cc,Hotel O Park Palace,hotel,28.58242,77.31261,3.0,,,False,,,https://static.cupid.travel/hotels/599726564.jpg,liteapi
lp6579cd56,Durga home stay,hotel,28.58246,77.24986,3.0,,,False,,,https://static.cupid.travel/hotels/607826374.jpg,liteapi
lp6571743c,Hotel Bir - Jangpura,hotel,28.58252,77.24451,3.0,,,False,,,https://static.cupid.travel/hotels/614505528.jpg,liteapi
lp6578da3f,The Sunrise Vista Nizamuddin- Only Indian National Allowed,hotel,28.58259,77.25075,3.0,,,False,,,https://static.cupid.travel/hotels/573164764.jpg,liteapi
lp657b6872,Hotel O Lemonade Near Indira Gandhi International Airport,hotel,28.58266,77.08839,3.0,,,False,,,https://static.cupid.travel/hotels/545038934.jpg,liteapi
lp1d5d72,OYO 15563 Bir Home Stay,hotel,28.5828,77.245,3.0,,,False,,,https://static.cupid.travel/hotels/ex_0fe9ecf0_z.jpg,liteapi
lp65891f95,Roomshala Hotel Tom & Jerry,hotel,28.58283042907715,77.2476806640625,2.0,,,False,,,https://static.cupid.travel/hotels/ex_247a65cf_z.jpg,liteapi
lp65817fda,Nattan Niwas,hotel,28.58304,77.25037,,,,False,,,https://static.cupid.travel/hotels/573276451.jpg,liteapi
lp28ca3f,Preet Palace,hotel,28.583124,77.25202,2.0,,,False,,,https://static.cupid.travel/hotels/ex_b7799e30_z.jpg,liteapi
lp6572dc3b,Hotel Commodo - Near Dhaula Kuan,hotel,28.58422,77.16626,4.0,,,False,,,https://static.cupid.travel/hotels/615812105.jpg,liteapi
lp6588efab,Roomshala Hotel Bir,hotel,28.584243774414062,77.24707794189453,2.0,,,False,,,https://static.cupid.travel/hotels/ex_18d6eb6f_z.jpg,liteapi
lp6586f181,Hotel Batra Holiday Home,hotel,28.584498,77.247909,3.0,,,False,,,https://static.cupid.travel/hotels/ex_2725112f_z.jpg,liteapi
lp6575ee96,Hotel O Bharat's Heritage,hotel,28.58516,77.08992,4.0,,,False,,,https://static.cupid.travel/hotels/619328643.jpg,liteapi
lp101fd3,Theap Hospitality,hotel,28.585186,77.307113,3.0,,,False,,,https://static.cupid.travel/hotels/ex_66854d06_z.jpg,liteapi
lp6588dafb,Roomshala Hotel South Embassy,hotel,28.586366653442383,77.16926574707031,2.0,,,False,,,https://static.cupid.travel/hotels/ex_1067c48d_z.jpg,liteapi
lp65723de8,Hotel Moti Bagh - Satya Niketan,hotel,28.5868,77.16917,,,,False,,,https://static.cupid.travel/hotels/613871325.jpg,liteapi
lp6576d218,Hotel O Noida,hotel,28.58688,77.31853,3.0,,,False,,,https://static.cupid.travel/hotels/595689247.jpg,liteapi
lp6588d6f7,THE LUTF,hotel,28.586973190307617,77.24626922607422,4.0,,,False,,,https://static.cupid.travel/hotels/ex_w2316h1536x0y0-25527e08_z.jpg,liteapi
lp6578542f,Collection O Mayank Guest House Near ISKCON Temple Noida,hotel,28.587243,77.317293,4.0,,,False,,,https://static.cupid.travel/hotels/579798258.jpg,liteapi
lp65745800,Classic Hotel 02 Minute Walk In Nizamuddin Railway Station,hotel,28.58741,77.25521,2.0,,,False,,,https://static.cupid.travel/hotels/551343254.jpg,liteapi
lp6579dd85,Hotel The Platform Near Us embassy Chanakyapuri Delhi,hotel,28.58771,77.16702,3.0,,,False,,,https://static.cupid.travel/hotels/534755542.jpg,liteapi
lp65795a28,Classic Palace - Opposite Nizamudinn Railway Station,hotel,28.58772,77.25723,,,,False,,,https://static.cupid.travel/hotels/614141404.jpg,liteapi
lp657f6de9,Hotel Classical Opposite Nizamuddin Railway Station,hotel,28.58814,77.25504,3.0,,,False,,,https://static.cupid.travel/hotels/619785700.jpg,liteapi
lp6583f877,Mughals homestay,hotel,28.58961,77.24353,,,,False,,,https://static.cupid.travel/hotels/609560672.jpg,liteapi
lp65782f25,Hotel O Discovery Inn,hotel,28.590083,77.305306,3.0,,,False,,,https://static.cupid.travel/hotels/586226961.jpg,liteapi
lp6574dd79,Hotel O Deurali Dx Guest House,hotel,28.59026,77.25595,3.0,,,False,,,https://static.cupid.travel/hotels/608280235.jpg,liteapi
lp6578557a,Hotel Niketan - Chanakyapuri,hotel,28.59427,77.17739,4.0,,,False,,,https://static.cupid.travel/hotels/611382945.jpg,liteapi
lp6579ea60,Hotel Lemount Suite Near Delhi Airport,hotel,28.59489,77.17069,4.0,,,False,,,https://static.cupid.travel/hotels/606427691.jpg,liteapi
lp657e7b6b,Hotel KDS Plaza International,hotel,28.59509,77.17093,,,,False,,,https://static.cupid.travel/hotels/600950892.jpg,liteapi
lp656c2840,FabHotel A One Noida Sector 11,hotel,28.59661,77.33061,3.0,,,False,,,https://static.cupid.travel/hotels/353475119.jpg,liteapi
lp656e5b7b,"103 Cozy Flats Bnb 2 BHK Flat,Near Airport Delhi",hotel,28.59683,77.095808,4.0,,,False,,,https://static.cupid.travel/hotels/600493381.jpg,liteapi
lp657c8208,Collection O Noida Saffron,hotel,28.596832,77.330414,4.0,,,False,,,https://static.cupid.travel/hotels/621906073.jpg,liteapi
lp656c38b4,Roomshala 042 Grand Vikas,hotel,28.596937,77.3303,2.0,,,False,,,https://static.cupid.travel/hotels/ex_b195c649_z.jpg,liteapi
lp6578bc99,Private Rooms Near US Embassy- Chanakyapuri,hotel,28.5972,77.18976,3.0,,,False,,,https://static.cupid.travel/hotels/616831631.jpg,liteapi
lp657710bc,Hotel O Home Sparrow Near Dashrath Puri Metro Station,hotel,28.59737,77.09968,,,,False,,,https://static.cupid.travel/hotels/446915870.jpg,liteapi
lp657a650a,Flamingo 2Bhk couple friendly apartment,hotel,28.59801,77.09882,,,,False,,,https://static.cupid.travel/hotels/578666648.jpg,liteapi
lp65815a10,Hotel mundka,hotel,28.59893,77.1629,4.0,,,False,,,https://static.cupid.travel/hotels/618749464.jpg,liteapi
lp657962c8,House By Howard,hotel,28.605499,77.241184,3.0,,,False,,,https://static.cupid.travel/hotels/ex_w3000h1998x0y0-9b99a05b_z.jpg,liteapi
lp65766e8b,"Comfort Inn Hotel,New Delhi Mayur Vihar Noida",hotel,28.60627,77.29655,3.0,,,False,,,https://static.cupid.travel/hotels/433976576.jpg,liteapi
lp6573e1bb,Hotel O by OYO Lotus Inn,hotel,28.606833,77.2948,4.0,,,False,,,https://static.cupid.travel/hotels/564137990.jpg,liteapi
lp656bcd96,Itsy Hotels Grand York,hotel,28.60782,77.32077,3.0,,,False,,,https://static.cupid.travel/hotels/531896080.jpg,liteapi
lp6588ac97,Roomshala Hotel Sukoon,hotel,28.607973098754883,77.2924575805664,2.0,,,False,,,https://static.cupid.travel/hotels/ex_w1358h1956x0y0-126b80c8_z.jpg,liteapi
lp65740220,Hotel O RELAX MAX,hotel,28.608,77.104,3.0,,,False,,,https://static.cupid.travel/hotels/621613386.jpg,liteapi
lp65890b5a,Roomshala Hotel Pub G,hotel,28.609121322631836,77.2939224243164,2.0,,,False,,,https://static.cupid.travel/hotels/ex_014e6f0a_z.jpg,liteapi
lp6588cfda,Fabhotel Orchid Blu,hotel,28.609899520874023,77.08948516845703,3.0,,,False,,,https://static.cupid.travel/hotels/ex_3841cb83_z.jpg,liteapi
lp65880ac0,Fabhotel Blue Stone,hotel,28.609904,77.296053,3.0,,,False,,,https://static.cupid.travel/hotels/ex_fab5b142_z.jpg,liteapi
lp65882b56,Hotel Revive By The Premium Villa,hotel,28.610467,77.086907,2.0,,,False,,,https://static.cupid.travel/hotels/ex_3248ad08_z.jpg,liteapi
lp657610cf,Hotel O Park Palace,hotel,28.61095,77.3305,3.0,,,False,,,https://static.cupid.travel/hotels/549153576.jpg,liteapi
lp657c4d5f,Hotel O Discovery,hotel,28.61163,77.30185,3.0,,,False,,,https://static.cupid.travel/hotels/516116788.jpg,liteapi
lp1d5d05,OYO 22691 Royale Park Inn,hotel,28.6132,77.1056,3.0,,,False,,,https://static.cupid.travel/hotels/ex_59bacb2d_z.jpg,liteapi
lp657b06e6,Hotel O Sagarpur,hotel,28.613905,77.10673,3.0,,,False,,,https://static.cupid.travel/hotels/604971722.jpg,liteapi
lp19a07b,Hotel Salt,hotel,28.61391,77.208997,3.0,,,False,,,https://static.cupid.travel/hotels/ex_82f3ed1a_z.jpg,liteapi
lp656e0fdf,"Room in Guest Room - Luxury Private Flat In Lajpat Nagar With Attached Kitchen Kitchen 92,121,74700",hotel,28.613939,77.209021,3.0,,,False,,,https://static.cupid.travel/hotels/ex_w5760h4320x960y0-9da1c7f0_z.jpg,liteapi
lp6578953e,Couple Friendly Private Flat in Posh Lajpat Nagar,hotel,28.613939,77.209021,3.0,,,False,,,https://static.cupid.travel/hotels/ex_7ad907f6_z.jpg,liteapi
lp6572a5ed,Room in Guest room - Posh Foreigner Place Luxury Room In Lajpat Nagar,hotel,28.61394,77.20902,,,,False,,,https://static.cupid.travel/hotels/304903175.jpg,liteapi
lp6572ea6a,Room in Guest room - Aggarwal Guest House In Cream Location,hotel,28.61394,77.20902,,,,False,,,https://static.cupid.travel/hotels/532228899.jpg,liteapi
lp6574a968,"Room in Guest room - Posh Foreigners Place,couples Allowed Lajpat Nagar",hotel,28.61394,77.20902,,,,False,,,https://static.cupid.travel/hotels/273122255.jpg,liteapi
lp6574dff9,"Cream Location,wifi With Android Tv, Luxury Room",hotel,28.61394,77.20902,,,,False,,,https://static.cupid.travel/hotels/273153895.jpg,liteapi
lp657caac2,Akshardham metro station near Delhi,hotel,28.61442,77.27545,,,,False,,,https://static.cupid.travel/hotels/555296818.jpg,liteapi
lp657b513c,Hotel O Dhankush,hotel,28.61763,77.287254,4.0,,,False,,,https://static.cupid.travel/hotels/532192387.jpg,liteapi
lp65753c63,Hotel O Prime stay,hotel,28.61775,77.32584,2.0,,,False,,,https://static.cupid.travel/hotels/613040923.jpg,liteapi
lp65725634,Hotel O The Park Inn Hotel,hotel,28.61882,77.28632,3.0,,,False,,,https://static.cupid.travel/hotels/511591858.jpg,liteapi
lp657c9878,Hotel O Doraemon Residency,hotel,28.62333,77.15672,3.0,,,False,,,https://static.cupid.travel/hotels/595592675.jpg,liteapi
lp6573d620,Hotel O Royal Inn,hotel,28.623545,77.097342,1.0,,,False,,1.0,https://static.cupid.travel/hotels/598569041.jpg,liteapi
lp65582448,Jyoti Residency,hotel,28.623625,77.156988,3.0,,,False,,,https://static.cupid.travel/hotels/ex_8e07fed9_z.jpg,liteapi
lp658770fc,Hotel Hari Nager By The Premium Villa,hotel,28.624496,77.110838,2.0,,,False,,,https://static.cupid.travel/hotels/ex_5933c139_z.jpg,liteapi
lp65743f22,Hotel O Clock Tower Inn,hotel,28.62451,77.11095,3.0,,,False,,,https://static.cupid.travel/hotels/621160132.jpg,liteapi
lpb1b0e,Hotel S. K Crown Park Naraina,hotel,28.624759,77.135217,4.0,,,False,,,https://static.cupid.travel/hotels/ex_cdc6ff49_z.jpg,liteapi
lp657377ef,The YN Nook,hotel,28.62477,77.08758,,,,False,,,https://static.cupid.travel/hotels/558588224.jpg,liteapi
lp6579ccee,MNDF Grand Tark,hotel,28.6249,77.20197,4.0,,,False,,,https://static.cupid.travel/hotels/622602482.jpg,liteapi
lp65558500,Entire 2br Serviced Apartment From 2nd Dec 2019,hotel,28.625014,77.135408,3.0,,,False,,,https://static.cupid.travel/hotels/ex_3ea24c80_z.jpg,liteapi
lp6554f215,ADB Rooms Hotel Nazeer,hotel,28.625036,77.295123,3.0,,,False,,,https://static.cupid.travel/hotels/ex_a313a290_z.jpg,liteapi
lp6576116c,Hotel O Welcome IIN,hotel,28.6252,77.30164,4.0,,,False,,,https://static.cupid.travel/hotels/547346179.jpg,liteapi
lp1df08c,OYO 14388 UK Residency,hotel,28.6258,77.1173,3.0,,,False,,,https://static.cupid.travel/hotels/ex_482226c3_z.jpg,liteapi
lp65875ed3,Hotel Akash Continental,hotel,28.625848,77.11106,2.0,,,False,,,https://static.cupid.travel/hotels/ex_352ea8bd_z.jpg,liteapi
lp1d5e21,OYO 15764 Hotel Akash Continental,hotel,28.625891,77.110959,3.0,,,False,,,https://static.cupid.travel/hotels/ex_04893e6c_z.jpg,liteapi
lp6576d88b,Hotel O Akash,hotel,28.62591,77.11091,3.0,,,False,,,https://static.cupid.travel/hotels/597429332.jpg,liteapi
lp657d9bf3,Homestay in Connaught Place,hotel,28.62606,77.22504,,,,False,,,https://static.cupid.travel/hotels/553013803.jpg,liteapi
lp657a7d83,Hotel Akash Continental Near Hari Nagar Couple Friendly,hotel,28.62645,77.1113,3.0,,,False,,,https://static.cupid.travel/hotels/607597114.jpg,liteapi
lp657b4e02,Hotel O Fazalpur,hotel,28.62667,77.30019,3.0,,,False,,,https://static.cupid.travel/hotels/587287853.jpg,liteapi
lp6587f32b,Saltstayz Premier Naraina Central Delhi,hotel,28.626789,77.135947,3.0,,,False,,,https://static.cupid.travel/hotels/ex_4b9679a6_z.jpg,liteapi
lp657ae867,Heritage home in Cannaught Place,hotel,28.62717,77.22732,,,,False,,,https://static.cupid.travel/hotels/473164941.jpg,liteapi
lp6573f752,HOTEL O ELITE STAY,hotel,28.628383,77.27749,3.0,,,False,,,https://static.cupid.travel/hotels/621611841.jpg,liteapi
lp1c649a,OYO 19481 Jp Villa,hotel,28.6287,77.0997,3.0,,,False,,,https://static.cupid.travel/hotels/ex_12f5e1db_z.jpg,liteapi
lp656c350e,Roomshala 087 Green High,hotel,28.628728,77.276401,3.0,,,False,,,https://static.cupid.travel/hotels/ex_94151a85_edited_b0b7_z.jpg,liteapi
lp65891a32,Cherish Luxury Banquet Hall Delhi,hotel,28.628732681274414,77.0994873046875,2.0,,,False,,,https://static.cupid.travel/hotels/ex_49a213e9_z.jpg,liteapi
lp6588c939,Cherish Luxury Banquet Delhi,hotel,28.628738403320312,77.09950256347656,3.0,,,False,,,https://static.cupid.travel/hotels/ex_7e77c23b_z.jpg,liteapi
lp65581470,Sunrise Villa,hotel,28.62892,77.12279,3.0,,,False,,,https://static.cupid.travel/hotels/ex_424bce1e_z.jpg,liteapi
lp65760bd5,Super Hotel O Jail Road Rajouri Garden,hotel,28.62903,77.09969,4.0,,,False,,,https://static.cupid.travel/hotels/621658951.jpg,liteapi
lp657a3a1f,Nesting Paradise By Payal Ghosh,hotel,28.62912,77.19688,,,,False,,,https://static.cupid.travel/hotels/589603126.jpg,liteapi
lp656bcec4,FabHotel Mona International,hotel,28.62921,77.2862,3.0,,,False,,,https://static.cupid.travel/hotels/514913348.jpg,liteapi
lp6575574d,Hotel O Mannt Stay,hotel,28.6297,77.27546,4.0,,,False,,,https://static.cupid.travel/hotels/525264367.jpg,liteapi
lp65875c0f,Hotel Mona Regency,hotel,28.630043,77.286307,2.0,,,False,,,https://static.cupid.travel/hotels/ex_73dc9e22_z.jpg,liteapi
lp358cd9,OYO 44535 Mona Regency Hotel And Banquets,hotel,28.630057,77.286387,3.0,,,False,,,https://static.cupid.travel/hotels/ex_108534a7_z.jpg,liteapi
lp65882745,Frazyone Hostel,hostel,28.630126,77.275587,2.0,,,False,,,https://static.cupid.travel/hotels/ex_03b33fe9_z.jpg,liteapi
lp1def0b,OYO 25086 Hotel Prince Plaza,hotel,28.630337,77.138146,3.0,,,False,,,https://static.cupid.travel/hotels/ex_f0073665_z.jpg,liteapi
lp656c2bcc,Roomshala 027 Prince Residency,hotel,28.630661,77.121749,3.0,,,False,,,https://static.cupid.travel/hotels/ex_df23101f_z.jpg,liteapi
lp6587cc2c,asar Connaught Place by Orion Hotels,hotel,28.630931,77.216664,2.0,,,False,,,https://static.cupid.travel/hotels/ex_7e6aa09a_z.jpg,liteapi
lp65876158,Fabhotel The Kings Plaza,hotel,28.631025,77.138508,3.0,,,False,,,https://static.cupid.travel/hotels/ex_88764a55_z.jpg,liteapi
lp657481e2,Hotel Green High - Near Akshardham Temple,hotel,28.63112,77.27654,3.0,,,False,,,https://static.cupid.travel/hotels/614890667.jpg,liteapi
lp6555a118,ADB Rooms Glance Inn Laxmi Nagar,hotel,28.6312,77.27116,3.0,,,False,,,https://static.cupid.travel/hotels/ex_297571c0_z.jpg,liteapi
lp1db114,Mona Regency Hotel and Banquet,hotel,28.631697,77.288686,3.0,,,False,,,https://static.cupid.travel/hotels/ex_5554de3a_z.jpg,liteapi
lp6588b8e9,Hotel Solaris Retreat By The Arrow,hotel,28.63231086730957,77.2738037109375,2.0,,,False,,,https://static.cupid.travel/hotels/ex_df26182e_z.jpg,liteapi
lp6574f21f,Hotel O Smart View,hotel,28.63261,77.28233,4.0,,,False,,,https://static.cupid.travel/hotels/601672584.jpg,liteapi
lp6587906e,Fabhotel Asp Royal Residency I,hotel,28.632664,77.086977,3.0,,,False,,,https://static.cupid.travel/hotels/ex_c8e5ccfd_z.jpg,liteapi
lp6588b64b,Fabhotel The Arrow,hotel,28.63294219970703,77.27892303466797,3.0,,,False,,,https://static.cupid.travel/hotels/ex_4b6be1d8_z.jpg,liteapi
lp65790853,Hotel O Moonlight Stay,hotel,28.63337,77.11011,3.0,,,False,,,https://static.cupid.travel/hotels/620095406.jpg,liteapi
lp6575aa6e,The Luxe Stays in Central Delhi,hotel,28.63365,77.17753,,,,False,,,https://static.cupid.travel/hotels/497484713.jpg,liteapi
lp226080,Hotel O Vishwakarma Palace,hotel,28.633878,77.281257,4.0,,,False,,1.0,https://static.cupid.travel/hotels/606268423.jpg,liteapi
lpdf0f6,Treebo The Daffodils,hotel,28.63393,77.22375,3.0,,,False,,,https://static.cupid.travel/hotels/ex_d2dc57f5_z.jpg,liteapi
lp6571ca4b,Homlee-Vintage Green 2BHK with Terrace & fort View,hotel,28.63406,77.24393,,,,False,,,https://static.cupid.travel/hotels/526044638.jpg,liteapi
lp6587f3c5,Hotel Anvit Residency - By The Arrow,hotel,28.634086,77.281363,2.0,,,False,,,https://static.cupid.travel/hotels/ex_a7b8509c_z.jpg,liteapi
lp36f3a6,OYO 37262 Akash Guest House,hotel,28.634096,77.315465,3.0,,,False,,,https://static.cupid.travel/hotels/ex_66aeebde_z.jpg,liteapi
lp6573af84,Hotel O City Inn Guest House,hotel,28.63423,77.28325,3.0,,,False,,,https://static.cupid.travel/hotels/611193161.jpg,liteapi
lp2147de,Hotel Blue Stone,hotel,28.63423,77.327004,3.0,,,False,,,https://static.cupid.travel/hotels/ex_8e78aa40_z.jpg,liteapi
lp658350ca,Hotel Bluestone,hotel,28.63454,77.32742,,,,False,,,https://static.cupid.travel/hotels/497564286.jpg,liteapi
lp6588bd9d,Fabhotel White House Tilak Nagar,hotel,28.635576248168945,77.10723114013672,3.0,,,False,,,https://static.cupid.travel/hotels/ex_be0f1dbb_z.jpg,liteapi
lp657c23e6,Hotel O GRANVILLE,hotel,28.63561,77.31625,3.0,,,False,,,https://static.cupid.travel/hotels/593489831.jpg,liteapi
lp370788,OYO 35361 Leisurrestay,hotel,28.636219,77.305252,3.0,,,False,,,https://static.cupid.travel/hotels/ex_c11affc7_z.jpg,liteapi
lp6576fc2f,Hotel O Star View Residency,hotel,28.636362,77.107315,3.0,,,False,,,https://static.cupid.travel/hotels/609078417.jpg,liteapi
lp6574f434,Iconic Residency - Near Ganga Ram Hospital,hotel,28.63658,77.18385,3.0,,,False,,,https://static.cupid.travel/hotels/620190000.jpg,liteapi
lp6575d05a,Hotel O Delight Home Stay,hotel,28.63672,77.09541,4.0,,,False,,,https://static.cupid.travel/hotels/514614956.jpg,liteapi
lp656e296f,KK Homez 1 RK Flat,hotel,28.6368,77.27481,,,,False,,,https://static.cupid.travel/hotels/584362166.jpg,liteapi
lp657e9baf,Gurmehar's Residence,hotel,28.63719,77.29617,,,,False,,,https://static.cupid.travel/hotels/548756717.jpg,liteapi
lp6587906b,Fabhotel Angel Pink The Premium,hotel,28.637266,77.327669,3.0,,,False,,,https://static.cupid.travel/hotels/ex_b202c31c_z.jpg,liteapi
lp65798efc,Hotel noble inn,hotel,28.6381,77.21056,3.0,,,False,,,https://static.cupid.travel/hotels/595720573.jpg,liteapi
lp65891ed0,Hotel Shandon,hotel,28.63823127746582,77.2104263305664,4.0,,,False,,,https://static.cupid.travel/hotels/ex_w1000h1252x0y32-fa228f98_z.jpg,liteapi
lp6588b697,Hotel Palazzo Inn Mansarovar Garden,hotel,28.638863,77.129827,3.0,,,False,,,https://static.cupid.travel/hotels/ex_cef3c0df_z.jpg,liteapi
lp656ef2b3,1 RK Studio Flat,hotel,28.63893,77.28381,,,,False,,,https://static.cupid.travel/hotels/584285665.jpg,liteapi
lp6588abee,Fabhotel Poorva Residency,hotel,28.639083862304688,77.1277084350586,3.0,,,False,,,https://static.cupid.travel/hotels/ex_e6eb712a_z.jpg,liteapi
lp6573f250,HOTEL CITY IN DXx,hotel,28.63913,77.21263,3.0,,,False,,,https://static.cupid.travel/hotels/606368768.jpg,liteapi
lp6588bfd3,Hotel Viraj Residency,hotel,28.63924217224121,77.2831802368164,4.0,,,False,,,https://static.cupid.travel/hotels/ex_f8f4ed43_z.jpg,liteapi
lp6588b4c4,HAVELIYA HOMES BB RESIDENCY,hotel,28.639339447021484,77.21602630615234,3.0,,,False,,,https://static.cupid.travel/hotels/ex_2ea0a586_z.jpg,liteapi
lp6588df5c,Fabhotel Elvilla I,hotel,28.6394100189209,77.11451721191406,3.0,,,False,,,https://static.cupid.travel/hotels/ex_041d686e_z.jpg,liteapi
lp65548835,Hotel Green Palace By ADB Rooms,hotel,28.64011,77.29307,2.0,,,False,,,https://static.cupid.travel/hotels/ex_89aeaac7_z.jpg,liteapi
lp657b2e56,Hotel Star Plaza,hotel,28.640372,77.211106,2.0,,,False,5.0,,https://static.cupid.travel/hotels/ex_b52e8173_z.jpg,liteapi
lp6573a688,Backpackers Headquaters ( A Unit of Backpackers Heaven ),hotel,28.64042,77.21316,,,,False,,,https://static.cupid.travel/hotels/556649692.jpg,liteapi
lp6587d00f,Fabhotel Cg International,hotel,28.640468,77.216396,3.0,,,False,,,https://static.cupid.travel/hotels/ex_819bca51_z.jpg,liteapi
lp6588f511,Fabhotel Kg Palace,hotel,28.64051628112793,77.20962524414062,3.0,,,False,,,https://static.cupid.travel/hotels/ex_9acd6ea9_z.jpg,liteapi
lp6577965d,Hotel Embassy Near Rk Ashram Metro,hotel,28.64055,77.21078,4.0,,,False,,,https://static.cupid.travel/hotels/600640998.jpg,liteapi
lpf917f,OYO 14136 hotel toto international,hotel,28.64058,77.21374,3.0,,,False,,,https://static.cupid.travel/hotels/ex_343c6005_z.jpg,liteapi
lp6588db22,Hotel Namoh,hotel,28.640609741210938,77.21015167236328,2.0,,,False,,,https://static.cupid.travel/hotels/ex_80359848_z.jpg,liteapi
lpb53d6,Hotel Satyam - New Delhi Railway Station,hotel,28.640624,77.210617,3.0,,,False,,,https://static.cupid.travel/hotels/ex_fd32fa46_z.jpg,liteapi
lp1c614d,OYO 13774 Check In Room,hotel,28.6407,77.2114,2.0,,,False,,,https://static.cupid.travel/hotels/ex_9d67caf1_z.jpg,liteapi
lp65746bfa,Hotel O Hare Rama guest house,hotel,28.64072,77.21248,2.0,,,False,,1.0,https://static.cupid.travel/hotels/586598741.jpg,liteapi
lp6588d525,Hotel Satyam Near Ramakrishna Ashram,hotel,28.64073944091797,77.21086883544922,3.0,,,False,,,https://static.cupid.travel/hotels/ex_d21e92eb_z.jpg,liteapi
lp6572597b,The Bella Vista- New Delhi,hotel,28.64084,77.20958,3.0,,,False,,,https://static.cupid.travel/hotels/443138280.jpg,liteapi
lp6557c839,Hotel Kuber International,hotel,28.64096,77.214811,3.0,,,False,,,https://static.cupid.travel/hotels/ex_7684db7e_z.jpg,liteapi
lp6588e570,Fabhotel Raj Rajeshwari,hotel,28.64098358154297,77.21371459960938,3.0,,,False,,,https://static.cupid.travel/hotels/ex_9dc13775_z.jpg,liteapi
lp65820a1e,Comfrate stay,hotel,28.64104,77.21366,,,,False,,,https://static.cupid.travel/hotels/616045057.jpg,liteapi
lp209bd2,OYO 29751 Check In Room 2,hotel,28.641057,77.213576,3.0,,,False,,,https://static.cupid.travel/hotels/ex_42d395e9_z.jpg,liteapi
lp6589124e,Fabhotel Grand Shiva,hotel,28.64106559753418,77.21315002441406,3.0,,,False,,,https://static.cupid.travel/hotels/ex_3110ca31_z.jpg,liteapi
lp657d48e0,Hotel Shivlok Palace Deluxe,hotel,28.64109,77.21328,2.0,,,False,,,https://static.cupid.travel/hotels/621205613.jpg,liteapi
lp65842ac3,Rajpath Residency,hotel,28.6411,77.32467,3.0,,,False,,,https://static.cupid.travel/hotels/517924562.jpg,liteapi
lp18d127,Hotel Samrat Kaushambi,hotel,28.6411,77.32577,3.0,,,False,,,https://static.cupid.travel/hotels/ex_8c0b9281_z.jpg,liteapi
lp65873416,HOTEL IMPERIAL VIEW,hotel,28.641209,77.210567,2.0,,,False,,,https://static.cupid.travel/hotels/ex_w1080h807x0y1-4f7105f4_z.jpg,liteapi
lp65764550,Spot International - Main Bazar Paharganj New Delhi,hotel,28.64126,77.21453,,,,False,,,https://static.cupid.travel/hotels/558949953.jpg,liteapi
lpd4d82,Hotel Star Palace Paharganj,hotel,28.64131,77.21578,3.0,,,False,,,https://static.cupid.travel/hotels/ex_13458057_z.jpg,liteapi
lp6587dd99,Hotel All In Homes,hotel,28.641328,77.21427,2.0,,,False,,,https://static.cupid.travel/hotels/ex_36fe0292_z.jpg,liteapi
lp65804ddd,Family SPOT,hotel,28.64133,77.21479,3.0,,,False,,,https://static.cupid.travel/hotels/613086581.jpg,liteapi
lp6588f585,A ONE HOSTEL,hostel,28.641361236572266,77.21630859375,1.0,,,False,,,https://static.cupid.travel/hotels/ex_092ae711_z.jpg,liteapi
lp656bc125,FabHotel Prime Zewarat Inn,hotel,28.64138,77.12161,3.0,,,False,,,https://static.cupid.travel/hotels/523228884.jpg,liteapi
lp6574ecc7,Hotel Kabeer,hotel,28.641437,77.215402,3.0,,,False,,,https://static.cupid.travel/hotels/613018335.jpg,liteapi
lp65551a64,ADB Rooms Hotel You & Me,hotel,28.641457,77.216599,3.0,,,False,,,https://static.cupid.travel/hotels/ex_5b15d819_z.jpg,liteapi
lp6572be79,Hotel O Host Inn,hotel,28.64148,77.11234,3.0,,,False,,,https://static.cupid.travel/hotels/465197500.jpg,liteapi
lp6573e4e0,Hotel O Aarna Inn,hotel,28.64149,77.21275,3.0,,,False,,,https://static.cupid.travel/hotels/616707119.jpg,liteapi
lp657726ec,The Charlie's hostel,hostel,28.6415,77.21435,,,,False,,,https://static.cupid.travel/hotels/451637643.jpg,liteapi
lp6570b3de,Hotel O I Stay,hotel,28.641504,77.21435,3.0,,,False,,,https://static.cupid.travel/hotels/463550280.jpg,liteapi
lp65815af5,Hotel VIRAAT,hotel,28.64163,77.21049,3.0,,,False,,,https://static.cupid.travel/hotels/569290292.jpg,liteapi
lp657f9f83,saffron inn paharganj,hotel,28.64165,77.21468,,,,False,,,https://static.cupid.travel/hotels/531094691.jpg,liteapi
lp65582d19,Hotel Surya Plaza,hotel,28.641691207885742,77.21160125732422,2.0,,,False,,,https://static.cupid.travel/hotels/ex_c0905b77_z.jpg,liteapi
lp658809c8,HOTEL UN STAR,hotel,28.641728,77.215582,3.0,,,False,,,https://static.cupid.travel/hotels/ex_b0b746d6_z.jpg,liteapi
lpbd582,ADB Rooms Hotel India International Dx,hotel,28.641803,77.211708,3.0,,,False,,,https://static.cupid.travel/hotels/ex_b8b4c42f_z.jpg,liteapi
lp65876240,Hotel Dollar Inn,hotel,28.641854,77.214796,2.0,,,False,,,https://static.cupid.travel/hotels/ex_8e056122_z.jpg,liteapi
lp657e72af,Hotel Yess Boss International,hotel,28.64186,77.21481,3.0,,,False,,,https://static.cupid.travel/hotels/608936986.jpg,liteapi
lp65890029,The Metrostay Delhi,hotel,28.641862869262695,77.2242431640625,2.0,,,False,,,https://static.cupid.travel/hotels/ex_f1483ddd_z.jpg,liteapi
lp1ae130,Hotel Silver Palace - Hostel,hostel,28.641882,77.213218,2.0,,,False,,,https://static.cupid.travel/hotels/ex_94c40887_z.jpg,liteapi
lp65728d71,Hotel O Home RS HOTEL,hotel,28.64191,77.13618,3.0,,,False,,,https://static.cupid.travel/hotels/533135670.jpg,liteapi
lp6574d04e,The Prem New Delhi,hotel,28.64198,77.21693,,,,False,,,https://static.cupid.travel/hotels/593658410.jpg,liteapi
lp658921b0,Hotel Pink Villa,hotel,28.64198112487793,77.21166229248047,2.0,,,False,,,https://static.cupid.travel/hotels/ex_7c4da430_z.jpg,liteapi
lp65745161,Hotel O Saffron Inn,hotel,28.641987,77.21423,3.0,,,False,,,https://static.cupid.travel/hotels/562629511.jpg,liteapi
lpced65,Hotel Sapphire,hotel,28.641999,77.217296,3.0,,,False,,,https://static.cupid.travel/hotels/ex_665c2b06_z.jpg,liteapi
lp657a4b79,Hotel brahmputra by byob hotels,hotel,28.64201,77.2128,3.0,,,False,,,https://static.cupid.travel/hotels/556823007.jpg,liteapi
lpdcc2b,Noble Inn,hotel,28.64201,77.21734,3.0,,,False,,,https://static.cupid.travel/hotels/ex_263a7f9c_z.jpg,liteapi
lp65794ec5,Hotel Sapphire Inn By ASR Hospitality,hotel,28.64202,77.21721,,,,False,,,https://static.cupid.travel/hotels/571279635.jpg,liteapi
lpcee49,Hotel Sai Dham International,hotel,28.64203,77.21529,3.0,,,False,2.0,2.0,https://static.cupid.travel/hotels/494997421.jpg,liteapi
lp657c7b18,Hotel O Sunshine Residency,hotel,28.64206,77.13631,3.0,,,False,,,https://static.cupid.travel/hotels/578656107.jpg,liteapi
lp326416,Capital O 46981 Pinky Villa,hotel,28.642073,77.211597,3.0,,,False,,,https://static.cupid.travel/hotels/ex_f8ac6921_z.jpg,liteapi
lp6573e89c,Hotel O Double RR,hotel,28.64216,77.2144,3.0,,,False,,,https://static.cupid.travel/hotels/612310900.jpg,liteapi
lp1b4d4c,OYO Flagship 18618 Ocean Blue Residency,hotel,28.642198,77.282014,3.0,,,False,,,https://static.cupid.travel/hotels/ex_dbd69086_z.jpg,liteapi
lp6588e44c,SHARDA INN,hotel,28.642349243164062,77.21109008789062,3.0,,,False,,,https://static.cupid.travel/hotels/ex_cca6d05c_z.jpg,liteapi
lp6579b6ae,Surya Home Stay,hotel,28.64249,77.3247,,,,False,,,https://static.cupid.travel/hotels/608173793.jpg,liteapi
lp6578bfda,Hotel Golden Plam Tilak Nagar Market,hotel,28.64259,77.09868,3.0,,,False,,,https://static.cupid.travel/hotels/570691946.jpg,liteapi
lp65711d46,Angel Pink Residency B58,hotel,28.6426,77.31933,,,,False,,,https://static.cupid.travel/hotels/554787516.jpg,liteapi
lp6587852f,Fabhotel Mishika Inn,hotel,28.642646,77.216544,3.0,,,False,,,https://static.cupid.travel/hotels/ex_w2000h1329x0y4-6731f18e_z.jpg,liteapi
lp6573884d,Frankstay By Hotel Mayfair Newly Built - New Delhi,hotel,28.64269,77.2179,4.0,,,False,,,https://static.cupid.travel/hotels/501130766.jpg,liteapi
lpbe6b5,Hotel O Aura Palace Deluxe,hotel,28.64274,77.212612,4.0,,,False,,1.0,https://static.cupid.travel/hotels/595100300.jpg,liteapi
lp1bfe64,OYO 11150 Hotel JMD Rooms,hotel,28.642813,77.208878,3.0,,,False,,,https://static.cupid.travel/hotels/ex_5c48be7f_z.jpg,liteapi
lp65875088,Hotel The Divine,hotel,28.642896,77.210761,2.0,,,False,,,https://static.cupid.travel/hotels/ex_1e99b23b_z.jpg,liteapi
lp6572931f,Hotel Snow White - Near R K Ashram Metro Station Paharganj,hotel,28.64296,77.2108,3.0,,,False,,,https://static.cupid.travel/hotels/580274197.jpg,liteapi
lp6587ef6f,Hotel Vin Inn,hotel,28.643023,77.211433,2.0,,,False,,,https://static.cupid.travel/hotels/ex_fb2c6d99_z.jpg,liteapi
lp6588b92a,Hotel The Yuvaan BnB-New Delhi Railway,hotel,28.64321517944336,77.2179183959961,3.0,,,False,,,https://static.cupid.travel/hotels/ex_d88f606c_z.jpg,liteapi
lp65880b5e,Fabhotel Rn Residency,hotel,28.643288,77.323891,3.0,,,False,,,https://static.cupid.travel/hotels/ex_bec40d1a_z.jpg,liteapi
lp65892045,Fabhotel Aura Palace,hotel,28.643310546875,77.21256256103516,3.0,,,False,,,https://static.cupid.travel/hotels/ex_a1b1dd23_z.jpg,liteapi
lpc86a6,OYO 9821 Gali Hari Mandir,hotel,28.643433,77.214542,3.0,,,False,,,https://static.cupid.travel/hotels/ex_57c82587_z.jpg,liteapi
lp6574304d,Hotel O Kamal Palace Dx,hotel,28.6435,77.21461,3.0,,,False,,,https://static.cupid.travel/hotels/506539516.jpg,liteapi
lp657afefe,Hotel Le,hotel,28.64355,77.21106,3.0,,,False,,,https://static.cupid.travel/hotels/569336405.jpg,liteapi
lp1c5974,Airport Hotel Royal Inn,hotel,28.6436,77.2774,3.0,,,False,,,https://static.cupid.travel/hotels/ex_ccc52e8e_z.jpg,liteapi
lpea844,OYO 12419 Hotel Silver Shine,hotel,28.643661,77.212518,3.0,,,False,,,https://static.cupid.travel/hotels/ex_743d4f47_z.jpg,liteapi
lp6577291d,Hotel Shree Sai Dham,hotel,28.643792,77.214109,2.0,,,False,,1.0,https://static.cupid.travel/hotels/619301010.jpg,liteapi
lpc4f86,Hotel MGM Residency,hotel,28.64381,77.24425,4.0,,,False,,,https://static.cupid.travel/hotels/ex_eef99d66_z.jpg,liteapi
lp6588bf23,Fabhotel Golden Gate Deluxe,hotel,28.643856048583984,77.21244049072266,3.0,,,False,,,https://static.cupid.travel/hotels/ex_8010b968_z.jpg,liteapi
lp1dee4e,OYO 6168 Hotel Ashirwad,hotel,28.643859,77.214737,3.0,,,False,,,https://static.cupid.travel/hotels/ex_c9ad2a9b_z.jpg,liteapi
lp6587e611,Cassava Stay,hotel,28.643871,77.173072,4.0,,,False,,,https://static.cupid.travel/hotels/ex_f3b52d0e_z.jpg,liteapi
lp8372d,ADB Rooms Hotel Dada Cottage,hotel,28.643885,77.210801,3.0,,,False,,,https://static.cupid.travel/hotels/ex_623256d3_z.jpg,liteapi
lpb53d7,Hotel Metro Plaza - New Delhi Railway Station,hotel,28.64391,77.21076,3.0,,,False,,,https://static.cupid.travel/hotels/ex_b6ad795e_z.jpg,liteapi
lp6588e1d7,Hotel Maya Cottage - Connaught Place,hotel,28.644094467163086,77.2160873413086,2.0,,,False,,,https://static.cupid.travel/hotels/ex_8da4b343_z.jpg,liteapi
lp6558f4a5,Hotel Aman Imperial at New Delhi Railway Station,hotel,28.644101,77.217225,3.0,,,False,,,https://static.cupid.travel/hotels/ex_d1bdc1bb_z.jpg,liteapi
lp65739a1e,Hotel Bhartiya-New Delhi Railway Station-2 minutes walk,hotel,28.644122,77.216211,3.0,,,False,,10.0,https://static.cupid.travel/hotels/548744280.jpg,liteapi
lp65711acc,Hotel A-10 International,hotel,28.644134,77.214333,,,,False,,,https://static.cupid.travel/hotels/ex_496333a2_z.jpg,liteapi
lp36a6c9,ADB Rooms Udhav palace,hotel,28.644167,77.214784,3.0,,,False,,,https://static.cupid.travel/hotels/ex_a2e641d1_z.jpg,liteapi
lpe09b3,Shivam Palace,hotel,28.64428,77.21252,2.0,,,False,,,https://static.cupid.travel/hotels/ex_edc828e5_z.jpg,liteapi
lp656dd298,Hotel S & B East Inn - Patel Nagar,hotel,28.64444,77.17643,3.0,,,False,,,https://static.cupid.travel/hotels/452676692.jpg,liteapi
lp658207ae,Hotel Express,hotel,28.64448,77.21486,,,,False,,,https://static.cupid.travel/hotels/610974443.jpg,liteapi
lp6a7e0,East Inn Patel Nagar,hotel,28.644524,77.169979,3.0,,,False,,,https://static.cupid.travel/hotels/ex_c3c5ac8f_z.jpg,liteapi
lp1d5e17,OYO 19150 Hotel Great Shiva Dlx,hotel,28.644536,77.212412,3.0,,,False,,,https://static.cupid.travel/hotels/ex_58a6c529_z.jpg,liteapi
lp65875bc8,HOTEL SINGH CONTINENTAL,hotel,28.644552,77.182128,2.0,,,False,,,https://static.cupid.travel/hotels/ex_6184c99b_z.jpg,liteapi
lp65876f3b,Hotel Delhi Empire dx,hotel,28.644588,77.215504,2.0,,,False,,,https://static.cupid.travel/hotels/ex_w704h511x0y30-6590a844_z.jpg,liteapi
lp65877e2d,Hotel Shivans Palace,hotel,28.644599,77.213146,2.0,,,False,,,https://static.cupid.travel/hotels/ex_ede445a4_z.jpg,liteapi
lp6588d180,Nanak Niwas Beacon New Delhi Paharganj,hotel,28.644638061523438,77.21089935302734,3.0,,,False,,,https://static.cupid.travel/hotels/ex_1f58c0f9_z.jpg,liteapi
lp657920a7,Lux Apart With Roof Top DeckPrivate Entrance,hotel,28.6447,77.21141,,,,False,,,https://static.cupid.travel/hotels/606686129.jpg,liteapi
lp65744ecf,Rooftop Floor with a big Room,hotel,28.64474,77.21132,,,,False,,,https://static.cupid.travel/hotels/533727886.jpg,liteapi
lp35e713,OYO 9448 Hotel Karan Palace,hotel,28.644744,77.211987,3.0,,,False,,,https://static.cupid.travel/hotels/ex_4c9b7c3a_z.jpg,liteapi
lp6582a578,Hotel Elegant International,hotel,28.64478,77.18838,3.0,,,False,,,https://static.cupid.travel/hotels/606428147.jpg,liteapi
lp65735520,International 66 Hotel,hotel,28.64479,77.21374,,,,False,,,https://static.cupid.travel/hotels/611505113.jpg,liteapi
lp6588d39a,Hotel Kabeer New Delhi Railway Station,hotel,28.644834518432617,77.21746063232422,3.0,,,False,,,https://static.cupid.travel/hotels/ex_4aec6c5f_z.jpg,liteapi
lp65823e21,Ganpati villa,hotel,28.644903,77.322526,,,,False,,,https://static.cupid.travel/hotels/595142745.jpg,liteapi
lp6571113b,Hotel SPB 87 near Karol Bagh Metro Station Delhi,hotel,28.64502,77.18973,3.0,,,False,,,https://static.cupid.travel/hotels/593511910.jpg,liteapi
lp6575e465,Hotel O Metro Inn Near Gurudwara Shri Bangla Sahib,hotel,28.64507,77.21156,3.0,,,False,,,https://static.cupid.travel/hotels/492197816.jpg,liteapi
lp657fdece,The Tomar Hospitality,hotel,28.6451,77.18963,3.0,,,False,,,https://static.cupid.travel/hotels/588610672.jpg,liteapi
lp6587fbf2,The Bella Express,hotel,28.645122,77.21546,2.0,,,False,,,https://static.cupid.travel/hotels/ex_a5a7385a_z.jpg,liteapi
lp656c285a,FabHotel Station 3,hotel,28.64516,77.21752,3.0,,,False,,,https://static.cupid.travel/hotels/503605926.jpg,liteapi
lpc87e8,Capital O 980 Hotel Ramhan,hotel,28.6452,77.17009,3.0,,,False,,,https://static.cupid.travel/hotels/ex_469c4aa7_z.jpg,liteapi
lp657a0de8,Super Hotel O Paharganj,hotel,28.6452,77.21719,4.0,,,False,,,https://static.cupid.travel/hotels/608863747.jpg,liteapi
lp65728f2d,New -like Guest House,hotel,28.64521,77.21059,,,,False,,,https://static.cupid.travel/hotels/549804831.jpg,liteapi
lp6557c6a0,Goroomgo Rousha Inn Ghaziabad,hotel,28.645212,77.32323,3.0,,,False,,,https://static.cupid.travel/hotels/ex_032187bc_z.jpg,liteapi
lp656c2da6,FabHotel Arihant Inn,hotel,28.64524,77.18312,3.0,,,False,,,https://static.cupid.travel/hotels/296845174.jpg,liteapi
lp6573ab44,"Hotel Rousha Inn , Ghaziabad",hotel,28.64524,77.3232,3.0,,,False,,,https://static.cupid.travel/hotels/518482336.jpg,liteapi
lpcedb8,OYO 11593 Hotel Aman Guest House,hotel,28.64526,77.213264,3.0,,,False,,,https://static.cupid.travel/hotels/ex_c1462cfd_z.jpg,liteapi
lp656c207b,Hotel Ashiana Palace,hotel,28.645281,77.211223,2.0,,,False,,,https://static.cupid.travel/hotels/ex_a6defbe4_z.jpg,liteapi
lp657ab9d7,Delhi Good Times,hotel,28.64529,77.19281,3.0,,,False,,,https://static.cupid.travel/hotels/576759606.jpg,liteapi
lp6587d004,Fabhotel Church View,hotel,28.645294,77.216513,3.0,,,False,,,https://static.cupid.travel/hotels/ex_4c18c636_z.jpg,liteapi
lp6558caf4,Hotel Silver Arc,hotel,28.645312,77.189257,2.0,,,False,,,https://static.cupid.travel/hotels/ex_d7f9eb10_z.jpg,liteapi
lp656c31a4,FabHotel Blusky,hotel,28.645315,77.293147,3.0,,,False,,,https://static.cupid.travel/hotels/ex_fb26b340_z.jpg,liteapi
lp6588e086,Fabhotel Crown Dx,hotel,28.64533233642578,77.1840591430664,3.0,,,False,,,https://static.cupid.travel/hotels/ex_25b42eb9_z.jpg,liteapi
lp65877e1c,Hotel Florence Legacy,hotel,28.64537,77.213831,2.0,,,False,,,https://static.cupid.travel/hotels/ex_w2880h1918x0y10-77e50352_z.jpg,liteapi
lp658905e6,The HomeAste Residence Rajouri Garden,hotel,28.645408,77.128639,2.0,,,False,,,https://static.cupid.travel/hotels/ex_9376ed22_z.jpg,liteapi
lp657e21e5,Collection O Ramhan,hotel,28.64547,77.16994,4.0,,,False,,,https://static.cupid.travel/hotels/545336914.jpg,liteapi
lp209636,Hotel De Continental,hotel,28.64549,77.184325,3.0,,,False,,,https://static.cupid.travel/hotels/ex_51ecf700_z.jpg,liteapi
lp6588e64d,Hotel Mountain Bliss new delhi,hotel,28.64550018310547,77.21473693847656,3.0,,,False,,,https://static.cupid.travel/hotels/ex_359f6c76_z.jpg,liteapi
lp656c287f,Fabhotel Le Heritage,hotel,28.64551,77.184367,3.0,,,False,,,https://static.cupid.travel/hotels/ex_60a5ee7f_z.jpg,liteapi
lp374fdd,ADB Rooms Hotel Olive International,hotel,28.64552,77.2178,3.0,,,False,,,https://static.cupid.travel/hotels/ex_86acad18_z.jpg,liteapi
lp6587e059,The IVY Grand Hotel in City Centre Delhi,hotel,28.645559,77.209791,3.0,,,False,,,https://static.cupid.travel/hotels/ex_7ed7b51f_z.jpg,liteapi
lp658911ca,Fabhotel Western,hotel,28.645559310913086,77.18396759033203,3.0,,,False,,,https://static.cupid.travel/hotels/ex_24d9e372_z.jpg,liteapi
lp657914b9,Hotel O Mansarover Inn,hotel,28.64559,77.13178,3.0,,,False,,,https://static.cupid.travel/hotels/607304230.jpg,liteapi
lp65881acb,Hotel Unique International,hotel,28.645593,77.212804,2.0,,,False,,,https://static.cupid.travel/hotels/ex_52d0d233_z.jpg,liteapi
lp657a2215,Staybook Hotel Atlanta New Delhi Train Station,hotel,28.6456,77.21787,4.0,,,False,,,https://static.cupid.travel/hotels/495256942.jpg,liteapi
lpb5383,Hotel Royal Residency - New Delhi Railway Station,hotel,28.645632,77.210306,3.0,,,False,,,https://static.cupid.travel/hotels/ex_d30e460e_z.jpg,liteapi
lp6216a,Fabhotel Shivdev International,hotel,28.645675659179688,77.21672821044922,3.0,,,False,,,https://static.cupid.travel/hotels/ex_5cf9c746_z.jpg,liteapi
lp657212f6,Premium Guest House Near To BLK - MAX Hospital,hotel,28.64568,77.18359,,,,False,,,https://static.cupid.travel/hotels/583087251.jpg,liteapi
lp656eee7a,HOTEL 3 BS HOUSES dx,hotel,28.64568,77.21143,3.0,,,False,,,https://static.cupid.travel/hotels/583971992.jpg,liteapi
lp6588fdf1,Fabhotel Tulip Sarover Mansarover Garden,hotel,28.645681381225586,77.131591796875,3.0,,,False,,,https://static.cupid.travel/hotels/ex_d1408f63_z.jpg,liteapi
lp6587e8a1,Hotel Geet Deluxe,hotel,28.645694,77.216918,2.0,,,False,,,https://static.cupid.travel/hotels/ex_ec8307d8_z.jpg,liteapi
lp6588b055,The Yuvraj By LIVIQ,hotel,28.645694732666016,77.21559143066406,3.0,,,False,,,https://static.cupid.travel/hotels/ex_3802a044_z.jpg,liteapi
lpbd97d,Treebo Mehar Castle,hotel,28.64571,77.18808,2.0,,,False,,,https://static.cupid.travel/hotels/ex_267d2fc9_z.jpg,liteapi
lp656f1fe0,Hotel PG Inn - New Delhi,hotel,28.64571,77.20943,,,,False,,,https://static.cupid.travel/hotels/598371925.jpg,liteapi
lp9409e,Mayur Assam Hotel,hotel,28.64572,77.214602,3.0,,,False,,,https://static.cupid.travel/hotels/ex_5d397b21_z.jpg,liteapi
lp6577fe4f,Hotel O Rachna tourist lodge,hotel,28.645722,77.216586,3.0,,,False,,,https://static.cupid.travel/hotels/548635530.jpg,liteapi
lp65779e51,Hotel Lav Kush Deluxe 2 Min Walk From New Delhi Railway Station,hotel,28.645732,77.217134,3.0,,,False,,,https://static.cupid.travel/hotels/586248746.jpg,liteapi
lp7bb5b,Hotel Singh Palace,hotel,28.645748,77.183467,3.0,,,False,,,https://static.cupid.travel/hotels/601003902.jpg,liteapi
lp363c5,Hotel Yuvraj Deluxe New Delhi Railway station,hotel,28.645752,77.216362,3.0,,,False,,,https://static.cupid.travel/hotels/ex_6783ce0a_z.jpg,liteapi
lp6588af3c,Fabhotel Ramhan,hotel,28.6457576751709,77.16992950439453,3.0,,,False,,,https://static.cupid.travel/hotels/ex_3de32ba6_z.jpg,liteapi
lp65716431,"GTB Florence Inn, 2min walk from Karol Bagh Metro",hotel,28.64578,77.18793,4.0,,,False,,,https://static.cupid.travel/hotels/596697782.jpg,liteapi
lp658795af,Hotel Arihant Inn,hotel,28.64579,77.184277,2.0,,,False,,,https://static.cupid.travel/hotels/ex_aae86f0a_z.jpg,liteapi
lp38dcbc,SPOT ON 40016 Hotel Vandana,hotel,28.645796,77.215595,3.0,,,False,,,https://static.cupid.travel/hotels/ex_7fb3919f_z.jpg,liteapi
lp657598bc,Hotel Shiva Continental Just Near New Delhi Railway Station,hotel,28.645835,77.215683,3.0,,,False,,,https://static.cupid.travel/hotels/582550603.jpg,liteapi
lp19d302,Capital O 2242 Hotel Yuvraj Deluxe,hotel,28.645837,77.21566,3.0,,,False,,,https://static.cupid.travel/hotels/ex_1932111a_z.jpg,liteapi
lp370b5e,Capital O 44416 Paharganj Dx 1,hotel,28.645849,77.214889,3.0,,,False,,,https://static.cupid.travel/hotels/ex_35dd1abc_z.jpg,liteapi
lp6587905c,Fabhotel Blue Bell,hotel,28.645856,77.213184,3.0,,,False,,,https://static.cupid.travel/hotels/ex_6786a7f9_z.jpg,liteapi
lp658777c1,Hotel Step Inn Gold,hotel,28.645868,77.210262,2.0,,,False,,,https://static.cupid.travel/hotels/ex_ec9b35ce_z.jpg,liteapi
lp6580f067,Hotel Sai International,hotel,28.64589,77.21585,2.0,,,False,,,https://static.cupid.travel/hotels/392049756.jpg,liteapi
lp6588ed70,Wall Street by Rivlet,hotel,28.645904541015625,77.24017333984375,3.0,,,False,,,https://static.cupid.travel/hotels/ex_98c79c51_z.jpg,liteapi
lp39654e,ADB Rooms Today International Paharganj,hotel,28.64592,77.215136,3.0,,,False,,,https://static.cupid.travel/hotels/ex_ce74c6e6_z.jpg,liteapi
lpd03ef,Hotel Dream Palace,hotel,28.64594,77.21476,3.0,,,False,,,https://static.cupid.travel/hotels/ex_c3b17b1f_z.jpg,liteapi
lp6588b0ea,FabHotel The Rivlet Centre,hotel,28.645942,77.240152,3.0,,,False,,,https://static.cupid.travel/hotels/719835082.jpg,liteapi
lp6577e5e5,Hotel O Radha Krishna,hotel,28.64597,77.21188,3.0,,,False,,,https://static.cupid.travel/hotels/526855739.jpg,liteapi
lp6570fdec,Anandit Homes - Elegant 3 bedroom with Lift,hotel,28.64603,77.12187,,,,False,,,https://static.cupid.travel/hotels/567541654.jpg,liteapi
lpc8707,OYO 5494 Hotel Odeon Continental,hotel,28.64607,77.21483,3.0,,,False,,,https://static.cupid.travel/hotels/ex_435b5757_z.jpg,liteapi
lpc28a5,OYO 18829 Ratan Deep,hotel,28.646083,77.215917,3.0,,,False,,,https://static.cupid.travel/hotels/ex_29b3b5a5_z.jpg,liteapi
lp2394cd,Capital O 41598 Hotel Singh Sahib,hotel,28.646093,77.193418,3.0,,,False,,,https://static.cupid.travel/hotels/ex_6cca3829_z.jpg,liteapi
lp38ede5,ADB Rooms Hotel Neelam Palace,hotel,28.646093,77.21455,3.0,,,False,,,https://static.cupid.travel/hotels/ex_891e4066_z.jpg,liteapi
lp37d47a,OYO 27596 Hotel Parkash Dx,hotel,28.646094,77.216126,3.0,,,False,,,https://static.cupid.travel/hotels/ex_ca675f54_z.jpg,liteapi
lp6588285e,Hotel Grand Central Near Karolbagh Metro,hotel,28.646134,77.188591,3.0,,,False,,,https://static.cupid.travel/hotels/ex_b7789e8b_z.jpg,liteapi
lp5e733,OYO 4212 Hotel Vedas Heritage,hotel,28.64619,77.19248,3.0,,,False,,,https://static.cupid.travel/hotels/ex_02b3aee1_z.jpg,liteapi
lp656c1288,Hotel RS International,hotel,28.646216,77.215339,3.0,,,False,,,https://static.cupid.travel/hotels/ex_fb5095a6_z.jpg,liteapi
lpdd4a4,Hotel Mandakini Palace,hotel,28.64624,77.19272,3.0,,,False,,,https://static.cupid.travel/hotels/454597186.jpg,liteapi
lp65882b69,Siya Residency,hotel,28.646243,77.300855,2.0,,,False,,,https://static.cupid.travel/hotels/ex_69b6d97b_z.jpg,liteapi
lpf8aad,Capital O 14831 hotel mannat,hotel,28.64629,77.21056,3.0,,,False,,,https://snaphotelapi.com/hotels/ex_36c9c8f7_z.jpg,liteapi
lp6578c492,Hotel Hans New Delhi Railway Station,hotel,28.64631,77.21361,,,,False,,,https://static.cupid.travel/hotels/581540635.jpg,liteapi
lp65720320,Room in Airb&b New Delhi - Divine Inn Service Apartments,hotel,28.64636,77.132,3.0,,,False,,,https://static.cupid.travel/hotels/216052532.jpg,liteapi
lp6580c720,Hotel topaz,hotel,28.64637,77.21116,3.0,,,False,,,https://static.cupid.travel/hotels/575549381.jpg,liteapi
lpbac4c,FabExpress Le Continental - Nr New Delhi Railway Station,hotel,28.646381,77.20928,3.0,,,False,8.0,284.0,https://static.cupid.travel/hotels/294218052.jpg,liteapi
lpe135c,Hotel Kabana,hotel,28.64639,77.1959,3.0,,,False,,,https://static.cupid.travel/hotels/ex_a0826cd7_z.jpg,liteapi
lp1bfd89,OYO 24801 Hotel Star Palace,hotel,28.646391,77.18782,3.0,,,False,,,https://static.cupid.travel/hotels/ex_76f5ce8d_z.jpg,liteapi
lp5d88a,Hotel Baba Inn Paharganj,hotel,28.646397,77.216904,3.0,,,False,,,https://static.cupid.travel/hotels/ex_b9d390fe_z.jpg,liteapi
lp19d826,Hotel C Park,hotel,28.6464,77.190692,3.0,,,False,,,https://static.cupid.travel/hotels/ex_f227d412_z.jpg,liteapi
lp1d5ec7,OYO 6801 Hotel Shri Sai International,hotel,28.646404,77.213719,3.0,,,False,,,https://static.cupid.travel/hotels/ex_cc881635_z.jpg,liteapi
lp657d5431,Hotel Jeniffer Inn,hotel,28.64644,77.18523,3.0,,,False,,,https://static.cupid.travel/hotels/544293931.jpg,liteapi
lpc86fc,OYO 7844 Hotel Welcome Plaza,hotel,28.646452,77.189009,3.0,,,False,,,https://static.cupid.travel/hotels/ex_0ebc6703_z.jpg,liteapi
lp376614,OYO 46440 India Continental,hotel,28.646522,77.210685,3.0,,,False,,,https://static.cupid.travel/hotels/ex_9c6979a8_z.jpg,liteapi
lpf4247,OYO 43687 Golden Deluxe Hotel,hotel,28.646586,77.187535,3.0,,,False,,,https://static.cupid.travel/hotels/ex_a7c41ee3_z.jpg,liteapi
lp186632,OYO 14705 Hotel India Palace,hotel,28.64659,77.19635,3.0,,,False,,,https://static.cupid.travel/hotels/ex_e28dc7b5_z.jpg,liteapi
lp65790080,Hotel Baba Residency Near New Delhi Railway Station,hotel,28.64666,77.21675,3.0,,,False,,,https://static.cupid.travel/hotels/596852572.jpg,liteapi
lp6582f8ee,Hotel Rosemary,hotel,28.6467,77.19326,3.0,,,False,,,https://static.cupid.travel/hotels/567539886.jpg,liteapi
lp65770479,Hotel PK International Near by New Delhi Station I Couple friendly,hotel,28.6467,77.21068,,,,False,,,https://static.cupid.travel/hotels/560456113.jpg,liteapi
lp658790c5,Hotel Star International,hotel,28.646754,77.213443,2.0,,,False,,,https://static.cupid.travel/hotels/ex_9b3b6052_z.jpg,liteapi
lp65796285,TJS Royal Hotel,hotel,28.64682,77.19403,3.0,,,False,,,https://static.cupid.travel/hotels/528511355.jpg,liteapi
lpc867c,OYO 5382 Hotel Elegant International,hotel,28.64683,77.19024,3.0,,,False,,,https://static.cupid.travel/hotels/ex_faba6457_z.jpg,liteapi
lp6587e878,Fabhotel Delhi Continental,hotel,28.646835,77.211648,3.0,,,False,,,https://static.cupid.travel/hotels/ex_9c4e96f0_z.jpg,liteapi
lp38bce6,OYO 26873 Hotel Metro Star,hotel,28.64697,77.197844,3.0,,,False,,,https://static.cupid.travel/hotels/ex_5eb5c14f_z.jpg,liteapi
lpecd15,OYO 12503 Hotel Corner Point,hotel,28.647008,77.211537,3.0,,,False,,,https://static.cupid.travel/hotels/ex_4371fd3d_z.jpg,liteapi
lp6570b118,Hotel The Tourist - 1 min from New Delhi Railway Station,hotel,28.64705,77.21775,3.0,,,False,,,https://static.cupid.travel/hotels/95768242.jpg,liteapi
lp65836ac0,Treebo Gemstone,hotel,28.6471,77.19328,3.0,,,False,,1.0,https://static.cupid.travel/hotels/617646293.jpg,liteapi
lp657e1ec2,Hotel Mourya Deluxe,hotel,28.64714,77.20984,3.0,,,False,,,https://static.cupid.travel/hotels/556000857.jpg,liteapi
lpcdde8,OYO 11594 Hotel TVS,hotel,28.647151,77.210843,3.0,,,False,,,https://static.cupid.travel/hotels/ex_68d0e0ac_z.jpg,liteapi
lp6579841b,Hotel mourya DX,hotel,28.64716,77.20951,3.0,,,False,,,https://static.cupid.travel/hotels/581117208.jpg,liteapi
lp657c54c8,Hostel Jai Balaji,hostel,28.64716,77.20951,,,,False,,,https://static.cupid.travel/hotels/585926843.jpg,liteapi
lp6574d025,Super Hotel O DREAM STAY,hotel,28.64742,77.29487,4.0,,,False,,,https://static.cupid.travel/hotels/551309082.jpg,liteapi
lp657ed399,FabExpress JP Palace,hotel,28.64748,77.19828,3.0,,,False,,,https://static.cupid.travel/hotels/497865551.jpg,liteapi
lp36e921,ADB Rooms PK International,hotel,28.647486,77.211238,3.0,,,False,,,https://static.cupid.travel/hotels/ex_118895e6_z.jpg,liteapi
lp97f6c,Hotel Vishal Residency,hotel,28.64749,77.18743,4.0,,,False,,,https://static.cupid.travel/hotels/ex_4f540b0d_z.jpg,liteapi
lp6587ca3b,Hotel Asko International,hotel,28.647498,77.187135,2.0,,,False,,,https://static.cupid.travel/hotels/ex_816533fa_z.jpg,liteapi
lp8c180,Hotel High 5 Land,hotel,28.6475,77.19854,3.0,,,False,,,https://static.cupid.travel/hotels/490886767.jpg,liteapi
lp6588f911,Fabhotel Dream Palace Ip Extension,hotel,28.64750862121582,77.29487609863281,3.0,,,False,,,https://static.cupid.travel/hotels/ex_49f43544_z.jpg,liteapi
lpcee35,OYO 4883 Duke Hotel,hotel,28.64763,77.24043,3.0,,,False,,,https://static.cupid.travel/hotels/ex_00966908_z.jpg,liteapi
lp6574ad4b,Hotel O Sun Palace,hotel,28.64765,77.19845,2.0,,,False,,,https://static.cupid.travel/hotels/528191933.jpg,liteapi
lp8de7e,Siam Hotel Karol Bagh Delhi,hotel,28.64775,77.19261,3.0,,,False,,,https://static.cupid.travel/hotels/537656943.jpg,liteapi
lp42b6a,OYO 1824 Hotel Grand Peepal,hotel,28.647868,77.18727,3.0,,,False,,,https://static.cupid.travel/hotels/ex_e0bc7786_z.jpg,liteapi
lp1c6164,OYO 645 Hotel Paharganj Tourist International,hotel,28.648,77.2175,3.0,,,False,,,https://static.cupid.travel/hotels/ex_197e6935_z.jpg,liteapi
lp348acf,Treebo Trip Vijay Inn,hotel,28.648037,77.212987,3.0,,,False,,,https://static.cupid.travel/hotels/ex_9223340f_z.jpg,liteapi
lp7d785,Hotel Jyoti Deluxe By GRB,hotel,28.64824,77.18841,,,,False,,,https://static.cupid.travel/hotels/609504894.jpg,liteapi
lp657a27a1,Hotel O Sunshine Palace,hotel,28.64833,77.19835,4.0,,,False,,,https://static.cupid.travel/hotels/611760489.jpg,liteapi
lp65746812,"Hotel Ambience Paharganj ""Couple Friendly ""Near R k Ashram Metro",hotel,28.64836,77.2089,3.0,,,False,,,https://static.cupid.travel/hotels/166245748.jpg,liteapi
lp656bc4ea,Fabhotel Prime Dev Palace,hotel,28.64842,77.17527,3.0,,,False,,,https://static.cupid.travel/hotels/ex_f64955ea_z.jpg,liteapi
lp656bcf47,FabExpress Unicon,hotel,28.64848,77.29295,3.0,,,False,,,https://static.cupid.travel/hotels/531905700.jpg,liteapi
lp6570a9ef,Hotel O R Stay,hotel,28.64849,77.30558,3.0,,,False,,,https://static.cupid.travel/hotels/479259825.jpg,liteapi
lp656c35a3,Roomshala 099 Hotel Jyoti Deluxe,hotel,28.648623,77.189188,3.0,,,False,,,https://static.cupid.travel/hotels/ex_e88a3e8b_z.jpg,liteapi
lpd18d6,Richmond Inn Guest House,hotel,28.64885,77.21005,3.0,,,False,,,https://static.cupid.travel/hotels/hd/536729632.jpg,liteapi
lp65775eeb,"Qotel Comfort IP Residency ""Newly Rebuilt 2026"" - Near Anand Vihar Railway Station & Preet Vihar",hotel,28.648962,77.300847,3.0,,,False,,12.0,https://static.cupid.travel/hotels/490268856.jpg,liteapi
lp1abfa4,Kastle Guest House,hotel,28.648985,77.242599,3.0,,,False,,,https://static.cupid.travel/hotels/ex_72df1678_z.jpg,liteapi
lp6578a55a,Twamev couple Friendly Rajouri garden by The Arrow,hotel,28.649019,77.122705,4.0,,,False,,2.0,https://static.cupid.travel/hotels/531629291.jpg,liteapi
lp1bff3e,Capital O 24198 Hotel Sunrise Grand,hotel,28.649263,77.162231,3.0,,,False,,,https://static.cupid.travel/hotels/ex_6026238d_z.jpg,liteapi
lp657fa406,Hotel Tashkent Deluxe,hotel,28.64948,77.28704,3.0,,,False,,,https://static.cupid.travel/hotels/ex_e5d018eb_z.jpg,liteapi
lp6576326e,Hotel O King Palace,hotel,28.64955,77.19597,3.0,,,False,,,https://static.cupid.travel/hotels/615618062.jpg,liteapi
lpd4a1e,Aman Deluxe,hotel,28.649624,77.120779,3.0,,,False,,,https://static.cupid.travel/hotels/ex_c01e0aa5_z.jpg,liteapi
lp657468ff,Hotel Royal Touch Near BLK Hospital & Walking from Metro Station,hotel,28.65005,77.16254,3.0,,,False,,,https://static.cupid.travel/hotels/533658267.jpg,liteapi
lp65798684,Hotel Gagan Inn,hotel,28.65032,77.16183,3.0,,,False,,,https://static.cupid.travel/hotels/584320851.jpg,liteapi
lp3f9fc,Hotel BB Palace (A Family Hotel),hotel,28.650576,77.194736,3.0,,,False,6.2,9.0,https://static.cupid.travel/hotels/593941263.jpg,liteapi
lp657eaca1,Hotel O Leisurrestay,hotel,28.65119,77.27433,3.0,,,False,,,https://static.cupid.travel/hotels/597142985.jpg,liteapi
lpaf7f0,HOTEL TODAY INTERNATIONAL,hotel,28.65131,77.19553,3.0,,,False,,,https://static.cupid.travel/hotels/507553504.jpg,liteapi
lp65819511,Hotel Apra International,hotel,28.65135,77.19124,3.0,,,False,,,https://static.cupid.travel/hotels/125989330.jpg,liteapi
lp6588d554,Fabhotel Sweet Inn,hotel,28.651527404785156,77.09364318847656,3.0,,,False,,,https://static.cupid.travel/hotels/ex_537dbed2_z.jpg,liteapi
lp840ab,OYO 526 Hotel Asees Inn,hotel,28.651602,77.141314,3.0,,,False,,,https://static.cupid.travel/hotels/ex_fda2990f_z.jpg,liteapi
lp65877226,Embrace luxury Hotel & Banquet,hotel,28.651707,77.092247,3.0,,,False,,,https://static.cupid.travel/hotels/ex_498c9571_z.jpg,liteapi
lp6583e6f4,FabHotel Embrace,hotel,28.65178,77.09317,3.0,,,False,,,https://static.cupid.travel/hotels/599150251.jpg,liteapi
lpcee67,OYO 10558 Hotel Qlark,hotel,28.651803,77.092676,3.0,,,False,,,https://static.cupid.travel/hotels/ex_d06558e9_z.jpg,liteapi
lp658248c4,Peaceful Stay,hotel,28.651817,77.129723,,,,False,,,https://static.cupid.travel/hotels/536455250.jpg,liteapi
lpea85f,OYO 11603 President Inn,hotel,28.651833,77.093926,3.0,,,False,,,https://static.cupid.travel/hotels/ex_3140e7b8_z.jpg,liteapi
lp656f7a0e,Hotel O 3bs House Dx,hotel,28.651833,77.195194,3.0,,,False,,,https://static.cupid.travel/hotels/591699740.jpg,liteapi
lp65872ec8,Fabhotel Rudraksh Residency,hotel,28.651946,77.307122,3.0,,,False,,,https://static.cupid.travel/hotels/ex_ae46663b_z.jpg,liteapi
lp65750bf7,Hotel O Blue Ocean,hotel,28.65199,77.09256,3.0,,,False,,,https://static.cupid.travel/hotels/621635651.jpg,liteapi
lp65809a53,Kapil stays,hotel,28.65202,77.11205,,,,False,,,https://static.cupid.travel/hotels/584836478.jpg,liteapi
lp6587d375,Hotel Sukoon BnB,hotel,28.652103,77.201658,2.0,,,False,,,https://static.cupid.travel/hotels/ex_c50ba32e_z.jpg,liteapi
lp657dfa21,Hotel Swagat Palace,hotel,28.652145,77.194683,2.0,,,False,,2.0,https://static.cupid.travel/hotels/620147894.jpg,liteapi
lp65891ab7,Hotel Greysky Residency New Delhi,hotel,28.652145385742188,77.30731964111328,3.0,,,False,,,https://static.cupid.travel/hotels/ex_b8960adf_z.jpg,liteapi
lp6588b4fb,Vishal Plaza,hotel,28.65247,77.291962,3.0,,,False,,,https://static.cupid.travel/hotels/ex_w1280h844x0y8-bed0f894_z.jpg,liteapi
lp6571106b,Hotel O Krishna Stay B&B,hotel,28.652691,77.291918,3.0,,,False,,,https://static.cupid.travel/hotels/582955409.jpg,liteapi
lp19a01b,Hotel Rove,hotel,28.652721,77.228449,3.0,,,False,,,https://static.cupid.travel/hotels/ex_a46de84c_z.jpg,liteapi
lp657842fb,Hotel O Green Palace Near jagatpuri,hotel,28.65274,77.29127,4.0,,,False,,,https://static.cupid.travel/hotels/603598428.jpg,liteapi
lp65770683,Super Hotel O Blue Sapphire Delhi,hotel,28.6528,77.19071,4.0,,,False,,,https://static.cupid.travel/hotels/566160136.jpg,liteapi
lp6572c01e,Hotel Royal Saffron By F9 Hotels,hotel,28.65284,77.14656,3.0,,,False,,,https://static.cupid.travel/hotels/393959150.jpg,liteapi
lp6588f924,Starx Signature Plaza Near Karkardooma Metro Station,hotel,28.652936935424805,77.29048919677734,2.0,,,False,,,https://static.cupid.travel/hotels/ex_c0cefa00_z.jpg,liteapi
lp387494,Hotel O J Joy,hotel,28.652977,77.202361,3.0,,,False,,,https://static.cupid.travel/hotels/429370723.jpg,liteapi
lp65876157,Fabhotel Delhi Darbar,hotel,28.653063,77.190319,3.0,,,False,,,https://static.cupid.travel/hotels/ex_a3a5aac2_z.jpg,liteapi
lp6579f16a,Couple Friendly Hotel Feelinn Near Ramesh Nagar Metro Station,hotel,28.65321,77.13282,3.0,,,False,,,https://static.cupid.travel/hotels/575313845.jpg,liteapi
lp65750e4e,HOTEL O AMOR,hotel,28.65335,77.27726,3.0,,,False,,,https://static.cupid.travel/hotels/613315534.jpg,liteapi
lp65735972,Hotel Green Villa - Near Anand Vihar Station,hotel,28.65345,77.31064,3.0,,,False,,,https://static.cupid.travel/hotels/614902055.jpg,liteapi
lp6588c14a,Fabhotel Gold Palace,hotel,28.653499603271484,77.1913070678711,3.0,,,False,,,https://static.cupid.travel/hotels/ex_a3850e3d_z.jpg,liteapi
lp6572d6e0,Hotel O Hotel Feel Inn,hotel,28.653563,77.133236,4.0,,,False,,,https://static.cupid.travel/hotels/530957208.jpg,liteapi
lp657865eb,UNI-STAR hOTEL,hotel,28.65369,77.19084,3.0,,,False,,,https://static.cupid.travel/hotels/565210943.jpg,liteapi
lp838a9,Hotel O Sehej Continental,hotel,28.65375,77.19109,3.0,,,False,,,https://static.cupid.travel/hotels/589709190.jpg,liteapi
lp6555eff7,Hotel Vardhmaan Inn,hotel,28.65384,77.19406,3.0,,,False,,,https://static.cupid.travel/hotels/ex_a91ef95e_z.jpg,liteapi
lp656bd634,Hotel Lyf Corporate Suites - Kirti Nagar,hotel,28.65402,77.13672,3.0,,,False,,,https://static.cupid.travel/hotels/524468119.jpg,liteapi
lp65880b4e,Fabhotel Tulip Sarover,hotel,28.6548,77.14082,3.0,,,False,,,https://static.cupid.travel/hotels/ex_00d34c23_z.jpg,liteapi
lp65740476,Hotel O Shivam In,hotel,28.654802,77.221436,3.0,,,False,,1.0,https://static.cupid.travel/hotels/478198692.jpg,liteapi
lp65873c19,Fabhotel Golden Key,hotel,28.655218,77.128708,3.0,,,False,,,https://static.cupid.travel/hotels/ex_51ef421b_z.jpg,liteapi
lp102e79,Hotel Wall City,hotel,28.65657,77.22298,3.0,,,False,,,https://static.cupid.travel/hotels/ex_b1ed013c_z.jpg,liteapi
lp6588dc84,Grand Pacific Ocean Hotel,hotel,28.656789779663086,77.1375732421875,3.0,,,False,,,https://static.cupid.travel/hotels/ex_5e1d2d43_z.jpg,liteapi
lp65825944,Hotel Kochar International,hotel,28.65758,77.18873,3.0,,,False,,,https://static.cupid.travel/hotels/590593032.jpg,liteapi
lpd6987,Hotel Only Suites,hotel,28.658022,77.193702,3.0,,,False,,,https://static.cupid.travel/hotels/ex_c8cdba67_z.jpg,liteapi
lp657865ba,Sunny Guest House-Near Metro,hotel,28.65861,77.2866,4.0,,,False,,,https://static.cupid.travel/hotels/614853171.jpg,liteapi
lp656c2e97,Oriva Prime Shanit,hotel,28.658842,77.310378,3.0,,,False,,,https://static.cupid.travel/hotels/ex_5772a9ac_z.jpg,liteapi
lp657c707e,FabExpress Hexa Meera Bagh,hotel,28.65911,77.09067,3.0,,,False,,,https://static.cupid.travel/hotels/482163257.jpg,liteapi
lp657728f8,Hotel O Kanha palace,hotel,28.65915,77.29059,3.0,,,False,,,https://static.cupid.travel/hotels/609107847.jpg,liteapi
lp657ba130,FabHotel VT Paschim Vihar,hotel,28.65947,77.09145,3.0,,,False,,,https://static.cupid.travel/hotels/504102311.jpg,liteapi
lp6574466d,"Hotel Mira Residency- Outer Ring Road, Paschim Vihar",hotel,28.65952,77.09096,3.0,,,False,,,https://static.cupid.travel/hotels/524131428.jpg,liteapi
lp6571d8fe,Via Vat,hotel,28.659595,77.090989,3.0,,,False,,,https://static.cupid.travel/hotels/454382547.jpg,liteapi
lp657554fc,Super Hotel O Dream Town,hotel,28.66033,77.28912,3.0,,,False,,,https://static.cupid.travel/hotels/598786011.jpg,liteapi
lp65712093,"Luxury Loft- 4BHK Modern, Private Theatre, Stays",hotel,28.66096,77.08866,,,,False,,,https://static.cupid.travel/hotels/604850822.jpg,liteapi
lp6582f5f5,Luggage Storie,hotel,28.66096,77.1269,,,,False,,,https://static.cupid.travel/hotels/576520068.jpg,liteapi
lp657bd42f,Nidra Hotel Paschim Vihar,hotel,28.66119,77.08836,3.0,,,False,,,https://static.cupid.travel/hotels/584319782.jpg,liteapi
lp657b23ae,Hotel O Victoria,hotel,28.66173,77.2921,4.0,,,False,,,https://static.cupid.travel/hotels/534757991.jpg,liteapi
lp6588d177,Fabhotel Mannat Paschim Vihar,hotel,28.662275314331055,77.0914077758789,3.0,,,False,,,https://static.cupid.travel/hotels/ex_ff794284_z.jpg,liteapi
lpced1d,OYO 10960 Hotel Royal India,hotel,28.66244,77.11996,3.0,,,False,,,https://static.cupid.travel/hotels/ex_b52c9bea_z.jpg,liteapi
lp1a7958,Hotel Raj International DX,hotel,28.66265,77.18492,3.0,,,False,,,https://static.cupid.travel/hotels/ex_fa4b95f2_z.jpg,liteapi
lp6573e659,Hotel O Star Stay,hotel,28.66286,77.28978,3.0,,,False,,,https://static.cupid.travel/hotels/552247621.jpg,liteapi
lp6576f2ad,Hotel O Mannat,hotel,28.662912,77.091755,3.0,,,False,,,https://static.cupid.travel/hotels/579217532.jpg,liteapi
lp656bd2b7,FabExpress Divya Villa,hotel,28.66317,77.29483,3.0,,,False,,,https://static.cupid.travel/hotels/524130269.jpg,liteapi
lp6556f797,Hotel Hari Kirpa Heritage,hotel,28.66354,77.185207,3.0,,,False,,,https://static.cupid.travel/hotels/ex_b1799990_z.jpg,liteapi
lp6574e81e,The Dream House DLF Moti Nagar,hotel,28.6636,77.15445,,,,False,,,https://static.cupid.travel/hotels/533169369.jpg,liteapi
lp65770c40,The Maharaja Suite Moti Nagar DLF,hotel,28.6636,77.15445,,,,False,,,https://static.cupid.travel/hotels/531975605.jpg,liteapi
lp6576f4a9,Hotel Dream Stay Near Anand Vihar,hotel,28.66373,77.29199,,,,False,,,https://static.cupid.travel/hotels/588470284.jpg,liteapi
lp6574ca64,Hotel O Dream Stay,hotel,28.66414,77.27908,3.0,,,False,,,https://static.cupid.travel/hotels/606298676.jpg,liteapi
lp6587f923,Fabhotel Santosh Residency,hotel,28.665509,77.295424,3.0,,,False,,,https://static.cupid.travel/hotels/ex_w1999h1333x1y0-1acf4825_z.jpg,liteapi
lp6584268f,SANTOSH RESIDENCY,hotel,28.66558,77.29553,,,,False,,,https://static.cupid.travel/hotels/502046333.jpg,liteapi
lp65787a0d,A Abode,hotel,28.66587,77.15436,,,,False,,,https://static.cupid.travel/hotels/618253741.jpg,liteapi
lpcee37,OYO 11611 Royal Palace Inn,hotel,28.66598,77.1174,3.0,,,False,,,https://static.cupid.travel/hotels/ex_e16c9eb1_z.jpg,liteapi
lp657d192d,ACN HOUSE,hotel,28.66642,77.30318,,,,False,,,https://static.cupid.travel/hotels/551603055.jpg,liteapi
lp65772d41,Hotel O Dream Palace,hotel,28.66686,77.30113,4.0,,,False,,1.0,https://static.cupid.travel/hotels/537624750.jpg,liteapi
lp65787d40,Kandh Brothers Homes in North Delhi,hotel,28.66709,77.20572,,,,False,,,https://static.cupid.travel/hotels/552458654.jpg,liteapi
lp65750393,Hotel Comfort Palace - Paschim Vihar,hotel,28.66832,77.13654,3.0,,,False,,,https://static.cupid.travel/hotels/619420902.jpg,liteapi
lp6580b99a,FabHotel Grand Palazzo,hotel,28.66874,77.10339,3.0,,,False,,,https://static.cupid.travel/hotels/574973300.jpg,liteapi
lp65734abf,Hotel O Sky Residency.,hotel,28.6691,77.09542,3.0,,,False,,,https://static.cupid.travel/hotels/613659359.jpg,liteapi
lp65760b0a,Hotel O Dream Homes,hotel,28.66939,77.10497,3.0,,,False,,,https://static.cupid.travel/hotels/594953098.jpg,liteapi
lp6588adc6,Hotel Home Stay Residency,hotel,28.66941261291504,77.10597229003906,2.0,,,False,,,https://static.cupid.travel/hotels/ex_46ed2551_z.jpg,liteapi
lp1d5d2a,OYO 8534 Golden Park,hotel,28.6696,77.1059,3.0,,,False,,,https://static.cupid.travel/hotels/ex_c7453737_z.jpg,liteapi
lp657b5291,Hotel O Mangotree Deluxe,hotel,28.67083,77.15305,3.0,,,False,,,https://static.cupid.travel/hotels/508561335.jpg,liteapi
lp6580c46d,Mangotree By Sawariya Hospitality,hotel,28.67088,77.15316,,,,False,,,https://static.cupid.travel/hotels/560894807.jpg,liteapi
lp657c47ea,FabHotel Bell Inn,hotel,28.67101,77.30284,3.0,,,False,,,https://static.cupid.travel/hotels/504094473.jpg,liteapi
lp657551c0,Urban Majestic 3BHK West Delhi,hotel,28.67154,77.10714,,,,False,,,https://static.cupid.travel/hotels/582840319.jpg,liteapi
lp6586d58d,Twamev Punjabi Bagh,hotel,28.675221,77.141272,2.0,,,False,,,https://static.cupid.travel/hotels/ex_40041a99_z.jpg,liteapi
lp23ce24,Collection O 174 Shahdara,hotel,28.67544,77.28816,3.0,,,False,,,https://static.cupid.travel/hotels/ex_e6799e91_z.jpg,liteapi
lpd7564,Green Palms Hotel,hotel,28.675453,77.312653,3.0,,,False,,,https://static.cupid.travel/hotels/ex_7a422fb1_z.jpg,liteapi
lp657e079c,Twamev Punjabi Bagh,hotel,28.67554,77.15414,4.0,,,False,,,https://static.cupid.travel/hotels/547704803.jpg,liteapi
lp657b3862,Ramayi Lodge inn,hotel,28.67588,77.22477,4.0,,,False,,,https://static.cupid.travel/hotels/586288353.jpg,liteapi
lp65782448,Hotel O Family Deluxe,hotel,28.67589,77.28741,3.0,,,False,,,https://static.cupid.travel/hotels/605012425.jpg,liteapi
lp6587f907,FabHotel Prime Shahdara,hotel,28.676037,77.289752,3.0,,,False,,,https://static.cupid.travel/hotels/ex_d045399f_z.jpg,liteapi
lp6573aa0c,Hotel Swathi - Paschim Vihar,hotel,28.67654,77.11564,3.0,,,False,,,https://static.cupid.travel/hotels/597773797.jpg,liteapi
lp6575b9a4,Hotel O Golden King Guest House,hotel,28.67749,77.26228,3.0,,,False,,,https://static.cupid.travel/hotels/605692696.jpg,liteapi
lp6574b4f6,Hotel O Dev Palace Hotel,hotel,28.67782,77.29251,3.0,,,False,,,https://static.cupid.travel/hotels/489612613.jpg,liteapi
lp656c382a,Qotel Hotel Peeragarhi,hotel,28.678829,77.093152,2.0,,,False,,,https://static.cupid.travel/hotels/ex_e3e3716b_z.jpg,liteapi
lp65878527,Fabhotel Jeet Stays,hotel,28.678892,77.313949,3.0,,,False,,,https://static.cupid.travel/hotels/ex_w2000h1330x0y3-984c115a_z.jpg,liteapi
lpfab68,OYO 5385 Paschim Vihar,hotel,28.67961,77.09061,3.0,,,False,,,https://static.cupid.travel/hotels/ex_7c03d384_z.jpg,liteapi
lpaf46f,OYO 7292 Hotel NK North Star,hotel,28.679679,77.20284,3.0,,,False,,,https://static.cupid.travel/hotels/ex_e5f5eb0b_z.jpg,liteapi
lp65701d65,"Hotel NK North Star "" Foreign Guest Not Allowed """,hotel,28.67972,77.20281,3.0,,,False,,,https://static.cupid.travel/hotels/542134957.jpg,liteapi
lp83790,OYO 393 Hotel RK Grand Inn,hotel,28.679752,77.090877,3.0,,,False,,,https://static.cupid.travel/hotels/ex_8afcc203_z.jpg,liteapi
lp6571ac08,Hotel O Three King's,hotel,28.67999,77.13702,3.0,,,False,,,https://static.cupid.travel/hotels/566798919.jpg,liteapi
lp6589227f,Hotel 19 West,hotel,28.680105209350586,77.0865707397461,2.0,,,False,,,https://static.cupid.travel/hotels/ex_8ec39b7a_z.jpg,liteapi
lp6577173b,Hotel O Seven Heaven,hotel,28.68086,77.14995,4.0,,,False,,,https://static.cupid.travel/hotels/484962359.jpg,liteapi
lpc8645,OYO 3594 Kamla Nagar,hotel,28.681001,77.197326,3.0,,,False,,,https://static.cupid.travel/hotels/ex_8046958f_z.jpg,liteapi
lp65725ecf,White House - Shakti Nagar,hotel,28.68243,77.19744,4.0,,,False,,,https://static.cupid.travel/hotels/619784574.jpg,liteapi
lp6588e656,The Harikanta Residency,hotel,28.682512283325195,77.19759368896484,2.0,,,False,,,https://static.cupid.travel/hotels/ex_edbb8bec_z.jpg,liteapi
lp6583a6dc,GRACE DORMATORY,hotel,28.68281,77.14202,,,,False,,,https://static.cupid.travel/hotels/533384653.jpg,liteapi
lp65755716,Hotel O Ahil Hotel,hotel,28.68281,77.31213,3.0,,,False,,,https://static.cupid.travel/hotels/563287517.jpg,liteapi
lpfa274,OYO 14728 Manan Residency,hotel,28.68349,77.13447,3.0,,,False,,,https://static.cupid.travel/hotels/ex_b4b849e6_z.jpg,liteapi
lpfabb1,OYO 14245 Amitabh Guest house,hotel,28.683772,77.204142,3.0,,,False,,,https://static.cupid.travel/hotels/ex_bd1ab6e7_z.jpg,liteapi
lp186946,OYO 3814 Home Stay The Castle,hotel,28.683929,77.130516,3.0,,,False,,,https://static.cupid.travel/hotels/ex_219469c9_z.jpg,liteapi
lpea84d,Capital O 12148 Flyover INN,hotel,28.683956,77.12815,3.0,,,False,,,https://static.cupid.travel/hotels/ex_a32fd85e_z.jpg,liteapi
lp8dc73,OYO Townhouse 771 Royal Mirage,hotel,28.684333,77.12477,3.0,,,False,,,https://static.cupid.travel/hotels/ex_a6dda2ba_z.jpg,liteapi
lp657315cb,White House - Kamla Nagar Banglow Road,hotel,28.68443,77.20349,4.0,,,False,,,https://static.cupid.travel/hotels/619745933.jpg,liteapi
lp656c2b01,FabExpress F9 Britannia Chowk,hotel,28.68449,77.139928,3.0,,,False,,,https://static.cupid.travel/hotels/ex_f81db6f8_z.jpg,liteapi
lp657828c6,THE ROYAL NEST,hotel,28.6846,77.19021,,,,False,,,https://static.cupid.travel/hotels/547922091.jpg,liteapi
lp65753d19,Hotel O Shyam Kunj,hotel,28.685889,77.1425,4.0,,,False,,,https://static.cupid.travel/hotels/803554124.jpg,liteapi
lp6587af2b,KINGS COURT HOTEL,hotel,28.686042,77.142443,3.0,,,False,,,https://static.cupid.travel/hotels/ex_059e9274_z.jpg,liteapi
lp656c3625,Fabexpress V4 Residency,hotel,28.686355,77.141844,3.0,,,False,,,https://static.cupid.travel/hotels/ex_c8eef856_z.jpg,liteapi
lp657fa448,Townhouse Classio Inn,hotel,28.68856,77.32265,3.0,,,False,,,https://static.cupid.travel/hotels/619905285.jpg,liteapi
lpfc750,Room Maangta 281 Ashok Vihar,hotel,28.689627,77.18983,3.0,,,False,,,https://static.cupid.travel/hotels/ex_e36f4ad4_z.jpg,liteapi
lp65743f7a,SPOT ON Minarr Guest IN,hotel,28.68982,77.27137,,,,False,,,https://static.cupid.travel/hotels/622250107.jpg,liteapi
lp65768e3a,Hotel O Muskan Guest House,hotel,28.69086,77.27958,3.0,,,False,,,https://static.cupid.travel/hotels/608070706.jpg,liteapi
lp1ae0da,Maheshwari Residency,hotel,28.6911,77.18374,,,,False,,,https://static.cupid.travel/hotels/484770810.jpg,liteapi
lp65880b45,Fabhotel Park View I,hotel,28.692095,77.130555,3.0,,,False,,,https://static.cupid.travel/hotels/ex_57069779_z.jpg,liteapi
lp1771b5,All Heavens Gold,hotel,28.692853,77.158043,3.0,,,False,,,https://static.cupid.travel/hotels/ex_feb2027e_z.jpg,liteapi
lp365391,OYO 49019 Aasha Residency,hotel,28.69329,77.2017,3.0,,,False,,,https://static.cupid.travel/hotels/ex_0b9e031c_z.jpg,liteapi
lp6572cd61,Hotel O Deva Inn,hotel,28.69331,77.2549,3.0,,,False,,,https://static.cupid.travel/hotels/593077573.jpg,liteapi
lp6573b218,Hotel O Le Empire Stay House,hotel,28.69378,77.20643,3.0,,,False,,,https://static.cupid.travel/hotels/608752605.jpg,liteapi
lpcedcf,OYO 10559 Pitampura,hotel,28.693981,77.125338,3.0,,,False,,,https://static.cupid.travel/hotels/ex_a65ba0dd_z.jpg,liteapi
lp6572ca39,Hotel O Royal Aa,hotel,28.69449,77.10003,3.0,,,False,,,https://static.cupid.travel/hotels/495076938.jpg,liteapi
lpece16,OYO 9377 Prakash Continental,hotel,28.6961,77.15758,3.0,,,False,,,https://static.cupid.travel/hotels/ex_78ddaf9b_z.jpg,liteapi
lp9b6f1,Mystique Melange by Cherish,hotel,28.696402,77.170302,3.0,,,False,,,https://static.cupid.travel/hotels/ex_c3ace9d9_z.jpg,liteapi
lp6576a85d,K1 APARTMENTS,hotel,28.698979,77.225176,,,,False,,,https://static.cupid.travel/hotels/561415646.jpg,liteapi
lp65788c18,Hotel O Galaxy,hotel,28.69981,77.30116,3.0,,,False,,,https://static.cupid.travel/hotels/581419778.jpg,liteapi
lp657b9a71,HOTEL SEASON GRAND Couple Friendly Pitampura Metro Station,hotel,28.70021,77.13567,3.0,,,False,,,https://static.cupid.travel/hotels/497531877.jpg,liteapi
lpc86f4,Capital O 10938 Season Grand,hotel,28.700338,77.135608,3.0,,,False,,,https://static.cupid.travel/hotels/ex_f31a5a40_z.jpg,liteapi
lp6588b19e,Hotel Red Chilly Pitampura,hotel,28.700550079345703,77.14034271240234,2.0,,,False,,,https://static.cupid.travel/hotels/ex_b472f81c_z.jpg,liteapi
lp6587fc0c,Majesta stays pitampura,hotel,28.700583,77.150472,2.0,,,False,,,https://static.cupid.travel/hotels/ex_7a95382e_z.jpg,liteapi
lp65820a01,Maharaja Home,hotel,28.70067,77.22156,,,,False,,,https://static.cupid.travel/hotels/566033531.jpg,liteapi
lp186894,OYO Flagship 13847 HCMR Complex,hotel,28.70112,77.29584,3.0,,,False,,,https://static.cupid.travel/hotels/ex_efb7fbe5_z.jpg,liteapi
lp6587852a,FabHotel Baba's Inn,hotel,28.701152,77.149701,3.0,,,False,,,https://static.cupid.travel/hotels/ex_8c428cbd_z.jpg,liteapi
lp6588f18e,Fabhotel Mannat Shalimar Bagh,hotel,28.70170021057129,77.162841796875,3.0,,,False,,,https://static.cupid.travel/hotels/ex_1d098577_z.jpg,liteapi
lpf90fa,OYO 14723 Diamond Deluxe,hotel,28.702013,77.16407,3.0,,,False,,,https://static.cupid.travel/hotels/ex_58c0b9c8_z.jpg,liteapi
lp388ad1,OYO 26995 SG Palace,hotel,28.702248,77.105285,3.0,,,False,,,https://static.cupid.travel/hotels/ex_a9127f2e_z.jpg,liteapi
lp1a8b1f,OYO 625 Svaruchi Inn,hotel,28.702434,77.116549,3.0,,,False,,,https://static.cupid.travel/hotels/ex_ae09e316_z.jpg,liteapi
lp1b4d64,OYO 26693 Tsampa House,hotel,28.702887,77.228409,3.0,,,False,,,https://static.cupid.travel/hotels/ex_62033f06_z.jpg,liteapi
lp656c345d,Fabexpress Shine Inn,hotel,28.703211,77.110694,3.0,,,False,,,https://static.cupid.travel/hotels/ex_66b48236_z.jpg,liteapi
lp18665f,Treebo All Heavens,hotel,28.70346,77.16987,3.0,,,False,,,https://static.cupid.travel/hotels/ex_c60978f7_z.jpg,liteapi
lp65754494,Traveller's nest for menz only,hotel,28.70348,77.10981,,,,False,,,https://static.cupid.travel/hotels/570359770.jpg,liteapi
lp656c3902,Fabexpress Shri Shyam,hotel,28.704554,77.118861,3.0,,,False,,,https://static.cupid.travel/hotels/ex_b619b794_z.jpg,liteapi
lp6575c437,Hotel O Ocean Guest House,hotel,28.70462,77.27467,3.0,,,False,,,https://static.cupid.travel/hotels/454366129.jpg,liteapi
lp6571e8a3,Hotel O Dev Inn,hotel,28.70462,77.29122,3.0,,,False,,,https://static.cupid.travel/hotels/572568375.jpg,liteapi
lp6576cf55,Hotel O Decent Guest House,hotel,28.70503,77.25691,3.0,,,False,,,https://static.cupid.travel/hotels/611874390.jpg,liteapi
lp65726dc2,Spacious 2 BHK Home with Living and Dining Area,hotel,28.70757,77.11633,,,,False,,,https://static.cupid.travel/hotels/556527892.jpg,liteapi
lp657735da,Hotel O Ms Residency,hotel,28.70851,77.17809,3.0,,,False,,,https://static.cupid.travel/hotels/461164241.jpg,liteapi
lp65729437,2BHK Apartment with AC in one bedroom,hotel,28.70908,77.3297,,,,False,,,https://static.cupid.travel/hotels/582117111.jpg,liteapi
lp6572304f,Cosy Homestay in Delhi (Rohini),hotel,28.70991,77.11735,,,,False,,,https://static.cupid.travel/hotels/532163145.jpg,liteapi
lp657b766e,BnBBuddy Stupendous Home In Shalimar Bagh,hotel,28.71079,77.15684,,,,False,,1.0,https://static.cupid.travel/hotels/500425101.jpg,liteapi
lp657cbde5,Shalimar Residency Hotel Near Haiderpur Metro Station,hotel,28.71147,77.15466,3.0,,,False,,,https://static.cupid.travel/hotels/465204425.jpg,liteapi
lpfcb74,Room Maangta 511 Prashant Vihar,hotel,28.712129,77.134967,3.0,,,False,,,https://static.cupid.travel/hotels/ex_b83aa281_z.jpg,liteapi
lp65730510,3BHK Apartment in New Delhi,hotel,28.71223,77.11072,,,,False,,,https://static.cupid.travel/hotels/589559906.jpg,liteapi
lp65873f71,Aman Residency,hotel,28.712359,77.112627,2.0,,,False,,,https://static.cupid.travel/hotels/ex_3083c9b1_z.jpg,liteapi
lp655824a9,Ashok Maurya,hotel,28.7125,77.22076,2.0,,,False,,,https://static.cupid.travel/hotels/ex_w1331h886x12y14-a040e034_z.jpg,liteapi
lp6570848f,Hotel O Landlord,hotel,28.71259,77.29023,3.0,,,False,,,https://static.cupid.travel/hotels/600689051.jpg,liteapi
lp6573d01a,"Rohini, New Delhi",hotel,28.71295,77.10817,,,,False,,,https://static.cupid.travel/hotels/577701119.jpg,liteapi
lp657c46b1,Hotel O Starlight,hotel,28.71316,77.26308,3.0,,,False,,,https://static.cupid.travel/hotels/552627086.jpg,liteapi
lp6583b479,Travellers Hotel,hotel,28.713792,77.109493,3.0,,,False,,,https://static.cupid.travel/hotels/517870447.jpg,liteapi
lp27994b,SPOT ON 47243 Aadharshila Guest House,hotel,28.714409,77.208456,3.0,,,False,,,https://static.cupid.travel/hotels/ex_dc977d3c_z.jpg,liteapi
lp656c2951,Roomshala 006 Hotel Ambrosia,hotel,28.71726,77.15876,2.0,,,False,,,https://static.cupid.travel/hotels/ex_05b5b375_z.jpg,liteapi
lp65750688,Hotel O Deep Guest House,hotel,28.71796,77.32893,3.0,,,False,,,https://static.cupid.travel/hotels/618723918.jpg,liteapi
lp657014db,Hotel Luxury Inn Adarsh Nagar Metro Pillar No 100,hotel,28.71931,77.16853,3.0,,,False,,,https://static.cupid.travel/hotels/554331016.jpg,liteapi
lp6588d935,Hotel Red Chilly Adarsh Nagar,hotel,28.71986961364746,77.16998291015625,3.0,,,False,,,https://static.cupid.travel/hotels/ex_7f78575a_z.jpg,liteapi
lp657400d7,Hotel O New singh,hotel,28.72016,77.16847,3.0,,,False,,,https://static.cupid.travel/hotels/609883758.jpg,liteapi
lp657eaf50,Star@Hotel,hotel,28.72017,77.16896,,,,False,,,https://static.cupid.travel/hotels/531226693.jpg,liteapi
lp657b5394,Hotel O Shakti Residency,hotel,28.72092,77.32172,3.0,,,False,,,https://static.cupid.travel/hotels/621611905.jpg,liteapi
lp6579c6d1,HOTEL O SHIPRAJ INN,hotel,28.721222,77.15992,4.0,,,False,,,https://static.cupid.travel/hotels/531867377.jpg,liteapi
lp658900d2,Roomshala Hotel Iotus Villa,hotel,28.5363712310791,77.2566146850586,2.0,,,False,,,,liteapi
lp6573ac3c,Super OYO Hotel O Happy stay,hotel,28.5382,77.21132,3.0,,,False,,,,liteapi
lp6588d8b7,The Grace b&B,hotel,28.548452377319336,77.12779235839844,4.0,,,False,,,,liteapi
lp1f6a24,Treebo Trend Welcome India,hotel,28.55894,77.20049,3.0,,,False,,,,liteapi
lp6576b03b,Hotel O Krishna Villa Home,hotel,28.57828,77.24126,,,,False,,,,liteapi
lp6573548b,Hotel O Thanks God Inn,hotel,28.64102,77.21218,,,,False,,,,liteapi
lpcbb77,Hotel Golden Gate Dx,hotel,28.64382,77.21246,3.0,,,False,,,,liteapi
lp656bde6e,HOTEL OM INTERNATIONAL,hotel,28.645345,77.212267,2.0,,,False,,,,liteapi
lp4abc9,Hotel Red Castle - Near Ganga Ram & BLK Hospital - Karol Bagh,hotel,28.646837,77.184552,4.0,,,False,8.5,850.0,https://static.cupid.travel/hotels/592595399.jpg,liteapi
lpc2ef1,Hotel Sandberry,hotel,28.71663,77.13935,3.0,,,False,,,,liteapi
lp6559ec03,Kelvish Hotel- Delhi Airport,hotel,28.555927,77.097675,4.0,,,False,,66.0,https://static.cupid.travel/hotels/345199630.jpg,liteapi
lp655a7880,Hotel O Premium Rooms Chhatarpur,hotel,28.50669,77.18542,3.0,,,False,,,https://static.cupid.travel/hotels/617677733.jpg,liteapi
lp655adfad,Hotel O My Comfortable Hotel,hotel,28.52609,77.25753,4.0,,,False,,,https://static.cupid.travel/hotels/538069306.jpg,liteapi
lp655baa8e,Townhouse South One,hotel,28.52634,77.254981,4.0,,,False,,,https://static.cupid.travel/hotels/603534725.jpg,liteapi
lp655bbb0d,HOTEL PITRASHISH PRIDE IGI Intl AIRPORT DELHI,hotel,28.530135,77.086449,4.0,,,False,,,https://static.cupid.travel/hotels/305308647.jpg,liteapi
lp655a77d7,Hotel O Jpc Residency Near Dlf Avenue Saket,hotel,28.53153,77.20768,3.0,,,False,,,https://static.cupid.travel/hotels/502668452.jpg,liteapi
lp655bb285,Dev Residency,hotel,28.53344,77.29875,3.0,,,False,,,https://static.cupid.travel/hotels/327797253.jpg,liteapi
lp656b3c7a,Nu Delhi Homestay,hotel,28.53528,77.20749,,,,False,,,https://static.cupid.travel/hotels/149948181.jpg,liteapi
lp655ba9c0,SilverKey M&m Residency,hotel,28.53639,77.20863,4.0,,,False,,,https://static.cupid.travel/hotels/621721511.jpg,liteapi
lp655a7136,Red Apple Home By WB Inn,hotel,28.54007,77.24016,2.0,,,False,,,https://static.cupid.travel/hotels/421623579.jpg,liteapi
lp655ae486,Hotel O Prince Home Stay Near Ambience Mall,hotel,28.54076,77.1305,3.0,,,False,,,https://static.cupid.travel/hotels/498218065.jpg,liteapi
lp655adfe5,Hotel Westend Residency By WB Inn,hotel,28.54328,77.12386,,,,False,,,https://static.cupid.travel/hotels/422425265.jpg,liteapi
lp655baa73,Hotel Blue Palace By WB Inn,hotel,28.54333,77.12381,,,,False,,,https://static.cupid.travel/hotels/379999336.jpg,liteapi
lp655ae499,"Airport Hotel Ark of Avalon, Near Yashobhoomi Convention enter",hotel,28.544148,77.115981,3.0,,,False,,1.0,https://static.cupid.travel/hotels/378329694.jpg,liteapi
lp655a7410,FabHotel Aman Inn Near IGI Airport New Delhi,hotel,28.54487,77.12814,3.0,,,False,,,https://static.cupid.travel/hotels/598044207.jpg,liteapi
lp655b1990,Hotel Priva Residency By WB Inn,hotel,28.54516,77.12532,,,,False,,,https://static.cupid.travel/hotels/380290602.jpg,liteapi
lp655adcad,Hotel Peridot Near IGI Delhi Airport,hotel,28.546195,77.127177,2.0,,,False,,,https://static.cupid.travel/hotels/ex_95fc9da8_z.jpg,liteapi
lp6559a849,Leisure In,hotel,28.54634,77.24559,,,,False,,,https://static.cupid.travel/hotels/575845107.jpg,liteapi
lp6565ab1b,Spacious 2BHK with big bedrooms and kitchen 7,hotel,28.54701,77.23923,,,,False,,,https://static.cupid.travel/hotels/498149682.jpg,liteapi
lp655a7aa4,Hotel Capitol Hills - Greater Kailash Delhi,hotel,28.54824,77.23921,3.0,,,False,,,https://static.cupid.travel/hotels/413764478.jpg,liteapi
lp655b09ee,Hotel O Tourist Plaza,hotel,28.54826,77.12815,3.0,,,False,,,https://static.cupid.travel/hotels/599127606.jpg,liteapi
lp655ae45f,Hotel O Airport Plaza By Palace,hotel,28.54853,77.12814,3.0,,,False,,,https://static.cupid.travel/hotels/618353048.jpg,liteapi
lp6565a85a,Air Purifier - Premium 2BHK Suite with 2 patios 13,hotel,28.549613,77.235524,4.0,,,False,,,https://static.cupid.travel/hotels/595350145.jpg,liteapi
lp655ba9f3,OYO 12675 Hotel Star Inn,hotel,28.55003,77.13039,3.0,,,False,,,https://static.cupid.travel/hotels/447395809.jpg,liteapi
lp6561be02,High end luxury apartment In Greater Kailash-1,hotel,28.55008,77.24303,,,,False,,,https://static.cupid.travel/hotels/375542228.jpg,liteapi
lp655baaa1,Hotel Devrana Delhi Airport,hotel,28.55078,77.12341,3.0,,,False,,,https://static.cupid.travel/hotels/608496221.jpg,liteapi
lp655ba96e,Hotel O POP Hotel Shubham,hotel,28.5508,77.12985,3.0,,,False,,,https://static.cupid.travel/hotels/478713314.jpg,liteapi
lp65599d6c,FabHotel Belwood Near IGI Airport New Delhi,hotel,28.55289,77.10447,4.0,,,False,,,https://static.cupid.travel/hotels/517316089.jpg,liteapi
lp655bb326,Shivam Stay By WB Inn,hotel,28.55417,77.24806,,,,False,,,https://static.cupid.travel/hotels/363681378.jpg,liteapi
lp655baaac,Hotel Classic Plaza at Delhi Airport,hotel,28.55511,77.09885,,,,False,,,https://static.cupid.travel/hotels/544052871.jpg,liteapi
lp655ae010,FabHotel La Ola,hotel,28.55872,77.24687,3.0,,,False,,,https://static.cupid.travel/hotels/354956182.jpg,liteapi
lp655df75d,Mandakini villa,hotel,28.55902,77.2032,,,,False,,,https://static.cupid.travel/hotels/472189320.jpg,liteapi
lp6565ab20,MOYDOM 3 BHK Appartment Opp NFC (Parties allowed),hotel,28.563156,77.268911,4.0,,,False,,,https://static.cupid.travel/hotels/482186675.jpg,liteapi
lp655baa11,Hotel O Shiv Shakti Inn Near Kamal Cinema,hotel,28.56425,77.19772,3.0,,,False,,,https://static.cupid.travel/hotels/501903664.jpg,liteapi
lp655a87c9,Abode Residency Safdarjung Enclave Near U S Embassy Delhi,hotel,28.56594,77.19709,3.0,,,False,,,https://static.cupid.travel/hotels/532998942.jpg,liteapi
lp656b9e33,Art house Vasant Vihar New Delhi,hotel,28.56672,77.16134,,,,False,,,https://static.cupid.travel/hotels/243763278.jpg,liteapi
lp655a6e64,Hotel O Maharaja Rooms And Stay Near Worlds Of Wonder,hotel,28.57081,77.32612,4.0,,,False,,,https://static.cupid.travel/hotels/544732870.jpg,liteapi
lp655bb261,Hotel O Star Light Inn Near Lotus Temple,hotel,28.57175,77.25647,4.0,,,False,,,https://static.cupid.travel/hotels/553431257.jpg,liteapi
lp6559ec09,Hotel O Shyam Residency Near Lotus Temple,hotel,28.57556,77.24152,3.0,,,False,,,https://static.cupid.travel/hotels/513707434.jpg,liteapi
lp655a7349,Hotel O Premium Inn,hotel,28.582871,77.244982,4.0,,,False,,,https://static.cupid.travel/hotels/620292136.jpg,liteapi
lp655baa5a,Hotel O Small Town Near Indira Gandhi International Airport,hotel,28.58291,77.08828,3.0,,,False,,,https://static.cupid.travel/hotels/620177466.jpg,liteapi
lp655a8310,Lion Home Stay,hotel,28.59062,77.2561,3.0,,,False,,,https://static.cupid.travel/hotels/615358752.jpg,liteapi
lp655a7080,Hotel O Park Inn Near New Ashok Nagar Metro Station,hotel,28.5978,77.30971,3.0,,,False,,,https://static.cupid.travel/hotels/518769622.jpg,liteapi
lp655ba9d0,FabHotel PP Residency Tilak Nagar,hotel,28.62934,77.10013,3.0,,,False,,,https://static.cupid.travel/hotels/558665250.jpg,liteapi
lp655baa78,Hotel O Hansa Residency Near Akshardham,hotel,28.63239,77.28049,3.0,,,False,,,https://static.cupid.travel/hotels/620573445.jpg,liteapi
lp6559b358,Orana Aurnum,hotel,28.63473,77.12785,,,,False,,,https://static.cupid.travel/hotels/408360754.jpg,liteapi
lp655ba96a,Hotel Green Palace New,hotel,28.63586,77.30566,2.0,,,False,,,https://static.cupid.travel/hotels/166829382.jpg,liteapi
lp655a750d,Hotel Amar Palace by WB Inn,hotel,28.63926,77.20852,,,,False,,,https://static.cupid.travel/hotels/343888337.jpg,liteapi
lp655adffe,New Lodge by WB Inn,hotel,28.64156,77.21439,2.0,,,False,,,https://static.cupid.travel/hotels/318434645.jpg,liteapi
lp655baa76,Hotel O Sr Residency Near CCD,hotel,28.64198,77.13602,4.0,,,False,,,https://static.cupid.travel/hotels/614316574.jpg,liteapi
lp655bbafa,Hotel Chander Palace by WB Inn,hotel,28.6436,77.21094,2.0,,,False,,,https://static.cupid.travel/hotels/366249932.jpg,liteapi
lp655a74d8,Preet Guest House by WB Inn,hotel,28.64412,77.21621,,,,False,,,https://static.cupid.travel/hotels/424018486.jpg,liteapi
lp655bb2e1,Hotel Nandi Mahadev By WB Inn,hotel,28.6444,77.21488,2.0,,,False,,,https://static.cupid.travel/hotels/326565193.jpg,liteapi
lp655baa5f,FabHotel Kirti Nagar New Delhi,hotel,28.653361,77.137092,3.0,,,False,,,https://static.cupid.travel/hotels/ex_w3000h1991x0y5-1eeb60d9_z.jpg,liteapi
lp655a84a9,Collection O Ajanta Hotel,hotel,28.6654,77.29996,3.0,,,False,,,https://static.cupid.travel/hotels/585131937.jpg,liteapi
lp655a7614,SEVEN HEAVEN,hotel,28.680868,77.14996,4.0,,,False,,5.0,https://static.cupid.travel/hotels/579352845.jpg,liteapi
lp656ba4c8,Petite Homestays,hotel,28.682787,77.220599,4.0,,,False,,2.0,https://static.cupid.travel/hotels/74094815.jpg,liteapi
lp655a76e7,Hotel O Sushma Ssadan,hotel,28.69167,77.18479,3.0,,,False,,,https://static.cupid.travel/hotels/579193651.jpg,liteapi
lp655ae480,Hotel O Kashish Residency Near Model Town Metro Station,hotel,28.69243,77.18248,4.0,,,False,,,https://static.cupid.travel/hotels/558874069.jpg,liteapi
lp656b3c81,Sangleela,hotel,28.69553,77.14676,,,,False,,,https://snaphotelapi.com/hotels/63459893.jpg,liteapi
lp1b08be,FabHotel Olivia Suite,hotel,28.54765,77.126521,3.0,,,False,,,https://liteapi-travel-static-data.s3.amazonaws.com/images/hotels/main/1771710.jpg,liteapi
lp655719f8,Itsy By Treebo - Dr Regency,hotel,28.563877,77.191018,3.0,,,False,,,https://liteapi-travel-static-data.s3.amazonaws.com/images/hotels/main/1700207096.jpg,liteapi
lp655860a1,Pubg Residency,hotel,28.608564,77.294235,2.0,,,False,,,https://liteapi-travel-static-data.s3.amazonaws.com/images/hotels/main/1700290721.jpg,liteapi
lp1b0d07,Hotel Rachna Tourist lodge,hotel,28.645631790161133,77.2165756225586,3.0,,,False,,,https://static.cupid.travel/hotels/ex_1e685cb8_z.jpg,liteapi
lp6557c9bb,Abuzz Oxfordcaps Roopnagar,hotel,28.682729,77.197582,2.0,,,False,,,https://liteapi-travel-static-data.s3.amazonaws.com/images/hotels/main/1700252091.jpg,liteapi
lp23dda6,OYO 28373 Hotel Shri Sai,hotel,28.718597,77.16917,2.5,,,False,,,https://liteapi-travel-static-data.s3.amazonaws.com/images/hotels/main/2350502.jpg,liteapi
lpb5e8c,OYO Rooms 486 IGI Airport Near Main Road,hotel,28.54286,77.12786,3.0,,,False,,,,liteapi
lpc77ac,GROW MODESTY,hotel,28.54429054260254,77.12846374511719,3.0,,,False,,,https://static.cupid.travel/hotels/ex_4fe83eb1_z.jpg,liteapi
lp19d3e3,OYO 18480 Runway,hotel,28.54767,77.12651,2.5,,,False,,,,liteapi
lp2a356d,The Atlantic Airport Hotel,hotel,28.547679,77.128799,3.0,,,False,,,,liteapi
lpf3d18,Hotel Shuhul Continental,hotel,28.55889,77.24667,3.0,,,False,,,,liteapi
lp379df8,OYO 49750 Surya Inn,hotel,28.590595,77.256218,2.5,,,False,,,,liteapi
lp656bd139,Xenious Micro,hotel,28.639586,77.291877,3.5,,,False,,,,liteapi
lpc86b2,OYO 8933 Hotel CG International,hotel,28.64072,77.21691,2.5,,,False,,,,liteapi
lpeab75,OYO 12739 Mahesh Inn,hotel,28.6422,77.21715,2.0,,,False,,,,liteapi
lp5e736,LE ALFANSO BY AZAD RAM,hotel,28.645353317260742,77.21292114257812,2.0,,,False,,,https://static.cupid.travel/hotels/ex_5e659d29_z.jpg,liteapi
lp36328,FabHotel Mohan International Paharganj,hotel,28.64573,77.21667,3.0,,,False,,,,liteapi
lp7bb4e,Hotel Bill Palace,hotel,28.64618682861328,77.18409729003906,3.0,,,False,,,https://static.cupid.travel/hotels/ex_42e99163_z.jpg,liteapi
lpc8641,OYO 5109 JK Hotel,hotel,28.69203,77.13068,3.0,,,False,,,,liteapi
lp655adcc1,Hotel RS Residency,hotel,28.55617,77.10031,,,,False,,,https://q-xx.bstatic.com/xdata/images/hotel/max300/293014225.jpg?k=1b03ffb2aaa4d91a484cc1a69e4c636a73a02f8966326cc8db6fc0b9f25cf162&o=,liteapi
lp655aeaf7,OYO 67602 Cladis,hotel,28.58088,77.31485,,,,False,,,https://q-xx.bstatic.com/xdata/images/hotel/max300/267625574.jpg?k=fe04a1f18ea7821b5d07b6cd336dce23aa65ea92d5e6aaf66f78722b57ddee77&o=,liteapi
lp655b0a0e,OYO 62177 Lovely Inn,hotel,28.59778,77.30898,,,,False,,,https://q-xx.bstatic.com/xdata/images/hotel/max300/243917741.jpg?k=d9dd805c7704849cc14648ba96fd1449e10ca67f50523bb441f464bba51dc2d7&o=,liteapi
lp65599e69,PG Nestaway,hotel,28.63527,77.18129,,,,False,,,https://liteapi-travel-static-data.s3.amazonaws.com/images/hotels/main/1700372073.jpg,liteapi
lp6559de91,Capital O 84595 Saket Villa,hotel,28.51393,77.20514,,,,False,,,,liteapi
lp655bb34b,OYO 92738 J Palace,hotel,28.54393,77.1278,,,,False,,,,liteapi
lp655a6ee3,Hotel The Raj Palace,hotel,28.543947219848633,77.12842559814453,3.0,,,False,,,https://static.cupid.travel/hotels/ex_65595cbe_z.jpg,liteapi
lp655baa5c,OYO 92328 Admi Suites,hotel,28.54725,77.12571,,,,False,,,,liteapi
lp655b1001,POP 89248 Hotel Airport Golden,hotel,28.54929,77.12853,,,,False,,,,liteapi
lp655a7a64,OYO 91484 Breeze Hotel,hotel,28.5494,77.13003,,,,False,,,,liteapi
lp655a7e44,FabHotel F9 Lajpat Nagar,hotel,28.56575,77.24819,,,,False,,,,liteapi
lp655aeaf4,Capital O 84803 Diamond 18,hotel,28.57246,77.32448,,,,False,,,,liteapi
lp655b0a16,OYO 73568 G-54 Stays,hotel,28.57271,77.24387,,,,False,,,,liteapi
lp655b820f,OYO 70095 Hotel Jp Residency,hotel,28.57449,77.32736,,,,False,,,,liteapi
lp655baabb,Silver Street By WB Inn,hotel,28.64155,77.21439,,,,False,,,,liteapi
lp655ba95e,OYO 3394 Hotel Centra Inn,hotel,28.64218,77.21143,,,,False,,,,liteapi
lp655a7277,Capital O 22354 Pg Hospitality Inn,hotel,28.64352,77.21396,,,,False,,,,liteapi
lp655a771d,OYO Flagship 80456 Arjun Palace,hotel,28.64474,77.21108,,,,False,,,,liteapi
lp6559782e,OYO 90025 Pari Residency,hotel,28.64528,77.13161,,,,False,,,,liteapi
lp655baa3d,SPOT ON 80542K Liv In Guest House,hotel,28.68942,77.29334,,,,False,,,,liteapi
lp655a7e56,OYO 75386 Abhi Residency,hotel,28.70256,77.11633,,,,False,,,,liteapi
lp655a73ed,OYO 74945 Shri Sai Guest House,hotel,28.71341,77.17461,,,,False,,,,liteapi
