place_id,name,kind,lat,lng,stars,opening_hours,cuisine,veg,rating,reviews,photo,source
n346611983,Amphitheatre,attraction,19.0425669,72.8188717,,,,False,,,,
n347036704,Cafe Andora,cafe,19.0573435,72.8276847,,Mo-Su 09:00-21:00,sandwich;burger,False,,,,
n347145411,Good Luck Restaurant,restaurant,19.0517569,72.8240813,,Mo-Su 07:00-00:00,,False,,,,
n347145587,A1 Bakery,cafe,19.0546237,72.8264717,,,,False,,,,
n347168988,Wonton House,restaurant,19.0548375,72.8258975,,,chinese,False,,,,
n462267688,Lal Bahadur Shastri,memorial,19.0001256,72.8141502,,,,False,,,,
n494772647,Castella de Aguada,attraction,19.0419788,72.8184995,,,,False,,,,
n537762970,Kala Qila,attraction,19.0509899,72.8601653,,,,False,,,,
n537766323,माहीम किल्ला,attraction,19.0420113,72.8381267,,,,False,,,,
n649025707,Madh Fort,attraction,19.1324703,72.7946179,,,,False,,,,
n674906629,भाऊ दाजी लाड संग्रहालय,museum,18.9791636,72.8348012,,,,False,,,,
n745463693,Olive Restaurant,restaurant,19.0717586,72.8253808,,,,False,,,,
n984287758,Balaji Rest.,restaurant,19.1546492,72.8561961,,,,False,,,,
n984980715,Sai Veg World,restaurant,19.1648094,72.8502701,,,,False,,,,
n1168330200,Heritage,restaurant,19.16602,72.8519069,,,,False,,,,
n1169481187,Ratna,restaurant,19.1633476,72.8461207,,,,False,,,,
n1282389460,Statue of Saint Sebastian,memorial,19.051094,72.825701,,,,False,,,,
n1289231870,Mancherji Edulji Joshi Statue,artwork,19.0175495,72.8491666,,,,False,,,,
n1345329170,Regency,restaurant,19.1135596,72.8527427,,,,False,,,,
n1398698904,SADGURU RESTAURANT,restaurant,19.0622302,72.9007583,,,,False,,,,
n1437244163,Mahesh Lunch Home,restaurant,19.1036656,72.826663,,,seafood,False,,,,
n1437249360,Mahesh Lunch Home,restaurant,19.1071141,72.8843234,,,seafood,False,,,,
n1514451615,Hotel Samudra,restaurant,19.0748494,72.8258483,,,"south_indian,_chinese",False,,,,
n1543873995,Jabbar Hall,restaurant,19.0675439,72.9235309,,,,False,,,,
n1575245771,Wagh Bakari Tea,cafe,19.1029971,72.8465194,,,,True,,,,
n1575368240,Same Place,restaurant,19.1030604,72.8477452,,,,True,,,,
n1579184280,Loop Gallery,viewpoint,19.1037194,72.8510068,,,,False,,,,
n1579243130,Gajali,restaurant,19.1038461,72.8515807,,,,False,,,,
n1579291348,Cafe Coffee Day,cafe,19.1036662,72.8521762,,"Mo-Su,PH 08:00-22:00",coffee_shop,False,,,,
n1579294216,Daffodils,restaurant,19.1036637,72.8523076,,Mo-Su 08:00-23:00,,True,,,,
n1579324991,Hotel Shree Ganesh,restaurant,19.1036532,72.8528496,,,indian,False,,,,
n1608381874,Gulmohar,restaurant,19.129793,72.9151419,,,,False,,,,
n1639045726,Ray's Cafe & Pizzeria,restaurant,19.0550265,72.8283822,,,pizza,False,,,,
n1641869868,Mezbaan,restaurant,19.0707547,72.8224918,,,lebanese;chinese;indian,False,,,,
n1646526516,Samyukta Maharashtra Daalan,museum,19.0279945,72.8365824,,,,False,,,,
n1803648461,Poetry,cafe,19.1057759,72.826406,,,,False,,,,
n1803653587,Kitchen Garden,cafe,19.1055629,72.8263957,,,sandwich,False,,,,
n1803681421,Alfredo's,restaurant,19.1069056,72.826255,,,italian,False,,,,
n1855761130,Mantra,restaurant,19.123761,72.9131305,,,,False,,,,
n1855761135,Pizza Hut,restaurant,19.1235847,72.912496,,,pizza,False,,,,
n1977933168,Cafe Madras,restaurant,19.0276726,72.8550473,,"Tu-Su 07:00-14:30,16:00-22:30",indian,False,,,,
n1977972184,Tote on the Turf,restaurant,18.9819716,72.8232049,,,indian,False,,,,
n1999869298,Scrumptuous,cafe,19.1359736,72.8096746,,,coffee_shop,False,,,,
n2071267071,Red Box,restaurant,19.1399689,72.8313705,,,chinese,False,,,,
n2071267387,Caravan Serai,restaurant,19.13986,72.8313893,,,indian,False,,,,
n2124836823,Shreejee's,restaurant,19.1488245,72.8316666,,,indian,False,,,,
n2125146883,Delicacy Of China,restaurant,19.1421445,72.829096,,,chinese,False,,,,
n2125146906,Costa,cafe,19.1420001,72.8290745,,,coffee_shop,False,,,,
n2125165377,Third Wave Coffee Roasters,cafe,19.1466517,72.8287312,,24/7,coffee_shop,False,,,,
n2125165395,Starbucks,cafe,19.1465656,72.829164,,,coffee_shop,False,,,,
n2125320195,Cafe Coffee Day,cafe,19.141372,72.8312307,,,coffee_shop,False,,,,
n2125324753,Di Bella Coffee,cafe,19.1253994,72.8222426,,,coffee_shop,False,,,,
n2125326735,Nom Nom,restaurant,19.1252302,72.8223454,,,asian,False,,,,
n2125326739,Banana Leaf,restaurant,19.125049,72.8225121,,Mo-Su 09:00-21:00,indian,False,,,,
n2126250492,Mainland China,restaurant,19.1414769,72.8323049,,"Fr-Tu 12:00-15:30,19:00-23:30, We,Th 12:00-01:00",chinese,False,,,,
n2130342936,Third Wave Coffee Roasters,cafe,19.1290999,72.817759,,,coffee_shop,False,,,,
n2131895195,Cafe Coffee Day,cafe,19.029206,72.8382235,,,coffee_shop,False,,,,
n2148660919,Some Like It Hot,restaurant,19.1343689,72.8263899,,,indian,False,,,,
n2148661125,Radha Krishna,restaurant,19.1344031,72.825419,,"Mo-Su 11:00-15:00, 19:00-23:00",indian,False,,,,
n2171341171,Suzette,restaurant,19.0616511,72.829063,,,international,False,,,,
n2171343532,Papa Pancho Da Dhaba,restaurant,19.0616567,72.8291663,,,indian,False,,,,
n2171398723,Pali Bhavan,restaurant,19.0620905,72.8294205,,,indian,False,,,,
n2173092241,Snack Shack,restaurant,19.0625682,72.8296368,,,indian,False,,,,
n2173095188,Poco Loco,restaurant,19.062482,72.8297133,,,spanish,False,,,,
n2180954109,Out of the Blue,restaurant,19.0718264,72.825446,,,,False,,,,
n2188855052,Cafe Coffee Day,cafe,19.1067657,72.8639412,,Mo-Su 10:00-23:00,coffee_shop,False,,,,
n2189763326,The Courtyard,restaurant,19.1315553,72.837364,,,indian,False,,,,
n2273540883,Ganga Vihar Restaurant,restaurant,19.0310254,72.845472,,,,True,,,,
n2363117996,Que Sera Sera,restaurant,19.1365683,72.8274664,,,international,False,,,,
n2364363843,Oh Calcutta! Express,restaurant,19.1396292,72.826996,,,indian,False,,,,
n2364385923,Astro Cafe,cafe,19.1373689,72.8294395,,,,False,,,,
n2365365562,Alfredo's Bar And Diner,restaurant,19.1394688,72.8314681,,,italian,False,,,,
n2366733541,Lucky Biryani,restaurant,19.1509715,72.8355752,,,indian,False,,,,
n2366743771,Cafe Coffee Day,cafe,19.1514637,72.8319189,,,coffee_shop,False,,,,
n2366784005,Almond Flower,restaurant,19.145159,72.8294735,,,indian,False,,,,
n2370526133,Cafe Coffee Day,cafe,19.1374036,72.8271916,,,coffee_shop,False,,,,
n2391804809,Prithvi Café,cafe,19.1062094,72.8257203,,10:30-22:30,,False,,,,
n2396197796,Cafe Coffee Day,cafe,19.1146804,72.836375,,Mo-Su 09:00-21:00,coffee_shop,False,,,,
n2440075893,Dakshin,restaurant,19.0657214,72.8308414,,,,False,,,,
n2440075895,Mini Punjab,restaurant,19.0653282,72.8312029,,,,False,,,,
n2562631544,Caffe Coffee Day,cafe,19.1726852,72.8740201,,,coffee_shop,False,,,,
n2562637541,Pizza Hut,restaurant,19.174647,72.8679049,,,pizza,False,,,,
n2567524743,Canteen,restaurant,19.0419918,72.9283362,,,regional,False,,,,
n2567541050,TISS Dining Hall,restaurant,19.0431931,72.9119332,,,cafeteria,True,,,,
n2568671333,Gender & Science Exhibit,attraction,19.0421717,72.9280492,,,,False,,,,
n2590293389,Debonair's Pizza,restaurant,19.1254375,72.8222001,,,pizza,False,,,,
n2610565997,I Think Fitness Cafe,cafe,19.0592055,72.8294744,,,,False,,,,
n2610566163,House of Mandarin,restaurant,19.0549394,72.8266649,,,chinese,False,,,,
n2633884923,Facing East,restaurant,19.1101036,72.8273819,,,chinese,False,,,,
n2680338196,Guilt Trip,cafe,19.0713519,72.8241542,,,,False,,,,
n2718678717,Starbucks,cafe,19.1006024,72.8275259,,Mo-Su 07:00-01:00,coffee_shop,False,,,,
n2719044956,Modern Tea House,cafe,19.0752035,72.8259183,,,,False,,,,
n2805271348,Cafe Coffee Day,cafe,18.9989541,72.8251728,,,coffee_shop,False,,,,
n2851477517,St John The Baptist Shrine/Oratory,attraction,19.0481951,72.8258974,,,,False,,,,
n2930683935,Cold Cafee,cafe,19.0597612,72.9103571,,,,False,,,,
n2930715743,NANA-NANI PARK,park,19.0698753,72.9120691,,,,False,,,,
n2930724471,drd park,park,19.0430184,72.9115187,,,,False,,,,
n2970392691,Metro Pizza,restaurant,19.0681022,72.8264504,,,pizza,False,,,,
n3008644986,Cafe Coffee Day,cafe,19.1319124,72.832721,,,coffee_shop,False,,,,
n3010376564,Jam Jar Diner,restaurant,19.1328424,72.8123262,,,italian,False,,,,
n3021741492,Dakshinayan,restaurant,19.1129321,72.8256368,,"Mo-Fr 11:00-23:00; Sa, Su 08:00-23:00",indian,False,,,,
n3048179689,Juice Center,cafe,19.0383759,72.8534092,,,indian,False,,,,
n3190127198,Goa Bhavan,restaurant,19.1146924,72.8312422,,,,False,,,,
n3190201210,Tian,restaurant,19.1146927,72.8363094,,,,False,,,,
n3202768659,mahatma nagar,cafe,19.0644019,72.9018073,,,regional,False,,,,
n3202928822,santi park,park,19.019633,72.8628095,,,,False,,,,
n3204193998,sam,park,19.0400958,72.9466514,,,,False,,,,
n3204202841,mahul,cafe,19.0295407,72.9348364,,,pizza,False,,,,
n3204208838,amina hotel,restaurant,19.0676101,72.9208376,,,,False,,,,
n3204438064,drfg,cafe,19.048368,72.9221477,,,,False,,,,
n3204439189,iqbal azmi,restaurant,19.0636832,72.9187511,,,,False,,,,
n3204476109,Domino's,restaurant,19.0542862,72.8932735,,Mo-Su 09:00-21:00,pizza,False,,,,
n3204495277,lucky restaurant,restaurant,19.0612649,72.9067792,,,pizza,False,,,,
n3204516266,karan cafe,cafe,19.0420352,72.9164383,,,,False,,,,
n3204517061,Sadguru,restaurant,19.068838,72.9059636,,,indian,False,,,,
n3204881746,Ganesh Tea Center,cafe,19.0603312,72.9105858,,,,False,,,,
n3205771060,Abhinandan,restaurant,19.0961478,72.9151919,,,indian;chinese,False,,,,
n3205959678,children park,park,19.0786873,72.9139937,,,,False,,,,
n3205968767,ccd,cafe,19.0633635,72.9040535,,,,False,,,,
n3205970175,Saidip restarant & Bar,restaurant,19.0492313,72.9269816,,,,False,,,,
n3206047095,nagore,cafe,19.0665095,72.924604,,,,False,,,,
n3206047096,ram class,restaurant,19.0637195,72.9170082,,,,False,,,,
n3206255569,hotel,restaurant,19.0650055,72.929413,,,,False,,,,
n3207654838,Amber,restaurant,19.0557033,72.8448243,,,indian,False,,,,
n3213753014,unity park,park,19.0450404,72.9336572,,,,False,,,,
n3213755719,Ram cafe,cafe,19.0666508,72.9104239,,,,False,,,,
n3213757497,sundar niwas,restaurant,19.044603,72.9357713,,,burger,False,,,,
n3213759879,jyoti restaurant,restaurant,19.0600003,72.911585,,,pizza,False,,,,
n3213866932,sng paark,park,19.0503408,72.8914636,,,,False,,,,
n3213866933,vadhavi resturant,restaurant,19.0485285,72.918976,,,,False,,,,
n3214503592,Barista,cafe,19.0518758,72.9007969,,,coffee_shop,False,,,,
n3216970890,Shiv Sagar,restaurant,19.0993472,72.8737316,,,,False,,,,
n3216971091,Cafe Coffee Day,cafe,19.0993371,72.8737906,,,coffee_shop,False,,,,
n3217533161,Cafe Faizal,cafe,19.0629897,72.918479,,,,False,,,,
n3221689756,High Point,restaurant,19.1406806,72.8319318,,,indian,False,,,,
n3221694302,Kailash Parbat,restaurant,19.140888,72.831892,,,indian,False,,,,
n3257870640,Vrindavan,restaurant,19.0691603,72.8394827,,,,True,,,,
n3289533443,Sahara,restaurant,19.0796355,72.8799871,,,regional,False,,,,
n3289533448,Skyway,restaurant,19.0805957,72.8812014,,,regional,False,,,,
n3289573073,Hotel Ravi Pure Veg,restaurant,19.0747496,72.8709793,,,South_Indian,False,,,,
n3292389820,Kinoo's Cottage,restaurant,19.1293583,72.814132,,,,False,,,,
n3293516347,Starbucks,cafe,19.141731,72.8309285,,,coffee_shop,False,,,,
n3358915248,Basil,restaurant,19.1095312,72.8532985,,Mo-Su 08:00-18:00,italian,False,,,,
n3417207117,the yoga house,cafe,19.0657265,72.8247137,,,regional organic,False,,,,
n3469153682,Ganesh Maidan,park,19.1726378,72.8676047,,,,False,,,,
n3483943994,Tea Ville Cafe,cafe,19.0559886,72.9007064,,,,False,,,,
n3524664707,"Pondichery Cafe, Sofitel Hotel",cafe,19.0678286,72.8689535,,,regional,False,,,,
n3529566936,GULAM MOHHAMED SHUBRATI BUILDING;suleman usman mithiwala,restaurant,19.0621078,72.8769645,,,,False,,,,
n3529577459,Sakil Hotel,restaurant,19.068542,72.9208752,,,,False,,,,
n3532119179,Sheetal Restaurant,restaurant,19.0647322,72.8823854,,,,False,,,,
n3532120654,cafe nar restarunt,restaurant,19.064423,72.8818866,,,,False,,,,
n3532210535,sawali hotel,restaurant,19.0630215,72.8828264,,,,True,,,,
n3534566632,Metro,restaurant,19.0604661,72.8727812,,,,False,,,,
n3534647915,a1 restaurant,restaurant,19.0628452,72.9220712,,,regional,False,,,,
n3554059493,Madras cafe,restaurant,19.1454647,72.9352402,,,regional,False,,,,
n3587156841,Bharang Hotel,restaurant,19.1299442,72.9305834,,,,False,,,,
n3602878176,Mehman Nawazi,restaurant,19.1112209,72.9088668,,,,False,,,,
n3602878832,BREEZE RESTAURANT,restaurant,19.1119266,72.9087755,,,,False,,,,
n3606640948,Me So Happy,restaurant,19.0712279,72.8338775,,,,False,,,,
n3630342040,Gettogether,restaurant,19.1287104,72.8257708,,,,False,,,,
n3636812246,Bhakari Ghar,restaurant,19.087102,72.9114295,,,indian,False,,,,
n3645808418,Starbucks,cafe,19.0505393,72.8272596,,Mo-Su 07:00-01:00,coffee_shop,False,,,,
n3687744159,Swades,restaurant,19.1298351,72.818126,,,indian,False,,,,
n3766892222,Sagar,restaurant,19.1094692,72.8534097,,Mo-Su 09:00-09:00,indian,False,,,,
n3766895231,Hotel Benarsi,restaurant,19.1094882,72.8533513,,,indian,False,,,,
n3771463609,Mamagoto,restaurant,19.1406213,72.8339783,,,,False,,,,
n3791147462,Sharma Fast Food,restaurant,19.1291201,72.8258675,,,,False,,,,
n3803560476,Anna Tapari,cafe,19.0453775,72.9139348,,,regional,False,,,,
n3838398804,The Bagel Shop,cafe,19.0631425,72.8248491,,Mo-Su 09:00-22:30,,False,,,,
n3899362068,Light Of Bharat,restaurant,19.0242417,72.8376485,,,,False,,,,
n3903081147,Pizza Box,restaurant,19.1286367,72.8206353,,,pizza,False,,,,
n3920455583,The Artists Village,cafe,19.1322782,72.8149689,,,,False,,,,
n3921991022,Urban Tadka,restaurant,19.1268334,72.8217224,,,,False,,,,
n3921993019,Di Bella Coffee,cafe,19.133385,72.8116156,,,,False,,,,
n3926507457,Tasting Room,restaurant,18.9932487,72.8229342,,,,False,,,,
n3972961045,Sweet Corner,restaurant,19.1438085,72.842605,,,,False,,,,
n3979081602,Barista,cafe,19.1137761,72.8417403,,,coffee_shop,False,,,,
n3980133295,Blue Park,restaurant,19.1305037,72.8187534,,,regional,False,,,,
n3981603675,Loco Chino,restaurant,19.1509017,72.8314084,,,,False,,,,
n3981603680,Golden Fork,restaurant,19.1506958,72.8313918,,,chinese,False,,,,
n3981607928,Taste Of Ganges,restaurant,19.1514595,72.8314591,,,indian,False,,,,
n3981607929,Roti Punjab,restaurant,19.1514793,72.83148,,,,False,,,,
n3981607931,Maroosh,restaurant,19.1513793,72.8318878,,,,False,,,,
n4051431789,Amritsari Tadka,restaurant,19.1290697,72.8219944,,,,False,,,,
n4102508704,Cafe Coffee Day,cafe,19.1002954,72.8400363,,,coffee_shop,False,,,,
n4129555689,Patidar Co Op Housing Society,viewpoint,19.1756053,72.8414126,,,,False,,,,
n4163142690,Sathe's All Day Diner,restaurant,19.1317167,72.8151803,,,,False,,,,
n4185780129,Soda Bottle Opener Wala,restaurant,19.063466,72.862225,,,,False,,,,
n4198985391,Smokehouse Deli,restaurant,19.0653991,72.8298816,,Mo-Su 09:00-00:30,burger;steak_house;pizza,False,,,,
n4208309895,Tea Villa,cafe,19.1032614,72.8467331,,,american;asian;bagel;breakfast;burger;coffee_shop;indian;international;italian;italian_pizza;mexican;mediterranean;pancake;pizza;pasta;sandwich;tea,True,,,,
n4228622740,Hostel-9 Canteen,restaurant,19.135783,72.9084012,,,,False,,,,
n4237027990,Amrut ,restaurant,19.1351491,72.9001151,,,indian,False,,,,
n4238928891,Gopal Krishna ,restaurant,19.1117445,72.8678155,,,,False,,,,
n4258767993,Sea Corner,restaurant,19.0164197,72.8180858,,,,False,,,,
n4271095990,SpiceKlub,restaurant,18.9944913,72.8257483,,"12:00-16:00, 18:30-00:00",indian,True,,,,
n4303058599,Tavaa Restaurant,restaurant,19.0596353,72.8324442,,,indian;mughlai,False,,,,
n4312900099,Balaji Restaurant,restaurant,19.0551517,72.8307261,,,,True,,,,
n4323199791,Legacy of Mumbai,restaurant,19.1779962,72.8463789,,,,False,,,,
n4324725973,Red Box,cafe,19.1186874,72.87033,,,,False,,,,
n4326441991,Anil Lunch Home,restaurant,19.10144,72.8879711,,,chicken;fish;indian,False,,,,
n4326458489,Cafe Dilshad,restaurant,19.0992907,72.8878533,,,,False,,,,
n4326830390,Cafe Coffee Day,cafe,19.1072105,72.8823702,,,coffee_shop,False,,,,
n4326867189,Kanchi Veg,restaurant,19.1070575,72.8823087,,,,False,,,,
n4326893991,Deep Punjab Dhaba,restaurant,19.1039038,72.8869689,,Mo-Su 10:00-21:00,chicken;kebab;indian,True,,,,
n4333491591,Eva's Pizza,restaurant,19.114089,72.887468,,,,False,,,,
n4340814165,Sigdi,restaurant,19.0615863,72.8333786,,11:00-01:00,indian,False,,,,
n4344803101,Simply Delicious,restaurant,19.0335658,72.839688,,,indian,False,,,,
n4344894290,Hubble,restaurant,19.0952234,72.9229787,,,,False,,,,
n4345456815,Deepa Bar and Restaurant,restaurant,19.0553221,72.8364634,,,indian,False,,,,
n4345562396,Goodluck Wines,cafe,19.0551796,72.8359562,,,,False,,,,
n4538247791,Pizza Hut,restaurant,19.0960851,72.8741102,,,pizza,False,,,,
n4538287491,Starbucks,cafe,19.1002116,72.8747168,,,coffee_shop,False,,,,
n4590509699,Stomach,restaurant,19.0597451,72.8340932,,,chinese,False,,,,
n4590912467,Versova Social,restaurant,19.1263675,72.8205036,,,,False,,,,
n4590912468,The Treesome Cafe,restaurant,19.128472,72.8172002,,,,False,,,,
n4592165895,Bombay Salad Co.,restaurant,19.0648165,72.8308323,,,,False,,,,
n4640203708,Legendary New India Monument,monument,19.1147885,72.8388317,,,,False,,,,
n4674771690,Ram Ashray South Indian,restaurant,19.0280158,72.8517121,,"Mo-Su,PH 05:00-21:00",south_indian,False,,,,
n4674815089,cafe trofima,cafe,19.0282957,72.8411776,,Mo-Su 10:00-22:00,pizza,False,,,,
n4724820293,New Airport Restaurant,restaurant,19.1098005,72.8755362,,,,False,,,,
n4736442881,Morii Cafe,cafe,19.0486305,72.825887,,,,False,,,,
n4736444239,Taj Mahal Tea House,cafe,19.0485691,72.8258748,,,,False,,,,
n4753990521,Barista,cafe,19.0293039,72.8379984,,,coffee_shop,False,,,,
n4759553023,Shiv Sagar Hotel,restaurant,19.0981963,72.8461004,,,,False,,,,
n4760409752,Shanghai Restro,restaurant,19.1670377,72.93895,,24/7,italian,False,,,,
n4761353922,The Nutcracker,restaurant,19.1198364,72.9073207,,08:00-00:00,coffee_shop;breakfast,False,,,,
n4815555824,Mannat Lands End (Shah Rukh Khan's Bungalow),attraction,19.0468349,72.8201139,,Mo-Sa 09:00-18:00,,False,,,,
n4815556924,Galaxy (Salman Khan House),attraction,19.0540346,72.8234836,,,,False,,,,
n4821879686,Irani Cafe,cafe,19.0390227,72.8428163,,,,False,,,,
n4846878576,And Chillis,restaurant,19.0388685,72.8422221,,,,False,,,,
n4848782875,Third Wave Coffee Roasters,cafe,19.0409203,72.8461063,,,coffee_shop,False,,,,
n4924405451,Off The Grid,restaurant,19.1404949,72.8333182,,,italian,False,,,,
n4951965621,Hard Rock Cafe,restaurant,19.1360221,72.8355486,,,american,False,,,,
n4970562243,One Point Six,cafe,19.1266104,72.8207329,,,cafe;salad,True,,,,
n4999396520,Holy Cross Chowk,memorial,19.0828641,72.8852568,,,,False,,,,
n5056120381,BEST Museum,museum,19.0466884,72.8777111,,Mo-Su 10:00-21:00,,False,,,,
n5107315433,Civil Café,cafe,19.1326212,72.9164192,,,,False,,,,
n5221682036,Gomantak Boarding House,restaurant,19.0232897,72.8422028,,,,False,,,,
n5221726505,Elco Restaurant,restaurant,19.0558511,72.8331336,,,,False,,,,
n5221726506,Jai Jawan,restaurant,19.0642496,72.8346675,,,,False,,,,
n5235470994,Ice and Spice,restaurant,19.0527402,72.8312867,,,chinese,False,,,,
n5238414919,Basque by Breve,cafe,19.0504596,72.82669,,,,False,,,,
n5246971908,Candies,cafe,19.0495544,72.8298692,,,,False,,,,
n5246971911,Ferry Wharf,restaurant,19.049285,72.8293764,,"Mo-Su 11:00-15:30, 19:00-00:30",seafood,False,,,,
n5257269351,Barista,cafe,19.0475156,72.8200685,,,coffee_shop,False,,,,
n5258342084,Kobe Sizzlers,restaurant,19.0546252,72.8259384,,,sizzler,False,,,,
n5270763675,Jimme's Kitchen,restaurant,19.0540379,72.8306343,,,chinese,False,,,,
n5273194232,Sahibaan,restaurant,19.0592576,72.8294753,,,chinese,False,,,,
n5273498727,Apna dhaba,restaurant,19.1117554,72.871119,,,,False,,,,
n5276935422,Irani Cafe,cafe,19.0964751,72.8744612,,,,False,,,,
n5277163839,New Sunrise Restaurant,restaurant,19.063215,72.824601,,Mo-Su 07:00-23:30,,False,,,,
n5277423229,Yugo Sushi,restaurant,19.0630814,72.8247526,,Tu-Su 12:00-23:00,japanese;sushi;sushi_rolls,False,,,,
n5277435362,Seeds of Life,cafe,19.0631056,72.8249753,,Mo-Su 11:00-23:00,,True,,,,
n5281312529,Blue Tokai Coffee Roasters,cafe,19.0604691,72.8243537,,Mo-Su 09:00-22:00,coffee_shop,False,,,,
n5282101321,Bora Bora,restaurant,19.0979538,72.8271261,,,,False,,,,
n5456840421,The Spice Court,restaurant,19.095671,72.9143464,,,,False,,,,
n5495334229,Sai Darbar,restaurant,19.0498802,72.9261006,,,,False,,,,
n5506320531,Cafe Coffee Day,cafe,19.0646784,72.8608743,,,coffee_shop,False,,,,
n5506320549,Rajwada Thal™,restaurant,19.0655213,72.8616144,,"Mo-Su 11:00-15:30,18:30-23:00",,True,,,,
n5506320779,Kailash Sarovar,restaurant,19.0654768,72.8616466,,,,True,,,,
n5584919105,H1: Canteen,restaurant,19.1362888,72.9142729,,"Mo-Su 13:00-15:00,18:00-03:00",indian;chinese;chicken;ice_cream;coffee_shop,False,,,,
n5664893622,The Bombay Canteen,restaurant,19.0032336,72.8275828,,,,False,,,,
n5878271913,H3 canteen,cafe,19.1363856,72.911287,,,,False,,,,
n5880343480,बुद्ध (गांधार स्कूल),artwork,19.1338216,72.9152685,,,,False,,,,
n5880343485,Dr. B.R. Ambedkar,monument,19.1329444,72.9153056,,,,False,,,,
n5880343486,Chathrapati Shivaji,monument,19.1329722,72.9152778,,,,False,,,,
n5882322886,Sameer Hill,viewpoint,19.140891,72.9181131,,,,False,,,,
n5908533456,Monolithic Bas Relief Depicting Shiva,monument,19.0007564,72.8473887,,,,False,,,,
n5912283057,rehmani,restaurant,19.0647747,72.9223591,,,,False,,,,
n5976402115,Shivaji,memorial,19.0458498,72.9095533,,,,False,,,,
n6003278828,Imbiss Meating Joint,restaurant,19.0538594,72.8297981,,"Tu-Su 11:30-15:00,18:00-23:00",sausage;burger;barbecue,False,,,,
n6041448786,Blue Tokai Coffee,cafe,19.1327716,72.8123769,,,,False,,,,
n6041452295,Chai,cafe,19.1347525,72.8139948,,,,False,,,,
n6045710714,Hotel Krishna,restaurant,19.1188274,72.8739968,,,,False,,,,
n6052834896,cafe's,cafe,19.1610556,72.9445218,,,,False,,,,
n6187655615,Geeta Bhawan,restaurant,19.0607375,72.9003482,,,indian;South_Indian,False,,,,
n6187853587,Kabutar Khana,monument,19.0189055,72.8404523,,,,False,,,,
n6226601604,Jai Bhavani Restaurant,restaurant,19.0945851,72.8981416,,,,False,,,,
n6233043686,PizzaExpress,restaurant,19.1163411,72.9093398,,,pizza,False,,,,
n6233043687,Starbucks,cafe,19.1162145,72.9097617,,,coffee_shop,False,,,,
n6322320328,Cafe Coffee Day,cafe,19.0744165,72.9052818,,,,False,,,,
n6367115268,A Rama Nayak's Shrikrishna Boarding,restaurant,19.0273999,72.850662,,,,False,,,,
n6383339473,Cafe Coffee Day,cafe,19.0214663,72.8568552,,,coffee_shop,False,,,,
n6477903843,Love And Latte,cafe,19.1330191,72.8122035,,,,False,,,,
n6507896887,Starbucks,cafe,19.0047564,72.8260998,,,coffee_shop,False,,,,
n6534519657,Cafe Instaa,cafe,19.0419393,72.8611885,,,,False,,,,
n6580341105,Burn Bar and Kitchen,restaurant,19.0722688,72.8703023,,Mo-Su 11:30-02:30,mexican;italian;chinese;indian,False,,,,
n6721812590,Garde Manger Cafe,cafe,19.1048126,72.8522763,,Mo-Su 10:30-22:30,italian;juice;cafe;burger;sandwich;salad;soup,True,,,,
n6784511247,Powai Lake Viewpoint,viewpoint,19.1298921,72.9103509,,,,False,,,,
n6790531869,Cafe Coffee Day,cafe,19.0020823,72.8144272,,,coffee_shop,False,,,,
n6795446404,Chili's,restaurant,19.1163867,72.9094309,,,tex-mex,False,,,,
n6801919208,Anna Juice Centre,cafe,19.1275148,72.9192427,,,,False,,,,
n6801919210,Tiwari Tea Stall,cafe,19.1275446,72.9192498,,,,False,,,,
n6802082688,China Valley,restaurant,19.118035,72.9065575,,,chinese,False,,,,
n6802082689,Utsav Restaurant,restaurant,19.1183331,72.9063902,,,,False,,,,
n6804290537,Maddu Mess,restaurant,19.1272826,72.9191817,,,,False,,,,
n6804290542,A one juice,cafe,19.1273764,72.9192072,,,,False,,,,
n6805301587,Aromas,restaurant,19.116857,72.9098143,,Mo-Su 09:00-21:00,coffee_shop;sandwich;fish_and_chips;burger;pasta;mediterranean;lebanese;chinese;cake;brunch;italian,True,,,,
n6810831552,Sigree Global Grill,restaurant,19.1164632,72.9094298,,,italian;asian;grill;bistro;chinese;regional;fries,False,,,,
n6810831553,Suzette Cafe,cafe,19.1170593,72.9095683,,,,False,,,,
n6810831555,Parabola Restaurant,restaurant,19.1185114,72.9116437,,Mo-Su 07:00-23:30,,False,,,,
n6810831563,Little Punjab Restaurant,restaurant,19.1192914,72.9115669,,,,False,,,,
n6810831565,Charpai - The Flavour,restaurant,19.1194409,72.9114646,,,,False,,,,
n6810831567,Juicy Stuff,restaurant,19.1193864,72.9113547,,,,False,,,,
n6810831568,China House,restaurant,19.1193569,72.911298,,,,False,,,,
n6810831570,Dum Matka,restaurant,19.1193249,72.9113651,,,,False,,,,
n6810831571,China Chilli,restaurant,19.1193544,72.9114127,,,,False,,,,
n6810831572,Hanglas - The Taste of Kolkata,restaurant,19.1193782,72.9114613,,,,False,,,,
n6810831573,Asian Wok,restaurant,19.1194007,72.9114985,,,,False,,,,
n6813467113,Bandra Fort Gate,attraction,19.042924,72.8185972,,,,False,,,,
n6881057802,Manas Serological Institute Blood Bank,park,19.1352022,72.8481451,,24/7,,False,,,,
n6908315507,Eden Goodness Cafe,cafe,19.1489182,72.8322127,,,,False,,,,
n6960777256,Candies,cafe,19.0609825,72.8268992,,,,False,,,,
n6985454769,Sharda Bhavan,restaurant,19.0266841,72.8508606,,Mo-Tu 07:30-20:30; Th-Su 07:30-20:30,indian,False,,,,
n7047840108,KCROASTERS - By Koinonia,cafe,19.0731837,72.8263765,,Mo-Su 08:00-21:30,,False,,,,
n7058058366,Delhi Highway,restaurant,19.0005438,72.8296269,,Mo-Su 11:30-23:30,indian,False,,,,
n7072544641,Lotus Multispeciality Hospital,park,19.1531186,72.9411305,,,,False,,,,
n7132511485,Cafe Gulshan,restaurant,19.0258324,72.8503463,,,persian,False,,,,
n7132511486,Snow Point,restaurant,19.0257457,72.8503732,,,,False,,,,
n7142975161,The Lab,restaurant,19.0160828,72.8281577,,Mo-Su 11:30-23:30,pizza;italian;chinese;mexican;indian;thai;dessert,True,,,,
n7160197819,Urban Tadka,restaurant,19.1344047,72.8261679,,,north_indian,False,,,,
n7162138709,Silver Beach Cafe,cafe,19.1365431,72.8288816,,,,False,,,,
n7162138710,Chai Pe Charcha,cafe,19.1367205,72.8287521,,,tea,False,,,,
n7202827018,Cafe Coffee Day,cafe,19.0790665,72.9057221,,Mo-Su 09:00-21:00,coffee_shop,False,,,,
n7229657887,Firki,restaurant,18.9950055,72.826055,,"Mo-Su 12:00-15:30,18:30-23:30",indian,True,,,,
n7229657888,Riso,restaurant,18.9947003,72.8258629,,Mo-Su 12:00-23:30,italian;mexican;pizza;italian_pizza,True,,,,
n7283106715,Shiv Sagar,restaurant,19.0987991,72.8278271,,,,False,,,,
n7320270187,Starbucks,cafe,19.0598107,72.8323078,,,coffee_shop,False,,,,
n7320270199,Starbucks,cafe,19.0655751,72.8332064,,,coffee_shop,False,,,,
n7425718027,Tim Hortons,cafe,19.147313,72.8229751,,,,False,,,,
n7426184232,Lebanese Point,restaurant,19.1411463,72.8248928,,,lebanese,False,,,,
n7426184239,Breadkraft,restaurant,19.1426922,72.8246504,,,,False,,,,
n7426184252,Bistro 1,cafe,19.1367233,72.8289402,,,,False,,,,
n7439524969,Starbucks,cafe,19.1473483,72.8235287,,,coffee_shop,False,,,,
n7765444816,Rama Krishna,restaurant,19.1616182,72.945009,,,indian,False,,,,
n7959517664,NBH Canteen,restaurant,19.0346447,72.9253319,,"PH,Su-Fr 07:00-22:00",,False,,,,
n8036002541,Odeon Garden,park,19.0807327,72.9107148,,"Mo-Su 06:30-11:30,16:00-23:00",,False,,,,
n8202732141,Kalina University Campus Park,park,19.080562,72.8614154,,Mo-Sa 08:00-18:00,,False,,,,
n8305227226,Gurukripa,restaurant,19.042935,72.8618466,,,indian,False,,,,
n8451839399,Chaayos,cafe,19.0593648,72.8294628,,07:00-23:00,tea,False,,,,
n8451877923,monica momos,cafe,19.1168543,72.8826702,,24/7,chicken,False,,,,
n8727348894,Shawarma's & More,restaurant,19.0770035,72.8659697,,,arab,False,,,,
n8938995268,Giri pushpa Park,park,19.1757507,72.8534476,,,,False,,,,
n8985928233,Hotel shraddha,restaurant,19.0455368,72.8647741,,,,False,,,,
n9019764217,India Bistro,restaurant,19.0460434,72.9148183,,,chinese;fine_dining;indian,False,,,,
n9019764218,Shai Cafe and Bar,restaurant,19.0455769,72.9032091,,,pizza;italian;indian;continental,False,,,,
n9019764317,China Bistro,restaurant,19.0463004,72.9148868,,,chinese;fine_dining,False,,,,
n9023275590,Hotel Classic,restaurant,19.1207849,72.8493033,,,,False,,,,
n9023291547,Ratnagiri Restaurant And Bar,restaurant,19.1206205,72.8487506,,,,False,,,,
n9023297642,Krishna Lunch Home And Bar,restaurant,19.1206806,72.8486692,,,,False,,,,
n9024157417,Sadguru Veg Diet,restaurant,19.0456916,72.9020342,,,indian,False,,,,
n9027183278,Ruby Isle Garden,park,19.1526461,72.8862794,,Mo-Su 09:00-21:00,,False,,,,
n9065988146,Minks Sayaji,restaurant,19.1110775,72.8787758,,,indian,False,,,,
n9080857996,Cafe Pefe,cafe,19.14119,72.8273496,,Mo-Su 11:00-23:00,coffee_shop;international,False,,,,
n9124310961,Pandora's Box,restaurant,19.1288601,72.816203,,,,False,,,,
n9128712392,Hotel Popular,restaurant,19.0821099,72.9099078,,,regional;punjabi;south_indian;sandwich,False,,,,
n9129210434,Gurukrupa Restaurant,restaurant,19.079705,72.9061157,,,,False,,,,
n9129210435,Achija Restaurant,restaurant,19.0801689,72.9054558,,,,False,,,,
n9130241611,The Flying Saucer,restaurant,19.1393769,72.8320582,,,,False,,,,
n9132742307,Nagori Irani Chai,cafe,19.1439765,72.8315222,,,,False,,,,
n9132742310,Baba Ka Dhaba,restaurant,19.1440644,72.8315177,,,indian,True,,,,
n9132764340,M Town Cafe,cafe,19.1429429,72.831573,,,,False,,,,
n9134871901,PizzaExpress,restaurant,19.1320723,72.8347455,,,pizza,False,,,,
n9134910289,Ab coffee,cafe,19.1323204,72.8124121,,,,False,,,,
n9137843245,Coffee by Di Bella,cafe,19.115724,72.8339422,,,,False,,,,
n9139716424,Chai Gaadi,cafe,19.141208,72.8197968,,,,False,,,,
n9333636644,Cafe Waah Maratha,cafe,19.0144176,72.8257335,,Th-Wed 00:00-12:00,,False,,,,
n9333655068,Starbucks,cafe,19.0126947,72.8236034,,Mo-Su 09:00-21:00,coffee_shop,False,,,,
n9343397109,Mega restaraunt,restaurant,19.1244909,72.9368751,,Mo-Fr 09:00-17:00,chinese,True,,,,
n9359808172,Amar Fast Food And Juice Center,restaurant,19.1070411,72.86426,,Mo-Su 10:00-24:00,pizza;burger;sandwich;chicken;kebab,True,,,,
n9505205402,cafe cafe,cafe,19.1451886,72.8232992,,24/7,coffee_shop,False,,,,
n9509595437,The Dream Cafe,cafe,19.1031255,72.8495896,,Mo-Sa 09:00-20:00,coffee_shop,False,,,,
n9510034192,B.R. Ambedkar park,park,19.1651808,72.847179,,Mo-Su 09:00-21:00,,False,,,,
n9543574917,Sunder Nagar Garden,park,19.0773625,72.8661478,,2hrs,,False,,,,
n9545568397,VIG Refreshment,cafe,19.045515,72.8947806,,,,False,,,,
n9546552610,Cafe Aloha,cafe,19.1347866,72.8653141,,Mo-Su 09:00-21:00,pizza;coffee_shop;sandwich,False,,,,
n9548741506,Cafe Coffee Day,cafe,19.1344965,72.8655232,,Mo-Su 09:00-21:00,coffee_shop,False,,,,
n9715914017,Radha Krishna,restaurant,19.027895,72.8549919,,,indian;chinese;italian;mexican;pizza,False,,,,
n9828587930,Karim’s,restaurant,19.136663,72.8282452,,,Mughlai,False,,,,
n9879398059,Banana Leaf,restaurant,19.0041456,72.827484,,Mo-Su 10:30-23:00,indian,True,,,,
n9935357958,Greenbox Caffe,cafe,19.0685728,72.8353475,,,indian,False,,,,
n9935560217,कॅफे '९२,restaurant,19.1320704,72.9158969,,,,False,,,,
n10036691170,Worli Fort,fort,19.0237565,72.8168396,,,,False,,,,
n10102996131,Frere Temple,monument,18.979434,72.8382815,,,,False,,,,
n10108039535,Kala Ghoda,monument,18.9787476,72.8352916,,,,False,,,,
n10214630217,Chakra,restaurant,19.1037431,72.8861241,,,indian,False,,,,
n10218172785,Delhi Darbar,restaurant,19.1356062,72.8476525,,Mo-Su 09:00-21:00,kebab;indian;asian,False,,,,
n10221860821,Banana Leaf,restaurant,19.0853517,72.8298349,,,indian,False,,,,
n10242737041,Marrakesh,restaurant,19.0511682,72.8276033,,,lebanese;chinese;mughlai;indian,False,,,,
n10259441805,vidhi',cafe,19.0609693,72.8266539,,Mo-Su 11:00-23:00,italian;coffee_shop;mexican,False,,,,
n10268915662,rajaram garden,park,19.1358725,72.8560273,,,,False,,,,
n10552506472,Archdiocesan Heritage Museum,museum,19.1681335,72.8572673,,,,False,,,,
n10567965615,Starbucks,cafe,19.172676,72.860395,,Mo-Su 09:00-23:00,coffee_shop,False,,,,
n10576000695,chaibucks,restaurant,19.1030515,72.8368546,,Mo-Su 10:00-22:00,coffee_shop;burger,True,,,,
n10576014985,Shiv vada pav,restaurant,19.1248188,72.8684932,,Mo-Su 09:00-21:00,indian,True,,,,
n10606382944,My space,cafe,19.1595366,72.9367762,,10:00-22:00,multi,False,,,,
n10606387345,chai apni,cafe,19.1609999,72.9442455,,09:00-12:00,chai_coffee_milk,False,,,,
n10608367505,Cache The Arts And Crafts Gallery,gallery,19.059634,72.8343142,,,,False,,,,
n10678500279,Yoko Sizzlers,restaurant,19.0562679,72.83473,,,,False,,,,
n10688895851,Dadar Lucky Restaurant,restaurant,19.0184204,72.8355487,,Mo-Su 10:00-22:00,indian,True,,,,
n10694358136,Greenr Cafe,cafe,19.0636814,72.8293629,,,,True,,,,
n10711590193,Malwani Kalwan,restaurant,19.1287388,72.8165433,,,Konkani,False,,,,
n10716124263,Mandi House Cafe,cafe,19.1337652,72.811602,,,indian,False,,,,
n10751368615,The Backyard Brew,cafe,19.1410045,72.8128994,,,,False,,,,
n10764228112,Stomach Again,restaurant,19.132723,72.8124256,,,chinese,False,,,,
n10771263378,Vaishali Family Restaurant & Bar,restaurant,19.0971989,72.8833512,,,,False,,,,
n10779234830,The Art House,gallery,19.0652259,72.8668857,,,,False,,,,
n10779234835,Indian Accent,restaurant,19.0643615,72.8662339,,,regional,False,,,,
n10779234846,CinCin,restaurant,19.0608947,72.863034,,,pizza,False,,,,
n10779234847,Yauatcha,restaurant,19.0609644,72.8628825,,,chinese,False,,,,
n10779234848,Nara Thai,restaurant,19.0609555,72.8627457,,,thai,False,,,,
n10779234885,Hitchki,restaurant,19.0695355,72.869828,,,,False,,,,
n10779234895,Kyma,restaurant,19.0603737,72.8653675,,,,False,,,,
n10779234896,Sequel,restaurant,19.0603661,72.8651664,,,,False,,,,
n10779234897,Chaayos,cafe,19.060721,72.8646836,,,tea,False,,,,
n10779234898,Starbucks,cafe,19.0609137,72.8646702,,,coffee_shop,False,,,,
n10779234899,Amazonia,restaurant,19.0593672,72.8650108,,,,False,,,,
n10779234901,Butterfly High,restaurant,19.0592821,72.8650856,,,indian,False,,,,
n10779234902,O Pedro,restaurant,19.059327,72.8650376,,,regional,False,,,,
n10779234903,Origami Japanese & Korean Restaurant,restaurant,19.0611165,72.868149,,,asian,False,,,,
n10781543267,Lucky,restaurant,19.0538947,72.8377074,,,,False,,,,
n10796770993,Chandak Stella,restaurant,19.1715861,72.8444844,,,,False,,,,
n10828322350,Shivsagar,restaurant,19.1000164,72.8739181,,,,False,,,,
n10925550784,Pop Tate's,restaurant,19.141462,72.8336248,,,,False,,,,
n10983339174,Chai Tapri,cafe,19.1326957,72.8124382,,,,False,,,,
n11020609295,North East Kitchen,restaurant,19.128779,72.8163637,,,,False,,,,
n11020617145,The Barmecha House,cafe,19.1384707,72.8138657,,,,False,,,,
n11020617146,Leaping Windows,cafe,19.1387675,72.8134014,,,,False,,,,
n11022219695,Nature Education Centre,museum,19.0524841,72.8626505,,,,False,,,,
n11032085797,Riwayat,restaurant,19.1348316,72.8137758,,,indian,False,,,,
n11054957005,Cecconi’s,restaurant,19.0904176,72.8270788,,,italian,False,,,,
n11069678659,Cafeccino,cafe,19.0917053,72.8567979,,,,False,,,,
n11069702458,Amey,restaurant,19.057386,72.8475215,,,,False,,,,
n11069702459,Belvedere,restaurant,19.0573721,72.8479721,,,indian;chinese,False,,,,
n11069702460,Cafe Terrace at Night,cafe,19.057476,72.8481424,,,sandwich;pizza;coffee_shop;burger,False,,,,
n11081366727,Naga Belly,restaurant,19.1297396,72.8247736,,"Mo-Su 12:00-16:00,18:30-23:00",indian;naga,True,,,,
n11098485521,Pot Pourri,restaurant,19.0453834,72.9029559,,,,False,,,,
n11176138118,sbi,park,19.107091,72.8639396,,,,False,,,,
n11182699703,nana nani park,park,19.1067556,72.8639564,,,,False,,,,
n11182699704,amar juice center,restaurant,19.1067492,72.8635393,,,coffee_shop,True,,,,
n11207580746,Costa,cafe,19.0952705,72.8764398,,,coffee_shop,False,,,,
n11217394319,Ratna Park,restaurant,19.1081471,72.8585061,,,,False,,,,
n11217402650,bialbazzar,park,19.0924542,72.8831198,,Mo-Fr 09:00-18:00,,False,,,,
n11257204477,POPULAR CAFE,cafe,19.0821532,72.9099141,,Tu-Sa 10:00-19:00,indian,False,,,,
n11276749958,Subko Speciality Coffee Roasters and Bakehouse,cafe,19.0531651,72.8300804,,,,False,,,,
n11277065879,My Little Tea Pot,cafe,19.0825059,72.8574319,,Mo-Su 09:00-21:00,,False,,,,
n11283018639,Lucky Restaurant,restaurant,19.0517597,72.9010567,,,,False,,,,
n11283018659,Koolar & Co,restaurant,19.0260654,72.8550383,,,,False,,,,
n11294890306,Paramount Restaurant,restaurant,19.0387603,72.8417951,,,,False,,,,
n11295364150,Cafe Coffee Day Express,cafe,19.0563701,72.8896149,,,,False,,,,
n11296361368,Woodside Inn,restaurant,19.062542,72.8293871,,,,False,,,,
n11296371081,Bombay Taco Company,restaurant,19.0603008,72.8311614,,,tex-mex,False,,,,
n11296371107,The Coconut Boy,restaurant,19.0615782,72.830578,,,,False,,,,
n11296371108,Joseph's Tandoori Chicken,restaurant,19.0616818,72.8302955,,,indian,False,,,,
n11296371112,Kitchen Garden by Suzette,restaurant,19.0616694,72.8293209,,,,False,,,,
n11296371115,Javaphile,cafe,19.0616434,72.8288715,,,coffee_shop,False,,,,
n11296371116,Project Hum,restaurant,19.061648,72.8289363,,,,False,,,,
n11296371126,Hakkasan,restaurant,19.0606199,72.8345481,,,chinese,False,,,,
n11296371127,Arbab,restaurant,19.0598873,72.834083,,,lebanese,False,,,,
n11296371135,Miya Kebabs,restaurant,19.0624232,72.8308606,,,,False,,,,
n11296371136,Cafe Bandra,cafe,19.0624117,72.831025,,,,False,,,,
n11298556969,Boojee Café,cafe,19.0606201,72.8244865,,,,False,,,,
n11298617848,Janata Bar and Restaurant,restaurant,19.0631037,72.8294198,,,,False,,,,
n11298617853,Jhelum,restaurant,19.0629997,72.8294247,,,,False,,,,
n11298617868,Ritual Daily Coffee,cafe,19.0650907,72.8296379,,,,False,,,,
n11298645299,Sequel,restaurant,19.0654365,72.8305902,,,,False,,,,
n11298645321,Pizza Hut,restaurant,19.0655856,72.8327487,,,pizza,False,,,,
n11298645329,Tim Hortons,cafe,19.0653558,72.832398,,,coffee_shop,False,,,,
n11298645405,Los Cavos,restaurant,19.0664847,72.8333221,,,tex-mex;latin_american,False,,,,
n11301585072,Veronica‘s,cafe,19.0540462,72.8268024,,Mo-Su 08:00-23:00,,False,,,,
n11339568160,Dimsum Wu,restaurant,19.0514716,72.8283149,,,chinese,False,,,,
n11341347607,Modern Aaji,restaurant,19.1300624,72.8178585,,"10:30-15:30,19:30-24:00",Maharashtrian,False,,,,
n11348865438,Aharveda,restaurant,19.1147115,72.84361,,Mo-Su 11:00-15:30,,False,,,,
n11348917628,The Bodhi Cafe,restaurant,19.104092,72.8525816,,Mo-Su 09:15-13:30,pasta;pizza;sandwich;soup,False,,,,
n11364271006,Sai Sagar,restaurant,19.054425,72.8375299,,,,True,,,,
n11364283705,Meraki,restaurant,19.0540834,72.8306392,,,chinese,False,,,,
n11364283716,Bombay Coffee House,cafe,19.063364,72.8346934,,,coffee_shop,False,,,,
n11364283731,Sheetal Bukhara,restaurant,19.0679012,72.8340037,,Mo-Su 11:30-01:30,chinese;indian,False,,,,
n11365091490,Chaayos,cafe,19.0508548,72.8272673,,,tea,False,,,,
n11365091494,Method Contemporary Art & Treats,cafe,19.050519,72.8267783,,,,False,,,,
n11372185903,Little Italy,restaurant,19.0896644,72.8276046,,,,False,,,,
n11372185915,China Gate,restaurant,19.0979816,72.8269836,,,chinese,False,,,,
n11372185924,Chaayos,cafe,19.0988699,72.827813,,,tea,False,,,,
n11372185930,The Belgian Waffle Co.,cafe,19.0991938,72.8277678,,,,False,,,,
n11372185940,Copper Chimney,restaurant,19.1009916,72.8274055,,,indian,False,,,,
n11372185966,The Class Thali,restaurant,19.1026933,72.8270756,,,indian,True,,,,
n11372229080,Hit n Run,restaurant,19.1032478,72.8270016,,,lebanese,False,,,,
n11375956207,Starbucks,cafe,18.9946569,72.8236713,,,coffee_shop,False,,,,
n11383288454,Oasis Restaurant & Bar,restaurant,19.1150922,72.8427403,,,,False,,,,
n11383288463,Orange City Saoji,restaurant,19.116209,72.8292168,,,indian,False,,,,
n11383288464,Cafe Coffee Day,cafe,19.1144966,72.8273784,,,coffee_shop,False,,,,
n11383288492,Tanatan,restaurant,19.1092531,72.825488,,,,False,,,,
n11384605318,DP's Spice,restaurant,19.0601618,72.8437179,,,chinese,False,,,,
n11385106146,Jaihind Lunch Home,restaurant,19.0629944,72.8292602,,"Mo 11:30-16:00,19:30-00:00; We-Su 11:30-16:00,19:30-00:00",seafood,False,,,,
n11385736905,Jamie Oliver,restaurant,19.1091272,72.8534556,,,,False,,,,
n11389401162,chanai park,park,19.1216305,72.8509955,,,,False,,,,
n11400928627,Cat Café Studio,cafe,19.1304992,72.8162025,,Tu-Su 12:00-20:00,,False,,,,
n11400932418,Starbucks,cafe,19.1077781,72.8825395,,,coffee_shop,False,,,,
n11400932419,Hybrid Theory,cafe,19.1078563,72.8825816,,,,False,,,,
n11422979822,Bombay to Barcelona Cafe,cafe,19.1095946,72.8813845,,Tu-Su 10:00-23:00,spanish,False,,,,
n11426725354,Love and Latte,cafe,19.1112723,72.8267434,,,,False,,,,
n11426727397,Pritam Da Dhaba,restaurant,19.0913756,72.8278114,,,,False,,,,
n11426734333,Punjab da Chulah,restaurant,19.1113189,72.8267365,,,,False,,,,
n11426734643,Grandmama's Cafe,restaurant,19.0913972,72.8277925,,,,False,,,,
n11426738528,Yeda Republic,restaurant,19.1092999,72.8254856,,,,False,,,,
n11426738573,R-Adda,restaurant,19.1090188,72.825643,,,,False,,,,
n11428959001,Make My Day,cafe,19.1611374,72.94423,,Mo-Su 10:00-22:00,coffee_shop;international,False,,,,
n11430420743,Shivaji Park,park,19.0267688,72.8366692,,Mo-Sa 08:00-18:00,,False,,,,
n11430476639,svp garden,park,19.1340372,72.8261182,,Mo-Su 09:00-21:00,,False,,,,
n11430506423,silverbeach,cafe,19.0766017,72.9024205,,24/7,german,False,,,,
n11432071328,Nityanand Family Restaurant,restaurant,19.0805224,72.8897014,,,,False,,,,
n11432696946,My Little Tea Pot,cafe,19.0794928,72.8668387,,,,False,,,,
n11445747451,Asia Kitchen,restaurant,19.1047449,72.8864514,,,,False,,,,
n11445779711,Al-baik.com,restaurant,19.0922998,72.8827211,,,,False,,,,
n11445781265,Chimichurri,restaurant,19.1076776,72.8833001,,,,False,,,,
n11449425962,Apna Hotel,restaurant,19.0504142,72.8650434,,,,False,,,,
n11449425963,Peninsula Veg,restaurant,19.0427526,72.8644885,,Mo-Su 10:00-22:00,,False,,,,
n11449425964,Hanuman Veg Restaurant,restaurant,19.0419569,72.8641543,,Mo-Su 09:30-23:30,,False,,,,
n11449429775,Rehmat multi cuisine restaurant,restaurant,19.0387731,72.8509166,,,,False,,,,
n11449434866,Mercy Hotel,restaurant,19.0417268,72.85786,,,,False,,,,
n11449438344,Sangam Hotel,restaurant,19.0481833,72.863567,,,,False,,,,
n11451543495,Hotel Sitaram,restaurant,19.0831187,72.8851007,,,,False,,,,
n11451935139,Adarsha Family Restaurant,restaurant,19.0199692,72.8419124,,,,False,,,,
n11451942459,Starbucks,cafe,19.0252105,72.8359486,,,coffee_shop,False,,,,
n11451942460,Tamnak Thai,restaurant,19.0252725,72.8354777,,,,False,,,,
n11451948925,Istanbul Darbar,restaurant,19.0790685,72.8799913,,Mo-Su 08:00-23:00,,False,,,,
n11451948926,Veer Baji Prabhu Udyan,park,19.0266339,72.83538,,,,False,,,,
n11451984338,Made over donuts,restaurant,19.0253693,72.8397943,,,,False,,,,
n11451989747,Green restaurant and bar,restaurant,19.0254993,72.8354998,,,,False,,,,
n11452002809,PizzaExpress,restaurant,19.0692375,72.8694557,,,pizza,False,,,,
n11452005242,Pizza Hut,restaurant,19.0251733,72.8415058,,,pizza,False,,,,
n11452008048,SHAHI Dessert and Fast Food Juice,restaurant,19.0824643,72.8822461,,,,False,,,,
n11452009154,Costa,cafe,19.0853217,72.8876582,,,coffee_shop,False,,,,
n11452014432,Karizma Dhaba,restaurant,19.0770406,72.8780007,,,,False,,,,
n11452014932,Costa,cafe,19.0256439,72.835739,,,coffee_shop,False,,,,
n11452014933,Rajarajeswari Bhuvan Veg Delight,restaurant,19.0256904,72.8356382,,,,False,,,,
n11452017570,Sunlight Restaurant,restaurant,19.0816717,72.8817638,,,,False,,,,
n11464621028,Persian Darbar,restaurant,19.1076768,72.8833929,,,indian;chinese,False,,,,
n11464716224,Hanuman Hotel,restaurant,19.0807466,72.8961211,,,,False,,,,
n11464728721,Lark pure Veg Restaurant,restaurant,19.0799492,72.8956772,,,,False,,,,
n11464734826,Hrezzo Restaurant,restaurant,19.0821531,72.8953863,,,,False,,,,
n11465355918,cafe coffee,cafe,19.1343491,72.8139673,,24/7,coffee_shop;indian;chinese,False,,,,
n11482202270,Coffee by Di Bella,cafe,19.0705444,72.8226323,,,,False,,,,
n11482202271,Carter Road Social,restaurant,19.0705997,72.822656,,,,False,,,,
n11482202276,Mongoose The Bubble Bar,cafe,19.070678,72.8227903,,,bubble_tea,False,,,,
n11482202277,The House Of Massimo,restaurant,19.0707048,72.8228962,,,pizza,False,,,,
n11482202290,Dr. B. R. Ambedkar Statue,memorial,19.0703139,72.8285653,,,,False,,,,
n11483543858,Border Bean Barbecue,restaurant,19.0489652,72.8287928,,,,False,,,,
n11483543859,QJ (Quarter Junction) Bar and Restaurant,restaurant,19.0489366,72.8287341,,,,False,,,,
n11483543860,Breve Cycling Cafe,cafe,19.0505565,72.8265298,,,,False,,,,
n11506435036,Black Bull Cafe (BBC Bar & Restaurant),restaurant,19.1085583,72.8572649,,,,False,,,,
n11518380934,Sesame - Hyatt Centric Juhu,restaurant,19.0917013,72.8280071,,Mo-Su 07:00-23:30,pan_asian;japanese,False,,,,
n11551635212,The Cram Bar,restaurant,19.0955218,72.8761889,,,,False,,,,
n11580475271,gandi park,park,19.0976969,72.8874556,,,,False,,,,
n11581535149,Maharaja Cafe,restaurant,18.9788845,72.8337008,,,,False,,,,
n11587655947,Mani's,restaurant,19.061043,72.8985203,,Tu-Su 07:30-22:00,south_indian,False,,,,
n11587668954,My Little Tea Pot,cafe,19.0781157,72.8671645,,Mo-Su 09:00-21:00,coffee_shop,False,,,,
n11609368066,Third Wave Coffee,cafe,19.1059439,72.8260163,,,,False,,,,
n11617192265,sharma park,park,19.1245536,72.9185448,,,,False,,,,
n11617857998,Starbucks,cafe,19.1185484,72.911426,,Mo-Su 09:00-21:00,coffee_shop,False,,,,
n11671956965,The Library Cafe,cafe,19.0707397,72.8224281,,,,False,,,,
n11697760314,Powai Vatika,attraction,19.1229152,72.9069326,,,,False,,,,
n11698035536,Powai Vihar Park,park,19.1171079,72.9029746,,,,False,,,,
n11698050929,Elder's Park,park,19.1136539,72.8965205,,,,False,,,,
n11698053163,Nirvana Park,park,19.122422,72.9118156,,,,False,,,,
n11698053164,Calisthenics Park,park,19.1225738,72.9115582,,,,False,,,,
n11716428215,Kailash Park,park,19.0383568,72.9192072,,,,False,,,,
n11716428219,Mandakini parks,park,19.0393065,72.9184068,,,,False,,,,
n11747921952,Bar Tales,restaurant,19.1604091,72.9459215,,,,False,,,,
n11841594228,Golden Gate Restaurant,restaurant,19.0423353,72.9334626,,,,False,,,,
n11844937157,Nxt Level All Day Chembur,restaurant,19.0466766,72.9069856,,,,False,,,,
n11846246267,DORANGOS (Instagram:-dorangos_comedy_events) Best Entertainment Mumbai,cafe,19.0611919,72.826748,,Mo-Su 09:00-21:00,,False,,,,
n11901183801,Starbucks,cafe,19.0756716,72.8317315,,,coffee_shop,False,,,,
n11915121006,Pathanwadi Muncipal Park,park,19.1777161,72.8632299,,,,False,,,,
n11915129391,Royal Challenge Restaurant,restaurant,19.1742788,72.8634134,,,,False,,,,
n12028951855,Zima,restaurant,19.0637688,72.8365002,,Mo-Su 07:00-24:00,,False,,,,
n12075203455,Starbucks,cafe,19.095253,72.8731217,,,coffee_shop,False,,,,
n12126380632,Love in Langos,restaurant,19.0496371,72.8300463,,,,True,,,,
n12126380637,Maaji's Foods,restaurant,19.0531004,72.8319027,,,,False,,,,
n12133192541,"Apratim, Near Boomerang Building Gate No. 1",restaurant,19.1141563,72.8923659,,,indian,True,,,,
n12184157097,Masque,restaurant,18.989838,72.8256815,,,,False,,,,
n12185901900,Hotel Udupi Ramdas,cafe,19.0262619,72.8433708,,Mo-Su 06:30-21:00,south_indian_cuisine,False,,,,
n12192784768,Tiger Yaki,restaurant,19.061944,72.8244934,,,,False,,,,
n12192784798,Abokado,cafe,19.0629065,72.8246987,,,japanese,False,,,,
n12192784843,Shree Sagar Veg Restaurant,restaurant,19.0624039,72.8305854,,,,False,,,,
n12222194219,sa,cafe,19.1772225,72.8793696,,,,False,,,,
n12289961582,Nagori Chai Adda,cafe,19.1455968,72.8454563,,,,False,,,,
n12290031488,Nahori Chaya Katta,cafe,19.1460287,72.845383,,,coffee_shop,False,,,,
n12290032649,Miya & Banos Cafe,cafe,19.1462213,72.8471677,,,,False,,,,
n12290145012,Tashkend Cafe,cafe,19.1447133,72.8428353,,,,False,,,,
n12306442151,House Of Misal,restaurant,19.0223451,72.8424101,,,,False,,,,
n12307248579,Mumbai Metro Photo Gallery,gallery,19.0603027,72.8549071,,,,False,,,,
n12307927827,Retroz The Cafe,cafe,19.0515022,72.8283281,,,,False,,,,
n12307927828,The South Spice,restaurant,19.052066,72.8284465,,,,False,,,,
n12307927829,Mokai,cafe,19.052411,72.8284969,,Mo-Su 09:00-21:00,japanese,False,,,,
n12307927830,The Nutcracker,cafe,19.05012,72.8264557,,,,False,,,,
n12308967217,Pizza Hut,restaurant,19.1304368,72.8476691,,,pizza,False,,,,
n12312152034,Bharat Cafe,restaurant,19.0856764,72.9074165,,Mo-Su 10:00-22:00,coffee_shop;pizza;sandwich;western,True,,,,
n12327324799,Triospice Restaurant (Roof Top),restaurant,19.0852202,72.9090456,,Mo-Su 12:00-02:00,indian;mexican;italian;jain,True,,,,
n12334116804,Izumi,restaurant,19.0643147,72.8329755,,,japanese,False,,,,
n12334116824,5 Spice,restaurant,19.0680108,72.8323909,,,chinese,False,,,,
n12334116825,Jai Jawan,restaurant,19.0680214,72.8323561,,,indian,False,,,,
n12337394175,Poetry by Love and Cheesecake,cafe,19.0627784,72.8328315,,,,False,,,,
n12346531476,Easy Boba,cafe,19.056272,72.8342539,,,bubble_tea,False,,,,
n12353989426,Earth Cafe,cafe,19.0590914,72.8339725,,Mo-Su 08:00-23:00,,False,,,,
n12387804302,Meghdoot Restaurant & Bar,restaurant,19.087103,72.9087019,,,indian,False,,,,
n12394169110,Indian School of Calisthenics Park,park,19.1451735,72.8624328,,"06:00 am- 10:00 am, 05:00 pm -10:00 pm (Monday to Saturday)",,False,,,,
n12395671885,Shot Stories,restaurant,19.1348644,72.8327535,,,,False,,,,
n12395684150,Cream Centre,restaurant,19.1348178,72.8327917,,,chinese;north_indian;italian;mexican,False,,,,
n12395684160,Starbucks,cafe,19.135472,72.8333852,,,coffee_shop,False,,,,
n12395684166,Era,restaurant,19.1362869,72.8333984,,,,False,,,,
n12395684205,Si Nonna's,restaurant,19.1348075,72.8329394,,,pizza,False,,,,
n12408773235,Fries.com,cafe,19.0801058,72.8538114,,Mo-Su 09:00-21:00,burger;american,False,,,,
n12415386368,Cafe Gulshan,cafe,19.0750493,72.8421734,,Mo-Su 09:00-20:00,coffee_shop;irani,False,,,,
n12415413124,Greens Cafe,cafe,19.1640544,72.8468442,,,pizza;chinese,False,,,,
n12415461271,NSm park,park,19.0748427,72.8429839,,Mo-Sa 08:00-18:00,,False,,,,
n12468278101,Milagro Mumbai,restaurant,19.0138781,72.8245896,,"Mo-Tu, Th 19:00-01:30; Fr-Su 12:00-16:00, 07:00-01:30",fine_dining;mediterranean,False,,,,
n12473206401,Slink & Bardot,restaurant,19.0169864,72.8175515,,Tu-Su 18:30-01:30,international,False,,,,
n12531357692,mani's,restaurant,19.0227431,72.8494997,,,indian,False,,,,
n12532025756,swanandi,cafe,19.1425175,72.9397819,,Mo-Su 09:00-21:00,pizza;burger;chinese;ice_cream,False,,,,
n12536371673,radha krushma,cafe,19.0807897,72.8426176,,Mo-Su 08:00-21:00,coffee_shop;indian,False,,,,
n12536403663,gulshan cafe,cafe,19.0739809,72.8431413,,Mo-Su 10:00-22:00,coffee_shop,False,,,,
n12536558507,jogeshwari park,park,19.1349659,72.8474338,,,,False,,,,
n12536558508,jogeshwari park,park,19.1342706,72.8480475,,,,False,,,,
n12538079008,manis cafe,cafe,19.0257013,72.8393226,,Mo-Su 10:00-20:00,south_indian,False,,,,
n12549457573,Taftoon,restaurant,19.1206633,72.9093772,,,indian,False,,,,
n12551444380,Meluha The Fern,restaurant,19.11783,72.9109596,5.0,,,False,,,,
n12558331702,sasuri aden park,park,19.0607059,72.8723615,,Mo-Fr 09:00-17:00,,False,,,,
n12594199242,Eve Cafe,cafe,19.1235827,72.9130941,,,,False,,,,
n12594220154,Eve's Cafe,cafe,19.1234697,72.9124892,,,,False,,,,
n12600517531,Chinar Bar and Restaurant,restaurant,19.0607493,72.8500616,,,,False,,,,
n12600594522,Surya Resto Bar,restaurant,19.1089492,72.8542005,,,,False,,,,
n12607265149,Kuku Kiri,restaurant,19.1335462,72.8114258,,,South East Asian,False,,,,
n12607283683,Project Hum,cafe,19.1325632,72.8125582,,,,False,,,,
n12607283685,Sozo Izakaya,restaurant,19.1324803,72.8126227,,Mo-Su 12:00-11:45,japanese;korean,False,,,,
n12607300861,Lazzat E Lucknow,restaurant,19.1318569,72.8131416,,,,False,,,,
n12607300862,Arbab,restaurant,19.1322092,72.8128506,,,,False,,,,
n12607300863,Zima,restaurant,19.1321951,72.812575,,,,False,,,,
n12607312226,Thank Gourd,cafe,19.1329673,72.8122428,,,Cafe,False,,,,
n12651982279,Laxmi Next,restaurant,19.1245179,72.9158267,,,,True,,,,
n12706725248,Lake View Cafe,restaurant,19.1344729,72.9016991,,Mo-Su 06:30-23:00,indian;noodle;breakfast;pasta;mediterranean;dessert;brunch,True,,,,
n12706731748,Royal China,restaurant,19.0534591,72.8241094,,,chinese,False,,,,
n12707269500,Mayouchi,restaurant,19.1344133,72.9015742,,"mo-fr 17:00-01:00, sa-su 12:00-01:00",asian;japanese,True,,,,
n12707343285,Nawab Saheb,restaurant,19.1344839,72.9014528,,Mo-Su 19:00-23:30,indian,False,,,,
n12707429519,Crimson,restaurant,19.1327286,72.8997866,,Mo-Su 06:30-23:00,pizza;coffee_shop;burger;italian;indian;breakfast;pasta,False,,,,
n12731973446,The C Spot Cafe,cafe,19.049462,72.8296425,,,,False,,,,
n12767783720,Udipi2Mumbai,restaurant,19.1081374,72.8384481,,,,False,,,,
n12767783721,Kappilon,restaurant,19.1081391,72.8384016,,,,False,,,,
n12770185420,Chay Shay,cafe,19.0274647,72.8564074,,,,False,,,,
n12770224136,Ahar Restaurant,restaurant,19.0273921,72.8563206,,"Mo-Su 11:00-23:00,13:30-18:30; 09:00-17:00; PH closed",indian,False,,,,
n12770264193,Mani Cafe,cafe,19.0258534,72.8551118,,"Mo-Fr 07:00-21:00,13:30-18:30; Sa 09:00-17:00; PH closed",,False,,,,
n12770360101,Spoon Of Love Express,cafe,19.0275767,72.8557533,,,,False,,,,
n12775789707,Tandoor Bar and Restaurant,restaurant,19.0284643,72.8440878,,,,False,,,,
n12786049459,GOH JIA TING,restaurant,19.0620609,72.8342751,,,seafood,False,,,,
n12786049460,China Gate,restaurant,19.0620379,72.8343382,,,chinese,False,,,,
n12793696103,Mangalyan Chawl,monument,19.0468433,72.8539199,,,,False,,,,
n12806107189,Uncommon,cafe,19.0613092,72.8307578,,,,False,,,,
n12811636774,Jamat Chawl,monument,19.0463645,72.85401,,,,False,,,,
n12811636776,New Jamat Hall,monument,19.046482,72.8543893,,,,False,,,,
n12811670438,Vithal Bhaskar Chawl,monument,19.0471713,72.8539531,,,,False,,,,
n12811681069,Jairam Sheth Chawl,monument,19.0475806,72.8539447,,,,False,,,,
n12811682578,Patil Wada,monument,19.047708,72.8549837,,,,False,,,,
n12811692499,Old Jamat Hall,monument,19.046349,72.8542006,,,,False,,,,
n12811698532,Lagdu Pedru Chawl,monument,19.0477746,72.8546396,,,,False,,,,
n12811701117,Custom House,monument,19.0474773,72.8541524,,,,False,,,,
n12840112469,Ananda Cafe,cafe,19.1048979,72.825748,,,,False,,,,
n12841326489,Nasir Restaurant,restaurant,19.0401284,72.8394544,,,,False,,,,
n12842089410,Jalsa (Amitabh Bacchan House),attraction,19.1049088,72.8275345,,,,False,,,,
n12843057594,Starbucks,cafe,19.1045989,72.8366387,,,coffee_shop,False,,,,
n12848913116,Starbucks,cafe,19.1056028,72.8264423,,Mo-Su 07:00-01:00,coffee_shop,False,,,,
n12848913148,Earth Cafe,cafe,19.1062253,72.8263444,,,,False,,,,
n12848913150,Bayleaf Cafe,cafe,19.1063637,72.8262954,,,,False,,,,
n12848913181,Thyme & Whisk,restaurant,19.1068421,72.826219,,,,False,,,,
n12848913190,Easy Boba,cafe,19.1075053,72.8262957,,,bubble_tea,False,,,,
n12849292009,Saffron,restaurant,19.1020902,72.8262901,,,indian,False,,,,
n12849292011,Mezzo Mezzo,restaurant,19.1021465,72.8260475,,,,False,,,,
n12849292012,Lotus Cafe,cafe,19.1019078,72.8263912,,,,False,,,,
n12853058852,Persian Darbar,restaurant,19.0601764,72.8367356,,,indian,False,,,,
n12863749644,Khalsa Dhaba,restaurant,19.1670708,72.9307175,,,,False,,,,
n12892604956,Farmers Cafe,cafe,19.0669962,72.8328138,,,,False,,,,
n12895990299,Oven Fresh,restaurant,19.0238403,72.8381351,,10:00-00:00,,False,,,,
n12920034718,August Cafe,cafe,19.071019,72.8331048,,,,False,,,,
n12923020640,Pomodoro,restaurant,19.0644091,72.8310334,,,italian,False,,,,
n12923020641,Tamari,restaurant,19.0644625,72.8310387,,,asian,False,,,,
n12923020642,Bombay Brioche,cafe,19.0650522,72.831054,,,,False,,,,
n12923020645,Khane Khas,restaurant,19.0656286,72.8303176,,,indian,False,,,,
n12923020646,Bobakat,cafe,19.0656303,72.8302815,,,bubble_tea,False,,,,
n12923020648,Salim's Shahi Sigdi,restaurant,19.0656395,72.8301939,,,indian,False,,,,
n12926034660,1441 Restaurant,restaurant,19.0620964,72.8347235,,,pizza,False,,,,
n12926036241,Copper Chimney,restaurant,19.0609221,72.8364284,,,,False,,,,
n12926508556,Mountain Goat,restaurant,19.047414,72.8250525,,Mo-Su 13:00-01:00,nepalese,False,,,,
n12927277234,The Black Shepherd,restaurant,19.0477206,72.8251225,,"Mo 11:30-15:30,19:30-23:30; We-Su 11:30-15:30,19:30-23:30",british,False,,,,
n12944653246,Wok hei,restaurant,19.0521091,72.8999995,,,chinese,False,,,,
n12944665665,Nom Nom express,restaurant,19.0521518,72.899802,,,,False,,,,
n12944665667,Sandwizzaa,restaurant,19.0521415,72.8998283,,,sandwich,False,,,,
n12959313155,Chaayos,cafe,19.1103218,72.8742611,,,tea,False,,,,
n12959313157,Blue Tokai Coffee Roasters,cafe,19.1103863,72.8743366,,,,False,,,,
n12978551518,The Bandstand Pantry,cafe,19.0474694,72.8200469,,,,False,,,,
n12996344277,Tokyo Matcha Bar,cafe,19.0527561,72.8287399,,,bubble_tea,False,,,,
n13011946557,Grounded,cafe,19.0477593,72.8207917,,,,False,,,,
n13013445403,Trupti,restaurant,19.0218791,72.8422497,,Th-Tu 09:00-22:00,indian,False,,,,
n13031079601,Nav Kayastha Pangat,restaurant,19.1026415,72.8461922,,,indian;seafood,False,,,,
n13033811632,majama cafe,cafe,19.0837372,72.9091122,,,pizza;coffee_shop;burger;indian,False,,,,
n13040591057,Bastian At The Top,restaurant,19.0249945,72.8415353,,Tu-Su 12:00-01:00,seafood;fine_dining,False,,,,
n13041479722,barista cafe,cafe,19.0744275,72.905279,,,,False,,,,
n13041479723,barista,cafe,19.0745774,72.9053095,,Mo-Su 09:00-21:00,coffee_shop;pizza,False,,,,
n13041479724,bhagat tarachand,restaurant,19.0832672,72.9093889,,Mo-Su 09:00-21:00,indian,True,,,,
n13041513158,gupta sandwich,restaurant,19.0817283,72.9066545,,Mo-Su 09:00-21:00,pizza;sandwich,True,,,,
n13041514626,99 pancakes,cafe,19.0798703,72.9057679,,,pancake,False,,,,
n13041521228,the belgian waffle,cafe,19.0799221,72.9063661,,Mo-Su 09:00-21:00,waffle,False,,,,
n13049917935,Burma Burma,restaurant,18.9951845,72.8239393,,,burmese,True,,,,
n13049917936,Burma Burma Palladium,restaurant,18.9949605,72.8239728,,Mo-Su 10:00-22:00,burmese,True,,,,
n13058306152,Bru Baabaa,cafe,19.0615878,72.8335006,,,,False,,,,
n13058306197,Gokul Refreshments,restaurant,19.0562652,72.8350841,,,,False,,,,
n13064131464,Cafe Delight Restaurant,restaurant,19.0546772,72.8262181,,,,False,,,,
n13064902217,Seefah,restaurant,19.0546688,72.8282658,,,asian,False,,,,
n13067345239,Four Chopsticks,restaurant,19.0530486,72.8291774,,"Mo-Su 12:00-15:30,19:00-23:30",chinese,False,,,,
n13082053987,New Riyaz Restaurant,restaurant,19.0543377,72.8388343,,,,False,,,,
n13083940725,The Nines,restaurant,19.1161914,72.827983,,,,False,,,,
n13086966002,Pause,cafe,19.0631232,72.8249195,,,,False,,,,
n13088720351,park,park,19.1099537,72.8618616,,Mo-Su 09:00-21:00,,False,,,,
n13089306642,Scarlett House,restaurant,19.0628688,72.829862,,,,False,,,,
n13089348621,Khao Piyo,restaurant,19.0715458,72.8338617,,,,False,,,,
n13090094140,Al Nizami Darbar,restaurant,19.1098173,72.8754841,,Mo-Su 11:00-01:30,,False,,,,
n13091770542,KidZania,theme_park,19.0995051,72.9168447,,,,False,,,,
n13094272850,Guru Nanak Park,park,19.1605476,72.8387942,,,,False,,,,
n13094303210,Fortune Heights,theme_park,19.1600264,72.8389801,,,,False,,,,
n13096583490,starbucks,cafe,19.0777792,72.9073038,,Mo-Su 07:00-22:00,coffee_shop,False,,,,
n13096612324,blossom,restaurant,19.0753432,72.9052278,,Mo-Su 10:00-22:00,indian;western,True,,,,
n13097872577,Shiv Sagar,restaurant,19.0679036,72.8377151,,,,True,,,,
n13111676275,Tea Shop,cafe,19.115906,72.8372046,,,tea;coffee,False,,,,
n13167568670,T24 Residency,restaurant,19.1106169,72.8749469,,,,False,,,,
n13205068199,Vietnom Mumbai,restaurant,19.0658523,72.8332728,,Mo-Su 12:00-24:00,vietnamese,False,,,,
n13207620987,Engine Espresso,cafe,19.143004,72.8200471,,Mo-Su 19:00-00:30,coffee_shop,False,,,,
n13231494994,Third Wave Coffee Roasters,cafe,19.0847062,72.834941,,,coffee_shop,False,,,,
n13231494998,Mazi,cafe,19.0845357,72.8351765,,Mo-Su 08:00-23:00,,False,,,,
n13235113776,Step In Family Restaurant & Bar,restaurant,19.038905,72.8423594,,,,False,,,,
n13235113778,99 Pancakes,restaurant,19.0399513,72.8416932,,,pancake,False,,,,
n13236713057,Starbucks,cafe,18.9911985,72.8143127,,,coffee_shop,False,,,,
n13238145683,The Bluebop Cafe,restaurant,19.0726333,72.8343212,,,,False,,,,
n13240420105,Chaayos,cafe,19.129874,72.8241536,,07:00-00:00,tea;coffee;shake,False,,,,
n13240644254,Umamiya Cafe,cafe,19.1298396,72.8226024,,09:00-23:00,coffee_shop,False,,,,
n13240652679,Kake Da Hotel,restaurant,19.1298679,72.8242523,,,,False,,,,
n13240703262,Gelato Nuvola Artigianale,cafe,19.1298136,72.8227063,,,,False,,,,
n13240703523,The Berliner Bar,restaurant,19.130256,72.822479,,,german;american,False,,,,
n13240712182,Starbucks,cafe,19.1303326,72.8221085,,08:00-04:00,coffee_shop,False,,,,
n13240727139,Appointment,restaurant,19.1300266,72.8217466,,,,True,,,,
n13240728441,7 Hills Resto + Bar,restaurant,19.1300687,72.8214482,,,,False,,,,
n13240731389,Rice Bowl,cafe,19.1300836,72.8214193,,,,False,,,,
n13266741751,Mr MISU,cafe,19.0539473,72.8288822,,,,False,,,,
n13288786727,Mag St. Select Lower Parel,restaurant,19.002115,72.82841,,Mo-Su 08:00-23:00,,False,,,,
n13300953389,Sai Prasad,restaurant,19.060538,72.8476264,,,indian,False,,,,
n13324396403,Cafe Mysore,restaurant,19.0275709,72.8554829,,,,False,,,,
n13335658515,Bokka Coffee,cafe,19.0656452,72.8308365,,,coffee_shop,False,,,,
n13352965912,Rajaram Garden,park,19.1361088,72.8545331,,Mo-Su 06:00-10:00AM Mo-Su 06:00-10:00PM,,False,,,,
n13352970674,Hindustan Hindu Hotel,restaurant,19.136959,72.8536629,,Mo-Su 10:00AM-23:00PM,chicken;indian,True,,,,
n13371527651,LOYKA,cafe,19.1050113,72.8344847,,Mo-Su 10:00-22:00,coffee_shop;pizza;cake;dessert;donut;brunch,False,,,,
n13377499826,Barako,cafe,19.1293853,72.8156027,,,coffee;bubble_tea,False,,,,
n13381122898,Nagori Chai,cafe,19.1084467,72.8807304,,,,False,,,,
n13381196901,Society Tea Terminal,cafe,19.1697535,72.8588305,,,,False,,,,
n13383226073,Cafe Colony Restaurant & Stores,cafe,19.0186376,72.8468361,,,,False,,,,
n13388448419,Jyoti,restaurant,19.0172341,72.8478215,,,indian,False,,,,
n13388534191,The Theona,restaurant,19.0217771,72.8504401,,,,False,,,,
n13388561444,Swagat Veg Treat,restaurant,19.0183868,72.8478897,,,,False,,,,
n13428676286,origami japanese and korean restaurant,restaurant,19.1106954,72.9080477,,,,False,,,,
n13430752769,MIRARI,restaurant,19.0574044,72.829041,,Mo-Sa 09:00-18:00,pizza;burger;dessert,False,,,,
n13436398801,The Bombay Grill,restaurant,19.1226754,72.864071,,,,True,,,,
n13437447901,Nav Gomantak,restaurant,19.1227165,72.8798055,,,seafood,False,,,,
n13458210001,Iaa,restaurant,19.1177426,72.8653195,,,asian;chicken;chinese;coffee_shop;curry;diner;fine_dining,True,,,,
n13458734807,Benne,restaurant,19.1162366,72.8321513,,,indian;south_indian,False,,,,
n13475422677,Pair A Dice Boardgames Cafe,cafe,19.1485162,72.8316667,,,italian,False,,,,
n13479393885,Pickle and Pint,restaurant,19.1205517,72.8701467,,,,False,,,,
n13506262075,Worli Dome,park,19.0072191,72.8136484,,,,False,,,,
n13506627015,Gold Rush,restaurant,19.0229074,72.8383773,,,,True,,,,
n13506627021,Prakash,cafe,19.0231855,72.8386864,,,,False,,,,
n13506627026,Sujata,restaurant,19.022768,72.8387543,,,,True,,,,
n13510320673,BaaMee,restaurant,19.1316741,72.8345422,,,,False,,,,
n13510320699,Persian Darbar,restaurant,19.1327471,72.8299108,,,,False,,,,
n13510337602,Tamarind Tiffin by Sunders,restaurant,19.1317488,72.8341147,,,indian;south_indian,False,,,,
n13516940282,Third Wave Coffee Roasters,cafe,19.1349622,72.832426,,,coffee_shop,False,,,,
n13569989701,Ettarra,cafe,19.0530559,72.8289745,,Mo-Su 07:00-02:00,,False,,,,
n13572272192,Blue Tokai Coffee Roasters,cafe,19.146636,72.8291387,,,coffee_shop,False,,,,
n13579926683,Mayuri,restaurant,19.1144521,72.8472626,,,,False,,,,
n13582456904,Coffee King,cafe,19.1527519,72.8303443,,,,False,,,,
n13582456920,Chaayos,cafe,19.1523362,72.8308288,,,tea,False,,,,
n13582456924,White Lama Villa,cafe,19.153484,72.828052,,,,False,,,,
n13582456929,Javaphile,cafe,19.1471966,72.8237069,,,,False,,,,
n13589489135,Larezna Art Gallery,gallery,19.143921,72.8240079,,Mo-Su 12:00-22:00,,False,,,,
n13594626765,Ratnagiri,restaurant,19.0608822,72.9004014,,,,False,,,,
n13606941557,The Playce Cafe,cafe,19.164381,72.9370563,,,,False,,,,
n13607409339,Rasotsav,restaurant,19.1398054,72.8295727,,,,True,,,,
n13634287511,Cafe Muttuswami,restaurant,19.0171496,72.8446127,,,indian,False,,,,
n13673721192,Nando's,restaurant,19.0033808,72.8276944,,,chicken;portuguese,False,,,,
n13673721193,Demy Bar + Kitchen,restaurant,19.0036412,72.8278712,,,,False,,,,
n13673721194,Border Bean Barbecue,restaurant,19.0042685,72.8273483,,,barbecue;tex-mex;american,False,,,,
n13673721195,Toast Pasta Bar,restaurant,19.0028492,72.8290461,,,pasta,False,,,,
n13781536743,Coffee By Di Bella,cafe,19.1468063,72.8286957,,09:00-01:00,,False,,,,
n13812910334,Soul Thali,restaurant,19.1205155,72.8980755,,,,False,,,,
n13873411104,Chaayos,cafe,19.1321137,72.915548,,,tea,False,,,,
n13910182359,Donna Deli,restaurant,19.0621624,72.8374797,,,asian,False,,,,
n13914655856,"शेल्टर कैफे एक्स कॉफी बाय जवाफिले, बांद्रा",cafe,19.0671198,72.8241177,,Mo-Su 08:00-23:00,,False,,,,
n13947451878,PJ's,restaurant,19.0653423,72.8301671,,,,False,,,,
n13947740756,Panchras Multi Cuisine Family Restaurant,restaurant,19.16013,72.9472222,,,,True,,,,
n13947740760,Gremy,cafe,19.1599242,72.9472538,,Mo-Su 12:00-23:30,italian;chinese,False,,,,
n13947740769,Asahi Ramen,restaurant,19.1600087,72.9472325,,,ramen,False,,,,
n13968027765,Chowman,restaurant,19.1270584,72.8352282,,,,False,,,,
n13971018329,Srishti Walk Track,park,19.1562239,72.9407424,,24/7,,False,,,,
n13975029356,Cafe Noorani,cafe,19.1639293,72.9356592,,,,False,,,,
n13990919364,Bhandup Bird Watching Point,viewpoint,19.1392186,72.9571339,,,,False,,,,
n14006259817,Mani's Cafe,cafe,19.0564095,72.847587,,,,True,,,,
n14018980684,Cafe Coffee Day,cafe,19.130076,72.8375289,,,coffee_shop,False,,,,
n14021974262,Veronica’s,restaurant,19.0032964,72.8276657,,Mo-Su 08:00-22:00,burger;american;diner;fast_food;seafood;fries;french;grill;cocktail,False,,,,
n14027518003,Hops,restaurant,19.1464373,72.823733,,,,False,,,,
n14039150075,Poetry by Love and Cheesecake,restaurant,19.1152574,72.9082954,,08:00-23:00,coffee_shop;dessert,False,,,,
n14039199673,Bayroute,restaurant,19.1202451,72.9070339,,12:00-01:00,lebanese,False,,,,
n14039202220,Burma Burma,restaurant,19.1201731,72.9070796,,12:00-15:30 + 18:30-23:00,burmese,True,,,,
n14039392430,Café Coffee Day,cafe,19.1195763,72.9013299,,09:30-22:30,,False,,,,
n14053918804,Namah Bengaluru Coffee House,cafe,19.1334018,72.8259253,,,,False,,,,
n14053918822,Road House Blues,restaurant,19.1273253,72.8360072,,,,False,,,,
n14055858373,Lovebirds,restaurant,19.0926587,72.8285121,,,,False,,,,
n14063157897,Mojo pizza,restaurant,19.1634471,72.8464095,,,,False,,,,
n14077312052,Govinda Canteen,restaurant,19.0723052,72.8975504,,,regional;snack,False,,,,
n14080450044,singju,restaurant,19.0853425,72.8293799,,,,False,,,,
n14082444136,Classic Veg Restaurant,restaurant,19.1758361,72.8681855,,,,True,,,,
n14096960743,Café Mommy Joon,restaurant,19.0642542,72.8329735,,,persian,False,,,,
n14098099367,Chaayos,cafe,19.0398616,72.8793849,,,tea,False,,,,
n14098257016,Starbucks,cafe,19.0397167,72.8793161,,mo-fr 09.00-18.00,coffee_shop,False,,,,
n14098258403,Pizza Express,restaurant,19.0397062,72.8791895,,,pizza,False,,,,
n14119124912,Museum of Solutions,museum,19.0056826,72.8273915,,,,False,,,,
n14134678589,मामलेदार मिसळ,restaurant,19.1282701,72.9263229,,,regional,True,,,,
n14134733016,ab.coffee,cafe,19.0428636,72.8615792,,,,False,,,,
n14134817451,Ganga vihar,restaurant,19.0395779,72.8615047,,,,False,,,,
n14134922174,Sadakchaap,restaurant,19.0442513,72.8649782,,,,False,,,,
n14144234143,high protein,cafe,18.9888462,72.8397216,,09:00-11:00,mexican;regional,False,,,,
n14144234144,food dudes,cafe,18.9880005,72.8414255,,10:00-12:00,burger;pizza;sandwich;regional,False,,,,
n14162957100,MCGM PARK RAHEJA VIHAR,park,19.1199773,72.8958729,,,,False,,,,
n14172771967,The BOSS bites mankhurd,cafe,19.0489773,72.9318879,,,italian,False,,,,
n14173965273,Blue Tokai Coffee Roasters,cafe,19.0746251,72.9063452,,Mo-Su 7:00-23:00,coffee_shop,False,,,,
n14180510774,Time To Sea,restaurant,19.1488218,72.8318087,,,,False,,,,
n14180510782,14°41° Pizzeria,restaurant,19.1486951,72.8316416,,,pizza,False,,,,
n14180566818,Coffee Connect,cafe,19.1471612,72.8311186,,,,False,,,,
n14180566826,Cafe Pibati,cafe,19.147335,72.8311419,,,,False,,,,
n14180566833,Yoko Sizzlers,restaurant,19.1480558,72.83155,,,,False,,,,
n14180566871,Delicacy of China,restaurant,19.1460812,72.832713,,,chinese,False,,,,
n14180566888,Fire Bowl,restaurant,19.1485074,72.8316381,,,,False,,,,
n14197793933,Meen Curry,restaurant,19.1309832,72.831538,,,seafood,False,,,,
n14197793953,Oppa,cafe,19.1286823,72.8166738,,,,False,,,,
n14197800461,Fire Bowl,restaurant,19.1369966,72.8117217,,,,False,,,,
n14197852525,Vilas,restaurant,19.1317027,72.8312897,,,,False,,,,
n14197852574,Ja Gwa,cafe,19.1374125,72.8130528,,,,False,,,,
n14202128332,indulge creamery,cafe,19.0605722,72.8292957,,PH open,,False,,,,
w22906436,Diamond Garden,park,19.0531666,72.9004923,,"Mo-Su 06:00-13:00, 16:00-21:30",,False,,,,
w31144254,Joggers' Park,park,19.0594624,72.8213636,,,,False,,,,
w38913637,Lal Bahadur Shastri Udyan,park,18.9988803,72.8139877,,,,False,,,,
w39487489,Desai Park,park,19.0377645,72.8445727,,,,False,,,,
w40739096,Goa Portuguesa,restaurant,19.031794,72.840334,,,Goan,False,,,,
w46722125,Nare Park,park,18.9997522,72.8389527,,,,False,,,,
w49014347,kalina university,park,19.0807277,72.8615562,,,,False,,,,
w49681502,J.R Mehta Udyan,park,19.0378192,72.85817,,,,False,,,,
w49681509,BEST Garden,park,19.0440797,72.8630903,,,,False,,,,
w49681810,P. Jawaharlal Nehru Park,park,19.0463082,72.8676536,,,,False,,,,
w49682798,Maharashtra Nature Park,park,19.0525249,72.8614629,,,,False,,,,
w53361712,Worli Fort,attraction,19.0237394,72.8168371,,,,False,,,,
w53369531,Dr. Bhau Daji Lad Museum,museum,18.9791705,72.8348102,,,,False,,,,
w55794887,Flamingo Point,attraction,18.9956242,72.8615436,,,,False,,,,
w72880065,Tilak Udyan,park,19.1131118,72.8332678,,,,False,,,,
w72880066,Ecole Mondial Ground,park,19.1123667,72.833418,,,,False,,,,
w73045131,Gilbert Hill,attraction,19.1205355,72.8399617,,,,False,,,,
w73052812,Pushpa Narsee Park,park,19.1047889,72.8306353,,,,False,,,,
w73052817,OPEN GARDENAL SPACES,park,19.1047218,72.8313702,,,,False,,,,
w74860283,Bharatratna Doctor Babasaheb Ambedkar Kridangan,park,19.1369672,72.8212505,,,,False,,,,
w74877091,Kamalakarpant Walawalkar Udyan,park,19.1529561,72.8291574,,,,False,,,,
w101139513,Vishwanath Guruji Park,park,19.1720246,72.8524121,,,,False,,,,
w102519589,Observation Post (Chotta Kashmir),park,19.1623599,72.87317,,,,False,,,,
w107213234,Tilak Nagar Municipal Ground/ Sahyadri Garden,park,19.0692581,72.8978688,,,,False,,,,
w112675802,"Garden E, Five Gardens",park,19.0201251,72.8538406,,,,False,,,,
w112796885,Veermata Jijabai Bhosale Zoo & Botanical Garden,zoo,18.9781478,72.8367841,,Th-Tu 09:30-18:00,,False,,,,
w113472641,Mahatma Gandhi Udyan,park,18.9893531,72.8351332,,,,False,,,,
w113472644,GaramKhada Maidan,park,18.9907537,72.8360584,,,,False,,,,
w113561022,poonam park,park,18.9889924,72.8442663,,03:00-07:00,,False,,,,
w113696486,Veer Kotwal Udyan,park,19.0213807,72.8424612,,,,False,,,,
w113700140,Bharatvan,park,19.1231323,72.8857278,,,,False,,,,
w113711205,Shivaji Park,park,19.0272817,72.838188,,,,False,,,,
w115840000,Kedarnath Guruju Udyan,park,19.026921,72.8535221,,,,False,,,,
w116342814,Bhuva Garden,park,19.022044,72.8583589,,,,False,,,,
w116616996,classic,restaurant,19.0263607,72.8566435,,Mo-Fr 08:00-17:00,chinese;indian;regional,True,,,,
w118555660,Maharshi Karve Park,park,19.0183179,72.8581597,,,,False,,,,
w144377524,Moreshwar,cafe,19.1039537,72.8523075,,,,False,,,,
w151256440,Muktanand Park,park,19.0821808,72.831583,,,,False,,,,
w151256449,Rotary Park,park,19.0777424,72.8306578,,,,False,,,,
w151355179,Union Park Eco Garden,park,19.0718932,72.8244714,,,,False,,,,
w151581959,Damodar Park,park,19.0955385,72.9164792,,,,False,,,,
w152242147,B.N. Maheshwari Udyan,park,19.0268562,72.8554057,,,,False,,,,
w152314740,Late Shri D.K. Sandu Udyan,park,19.0561387,72.8977644,,,,False,,,,
w196092387,Late Dattaram Narayan Kaskar Udyan,park,19.1372911,72.8141494,,,,False,,,,
w196092407,Swatantra Senani Janardan Rama Patil Park,park,19.1377142,72.8158301,,,,False,,,,
w196092409,Lions Juhu Garden,park,19.0841005,72.8340111,,"Mo-Su 08:00-12:00,17:00-20:00",,False,,,,
w196622070,Laxmikant Berde Garden,park,19.1396585,72.8132472,,,,False,,,,
w196848187,Nana Nani Park,park,19.1276784,72.8183949,,,,False,,,,
w197497798,Rink Football Ground,park,19.0540088,72.8797201,,,,False,,,,
w202391295,Fountain Garden,park,19.0539632,72.8801209,,,,False,,,,
w202555849,Hemu Kalani Manoranjan Maidan,park,19.1395288,72.829035,,,,False,,,,
w202556929,Chattrapati Shivaji Joggers Park,park,19.1455869,72.8211666,,,,False,,,,
w202661505,Mindscape Landscape,park,19.175308,72.8304679,,,,False,,,,
w202661513,BMC Forest Theme Garden,park,19.1734257,72.8331912,,,,False,,,,
w202917754,Patwardhan Park,park,19.0643197,72.8341143,,,,False,,,,
w203215478,Muktadevi Manoranjan Udyan,park,19.0545195,72.8746965,,,,False,,,,
w203474436,Play Area,park,19.0507573,72.8687364,,,,False,,,,
w204884637,Chacha Nehru Park,park,19.1321248,72.8227463,,,,False,,,,
w205196571,Worli Sports Club,park,19.0149946,72.8215121,,,,False,,,,
w206832495,Pramod Mahajan Krirangan,park,19.1433868,72.8214744,,,,False,,,,
w206957359,The Grand Hamvi Garden,park,19.1392301,72.8366129,,,,False,,,,
w207201151,Guru Nanak Park,park,19.0608357,72.8308064,,,,False,,,,
w214285380,Ambedkar Garden,park,19.0599367,72.90059,,,,False,,,,
w216492439,Rani Laxmi Bai Udyan,park,19.0425174,72.8638508,,,,False,,,,
w220870519,Katrak Park,park,19.0608393,72.8230049,,,,False,,,,
w228355361,Holi Maidan,park,19.0469047,72.8552253,,,,False,,,,
w230810029,Sheila Raheja Park,park,19.1273435,72.8197631,,"05:30-10:30, 17:00-21:00",,False,,,,
w233101170,Nana Nani Munna Munni Park,park,19.0725158,72.9032851,,,,False,,,,
w235864151,Nana Nani Park,park,19.0902774,72.8877399,,,,False,,,,
w236169345,Madhu Park,park,19.0715198,72.8356653,,,,False,,,,
w236210021,Mala Garden,park,19.0422536,72.8710727,,,,False,,,,
w236210023,Mala Garden,park,19.041451,72.8709695,,,,False,,,,
w236263205,Nandadeep Park,park,19.0532823,72.8462856,,,,False,,,,
w237027560,Central Garden,park,19.0507286,72.8213099,,"Mo-Sa 06:00-10:00,16:00-19:45; PH off",,False,,,,
w245166433,Ganesh Maidan,park,19.1409778,72.8241301,,,,False,,,,
w247601028,Smt. Ramdevi Sobhraj Bajaj Arya Vidya Mandir Ground,park,19.1128181,72.8326105,,,,False,,,,
w249860509,Oshiwara Mahada Garden,park,19.1497355,72.830765,,,,False,,,,
w249860511,Lokhandwala Garden,park,19.145163,72.8269168,,"05:00-12:00, 16:00-21:30",,False,,,,
w249872708,Garden Number 4,park,19.1471525,72.8277513,,,,False,,,,
w250263971,Public Park,park,19.0434772,72.9249925,,,,False,,,,
w253793764,Subhash Chandra Bose Garden,park,19.0874273,72.9151203,,,,False,,,,
w255387092,Ameet Satam Garden,park,19.1123921,72.8375019,,,,False,,,,
w257439675,Vijay Salaskar Park,park,19.1398356,72.86959,,,,False,,,,
w259332584,Bhakti Park,park,19.0276185,72.8809173,,,,False,,,,
w262364794,Mahatma Jyotiba Phule Park,park,19.0731453,72.8281555,,,,False,,,,
w289511918,Jijamata,park,19.0939783,72.894633,,,,False,,,,
w291324686,Ground,park,19.0621637,72.8448561,,Mo-Fr 08:00-17:00,,False,,,,
w291330548,Ambedkar Park,park,19.060522,72.8493569,,Mo-Fr 08:00-17:00,,False,,,,
w314367859,rozy ...noodle khaoo bhuk mitaao noodle khao,restaurant,19.0626559,72.9047195,,,regional,False,,,,
w314367898,Kumar Bhupesh Garden,park,19.0552312,72.9225089,,,,False,,,,
w314372386,play ground,park,19.0626722,72.9017833,,,,False,,,,
w314528856,kashish kids park,park,19.0683591,72.9220609,,,,False,,,,
w314528957,Lal Maidan,park,19.0640054,72.8934312,,,,False,,,,
w314529243,Meenatai Thakre Udyan,park,19.0982042,72.9177983,,,,False,,,,
w315440970,Sadguru Kadam Baba Udyan,park,19.063757,72.899356,,,,False,,,,
w315445323,Shahu Garden,park,19.0620778,72.9195646,,,,False,,,,
w339196655,Shiv Shrusti ground,park,19.0579555,72.8811011,,,,False,,,,
w347008916,nana nani park,park,19.0617278,72.8910607,,,,False,,,,
w347014412,Ambedkar Park,park,19.0604782,72.9227729,,,,False,,,,
w348488379,S.M. Shetty canteen,cafe,19.1155372,72.9056894,,,"Idli_Chilli,_Vada_Pav,_rolls",False,,,,
w352942174,hitika's cafe,cafe,19.1618312,72.8475425,,24/7,burger,False,,,,
w352963932,timepass,restaurant,19.1705002,72.8507665,,sunrise-sunset,pizza,True,,,,
w352964063,kids only,park,19.170741,72.8516412,,Mo-Fr 08:00-17:00,,False,,,,
w352984094,ramraj park,park,19.1420369,72.8479131,,Mo-Fr 08:00-17:00,,False,,,,
w353160211,Naaz Restaurant,restaurant,19.0913487,72.8826819,,,,False,,,,
w353202263,TSH Canteen,restaurant,19.0341571,72.9251025,,"PH,Su-Fr 07:00-10:00,11:00-14:00,19:00-21:00",,True,,,,
w353202872,Sai Palace,restaurant,19.1154664,72.8602865,,,regional,False,,,,
w353378180,Daily Tiffin Service,restaurant,19.1736716,72.8712817,,Mo-Fr 06:00-23:30,indian,False,,,,
w353415856,Sadguru,restaurant,19.0614056,72.8997653,,,indian,False,,,,
w353425056,Chembur Adda,restaurant,19.0641734,72.8941406,,Mo-Su 08:00-22:00,chicken;american;chinese;seafood;indian,True,,,,
w353749786,Cafe Coffee Day,cafe,19.1751989,72.8737633,,Mo-Su 11:00-20:00,coffee_shop;sandwich;american,False,,,,
w353751521,dyna park,park,19.1366093,72.860014,,,,False,,,,
w353785642,Plan D Fine Dine Restaurant,restaurant,19.1323944,72.9364422,,Mo-Su 10:00-22:00,indian;chinese,False,,,,
w353987037,pinky store,cafe,19.0504991,72.891316,,,,False,,,,
w354016110,dream cafe,cafe,19.1029672,72.8496367,,,,False,,,,
w354042410,Garde Manger,cafe,19.1042701,72.8523335,,Mo-Su 10:00-22:00,,False,,,,
w354066471,Hotel Radhakrishna,restaurant,19.0833798,72.8428038,,Mo-Su 10:00-22:00,regional;soup;western,True,,,,
w354473917,Worli Sea Face Garden,park,19.0145962,72.8166244,,,,False,,,,
w356425974,The Bombay Art Society,gallery,19.0516645,72.8327767,,Mo-Su 11:00-19:00,,False,,,,
w357113780,K.V.K Ghatkopar Sarvajanik School,park,19.0944176,72.9101412,,,,False,,,,
w357182038,Sudarshan,restaurant,19.1037772,72.886171,,,indian;chinese,True,,,,
w357472079,Hotel Sahil,restaurant,19.0669304,72.8375169,,,,False,,,,
w359780137,Deluxe Restaurant,restaurant,19.0726519,72.8761432,,,,False,,,,
w362205484,Mahakali A.L.M. Park,park,19.1348961,72.8703561,,,,False,,,,
w362705572,Lalit Lawn,park,19.0308708,72.9276354,,,,False,,,,
w362733405,Usha Suresh Patil Udhan,park,19.0611758,72.9132914,,,,False,,,,
w362762257,Almeida Park,park,19.0575629,72.8314705,,Mo-Su 10:00-21:00,,False,,,,
w363147405,City Park,park,19.0556433,72.8540421,,,,False,,,,
w363253490,swami vivekanand garden,park,19.0459983,72.838936,,Mo-Su 08:00-22:00,,False,,,,
w363858801,ayooshi park,park,19.0102651,72.8188325,,,,False,,,,
w363858802,Adya Shankaracharya Garden,park,19.0078832,72.8164751,,,,False,,,,
w390218871,Dadabhai Naoroji Udyan,park,19.1291011,72.817,,,,False,,,,
w396345353,Pestom Sagar Citizens Ground,park,19.0705952,72.9047531,,,,False,,,,
w416521085,Dr. Keshav Baliram Hedgewar Garden,park,19.0730464,72.9049638,,06:00-22:00,,False,,,,
w430028106,VES ground,park,19.0433045,72.8898015,,,,False,,,,
w431512593,सायन किल्ला,attraction,19.046611,72.8676018,,Mo-Su 04:00-20:00,,False,,,,
w434904720,Shivaji Garden,park,19.0597761,72.8452466,,,,False,,,,
w436218412,N Ward Park,park,19.0974525,72.9189296,,,,False,,,,
w436339856,Rajmata Ahilyabai Holkar Udyan,park,19.060902,72.8720958,,,,False,,,,
w441268775,Matoshree Ramabai Thackrey Udyan,park,18.999877,72.8262555,,,,False,,,,
w461274055,Shree Ganesh Udyan-Tilak Nagar,park,19.067434,72.8962122,,,,False,,,,
w461275544,Maharashtra Ekyavardak Ground,park,19.0670294,72.8955241,,,,False,,,,
w461276228,Rock Garden- Vrindavan Colony,park,19.0718399,72.8998902,,,,False,,,,
w464420463,Rotary Park,park,19.0501669,72.8214545,,,,False,,,,
w464673269,Sadhu Vaswani Garden,park,19.0599762,72.8373084,,,,False,,,,
w465342902,Munisurat Garden Pillar,park,19.0849391,72.9040416,,Mo-Su 07:00-22:00,,False,,,,
w465343064,rajawadi fish  garden,park,19.0807462,72.9018368,,Mo-Su 10:00-22:00,,False,,,,
w465343826,Rajawadi Garden,park,19.0781917,72.9022537,,,,False,,,,
w466350833,bharwadi ground,park,19.1264855,72.8439663,,,,False,,,,
w470298301,Heritage Gardens,park,19.1144373,72.9110994,,,,False,,,,
w479425377,General Arun Kumar Vaidya Garden,park,19.0528347,72.830789,,Mo-Fr 08:00-17:00,,False,,,,
w480788776,BARC Hospital Canteen,restaurant,19.0425409,72.9157767,,"PH,Mo-Su 07:00-23:00",indian,False,,,,
w483008557,Golden Square Park,park,19.073488,72.8642621,,,,False,,,,
w483008558,Golden Square 2nd Building Park,park,19.0735638,72.8649981,,,,False,,,,
w483179389,Prabodhankar Thakre Manoranjan Udyan,park,19.1086649,72.9166893,,,,False,,,,
w483216423,Sunder Nagar Garden,park,19.0744835,72.864189,,,,False,,,,
w486697314,Chhatrapati Shivaji Maharaj Park,park,19.0543107,72.8702275,,,,False,,,,
w486704858,Brihanmumbai Mahanagar Palika Garden,park,19.0530135,72.8698876,,,,False,,,,
w487790870,BWSL Promenade,park,19.0471015,72.8319564,,"Mo-Su 06:00-10:00, 16:30-21:30",,False,,,,
w488979033,Veer Savarkar Park,park,19.0757207,72.9868044,,,,False,,,,
w492698234,MM Chhotani Garden,park,19.0397694,72.8439383,,Mo-Su 08:00-22:00,,False,,,,
w492700017,Mata Lachmi Garden,park,19.03495,72.8601589,,,,False,,,,
w494953649,Dubashi,park,19.0979221,72.8512903,,,,False,,,,
w496706048,Dr. Babasaheb Ambedkar Udyan,park,19.1288937,72.8968728,,,,False,,,,
w514261518,Sheila Raheja Garden,park,19.1795567,72.8763077,,Mo-Su 06:00AM-21:00PM,,False,,,,
w542200605,Junjar Ground,park,19.100546,72.8928957,,,,False,,,,
w543778459,Bandra Born,restaurant,19.0505145,72.8270094,,,,False,,,,
w543846807,Café Sea Side,cafe,19.0456642,72.8192559,,,,False,,,,
w543846817,Aji Ajoba Park,park,19.0936452,72.8507059,,,,False,,,,
w544746557,Malla Park,park,19.0636823,72.8259825,,"Mo-Sa 05:00-13:00,15:00-22:00; Su 15:00-22:00; PH 15:00-22:00",,False,,,,
w547687326,Hiranandani Garden,park,19.1191917,72.9071959,,,,False,,,,
w547896362,Glen Society Garden,park,19.1150063,72.9104804,,,,False,,,,
w553276746,Vahatuk Nagar Vollyball Ground,park,19.1296489,72.8447442,,,,False,,,,
w556525697,Ashok Kamte Park,park,19.1380631,72.8682867,,,,False,,,,
w559429510,Forest Park,park,19.1133024,72.9074704,,,,False,,,,
w562942560,Hemant Karkare Park,park,19.1363017,72.8663727,,Mo-Su 06:00-23:00,,False,,,,
w564566798,Swing Garden,park,19.1057253,72.9214448,,,,False,,,,
w571791059,ALM 116 Park,park,19.0578015,72.8256999,,,,False,,,,
w573291581,Gymkhana,park,19.1346104,72.9124443,,,,False,,,,
w574007906,Gyankalash Park,park,19.071218,72.9894546,,,,False,,,,
w574791464,Golpha Devi Park,park,19.0215844,72.816251,,,,False,,,,
w611811724,H B Shivdasani Udyan,park,19.0410822,72.8602178,,Mo-Su 06:00-23:00,,False,,,,
w613426552,Verona Garden,park,19.1139696,72.9092293,,,,False,,,,
w619940608,Dr. B. R. Ambedkar Maidan,park,19.1568257,72.8387374,,,,False,,,,
w621466309,Trikoni Maidan,park,19.1546312,72.8385892,,,,False,,,,
w625673259,Shrikant Doshi Udyan,park,19.0379056,72.8634283,,,,False,,,,
w626193638,NIUS canteen,cafe,19.0421015,72.9268106,,,regional,False,,,,
w626243838,Etlenta Park,park,19.0564784,72.9252569,,,,False,,,,
w626249301,Sewri Fort,attraction,19.0005078,72.8601265,,,,False,,,,
w626348957,Ashok Kamte Manoranjan Udyan Govandi,park,19.0630166,72.9125999,,,,False,,,,
w626348961,Siddharth Garden,park,19.0581035,72.9125006,,,,False,,,,
w627262082,Vallabhai park,park,19.1111933,72.8439259,,"6:00-11:00, 16:00-21:00",,False,,,,
w628861196,Vedic Park,attraction,19.1328938,72.89823,,,,False,,,,
w628887315,Picnic Point Garden,park,19.1371344,72.8825015,,,,False,,,,
w629094962,Film City Temple,attraction,19.1547465,72.895178,,,,False,,,,
w629094968,Abu Village,attraction,19.1639912,72.8888355,,,,False,,,,
w632157135,Shree Raghvendra Swami Dhyan Udyan,park,19.1635592,72.9416388,,,,False,,,,
w640014015,Village Park,park,19.0810543,72.88277,,24/7,,False,,,,
w646194701,"Garden C, Five Gardens",park,19.0203317,72.8543897,,,,False,,,,
w654567861,Bandra Fort,fort,19.0418771,72.8185113,,,,False,,,,
w667150164,Kids Park,park,19.1659835,72.9355495,,Mo-Fr 08:00-17:00,,False,,,,
w669392130,Linear Park by Lodha,park,19.0016349,72.827149,,,,False,,,,
w675093587,Lions Garden,park,19.0762999,72.9059524,,,,False,,,,
w682058290,Shreyas Garden Park,park,19.0947118,72.9131611,,Mo-Su 08:00-22:00,,False,,,,
w682572535,Kirol Garden,park,19.0804161,72.8973119,,,,False,,,,
w700634718,Joggers Park,park,19.0027207,72.8492155,,,,False,,,,
w700635434,Local Park,park,19.0032697,72.8458155,,,,False,,,,
w714721856,Bhagwan Gautam Buddha Udyan,park,19.008494,72.815075,,"06:00-12:00, 15:00-21:00",,False,,,,
w720182703,Rajawadi Joggers Park,park,19.0788463,72.9004216,,,,False,,,,
w746574059,Mother Teresa Brihanmumbai Mahanagarpalika Udyan,park,19.0821001,72.8850282,,"Mo-Su 06:00-12:00,15:00-21:00",,False,,,,
w746582668,Mahanagarpalika Udyan,park,19.0778488,72.8847325,,sunrise-sunset,,False,,,,
w757647449,Joggers Park,park,19.0942888,72.8936422,,,,False,,,,
w766361968,Gol Garden,park,19.0900054,72.8349449,,,,False,,,,
w783083045,Kishore Kumar Park,park,19.1110506,72.8328959,,,,False,,,,
w783094890,MRF Ground,park,19.1429922,72.827469,,,,False,,,,
w783097751,Walawalkar Udyan,park,19.1407977,72.8228265,,,,False,,,,
w792511402,Children Knowledge & Forest Park,park,19.1132267,72.8290814,,,,False,,,,
w813507042,Chhatrapati Shivaji Udyan Park,park,19.1296119,72.8590036,,,,False,,,,
w814291128,Shri Harishchandra Sharma Playground,park,19.1230317,72.9172522,,24/7,,False,,,,
w814291129,Cinema Ground,park,19.1247642,72.9176499,,24/7,,False,,,,
w814291130,Sharma Garden,park,19.1244611,72.9186299,,Mo-Su 07:00-22:00,,False,,,,
w822770827,मुंबई महापालिका गार्डन,park,19.136958,72.8640131,,sunrise-sunset,,False,,,,
w822770828,Vijay Salaskar park,park,19.1375115,72.8657142,,24/7,,False,,,,
w822774096,Shree Swami Samarth Udyan,park,19.1311083,72.8642134,,24/7,,False,,,,
w822774097,Lalji Mehrotra Technical Playground,park,19.1315859,72.8635205,,,,False,,,,
w822774098,Children playground,park,19.1324091,72.863397,,,,False,,,,
w822774545,Swapnapurti Ganesh Playground,park,19.1347992,72.8648061,,,,False,,,,
w822774546,Major Unikrishnan Udyan,park,19.1356702,72.8650541,,,,False,,,,
w822774547,Rajeshwar society park,park,19.1400208,72.8631094,,,,False,,,,
w822774548,Takshila Park,park,19.1315161,72.8683138,,,,False,,,,
w823584108,MMRDA GROUND,park,19.1377551,72.8718325,,24/7,,False,,,,
w824809087,Dil Bahar Hotel,restaurant,19.0452452,72.8466331,,,,False,,,,
w824809089,Shalimar,restaurant,19.045423,72.8472601,,,,False,,,,
w824809118,The cake house,cafe,19.0451662,72.8475515,,,,False,,,,
w824809141,Abhinandan Family Restaurant and bar,restaurant,19.04559,72.8480565,,,,False,,,,
w824809156,Nogauri Ama Milk center,restaurant,19.0454303,72.8479324,,,,False,,,,
w824809183,Datar Darbar,restaurant,19.0448,72.8478448,,,,False,,,,
w824809184,Datar Darbar,restaurant,19.0447549,72.8478445,,,,False,,,,
w824826799,Bakery,cafe,19.045414,72.8471122,,,,False,,,,
w826421856,Ganesh maidan,park,19.1331956,72.8631456,,24/7,,False,,,,
w826422663,MHADA Play Ground,park,19.1330284,72.867606,,24/7,,False,,,,
w826425461,Ganesh Maidan,park,19.1342598,72.8614336,,24/7,,False,,,,
w826472411,Dyna Play Ground,park,19.1363064,72.8606535,,24/7,,False,,,,
w837015661,Dinkar Park,park,19.0789734,72.8440679,,Mo-Su 07:00-23:00,,False,,,,
w837859198,park 2,park,19.0744586,72.8859827,,,,False,,,,
w844884684,Serenity Play Area,park,19.1483189,72.8344532,,,,False,,,,
w846523477,Haji Umar Local Park,park,19.1359804,72.8461093,,,,False,,,,
w846531087,BMC Park,park,19.1423913,72.8469826,,,,False,,,,
w847389384,Saraswat Park,park,19.0809888,72.8333405,,Mo-Sa 08:00-20:00,,False,,,,
w847390846,Triangular Park,park,19.0815011,72.8327734,,,,False,,,,
w852330965,Rajiv gandhi park,park,19.1622054,72.8362586,,Mo-Fr 08:00-17:00,,False,,,,
w853331530,Gurudev Ravindranath Tagore Udyan Park,park,19.1132033,72.9334175,,,,False,,,,
w853334264,Sambhaji Maidan,park,19.1163685,72.9385852,,,,False,,,,
w853492002,Ravindra Mhatre Park,park,19.1193374,72.9389762,,,,False,,,,
w858949791,J J garden,park,19.0737809,72.8249867,,Mo-Sa 08:00-20:00,,False,,,,
w876030083,Bharat Ratan Maulana Abul Kalam Azad Udyan,park,19.1470421,72.8455301,,Mo-Su 09:00-21:00,,False,,,,
w895937294,sindhi society gymkhana,park,19.0508546,72.89083,,,,False,,,,
w905716238,North Gate food court,restaurant,19.0291508,72.9255296,,Mo-Fr 07:00-19:00,,False,,,,
w905716256,Dispensary Ground,park,19.0400887,72.9332119,,,,False,,,,
w909874963,BMC park,park,19.1328077,72.8416203,,,,False,,,,
w910328967,shawarma,restaurant,19.1450502,72.842932,,,shawarma;milkshake,False,,,,
w919626229,park 1,park,19.0809367,72.91014,,,,False,,,,
w924439406,Maasaheb Meenatai Thackarey Botanical Garden,park,19.0514408,72.8801526,,,,False,,,,
w936795319,Railway Ground,park,19.0015273,72.8377105,,,,False,,,,
w956192794,"Garden A, Five Gardens",park,19.0201621,72.853123,,,,False,,,,
w956192851,"Garden B, Five Gardens",park,19.0207317,72.8535133,,,,False,,,,
w956193101,"Garden D, Five Gardens",park,19.0195494,72.8537901,,,,False,,,,
w959572917,MCGM Park,park,19.1222554,72.8942978,,,,False,,,,
w960182241,BMC Garden,park,19.1338332,72.9340193,,,,False,,,,
w961785887,Pramodji Mahajan Recreation Ground,park,19.0868916,72.8913193,,,,False,,,,
w961786341,Gandhi Maidan,park,19.0772416,72.8816145,,,,False,,,,
w961788662,Bharat Ratna Indira Gandhi Udyan & Dr. Abdul Kalam Udyan,park,19.0746634,72.8857558,,,,False,,,,
w961797162,Don Bosco Grounds,park,19.0818665,72.8889564,,,,False,,,,
w965339362,Goverment Park For Public,park,19.1428991,72.8085007,,sunrise-sunset,,False,,,,
w976182986,Rajabhau Salvi Udyaan,park,19.0118178,72.8285552,,,,False,,,,
w979386029,Nehru Science Centre,museum,18.9906494,72.8187964,,,,False,,,,
w981956935,Central Ground,park,19.0156785,72.8202641,,,,False,,,,
w1003386614,Sukoon Park,park,19.0498224,72.8225939,,"Mo-Fr 05:00-13:00,15:00-22:00; Sa-Su 05:00-22:00; PH 05:00-22:00",,False,,,,
w1006878175,Veermata Jijabhai Sculpture,monument,18.9783197,72.8363818,,,,False,,,,
w1012491079,neelkanth kingdom garden,park,19.0788303,72.894529,,,,False,,,,
w1014519732,MCGM Playground,park,19.1059967,72.862534,,Mo-Sa 05:00-19:00,,False,,,,
w1015502248,aarey bhaskar,park,19.1706744,72.8729842,,Mo-Sa 07:00-21:00,,False,,,,
w1031528351,vishnu hanuman park,park,19.1668073,72.8319912,,24/7,,False,,,,
w1056876768,City Park,park,19.0566805,72.8534791,,,,False,,,,
w1074586694,Skyline park,cafe,19.1521232,72.9431392,,09:00-12:00,,False,,,,
w1077916495,Knoshh - The Food Hall,restaurant,19.126962,72.829047,,24/7,burger;regional;pizza;chinese;sandwich;chicken;seafood;indian;kebab,False,,,,
w1117112281,Air India Park,park,19.0810605,72.8579758,,,,False,,,,
w1118317440,DN Nagar Ground,park,19.1219732,72.8307979,,24/7,,False,,,,
w1120054443,RADHA RESTAURNT,restaurant,19.1618054,72.8700083,,,regional,False,,,,
w1123267237,PRAFULLA BAGH,park,19.0839619,72.8415868,,Mo-Su 09:00-22:00,,False,,,,
w1123870256,foodstuffs,cafe,19.0673841,72.8240436,,Mo-Su 10:00-21:00,asain,False,,,,
w1126997786,Sahajeevan Park,park,19.0549928,72.8835381,,,,False,,,,
w1149824757,Joggers Park,park,19.0631959,72.8511832,,,,False,,,,
w1153421623,Savitribai Phule BMC Garden,park,19.1558883,72.8566812,,Mo-Su 06:00-19:00,,False,,,,
w1189775843,Vitta Sanchay Society Play ground,park,19.0306505,72.8875218,,,,False,,,,
w1192694258,Nahar Nature Park,park,19.1098399,72.8995361,,,,False,,,,
w1207964215,JB  NAGAR,cafe,19.1067943,72.8641026,,,,False,,,,
w1213417804,basket ball court,park,19.0818865,72.8891083,,,,False,,,,
w1214769691,Red Ground,park,19.1516522,72.9403401,,,,False,,,,
w1215018739,Satyam Cafe,cafe,19.1523417,72.9411108,,Mo-Su 10:00-21:00,burger;pizza;chinese;sandwich;dessert;coffee_shop,False,,,,
w1226336539,Chhatrapati Shivaji Maharaj Monument,monument,19.0983888,72.826771,,,,False,,,,
w1227680048,masoli,restaurant,19.0286708,72.8416755,,Mo-Su 08:00-21:00,fish,False,,,,
w1232325612,Mahindra Nagar Ground,park,19.1781964,72.8525396,,sunrise-sunset,,False,,,,
w1232325865,Sanjay Gandhi Playing Ground,park,19.1769136,72.8509122,,,,False,,,,
w1232326649,Pantnagar Garden,park,19.0834886,72.9115928,,,,False,,,,
w1232327567,RAJAWADI GARDEN,park,19.0768605,72.9021891,,sunrise-sunset,,False,,,,
w1234028110,Chaitya Bhumi,monument,19.0250913,72.8338256,,,,False,,,,
w1239406336,Homi Bhabha Park,park,19.0368629,72.9251592,,24/7,,False,,,,
w1247541998,SHINDEWADI  GROUND,park,19.0115757,72.8424967,,24/7,,False,,,,
w1259152409,Hemant Park,park,19.0412464,72.9324118,,24/7,,False,,,,
w1259161738,Dispensary Garden,park,19.0400533,72.9333942,,24/7,,False,,,,
w1259164685,Varsha Ground,park,19.0410046,72.9342167,,24/7,,False,,,,
w1259166593,A.E.C.S. 5 Playground,park,19.0389706,72.9332341,,24/7,,False,,,,
w1259175044,Sharavati Ground,park,19.0391455,72.9317193,,24/7,,False,,,,
w1259180435,Parijat Ground,park,19.0388704,72.9339387,,24/7,,False,,,,
w1259195683,Rajnigandha Ground,park,19.0387293,72.9347952,,24/7,,False,,,,
w1259197170,Kamal Ground,park,19.0379574,72.9346701,,24/7,,False,,,,
w1265759258,Acharya Sharad Narayan Udyan,park,19.0295979,72.8904048,,,,False,,,,
w1265759259,bmc park,park,19.0295124,72.8898764,,,,False,,,,
w1265759260,Mysore Colony Central Garden,park,19.0317373,72.8908933,,,,False,,,,
w1265759325,BMC PARK,park,19.0310931,72.8889927,,,,False,,,,
w1265759326,Mysore colony eastern park,park,19.0321637,72.8927808,,,,False,,,,
w1289189671,वीर सावरकर स्मारक,museum,19.0284402,72.836641,,,,False,,,,
w1297868323,Union Park,park,19.0702502,72.8223326,,,,False,,,,
w1327051201,Cafe Montana,cafe,19.0835292,72.8440144,,Mo-Su 09:00-22:00,coffee_shop;burger;pizza;sandwich;mexican;italian;indian;breakfast,False,,,,
w1330621916,Jaswantrai Mehta Udyan,park,19.0832386,72.9070832,,,,False,,,,
w1330724364,Matoshree Minatai Thakrey Shilpgram,park,19.1350183,72.8716333,,,,False,,,,
w1334755910,Bombay Island Coffee Company,cafe,19.0931818,72.9202351,,,coffee_shop,False,,,,
w1334755913,Butterfly High,restaurant,19.0946931,72.9214007,,,,False,,,,
w1334755914,Mia Cucina,restaurant,19.094645,72.9214652,,,,False,,,,
w1334755915,Tat,restaurant,19.0948704,72.9219369,,,,False,,,,
w1341468166,St.Charles Playground,park,19.080294,72.852754,,Mo-Sa 08:00-20:00,,False,,,,
w1341470187,Anand Nagar Garden,park,19.0811033,72.8486489,,Mo-Su 06:00-22:00,,False,,,,
w1341472135,Racecourse Ground,park,18.9838743,72.8197402,,Mo-Su 08:00-22:00,,False,,,,
w1341473109,Common Ground,park,19.1397457,72.8363633,,Mo-Fr 09:00-17:00,,False,,,,
w1342073695,Raheja Garden,park,19.1794781,72.8763194,,,,False,,,,
w1346339129,Saheel Restaurant,restaurant,19.0474072,72.8607298,,Mo 07:00 - 00:30 Tu - Su 07:30 - 00:30,chinese;moghlai,False,,,,
w1349066763,global park,park,19.0311668,72.8889885,,Mo-Sa 07:00-20:00,,False,,,,
w1349154984,Tim Hortons,cafe,19.1007869,72.8392949,,Mo-Su 10:00-22:00,coffee_shop;sandwich;donut,False,,,,
w1354879489,Dnyaneshwar Udhyodhan Park,park,19.0283765,72.8441931,,Mo-Sa 08:00-20:00,,False,,,,
w1354880129,Dyaneshwar Udhyodhan Park,park,19.0294872,72.8457284,,Mo-Su 07:00-22:00,,False,,,,
w1354880442,silver meadows,park,19.1465009,72.8552553,,,,False,,,,
w1355395198,TVlolz,cafe,19.0254156,72.8678235,,sunrise-sunset,chicken;ice_cream;pancake;coffee_shop,False,,,,
w1355446083,Mahatma Gandhi Udyan,park,19.0470848,72.8675731,,Mo-Sa 08:00-20:00,,False,,,,
w1356803745,Kaifi Azmi Park,park,19.1121043,72.8309842,,,,False,,,,
w1370700238,Madhukar Kulkarni Garden,park,19.0519907,72.8242508,,"Mo-Fr 05:00-13:00,15:00-22:00; Sa-Su 05:00-22:00; PH 05:00-22:00",,False,,,,
w1373612991,Garden of Festivities,park,19.0487259,72.8540627,,,,False,,,,
w1382535720,Jai Machindranath Mitra Mandal,park,19.0479839,72.853943,,,,False,,,,
w1387274670,The Homemade Cafe and Bar,cafe,19.103345,72.8270107,,,,False,,,,
w1387274672,Hit n Run,restaurant,19.1032311,72.8270155,,,lebanese,False,,,,
w1387274675,Mahesh Lunch Home,restaurant,19.1036816,72.8266754,,,seafood,False,,,,
w1387274682,Birla Garden,park,19.1049813,72.8246936,,,,False,,,,
w1388813516,Nilgiri Park,park,19.0622876,72.8354083,,"Mo-Sa 05:00-13:00,15:00-22:00; Su 05:00-22:00; PH 05:00-22:00",,False,,,,
w1394097473,Lejhim Maidan,park,19.0462208,72.8546372,,,,False,,,,
w1394136080,Jai Shree Ganesh Mitra Mandal,park,19.0464243,72.8538281,,,,False,,,,
w1394136082,Sagar Tarun Mitra Mandal,park,19.0478988,72.854629,,,,False,,,,
w1408576356,Gracias Granny,restaurant,19.0573021,72.8979945,,10:00-23:00,mexican,False,,,,
w1410354480,Mahatapasvi Acharya Shri Mahashramanji City Park,park,19.11081,72.8847119,,,,False,,,,
w1411967081,Arbour Park,park,19.0511347,72.8218559,,,,False,,,,
w1424948150,Rajasthan Restaurant,restaurant,19.0674246,72.8375169,,,indian,False,,,,
w1428230097,Mysore Thatte Tales,restaurant,19.0507554,72.8298997,,Mo-Su 07:00-21:00,indian,False,,,,
w1428261585,BMC Park,park,19.1402889,72.8138935,,Mo-Su 06:00-21:00,,False,,,,
w1430847494,sng park,park,19.0503358,72.8915841,,Mo-Su 10:00-22:00,,False,,,,
w1436642367,Long garden,park,19.0490205,72.8295989,,,,False,,,,
w1442763223,Yazu Pan Asian Supper Club,restaurant,19.1415999,72.8299081,,Mo-Su 12:00-01:30,asian,False,,,,
w1442763229,Juliette Café and Bar,restaurant,19.1416007,72.8300306,,Mo-Su 08:00-01:30,,False,,,,
w1447316456,pushpavatika park,park,19.0839619,72.8415868,,sunrise-sunset,,False,,,,
w1447320492,Sharma bhelpuri house,restaurant,19.1017689,72.8462866,,,chaat,False,,,,
w1453880222,Elephant Enclosure,park,18.9799175,72.8358074,,,,False,,,,
w1457229808,Nirvana Park,park,19.1224504,72.9120678,,Mo-Su 10:00-21:00,,False,,,,
w1460053824,Gracias Granny,restaurant,19.0786619,72.8376146,,10:00-23:00,mexican,False,,,,
w1462324807,Anuban,park,19.0390798,72.9373481,,Mo-Su 08:00-20:00,,False,,,,
w1463026801,Science Park,park,18.9913276,72.8199941,,,,False,,,,
w1466779993,Nana Nani Park,park,19.1423081,72.8474058,,,,False,,,,
w1471905406,Saroj,restaurant,19.0535182,72.8861999,,Mo-Su 10:00-22:00,indian,False,,,,
w1471908159,Film City Ground,park,19.1651304,72.8829741,,Mo-Su 06:00-18:00,,False,,,,
w1479855070,Yasin's Food Inn,restaurant,19.1413156,72.8253263,,,mughlai;italian;indian;chinese;arab;lebanese,False,,,,
w1504782809,Sorozai,restaurant,19.1310762,72.8139001,,,,False,,,,
w1504782812,Rodeo Pizza,restaurant,19.1309283,72.8139713,,,,False,,,,
w1504782815,Barista,cafe,19.1311157,72.8138626,,,coffee_shop,False,,,,
w1505434553,Starbucks,cafe,19.0785841,72.8376134,,,coffee_shop,False,,,,
w1543023465,Amar Juice Centre,restaurant,19.1093891,72.8369234,,Mo-Su 11:00-02:00,indian,False,,,,
w1544839891,Tea Shop,cafe,19.0629366,72.8295467,,Mo-Su 08:00-22:00,coffee_shop,False,,,,
w1548346532,Mallika Hotel & Bar,restaurant,19.1789969,72.8645418,,,grill,False,,,,
w1548346533,Noorani Restaurant,restaurant,19.1789619,72.8623226,,,chicken;chinese,True,,,,
w1554734895,hoppers ground,park,19.0218603,72.8531476,,mo-sun 6:00-19:00,,False,,,,
w1554738133,emerald park,park,19.0755673,72.8940972,,mo-su 7:00-22:00,,False,,,,
w1554738480,King Circle Udyan,park,19.0268747,72.8553953,,,,False,,,,
w1554739072,poonaam park,park,18.9889452,72.844243,,03:00-07:00,,False,,,,
w1557766980,Sardaarji Haveli,restaurant,19.1461285,72.8301547,,,,False,,,,
w1558058304,mankhurd bridge graden BMC chlidren,park,19.0505495,72.9364991,,,,False,,,,
w1558181722,Park View Garden,park,19.0785321,72.9087569,,Mo-Su 06:00-22:00,,False,,,,
w1558827863,Cafe Safar,restaurant,19.1486627,72.833057,,,,False,,,,
w1562122425,Janata Tawa and Grill,restaurant,19.1397859,72.8443722,,,,False,,,,
r6417294,Madh Fort,fort,19.1323401,72.7947726,,,,False,,,,
r8757021,Dadasaheb Phalke Chitranagari,attraction,19.1582914,72.8901245,,,,False,,,,
r19691449,Guru Nanak Sports Ground,park,19.1606181,72.8386857,,Mo-Su 09:00-22:00,,False,,,,
n245659178,Sunbeam Geeta,hotel,18.9978253,72.818454,,,,False,,,,
n245659835,Vivako,hotel,19.0059,72.8186,,,,False,,,,
n245664375,Jollyland,hotel,19.0491708,72.9051478,,,,False,,,,
n245664752,Ghatla,hotel,19.0517387,72.9103117,,,,False,,,,
n245666538,Maruthi Mahal,hotel,19.0636369,72.8940601,,,,False,,,,
n245666563,Anita Mahal,hotel,19.0693839,72.8836606,,,,False,,,,
n245668354,Regency,hotel,19.0790449,72.8462916,,,,False,,,,
n245668712,Classic,hotel,19.0835527,72.8384747,,Mo-Su 09:00-21:00,,False,,,,
n245669161,Atlantic,hotel,19.0870126,72.8274729,3.0,24/7,,False,,,,
n245669308,Ajanta,hotel,19.0886,72.8275,,,,False,,,,
n245670368,Ambassador,hotel,19.103681,72.8754749,,,,False,,,,
n245671372,Leela Kempinski,hotel,19.1065748,72.8761199,,,,False,,,,
n245671375,Kumaria Presidency,hotel,19.1065999,72.8769001,,,,False,,,,
n245671517,Samraj,hotel,19.1097262,72.8594577,,,,False,,,,
n245672493,Highway Inn,hotel,19.1175319,72.8508646,,,,False,,,,
n245672530,Tunga International,hotel,19.1154,72.872,,,,False,,,,
n245675841,Dolphin View,hotel,19.1437101,72.7893756,,,,False,,,,
n245677504,Jay Prakash,hotel,19.1623,72.8513,,,,False,,,,
n668478113,Hostel No. 5,hostel,19.1350214,72.9096978,,,,False,,,,
n668478125,Hostel No. 2,hostel,19.1364536,72.9125695,,,,False,,,,
n668478126,Hostel No. 3,hostel,19.1362317,72.9114868,,,,False,,,,
n668478127,Hostel No. 1,hostel,19.1362571,72.9139938,,,,False,,,,
n668504454,Hostel No. 10,hostel,19.1290631,72.9157813,,,,False,,,,
n668506109,Hostel No. 11,hostel,19.1329296,72.9118107,,,,False,,,,
n700886292,Diamond,hotel,18.99282,72.8486524,,,,False,,,,
n1367092463,Pratistha,hotel,19.0539661,72.9111921,,,,False,,,,
n1392005678,Apsara International,hotel,19.079788,72.8385825,,,,False,,,,
n1392005681,Galaxy,hotel,19.0835291,72.8442623,,,,False,,,,
n1392005687,Welco,hotel,19.0805429,72.840324,,,,False,,,,
n1549970484,HBCSE Hostel,hostel,19.0425272,72.9272843,,,,False,,,,
n1608381628,Van Vihar Guest House,guest_house,19.1297012,72.9147401,,,,False,,,,
n1640686132,Vyas Wadi,hotel,19.1443977,72.7896652,,,,False,,,,
n1650382549,Hilltop,hotel,19.0101,72.8179021,,,,False,,,,
n1651404912,Malhar,hotel,19.0597045,72.8976517,,,,False,,,,
n1803677376,Anand Bhavan,guest_house,19.113053,72.8256428,,,,False,,,,
n2290729188,Shangrila,hotel,19.0440479,72.8662694,,,,False,,,,
n2313139917,Ramada Powai Hotel & Convention Center,hotel,19.1359551,72.8990184,,,,False,,,,
n3125252473,Janata Hotel,hotel,19.0397857,72.9479365,,,,False,,,,
n3206040351,new delhi,hotel,19.0624996,72.9288123,,,,False,,,,
n3530903071,triveni bar,hotel,19.0573437,72.887152,,,,False,,,,
n3846789769,Waterstones Hotel,hotel,19.1057985,72.8771149,,,,False,,,,
n4718063489,Nirvana Residences,hotel,19.0782212,72.8300971,3.0,,,False,,,,
n4878938456,Hostel 16 C Wing,hostel,19.137742,72.9131065,,,,False,,,,
n5880343477,Jalvihar Guest House,guest_house,19.1292503,72.9141205,,,,False,,,,
n7920057609,Hotel Sunny,hotel,19.0639301,72.8961413,,,,False,,,,
n9740590191,Central Government Touring Officers Guest House,guest_house,19.0289955,72.8633023,,,,False,,,,
n10767848892,Hotel Sunshine Lodging,hotel,19.1261081,72.8933908,,,,False,,,,
n11445777740,Hotel Dwarka,hotel,19.0849255,72.8872426,,,,False,,,,
n11530321946,Vagad Student Hostel,hostel,19.1438319,72.8310718,,,,False,,,,
n12635328075,Sagar Restaurant,hotel,19.0667221,72.8792666,,,,False,,,,
w55375575,SPCE boys hostel,hostel,19.1260118,72.8351779,,,,False,,,,
w113721904,Hotel City Point,hotel,19.0170072,72.8480067,,,,False,,,,
w124990238,Imperial Grand Palace,hotel,19.1509951,72.8922424,,,,False,,,,
w195072877,CETTM Hostel (MTNL Guesthouse),hostel,19.1176986,72.9147825,,,,False,,,,
w206478064,The Westin Mumbai Powai Lake,hotel,19.1349198,72.9019419,,,,False,,,,
w249860342,Maheshwari Bhavan,guest_house,19.1492486,72.8307676,,,,False,,,,
w249860361,Gujarati Samaj Bhavan,guest_house,19.1438315,72.8310221,,,,False,,,,
w250277057,Mphil/Ph.D Ladies Hostel,hostel,19.0434785,72.9118706,,,,False,,,,
w250280952,Men's Hostel - 3,hostel,19.0432458,72.9117137,,,,False,,,,
w254296962,YMCA,guest_house,19.0885078,72.9163921,,,,False,,,,
w255362201,Manuel Gonsalves Ladies Hostel,hostel,19.0565554,72.8294609,,,,False,,,,
w289511930,Amrapali Working Womens Hostel,hostel,19.0678654,72.8945369,,,,False,,,,
w297139849,SP Jain Hostel,hostel,19.1247831,72.8338916,,,,False,,,,
w307395968,Janata Hotel,hotel,19.0397378,72.947922,,,,False,,,,
w315277080,al-farook hotel,hotel,19.0388658,72.9465409,,,,False,,,,
w315345642,Hotel Bahri Residency,hotel,19.0516971,72.9010606,,,,False,,,,
w315440399,dosti hotel,hotel,19.038676,72.9495571,,,,False,,,,
w352928006,RVG Girls' Hostel,hostel,19.16894,72.8678089,,,,False,,,,
w353172660,KBP Boys Hostel,hostel,19.0702005,72.8597946,,,,False,,,,
w353184523,Garware Collage Canteen,hotel,19.0734396,72.8568222,,,,False,,,,
w353378709,Shangrila,hotel,19.0434996,72.8654332,,,,False,,,,
w353789529,Tata Memorial Hospital Post Graduate's Hostel,hostel,19.0366481,72.9101256,,,,False,,,,
w354029367,New Zealand Hostel,hostel,19.1522314,72.8723843,,,,False,,,,
w354228648,Kohinoor Building,hotel,19.016891,72.8293393,,,,False,,,,
w356259087,Hotel Jewel Palace,hotel,19.0697478,72.8381658,,,,False,,,,
w357187124,Hotel T-Junction,hotel,19.0471693,72.8526399,,,,False,,,,
w357364448,Mumbai University Canteen,hotel,19.0707868,72.8590611,,,,False,,,,
w373368298,NIUS Hostel,hostel,19.0421486,72.9271423,,,,False,,,,
w522008032,Aarey Guest House,guest_house,19.1436975,72.8824318,,,,False,,,,
w816592155,Training School Hostel,hostel,19.0338883,72.9251473,,,,False,,,,
w905319551,HBNI Hostel,hostel,19.0374403,72.9242731,,,,False,,,,
w905319553,Post Graduate's Hostel,hostel,19.0363287,72.9241777,,,,False,,,,
w1052052211,Ashtavakra Hostel,hostel,19.0465164,72.8735664,,,,False,,,,
w1226336536,Juhu Hotel,hotel,19.1033393,72.8253706,,,,False,,,,
w1349946534,Agnel's Girls' Hostel,hostel,19.0768659,72.9909029,,,,False,,,,
w1349946535,Agnel's Girls' Hostel,hostel,19.0766477,72.9908466,,,,False,,,,
w1388705902,Maitreyi Hostel,hostel,19.0728388,72.8970642,,,,False,,,,
w1388706920,Sandipani Hostel,hostel,19.0726564,72.8969473,,,,False,,,,
w1390028816,K J Somaiya Polytechnic Hostel,hostel,19.0726447,72.8994004,,,,False,,,,
w1478056950,ibis Mumbai BKC,hotel,19.0740231,72.8689411,,,,False,,,,
w1537194072,New Girls Hostel University of Mumbai,hostel,19.0671781,72.8596338,,,,False,,,,
r5289224,Savitribai Phule Girls Hostel,hostel,19.0731116,72.8596625,,,,False,,,,
lp655c3,The St. Regis Mumbai,hotel,18.993899,72.82463,5.0,,,False,9.4,2030.0,https://static.cupid.travel/hotels/538777323.jpg,liteapi
lp6554d34b,Radisson Blu Mumbai International Airport,hotel,19.108043,72.879429,5.0,,,False,9.8,4092.0,https://static.cupid.travel/hotels/331987493.jpg,liteapi
lp38fc6,JW Marriott Mumbai Juhu,hotel,19.101958,72.826561,5.0,,,False,9.0,2091.0,https://static.cupid.travel/hotels/464597075.jpg,liteapi
lp5b6be,Sofitel Mumbai BKC,hotel,19.067502,72.869257,5.0,,,False,9.6,2451.0,https://static.cupid.travel/hotels/555554492.jpg,liteapi
lp53882,Courtyard by Marriott Mumbai International Airport,hotel,19.113768,72.864332,5.0,,,False,9.2,1570.0,https://static.cupid.travel/hotels/622053015.jpg,liteapi
lp29660,Hilton Mumbai International Airport Hotel,hotel,19.104191,72.870912,5.0,,,False,9.0,3685.0,https://static.cupid.travel/hotels/490796111.jpg,liteapi
lp3ffe7,Trident Bandra Kurla,hotel,19.06664,72.867529,5.0,,,False,9.0,4342.0,https://static.cupid.travel/hotels/33034375.jpg,liteapi
lp321fa,Taj Lands End,hotel,19.043707,72.819038,5.0,,,False,8.5,4587.0,https://static.cupid.travel/hotels/13800549.jpg,liteapi
lp7bde2,JW Marriott Mumbai Sahar,hotel,19.103204,72.877785,5.0,,,False,,295.0,https://static.cupid.travel/hotels/ex_0114879f_z.jpg,liteapi
lp515fe,The Westin Mumbai Garden City,hotel,19.172342,72.860306,5.0,,,False,9.4,1287.0,https://static.cupid.travel/hotels/508884853.jpg,liteapi
lp65585308,Fairfield by Marriott Mumbai International Airport,hotel,19.099481,72.879882,4.0,,,False,9.6,2817.0,https://static.cupid.travel/hotels/450218876.jpg,liteapi
lp33bad,The Lalit Mumbai,hotel,19.104865,72.875597,5.0,,,False,9.2,3010.0,https://static.cupid.travel/hotels/18068240.jpg,liteapi
lp51b62,Holiday Inn Mumbai International Airport by IHG,hotel,19.103116,72.887134,5.0,,,False,9.0,1953.0,https://static.cupid.travel/hotels/291845836.jpg,liteapi
lp36e5c,"ITC Grand Central, a Luxury Collection Hotel, Mumbai",hotel,18.998334,72.838569,5.0,,,False,9.6,1901.0,https://static.cupid.travel/hotels/465558636.jpg,liteapi
lp65592724,Novotel Mumbai International Airport,hotel,19.105491,72.875695,5.0,,,False,8.6,2996.0,https://static.cupid.travel/hotels/520102811.jpg,liteapi
lp2f410,"ITC Maratha Mumbai, a Luxury Collection Hotel, Mumbai",hotel,19.103988,72.870049,5.0,,,False,8.6,114.0,https://static.cupid.travel/hotels/ex_w4000h2662x0y0-6377ff81_z.jpg,liteapi
lp2fd86,The Westin Mumbai Powai Lake,hotel,19.134456,72.901289,5.0,,,False,8.6,1292.0,https://static.cupid.travel/hotels/537391763.jpg,liteapi
lp40f33,Radisson Mumbai Goregaon,hotel,19.17353,72.845903,4.0,,,False,9.0,971.0,https://static.cupid.travel/hotels/232811509.jpg,liteapi
lp1c6a6,The Leela Mumbai,hotel,19.109246,72.873872,5.0,,,False,9.2,130.0,https://static.cupid.travel/hotels/ex_53036ab4_z.jpg,liteapi
lp3589d,Grand Hyatt Mumbai Hotel and Serviced Apartments,hotel,19.076925,72.851222,5.0,,,False,,110.0,https://static.cupid.travel/hotels/ex_6b5cac98_z.jpg,liteapi
lp4cc58,Four Seasons Hotel Mumbai,hotel,18.994039,72.820415,5.0,,,False,9.0,111.0,https://static.cupid.travel/hotels/ex_w1313h1048x0y1-20bcade3_z.jpg,liteapi
lp4c211,Novotel Mumbai Juhu Beach Hotel,hotel,19.108675,72.824394,5.0,,,False,,276.0,https://static.cupid.travel/hotels/ex_2e835db1_z.jpg,liteapi
lpf490e,Radisson Mumbai Andheri MIDC,hotel,19.117683,72.864681,5.0,,,False,8.8,2416.0,https://static.cupid.travel/hotels/232847655.jpg,liteapi
lp3a654,Ramada Plaza By Wyndham Palm Grove,hotel,19.098772,72.827468,5.0,,,False,7.5,1255.0,https://static.cupid.travel/hotels/73171931.jpg,liteapi
lp838ec,Niranta Transit Hotel Mumbai Airport - At Arrivals,hotel,19.099218,72.875385,4.0,,,False,7.6,2997.0,https://static.cupid.travel/hotels/220342475.jpg,liteapi
lp2d9ec,Sahara Star,hotel,19.09564,72.85413,5.0,,,False,,103.0,https://static.cupid.travel/hotels/ex_b6e7b60c_z.jpg,liteapi
lp5b4df,"Meluha The Fern Mumbai, Powai, Series by Marriott",hotel,19.1178,72.911134,5.0,,,False,8.1,496.0,https://static.cupid.travel/hotels/26395236.jpg,liteapi
lp656c376b,"Aurika, Mumbai International Airport",hotel,19.103465,72.86263,5.0,,,False,9.0,134.0,https://static.cupid.travel/hotels/ex_75395301_z.jpg,liteapi
lp6558a83c,Bloom Boutique l Bandra,hotel,19.066794,72.830237,3.0,,,False,8.4,1121.0,https://static.cupid.travel/hotels/412912355.jpg,liteapi
lp30de4,"Lakeside Chalet - Mumbai, Marriott Executive Apartments",hotel,19.132896,72.89943,5.0,,,False,,74.0,https://static.cupid.travel/hotels/ex_5ba9c2f1_z.jpg,liteapi
lp222a5,The Orchid Hotel Mumbai Vile Parle,hotel,19.097404,72.855111,5.0,,,False,,110.0,https://static.cupid.travel/hotels/ex_26a34c35_z.jpg,liteapi
lp1df5cb,Hyatt Centric Juhu Mumbai,hotel,19.091657,72.827969,,,,False,9.4,999.0,https://static.cupid.travel/hotels/412205780.jpg,liteapi
lp658bf,Ginger Mumbai Andheri (MIDC),hotel,19.128474,72.868817,3.0,,,False,8.8,1172.0,https://static.cupid.travel/hotels/475264931.jpg,liteapi
lp656c3559,Ginger Mumbai Airport,hotel,19.09357,72.856816,3.0,,,False,9.0,241.0,https://static.cupid.travel/hotels/ex_027f0f75_z.jpg,liteapi
lp1fb735,Lemon Tree Premier Mumbai Intl. Airport,hotel,19.108185,72.88202,4.0,,,False,,52.0,https://static.cupid.travel/hotels/ex_7bc6922a_z.jpg,liteapi
lp3bad5,Hotel Bawa Suites Bandra,hotel,19.071102,72.833964,3.0,,,False,8.8,667.0,https://static.cupid.travel/hotels/493353407.jpg,liteapi
lp4cae2,Grand Residency Hotel & Serviced Apartments,hotel,19.061591,72.832524,4.0,,,False,7.6,639.0,https://static.cupid.travel/hotels/81595285.jpg,liteapi
lp65553d51,"Hotel Auris & Banquets, Mumbai International Airport",hotel,19.126054,72.863127,4.0,,,False,8.0,260.0,https://static.cupid.travel/hotels/331097348.jpg,liteapi
lp656c36b1,"Taj The Trees, Mumbai",hotel,19.092778,72.921639,5.0,,,False,9.6,156.0,https://static.cupid.travel/hotels/ex_d29aee19_z.jpg,liteapi
lp9e009,"The Fern Mumbai, Goregaon, Series by Marriott",hotel,19.162503,72.857013,5.0,,,False,7.9,356.0,https://static.cupid.travel/hotels/81730889.jpg,liteapi
lp645ba,"The Fern Residency Mumbai, The Acres Chembur, Series by Marriott",hotel,19.052575,72.892144,4.0,,,False,9.0,381.0,https://static.cupid.travel/hotels/414491213.jpg,liteapi
lp573c2,Hotel Suba International Sahar Road Mumbai,hotel,19.106132,72.860198,4.0,,,False,8.6,1447.0,https://static.cupid.travel/hotels/63525505.jpg,liteapi
lp2f315,"Hotel Kohinoor Continental, Airport",hotel,19.112103,72.868302,4.0,,,False,8.2,750.0,https://static.cupid.travel/hotels/11391794.jpg,liteapi
lp65864033,Fairmont Mumbai,hotel,19.102161,72.876991,5.0,,,False,10.0,27.0,https://static.cupid.travel/hotels/ex_83735cc0_z.jpg,liteapi
lp363c1,Hotel Bawa International Mumbai Airport,hotel,19.096377,72.853711,3.0,,,False,8.4,1361.0,https://static.cupid.travel/hotels/78990736.jpg,liteapi
lp59e42,ibis Mumbai Airport Hotel,hotel,19.096738,72.853474,3.0,,,False,,285.0,https://static.cupid.travel/hotels/ex_a9cedc2f_z.jpg,liteapi
lp4c3ad,Hotel Sea Princess,hotel,19.093363,72.828147,4.0,,,False,7.4,149.0,https://static.cupid.travel/hotels/ex_e7e0b7ae_z.jpg,liteapi
lpa3b53,The Empresa Hotel,hotel,19.136574,72.829844,4.0,,,False,7.3,370.0,https://static.cupid.travel/hotels/165103496.jpg,liteapi
lp2d848,Sun-n-Sand Mumbai Juhu Beach,hotel,19.109488,72.824343,5.0,,,False,7.7,989.0,https://static.cupid.travel/hotels/11467865.jpg,liteapi
lp656c2928,Arnna Hotel - Goregaon,hotel,19.154821,72.851805,4.0,,,False,7.4,25.0,https://static.cupid.travel/hotels/ex_e3c623ca_z.jpg,liteapi
lp81789,Hotel Beacon T2,hotel,19.091468,72.882797,,,,False,9.4,151.0,https://static.cupid.travel/hotels/46378951.jpg,liteapi
lp225113,Hotel BKC Garden,hotel,19.071531,72.86913,3.0,,,False,7.4,39.0,https://static.cupid.travel/hotels/ex_52efaf26_z.jpg,liteapi
lp69733,Residency Sarovar Portico,hotel,19.175373,72.846714,4.0,,,False,,740.0,https://static.cupid.travel/hotels/19026033.jpg,liteapi
lpaacb5,"The Royal Orchid Hotel, Chembur",hotel,19.061462,72.90195,3.0,,,False,7.9,953.0,https://static.cupid.travel/hotels/130009356.jpg,liteapi
lp442fb,Mirage Hotel,hotel,19.10856,72.876946,4.0,,,False,,225.0,https://static.cupid.travel/hotels/ex_c961c87a_z.jpg,liteapi
lp5d5c8,T24 Retro,hotel,19.096669,72.854157,4.0,,,False,,66.0,https://static.cupid.travel/hotels/ex_a907c796_z.jpg,liteapi
lp32d75,The Mirador,hotel,19.111382,72.86043,4.0,,,False,7.8,103.0,https://static.cupid.travel/hotels/ex_666ce5b5_z.jpg,liteapi
lp5e492,Hotel Kohinoor Elite near BKC,hotel,19.080464,72.885522,4.0,,,False,8.0,634.0,https://static.cupid.travel/hotels/476599358.jpg,liteapi
lp6585d837,Hilton Garden Inn Mumbai International Airport,hotel,19.103934,72.86246,3.0,,,False,10.0,13.0,https://static.cupid.travel/hotels/ex_b5798293_z.jpg,liteapi
lp655809ad,Ginger Mumbai Goregaon,hotel,19.160338,72.851057,3.0,,,False,,212.0,https://static.cupid.travel/hotels/ex_e1822b15_z.jpg,liteapi
lp365bb,IRA By Orchid Mumbai T-2 International Airport,hotel,19.112038,72.870991,4.0,,,False,6.4,105.0,https://static.cupid.travel/hotels/ex_fc37169b_z.jpg,liteapi
lp865ba,T24 Residency Mumbai International Airport Hotel,hotel,19.109705,72.876002,4.0,,,False,7.3,593.0,https://static.cupid.travel/hotels/54727914.jpg,liteapi
lp199ff2,Ramee Techome,hotel,19.066961,72.839354,4.0,,,False,7.8,52.0,https://static.cupid.travel/hotels/ex_cd591c9d_z.jpg,liteapi
lp655731e0,Bloom Hotel - Worli,hotel,18.992166,72.82083,3.0,,,False,,461.0,https://static.cupid.travel/hotels/320111894.jpg,liteapi
lpa3ce8,Club Emerald,hotel,19.056316,72.891139,3.0,,,False,7.4,93.0,https://static.cupid.travel/hotels/90297592.jpg,liteapi
lp2d162,Ramee Guestline Hotel Juhu,hotel,19.109254,72.825429,4.0,,,False,6.5,305.0,https://static.cupid.travel/hotels/88499973.jpg,liteapi
lp378a1,Hotel Residency Andheri,hotel,19.11758,72.856049,3.0,,,False,,128.0,https://static.cupid.travel/hotels/ex_dfc1c2fa_z.jpg,liteapi
lp657acae0,Moxy Mumbai Andheri West,hotel,19.138758,72.83329,5.0,,,False,8.8,358.0,https://static.cupid.travel/hotels/597035785.jpg,liteapi
lp688f1,Goldfinch Hotel Mumbai,hotel,19.119665,72.870113,4.0,,,False,8.3,362.0,https://static.cupid.travel/hotels/365137926.jpg,liteapi
lp1e472e,"Indie Stays -BKC, Kalina",hotel,19.071235,72.864315,2.0,,,False,7.8,50.0,https://static.cupid.travel/hotels/ex_33a4c0bd_z.jpg,liteapi
lp4c97a,The Resort,hotel,19.173398,72.796051,5.0,,,False,8.8,1226.0,https://static.cupid.travel/hotels/472403197.jpg,liteapi
lp4b4ea,The Oriental Residency,hotel,19.067766,72.835354,3.0,,,False,7.0,418.0,https://static.cupid.travel/hotels/70990123.jpg,liteapi
lp441cc,Hotel Airport International,hotel,19.096218,72.854164,3.0,,,False,,120.0,https://static.cupid.travel/hotels/ex_52a110fe_z.jpg,liteapi
lp65485,Hotel Oriental Aster - Mumbai International Airport,hotel,19.107919,72.861626,4.0,,,False,7.9,1061.0,https://static.cupid.travel/hotels/342883399.jpg,liteapi
lp657d330c,"Aurika, Mumbai International Airport - Luxury by Lemon Tree Hotels",hotel,19.103475,72.862584,5.0,,,False,8.6,1560.0,https://static.cupid.travel/hotels/530661047.jpg,liteapi
lpabdbe,Treebo Olive Inn Near BKC,hotel,19.072767,72.875904,3.0,,,False,8.4,289.0,https://static.cupid.travel/hotels/99189111.jpg,liteapi
lp65583a82,"Hotel BKC CROWN - Near Trade Centre, Visa Consulate",hotel,19.071649,72.869156,3.0,,,False,,224.0,https://static.cupid.travel/hotels/376047483.jpg,liteapi
lp6578a483,Niranta Transit Hotel Terminal 2 Arrivals/Landside,hotel,19.098559,72.87431,4.0,,,False,7.6,6317.0,https://static.cupid.travel/hotels/219189901.jpg,liteapi
lp65574e67,"Lemon Tree Hotel, Kalina BKC, Mumbai",hotel,19.07445,72.869739,2.0,,,False,5.4,11.0,https://static.cupid.travel/hotels/ex_a572e188_z.jpg,liteapi
lp199e4e,Hotel Anantha Executive Suites,hotel,19.13873,72.93046,3.0,,,False,8.0,2.0,https://static.cupid.travel/hotels/ex_3f7b6587_z.jpg,liteapi
lp226dd4,Hotel Grace Galaxy,hotel,19.061461,72.837124,3.0,,,False,6.2,18.0,https://static.cupid.travel/hotels/ex_2b676c53_z.jpg,liteapi
lp657fe062,Ginger Mumbai Airport,hotel,19.097355,72.853805,4.0,,,False,7.4,2041.0,https://static.cupid.travel/hotels/533708472.jpg,liteapi
lp406df,The Sahil Hotel,hotel,18.968741,72.823596,4.0,,,False,8.8,843.0,https://static.cupid.travel/hotels/14674875.jpg,liteapi
lp6575d04e,Niranta Transit Hotel Mumbai Airport - At Arrivals,hotel,19.099218,72.875385,4.0,,,False,7.6,2953.0,https://static.cupid.travel/hotels/220342475.jpg,liteapi
lp622b5,Dragonfly - The Art Hotel,hotel,19.111242,72.861191,4.0,,,False,7.0,52.0,https://static.cupid.travel/hotels/ex_7550dbab_z.jpg,liteapi
lp4e8b4,Hotel Suncity Residency,hotel,19.115806,72.872714,3.0,,,False,8.5,122.0,https://static.cupid.travel/hotels/585396532.jpg,liteapi
lp6556e963,Bloom Hotel - Juhu,hotel,19.089454,72.82761,4.0,,,False,7.2,670.0,https://static.cupid.travel/hotels/328128049.jpg,liteapi
lp68863,The Beatle,hotel,19.121288,72.909703,4.0,,,False,7.8,15.0,https://static.cupid.travel/hotels/ex_89ce48ec_z.jpg,liteapi
lp655767d3,ibis Mumbai Vikhroli - An Accor Brand,hotel,19.120665,72.926367,4.0,,,False,7.7,827.0,https://static.cupid.travel/hotels/322126056.jpg,liteapi
lp37288,Hotel Heritage formerly known as Comfort Inn Heritage,hotel,18.975937,72.834381,4.0,,,False,7.8,554.0,https://static.cupid.travel/hotels/208529315.jpg,liteapi
lp655b6ffa,Hotel Jewel of Chembur,hotel,19.061596,72.899576,3.0,,,False,7.3,112.0,https://static.cupid.travel/hotels/31195047.jpg,liteapi
lp6582520d,Taj Santacruz,hotel,19.09293,72.854588,5.0,,,False,8.9,2834.0,https://static.cupid.travel/hotels/125011716.jpg,liteapi
lp656bd324,"Lemon Tree Premier, Malad, Mumbai",hotel,19.179037,72.841587,4.0,,,False,8.3,164.0,https://static.cupid.travel/hotels/61077626.jpg,liteapi
lp655e0,Hotel Avon Ruby Dadar,hotel,19.01544,72.844529,3.0,,,False,7.0,173.0,https://static.cupid.travel/hotels/576371021.jpg,liteapi
lp365ba,Rodas An Ecotel Hotel,hotel,19.118335,72.911552,3.0,,,False,8.2,413.0,https://static.cupid.travel/hotels/40832628.jpg,liteapi
lp6f4ec,LA Hotel Metro,hotel,19.060528,72.872625,3.0,,,False,6.8,64.0,https://static.cupid.travel/hotels/ex_616d1290_z.jpg,liteapi
lp41249,Regency Hotel,hotel,19.079843,72.846439,3.0,,,False,6.9,31.0,https://static.cupid.travel/hotels/44616753.jpg,liteapi
lpa904d,"Ginger Mumbai, Andheri",hotel,19.115902,72.8504,4.0,,,False,6.6,1407.0,https://static.cupid.travel/hotels/266313701.jpg,liteapi
lp3b993,Ramee Guestline Hotel Dadar,hotel,19.017194,72.844613,4.0,,,False,7.7,285.0,https://static.cupid.travel/hotels/22253077.jpg,liteapi
lp656c3605,Hotel Classio Andheri,hotel,19.130671,72.831683,2.0,,,False,9.4,4.0,https://static.cupid.travel/hotels/ex_c0ec2944_z.jpg,liteapi
lp658626ba,Ibis Mumbai Bkc,hotel,19.072268,72.865614,4.0,,,False,9.0,5.0,https://static.cupid.travel/hotels/ex_6a6bddac_z.jpg,liteapi
lp4c154,Citizen Hotel,hotel,19.095811,72.82699,3.0,,,False,7.2,632.0,https://static.cupid.travel/hotels/7568243.jpg,liteapi
lpa9f3a,Hotel Leafio Mumbai,hotel,19.102266,72.886059,3.0,,,False,7.2,57.0,https://static.cupid.travel/hotels/ex_054dec37_z.jpg,liteapi
lp655597f5,Hotel Cliffton,hotel,19.134939,72.848047,4.0,,,False,8.4,93.0,https://static.cupid.travel/hotels/289593407.jpg,liteapi
lp657ed4d0,Hotel Naaz Executive,hotel,19.092188,72.88301,3.0,,,False,9.1,670.0,https://static.cupid.travel/hotels/528278574.jpg,liteapi
lp657a60d6,Grand Hyatt Mumbai Hotel and Residences,hotel,19.076796,72.85124,5.0,,,False,8.3,2109.0,https://static.cupid.travel/hotels/377035830.jpg,liteapi
lp3be8e,Hotel Bawa Continental Juhu Beach,hotel,19.100571,72.827481,3.0,,,False,,1236.0,https://static.cupid.travel/hotels/189285663.jpg,liteapi
lp658628a6,"ICONIQA Hotel, Mumbai International Airport",hotel,19.101144,72.879249,4.0,,,False,10.0,7.0,https://static.cupid.travel/hotels/ex_w1625h1124x0y0-1c89fae7_z.jpg,liteapi
lp6557667f,Hotel Naaz Executive Near T2 Airport,hotel,19.091942,72.883529,3.0,,,False,9.0,24.0,https://static.cupid.travel/hotels/ex_cd59df63_z.jpg,liteapi
lp6574feb5,Hammock Hostels - Bandra,hostel,19.074228,72.824848,,,,False,9.1,439.0,https://static.cupid.travel/hotels/613329643.jpg,liteapi
lp4e9f2,Bawa Regency,hotel,19.013737,72.84383,2.0,,,False,6.8,45.0,https://static.cupid.travel/hotels/ex_05a6839f_z.jpg,liteapi
lpd88a6,Hotel Leafio Marigold Marol,hotel,19.10211,72.88596,3.0,,,False,7.2,20.0,https://static.cupid.travel/hotels/ex_027ae5cc_z.jpg,liteapi
lp815cd,Hotel Amigo,hotel,19.024718,72.835488,2.0,,,False,7.6,117.0,https://static.cupid.travel/hotels/93849815.jpg,liteapi
lp657bdbde,"Mirage Hotel, Mumbai International Airport",hotel,19.109959,72.873589,4.0,,,False,8.5,634.0,https://static.cupid.travel/hotels/455133540.jpg,liteapi
lp65823d82,Hotel Linkway,hotel,19.071824,72.83434,2.0,,,False,8.4,678.0,https://static.cupid.travel/hotels/46363508.jpg,liteapi
lp6570b700,"Le Sutra Hotel, Khar, Mumbai",hotel,19.071817,72.82549,4.0,,,False,8.6,436.0,https://static.cupid.travel/hotels/249672515.jpg,liteapi
lp657b2829,Hotel Suba Galaxy Mumbai,hotel,19.114088,72.851935,4.0,,,False,7.8,1093.0,https://static.cupid.travel/hotels/63526409.jpg,liteapi
lp6557cb4d,Nap Manor Hostels,hostel,19.082198,72.847326,2.0,,,False,9.6,22.0,https://static.cupid.travel/hotels/ex_05bbc222_z.jpg,liteapi
lpd1be3,Hostel Mantra,hostel,19.140473,72.820564,,,,False,8.6,326.0,https://static.cupid.travel/hotels/183758047.jpg,liteapi
lp4f6d8,Sukh Hotel,hotel,19.100374,72.827391,3.0,,,False,4.4,5.0,https://static.cupid.travel/hotels/ex_a4e77336_z.jpg,liteapi
lp657bc15e,Click Hotels Andheri MIDC,hotel,19.120717,72.863257,3.0,,,False,10.0,49.0,https://static.cupid.travel/hotels/110414321.jpg,liteapi
lpe9706,Hotel Ashwin,hotel,19.1096,72.87829,3.0,,,False,7.6,44.0,https://static.cupid.travel/hotels/ex_41d4ad89_z.jpg,liteapi
lp4cb7e,Hotel Le Grande - Mumbai International Airport,hotel,19.105393,72.86257,3.0,,,False,,52.0,https://static.cupid.travel/hotels/ex_23dd31b1_z.jpg,liteapi
lp655d3227,Forrest Hostels,hostel,19.064169,72.850028,,,,False,8.7,980.0,https://static.cupid.travel/hotels/582599999.jpg,liteapi
lp65811615,Hotel Residency Andheri,hotel,19.117656,72.856005,3.0,,,False,8.0,595.0,https://static.cupid.travel/hotels/33903873.jpg,liteapi
lp657371dc,Arnna-Nesco Goregaon,hotel,19.153863,72.85137,4.0,,,False,7.8,750.0,https://static.cupid.travel/hotels/531280506.jpg,liteapi
lp657944d0,FabHotel RK International - Nr Mumbai International Airport,hotel,19.085494,72.884266,3.0,,,False,7.7,809.0,https://static.cupid.travel/hotels/378319253.jpg,liteapi
lp7d5c9,Apartment In Mumbai City Centre,hotel,19.031766,72.84133,,,,False,8.7,163.0,https://static.cupid.travel/hotels/338441703.jpg,liteapi
lp658375ce,Sarkar Chambers,hotel,19.055783,72.834007,4.0,,,False,8.6,201.0,https://static.cupid.travel/hotels/447287447.jpg,liteapi
lp315fe,Hotel Parle International,hotel,19.100688,72.845232,3.0,,,False,7.5,415.0,https://static.cupid.travel/hotels/68636948.jpg,liteapi
lp662a0,Lalco Residency,hotel,19.138545,72.866671,4.0,,,False,7.2,388.0,https://static.cupid.travel/hotels/89606616.jpg,liteapi
lp6581a07c,Shine Hospitality Palace,hotel,19.116951,72.880041,3.0,,,False,8.4,258.0,https://static.cupid.travel/hotels/450727150.jpg,liteapi
lp657b4109,The Mirador,hotel,19.111103,72.856717,4.0,,,False,8.0,495.0,https://static.cupid.travel/hotels/606504995.jpg,liteapi
lp65846e68,Kohinoor Dormitory,hotel,19.130251,72.854971,,,,False,8.4,207.0,https://static.cupid.travel/hotels/482244835.jpg,liteapi
lp657dde80,OSTELO Mumbai Airport Hostel,hostel,19.097889,72.8812,,,,False,8.1,510.0,https://static.cupid.travel/hotels/575567135.jpg,liteapi
lp657a3e3c,FabHotel Royal International - Nr Mumbai International Airport,hotel,19.122957,72.863355,3.0,,,False,7.4,917.0,https://static.cupid.travel/hotels/480772043.jpg,liteapi
lp655862d9,Hotel Ariana Residency,hotel,19.127593,72.832616,3.0,,,False,7.2,684.0,https://static.cupid.travel/hotels/392019082.jpg,liteapi
lp65861390,Galaxy Stays BKC,hotel,19.074762,72.869646,3.0,,,False,10.0,10.0,https://static.cupid.travel/hotels/ex_66d5a6a5_z.jpg,liteapi
lp655d4412,Krazy Solo Hostel,hostel,19.04971,72.82538,,,,False,9.0,301.0,https://snaphotelapi.com/hotels/364779111.jpg,liteapi
lp657238a0,Dragonfly Hotel - The Art Hotel,hotel,19.110841,72.863025,4.0,,,False,8.1,365.0,https://static.cupid.travel/hotels/265851149.jpg,liteapi
lp219ba9,Host Inn International Hotel,hotel,19.107928,72.878167,3.0,,,False,2.0,16.0,https://static.cupid.travel/hotels/ex_02a4a7fe_z.jpg,liteapi
lp65648c85,"Home2 Suites and Service Apartments, Mumbai Airport",hotel,19.080777,72.853702,4.0,,,False,8.3,1028.0,https://static.cupid.travel/hotels/346576617.jpg,liteapi
lp655d3d8c,GoSolo Stays Bandra Hostel,hostel,19.07419,72.825287,,,,False,8.8,446.0,https://static.cupid.travel/hotels/592894742.jpg,liteapi
lp657d07cf,Solo Hostel,hostel,19.05575,72.835967,,,,False,8.4,137.0,https://static.cupid.travel/hotels/516927635.jpg,liteapi
lp190c1a,Theory9 Premium Service Apartments Khar,hotel,19.067258,72.837993,4.0,,,False,,193.0,https://static.cupid.travel/hotels/205595337.jpg,liteapi
lp6576920b,Hotel Supreme Comforts- Mumbai International Airport T2,hotel,19.107198,72.859575,3.0,,,False,7.9,320.0,https://static.cupid.travel/hotels/552329171.jpg,liteapi
lp65762339,Wadhwani's Haveli villa in Royal Palms,hotel,19.151274,72.889276,,,,False,9.6,16.0,https://static.cupid.travel/hotels/606424586.jpg,liteapi
lp65756ea9,SEAVIEW Room Bandra W Nr Taj Indian WOMEN ONLY,hotel,19.050363,72.821519,,,,False,9.5,19.0,https://static.cupid.travel/hotels/434746553.jpg,liteapi
lp6579f124,FabHotel Axis International - Nr Mumbai International Airport,hotel,19.112506,72.888223,3.0,,,False,7.5,551.0,https://static.cupid.travel/hotels/249703442.jpg,liteapi
lp657042a8,Lite Stays - Powai,hotel,19.116608,72.913031,4.0,,,False,9.2,39.0,https://static.cupid.travel/hotels/498023307.jpg,liteapi
lp5e2dd,Regent Hotel Andheri,hotel,19.11389,72.87154,3.0,,,False,7.9,276.0,https://static.cupid.travel/hotels/546743993.jpg,liteapi
lp5e443,The Retreat Hotel & Convention Centre,hotel,19.154229,72.788157,5.0,,,False,6.9,380.0,https://static.cupid.travel/hotels/155893717.jpg,liteapi
lp6573fc2c,Hotel Classio Andheri - Near DN Nagar Metro Station,hotel,19.130665,72.831673,3.0,,,False,8.0,241.0,https://static.cupid.travel/hotels/485325907.jpg,liteapi
lp657e81bf,Indie Stays Mumbai International Airport,hotel,19.113912,72.879764,,,,False,9.4,20.0,https://static.cupid.travel/hotels/ex_ea7b929c_z.jpg,liteapi
lp6ccf7,Sai Palace Hotel,hotel,19.115099,72.860137,3.0,,,False,8.8,22.0,https://static.cupid.travel/hotels/ex_b8b633ef_z.jpg,liteapi
lp655b7000,RELOhomes Serviced Apartment,hotel,19.116283,72.912762,4.0,,,False,8.9,249.0,https://static.cupid.travel/hotels/416374678.jpg,liteapi
lp6576e3f4,Super Townhouse Oak Times Square Le Western,hotel,19.10803,72.88308,3.0,,,False,7.7,299.0,https://static.cupid.travel/hotels/424548128.jpg,liteapi
lp657a0db6,Home2 Studio Apartments,hotel,19.080735,72.853679,4.0,,,False,8.3,117.0,https://static.cupid.travel/hotels/530121369.jpg,liteapi
lp65749ac0,Sage,hotel,19.062982,72.824654,3.0,,,False,10.0,6.0,https://static.cupid.travel/hotels/606762710.jpg,liteapi
lp6582b602,AFRA DORMITORY,hotel,19.117122,72.880046,,,,False,10.0,5.0,https://static.cupid.travel/hotels/ex_e8536b80_z.jpg,liteapi
lp6579f20c,FabHotel Liwa International - Nr Mumbai International Airport,hotel,19.126175,72.860093,3.0,,,False,7.4,445.0,https://static.cupid.travel/hotels/455541396.jpg,liteapi
lp3f391,The Paradise by Tunga,hotel,19.120984,72.870297,3.0,,,False,,46.0,https://static.cupid.travel/hotels/ex_64f93a9c_z.jpg,liteapi
lp655d4f80,NAMASTEY MUMBAI BACKPACKERS,hotel,19.063191,72.829377,,,,False,8.5,368.0,https://static.cupid.travel/hotels/265508788.jpg,liteapi
lp6573b6da,Aafee cabin stay & dormitory,hotel,19.095816,72.89492,,,,False,9.1,29.0,https://static.cupid.travel/hotels/606782248.jpg,liteapi
lp65790627,Hotel O Hans Residency,hotel,19.13819,72.82232,3.0,,,False,9.2,19.0,https://static.cupid.travel/hotels/600037228.jpg,liteapi
lp657bf432,Hotel Aksa Palace,hotel,19.132373,72.814617,2.0,,,False,8.2,128.0,https://static.cupid.travel/hotels/526597311.jpg,liteapi
lp658619e2,Melior Inn,hotel,19.17963,72.991045,3.0,,,False,10.0,4.0,https://static.cupid.travel/hotels/ex_cd5fd249_z.jpg,liteapi
lp65718165,Bandra’s Prime luxurious 2 BHK,hotel,19.066669,72.830385,4.0,,,False,9.0,30.0,https://static.cupid.travel/hotels/479143786.jpg,liteapi
lp657d1163,Hotel KF Residency,hotel,19.063053,72.873493,1.0,,,False,7.1,665.0,https://static.cupid.travel/hotels/498325235.jpg,liteapi
lp65847f11,Peace International,hotel,19.10972,72.875689,3.0,,,False,7.9,193.0,https://static.cupid.travel/hotels/476981143.jpg,liteapi
lp6570146a,Ground floor 20 chimbai road bandra west - mumbai,hotel,19.057632,72.823614,4.0,,,False,8.9,33.0,https://static.cupid.travel/hotels/529704132.jpg,liteapi
lp657928fc,"Ginger Mumbai, Andheri",hotel,19.115902,72.8504,4.0,,,False,6.6,1406.0,https://static.cupid.travel/hotels/266313701.jpg,liteapi
lp65813336,Backpackers Villa Mumbai,hotel,19.11159,72.86628,4.0,,,False,7.1,552.0,https://static.cupid.travel/hotels/109422038.jpg,liteapi
lp657bcb99,Rest Inn Hostel Dormitory,hostel,19.10115,72.88865,,,,False,8.3,73.0,https://static.cupid.travel/hotels/547935713.jpg,liteapi
lp65722663,ibis Mumbai Airport - An Accor Brand,hotel,19.096721,72.853544,4.0,,,False,6.5,1654.0,https://static.cupid.travel/hotels/252002699.jpg,liteapi
lp657e04d7,Hotel Eden Serenity,hotel,19.123959,72.888176,3.0,,,False,8.3,72.0,https://static.cupid.travel/hotels/536712305.jpg,liteapi
lp656f50f8,"Angel Views 101, Chapel Road, Bandra West by Connekt Homes",hotel,19.052192,72.828477,2.0,,,False,10.0,3.0,https://static.cupid.travel/hotels/477574640.jpg,liteapi
lp656f27c4,"Saba 301, Subko Coffee, Chapel Road, Bandra West by Connekt Homes",hotel,19.053314,72.829941,,,,False,10.0,3.0,https://static.cupid.travel/hotels/477522047.jpg,liteapi
lp6571c285,Tori,hotel,19.064378,72.830194,3.0,,,False,10.0,3.0,https://static.cupid.travel/hotels/577395516.jpg,liteapi
lp6581ea32,Orbit Serviced Apartments,hotel,19.069957,72.836634,,,,False,10.0,3.0,https://static.cupid.travel/hotels/ex_c39bf8de_z.jpg,liteapi
lp65724900,Rahat Manzil- The Old Warm Charm 2 Bedroom Apartment in Khar West by Connekt Homes,hotel,19.071602,72.827649,4.0,,,False,10.0,4.0,https://static.cupid.travel/hotels/548110077.jpg,liteapi
lp6571c21e,Vera,hotel,19.073305,72.82527,3.0,,,False,10.0,3.0,https://static.cupid.travel/hotels/604726230.jpg,liteapi
lp656dba2a,Hammock Hostels,hostel,19.074222,72.82478,2.0,,,False,10.0,3.0,https://static.cupid.travel/hotels/ex_w3840h1789x0y184-50a410e0_z.jpg,liteapi
lp65581502,Hotel Olten,hotel,19.118476,72.8477,4.0,,,False,6.8,184.0,https://static.cupid.travel/hotels/368731239.jpg,liteapi
lp6572f70d,Rudraya Homes - Cozy Premium Serviced Apartments Khar - next to Bandra,hotel,19.065699,72.839211,4.0,,,False,9.0,23.0,https://static.cupid.travel/hotels/568576291.jpg,liteapi
lpb6aa3,Treebo Amber International Mumbai Airport T2,hotel,19.101698,72.884489,3.0,,,False,,250.0,https://static.cupid.travel/hotels/113756021.jpg,liteapi
lp323405,THE BEST HOTEL MUMBAI,hotel,19.116875,72.882346,2.0,,,False,7.7,395.0,https://static.cupid.travel/hotels/367694315.jpg,liteapi
lp65723877,Hotel Embassy Park - BKC Mumbai,hotel,19.074604,72.869571,2.0,,,False,7.1,460.0,https://static.cupid.travel/hotels/584595893.jpg,liteapi
lp6580eb6e,Noor Dormitory Sakinaka,hotel,19.100409,72.891287,,,,False,8.6,39.0,https://static.cupid.travel/hotels/541352518.jpg,liteapi
lpa0f27,FabHotel Ascot International II - Nr Mumbai International Airport,hotel,19.101272,72.885076,3.0,,,False,7.1,437.0,https://static.cupid.travel/hotels/498060756.jpg,liteapi
lp4f45e,Regal Enclave,hotel,19.068349,72.838722,3.0,,,False,7.6,197.0,https://static.cupid.travel/hotels/50637693.jpg,liteapi
lp6570eb95,"Z Bliss Suites, BKC",hotel,19.072624,72.877444,4.0,,,False,7.5,236.0,https://static.cupid.travel/hotels/526622338.jpg,liteapi
lp1e32a2,Hotel Wego,hotel,19.108129,72.879477,3.0,,,False,7.8,138.0,https://static.cupid.travel/hotels/205490322.jpg,liteapi
lpb5d28,FabHotel Aksa International,hotel,19.112192,72.888184,3.0,,,False,6.8,671.0,https://static.cupid.travel/hotels/618735568.jpg,liteapi
lp65792cf0,Home2 Renaissance Club,hotel,19.123425,72.822049,4.0,,,False,7.3,321.0,https://static.cupid.travel/hotels/497678899.jpg,liteapi
lp657298dc,Dawn - A Spacious Modern Studio in Bandra at Almeida Park by Connekt Homes,hotel,19.058746,72.831202,3.0,,,False,9.5,6.0,https://static.cupid.travel/hotels/537210285.jpg,liteapi
lp657663ab,"Regent Entire One Bedroom Apartment - Hiranandani Gardens, Mumbai Powai",hotel,19.116838,72.913095,4.0,,,False,8.5,36.0,https://static.cupid.travel/hotels/447707031.jpg,liteapi
lp6578ac9f,Hotel Emerald Near T2 International Airport Mumbai,hotel,19.101659,72.890103,3.0,,,False,6.7,794.0,https://static.cupid.travel/hotels/368333926.jpg,liteapi
lp656f5016,"Angel Views 602, Chapel Road, Bandra West by Connekt Homes",hotel,19.052199,72.828478,4.0,,,False,10.0,2.0,https://static.cupid.travel/hotels/477980383.jpg,liteapi
lp65726566,Earthy 1BHK Bandra W by The Bombay Home Company,hotel,19.062969,72.83565,,,,False,10.0,2.0,https://static.cupid.travel/hotels/616748233.jpg,liteapi
lp656e2335,ConnektHomes -Modern 3Bed3Bath in Prime Bandra Neighborhood,hotel,19.067295,72.830653,4.0,,,False,10.0,3.0,https://static.cupid.travel/hotels/481009319.jpg,liteapi
lp65729163,"Dominos 1 BHK Apartment, Near Carter Road by Connket Homes",hotel,19.067819,72.833299,4.0,,,False,10.0,2.0,https://static.cupid.travel/hotels/476292090.jpg,liteapi
lp65751207,"Bandra Studio Lokhandwala House, Near Carter Road, Palli Hill by Connekt Homes",hotel,19.074355,72.82478,,,,False,10.0,5.0,https://static.cupid.travel/hotels/477805025.jpg,liteapi
lp656bd470,Hotel Dream Palace Residency,hotel,19.07512,72.877023,2.0,,,False,10.0,2.0,https://static.cupid.travel/hotels/ex_64820f4c_z.jpg,liteapi
lp656c2683,FabHotel Grand Heritage,hotel,19.075577,72.876728,3.0,,,False,10.0,2.0,https://static.cupid.travel/hotels/ex_bb254b02_z.jpg,liteapi
lp658738f2,Hotel Suites Inn,hotel,19.139123,72.819603,2.0,,,False,10.0,2.0,https://static.cupid.travel/hotels/ex_w1284h857x0y6-e56961bd_z.jpg,liteapi
lp657301ce,Zenith Homes - Powai Suites,hotel,19.116888,72.90234,3.0,,,False,8.2,70.0,https://static.cupid.travel/hotels/584891766.jpg,liteapi
lp65806e7b,Hotel Aspen - Nr Mumbai Airport,hotel,19.101262,72.887938,3.0,,,False,7.4,268.0,https://static.cupid.travel/hotels/543414901.jpg,liteapi
lp655d44a6,City stay Dorms,hotel,19.115951,72.856407,,,,False,9.2,61.0,https://static.cupid.travel/hotels/374978353.jpg,liteapi
lp6fc65,Planet Boutique Hotel,hotel,19.108468,72.851826,3.0,,,False,8.2,63.0,https://static.cupid.travel/hotels/173142457.jpg,liteapi
lp657da28b,The Majestic Boutique Hotel,hotel,18.99961,72.84085,,,,False,7.9,92.0,https://static.cupid.travel/hotels/479691828.jpg,liteapi
lp655b6aeb,"Ginger Mumbai, Goregaon",hotel,19.159927,72.850953,4.0,,,False,7.6,830.0,https://static.cupid.travel/hotels/379434868.jpg,liteapi
lp656481fc,Aster Hotel Near Mumbai Airport,hotel,19.103259,72.887851,3.0,,,False,7.8,631.0,https://static.cupid.travel/hotels/416418269.jpg,liteapi
lp6581e51c,Neenava Dormitory Asalpha,hotel,19.096663,72.893236,,,,False,7.7,127.0,https://static.cupid.travel/hotels/523788810.jpg,liteapi
lpacdf2,Welcome Guest House,hotel,18.976037,72.834293,,,,False,7.4,238.0,https://static.cupid.travel/hotels/90669460.jpg,liteapi
lp65754764,BKC Nest 1BHK Studio Apartment,hotel,19.068843,72.876244,4.0,,,False,8.8,24.0,https://static.cupid.travel/hotels/570908611.jpg,liteapi
lp657b411b,Lotus Grand Mumbai Near International Airport,hotel,19.099039,72.89207,3.0,,,False,7.4,251.0,https://static.cupid.travel/hotels/495974207.jpg,liteapi
lp65730715,"Ivory Room, AC, Smart TV, Ensuite, Independent Homestay",hotel,19.114807,72.823997,,,,False,9.7,3.0,https://static.cupid.travel/hotels/615875143.jpg,liteapi
lp65764446,FabHotel Global Spaces - Nr NESCO Exhibition Center,hotel,19.161362,72.832767,3.0,,,False,8.3,44.0,https://static.cupid.travel/hotels/575990662.jpg,liteapi
lp6577c034,"Hotel Airport Crown Andheri East, Mumbai",hotel,19.100798,72.888162,3.0,,,False,7.7,116.0,https://static.cupid.travel/hotels/578661062.jpg,liteapi
lp65744276,La Hotel Metro near BKC,hotel,19.060528,72.87276,3.0,,,False,7.0,360.0,https://static.cupid.travel/hotels/310928575.jpg,liteapi
lp65783776,"Indie Stays Studios, Chembur",hotel,19.053674,72.914288,3.0,,,False,8.0,73.0,https://static.cupid.travel/hotels/603151474.jpg,liteapi
lp65701dd0,"Mon Desire 1, Perry Cross Rd, Bandra West by Connekt Homes",hotel,19.058903,72.822963,4.0,,,False,9.5,5.0,https://static.cupid.travel/hotels/481236931.jpg,liteapi
lp6577d4f2,Bloom Hub WEH Andheri,hotel,19.110224,72.853619,3.0,,,False,8.8,15.0,https://static.cupid.travel/hotels/ex_364f0155_z.jpg,liteapi
lp214184,Ahlan Green Apple Dormitory,hotel,19.101341,72.889377,,,,False,7.1,281.0,https://static.cupid.travel/hotels/163077800.jpg,liteapi
lp657365f7,The V Sadan,hotel,19.138763,72.862638,,,,False,9.0,19.0,https://static.cupid.travel/hotels/558206459.jpg,liteapi
lpa5027,Hotel Karishma,hotel,19.013591,72.84382,3.0,,,False,7.8,26.0,https://static.cupid.travel/hotels/ex_b9ef244c_z.jpg,liteapi
lp6572804f,"Modern 1BHK Retreat at Waroda Road, Bandra 203",hotel,19.053581,72.828775,4.0,,,False,10.0,2.0,https://static.cupid.travel/hotels/615347956.jpg,liteapi
lp6571ccec,Luna,hotel,19.053775,72.828647,,,,False,10.0,3.0,https://static.cupid.travel/hotels/607829408.jpg,liteapi
lp656feaf0,Lite Stays - Khar West,hotel,19.065736,72.839096,4.0,,,False,10.0,12.0,https://static.cupid.travel/hotels/610534881.jpg,liteapi
lp4b92d,FabHotel National Residency Chembur,hotel,19.069885,72.901177,3.0,,,False,10.0,1.0,https://static.cupid.travel/hotels/ex_a146b96b_z.jpg,liteapi
lp65715350,Maven 1BHK Khar W by The Bombay Home Company,hotel,19.073264,72.825715,,,,False,10.0,1.0,https://static.cupid.travel/hotels/373688959.jpg,liteapi
lp656e17fb,ConnektHomes - Modern2Bed-BandraArea,hotel,19.074719,72.827386,4.0,,,False,10.0,1.0,https://static.cupid.travel/hotels/547292146.jpg,liteapi
lp657472a9,Hotel Airport Crown- Near Saki Naka,hotel,19.101087,72.888313,2.0,,,False,10.0,1.0,https://static.cupid.travel/hotels/ex_3f70f557_z.jpg,liteapi
lp656c3701,"Aralia International Airport, Mumbai",hotel,19.1176,72.88357,3.0,,,False,10.0,1.0,https://static.cupid.travel/hotels/487053521.jpg,liteapi
lp225fc8,Hotel Star Mumbai Residency,hotel,19.120376,72.864219,4.0,,,False,10.0,1.0,https://static.cupid.travel/hotels/ex_445f45eb_z.jpg,liteapi
lp65874767,Hotel Nest Inn,hotel,19.137449,72.823055,2.0,,,False,10.0,1.0,https://static.cupid.travel/hotels/ex_7f7d8b58_z.jpg,liteapi
lp6586939f,Dream Residency Hotels Pvt. Ltd,hotel,19.162419,72.943234,3.0,,,False,10.0,1.0,https://static.cupid.travel/hotels/ex_b507459d_z.jpg,liteapi
lp65794abd,Spacious private room amidst the city,hotel,19.17868,72.96025,,,,False,10.0,1.0,https://static.cupid.travel/hotels/529533492.jpg,liteapi
lp1e519c,Hexa Homes Service Apartment,hotel,19.18171,72.861269,3.0,,,False,10.0,1.0,https://static.cupid.travel/hotels/ex_ce26d1fa_z.jpg,liteapi
lp657acb9d,Royal Cabin Stay,hotel,19.10564,72.87841,,,,False,7.2,208.0,https://static.cupid.travel/hotels/449764618.jpg,liteapi
lp656f4f71,"ConnektHomes - Angel Views, Chapel Road, Bandra West",hotel,19.052189,72.828481,4.0,,,False,9.3,5.0,https://static.cupid.travel/hotels/477583657.jpg,liteapi
lp1022cb,Locomo Hostel OG - Stay Work Eat,hostel,19.09974,72.84518,2.0,,,False,9.4,4.0,https://static.cupid.travel/hotels/ex_350b16eb_z.jpg,liteapi
lp6b4ad,Hotel Plaza,hotel,19.060333,72.900228,3.0,,,False,8.0,50.0,https://static.cupid.travel/hotels/254034738.jpg,liteapi
lp656c2467,"Apex Beacon Hotel, Mumbai",hotel,19.105427,72.861909,3.0,,,False,6.7,110.0,https://static.cupid.travel/hotels/445711539.jpg,liteapi
lp656bcd08,Super Collection O Asalpha near International Airport,hotel,19.094891,72.896912,3.0,,,False,8.1,48.0,https://static.cupid.travel/hotels/574245582.jpg,liteapi
lp65798246,Comfy Inn,hotel,19.174781,72.859774,,,,False,8.4,31.0,https://static.cupid.travel/hotels/544358195.jpg,liteapi
lp6571b22d,OV Premium,hotel,19.068675,72.876308,,,,False,8.5,26.0,https://static.cupid.travel/hotels/595586001.jpg,liteapi
lp6577202a,FabHotel BKC Anex,hotel,19.075648,72.87307,2.0,,,False,7.0,242.0,https://static.cupid.travel/hotels/565237551.jpg,liteapi
lpb3f8d,J Hotel and Banquets,hotel,19.13495,72.848042,3.0,,,False,7.1,191.0,https://static.cupid.travel/hotels/483638365.jpg,liteapi
lp657977f2,Hotel Ascot Inn,hotel,19.10125,72.88492,2.0,,,False,7.6,80.0,https://static.cupid.travel/hotels/586648943.jpg,liteapi
lp65805608,Ajanta Continental-Mumbai Airport,hotel,19.075145,72.841531,3.0,,,False,7.4,144.0,https://static.cupid.travel/hotels/547342851.jpg,liteapi
lp655b6b01,Hotel Regal International - Near International Airport,hotel,19.10186,72.88472,3.0,,,False,7.8,301.0,https://static.cupid.travel/hotels/327310754.jpg,liteapi
lp4f00b,Hotel Peninsula Redpine,hotel,19.109598,72.876106,3.0,,,False,7.7,64.0,https://static.cupid.travel/hotels/94754059.jpg,liteapi
lp6570c73b,Hotel Beverly Palace Santacruz - Near BKC - Mumbai Airport T1 - Local Unmarried Couples not allowed,hotel,19.077755,72.862895,3.0,,,False,7.3,130.0,https://static.cupid.travel/hotels/524195579.jpg,liteapi
lp1a1318,Mumbai Staytion Dorm - A Backpackers Hostel,hostel,19.110203,72.881811,2.0,,,False,9.2,4.0,https://static.cupid.travel/hotels/ex_d5b119d8_z.jpg,liteapi
lp6580d294,Hsquare Luxury Apartments Goregaon,hotel,19.164014,72.851347,,,,False,8.1,30.0,https://static.cupid.travel/hotels/583421686.jpg,liteapi
lp65700c42,"ConnektHomes - Simon Lydia A Sunlit Charm in Bandra, Pali Village",hotel,19.063426,72.8302,3.0,,,False,9.5,3.0,https://static.cupid.travel/hotels/537208463.jpg,liteapi
lp6df5c,Jyoti Dwelling Hotel,hotel,19.111272,72.865244,3.0,,,False,7.1,137.0,https://static.cupid.travel/hotels/181287755.jpg,liteapi
lp658031c1,Hotel MetroMax Andheri,hotel,19.136419,72.836226,3.0,,,False,7.7,70.0,https://static.cupid.travel/hotels/601649756.jpg,liteapi
lp6558ff2f,Treebo Castle Rock Inn,hotel,19.115449,72.880838,3.0,,,False,7.3,120.0,https://static.cupid.travel/hotels/416707360.jpg,liteapi
lp6576e2e8,FabHotel Good Luck Residency,hotel,19.137909,72.843594,3.0,,,False,7.5,92.0,https://static.cupid.travel/hotels/585078880.jpg,liteapi
lp65760b03,Hotel O Khar East Near Railway Station,hotel,19.069368,72.844182,3.0,,,False,8.1,35.0,https://static.cupid.travel/hotels/618739212.jpg,liteapi
lp656e7f59,"Pali Carters Building 101, 20th Road, Khar West by Connekt Homes",hotel,19.072999,72.827846,4.0,,,False,9.3,3.0,https://static.cupid.travel/hotels/479868587.jpg,liteapi
lp65710832,Lucy Studio Khar W The Bombay Home Company - Eco,hotel,19.073,72.82575,,,,False,9.3,3.0,https://static.cupid.travel/hotels/575256948.jpg,liteapi
lp6582c57e,Apex Dormitory Andheri - Near Airport and Marol Metro Station,hotel,19.10667,72.881126,,,,False,9.3,5.0,https://static.cupid.travel/hotels/619789690.jpg,liteapi
lp657ae1e3,Hotel Sai Pritam,hotel,19.04591,72.897322,3.0,,,False,6.9,231.0,https://static.cupid.travel/hotels/476027014.jpg,liteapi
lp6577a1e1,ASRA DORMITORY For Male And Female,hotel,19.09961,72.891743,,,,False,7.3,115.0,https://static.cupid.travel/hotels/442067857.jpg,liteapi
lp657551ef,FabHotel Amber Crop Inn,hotel,19.137173,72.846845,3.0,,,False,7.4,137.0,https://static.cupid.travel/hotels/584375307.jpg,liteapi
lp890be,Hotel Maharana Inn Chembur,hotel,19.053799,72.89562,3.0,,,False,7.6,18.0,https://static.cupid.travel/hotels/ex_f257b94e_z.jpg,liteapi
lp657656a2,Astra by The Bombay Home Company,hotel,19.053709,72.828144,,,,False,8.2,25.0,https://static.cupid.travel/hotels/601825378.jpg,liteapi
lp65781cb3,Hotel Mid town,hotel,19.119946,72.845281,,,,False,7.3,109.0,https://static.cupid.travel/hotels/293361375.jpg,liteapi
lp1ce6bb,Town Hostel Mumbai - AC Dormitory,hostel,19.080693,72.84622,,,,False,6.8,263.0,https://static.cupid.travel/hotels/205874504.jpg,liteapi
lp6582dbf2,Hotel Swamiraj,hotel,19.0473,72.893416,4.0,,,False,7.8,52.0,https://static.cupid.travel/hotels/528181892.jpg,liteapi
lp6570bb52,Lite Stays - Vile Parle East,hotel,19.102154,72.84577,4.0,,,False,8.3,20.0,https://static.cupid.travel/hotels/568236486.jpg,liteapi
lp657b4ef2,HOTEL BREEZE BAY,hotel,19.071333,72.868405,3.0,,,False,8.4,15.0,https://static.cupid.travel/hotels/ex_b76a36ce_z.jpg,liteapi
lp6571236d,"The Cattleya Hotel, Near Mumbai International Airport",hotel,19.110817,72.878644,3.0,,,False,7.0,182.0,https://static.cupid.travel/hotels/442479506.jpg,liteapi
lp51654,The International by Tunga,hotel,19.117675,72.865299,3.0,,,False,8.2,21.0,https://static.cupid.travel/hotels/ex_0c84cfe1_z.jpg,liteapi
lp98eb5,Comfort Inn Metropolis,hotel,19.116866,72.879923,4.0,,,False,6.7,270.0,https://static.cupid.travel/hotels/285424937.jpg,liteapi
lp656bc5f3,Hsquare Hotel Andheri West,hotel,19.15042,72.825463,3.0,,,False,7.6,59.0,https://static.cupid.travel/hotels/528706931.jpg,liteapi
lp6578ede2,Golden Sands Hotel Near Mumbai Airport T2,hotel,19.09673,72.894997,3.0,,,False,7.9,35.0,https://static.cupid.travel/hotels/608167187.jpg,liteapi
lp6578da05,FabHotel Orange Suites - Nr Mumbai International Airport,hotel,19.079992,72.848256,3.0,,,False,6.6,307.0,https://static.cupid.travel/hotels/479488431.jpg,liteapi
lp33731,Regenta Place The Emerald,hotel,19.09313,72.82862,4.0,,,False,7.6,390.0,https://static.cupid.travel/hotels/181110810.jpg,liteapi
lp656477bf,Cozy Furnished Apartment One Block From The Ocean,hotel,19.065871,72.824832,4.0,,,False,9.1,26.0,https://static.cupid.travel/hotels/211320498.jpg,liteapi
lp657ba7ef,Neon Nest Dormitory Suits,hotel,19.096944,72.893091,,,,False,10.0,,https://static.cupid.travel/hotels/ex_a15ea599_z.jpg,liteapi
lpce338,Zara Dormitory,hotel,19.09697,72.8933,2.0,,,False,10.0,,https://static.cupid.travel/hotels/ex_9f140377_z.jpg,liteapi
lp655aa30f,Hotel Elite Continental- Near Mumbai International Airport Andheri East,hotel,19.11523,72.857812,3.0,,,False,5.6,103.0,https://static.cupid.travel/hotels/597219469.jpg,liteapi
lp65768f1e,Hotel Akasa Inn Near T2 International Airport Mumbai,hotel,19.108017,72.879347,3.0,,,False,6.6,328.0,https://static.cupid.travel/hotels/553878647.jpg,liteapi
lp656b5b14,Rama Krishna Hotel,hotel,19.098874,72.844549,3.0,,,False,7.8,225.0,https://static.cupid.travel/hotels/21478233.jpg,liteapi
lp655c8e24,Villa by the Sea,hotel,19.168659,72.790945,4.0,,,False,8.9,31.0,https://static.cupid.travel/hotels/317732129.jpg,liteapi
lp658361cb,Orange International-SANTACRUZ,hotel,19.080032,72.848777,3.0,,,False,7.1,127.0,https://static.cupid.travel/hotels/469288276.jpg,liteapi
lp656c3793,HOTEL ALFA EXECUTIVE,hotel,19.118942,72.841825,3.0,,,False,8.0,23.0,https://static.cupid.travel/hotels/ex_94bfd5dc_z.jpg,liteapi
lp65740d12,"The Caliph Hotel, Mumbai Near Powai Lake",hotel,19.119564,72.898694,3.0,,,False,6.6,252.0,https://static.cupid.travel/hotels/334816540.jpg,liteapi
lp657b8151,Everest Stays Rooms and Dormitory,hotel,19.081002,72.843561,3.0,,,False,7.3,75.0,https://static.cupid.travel/hotels/547331478.jpg,liteapi
lp656c3298,Hotel Royal Aqua,hotel,19.097621,72.89357,2.0,,,False,9.0,3.0,https://static.cupid.travel/hotels/495766553.jpg,liteapi
lp6574c09c,"Ebony Room - AC, Kitchenette, Ensuite, Independent Homestay",hotel,19.114826,72.82399,,,,False,9.0,6.0,https://static.cupid.travel/hotels/595918719.jpg,liteapi
lp657cceaf,Ammas Palace Hotel,hotel,19.114888,72.88863,,,,False,8.0,20.0,https://static.cupid.travel/hotels/ex_8c7ae0ca_z.jpg,liteapi
lp657ee210,PG Mahira Dormitory,hotel,19.100072,72.891476,3.0,,,False,7.1,145.0,https://static.cupid.travel/hotels/499209818.jpg,liteapi
lp62025,The Roa Hotel,hotel,19.090238,72.908992,3.0,,,False,6.7,209.0,https://static.cupid.travel/hotels/52515333.jpg,liteapi
lp657d505a,Ayala PG Dormitory,hotel,19.09698,72.89434,,,,False,6.8,152.0,https://static.cupid.travel/hotels/497862488.jpg,liteapi
lp65805ff0,Deluxe Residency Nr- Mumbai International Airport,hotel,19.080007,72.848961,1.0,,,False,7.2,80.0,https://static.cupid.travel/hotels/608999874.jpg,liteapi
lp57be3,"Keys Select by Lemon Tree Hotels, Nestor, Mumbai",hotel,19.115873,72.883642,3.0,,,False,7.2,75.0,https://static.cupid.travel/hotels/ex_fe616239_z.jpg,liteapi
lp6583fc5a,Hotel Wellingten,hotel,19.098938,72.892816,,,,False,7.6,43.0,https://static.cupid.travel/hotels/558261964.jpg,liteapi
lp6e06d,Hotel Accord Mumbai,hotel,19.080844,72.843668,3.0,,,False,7.4,51.0,https://static.cupid.travel/hotels/ex_e006d508_z.jpg,liteapi
lp65742538,Independent Studio 25 Corner House Bandra west,hotel,19.058333,72.838136,4.0,,,False,8.8,7.0,https://static.cupid.travel/hotels/571989368.jpg,liteapi
lp657d7904,New Dormitory Afra,hotel,19.11696,72.88004,,,,False,8.8,4.0,https://static.cupid.travel/hotels/601833333.jpg,liteapi
lp655a9761,FabHotel Grand Heritage - Nr BKC,hotel,19.07543,72.877214,3.0,,,False,6.8,776.0,https://static.cupid.travel/hotels/277363798.jpg,liteapi
lp42360,The Regale by Tunga,hotel,19.1222,72.87079,3.0,,,False,7.4,50.0,https://static.cupid.travel/hotels/ex_333d137c_z.jpg,liteapi
lp657f9a12,The Aroma Backpackers,hotel,19.051191,72.9185,,,,False,7.9,28.0,https://static.cupid.travel/hotels/591849196.jpg,liteapi
lp657b397a,Hotel Era Mumbai,hotel,19.110564,72.87936,2.0,,,False,7.6,38.0,https://static.cupid.travel/hotels/518633602.jpg,liteapi
lpdd30c,Treebo Blue Moon Powai,hotel,19.114822,72.888506,3.0,,,False,6.8,138.0,https://static.cupid.travel/hotels/140533057.jpg,liteapi
lp657c5272,Hotel BKC Fortune,hotel,19.065749,72.874237,3.0,,,False,6.3,378.0,https://static.cupid.travel/hotels/504685973.jpg,liteapi
lp656c3395,Treebo Zaid International Powai,hotel,19.114649,72.888861,3.0,,,False,6.5,64.0,https://static.cupid.travel/hotels/481847799.jpg,liteapi
lp6247b,Fabhotel Shubhangan,hotel,19.075102,72.826857,3.0,,,False,6.0,49.0,https://static.cupid.travel/hotels/ex_eebe0da1_z.jpg,liteapi
lp27091e,Hotel Embassy Grand Near US Embassy BKC Mumbai,hotel,19.07272,72.87554,3.0,,,False,6.5,209.0,https://static.cupid.travel/hotels/525074830.jpg,liteapi
lp65786eeb,Bloom Hotel Saki Vihar Powai,hotel,19.116166,72.889247,4.0,,,False,7.7,35.0,https://static.cupid.travel/hotels/612468018.jpg,liteapi
lp65789cf6,Premium Apartment in Hiranandani Powai by Maxxvalue - Chitranjan,hotel,19.120126,72.917186,3.0,,,False,7.8,23.0,https://static.cupid.travel/hotels/507496754.jpg,liteapi
lp27e61b,Hotel Bindra Supremacy,hotel,19.122081,72.86626,3.0,,,False,8.6,5.0,https://static.cupid.travel/hotels/ex_75831c81_z.jpg,liteapi
lp657c6b85,Hotel Airport-intl airport Near to Mumbai Airport & BKC US Consulate,hotel,19.096245,72.88391,,,,False,6.3,317.0,https://static.cupid.travel/hotels/616576622.jpg,liteapi
lp658648cf,Bloom Hotel - BKC Kalina,hotel,19.07138,72.862899,,,,False,8.5,6.0,https://static.cupid.travel/hotels/ex_9343605a_z.jpg,liteapi
lp98b6b,Hotel Adore Palace - Near Mumbai Airport & Visa Consulate,hotel,19.09723,72.88378,3.0,,,False,6.2,322.0,https://snaphotelapi.com/hotels/419368105.jpg,liteapi
lp657d0991,Itsy Hotels Bindra Elite,hotel,19.128175,72.863113,3.0,,,False,7.2,97.0,https://static.cupid.travel/hotels/605058507.jpg,liteapi
lp655d4f7d,Mumbai Staytion Dorm- A Backpackers Hostel,hostel,19.110305,72.881167,,,,False,7.8,117.0,https://static.cupid.travel/hotels/155926474.jpg,liteapi
lp6573b7d6,Hotel Eden Serenity - Mumbai,hotel,19.123443,72.88839,2.0,,,False,9.0,2.0,https://static.cupid.travel/hotels/ex_4e1fd5b8_z.jpg,liteapi
lp657d6fc0,Hotel Lucky Near BKC,hotel,19.053822,72.837702,,,,False,7.3,56.0,https://static.cupid.travel/hotels/216837514.jpg,liteapi
lp4302c,"Hotel Arma Court - Near US Embassy, BKC",hotel,19.055471,72.844972,2.0,,,False,5.0,240.0,https://static.cupid.travel/hotels/209070691.jpg,liteapi
lp657aa484,Hotel West Inn-Near Mumbai International Airport,hotel,19.098026,72.884777,3.0,,,False,6.9,118.0,https://static.cupid.travel/hotels/403947268.jpg,liteapi
lp65719be5,1 Bedroom Studio Apartment- Close to BKC,hotel,19.053988,72.837707,,,,False,8.4,7.0,https://static.cupid.travel/hotels/615636743.jpg,liteapi
lp5f283,Hotel Silver Inn,hotel,19.111122,72.878647,3.0,,,False,6.9,43.0,https://static.cupid.travel/hotels/ex_33f48f32_z.jpg,liteapi
lp65758005,Hotel Blue Wellington - Near Mumbai Airport,hotel,19.107632,72.889302,3.0,,,False,7.7,98.0,https://static.cupid.travel/hotels/525320029.jpg,liteapi
lp657f81f8,Saffron Dormitory Goregaon East,hotel,19.164429,72.850713,,,,False,7.3,61.0,https://static.cupid.travel/hotels/521133021.jpg,liteapi
lp657a8686,Townhouse Marol Near Mumbai Airport,hotel,19.116507,72.88667,4.0,,,False,6.6,218.0,https://static.cupid.travel/hotels/595959955.jpg,liteapi
lp65846111,Sundaram Dormitory,hotel,19.10183,72.88778,,,,False,8.3,8.0,https://static.cupid.travel/hotels/529702447.jpg,liteapi
lp657f7dca,"Kiwi International,Hotel,Mumbai",hotel,19.109968,72.887998,3.0,,,False,7.5,48.0,https://static.cupid.travel/hotels/516287734.jpg,liteapi
lp6578cde8,Hotel Atlas Plaza Inn,hotel,19.121454,72.850602,3.0,,,False,7.2,60.0,https://static.cupid.travel/hotels/524191330.jpg,liteapi
lp65774333,The Unicontinental,hotel,19.07029,72.83982,3.0,,,False,6.8,115.0,https://static.cupid.travel/hotels/549374675.jpg,liteapi
lp65819cd0,Accord Hotel,hotel,19.080973,72.843714,3.0,,,False,6.8,114.0,https://static.cupid.travel/hotels/231298235.jpg,liteapi
lp657fef5b,PANCHVATI RESIDENCY ANDHERI WEST,hotel,19.127997,72.832172,2.0,,,False,6.9,92.0,https://static.cupid.travel/hotels/601715979.jpg,liteapi
lp6575dbbb,FabExpress Sarah Gold - Nr NESCO Exhibition Center,hotel,19.13905,72.84361,3.0,,,False,7.6,27.0,https://static.cupid.travel/hotels/553058148.jpg,liteapi
lp655a7455,Hotel Nest N Rest - Mumbai,hotel,19.099915,72.887914,2.0,,,False,7.6,162.0,https://static.cupid.travel/hotels/235856768.jpg,liteapi
lp657ec18e,Bapuji Dormitory Hostel Mumbai,hostel,19.080047,72.829454,,,,False,6.9,113.0,https://static.cupid.travel/hotels/610550065.jpg,liteapi
lp655a7f15,"HOTEL ASHRAY INTERNATIONAL, SION - Near BKC",hotel,19.04531,72.864463,2.0,,,False,7.9,98.0,https://static.cupid.travel/hotels/200414446.jpg,liteapi
lp78210,The Aarya A Smart Business Hotel,hotel,19.076876,72.844634,3.0,,,False,7.3,51.0,https://static.cupid.travel/hotels/121832641.jpg,liteapi
lp6583bfd4,Stayvilla Hostel,hostel,19.135562,72.824728,,,,False,7.5,30.0,https://static.cupid.travel/hotels/525159880.jpg,liteapi
lp65609a33,OSI Apartments Andheri East,hotel,19.105426,72.861813,3.0,,,False,8.8,18.0,https://static.cupid.travel/hotels/400673124.jpg,liteapi
lp656dddd4,"Studio - 27, One Bedroom Apt- Bandra west",hotel,19.058342,72.83816,3.0,,,False,8.7,4.0,https://static.cupid.travel/hotels/555904297.jpg,liteapi
lp655cbeb7,Villa 408-Dr Wade in Royal Palms Mumbai,hotel,19.15111,72.889181,,,,False,9.7,3.0,https://static.cupid.travel/hotels/155269096.jpg,liteapi
lp657f0d7d,Hotel Arma Residency,hotel,19.106852,72.8894,2.0,,,False,6.5,161.0,https://static.cupid.travel/hotels/214325520.jpg,liteapi
lp6577759e,FabHotel Seven Hills - Nr Mumbai International Airport,hotel,19.100154,72.881236,3.0,,,False,6.4,207.0,https://static.cupid.travel/hotels/500125227.jpg,liteapi
lp6578ab99,FabHotel Admiral,hotel,19.107792,72.882425,3.0,,,False,6.7,113.0,https://static.cupid.travel/hotels/415275926.jpg,liteapi
lp655d4f78,Backpack Stay,hotel,19.05886,72.83748,,,,False,7.3,209.0,https://snaphotelapi.com/hotels/405753794.jpg,liteapi
lp657e50db,New Mango Dormitory,hotel,19.0969,72.89448,,,,False,7.6,23.0,https://static.cupid.travel/hotels/523328996.jpg,liteapi
lp65794cc7,Blossom Dormitory For Male and Female,hotel,19.095025,72.886592,2.0,,,False,6.2,249.0,https://static.cupid.travel/hotels/145300488.jpg,liteapi
lp657088cf,Lite Stays - Kurla West,hotel,19.068151,72.876099,4.0,,,False,8.4,11.0,https://static.cupid.travel/hotels/595636373.jpg,liteapi
lp65744808,Near Andheri Airport AC Couple Friendly Small Cozy Room Budget Inn,hotel,19.123446,72.843876,,,,False,8.3,10.0,https://static.cupid.travel/hotels/577768094.jpg,liteapi
lp656f19f1,"2BHK, Off Carter Rd, Bandra West",hotel,19.070039,72.824073,3.0,,,False,8.5,4.0,https://static.cupid.travel/hotels/548789671.jpg,liteapi
lp655d4f82,Mango Marol Dormitory,hotel,19.106661,72.881565,,,,False,6.9,431.0,https://static.cupid.travel/hotels/416981448.jpg,liteapi
lp6567dab3,Srujan Sarai Service Apartment,hotel,19.153696,72.845473,,,,False,7.8,89.0,https://static.cupid.travel/hotels/403956642.jpg,liteapi
lp9ef97,Jassritha Nirvana Residency,hotel,19.077228,72.830192,3.0,,,False,7.6,20.0,https://static.cupid.travel/hotels/ex_8a27a3e2_z.jpg,liteapi
lp41ea4,Ramee Guestline Hotel Khar,hotel,19.067905,72.837553,3.0,,,False,6.5,145.0,https://static.cupid.travel/hotels/139298157.jpg,liteapi
lp65793728,De Classico Hotel- Juhu,hotel,19.102263,72.827186,2.0,,,False,7.1,54.0,https://static.cupid.travel/hotels/385693512.jpg,liteapi
lp6571ccf1,Zara,hotel,19.053558,72.828884,4.0,,,False,9.0,1.0,https://static.cupid.travel/hotels/607830896.jpg,liteapi
lp657d230b,Vishwas Guest room,hotel,19.057632,72.823614,3.0,,,False,9.0,1.0,https://static.cupid.travel/hotels/598565337.jpg,liteapi
lp65727dbd,Queenie - Bandra west,hotel,19.060626,72.824375,4.0,,,False,9.0,1.0,https://static.cupid.travel/hotels/539906395.jpg,liteapi
lp657c8519,City Homes Pearl Apartment,hotel,19.12048,72.925715,,,,False,9.0,1.0,https://static.cupid.travel/hotels/581050525.jpg,liteapi
lp6579bb0b,Cozy Private Room near Mulund Railway station,hotel,19.17767,72.96032,,,,False,9.0,1.0,https://static.cupid.travel/hotels/527591542.jpg,liteapi
lp607f8,"Hotel JK Regency, Mumbai International",hotel,19.121391,72.849682,3.0,,,False,6.8,77.0,https://static.cupid.travel/hotels/450622211.jpg,liteapi
lp6576e9d2,Meriton Buisness Hotel Mumbai International airport T-2,hotel,19.098701,72.892232,2.0,,,False,6.8,76.0,https://static.cupid.travel/hotels/252665692.jpg,liteapi
lp656c3067,Treebo Laaiba Residency,hotel,19.13601,72.84723,3.0,,,False,6.8,75.0,https://static.cupid.travel/hotels/492741402.jpg,liteapi
lp655b21e0,Gateway Suites,hotel,19.09635,72.894879,2.0,,,False,7.6,108.0,https://static.cupid.travel/hotels/414485654.jpg,liteapi
lp655d321b,The Hubz Hostel,hostel,19.113863,72.879846,,,,False,7.7,89.0,https://static.cupid.travel/hotels/335490797.jpg,liteapi
lp65726d76,Bianca,hotel,19.064468,72.83015,3.0,,,False,8.2,6.0,https://static.cupid.travel/hotels/589705269.jpg,liteapi
lp9fa4e,Hotel Sai Inn,hotel,19.080562,72.842223,3.0,,,False,7.2,36.0,https://static.cupid.travel/hotels/475836644.jpg,liteapi
lp30801,Hotel Midland - Hostel,hostel,19.081178,72.84386,2.0,,,False,7.0,50.0,https://static.cupid.travel/hotels/ex_9f552049_z.jpg,liteapi
lp6559d36a,Mahira Dormitory,hotel,19.10002,72.89144,,,,False,7.6,98.0,https://static.cupid.travel/hotels/499141633.jpg,liteapi
lp65771ec9,"Nestor Hotel, Mumbai",hotel,19.115656,72.883397,4.0,,,False,6.4,167.0,https://static.cupid.travel/hotels/43447583.jpg,liteapi
lp657b5142,FabHotel Ascot International - Nr Mumbai International Airport,hotel,19.107369,72.882288,3.0,,,False,6.2,204.0,https://static.cupid.travel/hotels/469575410.jpg,liteapi
lp65722332,FabHotel Atithi Residency I - Nr BKC,hotel,19.096063,72.883681,3.0,,,False,6.6,106.0,https://static.cupid.travel/hotels/608801783.jpg,liteapi
lp65757b85,Hotel Arton Regency - Near Mumbai International Airport,hotel,19.100435,72.881408,3.0,,,False,5.8,422.0,https://static.cupid.travel/hotels/609236273.jpg,liteapi
lp9781d,Dragonfly Apartments Emerald,hotel,19.110483,72.869449,4.0,,,False,7.4,26.0,https://static.cupid.travel/hotels/95279970.jpg,liteapi
lp4c010,Hotel Metro Palace Bandra,hotel,19.056239,72.834179,3.0,,,False,6.4,137.0,https://static.cupid.travel/hotels/285645740.jpg,liteapi
lp4fbf0,Hotel Airlink,hotel,19.098252,72.846746,3.0,,,False,,16.0,https://static.cupid.travel/hotels/ex_b4043025_z.jpg,liteapi
lp6573304e,Hotel Dream Palace Residency - Near to US Embassy Bkc Mumbai,hotel,19.077872,72.878292,,,,False,6.9,61.0,https://static.cupid.travel/hotels/479535037.jpg,liteapi
lp655a975d,Hotel Grandeur-Near Mumbai International Airport,hotel,19.100498,72.882866,3.0,,,False,6.5,678.0,https://static.cupid.travel/hotels/330559234.jpg,liteapi
lp657e3945,Sunrise Dormitory,hotel,19.10876,72.82644,,,,False,7.3,45.0,https://static.cupid.travel/hotels/598950911.jpg,liteapi
lp657b692f,Sahara Dormitory Stay-near NESCO Bombay Exhibition Centre,hotel,19.155312,72.835241,,,,False,7.4,25.0,https://static.cupid.travel/hotels/533120632.jpg,liteapi
lp62708,New Shahana - Hostel,hostel,19.116126,72.880025,2.0,,,False,5.6,20.0,https://static.cupid.travel/hotels/ex_f19ee2ae_z.jpg,liteapi
lp655b6b0d,Deluxe Inn - Near Kokilaben Dhirubhai Ambani Hospital,hotel,19.136071,72.821848,3.0,,,False,8.3,29.0,https://static.cupid.travel/hotels/295070762.jpg,liteapi
lpacbd4,Hotel Kohinoor Park,hotel,19.10009,72.82752,3.0,,,False,6.2,26.0,https://static.cupid.travel/hotels/ex_7b498191_z.jpg,liteapi
lp6577dc92,Mon Repose Studio Apt Bandra,hotel,19.054018,72.826353,,,,False,8.3,5.0,https://static.cupid.travel/hotels/577736457.jpg,liteapi
lp657558f0,Lilou,hotel,19.052018,72.828407,4.0,,,False,8.0,10.0,https://static.cupid.travel/hotels/577050060.jpg,liteapi
lp65737a80,"Shahi Corporate Hotel,Near Mumbai International Airport T-2",hotel,19.100823,72.890993,3.0,,,False,6.6,81.0,https://static.cupid.travel/hotels/612503393.jpg,liteapi
lp657d9f49,Hotel Avion Palace,hotel,19.138145,72.849939,3.0,,,False,6.7,73.0,https://static.cupid.travel/hotels/509508861.jpg,liteapi
lp656dba61,CABINSTAY-AIRPORT,hotel,19.099681,72.881311,,,,False,6.8,56.0,https://static.cupid.travel/hotels/534869521.jpg,liteapi
lp657aded9,OSI Apartments Khar West,hotel,19.072993,72.82784,,,,False,7.1,34.0,https://static.cupid.travel/hotels/429480796.jpg,liteapi
lp6a694,Hotel Karl Residency,hotel,19.111992,72.844468,3.0,,,False,6.7,79.0,https://static.cupid.travel/hotels/11864089.jpg,liteapi
lp655d4f7e,Salaam Namastey Backpackers,hotel,19.149891,72.836097,,,,False,7.5,97.0,https://static.cupid.travel/hotels/225111176.jpg,liteapi
lp655aa31e,Hotel Leafio-Near Airport,hotel,19.102114,72.886107,3.0,,,False,6.6,435.0,https://static.cupid.travel/hotels/93008211.jpg,liteapi
lp65789f91,Hotel Mumbai International,hotel,19.108772,72.856904,3.0,,,False,6.1,184.0,https://static.cupid.travel/hotels/168690670.jpg,liteapi
lp65758352,Hotel Zillion Executive Near US Consulate Bandra Kurla Complex Mumbai Near Mumbai Airport Mumbai,hotel,19.075479,72.878633,3.0,,,False,6.8,62.0,https://static.cupid.travel/hotels/505380775.jpg,liteapi
lp65748432,Hotel Time Gold Near Domestics Airport,hotel,19.080102,72.848688,2.0,,,False,6.5,93.0,https://static.cupid.travel/hotels/575318566.jpg,liteapi
lp657778d0,Pacific Rio By Glitz Hotels,hotel,19.11103,72.86332,,,,False,6.5,88.0,https://static.cupid.travel/hotels/591763841.jpg,liteapi
lp6579b731,The KIWWI Hotel,hotel,19.10953,72.887711,3.0,,,False,6.6,83.0,https://static.cupid.travel/hotels/566387816.jpg,liteapi
lp65777745,Grandeur By Avion Palace Near T2 International Airport,hotel,19.100405,72.881531,,,,False,6.7,66.0,https://static.cupid.travel/hotels/536771578.jpg,liteapi
lpa3f7e,Star Dormitory,hotel,19.143534,72.832143,,,,False,7.0,37.0,https://static.cupid.travel/hotels/613938917.jpg,liteapi
lp656084d0,Galaxy Apartment,hotel,19.059929,72.878952,4.0,,,False,8.2,26.0,https://static.cupid.travel/hotels/126698684.jpg,liteapi
lp657f8960,Sinhassan Dormitory Hostel Juhu,hostel,19.109265,72.826568,,,,False,6.6,72.0,https://static.cupid.travel/hotels/610734123.jpg,liteapi
lp657faaad,Treebo Amber Imperial,hotel,18.979334,72.83344,3.0,,,False,6.2,145.0,https://static.cupid.travel/hotels/362832033.jpg,liteapi
lp6576e266,Via The Adore Palace,hotel,19.097011,72.883871,3.0,,,False,6.4,114.0,https://static.cupid.travel/hotels/502546512.jpg,liteapi
lp65816643,MY DORMITORY,hotel,19.1051,72.8607,,,,False,8.5,2.0,https://static.cupid.travel/hotels/522046405.jpg,liteapi
lp6575b43a,"Hotel Sai Plaza, Chembur Mumbai",hotel,19.045896,72.896721,2.0,,,False,6.9,42.0,https://static.cupid.travel/hotels/470655871.jpg,liteapi
lp6578de09,Esquire Hotel Near BKC Mumbai,hotel,19.053838,72.867809,3.0,,,False,6.4,118.0,https://static.cupid.travel/hotels/593937708.jpg,liteapi
lp1fcd94,Apex Hotel,hotel,19.099616,72.881177,3.0,,,False,,224.0,https://static.cupid.travel/hotels/475561018.jpg,liteapi
lp65814a28,HOTEL BOSTON,hotel,19.056502,72.895114,2.0,,,False,6.8,51.0,https://static.cupid.travel/hotels/541575380.jpg,liteapi
lp4cc57,Kings International Juhu,hotel,19.10706,72.826001,3.0,,,False,6.2,127.0,https://static.cupid.travel/hotels/375321343.jpg,liteapi
lp657d8485,Awesome Dormitory Male Only,hotel,19.1019,72.89048,,,,False,7.1,26.0,https://static.cupid.travel/hotels/277338720.jpg,liteapi
lp65720b8a,Chloe,hotel,19.063629,72.830148,3.0,,,False,8.0,5.0,https://static.cupid.travel/hotels/574940279.jpg,liteapi
lpa4c83,Hotel Lucky Near Nesco,hotel,19.173252,72.851389,,,,False,6.4,79.0,https://static.cupid.travel/hotels/218325493.jpg,liteapi
lp6577ae03,Super Hotel O Sakinaka Andheri Kurla Road,hotel,19.10597,72.88496,4.0,,,False,6.0,151.0,https://static.cupid.travel/hotels/613754428.jpg,liteapi
lp655a7b96,Hotel Adams Inn Near Mumbai Airport,hotel,19.102903,72.888319,2.0,,,False,7.4,91.0,https://static.cupid.travel/hotels/409531175.jpg,liteapi
lp657184d6,"Hotel BKC Prime Near Trade Centre US Embassy, Mumbai",hotel,19.071689,72.869246,3.0,,,False,6.1,127.0,https://static.cupid.travel/hotels/590298613.jpg,liteapi
lp65730388,Via Diamond,hotel,19.071806,72.869361,3.0,,,False,5.9,176.0,https://static.cupid.travel/hotels/432426381.jpg,liteapi
lp6559879b,OSI Apartments Lilavati Bandra,hotel,19.052188,72.828472,3.0,,,False,7.5,72.0,https://static.cupid.travel/hotels/371868851.jpg,liteapi
lp101814,Hotel Mumbai International,hotel,19.106699,72.859631,3.0,,,False,6.0,5.0,https://static.cupid.travel/hotels/ex_549ed436_z.jpg,liteapi
lp6579e24e,OSI Apartments Perry Cross Bandra West,hotel,19.061062,72.824268,3.0,,,False,7.5,12.0,https://static.cupid.travel/hotels/458792017.jpg,liteapi
lp99196,Collection O Airport Metro Andheri East,hotel,19.111891,72.87328,3.0,,,False,6.1,159.0,https://static.cupid.travel/hotels/566398760.jpg,liteapi
lp58592,Svenska Design Hotel Andheri,hotel,19.136299,72.828045,5.0,,,False,7.2,527.0,https://static.cupid.travel/hotels/122448628.jpg,liteapi
lp655948e3,Hotel Ameya,hotel,19.023343,72.839476,,,,False,6.9,177.0,https://static.cupid.travel/hotels/220798135.jpg,liteapi
lp655aab2d,"Hotel Mumbai House Andheri East, Mumbai",hotel,19.112154,72.863385,3.0,,,False,7.6,62.0,https://static.cupid.travel/hotels/117565721.jpg,liteapi
lp36586,Hotel Highway Residency,hotel,19.104393,72.859232,3.0,,,False,7.0,25.0,https://static.cupid.travel/hotels/ex_f6d041a9_z.jpg,liteapi
lp65810d8f,New Passenger Dormitory,hotel,19.123864,72.846777,,,,False,7.7,15.0,https://static.cupid.travel/hotels/511837453.jpg,liteapi
lp65782aa7,Urban Home and Suites,hotel,19.17488,72.86743,,,,False,7.7,7.0,https://static.cupid.travel/hotels/600277489.jpg,liteapi
lp7275c,Hotel Aircraft International,hotel,19.096019,72.851438,2.0,,,False,6.6,49.0,https://static.cupid.travel/hotels/ex_31b757db_z.jpg,liteapi
lp4c8a9,Hotel Sunshine Airport,hotel,19.102751,72.879402,3.0,,,False,4.8,22.0,https://static.cupid.travel/hotels/ex_e5238cff_z.jpg,liteapi
lp65817309,Hotel Guestinn Residency,hotel,19.054491,72.868219,3.0,,,False,5.7,228.0,https://static.cupid.travel/hotels/523063558.jpg,liteapi
lp6578c177,Collection O Goregaon Near Film City Formerly Cupid,hotel,19.177388,72.867007,3.0,,,False,6.7,41.0,https://static.cupid.travel/hotels/622660982.jpg,liteapi
lp64f8c,Hotel Orritel West,hotel,19.139428,72.834157,3.0,,,False,6.9,31.0,https://static.cupid.travel/hotels/166045270.jpg,liteapi
lp65751f28,Hotel Golden Galaxy - Santacruz East,hotel,19.080156,72.848015,2.0,,,False,6.1,109.0,https://static.cupid.travel/hotels/499458244.jpg,liteapi
lp6577b596,Hotel Plaza- Near Byculla Railway Station,hotel,18.97551,72.834707,2.0,,,False,6.4,84.0,https://static.cupid.travel/hotels/342846832.jpg,liteapi
lp6559d37c,OSI Apartments BKC Kurla West,hotel,19.068666,72.876248,3.0,,,False,7.4,69.0,https://static.cupid.travel/hotels/356216081.jpg,liteapi
lp656c3839,Hotel Zillion Executive,hotel,19.075612,72.878381,2.0,,,False,7.0,22.0,https://static.cupid.travel/hotels/ex_a525fbdd_z.jpg,liteapi
lp732d5,Hotel Solitaire,hotel,19.108674,72.856476,3.0,,,False,6.8,20.0,https://static.cupid.travel/hotels/ex_fa769039_z.jpg,liteapi
lp655d3d8a,Hotel Elliott Inn,hotel,19.167466,72.849968,,,,False,7.5,54.0,https://static.cupid.travel/hotels/607128358.jpg,liteapi
lp732d1,Peninsula Grand Hotel,hotel,19.102381,72.888192,4.0,,,False,5.6,18.0,https://static.cupid.travel/hotels/ex_074052d7_z.jpg,liteapi
lp65778532,Hotel O Amma Bhau Residency,hotel,19.13449,72.82071,4.0,,,False,6.5,52.0,https://static.cupid.travel/hotels/562238601.jpg,liteapi
lp6571b906,Nino,hotel,19.051999,72.828377,4.0,,,False,8.0,3.0,https://static.cupid.travel/hotels/577051674.jpg,liteapi
lp1f6493,Gobinddham,hotel,19.0677,72.8388,3.0,,,False,8.0,3.0,https://static.cupid.travel/hotels/ex_64c8fe4f_z.jpg,liteapi
lpab295,ZUZU Galaxy Annex Hotel,hotel,19.084657,72.844818,3.0,,,False,8.0,3.0,https://static.cupid.travel/hotels/ex_e2e50f7c_z.jpg,liteapi
lp65778124,Vogue Cabin Stay Near NESCO,hotel,19.159347,72.836035,2.0,,,False,8.0,3.0,https://static.cupid.travel/hotels/ex_13df106a_z.jpg,liteapi
lp6567947c,Hotel lime wood,hotel,19.126116,72.847016,,,,False,7.3,67.0,https://static.cupid.travel/hotels/379915968.jpg,liteapi
lp92619,Treebo Trend Sea Side,hotel,19.109441,72.824385,3.0,,,False,7.0,20.0,https://static.cupid.travel/hotels/ex_cf2ecad6_z.jpg,liteapi
lp3264ac,Treebo Hiramani Parel Lalbaug,hotel,18.992348,72.836928,3.0,,,False,5.8,159.0,https://static.cupid.travel/hotels/394228500.jpg,liteapi
lp65793c9f,Casa Cabin Stay Mumbai Airport,hotel,19.10325,72.887864,,,,False,6.3,69.0,https://static.cupid.travel/hotels/477531744.jpg,liteapi
lp655d3400,Royal Dormitory,hotel,19.104573,72.878861,,,,False,7.0,109.0,https://static.cupid.travel/hotels/518759268.jpg,liteapi
lp65752b39,Maxxvalue Hotel MIDC - Andheri,hotel,19.121734,72.8717,3.0,,,False,,110.0,https://static.cupid.travel/hotels/522264726.jpg,liteapi
lp65780f40,Hotel O Sunrise Suites,hotel,19.119154,72.85131,3.0,,,False,7.1,20.0,https://static.cupid.travel/hotels/564405497.jpg,liteapi
lp6583bd54,Prince Dormitory,hotel,19.05456,72.86836,,,,False,6.8,27.0,https://static.cupid.travel/hotels/593928606.jpg,liteapi
lp6559878a,Hotel K.C Residency,hotel,19.108086,72.879066,,,,False,6.6,216.0,https://static.cupid.travel/hotels/136164876.jpg,liteapi
lp65796be4,Hotel BKC Prime,hotel,19.071592,72.869176,3.0,,,False,7.6,6.0,https://static.cupid.travel/hotels/ex_4e031d9d_z.jpg,liteapi
lp20a24a,"Mumbai House Luxury Apartments, Santacruz East",hotel,19.078204,72.843659,3.0,,,False,7.4,268.0,https://static.cupid.travel/hotels/215428231.jpg,liteapi
lpe8a6e,Hotel Plaza Executive - near BKC,hotel,19.0797,72.88003,3.0,,,False,6.7,216.0,https://static.cupid.travel/hotels/222110007.jpg,liteapi
lp656c3958,GATEWAY STAR HOTEL,hotel,19.100696,72.880184,3.0,,,False,5.9,192.0,https://static.cupid.travel/hotels/500800508.jpg,liteapi
lp65550ff9,Treebo Lake Bloom Powai,hotel,19.124328,72.890807,3.0,,,False,5.9,126.0,https://static.cupid.travel/hotels/231744948.jpg,liteapi
lp656f4b80,"Angel Views 601, Chapel Road, Bandra West by Connekt Homes",hotel,19.052199,72.828477,3.0,,,False,7.8,4.0,https://static.cupid.travel/hotels/477964368.jpg,liteapi
lpa9204,Awesome Dormitory,hotel,19.102793,72.889116,2.0,,,False,7.8,4.0,https://static.cupid.travel/hotels/ex_d7c5b5c9_z.jpg,liteapi
lpa48b5,Hotel Midtown Andheri,hotel,19.11995,72.845509,2.0,,,False,7.8,4.0,https://static.cupid.travel/hotels/ex_cb7a5415_z.jpg,liteapi
lp655a8348,YMCA International House,hotel,18.972137,72.82353,,,,False,8.1,29.0,https://static.cupid.travel/hotels/137636431.jpg,liteapi
lp65797d0f,Hotel Pride Inn Near Mumbai Airport T2,hotel,19.113535,72.873936,,,,False,6.8,47.0,https://static.cupid.travel/hotels/579230303.jpg,liteapi
lp6559788e,Andheri-69-Dormitory,hotel,19.124377,72.848435,3.0,,,False,6.8,137.0,https://static.cupid.travel/hotels/374011567.jpg,liteapi
lp6580c3ea,FabHotel Occazia Paradise,hotel,19.137997,72.820137,3.0,,,False,6.7,28.0,https://static.cupid.travel/hotels/442045696.jpg,liteapi
lp657561f8,Grand Dyad Hotel - Near Kokilaben Hospital Andheri West,hotel,19.131767,72.824672,3.0,,,False,6.4,48.0,https://static.cupid.travel/hotels/518823397.jpg,liteapi
lp50244,"The Caliph Hotel, Mumbai Near Powai Lake",hotel,19.119564,72.898694,3.0,,,False,6.6,252.0,https://static.cupid.travel/hotels/334816540.jpg,liteapi
lpf980e,FabHotel Veera Residency - Nr Airport,hotel,19.114516,72.862412,3.0,,,False,6.1,77.0,https://static.cupid.travel/hotels/580001050.jpg,liteapi
lp657126f0,FabExpress Kurla Inn - Nr BKC,hotel,19.077475,72.878971,3.0,,,False,6.7,26.0,https://static.cupid.travel/hotels/548726651.jpg,liteapi
lp6574a2e4,Shubhlaxmi Studio Apartment with sit out - Linking rd,hotel,19.069963,72.834699,3.0,,,False,7.6,8.0,https://static.cupid.travel/hotels/600912693.jpg,liteapi
lpbde99,Hotel Mumbai House,hotel,19.113917,72.864103,3.0,,,False,7.6,5.0,https://static.cupid.travel/hotels/ex_b62d6174_z.jpg,liteapi
lp65609a34,Lucky Serviced Apartments -Near BKC,hotel,19.053892,72.837715,3.0,,,False,7.6,30.0,https://static.cupid.travel/hotels/403933230.jpg,liteapi
lp65724828,72 Pali Village a Cozy Vintage Apartment by Connekt Homes,hotel,19.063049,72.829966,,,,False,8.0,3.0,https://static.cupid.travel/hotels/544148321.jpg,liteapi
lp6586670d,MyOtel - Santacruz,hotel,19.084707,72.844633,3.0,,,False,8.0,2.0,https://static.cupid.travel/hotels/ex_00289182_z.jpg,liteapi
lp655b6ffe,FabHotel Elvis Inn - Nr Mumbai International Airport,hotel,19.113593,72.891953,3.0,,,False,7.0,83.0,https://static.cupid.travel/hotels/613758026.jpg,liteapi
lp656084df,"Villa 406, Dr Wade with Private Pool and Gazebo in Royal Palms Mumbai",hotel,19.150939,72.88942,4.0,,,False,8.4,7.0,https://static.cupid.travel/hotels/241863913.jpg,liteapi
lp65795dec,Vogue Cabin Stay Near NESCO Bombay Exhibition Centre,hotel,19.158042,72.835818,,,,False,7.2,14.0,https://static.cupid.travel/hotels/583404350.jpg,liteapi
lp6575a484,Hotel Royal Residency - Chembur,hotel,19.046272,72.909743,2.0,,,False,6.7,27.0,https://static.cupid.travel/hotels/480728989.jpg,liteapi
lp657c5360,Amber Guest House,hotel,19.113502,72.84222,3.0,,,False,6.4,55.0,https://static.cupid.travel/hotels/535509240.jpg,liteapi
lp783b2,Hotel Midtown Pritam,hotel,19.017093,72.845829,3.0,,,False,6.8,20.0,https://static.cupid.travel/hotels/ex_36464fde_z.jpg,liteapi
lp65817c79,AB Residency,hotel,19.13357,72.82129,3.0,,,False,7.3,8.0,https://static.cupid.travel/hotels/572729903.jpg,liteapi
lp657e8310,Hotel Icon Near T-2 International Airport Mumbai,hotel,19.100673,72.891136,2.0,,,False,5.8,140.0,https://static.cupid.travel/hotels/578730359.jpg,liteapi
lp657cf8b6,Hotel Powai Palace,hotel,19.116041,72.893918,3.0,,,False,6.4,48.0,https://static.cupid.travel/hotels/614415002.jpg,liteapi
lp657df705,Hotel Hilton Suites,hotel,19.120329,72.845451,2.0,,,False,6.2,60.0,https://static.cupid.travel/hotels/427828187.jpg,liteapi
lp61f95,Hotel Mina International,hotel,19.137252,72.846573,3.0,,,False,6.2,54.0,https://static.cupid.travel/hotels/343250202.jpg,liteapi
lp65778c98,"Hotel Royce Executive Near US Consulate, Bandra Kurla Complex",hotel,19.075505,72.873777,3.0,,,False,5.4,213.0,https://static.cupid.travel/hotels/500505276.jpg,liteapi
lp657b464e,Vakola Dormitory AC Beds,hotel,19.080165,72.847625,,,,False,6.5,33.0,https://static.cupid.travel/hotels/534847979.jpg,liteapi
lp657c0203,HOTEL MUMBAI HOUSE MINDSPACE MALAD,hotel,19.179258,72.839216,2.0,,,False,7.4,6.0,https://static.cupid.travel/hotels/ex_03d83baf_z.jpg,liteapi
lp6558152b,Hotel Comfort Stay,hotel,19.119182,72.883532,2.0,,,False,7.6,4.0,https://static.cupid.travel/hotels/ex_91d83fd5_z.jpg,liteapi
lp6559d37d,Country Inn & Suites By Turtle,hotel,19.12848,72.83688,3.0,,,False,6.4,192.0,https://snaphotelapi.com/hotels/hd/485587831.jpg,liteapi
lp656c2dba,Hotel Larmont Luxury,hotel,19.124892,72.846632,3.0,,,False,6.3,50.0,https://static.cupid.travel/hotels/445128795.jpg,liteapi
lp657bb583,Airport Cabin Stay Mumbai Near T2,hotel,19.101271,72.86467,,,,False,5.7,134.0,https://static.cupid.travel/hotels/533297386.jpg,liteapi
lp6579c5ff,Hotel Highway Inn Andheri East,hotel,19.11854,72.852156,,,,False,6.4,34.0,https://static.cupid.travel/hotels/462437679.jpg,liteapi
lp656eec1b,City Nest 1 BHK in Hiranandani Powai (C),hotel,19.11444,72.90936,,,,False,7.7,3.0,https://static.cupid.travel/hotels/542490174.jpg,liteapi
lp6579dce2,Super Hotel O Four Bungalow Formerly Ardaas Residency,hotel,19.140438,72.820377,,,,False,6.2,46.0,https://static.cupid.travel/hotels/608581970.jpg,liteapi
lp656bcd9a,Treebo Express Inn,hotel,19.119651,72.884105,3.0,,,False,6.0,65.0,https://static.cupid.travel/hotels/516691339.jpg,liteapi
lp657e01df,Treebo Seven Olives,hotel,19.098666,72.883432,3.0,,,False,5.6,150.0,https://static.cupid.travel/hotels/479614724.jpg,liteapi
lp656c298a,Treebo Prince Andheri East,hotel,19.106774,72.881101,3.0,,,False,5.5,152.0,https://static.cupid.travel/hotels/453088023.jpg,liteapi
lp65759205,Hotel Vaithi Residency - Andheri West,hotel,19.139761,72.821079,,,,False,7.1,12.0,https://static.cupid.travel/hotels/619715402.jpg,liteapi
lp65819595,The Platinum,hotel,19.127664,72.831189,3.0,,,False,6.6,48.0,https://static.cupid.travel/hotels/505118529.jpg,liteapi
lp657615f0,Hotel Arma Near BKC,hotel,19.055306,72.844923,2.0,,,False,7.4,5.0,https://static.cupid.travel/hotels/ex_ee737025_z.jpg,liteapi
lp656c3827,Hotel Vertigo Suite,hotel,19.071954,72.875458,3.0,,,False,7.4,5.0,https://static.cupid.travel/hotels/ex_4e3fbaaa_z.jpg,liteapi
lp6c375,Mumbai Metro - The Executive Hotel,hotel,19.104508,72.886943,3.0,,,False,7.4,5.0,https://static.cupid.travel/hotels/ex_3a4d4985_z.jpg,liteapi
lp18674e,Qubestay Airport Capsule Hotel & Hostel,hostel,19.106646,72.890051,,,,False,7.0,218.0,https://static.cupid.travel/hotels/177131560.jpg,liteapi
lp6b694,Oritel Service Apartments,hotel,19.110707,72.898865,3.0,,,False,7.4,5.0,https://static.cupid.travel/hotels/ex_1d5fd087_z.jpg,liteapi
lp65781e88,Hotel O Akshay,hotel,19.13895,72.82162,4.0,,,False,6.9,12.0,https://static.cupid.travel/hotels/621099907.jpg,liteapi
lp655d4f83,Sunshine Backpackers Airport,hotel,19.102566,72.879748,,,,False,6.3,194.0,https://static.cupid.travel/hotels/195523004.jpg,liteapi
lp6577cfbb,FabHotel Neelkamal - Chembur,hotel,19.05384,72.88982,3.0,,,False,5.9,67.0,https://static.cupid.travel/hotels/606577639.jpg,liteapi
lp5fefa,Hotel Ajanta Juhu near Juhu Beach,hotel,19.090773,72.827586,3.0,,,False,6.6,20.0,https://static.cupid.travel/hotels/ex_831c6233_z.jpg,liteapi
lpbac44,"Seven Serviced Apartments, Worli",hotel,19.00943,72.81667,3.0,,,False,8.0,1.0,https://static.cupid.travel/hotels/ex_8bc553f5_z.jpg,liteapi
lp656e816e,"Marina 203, NL Road, Bandra West by Connekt Homes",hotel,19.055124,72.837015,4.0,,,False,8.0,1.0,https://static.cupid.travel/hotels/481311282.jpg,liteapi
lp656fae6d,"New Boutique 1 BHK in Bandra, off Pali Hill",hotel,19.066631,72.830356,4.0,,,False,8.0,1.0,https://static.cupid.travel/hotels/608492232.jpg,liteapi
lp65829217,KAE Residency,hotel,19.122866,72.864375,,,,False,8.0,1.0,https://static.cupid.travel/hotels/557011710.jpg,liteapi
lpc872c,OYO 10016 Hotel Golden Inn,hotel,19.13616,72.847392,3.0,,,False,8.0,1.0,https://static.cupid.travel/hotels/ex_5f0ac819_z.jpg,liteapi
lp657592d5,Verandah Shubh 2BH Villa with Jacuzzi,hotel,19.16313,72.78874,,,,False,8.0,1.0,https://static.cupid.travel/hotels/594066876.jpg,liteapi
lp6574944a,Cozy Private Room w private bath n skyline view,hotel,19.178663,72.960249,,,,False,8.0,1.0,https://static.cupid.travel/hotels/529563037.jpg,liteapi
lp658387f1,Terminus Square,hotel,19.066101,72.89168,3.0,,,False,6.1,48.0,https://static.cupid.travel/hotels/521874831.jpg,liteapi
lp6572504e,Cozy Inn T2 Mumbai Airport,hotel,19.117574,72.8836,3.0,,,False,6.9,11.0,https://static.cupid.travel/hotels/531009458.jpg,liteapi
lp655b64b0,Hotel Mumbai House Juhu Santacruz West,hotel,19.085557,72.829934,3.0,,,False,6.8,84.0,https://static.cupid.travel/hotels/387627219.jpg,liteapi
lp657193c6,Hotel Triton Sion - Near US Embassy - Hotel Near BKC,hotel,19.045793,72.86479,2.0,,,False,5.9,65.0,https://static.cupid.travel/hotels/507907805.jpg,liteapi
lp656084e1,Maxxvalue Apartment Hiranandani Powai - RH5,hotel,19.118979,72.912512,4.0,,,False,8.0,13.0,https://static.cupid.travel/hotels/404183644.jpg,liteapi
lp6577ea7c,Hotel Newyork by Stayzy Rooms,hotel,19.138161,72.822572,3.0,,,False,6.3,43.0,https://static.cupid.travel/hotels/606491622.jpg,liteapi
lp83b46,Click Hotel Andheri MIDC,hotel,19.120689,72.863084,3.0,,,False,5.6,5.0,https://static.cupid.travel/hotels/ex_d76d3173_z.jpg,liteapi
lp65758583,Almas Dormitory 24 hours AirCondition,hotel,19.12142,72.84627,,,,False,6.6,18.0,https://static.cupid.travel/hotels/531267115.jpg,liteapi
lp221e82,AL Shifa Residency,hotel,18.976936,72.834811,,,,False,5.9,62.0,https://static.cupid.travel/hotels/207554318.jpg,liteapi
lpad1fa,Hotel Atithi,hotel,19.096826,72.854053,3.0,,,False,6.4,25.0,https://static.cupid.travel/hotels/ex_58e6794a_z.jpg,liteapi
lp657828fc,Rameshwar Dormitories - Vile Parle Highway,hotel,19.100633,72.854143,,,,False,6.4,34.0,https://static.cupid.travel/hotels/593098449.jpg,liteapi
lp657fa52e,Hotel Powai Residency,hotel,19.114505,72.888774,3.0,,,False,5.9,60.0,https://static.cupid.travel/hotels/514046691.jpg,liteapi
lpa4c84,Lucky Hotel Bandra,hotel,19.05359,72.83789,3.0,,,False,6.6,17.0,https://static.cupid.travel/hotels/ex_9f9742ad_z.jpg,liteapi
lp655a8257,Hotel Oyster Suite Andheri West,hotel,19.125383,72.84709,3.0,,,False,6.3,167.0,https://static.cupid.travel/hotels/319285198.jpg,liteapi
lp4e8ab,Hotel Samraj,hotel,19.111531,72.858458,2.0,,,False,6.0,47.0,https://static.cupid.travel/hotels/213824631.jpg,liteapi
lp655aa318,The Classique Club,hotel,19.140487,72.831161,4.0,,,False,7.3,31.0,https://static.cupid.travel/hotels/209999605.jpg,liteapi
lp657f60f8,Kohinoor Guest House,hotel,19.0611,72.84655,,,,False,6.2,33.0,https://static.cupid.travel/hotels/598558794.jpg,liteapi
lpd3f1f,Hotel Happyland,hotel,19.015274,72.84553,3.0,,,False,3.9,274.0,https://static.cupid.travel/hotels/213814658.jpg,liteapi
lp6538f,Hotel Planet Plaza,hotel,19.110714,72.872438,,,,False,5.8,53.0,https://static.cupid.travel/hotels/9668096.jpg,liteapi
lp6570a0cd,FabHotel Prime Land - Nr BKC,hotel,19.052298,72.866615,3.0,,,False,5.4,132.0,https://static.cupid.travel/hotels/332251343.jpg,liteapi
lp657d6cd6,Via Twigo Inn,hotel,19.140124,72.820671,3.0,,,False,6.5,25.0,https://static.cupid.travel/hotels/617331110.jpg,liteapi
lp655a7830,Quaint Suites Hotel & Banquet,hotel,19.108748,72.88957,2.0,,,False,6.4,121.0,https://static.cupid.travel/hotels/554423088.jpg,liteapi
lp8e4d4,Dragonfly Apartments,hotel,19.11109,72.86695,3.0,,,False,7.2,5.0,https://static.cupid.travel/hotels/ex_9c15988b_z.jpg,liteapi
lp657d6cf9,Home Stay,hotel,19.13366,72.82513,,,,False,7.2,5.0,https://static.cupid.travel/hotels/573544341.jpg,liteapi
lp656477c3,OSI Apartments Bandra West,hotel,19.055035,72.837088,,,,False,6.7,70.0,https://static.cupid.travel/hotels/405652000.jpg,liteapi
lp657224a3,HOTEL BKC DOWNTOWN - NEAR US EMBASSY,hotel,19.071761,72.875421,3.0,,,False,6.0,46.0,https://static.cupid.travel/hotels/500398479.jpg,liteapi
lp6555f6f4,Hotel Crystal Luxury Inn- Bandra,hotel,19.051194,72.837258,3.0,,,False,5.2,163.0,https://static.cupid.travel/hotels/239444019.jpg,liteapi
lp65777d84,Via Arton Suite,hotel,19.100626,72.881538,3.0,,,False,5.2,162.0,https://static.cupid.travel/hotels/403934813.jpg,liteapi
lp5f76c,Hotel Red Palm,hotel,19.067478,72.839022,3.0,,,False,5.6,70.0,https://static.cupid.travel/hotels/ex_w973h650x0y0-25fe4768_z.jpg,liteapi
lp364e2b,Hexa Royal Elite,hotel,19.15948,72.85477,3.0,,,False,7.4,3.0,https://static.cupid.travel/hotels/ex_b4f45498_z.jpg,liteapi
lp6559313a,CABIN STAY MAROL-The Hubz,hotel,19.117048,72.879925,,,,False,7.3,30.0,https://static.cupid.travel/hotels/417147826.jpg,liteapi
lp610e6,Hotel Airlines International,hotel,19.08465,72.84418,2.0,,,False,6.4,20.0,https://static.cupid.travel/hotels/310591412.jpg,liteapi
lpafa20,Hotel Jayshree,hotel,19.095426,72.851133,3.0,,,False,6.4,20.0,https://static.cupid.travel/hotels/ex_9ab3add8_z.jpg,liteapi
lp6579ad55,Hotel West Blue,hotel,19.13658,72.83585,3.0,,,False,5.8,56.0,https://static.cupid.travel/hotels/161856026.jpg,liteapi
lp65771947,Hotel O Anjali Hotel,hotel,19.10678,72.86526,3.0,,,False,5.9,46.0,https://static.cupid.travel/hotels/584274926.jpg,liteapi
lp657b7914,O Rooms Near Mumbai international Airport,hotel,19.101903,72.890078,3.0,,,False,6.4,20.0,https://static.cupid.travel/hotels/495885073.jpg,liteapi
lp6578f593,Hotel U Life Residency Mumbai,hotel,19.122659,72.887005,3.0,,,False,6.8,40.0,https://static.cupid.travel/hotels/570336984.jpg,liteapi
lp65709ed5,"Chic Home - Bright 1 BHK close to Lilavati Hospital, Bandra west 602",hotel,19.053542,72.82886,3.0,,,False,7.5,2.0,https://static.cupid.travel/hotels/609523250.jpg,liteapi
lp65719f83,Nest 1BHK Bandra W by The Bombay Home Company,hotel,19.06049,72.82448,,,,False,7.5,2.0,https://static.cupid.travel/hotels/605013419.jpg,liteapi
lp657b164f,Super Collection O Ulife,hotel,19.122936,72.88702,4.0,,,False,6.2,27.0,https://static.cupid.travel/hotels/593621716.jpg,liteapi
lp657a0460,Via Shera Residency,hotel,19.10153,72.889749,2.0,,,False,6.9,7.0,https://static.cupid.travel/hotels/595687814.jpg,liteapi
lpbf16a,Yogi Broadway,hotel,19.052644,72.899502,3.0,,,False,6.4,5.0,https://static.cupid.travel/hotels/ex_88e89ebc_z.jpg,liteapi
lp657811bb,FabHotel Marol Metro,hotel,19.10675,72.881044,3.0,,,False,6.2,42.0,https://static.cupid.travel/hotels/213614022.jpg,liteapi
lp6579dd32,Via Jayshree,hotel,19.095252,72.851053,3.0,,,False,5.1,157.0,https://static.cupid.travel/hotels/511742977.jpg,liteapi
lp656084ef,Hotel Avion Park - Near Mumbai International Airport,hotel,19.12306,72.84368,,,,False,5.9,203.0,https://static.cupid.travel/hotels/408530422.jpg,liteapi
lpa93d4,Treebo Olive Nest,hotel,19.182921,72.843462,3.0,,,False,6.7,93.0,https://static.cupid.travel/hotels/95650965.jpg,liteapi
lp749c2,Hiltop Hotel,hotel,19.011397,72.818381,3.0,,,False,6.2,22.0,https://static.cupid.travel/hotels/44798095.jpg,liteapi
lp9253e,Backpacker Panda Appetite Mumbai,hotel,19.111452,72.865948,2.0,,,False,7.0,5.0,https://static.cupid.travel/hotels/ex_f19213f6_z.jpg,liteapi
lp655a754d,"Hotel Prime Inn, Andheri West - Near Mumbai International Airport",hotel,19.12438,72.84657,3.0,,,False,6.0,165.0,https://static.cupid.travel/hotels/344544181.jpg,liteapi
lp656c338e,Fabexpress Bhau Residency,hotel,19.100727,72.891467,3.0,,,False,7.4,2.0,https://static.cupid.travel/hotels/ex_56a08b41_z.jpg,liteapi
lp65873c1c,Fabhotel Powai Inn,hotel,19.121047,72.890991,3.0,,,False,7.4,2.0,https://static.cupid.travel/hotels/ex_4115b127_z.jpg,liteapi
lp6579791c,Hotel Riva International Goregaon- Near NESCO,hotel,19.164085,72.835268,3.0,,,False,5.3,96.0,https://static.cupid.travel/hotels/266556617.jpg,liteapi
lpeea06,Hotel Panchvati Residency,hotel,19.127863,72.83223,3.0,,,False,5.4,3.0,https://static.cupid.travel/hotels/ex_77124749_z.jpg,liteapi
lp655b13c6,Hotel O Kiwi International,hotel,19.109944,72.887889,4.0,,,False,6.2,117.0,https://static.cupid.travel/hotels/570165458.jpg,liteapi
lp6572bb05,Hotel Golden Suites - Near Nesco,hotel,19.159092,72.835528,2.0,,,False,8.0,,https://static.cupid.travel/hotels/ex_e1d5a943_z.jpg,liteapi
lp6557329d,Mayura Aureole Co-living - Hostel,hostel,19.159992,72.857198,2.0,,,False,8.0,,https://static.cupid.travel/hotels/ex_125e73c6_z.jpg,liteapi
lp6b887,Pals Hotel,hotel,18.986624,72.841784,3.0,,,False,6.4,13.0,https://static.cupid.travel/hotels/ex_2f34d58d_z.jpg,liteapi
lp657e6ef4,Astha Powai Service Apartment,hotel,19.115978,72.891122,,,,False,6.8,7.0,https://static.cupid.travel/hotels/547668217.jpg,liteapi
lp6573dfca,Fabhotel 7 Square,hotel,19.071683,72.868395,3.0,,,False,7.0,4.0,https://static.cupid.travel/hotels/ex_a1cf4254_z.jpg,liteapi
lpf4f5c,"Hotel Astropods Airport, Mumbai",hotel,19.10622,72.8655,3.0,,,False,7.0,4.0,https://static.cupid.travel/hotels/ex_e8fbd9c3_z.jpg,liteapi
lp6559878e,GATEWAY INN,hotel,19.106377,72.880935,,,,False,5.9,165.0,https://static.cupid.travel/hotels/327796539.jpg,liteapi
lp6416a,JC Chalet,hotel,19.093191,72.828289,3.0,,,False,5.7,41.0,https://static.cupid.travel/hotels/ex_d9cc6c4b_z.jpg,liteapi
lp655c75e2,Comfortable Living,hotel,19.075656,72.984589,2.0,,,False,7.0,28.0,https://static.cupid.travel/hotels/122925732.jpg,liteapi
lp658416d3,Victory dormitory,hotel,19.12033,72.84591,,,,False,6.6,8.0,https://static.cupid.travel/hotels/525109349.jpg,liteapi
lp6559d370,New Abza Dormitory,hotel,19.10031,72.89187,3.0,,,False,6.0,126.0,https://static.cupid.travel/hotels/419120839.jpg,liteapi
lpb6c6b,Mumbai Backpackers,hotel,19.113923,72.862715,2.0,,,False,6.8,5.0,https://static.cupid.travel/hotels/ex_693ac5e7_z.jpg,liteapi
lp6573e9a1,1 BHK in Hiranandani Gardens Powai,hotel,19.11453,72.90907,,,,False,6.7,6.0,https://static.cupid.travel/hotels/500104473.jpg,liteapi
lp657ca47c,Collection O Kurla BKC Mumbai Formerly Golden Tulipz,hotel,19.078246,72.87972,3.0,,,False,5.8,35.0,https://static.cupid.travel/hotels/446901271.jpg,liteapi
lp6585f78b,Hotel Skylink Hospitality,hotel,18.979273,72.833484,3.0,,,False,7.0,3.0,https://static.cupid.travel/hotels/ex_db363983_z.jpg,liteapi
lp656f7d89,"Sterling 401, off Carter Road, Bandra West by Connekt Homes",hotel,19.066141,72.824663,3.0,,,False,7.0,4.0,https://static.cupid.travel/hotels/479400050.jpg,liteapi
lp6581208c,Galaxy Beacon Hotel,hotel,19.084709,72.844799,2.0,,,False,7.0,3.0,https://static.cupid.travel/hotels/ex_f5d8b497_z.jpg,liteapi
lp65762ba7,as suite guest huseT2,hotel,19.09635,72.894879,3.0,,,False,5.6,54.0,https://static.cupid.travel/hotels/607368750.jpg,liteapi
lp9e04a,Hotel Liberty Plaza,hotel,19.085176,72.892466,3.0,,,False,7.0,519.0,https://static.cupid.travel/hotels/151616134.jpg,liteapi
lp655b6aef,Hotel Magnet TERMINAL-2,hotel,19.102726,72.889791,3.0,,,False,6.1,87.0,https://static.cupid.travel/hotels/232943681.jpg,liteapi
lpfd479,Hotel sweet home,hotel,18.971516,72.822284,3.0,,,False,6.8,4.0,https://static.cupid.travel/hotels/ex_b38cd2d6_z.jpg,liteapi
lp67883,Hotel Columbus,hotel,19.094831,72.85017,3.0,,,False,6.1,15.0,https://static.cupid.travel/hotels/ex_13eeeea6_z.jpg,liteapi
lpc0eb7,Zostel Mumbai - Hostel,hostel,19.119412,72.883784,2.0,,,False,6.8,2.0,https://static.cupid.travel/hotels/ex_c985e113_z.jpg,liteapi
lp658155f9,Hotel Affari,hotel,19.076637,72.87778,2.0,,,False,6.3,15.0,https://static.cupid.travel/hotels/530553792.jpg,liteapi
lp65779e43,Hotel Hometown Near US Embassy BKC,hotel,19.050193,72.86446,3.0,,,False,5.4,49.0,https://static.cupid.travel/hotels/242670331.jpg,liteapi
lpb1368,Landmark Asia Serviced Apartments,hotel,19.11796,72.88648,3.0,,,False,6.0,17.0,https://static.cupid.travel/hotels/ex_62803083_z.jpg,liteapi
lp4c045,Hotel Milan International,hotel,19.089231,72.84191,3.0,,,False,4.2,50.0,https://static.cupid.travel/hotels/ex_18fd3658_z.jpg,liteapi
lpa5577,City Guest House - Dadar,hotel,19.016267,72.843071,1.0,,,False,,182.0,https://static.cupid.travel/hotels/173698888.jpg,liteapi
lp6575ab2d,HOTEL AIR VIEW Near New Airport,hotel,19.08037,72.85076,2.0,,,False,6.6,5.0,https://static.cupid.travel/hotels/561391431.jpg,liteapi
lp655aa30e,Hotel Regal Inn,hotel,19.102718,72.865378,3.0,,,False,7.6,5.0,https://static.cupid.travel/hotels/ex_2c16c7c0_z.jpg,liteapi
lp1b095a,Hotel West Blue,hotel,19.136543,72.835932,3.0,,,False,6.6,5.0,https://static.cupid.travel/hotels/ex_3917c6c9_z.jpg,liteapi
lp656f4e0b,Hotel 97 Inn- Andheri Versova,hotel,19.14099,72.82008,3.0,,,False,6.6,5.0,https://static.cupid.travel/hotels/547139548.jpg,liteapi
lp6ba9b,Hotel Royal Garden,hotel,19.091373,72.827958,3.0,,,False,5.4,43.0,https://static.cupid.travel/hotels/ex_aeea76bb_z.jpg,liteapi
lp6571e435,Hotel Emerald Inn,hotel,19.101583,72.890158,3.0,,,False,5.9,32.0,https://static.cupid.travel/hotels/538749416.jpg,liteapi
lp65865f6e,Hotel Pride Suites,hotel,19.060493,72.872621,2.0,,,False,7.0,2.0,https://static.cupid.travel/hotels/ex_613fa57d_z.jpg,liteapi
lp656f7da0,"Sterling 102, off Carter Road, Bandra West by Connekt Homes",hotel,19.06614,72.824674,4.0,,,False,7.0,2.0,https://static.cupid.travel/hotels/479385112.jpg,liteapi
lp658287af,Sohum habitat,hotel,19.15238,72.84418,,,,False,7.0,2.0,https://static.cupid.travel/hotels/569709743.jpg,liteapi
lp657ee3f1,MIG SUITES,hotel,19.15949,72.85635,,,,False,5.8,21.0,https://static.cupid.travel/hotels/520773180.jpg,liteapi
lp6578873c,"New Ascott By Glitz Hotels, Mumbai International Airport",hotel,19.101565,72.884807,,,,False,5.6,29.0,https://static.cupid.travel/hotels/578564807.jpg,liteapi
lp656ef9af,ZEST STAYS - IIT,hotel,19.123705,72.910167,,,,False,5.3,53.0,https://static.cupid.travel/hotels/514922951.jpg,liteapi
lp657b9ee2,Via Chembur Residency,hotel,19.046573,72.893171,4.0,,,False,6.2,9.0,https://static.cupid.travel/hotels/589522413.jpg,liteapi
lp657a36f4,Hotel O Divine Residency Near Phoenix Marketcity,hotel,19.087046,72.901812,3.0,,,False,6.2,11.0,https://static.cupid.travel/hotels/467512760.jpg,liteapi
lp655d3c3c,Bandra Dormitory Only for indian male,hotel,19.056808,72.838628,,,,False,5.8,108.0,https://static.cupid.travel/hotels/206511627.jpg,liteapi
lp656e0a46,ZEST STAYS 1054-ANDHERI WEST,hotel,19.142713,72.832399,,,,False,5.3,42.0,https://static.cupid.travel/hotels/525635364.jpg,liteapi
lpd9dec,Livewel,hotel,19.06694,72.83079,3.0,,,False,6.7,3.0,https://static.cupid.travel/hotels/ex_1a0692f3_z.jpg,liteapi
lp657359b1,Agrawal Bhavan Home Stay couples friendly for Indians,hotel,19.069851,72.901096,,,,False,6.7,3.0,https://static.cupid.travel/hotels/585696397.jpg,liteapi
lpb72ad,OYO 7879 Golden Tulipz Boutique Hotel,hotel,19.078406,72.879358,3.0,,,False,6.7,3.0,https://static.cupid.travel/hotels/ex_a1374c8d_z.jpg,liteapi
lp3481bd,Hotel Powai Comfort,hotel,19.111629,72.897782,3.0,,,False,6.7,3.0,https://static.cupid.travel/hotels/ex_496e0eb5_z.jpg,liteapi
lp1e21a3,Hexa Sai Grand,hotel,19.1152,72.8708,3.0,,,False,6.7,3.0,https://static.cupid.travel/hotels/ex_f0fd6c6d_z.jpg,liteapi
lp655a71be,Garden Creek Residency - Near to Mumbai International Airport,hotel,19.108129,72.879477,3.0,,,False,5.6,60.0,https://static.cupid.travel/hotels/377048228.jpg,liteapi
lp293f5e,Hotel Aroma- Dadar,hotel,19.013828,72.844703,3.0,,,False,,131.0,https://static.cupid.travel/hotels/75301817.jpg,liteapi
lp6109a,asar Landmark Suites Mumbai International Airport by Orion Hotels,hotel,19.120249,72.881715,3.0,,,False,5.8,16.0,https://static.cupid.travel/hotels/ex_e2bdd634_z.jpg,liteapi
lp655be264,Pravasi Residency,hotel,19.176049,72.953559,,,,False,6.5,28.0,https://static.cupid.travel/hotels/117512058.jpg,liteapi
lp6559d880,CARE DORMITORY,hotel,19.1012,72.8914,,,,False,6.5,26.0,https://static.cupid.travel/hotels/526300008.jpg,liteapi
lp657ec4d9,Esquire Hotel Mumbai,hotel,19.053854,72.867808,3.0,,,False,6.4,5.0,https://static.cupid.travel/hotels/ex_65f816df_z.jpg,liteapi
lp80366,Hotel Better Home International,hotel,19.117922,72.847981,3.0,,,False,6.4,5.0,https://static.cupid.travel/hotels/ex_e92a9b7d_z.jpg,liteapi
lp656c2913,Kempinski Hotel And Resort,hotel,19.128393,72.836604,3.0,,,False,6.4,5.0,https://static.cupid.travel/hotels/ex_ea734957_z.jpg,liteapi
lpa4184,Hotel Palace Reisdency,hotel,19.054476,72.868409,3.0,,,False,6.5,4.0,https://static.cupid.travel/hotels/ex_7ddf8579_z.jpg,liteapi
lp65745116,Milano Cabin Stay & Dormitory,hotel,19.1025,72.88861,2.0,,,False,6.5,4.0,https://static.cupid.travel/hotels/591901139.jpg,liteapi
lp65786eaf,Nestor Hotels Pvt Ltd,hotel,19.116322,72.883113,3.0,,,False,6.6,3.0,https://static.cupid.travel/hotels/ex_c3161a93_z.jpg,liteapi
lp6577f56f,Cool and Awesome Stay,hotel,19.06328,72.835432,4.0,,,False,7.0,1.0,https://static.cupid.travel/hotels/560915723.jpg,liteapi
lp656c2f61,Hotel JK Regency,hotel,19.12437,72.85132,2.0,,,False,7.0,1.0,https://static.cupid.travel/hotels/ex_627af773_z.jpg,liteapi
lp65647971,MAXXVALUE - SERVICE APARTMENT MAROL,hotel,19.117545,72.886852,,,,False,6.5,23.0,https://static.cupid.travel/hotels/419173804.jpg,liteapi
lp9d3d8,Hotel Sanjary Palace,hotel,19.071223,72.875485,3.0,,,False,5.4,19.0,https://static.cupid.travel/hotels/ex_01ee4438_z.jpg,liteapi
lp803b2,Hotel Aureole,hotel,19.115637,72.853689,3.0,,,False,5.8,13.0,https://static.cupid.travel/hotels/ex_8de7674f_z.jpg,liteapi
lp6575d5d1,Glitz Hotels 7even Hills- Nr International Airport Mumbai T2,hotel,19.100237,72.881053,,,,False,5.0,56.0,https://static.cupid.travel/hotels/578564269.jpg,liteapi
lp6580e0cc,Hotel Dolphin Residency,hotel,19.05177,72.86636,2.0,,,False,5.6,18.0,https://static.cupid.travel/hotels/565910978.jpg,liteapi
lp657abcb9,Hotel Orange Residency,hotel,19.101417,72.888146,3.0,,,False,5.6,18.0,https://static.cupid.travel/hotels/620821989.jpg,liteapi
lp6582e3fc,Hotel Artusinn midc andheri east,hotel,19.120112,72.871727,3.0,,,False,5.2,56.0,https://static.cupid.travel/hotels/515029182.jpg,liteapi
lpa5015,Hotel Guest Inn Residency,hotel,19.054421,72.868383,3.0,,,False,,24.0,https://static.cupid.travel/hotels/ex_96b4f881_z.jpg,liteapi
lp657c5e9d,Hotel O Grand Villa,hotel,19.139,72.820112,3.0,,,False,5.4,25.0,https://static.cupid.travel/hotels/537448546.jpg,liteapi
lp657d3683,Hotel Lucky Galaxy,hotel,19.10798,72.87959,3.0,,,False,4.8,66.0,https://static.cupid.travel/hotels/328906830.jpg,liteapi
lp66ec1,Hotel Sea Sands,hotel,19.094663,72.828269,2.0,,,False,4.6,17.0,https://static.cupid.travel/hotels/ex_dced4ad2_z.jpg,liteapi
lp655b7283,Onn Shelter Inn,hotel,19.137473,72.822737,,,,False,6.3,27.0,https://static.cupid.travel/hotels/240481158.jpg,liteapi
lp657b329c,Hotel Blue Sky Residency,hotel,19.153822,72.936756,3.0,,,False,5.5,21.0,https://static.cupid.travel/hotels/532529043.jpg,liteapi
lpa39fa,Hotel Aksa Powai,hotel,19.11214,72.88826,1.0,,,False,5.7,13.0,https://static.cupid.travel/hotels/562707562.jpg,liteapi
lp6559fe73,Privilege Inn,hotel,19.1765,72.83751,,,,False,6.4,22.0,https://static.cupid.travel/hotels/hd/132030326.jpg,liteapi
lp6579ed58,New Axis International By Glitz Hotels,hotel,19.11212,72.88823,3.0,,,False,5.6,15.0,https://static.cupid.travel/hotels/578560031.jpg,liteapi
lp100e5a,Anil Guest House,hotel,19.0727,72.84427,3.0,,,False,6.6,2.0,https://static.cupid.travel/hotels/ex_39a06f87_z.jpg,liteapi
lp65647c39,"Pinaki Comfort Stay, Vile Parle",hotel,19.09715,72.84609,,,,False,7.0,7.0,https://static.cupid.travel/hotels/370235379.jpg,liteapi
lp65703b24,FabHotel Well Back,hotel,19.074441,72.880467,3.0,,,False,,42.0,https://static.cupid.travel/hotels/600956389.jpg,liteapi
lp6f23f,Room Maangta 100 - Andheri East,hotel,19.10143,72.89145,3.0,,,False,,41.0,https://static.cupid.travel/hotels/ex_57b5b09d_z.jpg,liteapi
lp192d64,Hotel Linkway,hotel,19.071824,72.83434,2.0,,,False,8.4,679.0,https://static.cupid.travel/hotels/46363508.jpg,liteapi
lpa10ae,Fabhotel Embassy Park BKC,hotel,19.07463,72.868515,3.0,,,False,5.4,20.0,https://static.cupid.travel/hotels/ex_fa34dfea_z.jpg,liteapi
lp655d4f7c,Super Dormitory AC DELUXE,hotel,19.1011,72.89149,,,,False,6.2,28.0,https://static.cupid.travel/hotels/277890187.jpg,liteapi
lp65808683,Hotel Raheja Residency,hotel,19.044892,72.845211,3.0,,,False,4.9,57.0,https://static.cupid.travel/hotels/511164193.jpg,liteapi
lp6580403d,Hotel Omega,hotel,19.04675,72.85201,1.0,,,False,5.5,16.0,https://static.cupid.travel/hotels/606440091.jpg,liteapi
lp65719de2,Athena,hotel,19.072549,72.82907,,,,False,6.5,2.0,https://static.cupid.travel/hotels/577715213.jpg,liteapi
lp657a97ac,Hotel Merry Gold,hotel,19.12449,72.84667,,,,False,6.5,2.0,https://static.cupid.travel/hotels/622106721.jpg,liteapi
lp655b0a0d,FabHotel Ratna Mahal,hotel,19.108167,72.858963,3.0,,,False,6.4,19.0,https://static.cupid.travel/hotels/238905070.jpg,liteapi
lp656fb64f,"Simon Lydia 3 - A Bliss Nest in Bandra, Pali Village by Connekt Homes",hotel,19.063433,72.830181,2.0,,,False,6.3,3.0,https://static.cupid.travel/hotels/537205063.jpg,liteapi
lp655d3247,BKC Corporate Hostel Ac Dormitory,hostel,19.055305,72.844839,,,,False,5.0,201.0,https://static.cupid.travel/hotels/318797880.jpg,liteapi
lp655ff299,OSI Apartments Andheri West,hotel,19.141627,72.825221,2.0,,,False,6.2,24.0,https://static.cupid.travel/hotels/325718795.jpg,liteapi
lpa5582,Hotel Parklane,hotel,19.01498,72.84273,3.0,,,False,5.6,11.0,https://static.cupid.travel/hotels/182283212.jpg,liteapi
lpa9768,GSK Hotel,hotel,19.067401,72.874887,3.0,,,False,6.0,5.0,https://static.cupid.travel/hotels/ex_9f73b06a_z.jpg,liteapi
lp6557cc8c,Hotel Mumbai House Juhu,hotel,19.087292,72.831048,3.0,,,False,6.0,5.0,https://static.cupid.travel/hotels/ex_06d8cbdf_z.jpg,liteapi
lp65869190,Hotel Sky Suites-Sahar Cargo,hotel,19.106713,72.865366,3.0,,,False,6.0,5.0,https://static.cupid.travel/hotels/ex_97633cef_z.jpg,liteapi
lpa5011,Sharmin Residency,hotel,19.125653,72.862615,3.0,,,False,6.0,5.0,https://static.cupid.travel/hotels/ex_a9f9b853_z.jpg,liteapi
lp656f8ee3,Hotel Star of Kurla - Nearest from Kurla - Near BKC,hotel,19.065126,72.876916,,,,False,5.1,29.0,https://static.cupid.travel/hotels/495110004.jpg,liteapi
lp6574dc47,Hotel O Royal Aqua,hotel,19.09762,72.89357,3.0,,,False,5.6,10.0,https://static.cupid.travel/hotels/584283293.jpg,liteapi
lp65792ce5,Hotel O Sion Residency,hotel,19.049994,72.86484,4.0,,,False,5.3,17.0,https://static.cupid.travel/hotels/605220909.jpg,liteapi
lp65789bc8,Hotel New Sky Palace Residency- Near International Airport Andheri East,hotel,19.1138,72.86232,3.0,,,False,4.9,34.0,https://static.cupid.travel/hotels/240384932.jpg,liteapi
lpb72b4,OYO 5665 Rana Residency,hotel,19.129621,72.865386,3.0,,,False,6.6,1.0,https://static.cupid.travel/hotels/ex_438b81cc_z.jpg,liteapi
lp657f3360,Hotel Windsor Castle,hotel,19.125332,72.845694,3.0,,,False,4.9,40.0,https://static.cupid.travel/hotels/605949367.jpg,liteapi
lp65797fdf,Super Collection O Ville Parle,hotel,19.09794,72.84607,3.0,,,False,4.7,46.0,https://static.cupid.travel/hotels/609506287.jpg,liteapi
lp1efeaf,Ocean Suites Hotel,hotel,19.115,72.8886,3.0,,,False,7.0,,https://static.cupid.travel/hotels/ex_2e0a8d75_z.jpg,liteapi
lp9e5cb,Tim Grand Hotel,hotel,19.122855,72.865737,3.0,,,False,7.0,,https://static.cupid.travel/hotels/ex_26966b49_z.jpg,liteapi
lp6585a8e2,Sam's Outhouse Stay,hotel,19.161134,72.785208,3.0,,,False,7.0,,https://static.cupid.travel/hotels/ex_2f9f4f45_z.jpg,liteapi
lp6585d1ff,Hotel Falcon Inn,hotel,18.96824,72.822906,2.0,,,False,6.0,4.0,https://static.cupid.travel/hotels/ex_w981h1250x0y0-c4b4ad09_z.jpg,liteapi
lp658798d5,The Kin Hotel,hotel,19.025304,72.835298,3.0,,,False,6.0,4.0,https://static.cupid.travel/hotels/ex_563600fa_z.jpg,liteapi
lp65862623,HOTEL ARTS INTERNATIONAL,hotel,19.086876,72.835932,3.0,,,False,6.0,4.0,https://static.cupid.travel/hotels/ex_134d0f08_z.jpg,liteapi
lp1b0996,"Hotel Imperial Executive, Andheri",hotel,19.11853,72.850647,3.0,,,False,6.0,4.0,https://static.cupid.travel/hotels/ex_3e2511b6_z.jpg,liteapi
lp657be715,Hotel Palace Residency near Lokmanya Tilak Terminus,hotel,19.056475,72.869481,2.0,,,False,4.2,93.0,https://static.cupid.travel/hotels/272329563.jpg,liteapi
lp6557f6ef,Hotel Empire - Near International Airport,hotel,19.106295,72.880818,3.0,,,False,5.6,2.0,https://static.cupid.travel/hotels/ex_d8ae8e55_z.jpg,liteapi
lp657e1b38,Hotel Alfa Heritage Near TATA Memorial Hospital and Near Masina Hospital,hotel,18.976039,72.834176,3.0,,,False,5.6,31.0,https://static.cupid.travel/hotels/161011022.jpg,liteapi
lp6555975c,Theory9 Premium Serviced Apartments Bandra,hotel,19.067346,72.838017,3.0,,,False,5.8,5.0,https://static.cupid.travel/hotels/ex_73152341_z.jpg,liteapi
lp657bbc1b,OSI Apartments Kurla West,hotel,19.075878,72.878717,2.0,,,False,5.8,5.0,https://static.cupid.travel/hotels/617340297.jpg,liteapi
lp96791,Arma Hostel Mumbai,hostel,19.075882,72.877801,2.0,,,False,5.8,5.0,https://static.cupid.travel/hotels/ex_0f8a2c37_z.jpg,liteapi
lp6573d630,Glitz Hotels West Inn - Nr International Airport Mumbai T2,hotel,19.100432,72.884217,,,,False,5.7,7.0,https://static.cupid.travel/hotels/579198945.jpg,liteapi
lp65609a19,OSI Apartments Carter's Road Bandra West,hotel,19.066317,72.824452,2.0,,,False,6.3,16.0,https://static.cupid.travel/hotels/381639144.jpg,liteapi
lp6587e62f,Hotel Breeze Bay ex,hotel,19.071772,72.86813,3.0,,,False,6.0,3.0,https://static.cupid.travel/hotels/ex_f93bd801_z.jpg,liteapi
lp6585d490,Z Bliss Suites,hotel,19.072714,72.877636,2.0,,,False,6.0,3.0,https://static.cupid.travel/hotels/ex_e657dfd3_z.jpg,liteapi
lpc89ed,Arton Suites,hotel,19.100797,72.881613,3.0,,,False,6.0,3.0,https://static.cupid.travel/hotels/ex_53a013ca_z.jpg,liteapi
lp65582d2f,Hotel Dalon,hotel,19.101235,72.881423,2.0,,,False,6.0,3.0,https://static.cupid.travel/hotels/ex_80d72f12_z.jpg,liteapi
lp65839dcf,Aleta Residency,hotel,19.117616,72.89073,3.0,,,False,6.0,3.0,https://static.cupid.travel/hotels/ex_45aa6a78_z.jpg,liteapi
lp657795fc,"Ivy Splendour Private Studio A, Oshiwara",hotel,19.14609,72.834203,,,,False,6.0,3.0,https://static.cupid.travel/hotels/577423222.jpg,liteapi
lp1829c2,Hotel Alibaba Mumbai,hotel,19.14612,72.83275,2.0,,,False,6.0,3.0,https://static.cupid.travel/hotels/ex_ec9552e5_z.jpg,liteapi
lp6573d5af,Hotel O Grand Inn,hotel,19.11759,72.88027,3.0,,,False,5.2,13.0,https://static.cupid.travel/hotels/610928513.jpg,liteapi
lp657d0efa,Via Powai Inn,hotel,19.121563,72.891065,,,,False,4.9,22.0,https://static.cupid.travel/hotels/619796678.jpg,liteapi
lp65583cb8,Hotel BKC Corporate Inn,hotel,19.072386,72.875685,3.0,,,False,4.4,58.0,https://static.cupid.travel/hotels/376991291.jpg,liteapi
lpa59fd,Hotel Rang Sharda,hotel,19.051306,72.83236,3.0,,,False,5.0,18.0,https://static.cupid.travel/hotels/ex_w445h525x0y0-e7716270_z.jpg,liteapi
lp657a7daf,Collection O Andheri Near Western Express Highway,hotel,19.110769,72.86259,4.0,,,False,5.0,21.0,https://static.cupid.travel/hotels/605035998.jpg,liteapi
lp65701f63,"Mon Desire 5, Perry Cross Rd, Bandra West by Connekt Homes",hotel,19.05891,72.82297,,,,False,5.8,4.0,https://static.cupid.travel/hotels/480753644.jpg,liteapi
lp65743cf8,"Ambient, Stylish 1bhk Apt in Hiranandani Powai",hotel,19.11506,72.90981,,,,False,5.8,4.0,https://static.cupid.travel/hotels/571160247.jpg,liteapi
lp65818a5f,Hotel Alfa International Near Nanavati Hospital Mumbai Near Airport Mumbai Near Juhu Beach,hotel,19.089851,72.838599,3.0,,,False,4.5,47.0,https://static.cupid.travel/hotels/171948339.jpg,liteapi
lp6571a351,Hotel BKC Garden - Near US Embassy Bkc Mumbai,hotel,19.05432,72.84432,3.0,,,False,4.4,48.0,https://static.cupid.travel/hotels/219927456.jpg,liteapi
lp655b727a,Hotel Rooms Dadar near Station,hotel,19.020245,72.840925,2.0,,,False,5.3,67.0,https://static.cupid.travel/hotels/240942978.jpg,liteapi
lp65715d98,"Hotel BKC Inn - Near Trade Center, Visa Consulate BKC",hotel,19.0716,72.8691,3.0,,,False,3.9,106.0,https://static.cupid.travel/hotels/111940333.jpg,liteapi
lp655ff017,Pinaki Comfort Stay,hotel,19.015201,72.823809,2.0,,,False,6.1,24.0,https://static.cupid.travel/hotels/137462703.jpg,liteapi
lp656c37c5,Hotel BKC Annex,hotel,19.076164,72.874236,3.0,,,False,5.6,5.0,https://static.cupid.travel/hotels/ex_bf13c8bf_z.jpg,liteapi
lpebe5a,FabHotel Byaris International Airport,hotel,19.10457,72.86107,3.0,,,False,5.6,5.0,https://static.cupid.travel/hotels/ex_3f34f1b9_z.jpg,liteapi
lp655a6949,Hotel Sunrise Juhu,hotel,19.110637,72.826967,2.0,,,False,5.1,81.0,https://static.cupid.travel/hotels/385676493.jpg,liteapi
lp6572d5c6,Hotel O Siba Inn,hotel,19.11123,72.82666,3.0,,,False,5.7,4.0,https://static.cupid.travel/hotels/614434200.jpg,liteapi
lp657f90bb,Hotel Palms Residency,hotel,19.065795,72.912617,2.0,,,False,6.0,2.0,https://static.cupid.travel/hotels/ex_039b24b3_z.jpg,liteapi
lp656bc660,Hotel BKC Mannat,hotel,19.071364,72.868955,2.0,,,False,6.0,2.0,https://static.cupid.travel/hotels/ex_w1024h603x0y8-2376a5e6_z.jpg,liteapi
lp6557fca3,Hotel Crystal Inn,hotel,19.075967,72.879313,3.0,,,False,6.0,2.0,https://static.cupid.travel/hotels/ex_e4d39b5a_z.jpg,liteapi
lp657554c1,The Orion Premium Suites,hotel,19.078416,72.842943,3.0,,,False,6.0,2.0,https://static.cupid.travel/hotels/ex_88832607_z.jpg,liteapi
lp655a77e7,Fabexpress Deluxe Residency,hotel,19.080143,72.848619,3.0,,,False,7.0,2.0,https://static.cupid.travel/hotels/ex_3629d802_z.jpg,liteapi
lp279871,OYO 27640 Hotel Blue Sapphire Residency,hotel,19.098601,72.881096,3.0,,,False,6.0,2.0,https://static.cupid.travel/hotels/ex_5fd69e93_z.jpg,liteapi
lpc86ec,OYO 3663 Hotel Seven Hills,hotel,19.100099,72.8789,3.0,,,False,6.0,2.0,https://static.cupid.travel/hotels/ex_78934ddc_z.jpg,liteapi
lp656c260b,Fabhotel West Inn,hotel,19.100664,72.884236,2.0,,,False,6.0,2.0,https://static.cupid.travel/hotels/ex_d4ee5140_z.jpg,liteapi
lp65861ddd,Fabhotel Skyline Suite,hotel,19.101011,72.864528,3.0,,,False,6.0,2.0,https://static.cupid.travel/hotels/ex_8b40a605_z.jpg,liteapi
lpe09a0,Hotel KC Palace,hotel,19.11144,72.8754,3.0,,,False,6.0,2.0,https://static.cupid.travel/hotels/ex_e9b4d75e_z.jpg,liteapi
lp442fa,Hotel Park View Mumbai,hotel,19.113319,72.844634,2.0,,,False,6.0,2.0,https://static.cupid.travel/hotels/ex_3f399234_z.jpg,liteapi
lp1a7bbe,Seven Hills Dormitory - Hostel,hostel,19.117147,72.880577,2.0,,,False,6.0,2.0,https://static.cupid.travel/hotels/ex_21cb1fbb_z.jpg,liteapi
lp656c266a,Hotel Oyster Suite,hotel,19.125433,72.847059,2.0,,,False,6.0,2.0,https://static.cupid.travel/hotels/ex_a01e711f_z.jpg,liteapi
lp6585e837,VAITHI RESIDENCY,hotel,19.139708,72.821107,3.0,,,False,6.0,2.0,https://static.cupid.travel/hotels/ex_34fbca38_z.jpg,liteapi
lp655a9738,Shine Hospitality Residency,hotel,19.098659,72.866613,1.0,,,False,5.2,58.0,https://static.cupid.travel/hotels/341949684.jpg,liteapi
lp655a7328,"Hotel New Sarah Inn, Andheri West",hotel,19.12573,72.84676,3.0,,,False,4.9,93.0,https://static.cupid.travel/hotels/388349479.jpg,liteapi
lp657bc7f7,New Wind Flower Residency,hotel,19.064516,72.829731,1.0,,,False,5.0,18.0,https://static.cupid.travel/hotels/621770158.jpg,liteapi
lp1dafe8,FabExpress Terminus Square,hotel,19.06622,72.89186,3.0,,,False,4.1,64.0,https://static.cupid.travel/hotels/hd/360863950.jpg,liteapi
lp6571aa92,Hotel O Blue Ocean Near R City Mall,hotel,19.114222,72.917833,3.0,,,False,4.2,53.0,https://static.cupid.travel/hotels/544052449.jpg,liteapi
lp6d64c,Royal Inn,hotel,19.06731,72.83352,3.0,,,False,5.4,6.0,https://static.cupid.travel/hotels/ex_a67fd71c_z.jpg,liteapi
lpab625,Golden Residency,hotel,19.094037,72.840739,2.0,,,False,5.2,48.0,https://static.cupid.travel/hotels/65239949.jpg,liteapi
lp65830398,FabHotel Hyson International MIDC,hotel,19.122705,72.863051,3.0,,,False,5.2,9.0,https://static.cupid.travel/hotels/ex_d1755e0e_z.jpg,liteapi
lp657b3802,Via Stay Land,hotel,19.067436,72.836634,3.0,,,False,4.6,25.0,https://static.cupid.travel/hotels/612399241.jpg,liteapi
lp65755547,Glitz Hotels Golden Sands - Nr Asalpha Metro Station,hotel,19.096606,72.894594,,,,False,5.7,3.0,https://static.cupid.travel/hotels/580536800.jpg,liteapi
lp656b80f9,Landmark Suites Bollywood design Hotel,hotel,19.11994,72.88015,,,,False,6.2,8.0,https://static.cupid.travel/hotels/hd/209201470.jpg,liteapi
lp656c281e,FabExpress Manas Residency,hotel,19.06137,72.90206,3.0,,,False,6.0,1.0,https://static.cupid.travel/hotels/ex_1c3652c8_z.jpg,liteapi
lp19d205,Hotel O Blue Inn Residence Near R City Mall,hotel,19.11417,72.91772,3.0,,,False,4.0,61.0,https://static.cupid.travel/hotels/602808909.jpg,liteapi
lp7d9b2,Hotel Concord Galaxy,hotel,19.108221,72.879372,3.0,,,False,5.4,5.0,https://static.cupid.travel/hotels/ex_7b8f829e_z.jpg,liteapi
lp655c4068,"Villa No: 214, Dr.Wade's Villa.",hotel,19.152167,72.889145,,,,False,6.4,5.0,https://static.cupid.travel/hotels/119723248.jpg,liteapi
lp657cc54f,Hotel atlas grand andheri midc,hotel,19.098196,72.892488,,,,False,4.3,36.0,https://static.cupid.travel/hotels/293398750.jpg,liteapi
lp1e23c3,FabHotel Garden Park Kurla,hotel,19.060475,72.872375,3.0,,,False,5.5,4.0,https://static.cupid.travel/hotels/ex_b8ee8158_z.jpg,liteapi
lpd8f89,Treebo Aster,hotel,19.103143,72.88778,3.0,,,False,5.5,4.0,https://static.cupid.travel/hotels/ex_63a81ef3_z.jpg,liteapi
lp657af261,"Ivy Splendour Private Studio B, Oshiwara",hotel,19.149722,72.835928,2.0,,,False,5.5,5.0,https://static.cupid.travel/hotels/577410363.jpg,liteapi
lp657144bd,Hotel Garden View Inn - near Nesco,hotel,19.15387,72.84468,,,,False,5.5,4.0,https://static.cupid.travel/hotels/618730120.jpg,liteapi
lp6585dbcb,Vibes INN,hotel,19.111388,72.826754,2.0,,,False,5.6,3.0,https://static.cupid.travel/hotels/ex_ed393d9f_z.jpg,liteapi
lp3307e1,Summerland Guest House,hotel,19.018459,72.844871,3.0,,,False,6.0,1.0,https://static.cupid.travel/hotels/ex_21f4a632_z.jpg,liteapi
lp65865787,Dharavi Residency,hotel,19.038889,72.852237,,,,False,6.0,1.0,https://static.cupid.travel/hotels/ex_3e8bac8e_z.jpg,liteapi
lp65866e0b,Hotel BKC Gold View,hotel,19.054044,72.867895,3.0,,,False,6.0,1.0,https://static.cupid.travel/hotels/ex_b66f2cd0_z.jpg,liteapi
lp6587944a,hotel SR residency,hotel,19.061402,72.87398,3.0,,,False,6.0,1.0,https://static.cupid.travel/hotels/ex_794628fa_z.jpg,liteapi
lp65737069,AGRAWAL BHAVAn 1 only for indians,hotel,19.06982,72.901255,,,,False,6.0,4.0,https://static.cupid.travel/hotels/578853213.jpg,liteapi
lp6585fac0,Hotel BKC Minerva,hotel,19.071601,72.868317,3.0,,,False,6.0,1.0,https://static.cupid.travel/hotels/ex_2c5e35b2_z.jpg,liteapi
lp656f69d5,"Large, Modern, Private 3BHK, Khar West, Mumbai",hotel,19.07181,72.836201,,,,False,6.0,1.0,https://static.cupid.travel/hotels/605032947.jpg,liteapi
lpc87b9,Hotel Royce Executive,hotel,19.075516,72.873773,2.0,,,False,6.0,1.0,https://static.cupid.travel/hotels/ex_071a316b_z.jpg,liteapi
lp65865bcc,Fabhotel Tawakkal,hotel,19.085884,72.88121,3.0,,,False,6.0,1.0,https://static.cupid.travel/hotels/ex_ac4e31d4_z.jpg,liteapi
lpc89df,OYO 9849 Hotel Divine Residency,hotel,19.087046,72.901812,2.0,,,False,6.0,1.0,https://static.cupid.travel/hotels/ex_2179b3b1_z.jpg,liteapi
lp65869f6e,"Pinaki Comfort Stay, Vile Parle - Near Airport",hotel,19.097132,72.846525,3.0,,,False,6.0,1.0,https://static.cupid.travel/hotels/ex_a7ac9f82_z.jpg,liteapi
lp197497,Sunshine Backpackers,hotel,19.102706,72.879361,2.0,,,False,6.0,1.0,https://static.cupid.travel/hotels/ex_225d0fdb_z.jpg,liteapi
lp6586a4b5,Fabexpress Accore Inn,hotel,19.103447,72.88896,3.0,,,False,6.0,1.0,https://static.cupid.travel/hotels/ex_650e3900_z.jpg,liteapi
lp656c3772,Quaint Suites,hotel,19.107692,72.889069,2.0,,,False,6.0,1.0,https://static.cupid.travel/hotels/ex_48411e55_z.jpg,liteapi
lp65865cb8,Negasi Dormitory,hotel,19.110623,72.881824,2.0,,,False,6.0,1.0,https://static.cupid.travel/hotels/ex_2576f499_z.jpg,liteapi
lpa98db,Hotel Onyx Residency,hotel,19.11383,72.871775,3.0,,,False,6.0,1.0,https://static.cupid.travel/hotels/ex_a15439f6_z.jpg,liteapi
lp656c2abd,FabHotel Saineel I,hotel,19.116659,72.839661,3.0,,,False,6.0,1.0,https://static.cupid.travel/hotels/ex_w2997h2000x1y0-fe228061_z.jpg,liteapi
lp656c3421,Hotel Precious Pearl,hotel,19.116923,72.88245,2.0,,,False,6.0,1.0,https://static.cupid.travel/hotels/ex_ceddf592_z.jpg,liteapi
lp65869877,HOTEL GOLDEN TULIPZ,hotel,19.117125,72.882303,3.0,,,False,6.0,1.0,https://static.cupid.travel/hotels/ex_40309082_z.jpg,liteapi
lp2a02e0,Art Mumbai Airport Hotel,hotel,19.118842,72.886571,3.0,,,False,6.0,1.0,https://static.cupid.travel/hotels/ex_e3e76ae0_z.jpg,liteapi
lp65867ab0,Starville Hotel,hotel,19.120638,72.864072,3.0,,,False,6.0,1.0,https://static.cupid.travel/hotels/ex_e10b1792_z.jpg,liteapi
lp6585a88a,"Treebo Vro Boutique, Andheri East",hotel,19.123843,72.890735,2.0,,,False,6.0,1.0,https://static.cupid.travel/hotels/ex_e6f84d36_z.jpg,liteapi
lp655509eb,TULIIPSTAYS - Pearl Residency,hotel,19.127411,72.834764,3.0,,,False,6.0,1.0,https://static.cupid.travel/hotels/ex_d7f0aa73_z.jpg,liteapi
lp6586235b,Fabhotel Hans Residency,hotel,19.135647,72.820582,3.0,,,False,6.0,1.0,https://static.cupid.travel/hotels/ex_w2000h1330x0y3-2668cb67_z.jpg,liteapi
lp6585fb62,HOTEL AMAR RESIDENCY,hotel,19.135674,72.824383,3.0,,,False,6.0,1.0,https://static.cupid.travel/hotels/ex_w5680h3988x0y12-bcdaf54e_z.jpg,liteapi
lp65862059,Fabhotel Priceless,hotel,19.136092,72.820093,3.0,,,False,6.0,1.0,https://static.cupid.travel/hotels/ex_w3029h2018x1y1-0fdbd385_z.jpg,liteapi
lp6586929a,Townhouse Bombay Exhibition Centre Goregaon,hotel,19.151322,72.846357,3.0,,,False,6.0,1.0,https://static.cupid.travel/hotels/ex_712105b9_z.jpg,liteapi
lp6557c35c,Hotel Arma Town House,hotel,19.151613,72.846348,4.0,,,False,6.0,1.0,https://static.cupid.travel/hotels/ex_1ba08b50_z.jpg,liteapi
lp65868923,Fabhotel Riza International,hotel,19.15315,72.84656,3.0,,,False,6.0,1.0,https://static.cupid.travel/hotels/ex_w1999h1332x1y1-2c7a72fc_z.jpg,liteapi
lp6585d1d4,FabHotel Millenium,hotel,19.15803,72.839794,3.0,,,False,6.0,1.0,https://static.cupid.travel/hotels/ex_8264ada8_z.jpg,liteapi
lp2365d6,Hotel Royal Elite,hotel,19.159389,72.852722,3.0,,,False,6.0,1.0,https://static.cupid.travel/hotels/ex_afb09a61_z.jpg,liteapi
lp658683d5,FabHotel Metro Galaxy Inn,hotel,19.163524,72.83704,3.0,,,False,6.0,1.0,https://static.cupid.travel/hotels/ex_w1999h1332x1y1-6190cafe_z.jpg,liteapi
lpcda50,Jayaleela dormitory,hotel,19.16481,72.85327,1.0,,,False,6.0,1.0,https://static.cupid.travel/hotels/ex_w536h360x6y6-fc796800_z.jpg,liteapi
lp37e288,Sheetal Residency,hotel,19.177406,72.834043,3.0,,,False,6.0,1.0,https://static.cupid.travel/hotels/ex_70391f47_z.jpg,liteapi
lp9daba,Treebo Swamini Niwas,hotel,19.17812,72.87355,3.0,,,False,6.0,1.0,https://static.cupid.travel/hotels/ex_31ccb411_z.jpg,liteapi
lp655b6b0b,Lalsai Residency Andheri,hotel,19.14299,72.82128,3.0,,,False,4.9,65.0,https://static.cupid.travel/hotels/220505150.jpg,liteapi
lp65839d63,Parel Residency,hotel,19.004769,72.848311,3.0,,,False,4.4,32.0,https://static.cupid.travel/hotels/581392752.jpg,liteapi
lp657c9fce,Via Priceless,hotel,19.13444,72.820129,3.0,,,False,4.4,31.0,https://static.cupid.travel/hotels/612542350.jpg,liteapi
lp6567dab8,Hotel Star Light,hotel,19.125718,72.856655,,,,False,5.6,19.0,https://static.cupid.travel/hotels/387168242.jpg,liteapi
lp6571e4dc,Pebble Studio Bandra W The Bombay Home Company - Eco,hotel,19.063166,72.829887,,,,False,5.4,4.0,https://static.cupid.travel/hotels/578680264.jpg,liteapi
lp657b8d78,Hotel New Blue Sapphire Residency,hotel,19.098589,72.880988,2.0,,,False,5.4,4.0,https://static.cupid.travel/hotels/ex_023e41c7_z.jpg,liteapi
lp6579ee6c,Hotel Zee Residency by SAN Hospitality,hotel,19.096815,72.894968,,,,False,5.1,9.0,https://static.cupid.travel/hotels/531633672.jpg,liteapi
lp655b64ac,"Hotel Pearl's BKC Inn- Near Trade Centre, Visa Consulate",hotel,19.07162,72.86913,3.0,,,False,4.5,113.0,https://static.cupid.travel/hotels/235880061.jpg,liteapi
lp655b6b0a,Via Manas Residency,hotel,19.062671,72.900097,4.0,,,False,4.9,57.0,https://static.cupid.travel/hotels/589999640.jpg,liteapi
lp655a7004,Hotel J D Residency,hotel,19.12466,72.8465,3.0,,,False,5.8,11.0,https://static.cupid.travel/hotels/368285603.jpg,liteapi
lp65703e69,HOTEL V.G,hotel,19.096967,72.893466,3.0,,,False,3.1,200.0,https://static.cupid.travel/hotels/598958491.jpg,liteapi
lp847db,OYO 935 Hotel Palkhee,hotel,19.060824,72.897354,3.0,,,False,5.2,5.0,https://static.cupid.travel/hotels/ex_e66ac6c0_z.jpg,liteapi
lp9e26e,Decent Guest House,hotel,19.0787,72.8795,3.0,,,False,5.2,5.0,https://static.cupid.travel/hotels/ex_cf00c97a_z.jpg,liteapi
lp8df7a,Hotel Ashir Inn,hotel,19.115929,72.879793,3.0,,,False,5.2,5.0,https://static.cupid.travel/hotels/ex_ce58b607_z.jpg,liteapi
lpad9ee,FabHotel Hyson International MIDC,hotel,19.122705,72.863051,3.0,,,False,5.2,9.0,https://static.cupid.travel/hotels/ex_d1755e0e_z.jpg,liteapi
lp655922a9,"Hotel Garden Park - Near Trade Centre, Visa Consulate",hotel,19.061386,72.872877,3.0,,,False,5.4,3.0,https://static.cupid.travel/hotels/ex_3e6e9f12_z.jpg,liteapi
lp656c1ffa,FabHotel Vertigo Suite,hotel,19.071999,72.875467,3.0,,,False,5.4,3.0,https://static.cupid.travel/hotels/ex_db55f47b_z.jpg,liteapi
lp8e27d,The Altruist Business Hotel Andheri,hotel,19.121625,72.847836,3.0,,,False,5.4,3.0,https://static.cupid.travel/hotels/ex_64f532d5_z.jpg,liteapi
lp39460,The UniContinental - Campus Accommodation,hotel,19.070519,72.839777,2.0,,,False,4.4,20.0,https://static.cupid.travel/hotels/ex_1f1993f9_z.jpg,liteapi
lp67637,Hotel Bliss Comfort,hotel,19.117301,72.880117,3.0,,,False,4.4,20.0,https://static.cupid.travel/hotels/ex_0afc5e87_z.jpg,liteapi
lp4e8b1,Hotel Kamran Residency - Near US Embassy,hotel,19.077705,72.878885,3.0,,,False,5.0,6.0,https://static.cupid.travel/hotels/ex_a904a25f_z.jpg,liteapi
lp657e2657,Hotel Urban Comfort,hotel,19.102632,72.889679,,,,False,4.5,18.0,https://static.cupid.travel/hotels/585833486.jpg,liteapi
lp65717c47,Aleo,hotel,19.053271,72.829916,3.0,,,False,5.5,3.0,https://static.cupid.travel/hotels/373915799.jpg,liteapi
lp657a96cb,Studio ground floor khar,hotel,19.06473,72.83797,,,,False,5.5,2.0,https://static.cupid.travel/hotels/568223405.jpg,liteapi
lp656e7f91,"Pali Carters Building 102, 20th Road, Khar West by Connekt Homes",hotel,19.073018,72.827844,4.0,,,False,5.5,2.0,https://static.cupid.travel/hotels/479888427.jpg,liteapi
lp65781033,HOTEL GRAND PLAZA INN,hotel,19.131731,72.847928,3.0,,,False,5.5,2.0,https://static.cupid.travel/hotels/520353959.jpg,liteapi
lp6575923e,Hotel Amazing - Asalpha Metro Station,hotel,19.097929,72.892705,1.0,,,False,5.3,4.0,https://static.cupid.travel/hotels/522591877.jpg,liteapi
lp656c2bc6,Fluorescent by Bizzgrow Hotels International Airport,hotel,19.10465,72.861066,2.0,,,False,5.3,3.0,https://static.cupid.travel/hotels/ex_effdd52f_z.jpg,liteapi
lp6555a005,Hotel Oyster,hotel,19.123817,72.846468,4.0,,,False,5.3,3.0,https://static.cupid.travel/hotels/ex_0f953f05_z.jpg,liteapi
lp657c421f,HOTEL RIGGA INN KOKILABEN DHIRUBHAI AMBANI Hospital,hotel,19.137441,72.82307,3.0,,,False,4.9,25.0,https://static.cupid.travel/hotels/423960618.jpg,liteapi
lp657d07f4,Hotel Udupi Near International Airport Mumbai,hotel,19.10147,72.89035,1.0,,,False,4.2,22.0,https://static.cupid.travel/hotels/535785905.jpg,liteapi
lpb71e1,The Legend Hotel,hotel,19.080847,72.844912,3.0,,,False,5.4,2.0,https://static.cupid.travel/hotels/ex_2b157966_z.jpg,liteapi
lp65561457,Hotel Dadar Residency near Tata Hospital,hotel,19.013859,72.844167,3.0,,,False,6.0,,https://static.cupid.travel/hotels/ex_3bbb997b_z.jpg,liteapi
lp65818c7b,FabHotel Regal Residency,hotel,19.045223,72.846017,3.0,,,False,6.0,,https://static.cupid.travel/hotels/ex_09e58882_z.jpg,liteapi
lp65865d17,Zest by Union Living,hotel,19.052567,72.886515,3.0,,,False,6.0,,https://static.cupid.travel/hotels/ex_4ce1e893_z.jpg,liteapi
lp658458fc,Fabhotel Neelkamal,hotel,19.053751,72.889847,3.0,,,False,6.0,,https://static.cupid.travel/hotels/ex_2c2958da_z.jpg,liteapi
lp1b77e2,Arista Service Apartments Kalanagar,hotel,19.057687,72.845592,3.0,,,False,6.0,,https://static.cupid.travel/hotels/ex_3010a028_z.jpg,liteapi
lp270804,Hotel Diamond,hotel,19.061022,72.900404,3.0,,,False,6.0,,https://static.cupid.travel/hotels/ex_ff838faa_z.jpg,liteapi
lpb7210,OYO 8685 Hotel Stayland,hotel,19.067423,72.836655,3.0,,,False,6.0,,https://static.cupid.travel/hotels/ex_c3eb4f77_z.jpg,liteapi
lp6585e73f,FabHotel Prime Palm Grove,hotel,19.07264,72.875876,3.0,,,False,6.0,,https://static.cupid.travel/hotels/ex_5db615c0_z.jpg,liteapi
lp656c38ea,Fabhotel Poco Loco,hotel,19.074889,72.826852,3.0,,,False,6.0,,https://static.cupid.travel/hotels/ex_6a173908_z.jpg,liteapi
lp65771530,Hotel BKC Palace Inn,hotel,19.075574,72.872928,,,,False,6.0,,https://static.cupid.travel/hotels/ex_0c7ba98c_z.jpg,liteapi
lp658068de,Fabexpress Green House,hotel,19.075811,72.874391,3.0,,,False,6.0,,https://static.cupid.travel/hotels/ex_4ec12e45_z.jpg,liteapi
lp6585a481,Hotel Ajanta Continental- Mumbai Airport,hotel,19.076373,72.842616,3.0,,,False,6.0,,https://static.cupid.travel/hotels/ex_4bd0b83b_z.jpg,liteapi
lp657f5d84,Fabexpress Kurla Inn,hotel,19.077794,72.878376,3.0,,,False,6.0,,https://static.cupid.travel/hotels/ex_fcfd185e_z.jpg,liteapi
lp6585cc49,FabHotel Corporate Rooms Vakola,hotel,19.07794,72.85823,3.0,,,False,6.0,,https://static.cupid.travel/hotels/ex_d79a9e71_z.jpg,liteapi
lp65866b0a,Fabhotel Eldoria,hotel,19.078307,72.868432,3.0,,,False,6.0,,https://static.cupid.travel/hotels/ex_d6c63018_z.jpg,liteapi
lp6580db29,Fabhotel Airport Palace,hotel,19.079264,72.850083,3.0,,,False,6.0,,https://static.cupid.travel/hotels/ex_d1c0c958_z.jpg,liteapi
lp6585abe2,Hotel Cruz Royale,hotel,19.083301,72.837707,3.0,,,False,6.0,,https://static.cupid.travel/hotels/ex_6e0f63a6_z.jpg,liteapi
lp245259,Capital O 45587 The Roa Hotel,hotel,19.090552,72.908767,3.0,,,False,6.0,,https://static.cupid.travel/hotels/ex_2fee0259_z.jpg,liteapi
lp656bbf42,Via Ashoka Inn,hotel,19.095533,72.89588,3.0,,,False,6.0,,https://static.cupid.travel/hotels/ex_39baea08_z.jpg,liteapi
lp657cef81,FabExpress Golden Sands inn,hotel,19.09655,72.894602,3.0,,,False,6.0,,https://static.cupid.travel/hotels/ex_f13c32f6_z.jpg,liteapi
lp6585fb3b,Fabexpress Rose Inn,hotel,19.099671,72.889112,3.0,,,False,6.0,,https://static.cupid.travel/hotels/ex_d39c56a5_z.jpg,liteapi
lp2337c0,Hexa Relax Stay,hotel,19.100556,72.891605,3.0,,,False,6.0,,https://static.cupid.travel/hotels/ex_8381f192_z.jpg,liteapi
lp656c29f2,Hotel Orchid Inn - Andheri,hotel,19.100851,72.888171,2.0,,,False,6.0,,https://static.cupid.travel/hotels/ex_2f388c5c_z.jpg,liteapi
lp6586844b,PRIME GRAND HOTEL,hotel,19.10141,72.896207,3.0,,,False,6.0,,https://static.cupid.travel/hotels/ex_w743h479x4y0-0d787eba_z.jpg,liteapi
lp6585af11,Fabexpress Raj Palace,hotel,19.101584,72.890187,3.0,,,False,6.0,,https://static.cupid.travel/hotels/ex_d3431a5b_z.jpg,liteapi
lp200890,Mabrook Dormitory,hotel,19.101649,72.890222,1.0,,,False,6.0,,https://static.cupid.travel/hotels/ex_546798b1_z.jpg,liteapi
lp65844235,Naushad Dormitory,hotel,19.102779,72.865924,,,,False,6.0,,https://static.cupid.travel/hotels/ex_a47e4284_z.jpg,liteapi
lp656bd152,Hotel Good Luck Residency,hotel,19.102964,72.838725,3.0,,,False,6.0,,https://static.cupid.travel/hotels/ex_0af13bb8_z.jpg,liteapi
lp6585d6b3,Via Kailash Park,hotel,19.103558,72.889073,3.0,,,False,6.0,,https://static.cupid.travel/hotels/ex_w1999h1331x1y0-6f7ebe3f_z.jpg,liteapi
lp6585c7f2,Hotel RR Inn,hotel,19.104899,72.861402,3.0,,,False,6.0,,https://static.cupid.travel/hotels/ex_1c72388a_z.jpg,liteapi
lp6585c6d1,Fabhotel Regal Inn,hotel,19.105064,72.860564,3.0,,,False,6.0,,https://static.cupid.travel/hotels/ex_7e45db15_z.jpg,liteapi
lp65867198,Fabhotel Airport Retreat,hotel,19.106357,72.880871,3.0,,,False,6.0,,https://static.cupid.travel/hotels/ex_7fa8acbe_z.jpg,liteapi
lp6586a71c,Fabhotel Mumbai Corporate Rooms Jb Nagar,hotel,19.106438,72.861398,3.0,,,False,6.0,,https://static.cupid.travel/hotels/ex_026ae846_z.jpg,liteapi
lp657e06a8,FabHotel Prime Sukh,hotel,19.106769,72.826316,3.0,,,False,6.0,,https://static.cupid.travel/hotels/ex_ee5cc9f1_z.jpg,liteapi
lpe5d14,Room Maangta 213 - Juhu,hotel,19.10696,72.82646,3.0,,,False,6.0,,https://static.cupid.travel/hotels/ex_3ef34c51_z.jpg,liteapi
lp656c2ec7,Fabhotel Azure,hotel,19.107773,72.882543,3.0,,,False,6.0,,https://static.cupid.travel/hotels/ex_w3000h1992x0y4-70a967b6_z.jpg,liteapi
lp6585d54a,asar Elite by Orion Hotels,hotel,19.109234,72.824104,3.0,,,False,6.0,,https://static.cupid.travel/hotels/ex_465ce2fd_z.jpg,liteapi
lp657bd68b,Glitz Hotels DR Residency,hotel,19.109419,72.887616,,,,False,6.0,,https://static.cupid.travel/hotels/ex_fd239e36_z.jpg,liteapi
lp6573ffd2,Glitz Hotel P Inn,hotel,19.11076,72.862542,3.0,,,False,6.0,,https://static.cupid.travel/hotels/ex_be887c23_z.jpg,liteapi
lp6585af0d,Fabhotel Welcome Apartments,hotel,19.110766,72.86793,3.0,,,False,6.0,,https://static.cupid.travel/hotels/ex_w2999h2000x1y0-c5317f92_z.jpg,liteapi
lp658670d0,Rio By Glitz Hotels,hotel,19.110824,72.862539,3.0,,,False,6.0,,https://static.cupid.travel/hotels/ex_d1b84909_z.jpg,liteapi
lp6554ed5f,Treebo Trend Blue Bells Residency,hotel,19.111737,72.897821,3.0,,,False,6.0,,https://static.cupid.travel/hotels/ex_11bcd248_z.jpg,liteapi
lpb5d33,Hotel Hill Park,hotel,19.111825,72.874634,3.0,,,False,6.0,,https://static.cupid.travel/hotels/ex_50a8f87e_z.jpg,liteapi
lp657fc8e3,FabHotel The United,hotel,19.111927,72.890518,,,,False,6.0,,https://static.cupid.travel/hotels/ex_3f35cb1c_z.jpg,liteapi
lp6586315a,Fabexpress Bala Residency,hotel,19.112141,72.890738,3.0,,,False,6.0,,https://static.cupid.travel/hotels/ex_w1999h1332x1y1-60b8cba6_z.jpg,liteapi
lp657feb2f,Glitz Hotels Aksha International,hotel,19.112188,72.888317,,,,False,6.0,,https://static.cupid.travel/hotels/ex_89a8c441_z.jpg,liteapi
lpe0b35,Hotel Axis International,hotel,19.112435,72.888302,3.0,,,False,6.0,,https://static.cupid.travel/hotels/ex_777a87c3_z.jpg,liteapi
lp657ce908,Fabhotel Elvis Inn,hotel,19.1136,72.89192,3.0,,,False,6.0,,https://static.cupid.travel/hotels/ex_dfa78686_z.jpg,liteapi
lp6585f897,Fabhotel Veera Residency,hotel,19.1146,72.86191,3.0,,,False,6.0,,https://static.cupid.travel/hotels/ex_w1999h1332x0y1-4cfa546c_z.jpg,liteapi
lp6585bea0,Fabhotel Shiv Leela Grand,hotel,19.115168,72.870841,3.0,,,False,6.0,,https://static.cupid.travel/hotels/ex_058a6dcd_z.jpg,liteapi
lp655528ca,Hotel Pacific Residency,hotel,19.116204,72.870546,3.0,,,False,6.0,,https://static.cupid.travel/hotels/ex_5ac9f5f8_z.jpg,liteapi
lp656dc62d,Sagar Dormitory Andheri - Nearest to Andheri Railway Station West,hotel,19.117668,72.846065,2.0,,,False,6.0,,https://static.cupid.travel/hotels/ex_17eda526_z.jpg,liteapi
lp655712f2,Treebo Trend Oxford,hotel,19.119119,72.890452,3.0,,,False,6.0,,https://static.cupid.travel/hotels/ex_b4d5d7ff_z.jpg,liteapi
lp6557f792,Oxford Hotel Powai,hotel,19.119176,72.890754,2.0,,,False,6.0,,https://static.cupid.travel/hotels/ex_15de2719_z.jpg,liteapi
lp6575c305,Powai Inn By Glitz Hotels,hotel,19.120909,72.89098,3.0,,,False,6.0,,https://static.cupid.travel/hotels/ex_95227722_z.jpg,liteapi
lp65869cbe,New Lavender By Glitz Hotels,hotel,19.120914,72.89096,3.0,,,False,6.0,,https://static.cupid.travel/hotels/ex_3144fe79_edited_94d5_z.jpg,liteapi
lp656c36d8,Fabexpress U Life,hotel,19.122913,72.886999,3.0,,,False,6.0,,https://static.cupid.travel/hotels/ex_873ddd23_z.jpg,liteapi
lp65860c46,hotel abraj inn,hotel,19.123241,72.846791,3.0,,,False,6.0,,https://static.cupid.travel/hotels/ex_bf08ab41_z.jpg,liteapi
lp65866c4d,Hotel Free Dom-Nesco Exhibition,hotel,19.12608,72.860955,3.0,,,False,6.0,,https://static.cupid.travel/hotels/ex_dacc5733_z.jpg,liteapi
lp656c38e8,Fabhotel Good Stay International,hotel,19.126113,72.86008,3.0,,,False,6.0,,https://static.cupid.travel/hotels/ex_6147ddb0_z.jpg,liteapi
lp656bccea,Fabhotel Freedom International,hotel,19.126279,72.860841,3.0,,,False,6.0,,https://static.cupid.travel/hotels/ex_d2f2d086_z.jpg,liteapi
lp658680a3,FDM By Glitz Hotel,hotel,19.126295,72.860847,3.0,,,False,6.0,,https://static.cupid.travel/hotels/ex_822296e9_z.jpg,liteapi
lpcee06,FabHotel Bliss Executive,hotel,19.131589,72.86937,3.0,,,False,6.0,,https://static.cupid.travel/hotels/ex_fa72ce97_z.jpg,liteapi
lp65865803,Fabhotel Kova,hotel,19.133006,72.823716,3.0,,,False,6.0,,https://static.cupid.travel/hotels/ex_1adf3ba0_z.jpg,liteapi
lp6585d9b6,FabHotel Malali Residency,hotel,19.134959,72.848303,3.0,,,False,6.0,,https://static.cupid.travel/hotels/ex_f72643ce_z.jpg,liteapi
lp6586a2c0,Fabhotel Lexus.5,hotel,19.136749,72.821112,3.0,,,False,6.0,,https://static.cupid.travel/hotels/ex_57e1c196_z.jpg,liteapi
lp657ba1f1,FabHotel Amber Corp Inn,hotel,19.137125,72.846932,3.0,,,False,6.0,,https://static.cupid.travel/hotels/ex_bf84ba5e_z.jpg,liteapi
lp658623fd,FabExpress Occazia Paradise,hotel,19.137826,72.822783,3.0,,,False,6.0,,https://static.cupid.travel/hotels/ex_4e1cea63_z.jpg,liteapi
lp656bccda,Fabexpress Earth Paradise,hotel,19.138905,72.821845,3.0,,,False,6.0,,https://static.cupid.travel/hotels/ex_4466f3d4_z.jpg,liteapi
lp65841b0d,Fabexpress Akshay,hotel,19.138914,72.821731,3.0,,,False,6.0,,https://static.cupid.travel/hotels/ex_d992873c_z.jpg,liteapi
lp657e3953,FabHotel Aksa Inn,hotel,19.138986,72.820209,3.0,,,False,6.0,,https://static.cupid.travel/hotels/ex_e2ac4726_z.jpg,liteapi
lp6582ed1a,Fabexpress Versova Residency,hotel,19.13906,72.821011,3.0,,,False,6.0,,https://static.cupid.travel/hotels/ex_fdb69a51_z.jpg,liteapi
lp6586317d,Fabhotel Twigo Inn,hotel,19.139534,72.820723,3.0,,,False,6.0,,https://static.cupid.travel/hotels/ex_cf4d0d83_z.jpg,liteapi
lp657fddab,Fabexpress Green View,hotel,19.139944,72.899045,3.0,,,False,6.0,,https://static.cupid.travel/hotels/ex_65d8a7ba_z.jpg,liteapi
lpced13,OYO 11720 Gold Coast Inn,hotel,19.139974,72.820751,3.0,,,False,6.0,,https://static.cupid.travel/hotels/ex_0ebb0d5e_z.jpg,liteapi
lp656bd022,Fabexpress Ashirwad Residency Arn To Gst,hotel,19.141243,72.819845,3.0,,,False,6.0,,https://static.cupid.travel/hotels/ex_e5e81115_z.jpg,liteapi
lp6585b935,Lokhandwala Residency by Glitz Hotel,hotel,19.143535,72.824511,3.0,,,False,6.0,,https://static.cupid.travel/hotels/ex_980eb396_z.jpg,liteapi
lp1dddfb,Treebo Tryst Royal Palm,hotel,19.1506,72.8891,3.0,,,False,6.0,,https://static.cupid.travel/hotels/ex_aef9efcf_z.jpg,liteapi
lp65864e24,New Riza By Glitz Hotels,hotel,19.152434,72.846716,3.0,,,False,6.0,,https://static.cupid.travel/hotels/ex_8275c5f1_z.jpg,liteapi
lp2262d9,Townhouse 808 Royal Palms Shared Serviced Apartment,hotel,19.152487,72.889053,3.0,,,False,6.0,,https://static.cupid.travel/hotels/ex_3d526800_z.jpg,liteapi
lp656bd273,FabHotel Shubham Inn,hotel,19.153318,72.937258,3.0,,,False,6.0,,https://static.cupid.travel/hotels/ex_8ea15cc4_z.jpg,liteapi
lp656c38ca,The Aksa Hotel,hotel,19.173388,72.797147,3.0,,,False,6.0,,https://static.cupid.travel/hotels/ex_654d9680_z.jpg,liteapi
lp65797c83,Hotel O Classic,hotel,19.165472,72.8488,4.0,,,False,4.5,11.0,https://static.cupid.travel/hotels/589615673.jpg,liteapi
lp7dc08,Hotel Apex Executive,hotel,19.111248,72.870716,3.0,,,False,4.4,13.0,https://static.cupid.travel/hotels/ex_9f9d9fb2_z.jpg,liteapi
lp657a481f,Galaxy Cabin Stay And Dormitory,hotel,19.061483,72.837062,,,,False,4.8,8.0,https://static.cupid.travel/hotels/528083785.jpg,liteapi
lp65608cf4,OSI Apartments Jogeshwari West,hotel,19.145475,72.836583,,,,False,5.8,8.0,https://static.cupid.travel/hotels/203005226.jpg,liteapi
lp657fad09,Hotel Grand Executive,hotel,19.08682,72.835973,3.0,,,False,5.0,4.0,https://static.cupid.travel/hotels/ex_3105535b_z.jpg,liteapi
lp8cae5,Hotel Alfa Grand,hotel,19.096809,72.894045,3.0,,,False,5.0,4.0,https://static.cupid.travel/hotels/ex_22e52baa_z.jpg,liteapi
lp65777ee7,HOTEL GOLDEN PALACE PVT LTD,hotel,19.084926,72.891315,2.0,,,False,4.7,7.0,https://static.cupid.travel/hotels/541619554.jpg,liteapi
lp7d881,"Galaxy Beacon Hotel, Santacruz ,Mumbai",hotel,19.084522,72.844862,4.0,,,False,4.3,25.0,https://static.cupid.travel/hotels/196208324.jpg,liteapi
lp655aa31d,De Classico Hotel,hotel,19.12774,72.81599,1.0,,,False,4.8,31.0,https://static.cupid.travel/hotels/327150555.jpg,liteapi
lp1014af,BKC Grand,hotel,19.071609,72.869124,3.0,,,False,4.8,5.0,https://static.cupid.travel/hotels/ex_a84a4e09_z.jpg,liteapi
lp657b53d3,AS SUITE terminal2,hotel,19.09635,72.894879,,,,False,3.7,44.0,https://static.cupid.travel/hotels/517404797.jpg,liteapi
lpa975c,Hotel Kurla Residency,hotel,19.057484,72.887974,2.0,,,False,4.6,5.0,https://static.cupid.travel/hotels/ex_05482790_z.jpg,liteapi
lp6576624c,Hotel O Taj Lodging and Boarding,hotel,19.04617,72.89315,4.0,,,False,4.6,7.0,https://static.cupid.travel/hotels/547559140.jpg,liteapi
lp98844,Evergreen Hotel,hotel,19.071328,72.839674,3.0,,,False,5.0,3.0,https://static.cupid.travel/hotels/ex_adb6bd25_z.jpg,liteapi
lp6578a074,"Hotel Siddharth Residency- Siddharth Nagar, Goregaon West",hotel,19.154474,72.843595,2.0,,,False,4.5,8.0,https://static.cupid.travel/hotels/504658706.jpg,liteapi
lp24b472,Hotel Heritage,hotel,19.075205,72.876819,3.0,,,False,4.8,4.0,https://static.cupid.travel/hotels/ex_7643bf28_z.jpg,liteapi
lp65763a1b,Hotel O Delight Inn Near Andheri Railway Station,hotel,19.1227,72.84639,4.0,,,False,3.5,42.0,https://static.cupid.travel/hotels/556333283.jpg,liteapi
lpcb46a,Hotel Al Saudia,hotel,19.03786,72.84212,3.0,,,False,5.0,2.0,https://static.cupid.travel/hotels/ex_63444d1f_z.jpg,liteapi
lp657208c5,Robin Studio Bandra W The Bombay Home Company - Eco,hotel,19.055976,72.824617,,,,False,5.0,2.0,https://static.cupid.travel/hotels/575258455.jpg,liteapi
lp1af450,Hotel Garden Park Hospitality,hotel,19.060438,72.872345,3.0,,,False,5.0,2.0,https://static.cupid.travel/hotels/ex_c9ada2a0_z.jpg,liteapi
lp656e3762,SeaScape - 1BHK - Carter Road,hotel,19.06824,72.82391,,,,False,5.0,2.0,https://static.cupid.travel/hotels/524417048.jpg,liteapi
lp9dca1,Hotel Atlas Grand,hotel,19.097831,72.892706,3.0,,,False,5.0,2.0,https://static.cupid.travel/hotels/ex_ac444952_z.jpg,liteapi
lp6585e796,Hotel Nexus Inn,hotel,19.159043,72.835082,3.0,,,False,6.0,2.0,https://static.cupid.travel/hotels/ex_4b3c570c_z.jpg,liteapi
lp65863504,TIM Service Apartment Goregaon East Near NESCO,hotel,19.175329,72.854034,2.0,,,False,5.0,2.0,https://static.cupid.travel/hotels/ex_db6566ce_z.jpg,liteapi
lpcb3c6,"Hotel Nest In, Malad",hotel,19.18067,72.846216,3.0,,,False,5.0,2.0,https://static.cupid.travel/hotels/ex_d2be005d_z.jpg,liteapi
lp655aab3d,Townhouse 809 Royal Palms Hotel - Rose Collection,hotel,19.15249,72.88905,4.0,,,False,4.7,25.0,https://static.cupid.travel/hotels/508126485.jpg,liteapi
lp655b1042,HOTEL ASTROS,hotel,19.1399,72.82005,3.0,,,False,4.8,19.0,https://static.cupid.travel/hotels/401848958.jpg,liteapi
lp657b9ec7,Hotel O Blue Pearl Residency Near Chhatrapati Shivaji International Airport,hotel,19.09631,72.89494,3.0,,,False,3.5,30.0,https://static.cupid.travel/hotels/616742436.jpg,liteapi
lp656748ec,Hotel Al Fatah,hotel,18.986473,72.837381,,,,False,5.7,3.0,https://static.cupid.travel/hotels/274244679.jpg,liteapi
lpdc9d1,Hotel Relax Residency,hotel,19.10168,72.89016,3.0,,,False,4.7,3.0,https://static.cupid.travel/hotels/ex_02ad8ec0_z.jpg,liteapi
lp100ca0,Hotel Alfa International,hotel,19.08988,72.83856,3.0,,,False,,25.0,https://static.cupid.travel/hotels/ex_ec07c909_z.jpg,liteapi
lp6578b0b8,"Ashok Deluxe Apartments, Marol Andheri East",hotel,19.117329,72.887311,3.0,,,False,4.0,12.0,https://static.cupid.travel/hotels/374162236.jpg,liteapi
lp911e4,Hotel Midaas,hotel,19.11173,72.86558,3.0,,,False,4.4,5.0,https://static.cupid.travel/hotels/ex_c632ee29_z.jpg,liteapi
lpe797a,AIRPORT INN RESIDENCY,hotel,19.11016,72.85859,3.0,,,False,4.3,6.0,https://static.cupid.travel/hotels/hd/530005327.jpg,liteapi
lpa3d09,Surya Residency,hotel,19.138108,72.855299,3.0,,,False,4.5,4.0,https://static.cupid.travel/hotels/ex_290e07d7_z.jpg,liteapi
lp6576b08e,Hotel Nest In,hotel,19.18067,72.846216,,,,False,4.5,5.0,https://static.cupid.travel/hotels/141580911.jpg,liteapi
lp6557470e,Lucky Service Apartments,hotel,19.054058,72.837548,3.0,,,False,4.6,3.0,https://static.cupid.travel/hotels/ex_91b2fe22_z.jpg,liteapi
lp656f7b45,"Scarlett 102, Chapel Road by Connekt Homes",hotel,19.052189,72.828481,4.0,,,False,5.0,1.0,https://static.cupid.travel/hotels/478161229.jpg,liteapi
lp6585ab46,Hotel Garden Palace,hotel,19.060363,72.872283,2.0,,,False,5.0,1.0,https://static.cupid.travel/hotels/ex_3cf8a27c_z.jpg,liteapi
lp6585eb16,Hotel Silver Park,hotel,19.085332,72.884269,2.0,,,False,5.0,1.0,https://static.cupid.travel/hotels/ex_6f9edb2c_z.jpg,liteapi
lp65597896,FabHotel Prakash Inn,hotel,19.098973,72.880968,3.0,,,False,6.0,1.0,https://static.cupid.travel/hotels/ex_252596d7_z.jpg,liteapi
lp1d9d86,Hexa Metro Plaza,hotel,19.099369,72.883835,2.0,,,False,5.0,1.0,https://static.cupid.travel/hotels/ex_d5ada9b2_z.jpg,liteapi
lp6582ecfe,ASRA DORMITORY,hotel,19.099571,72.891714,2.0,,,False,5.0,1.0,https://static.cupid.travel/hotels/ex_190fe752_edited_b66b_z.jpg,liteapi
lp657f8371,Fabhotel Ascot International II,hotel,19.101172,72.885025,3.0,,,False,5.0,1.0,https://static.cupid.travel/hotels/ex_a52091d9_z.jpg,liteapi
lp7267c,OYO 328 Hotel Royal Grand,hotel,19.102578,72.889156,2.0,,,False,5.0,1.0,https://static.cupid.travel/hotels/ex_2057159f_z.jpg,liteapi
lp658786f7,Hotel K Parrk,hotel,19.103553,72.889201,2.0,,,False,5.0,1.0,https://static.cupid.travel/hotels/ex_29b5f4f6_z.jpg,liteapi
lpd9c8e,OYO 845 Hotel Kailash Park,hotel,19.103696,72.889134,2.0,,,False,5.0,1.0,https://static.cupid.travel/hotels/ex_9ba0098b_z.jpg,liteapi
lp65821598,MKH Dormitory,hotel,19.118924,72.885285,,,,False,5.0,2.0,https://static.cupid.travel/hotels/614945906.jpg,liteapi
lp1f01af,Hotel Aiston Inn,hotel,19.123235,72.846699,3.0,,,False,5.0,1.0,https://static.cupid.travel/hotels/ex_9d30f7d6_z.jpg,liteapi
lp6585cacc,Hotel Crystal Castle,hotel,19.157971,72.835839,2.0,,,False,5.0,1.0,https://static.cupid.travel/hotels/ex_4854c8fd_z.jpg,liteapi
lp656c2a71,FabHotel Embassy Grand,hotel,19.072733,72.875543,3.0,,,False,5.4,,https://static.cupid.travel/hotels/ex_372b4143_z.jpg,liteapi
lp655b1020,Terminus Hotel Bandra,hotel,19.05484,72.84069,3.0,,,False,4.6,19.0,https://static.cupid.travel/hotels/431511496.jpg,liteapi
lp5f852,Apple Suites,hotel,19.110431,72.879823,3.0,,,False,3.6,19.0,https://static.cupid.travel/hotels/ex_76fe1b41_z.jpg,liteapi
lp6580d0e4,FabHotel Corporate Apartments Bandra,hotel,19.056819,72.845981,3.0,,,False,3.5,24.0,https://static.cupid.travel/hotels/614546771.jpg,liteapi
lpfe958,Hotel Elite Continental - Airport Road Andheri,hotel,19.11464,72.86267,3.0,,,False,4.4,4.0,https://static.cupid.travel/hotels/ex_w2880h1927x0y477-c1eb78f6_z.jpg,liteapi
lp655b6ff6,FabExpress Aster,hotel,19.10313,72.88778,3.0,,,False,4.5,21.0,https://snaphotelapi.com/hotels/492184371.jpg,liteapi
lp655a973a,Hotel Ganesh Palace,hotel,19.09712,72.91357,,,,False,4.6,17.0,https://static.cupid.travel/hotels/242829483.jpg,liteapi
lp656c354a,Hotel Pearls BKC Inn,hotel,19.071406,72.869058,2.0,,,False,4.6,2.0,https://static.cupid.travel/hotels/ex_49397c5c_z.jpg,liteapi
lp656bc2e5,Grand Dyad Hotel,hotel,19.134506,72.824929,2.0,,,False,4.6,2.0,https://static.cupid.travel/hotels/ex_4644ed07_z.jpg,liteapi
lp39b20,Palms Hotel,hotel,19.163311,72.884692,4.0,,,False,3.4,20.0,https://static.cupid.travel/hotels/ex_55c9277b_z.jpg,liteapi
lp6559815c,BALAS RESIDENCY,hotel,19.11718,72.88016,,,,False,4.5,16.0,https://static.cupid.travel/hotels/344242725.jpg,liteapi
lp1b2f8d,Fabhotel Empire Suite,hotel,19.107835,72.882438,3.0,,,False,4.0,2.0,https://static.cupid.travel/hotels/ex_77f2a918_z.jpg,liteapi
lp6573b53a,1BR Apartment in Lower Parel,hotel,19.00082,72.82628,,,,False,4.3,3.0,https://static.cupid.travel/hotels/532738380.jpg,liteapi
lp655a7774,The Qubic Hotel,hotel,19.11107,72.85441,,,,False,4.1,27.0,https://static.cupid.travel/hotels/357901888.jpg,liteapi
lpeebe5,Hotel Golden Sagar,hotel,19.05645,72.86969,3.0,,,False,4.0,5.0,https://static.cupid.travel/hotels/ex_fedd850f_z.jpg,liteapi
lp6577c8c1,Hotel Crown Goregaon Mumbai,hotel,19.173655,72.857103,,,,False,3.4,15.0,https://static.cupid.travel/hotels/442844505.jpg,liteapi
lp430f0,HOTEL AIRPORT ANNEX,hotel,19.116572,72.882278,3.0,,,False,4.6,1.0,https://static.cupid.travel/hotels/ex_7006f2c6_z.jpg,liteapi
lpde2fd,Hotel Plaza Mumbai,hotel,18.97592,72.83542,2.0,,,False,5.0,,https://static.cupid.travel/hotels/ex_0a60d266_z.jpg,liteapi
lp655b64b4,Fabhotel Prime Land,hotel,19.05003,72.86468,3.0,,,False,6.0,,https://static.cupid.travel/hotels/ex_w2996h2100x4y0-2da27189_z.jpg,liteapi
lp658269bb,Hotel Preston,hotel,19.064713,72.880767,2.0,,,False,5.0,,https://static.cupid.travel/hotels/ex_5efe4f0c_z.jpg,liteapi
lp657c1811,Treebo Palm Olive,hotel,19.074378,72.876895,2.0,,,False,5.0,,https://static.cupid.travel/hotels/ex_0920410c_z.jpg,liteapi
lp656c3591,Hotel Mumbai Residency,hotel,19.08127,72.88124,2.0,,,False,,,https://static.cupid.travel/hotels/494781975.jpg,liteapi
lp6585cd9f,Hotel jazz,hotel,19.098721,72.884639,2.0,,,False,5.0,,https://static.cupid.travel/hotels/ex_50deb77a_edited_5db7_z.jpg,liteapi
lp65557b06,Hexa Nest,hotel,19.098871,72.887281,2.0,,,False,5.0,,https://static.cupid.travel/hotels/ex_69d462bd_z.jpg,liteapi
lp6559878b,Fabexpress Emerald Inn,hotel,19.101627,72.889869,3.0,,,False,6.0,,https://static.cupid.travel/hotels/ex_5a03d586_z.jpg,liteapi
lp6585b721,Hotel Class Inn,hotel,19.101698,72.889943,2.0,,,False,5.0,,https://static.cupid.travel/hotels/ex_95d46e4b_z.jpg,liteapi
lp6585a5a8,Cozy Stays at Andheri Near Mumbai Airport,hotel,19.102539,72.864647,2.0,,,False,5.0,,https://static.cupid.travel/hotels/ex_c5dd552f_z.jpg,liteapi
lp656c2f64,Hotel Mahi,hotel,19.103664,72.888345,2.0,,,False,5.0,,https://static.cupid.travel/hotels/ex_23f074ca_z.jpg,liteapi
lp657e9af4,Aqua Stays,hotel,19.110104,72.86845,2.0,,,False,5.0,,https://static.cupid.travel/hotels/ex_6aec581e_z.jpg,liteapi
lp656c3c0c,Hotel Elegance Nx,hotel,19.111561,72.865547,2.0,,,False,5.0,,https://static.cupid.travel/hotels/ex_3111fb2d_z.jpg,liteapi
lpc89d7,OYO 10001 Hotel Blue Ocean,hotel,19.11224,72.91801,2.0,,,False,5.0,,https://static.cupid.travel/hotels/ex_3d89b7ae_z.jpg,liteapi
lp65864561,Hotel Flexi Residency Mumbai,hotel,19.112771,72.877981,2.0,,,False,5.0,,https://static.cupid.travel/hotels/ex_8a46db71_z.jpg,liteapi
lp656bd25b,"Harihara Residency Comfort Andheri East, Mumbai",hotel,19.11481,72.86792,2.0,,,False,,,https://static.cupid.travel/hotels/556059667.jpg,liteapi
lp6581fd77,Townhouse Mumbai International Airport,hotel,19.116646,72.886456,2.0,,,False,5.0,,https://static.cupid.travel/hotels/ex_97eaf1a8_z.jpg,liteapi
lpe3f2e,Hotel Grand Suite,hotel,19.117521,72.88027,2.0,,,False,5.0,,https://static.cupid.travel/hotels/ex_eab17e99_z.jpg,liteapi
lp656c37f0,Hotel Om Residency,hotel,19.118806,72.8817,2.0,,,False,5.0,,https://static.cupid.travel/hotels/ex_202e3fc0_z.jpg,liteapi
lp655a974a,FabHotel Comfort stay,hotel,19.119075,72.883024,3.0,,,False,6.0,,https://static.cupid.travel/hotels/ex_9d748f6f_z.jpg,liteapi
lp656c355e,Hotel Dream inn,hotel,19.119662,72.884065,2.0,,,False,5.0,,https://static.cupid.travel/hotels/ex_w1200h797x0y52-486210f3_z.jpg,liteapi
lp656bbde6,K.A.E Residency,hotel,19.126088,72.866782,2.0,,,False,5.0,,https://static.cupid.travel/hotels/ex_b8a21213_z.jpg,liteapi
lp1d5d13,OYO Home 19723 Boutique 2BHK,hotel,19.12892,72.861909,2.0,,,False,5.0,,https://static.cupid.travel/hotels/ex_aff15185_z.jpg,liteapi
lp655b7322,Via Deluxe Comfort,hotel,19.137287,72.823111,3.0,,,False,6.0,,https://static.cupid.travel/hotels/ex_2c176a61_z.jpg,liteapi
lp656bd2e6,Hotel Versova Inn,hotel,19.139064,72.821025,2.0,,,False,5.0,,https://static.cupid.travel/hotels/ex_6b1bcb38_z.jpg,liteapi
lp656bc40e,Hotel Twigo Inn,hotel,19.140178,72.820762,2.0,,,False,5.0,,https://static.cupid.travel/hotels/ex_c48cf652_z.jpg,liteapi
lp65864293,MAHUAA BUNGLOW,hotel,19.162735,72.785272,2.0,,,False,5.0,,https://static.cupid.travel/hotels/ex_33308fc4_z.jpg,liteapi
lp65582121,Astha Residency,hotel,19.179777,72.868533,2.0,,,False,7.0,17.0,https://static.cupid.travel/hotels/363671308.jpg,liteapi
lp6585aee7,Pinaki Comfort Stay Malad - Near Nesco & Oberoi Mall,hotel,19.183272,72.858817,2.0,,,False,5.0,,https://static.cupid.travel/hotels/ex_dead8d3a_z.jpg,liteapi
lp655feffb,OSI Apartments Sahar Andheri East,hotel,19.09873,72.868466,4.0,,,False,5.0,4.0,https://static.cupid.travel/hotels/223119829.jpg,liteapi
lp9f944,Ontime Luxurious Apartments,hotel,19.127183,72.823281,3.0,,,False,4.0,4.0,https://static.cupid.travel/hotels/ex_8f90c1f7_z.jpg,liteapi
lp655a7bfa,OYO Flagship Raj Hotel Near Juhu Beach,hotel,19.07673,72.84283,3.0,,,False,4.0,25.0,https://static.cupid.travel/hotels/hd/586736769.jpg,liteapi
lp6ecea,ABC RESIDENCY,hotel,19.097568,72.893418,3.0,,,False,3.1,20.0,https://static.cupid.travel/hotels/ex_4af7af1c_z.jpg,liteapi
lp6578d3c4,Hotel O Rana Residency Near Western Express Highway Metro Station,hotel,19.12966,72.865398,3.0,,,False,2.7,38.0,https://static.cupid.travel/hotels/589144329.jpg,liteapi
lpdc80d,Hotel Grace Inn,hotel,19.071711,72.872454,2.0,,,False,4.0,3.0,https://static.cupid.travel/hotels/ex_3cf80d88_z.jpg,liteapi
lp657fa67a,TIM Santacruz Mumbai Airport,hotel,19.081615,72.84588,,,,False,4.0,3.0,https://static.cupid.travel/hotels/618789062.jpg,liteapi
lp657531b7,New Axis By Glitz Hotels,hotel,19.112124,72.888233,3.0,,,False,4.0,3.0,https://static.cupid.travel/hotels/ex_f0e1ddd0_z.jpg,liteapi
lp7d624,OYO 361 Apartment Powai,hotel,19.11842,72.90179,3.0,,,False,4.0,3.0,https://static.cupid.travel/hotels/ex_3917c1bc_z.jpg,liteapi
lp656ef9e8,THE B TOWN HOTEL (MHADA),hotel,19.13484,72.82353,2.0,,,False,4.0,3.0,https://static.cupid.travel/hotels/544400021.jpg,liteapi
lp657c0916,Horizon Inn Near Exhibition Center,hotel,19.140637,72.836843,3.0,,,False,3.5,9.0,https://static.cupid.travel/hotels/531936651.jpg,liteapi
lp655b6ffb,Hotel Golden Park,hotel,19.139042,72.843788,3.0,,,False,4.6,6.0,https://static.cupid.travel/hotels/ex_e06bf4ff_z.jpg,liteapi
lp655b0a7b,Hotel Priceless Suite,hotel,19.158953,72.843545,2.0,,,False,4.0,,https://static.cupid.travel/hotels/ex_c031905d_z.jpg,liteapi
lpf7dfb,Hotel O Blue Sea,hotel,19.09845,72.89245,3.0,,,False,,5.0,https://static.cupid.travel/hotels/614436933.jpg,liteapi
lp1e2bfe,Hexa Sai Residency,hotel,19.116899,72.87002,3.0,,,False,3.6,5.0,https://static.cupid.travel/hotels/ex_fa46f12b_z.jpg,liteapi
lp6573a276,Vessaokar Villa 1Bhk - Bandra close to Lilavati Hospital,hotel,19.052987,72.828854,4.0,,,False,4.0,6.0,https://static.cupid.travel/hotels/600909358.jpg,liteapi
lp65581f11,Hotel Prasad NX,hotel,19.067495,72.841892,3.0,,,False,4.0,2.0,https://static.cupid.travel/hotels/ex_ea6d752f_z.jpg,liteapi
lp9b764,Hotel Blue Sea Residency,hotel,19.096126,72.894876,3.0,,,False,4.0,2.0,https://static.cupid.travel/hotels/ex_a4362311_z.jpg,liteapi
lp6554ccb4,Hotel Blue Orchid,hotel,19.110971,72.879401,3.0,,,False,4.0,2.0,https://static.cupid.travel/hotels/ex_b1b932ac_z.jpg,liteapi
lpe8d51,Hotel Royal Onix Mumbai,hotel,19.13517,72.848,3.0,,,False,4.0,2.0,https://static.cupid.travel/hotels/ex_ad64b50a_z.jpg,liteapi
lp656c265d,Hotel Signature Inn,hotel,19.137444,72.823074,2.0,,,False,4.0,2.0,https://static.cupid.travel/hotels/ex_fa8498b4_z.jpg,liteapi
lp655a973e,AGRAWAL Bhavan Rooms,hotel,19.0692,72.902,,,,False,4.3,8.0,https://static.cupid.travel/hotels/hd/515455222.jpg,liteapi
lp655cbacd,SHAH SOCIAL PARTY VILLA In Royal Palms Mumbai,hotel,19.150792,72.888974,,,,False,3.6,27.0,https://static.cupid.travel/hotels/406731095.jpg,liteapi
lp657c5cdb,Hotel BKC Fortune - Ghatkopar,hotel,19.08352,72.909155,,,,False,3.3,4.0,https://static.cupid.travel/hotels/618758304.jpg,liteapi
lp657a1eb1,Hotel O Babas Residency,hotel,19.15859,72.85447,3.0,,,False,3.1,10.0,https://static.cupid.travel/hotels/566391399.jpg,liteapi
lp657c3dc0,Glitz Hotels New Ascot International - Nr International Airport Mumbai T2,hotel,19.101837,72.885026,3.0,,,False,3.5,4.0,https://static.cupid.travel/hotels/611027205.jpg,liteapi
lp6557988c,"Hotel BKC Inn Near Trade Centre, Visa Consulate",hotel,19.071627,72.869063,3.0,,,False,3.6,3.0,https://static.cupid.travel/hotels/ex_w809h610x1y6-8a8372ea_z.jpg,liteapi
lp656c2bd6,Fabhotel The Adore Palace,hotel,19.096933,72.883747,3.0,,,False,3.6,3.0,https://static.cupid.travel/hotels/ex_b550e4f6_z.jpg,liteapi
lpc876b,OYO 8678 Hotel Golden Nest,hotel,19.110164,72.858365,2.0,,,False,3.6,3.0,https://static.cupid.travel/hotels/ex_a657c95c_z.jpg,liteapi
lp6585cacb,Southside by Daily Stays,hotel,18.978209,72.826603,3.0,,,False,4.0,1.0,https://static.cupid.travel/hotels/ex_610ee17a_z.jpg,liteapi
lp6585cba4,New Hotel Prince Palace,hotel,19.057605,72.870448,2.0,,,False,4.0,1.0,https://static.cupid.travel/hotels/ex_059ca4ff_z.jpg,liteapi
lp656bc336,Fabhotel King'S Palace,hotel,19.066686,72.8342,3.0,,,False,4.0,1.0,https://static.cupid.travel/hotels/ex_ed846027_z.jpg,liteapi
lp1c6428,FabHotel Orange Suites,hotel,19.080085,72.8487,3.0,,,False,4.0,1.0,https://static.cupid.travel/hotels/ex_b496fade_z.jpg,liteapi
lpa9796,Kalina Residency,hotel,19.08024,72.86365,3.0,,,False,4.0,1.0,https://static.cupid.travel/hotels/ex_ec52ef44_z.jpg,liteapi
lp6557b847,"Treebo Prime Grand, Andheri",hotel,19.09466,72.895042,3.0,,,False,4.0,1.0,https://static.cupid.travel/hotels/ex_5bd06d32_z.jpg,liteapi
lp65864af2,Cozy Stays at Ville Parle Mumbai,hotel,19.097803,72.846004,2.0,,,False,4.0,1.0,https://static.cupid.travel/hotels/ex_13dfd927_z.jpg,liteapi
lp65552458,Hotel West Inn,hotel,19.098446,72.883776,2.0,,,False,4.0,1.0,https://static.cupid.travel/hotels/ex_3db2070c_z.jpg,liteapi
lp656c3c18,Fabexpress Park Residency,hotel,19.1004,72.89164,3.0,,,False,4.0,1.0,https://static.cupid.travel/hotels/ex_296e24ca_z.jpg,liteapi
lp1029ad,Sunshine Hostels,hostel,19.10262,72.87976,2.0,,,False,4.0,1.0,https://static.cupid.travel/hotels/ex_ddcfb6f5_z.jpg,liteapi
lpab178,Fabhotel Amour,hotel,19.102632,72.888294,3.0,,,False,4.0,1.0,https://static.cupid.travel/hotels/ex_feca9337_z.jpg,liteapi
lp22693d,Hotel Qubestay Airport,hotel,19.106639,72.89002,3.0,,,False,4.0,1.0,https://static.cupid.travel/hotels/ex_130b3ac3_z.jpg,liteapi
lp6587c2dd,JUHU BLISS INN,hotel,19.106643,72.826359,2.0,,,False,4.0,1.0,https://static.cupid.travel/hotels/ex_7110ef72_z.jpg,liteapi
lpc3fed,FabHotel Admiral,hotel,19.107792,72.882425,3.0,,,False,6.7,113.0,https://static.cupid.travel/hotels/415275926.jpg,liteapi
lp6585e629,Golden Sands Dormitory & Single AC Rooms,hotel,19.108011,72.879717,2.0,,,False,4.0,1.0,https://static.cupid.travel/hotels/ex_56ef84a5_z.jpg,liteapi
lpe6aba,Aboo's Hotel Lucky Galaxy,hotel,19.1081,72.87926,3.0,,,False,4.0,1.0,https://static.cupid.travel/hotels/ex_ad994f90_z.jpg,liteapi
lp657553d0,New Hotel Tara By Glitz Hotels,hotel,19.10899,72.88756,,,,False,4.0,1.0,https://static.cupid.travel/hotels/563448609.jpg,liteapi
lp656c1faf,Fabhotel Axis International,hotel,19.11217,72.888212,3.0,,,False,4.0,1.0,https://static.cupid.travel/hotels/ex_a25a750f_z.jpg,liteapi
lp6587898b,Hotel Afotel Mumbai-Near International Airport,hotel,19.112585,72.876184,2.0,,,False,4.0,1.0,https://static.cupid.travel/hotels/ex_c09474a5_z.jpg,liteapi
lp274f0e,Hotel Elite 59,hotel,19.11293,72.87707,3.0,,,False,4.0,1.0,https://static.cupid.travel/hotels/ex_94930d3d_z.jpg,liteapi
lp656c3983,Via Wynd,hotel,19.114958,72.888129,3.0,,,False,4.0,1.0,https://static.cupid.travel/hotels/ex_904dfbf4_z.jpg,liteapi
lp6585d92b,ASTROPOD,hotel,19.115136,72.888222,2.0,,,False,4.0,1.0,https://static.cupid.travel/hotels/ex_ecb6c2e7_z.jpg,liteapi
lp656c1f88,Hotel Ace Residency,hotel,19.116743,72.887162,3.0,,,False,4.0,1.0,https://static.cupid.travel/hotels/ex_cd29fd34_z.jpg,liteapi
lp65865b96,U LIFE HOTEL,hotel,19.122913,72.887009,2.0,,,False,4.0,1.0,https://static.cupid.travel/hotels/ex_97c12815_z.jpg,liteapi
lp6571c0b1,Aralia - A Business Hotel MIDC,hotel,19.123054,72.869945,3.0,,,False,4.0,1.0,https://static.cupid.travel/hotels/ex_d2efa872_z.jpg,liteapi
lp65868d31,Dhanvantari Hotel,hotel,19.132553,72.826253,3.0,,,False,4.0,1.0,https://static.cupid.travel/hotels/ex_b57d462e_z.jpg,liteapi
lp65870c68,N.M. Hotel,hotel,19.13474,72.821599,3.0,,,False,4.0,1.0,https://static.cupid.travel/hotels/ex_cfcb652b_z.jpg,liteapi
lp6582c291,HOTEL METROMAX,hotel,19.136276,72.83617,,,,False,4.0,1.0,https://static.cupid.travel/hotels/ex_ad89be9e_z.jpg,liteapi
lp6558b4c0,Hotel Amber Corp Inn,hotel,19.137144,72.846803,2.0,,,False,4.0,1.0,https://static.cupid.travel/hotels/ex_4aaaf108_z.jpg,liteapi
lp65806875,Fabhotel Global Spaces,hotel,19.16122,72.832686,3.0,,,False,4.0,1.0,https://static.cupid.travel/hotels/ex_e47d108d_z.jpg,liteapi
lp657b9426,Hotel O Golden Nest Near Chhatrapati Shivaji International Airport,hotel,19.110359,72.858364,3.0,,,False,2.9,12.0,https://static.cupid.travel/hotels/475459031.jpg,liteapi
lp7d9e1,Grand Skylight Hotel Mumbai,hotel,19.103443,72.889668,3.0,,,False,2.8,13.0,https://static.cupid.travel/hotels/ex_97d26d8c_z.jpg,liteapi
lp656c2afd,FabExpress Diamond,hotel,19.071785,72.869347,3.0,,,False,3.0,5.0,https://static.cupid.travel/hotels/ex_w3000h1996x0y0-e0259546_z.jpg,liteapi
lpebe7a,FabHotel Magnet Mumbai Airport,hotel,19.10063,72.89137,3.0,,,False,3.2,5.0,https://static.cupid.travel/hotels/ex_efb80ca5_z.jpg,liteapi
lp6572e5b0,Via RR Residency - Near BKC,hotel,19.045211,72.845914,3.0,,,False,2.8,10.0,https://static.cupid.travel/hotels/615829141.jpg,liteapi
lpabdde,Hotel BKC Palace,hotel,19.07528,72.872645,3.0,,,False,3.4,3.0,https://static.cupid.travel/hotels/ex_48167ff8_z.jpg,liteapi
lp656bd7e2,Hotel Apple Inn,hotel,19.080169,72.847703,2.0,,,False,4.0,,https://static.cupid.travel/hotels/ex_11cd6f6d_z.jpg,liteapi
lpbe8a1,Hotel Sai Leela Grand,hotel,19.11511,72.87092,3.0,,,False,3.0,5.0,https://static.cupid.travel/hotels/ex_025287db_z.jpg,liteapi
lp657aa30d,Hotel Durga Elite Mumbai,hotel,19.159252,72.855005,2.0,,,False,3.0,5.0,https://static.cupid.travel/hotels/225717724.jpg,liteapi
lp656c2e56,Itsy Hotels Cruz Royale Santacruz West,hotel,19.082602,72.837727,2.0,,,False,3.4,2.0,https://static.cupid.travel/hotels/ex_4f8dbc83_z.jpg,liteapi
lp65598f72,Fabhotel New Prince Palace,hotel,19.10255,72.83829,3.0,,,False,4.4,2.0,https://static.cupid.travel/hotels/ex_ee784a10_z.jpg,liteapi
lpa4189,Hotel Pearl View,hotel,19.070747,72.875388,3.0,,,False,,7.0,https://static.cupid.travel/hotels/ex_8d5e2d5b_z.jpg,liteapi
lp658682c6,Hotel Morya Residency Parel,hotel,19.004901,72.847577,2.0,,,False,4.0,,https://static.cupid.travel/hotels/ex_6a594d0d_z.jpg,liteapi
lp657b45b8,Hotel Sai Palace,hotel,19.004977,72.847902,2.0,,,False,4.0,,https://static.cupid.travel/hotels/ex_9b84e921_z.jpg,liteapi
lp656c2d7a,Capital Guest House,hotel,19.014326,72.844932,2.0,,,False,4.0,,https://static.cupid.travel/hotels/ex_875ed422_z.jpg,liteapi
lp657ce70d,HOTEL RADHA PALACE,hotel,19.032867,72.868388,,,,False,4.0,,https://static.cupid.travel/hotels/ex_095fe33e_z.jpg,liteapi
lp65867602,Hotel Sion Fort,hotel,19.045099,72.868294,,,,False,4.0,,https://static.cupid.travel/hotels/ex_aa0e5955_z.jpg,liteapi
lp656c345c,Hotel Royal Residency,hotel,19.04564,72.909894,2.0,,,False,4.0,,https://static.cupid.travel/hotels/ex_c44d58f4_z.jpg,liteapi
lp656c34c9,Hotel Sai Plaza,hotel,19.045906,72.896786,2.0,,,False,4.0,,https://static.cupid.travel/hotels/ex_d42a457c_z.jpg,liteapi
lp65860722,Welcome Star,hotel,19.047225,72.893482,2.0,,,False,4.0,,https://static.cupid.travel/hotels/ex_b1eff92b_z.jpg,liteapi
lp657ea20d,Hotel Emirates Suite,hotel,19.047702,72.860245,,,,False,4.0,,https://static.cupid.travel/hotels/ex_be0003e0_z.jpg,liteapi
lp65860e29,Classy Ac Dormitory,hotel,19.055197,72.838844,2.0,,,False,4.0,,https://static.cupid.travel/hotels/ex_062d396c_z.jpg,liteapi
lp656dc36d,Hotel King Residency,hotel,19.066577,72.877512,2.0,,,False,4.0,,https://static.cupid.travel/hotels/ex_ec57108c_z.jpg,liteapi
lpe2ae5,Hotel Kings Palace,hotel,19.06668,72.83411,2.0,,,False,4.0,,https://static.cupid.travel/hotels/ex_a7c94c7b_z.jpg,liteapi
lp656bd814,Zenia Hospitality,hotel,19.068666,72.876263,2.0,,,False,4.0,,https://static.cupid.travel/hotels/ex_faa124ac_z.jpg,liteapi
lp65583a20,Hotel Tip Top Residency,hotel,19.074989,72.900956,2.0,,,False,4.0,,https://static.cupid.travel/hotels/ex_w724h510x1y0-3f75c333_z.jpg,liteapi
lp657f3bf2,Hotel Beverly Palace Santacruz,hotel,19.077788,72.863194,4.0,,,False,4.0,,https://static.cupid.travel/hotels/ex_25962dfa_z.jpg,liteapi
lp6586a27d,Varsity by Daily Stays,hotel,19.087031,72.834573,2.0,,,False,4.0,,https://static.cupid.travel/hotels/ex_34575d1f_z.jpg,liteapi
lp656c2511,Hotel Nirvana Grace,hotel,19.093226,72.850088,2.0,,,False,4.0,,https://static.cupid.travel/hotels/ex_528d499f_z.jpg,liteapi
lp6585ef22,Fabhotel Grand Prime,hotel,19.094664,72.895024,3.0,,,False,4.0,,https://static.cupid.travel/hotels/ex_eabd6af1_z.jpg,liteapi
lp6585fa35,Parle Inn Hotel,hotel,19.095033,72.842637,2.0,,,False,4.0,,https://static.cupid.travel/hotels/ex_936fbd88_z.jpg,liteapi
lp656da200,Tanvi Guest House,hotel,19.096497,72.894911,2.0,,,False,4.0,,https://static.cupid.travel/hotels/ex_55922aa8_z.jpg,liteapi
lp65869b62,Hotel Venture Grand,hotel,19.096829,72.893372,,,,False,4.0,,https://static.cupid.travel/hotels/ex_w720h483x0y4-3cfcb7ca_z.jpg,liteapi
lp656bc15a,Hotel Amazing,hotel,19.097923,72.89271,2.0,,,False,4.0,,https://static.cupid.travel/hotels/ex_9af0d58e_z.jpg,liteapi
lp65759e59,New Seven Hills By Glitz Hotels,hotel,19.100204,72.881121,2.0,,,False,4.0,,https://static.cupid.travel/hotels/ex_ae7a1bbd_z.jpg,liteapi
lp65795e58,Orange Residency - Near Mumbai International Airport,hotel,19.101371,72.888022,2.0,,,False,4.0,,https://static.cupid.travel/hotels/ex_cea4039f_z.jpg,liteapi
lp655489c7,Hexahostel Mabrook,hostel,19.101485,72.890014,2.0,,,False,4.0,,https://static.cupid.travel/hotels/ex_28c0992b_z.jpg,liteapi
lp6577de40,Ascot By Glitz Hotels,hotel,19.10175,72.884997,2.0,,,False,4.0,,https://static.cupid.travel/hotels/ex_05ed18a8_z.jpg,liteapi
lp65868902,Hr Residency,hotel,19.102273,72.845623,2.0,,,False,4.0,,https://static.cupid.travel/hotels/ex_1df6187c_z.jpg,liteapi
lp656bbfcf,Hotel Royal Grand - Near Mumbai International Airport,hotel,19.102464,72.889168,2.0,,,False,4.0,,https://static.cupid.travel/hotels/ex_a270c59a_z.jpg,liteapi
lp6585f8ce,Hotel Majestic Crest,hotel,19.102526,72.888135,2.0,,,False,4.0,,https://static.cupid.travel/hotels/ex_a5dc20bd_z.jpg,liteapi
lp65765000,Hotel Golden Star Near Saki Naka,hotel,19.102651,72.888422,2.0,,,False,4.0,,https://static.cupid.travel/hotels/ex_w1080h648x0y61-bcf7e2ed_z.jpg,liteapi
lpdf417,Blossom Dormitory - Hostel,hostel,19.10305,72.8891,2.0,,,False,4.0,,https://static.cupid.travel/hotels/ex_42e1b988_z.jpg,liteapi
lp65861b57,Locomo Hostel Mini - 9 mins from airport,hostel,19.103504,72.851075,1.0,,,False,4.0,,https://static.cupid.travel/hotels/ex_cbed536e_z.jpg,liteapi
lp6585c337,Hotel Nithyanand,hotel,19.103528,72.887962,2.0,,,False,4.0,,https://static.cupid.travel/hotels/ex_f9ad9ac3_z.jpg,liteapi
lp656c2ee7,Hotel Subhash,hotel,19.10475,72.84857,2.0,,,False,4.0,,https://static.cupid.travel/hotels/ex_9cfa8239_z.jpg,liteapi
lp65869950,New Regal By Glitz Hotels,hotel,19.105023,72.860774,2.0,,,False,4.0,,https://static.cupid.travel/hotels/ex_88f0192b_z.jpg,liteapi
lp65864812,Pleasant Stays Near Powai Lake Mumbai,hotel,19.105556,72.884194,2.0,,,False,4.0,,https://static.cupid.travel/hotels/ex_ce81296b_z.jpg,liteapi
lp6555ca54,Hotel Gateway Inn,hotel,19.106667,72.880856,3.0,,,False,4.0,,https://static.cupid.travel/hotels/ex_9c0003a4_z.jpg,liteapi
lp6586681f,Hotel K.D. PALACE NX,hotel,19.107781,72.878842,2.0,,,False,4.0,,https://static.cupid.travel/hotels/ex_76cdc2e5_z.jpg,liteapi
lp6585f0dc,Luxurious Stays at Times Square Le Western Mumbai,hotel,19.108048,72.880329,2.0,,,False,4.0,,https://static.cupid.travel/hotels/ex_19d205c3_z.jpg,liteapi
lp65825d21,Sinhassan Dormitory Hostel,hostel,19.109245,72.826569,,,,False,4.0,,https://static.cupid.travel/hotels/ex_7b5447b3_z.jpg,liteapi
lp656bd322,Hotel Air Stay Inn,hotel,19.110777,72.86253,2.0,,,False,4.0,,https://static.cupid.travel/hotels/ex_4ce349b3_z.jpg,liteapi
lp6557ec13,We Stay - Andheri,hotel,19.111767,72.865816,2.0,,,False,4.0,,https://static.cupid.travel/hotels/ex_7d6f41f8_z.jpg,liteapi
lp655a7bd1,The United Hotel,hotel,19.111931,72.890526,2.0,,,False,5.0,,https://static.cupid.travel/hotels/ex_92949b09_z.jpg,liteapi
lp65862dcd,Marol nandham dormitory,hotel,19.111959,72.880596,2.0,,,False,4.0,,https://static.cupid.travel/hotels/ex_8a061f13_z.jpg,liteapi
lp6585ec1a,Single Bed Stays in Mixed Dormitory Room Andheri,hotel,19.111979,72.866366,2.0,,,False,4.0,,https://static.cupid.travel/hotels/ex_9591bc49_z.jpg,liteapi
lp6585f7ab,Hotel Blue Ocean Residency,hotel,19.112215,72.91804,2.0,,,False,4.0,,https://static.cupid.travel/hotels/ex_20b8bf4c_z.jpg,liteapi
lp6585ade7,Hotel Blue Inn Residency,hotel,19.114166,72.91779,2.0,,,False,4.0,,https://static.cupid.travel/hotels/ex_164bafd7_z.jpg,liteapi
lp656c3bd3,Fabhotel Sg Garden,hotel,19.1161,72.879885,3.0,,,False,4.0,,https://static.cupid.travel/hotels/ex_f246fee8_z.jpg,liteapi
lp65861a13,Hotel Zara International,hotel,19.119524,72.885333,,,,False,4.0,,https://static.cupid.travel/hotels/ex_e16075e5_z.jpg,liteapi
lpc0c26,Golden Dormitory - Hostel,hostel,19.121224,72.845175,2.0,,,False,4.0,,https://static.cupid.travel/hotels/ex_cb9eccdc_z.jpg,liteapi
lp6585bcb7,FabExpress Surya Grand,hotel,19.122443,72.870798,3.0,,,False,,,https://static.cupid.travel/hotels/ex_bd4fedd7_z.jpg,liteapi
lp656bd484,Hotel Delight Inn Andheri West,hotel,19.122585,72.846255,2.0,,,False,4.0,,https://static.cupid.travel/hotels/ex_w1627h1080x1y0-e96bae73_z.jpg,liteapi
lp6584135e,Fathima Dormitory,hotel,19.123625,72.851175,2.0,,,False,4.0,,https://static.cupid.travel/hotels/ex_e04eec6f_z.jpg,liteapi
lp65867780,Hotel Grace Executive,hotel,19.124115,72.846524,2.0,,,False,4.0,,https://static.cupid.travel/hotels/ex_cfaa7b7d_z.jpg,liteapi
lp6559d379,Turtle Hotel,hotel,19.126798,72.83627,2.0,,,False,5.0,,https://static.cupid.travel/hotels/ex_fd64fbf0_z.jpg,liteapi
lp656c27a1,Hotel Purple Orchid,hotel,19.128274,72.842448,2.0,,,False,4.0,,https://static.cupid.travel/hotels/ex_3c033194_z.jpg,liteapi
lp656c265a,Hotel Grand Plaza,hotel,19.131692,72.847866,2.0,,,False,4.0,,https://static.cupid.travel/hotels/ex_b3329b20_z.jpg,liteapi
lp65869962,Hotel Lake Site,hotel,19.13364,72.897506,,,,False,4.0,,https://static.cupid.travel/hotels/ex_da6f6301_z.jpg,liteapi
lp65868f68,Balaji Dormitory In Andheri,hotel,19.134433,72.820667,2.0,,,False,4.0,,https://static.cupid.travel/hotels/ex_664a25d2_z.jpg,liteapi
lp65868582,Hotel Ashraya International,hotel,19.135637,72.833815,2.0,,,False,4.0,,https://static.cupid.travel/hotels/ex_87e039cd_z.jpg,liteapi
lp657c5ce8,Hotel Grand Villa,hotel,19.135981,72.820917,2.0,,,False,4.0,,https://static.cupid.travel/hotels/ex_773652ae_z.jpg,liteapi
lp65860c33,URBAN NEST,hotel,19.136642,72.823819,2.0,,,False,4.0,,https://static.cupid.travel/hotels/ex_45b04081_z.jpg,liteapi
lp6585c41f,Comfy Stays at Lokhandwala Andheri West,hotel,19.138384,72.821962,2.0,,,False,4.0,,https://static.cupid.travel/hotels/ex_w2878h1920x2y0-e219d475_z.jpg,liteapi
lp656c38c8,Hotel B Town,hotel,19.138469,72.82047,2.0,,,False,4.0,,https://static.cupid.travel/hotels/ex_c6e49bb9_z.jpg,liteapi
lp65869647,Itsy Hotels Suites Inn,hotel,19.13891,72.821645,2.0,,,False,4.0,,https://static.cupid.travel/hotels/ex_036f318a_z.jpg,liteapi
lp657ac91c,Hotel Sea Breeze,hotel,19.140192,72.820514,2.0,,,False,4.0,,https://static.cupid.travel/hotels/ex_0ac2c764_z.jpg,liteapi
lp6585e7f8,Cozy Deluxe Room Near Juhu Beach Mumbai,hotel,19.140438,72.820377,2.0,,,False,4.0,,https://static.cupid.travel/hotels/ex_7784331b_z.jpg,liteapi
lp658685ed,HOTEL LEXUS.5,hotel,19.140831,72.81986,2.0,,,False,4.0,,https://static.cupid.travel/hotels/ex_7322fb31_z.jpg,liteapi
lp656dba26,ZEST STAYS 1054,hotel,19.142503,72.832412,2.0,,,False,4.0,,https://static.cupid.travel/hotels/ex_abf303c3_z.jpg,liteapi
lp657ad5ea,Hotel Blue Sky Residency,hotel,19.149141,72.933654,2.0,,,False,4.0,,https://static.cupid.travel/hotels/ex_c71e6c30_z.jpg,liteapi
lp65861887,Pixiestays,hotel,19.149596,72.835962,2.0,,,False,4.0,,https://static.cupid.travel/hotels/ex_w1200h1599x0y0-dd11bfb7_z.jpg,liteapi
lp657e42ad,Hotel Delmond Prime,hotel,19.157689,72.835449,2.0,,,False,4.0,,https://static.cupid.travel/hotels/ex_e1f9ef45_z.jpg,liteapi
lp657b6541,Hotel MIG SUITES,hotel,19.159493,72.856343,,,,False,4.0,,https://static.cupid.travel/hotels/ex_5dfe0a69_z.jpg,liteapi
lp65860b67,Hotel  New Zara Grand,hotel,19.159858,72.842504,2.0,,,False,4.0,,https://static.cupid.travel/hotels/ex_f8a03973_z.jpg,liteapi
lp6583733f,Shahab Bungalow,hotel,19.1613,72.784583,2.0,,,False,4.0,,https://static.cupid.travel/hotels/ex_w904h1195x0y0-3daa846c_z.jpg,liteapi
lp65861718,Hotel Metro Galaxy Inn,hotel,19.163637,72.837038,2.0,,,False,4.0,,https://static.cupid.travel/hotels/ex_c99404a2_z.jpg,liteapi
lp65674862,Fabexpress The Dream Residency,hotel,19.109122,72.887507,3.0,,,False,4.0,4.0,https://static.cupid.travel/hotels/ex_w3028h2020x1y0-322e6733_z.jpg,liteapi
lp657425b5,Hotel O new shree niwas,hotel,19.02938,72.84683,,,,False,2.7,7.0,https://static.cupid.travel/hotels/622609605.jpg,liteapi
lp73dc9,Nice Guest House,hotel,19.162932,72.847748,2.0,,,False,2.8,5.0,https://static.cupid.travel/hotels/ex_6d08b2e2_z.jpg,liteapi
lp6577cf1f,Hotel O Prince Palace,hotel,19.08076,72.83919,4.0,,,False,1.8,22.0,https://static.cupid.travel/hotels/587153648.jpg,liteapi
lp657358ca,Hotel O Akasa View,hotel,19.106246,72.87839,4.0,,,False,2.6,5.0,https://static.cupid.travel/hotels/601029931.jpg,liteapi
lpe0208,Central Guest House,hotel,18.96858,72.82119,3.0,,,False,3.0,2.0,https://static.cupid.travel/hotels/ex_d9d273f9_z.jpg,liteapi
lpabd20,Hotel Sion Residency,hotel,19.04986,72.86486,3.0,,,False,3.0,2.0,https://static.cupid.travel/hotels/ex_baf1006e_z.jpg,liteapi
lpd9376,Avenue Residency,hotel,19.100836,72.89132,3.0,,,False,3.0,2.0,https://static.cupid.travel/hotels/ex_902a666f_z.jpg,liteapi
lpc4683,Garden Creek Residency,hotel,19.108833,72.876944,3.0,,,False,3.0,2.0,https://static.cupid.travel/hotels/ex_8140fbf0_z.jpg,liteapi
lp656c285c,Veera Residency,hotel,19.114413,72.861998,3.0,,,False,3.0,2.0,https://static.cupid.travel/hotels/ex_8837f178_z.jpg,liteapi
lpa4cb1,Nishita Annexe,hotel,19.128302,72.862936,3.0,,,False,3.0,2.0,https://static.cupid.travel/hotels/ex_458a2f0c_z.jpg,liteapi
lpa3f71,Hotel Saffron Inn,hotel,19.11384,72.862484,3.0,,,False,2.5,4.0,https://static.cupid.travel/hotels/ex_90149a7a_z.jpg,liteapi
lp655d4f7f,MAPLE ZOCIAL HUBZ-Hostel,hostel,19.111785,72.879314,2.0,,,False,4.0,1.0,https://static.cupid.travel/hotels/ex_52468ec8_z.jpg,liteapi
lpf62c7,City Inn,hotel,19.075968,72.877828,3.0,,,False,2.4,3.0,https://static.cupid.travel/hotels/ex_06886b37_z.jpg,liteapi
lp655b0c26,Fabexpress Jayshree,hotel,19.095385,72.851142,3.0,,,False,3.0,2.0,https://static.cupid.travel/hotels/ex_98ada960_z.jpg,liteapi
lp6559815f,Super OYO Hotel Royal Park,hotel,19.08009,72.84901,4.0,,,False,3.0,6.0,https://static.cupid.travel/hotels/hd/583901362.jpg,liteapi
lp7d5b6,Mint Domestic Airport Suites,hotel,19.108133,72.850418,3.0,,,False,2.0,5.0,https://static.cupid.travel/hotels/ex_54fcb827_z.jpg,liteapi
lp21f03d,BKC Corporate Hostel,hostel,19.060991,72.847009,1.0,,,False,3.0,,https://static.cupid.travel/hotels/ex_72727e7e_z.jpg,liteapi
lp1fb392,BKC Backpackers - Trade Centre,hotel,19.071463,72.869103,1.0,,,False,3.0,,https://static.cupid.travel/hotels/ex_e0e8a8bc_z.jpg,liteapi
lpc3237,Delta Dormitory - Hostel,hostel,19.10141,72.890215,1.0,,,False,3.0,,https://static.cupid.travel/hotels/ex_477ad5c7_z.jpg,liteapi
lp656477c6,Hotel Aqua Galaxy,hotel,19.124432,72.883073,2.0,,,False,4.0,,https://static.cupid.travel/hotels/ex_8b3f6c3f_z.jpg,liteapi
lpe5f43,Room Maangta 118 -Tata Memorial,hotel,19.013566,72.844259,2.0,,,False,2.0,4.0,https://static.cupid.travel/hotels/ex_d2cd0246_z.jpg,liteapi
lp6576f87d,Hotel BKC Anex Near Bandra Kurla Complex,hotel,19.07551,72.87279,3.0,,,False,2.0,4.0,https://static.cupid.travel/hotels/ex_2a21d4cc_z.jpg,liteapi
lp657475f0,KALPANA RESIDENCY - A Family Hotel,hotel,19.0821,72.881688,2.0,,,False,4.2,127.0,https://static.cupid.travel/hotels/447909067.jpg,liteapi
lp236939,Sharda Residency,hotel,19.01426,72.8443,1.0,,,False,2.0,3.0,https://static.cupid.travel/hotels/216410543.jpg,liteapi
lp368cb3,Townhouse 799 Royal Palms Hotel - Lily Collection,hotel,19.152355,72.889231,3.0,,,False,2.0,3.0,https://static.cupid.travel/hotels/ex_7932379e_z.jpg,liteapi
lp6581b387,Hotel Imperial Executive,hotel,19.11851,72.85061,3.0,,,False,1.6,5.0,https://static.cupid.travel/hotels/477784814.jpg,liteapi
lpcbd81,Hotel Rajdoot,hotel,18.986269,72.843169,3.0,,,False,2.0,2.0,https://static.cupid.travel/hotels/ex_e0e05350_z.jpg,liteapi
lp225bcb,Golden Palms,hotel,19.031085,72.840495,3.0,,,False,2.0,2.0,https://static.cupid.travel/hotels/ex_270-76070c8a_z.jpg,liteapi
lp657dfc77,Indie Stays Studios,hotel,19.053784,72.91418,3.0,,,False,2.0,2.0,https://static.cupid.travel/hotels/ex_d8e7195c_z.jpg,liteapi
lpa3e4c,Hotel BENTLY Terminal-2,hotel,19.10019,72.89117,3.0,,,False,,2.0,https://static.cupid.travel/hotels/535421849.jpg,liteapi
lp99322,Tuliip Residency,hotel,19.108805,72.889901,3.0,,,False,2.0,2.0,https://static.cupid.travel/hotels/ex_0298d258_z.jpg,liteapi
lp1ce5de,Treebo Trend Oyster Suite,hotel,19.125523,72.84687,3.0,,,False,2.0,2.0,https://static.cupid.travel/hotels/ex_1d4ce9d0_z.jpg,liteapi
lp226072,Hotel Riva International - Near Nesco Center,hotel,19.16401,72.835182,3.0,,,False,2.0,2.0,https://static.cupid.travel/hotels/ex_a48f4086_z.jpg,liteapi
lp8038e,Signature Crest Goregaon,hotel,19.164168,72.850986,3.0,,,False,2.0,2.0,https://static.cupid.travel/hotels/ex_728ebf72_z.jpg,liteapi
lpfa606,Mint Magna Suites,hotel,19.00787,72.83387,3.0,,,False,2.0,1.0,https://static.cupid.travel/hotels/ex_d0a62991_z.jpg,liteapi
lpbda7b,Hotel Paris Residency,hotel,19.01659,72.84314,3.0,,,False,2.0,3.0,https://static.cupid.travel/hotels/ex_a9595548_z.jpg,liteapi
lp28e5ab,Hotel Rooms Dadar,hotel,19.02031,72.84079,2.0,,,False,2.0,1.0,https://static.cupid.travel/hotels/ex_b433980c_z.jpg,liteapi
lp6555799a,Hotel Hometown near Sion,hotel,19.052133,72.866802,3.0,,,False,2.0,1.0,https://static.cupid.travel/hotels/ex_af783f31_z.jpg,liteapi
lp6585a7bd,Bandra Stays,hotel,19.055799,72.844621,2.0,,,False,2.0,1.0,https://static.cupid.travel/hotels/ex_b02838a3_z.jpg,liteapi
lp19d227,Hotel Universal Garden,hotel,19.06157,72.91293,3.0,,,False,2.0,1.0,https://static.cupid.travel/hotels/ex_w769h496x0y0-46f42f86_z.jpg,liteapi
lpa3e38,Hotel Terminus Square,hotel,19.067221,72.891749,3.0,,,False,2.0,1.0,https://static.cupid.travel/hotels/ex_945bfbcb_z.jpg,liteapi
lp65873c2a,Diamond By Glitz Hotels,hotel,19.071177,72.868465,3.0,,,False,2.0,1.0,https://static.cupid.travel/hotels/ex_6a0436f2_z.jpg,liteapi
lp276404,Hotel Royal Residency,hotel,19.079013,72.87993,3.0,,,False,2.0,1.0,https://static.cupid.travel/hotels/ex_ad28bd5a_z.jpg,liteapi
lp657a9e14,Hotel Green Park,hotel,19.080012,72.849992,3.0,,,False,2.0,2.0,https://static.cupid.travel/hotels/541857259.jpg,liteapi
lp72c5d,FabHotel Juhu Plaza,hotel,19.0915,72.8284,3.0,,,False,2.0,1.0,https://static.cupid.travel/hotels/ex_63ea4169_z.jpg,liteapi
lp43f86,Hotel Arma,hotel,19.09214,72.88258,2.0,,,False,2.0,1.0,https://static.cupid.travel/hotels/ex_745d7881_z.jpg,liteapi
lp657ce901,Fabhotel Atithi Residency I,hotel,19.096035,72.883645,3.0,,,False,2.0,1.0,https://static.cupid.travel/hotels/ex_39f9ba1c_z.jpg,liteapi
lp996f0,OYO 3769 Blue Pearl Residency,hotel,19.096277,72.894764,3.0,,,False,2.0,1.0,https://static.cupid.travel/hotels/ex_fb05946a_z.jpg,liteapi
lp43f78,OYO 8311 Hotel Galaxy Residency,hotel,19.098099,72.89291,3.0,,,False,2.0,1.0,https://static.cupid.travel/hotels/ex_c625f871_z.jpg,liteapi
lp655927ad,Seven Hills Inn,hotel,19.100077,72.88103,2.0,,,False,2.0,1.0,https://static.cupid.travel/hotels/ex_w2000h909x0y1039-b8875a75_z.jpg,liteapi
lpcdaca,Hotel Avenue,hotel,19.100519,72.891546,2.0,,,False,2.0,1.0,https://static.cupid.travel/hotels/ex_332fa67f_z.jpg,liteapi
lp655575ae,Hexa Apple,hotel,19.102824,72.889731,3.0,,,False,2.0,1.0,https://static.cupid.travel/hotels/ex_35b2c445_z.jpg,liteapi
lp65553836,Hexa Magnet,hotel,19.103539,72.889244,3.0,,,False,2.0,1.0,https://static.cupid.travel/hotels/ex_9c73a7ad_z.jpg,liteapi
lp656c2c3b,FabHotel Marol Metro,hotel,19.108284,72.879358,3.0,,,False,2.0,1.0,https://static.cupid.travel/hotels/ex_2c2cb137_z.jpg,liteapi
lp656c3423,Hotel Amber Suite,hotel,19.10995,72.871251,2.0,,,False,2.0,1.0,https://static.cupid.travel/hotels/ex_475d3b25_z.jpg,liteapi
lpa9785,Sapphire Asta Powai,hotel,19.116235,72.905665,3.0,,,False,2.0,1.0,https://static.cupid.travel/hotels/ex_221e5d4f_z.jpg,liteapi
lp656bd5df,new artus inn,hotel,19.120062,72.871708,3.0,,,False,2.0,1.0,https://static.cupid.travel/hotels/ex_6ed747b4_z.jpg,liteapi
lp4c086,Hexa Benzy Palace,hotel,19.120141,72.880183,3.0,,,False,2.0,1.0,https://static.cupid.travel/hotels/ex_c56f7527_z.jpg,liteapi
lp80ce1,Hotel Avista,hotel,19.123758,72.848022,3.0,,,False,2.0,1.0,https://static.cupid.travel/hotels/ex_e45df353_z.jpg,liteapi
lp656c3881,Bindra Elite,hotel,19.128171,72.863071,2.0,,,False,2.0,1.0,https://static.cupid.travel/hotels/ex_c5747e02_z.jpg,liteapi
lp1c621f,OYO 23259 Hotel Galaxy Inn,hotel,19.1319,72.8693,3.0,,,False,2.0,1.0,https://static.cupid.travel/hotels/ex_bbb0251e_z.jpg,liteapi
lp656c2d71,Rich Hotel,hotel,19.136438,72.823991,2.0,,,False,2.0,1.0,https://static.cupid.travel/hotels/ex_w724h541x1y0-ec8b8d0d_z.jpg,liteapi
lp657fde08,FabExpress Sarah Gold,hotel,19.139086,72.843529,3.0,,,False,2.0,1.0,https://static.cupid.travel/hotels/ex_fadd5843_z.jpg,liteapi
lp6554699d,Hotel West inn,hotel,19.13925,72.821456,4.0,,,False,2.0,1.0,https://static.cupid.travel/hotels/ex_269707e7_z.jpg,liteapi
lp656bccb3,Fabexpress Ashirwad Residency,hotel,19.141247,72.819938,3.0,,,False,2.0,1.0,https://static.cupid.travel/hotels/ex_06735cdb_z.jpg,liteapi
lp22e9ef,Treebo Trip Riva International,hotel,19.164339,72.835918,3.0,,,False,2.0,1.0,https://static.cupid.travel/hotels/ex_8d0f9c8e_z.jpg,liteapi
lp6559283d,Hotel Orbit Inn,hotel,19.179313,72.837215,2.0,,,False,2.0,1.0,https://static.cupid.travel/hotels/ex_4af144e7_z.jpg,liteapi
lp657dca49,host inn international marol,hotel,19.10823,72.87855,4.0,,,False,1.3,4.0,https://static.cupid.travel/hotels/614456412.jpg,liteapi
lp657f3ff9,Best Hotel,hotel,19.139728,72.821129,3.0,,,False,1.0,10.0,https://static.cupid.travel/hotels/600422582.jpg,liteapi
lpda23c,Gagal Home-Airport Suite,hotel,19.08179,72.85034,3.0,,,False,2.0,,https://static.cupid.travel/hotels/ex_6015c371_z.jpg,liteapi
lp657c16de,NEST STAYS HOSTEL,hostel,19.089184,72.904213,1.0,,,False,2.0,,https://static.cupid.travel/hotels/ex_3ee8b017_z.jpg,liteapi
lp655500f4,Hexa Adnoc,hotel,19.096227,72.894502,3.0,,,False,2.0,,https://static.cupid.travel/hotels/ex_0a96f9d9_z.jpg,liteapi
lp332fb7,Hotel Grandeur,hotel,19.099955,72.881431,3.0,,,False,2.0,,https://static.cupid.travel/hotels/ex_0dae7e84_z.jpg,liteapi
lp658681cf,Green Apple PG & Dormitory,hotel,19.101054,72.88984,1.0,,,False,2.0,,https://static.cupid.travel/hotels/ex_fdcdf446_z.jpg,liteapi
lp656c3135,FabHotel Ascot International,hotel,19.101526,72.884856,3.0,,,False,2.0,,https://static.cupid.travel/hotels/ex_124a303e_z.jpg,liteapi
lpa5356,FabHotel Sahar Garden - Nr Mumbai International Airport,hotel,19.1091,72.87869,3.0,,,False,,,https://static.cupid.travel/hotels/245562136.jpg,liteapi
lpa535c,Star Suites Hotel,hotel,19.126764,72.862048,2.0,,,False,2.0,,https://static.cupid.travel/hotels/ex_9ccf79f2_z.jpg,liteapi
lp65868c5b,Mango Goregaon Hostel & PG,hostel,19.158295,72.83795,1.0,,,False,2.0,,https://static.cupid.travel/hotels/ex_05523b04_z.jpg,liteapi
lp657a9054,Hotel O Woodland,hotel,19.01064,72.84138,3.0,,,False,1.0,4.0,https://static.cupid.travel/hotels/621169711.jpg,liteapi
lp6559878d,Hotel O The Om Sai Residency,hotel,19.11856,72.88532,4.0,,,False,1.5,6.0,https://static.cupid.travel/hotels/499612810.jpg,liteapi
lp6574e1c7,Lemon room,hotel,19.064546,72.829776,,,,False,1.0,2.0,https://static.cupid.travel/hotels/593224198.jpg,liteapi
lp65773b33,Hotel O Ashirwad Inn,hotel,19.17219,72.87442,4.0,,,False,1.0,2.0,https://static.cupid.travel/hotels/534951802.jpg,liteapi
lp657361e8,Westside 2 BHK Condo with Balcony at Chaple Road Bandra West by Connekt Homes,hotel,19.05085,72.82759,,,,False,1.0,1.0,https://static.cupid.travel/hotels/498569993.jpg,liteapi
lp657ce4bf,Independent Garden Cottage-Bandra-Carter road,hotel,19.067072,72.824354,3.0,,,False,1.0,3.0,https://static.cupid.travel/hotels/571195755.jpg,liteapi
lp657af415,"Hotel Welcome Inn,Mumbai",hotel,19.08745,72.89439,3.0,,,False,1.0,1.0,https://static.cupid.travel/hotels/431605606.jpg,liteapi
lp655a733c,Fabhotel Arton Suite,hotel,19.100613,72.88155,3.0,,,False,2.0,1.0,https://static.cupid.travel/hotels/ex_bd97460e_z.jpg,liteapi
lp65850f14,Jerrico,hotel,19.10567,72.83763,,,,False,1.0,1.0,https://static.cupid.travel/hotels/559355988.jpg,liteapi
lp65783e54,Super Hotel O Homestay Andheri East,hotel,19.10715,72.88483,3.0,,,False,1.0,1.0,https://static.cupid.travel/hotels/622216178.jpg,liteapi
lp65727b12,Hotel O Om Sai Palace,hotel,19.114986,72.868454,3.0,,,False,1.0,2.0,https://static.cupid.travel/hotels/622113857.jpg,liteapi
lp655a9752,Aflon Hotel,hotel,19.119856,72.871402,2.0,,,False,2.0,1.0,https://static.cupid.travel/hotels/ex_w996h667x0y0-07750b8a_z.jpg,liteapi
lp657e192a,Hotel Purple Orchid,hotel,19.12784,72.846522,3.0,,,False,1.0,1.0,https://static.cupid.travel/hotels/469961825.jpg,liteapi
lp6580f5bd,Sixth Sense Lokhandwala,hotel,19.1414,72.82499,,,,False,1.0,1.0,https://static.cupid.travel/hotels/538995438.jpg,liteapi
lp6572dd56,Home in New Land,hotel,19.14293,72.81224,,,,False,1.0,1.0,https://static.cupid.travel/hotels/543029736.jpg,liteapi
lp65727f64,Modern 2bhk in main Lokhandwala WITH WI FI,hotel,19.14469,72.824689,,,,False,1.0,1.0,https://static.cupid.travel/hotels/541716907.jpg,liteapi
lp199e49,FabHotel Silver Lake,hotel,19.083928,72.882689,3.0,,,False,7.9,461.0,https://static.cupid.travel/hotels/289854851.jpg,liteapi
lp655be6d6,Golden Star Dormitory,hotel,19.108813,72.885618,1.0,,,False,2.0,,https://static.cupid.travel/hotels/ex_369d8818_z.jpg,liteapi
lp65599764,Hotel O Golden Residency,hotel,19.128959,72.868056,4.0,,,False,1.0,3.0,https://static.cupid.travel/hotels/561592653.jpg,liteapi
lp6587e846,Hotel Alfa Suites,hotel,19.149199,72.839966,3.0,,,False,,1.0,https://static.cupid.travel/hotels/ex_2839a0e0_z.jpg,liteapi
lp6558ffb5,"Treebo Trend Freedom Star, Vile Parle",hotel,19.095714,72.846207,2.0,,,False,,,https://snaphotelapi.com/hotels/ex_40f9f6dd_z.jpg,liteapi
lp65589aab,Treebo Premium Widlor Boutique,hotel,19.114362,72.863043,2.0,,,False,,,https://static.cupid.travel/hotels/ex_6471c1af_z.jpg,liteapi
lp6587fc72,Hotel Crystal Palace,hotel,19.058907,72.87127,2.0,,,False,,1.0,https://static.cupid.travel/hotels/ex_e0ddd17e_z.jpg,liteapi
lp65876177,WIND FLOWER,hotel,19.06457,72.829892,2.0,,,False,,1.0,https://static.cupid.travel/hotels/ex_33fddf5b_z.jpg,liteapi
lp6570600a,Avenir 1BHK Bandra W The Bombay Home Company - Eco,hotel,19.066092,72.823896,,,,False,,1.0,https://static.cupid.travel/hotels/616745218.jpg,liteapi
lp6587628d,Hotel Embassy Suites,hotel,19.072382,72.875731,2.0,,,False,,1.0,https://static.cupid.travel/hotels/ex_e3efec76_z.jpg,liteapi
lp6587d38e,HOTEL KALPANA RESIDENCY,hotel,19.076443,72.878045,2.0,,,False,,1.0,https://static.cupid.travel/hotels/ex_4e6e7a32_z.jpg,liteapi
lp656e4225,The Ruby Abode ! Premium 1 bhk Santacruz (w),hotel,19.08332,72.83978,,,,False,,1.0,https://static.cupid.travel/hotels/559255645.jpg,liteapi
lp6587550d,Fabhotel Elvis International,hotel,19.113813,72.891949,3.0,,,False,,1.0,https://static.cupid.travel/hotels/ex_1661a11b_z.jpg,liteapi
lp65881c7c,Hotel Aura Nest,hotel,19.115292,72.870774,2.0,,,False,,1.0,https://static.cupid.travel/hotels/ex_233dcfad_z.jpg,liteapi
lp19d42d,Hotel O Greenforest Near Airport Road Metro Station,hotel,19.123893,72.882536,3.0,,,False,,1.0,https://static.cupid.travel/hotels/506258926.jpg,liteapi
lp657e06b2,Hotel Samrat Palace,hotel,19.148302,72.836228,3.0,,,False,,2.0,https://static.cupid.travel/hotels/477832611.jpg,liteapi
lp226cb9,OYO Townhouse 781 Royal Palms Hotel,hotel,19.152256,72.889366,3.0,,,False,,1.0,https://static.cupid.travel/hotels/ex_7a80cded_z.jpg,liteapi
lp655d321c,Nest Dormitory,hotel,19.18052,72.84687,,,,False,1.0,1.0,https://static.cupid.travel/hotels/170947412.jpg,liteapi
lp82dd2,Hotel Beach Garden,hotel,19.09784507751465,72.82682800292969,3.0,,,False,,,https://static.cupid.travel/hotels/ex_00c8726d_z.jpg,liteapi
lp1b1ebb,FabExpress Gateway Inn,hotel,19.107328,72.878822,3.0,,,False,,,https://static.cupid.travel/hotels/ex_282faa66_z.jpg,liteapi
lp65722365,Full Furnished 1 BHK in South Mumbai,hotel,18.97749,72.82628,,,,False,,,https://static.cupid.travel/hotels/597466949.jpg,liteapi
lp657439d1,Bombay bliss by the sea,hotel,18.97783,72.80862,,,,False,,,https://static.cupid.travel/hotels/588356217.jpg,liteapi
lp656ec846,"Downtown Lux Apartment 2BHK, Mahalaxmi 1501",hotel,18.97945,72.82699,,,,False,,,https://static.cupid.travel/hotels/585886335.jpg,liteapi
lp6556e7eb,Hotel Royal Inn Mahalaxmi,hotel,18.97994,72.826894,3.0,,,False,,,https://static.cupid.travel/hotels/ex_47e86c0c_z.jpg,liteapi
lp656c3075,COMFORT ACCOMMODATION HOTEL CITY VUE,hotel,18.980348,72.826814,3.0,,,False,,,https://static.cupid.travel/hotels/ex_b5a010db_z.jpg,liteapi
lp65731b73,"Downtown 2 and half BHK Appt Mahalaxmi, 1201",hotel,18.98143,72.826609,,,,False,,,https://static.cupid.travel/hotels/605399757.jpg,liteapi
lp65745962,"Downtown 1BHK Appt, Mahalaxmi, 601",hotel,18.98143,72.826609,,,,False,,,https://static.cupid.travel/hotels/606340081.jpg,liteapi
lp656dd7b9,"Downtown 1BHK Cozy, Mahalaxmi 1202",hotel,18.98143,72.82661,,,,False,,,https://static.cupid.travel/hotels/588717090.jpg,liteapi
lp656df19c,"Downtown 2 Bed Apt, Mahalakshmi 202",hotel,18.98143,72.82661,,,,False,,,https://static.cupid.travel/hotels/594230903.jpg,liteapi
lp656e2372,Downtown 2 and half BHK Appt Mahalaxmi 1201,hotel,18.98143,72.82661,,,,False,,,https://static.cupid.travel/hotels/588712259.jpg,liteapi
lp656e2f0c,"Downtown 2 bedroom, Mahalakshmi 2102",hotel,18.98143,72.82661,,,,False,,,https://static.cupid.travel/hotels/589261371.jpg,liteapi
lp656e5673,"Downtown 1BHK Appt, Mahalaxmi 601",hotel,18.98143,72.82661,,,,False,,,https://static.cupid.travel/hotels/589767829.jpg,liteapi
lp6570111e,DownTown 1bhk Apartment in Mahalaxmi 602,hotel,18.98143,72.82661,,,,False,,,https://static.cupid.travel/hotels/587450145.jpg,liteapi
lp6576095c,1BR Mumbai Theme Apartment Lower Parel,hotel,18.99682,72.83159,,,,False,,,https://static.cupid.travel/hotels/562851160.jpg,liteapi
lp6572cb20,3 BHK Service Apartment in Parel,hotel,19.00287,72.84003,,,,False,,,https://static.cupid.travel/hotels/620181272.jpg,liteapi
lp6583da07,Hotel Shantidoot,hotel,19.008487,72.841179,3.0,,,False,,,https://static.cupid.travel/hotels/ex_c4c2027c_z.jpg,liteapi
lp6570e7e9,1BR Service Apt In Parel by Flora Stay,hotel,19.00857,72.85136,,,,False,,,https://static.cupid.travel/hotels/607393587.jpg,liteapi
lp1f7330,Hotel Shantiidoot,hotel,19.009208,72.841248,3.0,,,False,,,https://static.cupid.travel/hotels/ex_292d5eee_z.jpg,liteapi
lp65559456,Hotel Sai Suites Dadar,hotel,19.013896,72.84314,2.0,,,False,,,https://static.cupid.travel/hotels/ex_w2880h2870x0y0-2ecd89d6_z.jpg,liteapi
lp657a766c,Sai Sharan Dormitory-Near Dadar Railway Station,hotel,19.01501,72.84524,,,,False,,,https://static.cupid.travel/hotels/517915502.jpg,liteapi
lp657a7254,Woodland Guest House Near Dadar Railway Station,hotel,19.01659,72.84314,,,,False,,,https://static.cupid.travel/hotels/615975517.jpg,liteapi
lp65875d3f,Jyoti Residency,hotel,19.017517,72.86814,2.0,,,False,,,https://static.cupid.travel/hotels/ex_7d468cc9_z.jpg,liteapi
lp657a515c,Hotel O Jyoti Residency Lodging,hotel,19.01791,72.86822,3.0,,,False,,,https://static.cupid.travel/hotels/575970496.jpg,liteapi
lp65764227,3BHK Service Apartment In Shivaji Park By Florastay,hotel,19.02543,72.84158,,,,False,,,https://static.cupid.travel/hotels/612485889.jpg,liteapi
lp657a7373,Sealink view Apartment next to Hinduja Hospital,hotel,19.03204,72.83803,,,,False,,,https://static.cupid.travel/hotels/524921311.jpg,liteapi
lp657027bd,1 Room Condo In Mumbai City,hotel,19.03389,72.84331,,,,False,,,https://static.cupid.travel/hotels/547142076.jpg,liteapi
lp6581723a,Hotel Triton,hotel,19.035043,72.857641,3.0,,,False,,,https://static.cupid.travel/hotels/ex_a5d4eb96_z.jpg,liteapi
lp657840e5,One BHK apartment in matunga,hotel,19.03532,72.84336,,,,False,,,https://static.cupid.travel/hotels/559096230.jpg,liteapi
lp6588f1ec,Fabhotel Chembur Residency,hotel,19.039438247680664,72.89547729492188,3.0,,,False,,,https://static.cupid.travel/hotels/ex_22b4d245_z.jpg,liteapi
lp6574520e,Sea view flat for daily stays,hotel,19.04503,72.84545,,,,False,,,https://static.cupid.travel/hotels/592348929.jpg,liteapi
lp657fa243,Hotel Regal Residency,hotel,19.04511,72.84617,3.0,,,False,,,https://static.cupid.travel/hotels/569343707.jpg,liteapi
lp6588d778,Fabhotel Abrol Suites,hotel,19.046035766601562,72.89701843261719,3.0,,,False,,,https://static.cupid.travel/hotels/ex_53d76921_z.jpg,liteapi
lp1c638e,OYO 19841 Shivar Guest House,hotel,19.046123,72.86228,3.0,,,False,,,https://static.cupid.travel/hotels/ex_c6f7e2ed_z.jpg,liteapi
lp65746696,Sea view flat for daily stays,hotel,19.04641,72.84137,,,,False,,,https://static.cupid.travel/hotels/569372956.jpg,liteapi
lp6581e9b3,Fabexpress Emirates Suits,hotel,19.048275,72.855831,3.0,,,False,,,https://static.cupid.travel/hotels/ex_fea33b96_z.jpg,liteapi
lp6584f9d3,Krazyhostel,hostel,19.04955,72.82544,,,,False,,,https://static.cupid.travel/hotels/613185958.jpg,liteapi
lp65890af2,Fabhotel Sion Residency,hotel,19.04996681213379,72.86475372314453,3.0,,,False,,,https://static.cupid.travel/hotels/ex_37389e1a_z.jpg,liteapi
lp657c1f2f,Heera Guest House,hotel,19.05015,72.90958,2.0,,,False,,,https://static.cupid.travel/hotels/576313058.jpg,liteapi
lp657baeaf,Hotel O Diamond Residency,hotel,19.05104,72.86452,4.0,,,False,,,https://static.cupid.travel/hotels/586354858.jpg,liteapi
lpaac4b,Hotel Metro Plaza,hotel,19.051235,72.918292,3.0,,,False,,,https://static.cupid.travel/hotels/ex_a9b5e5bc_z.jpg,liteapi
lp656f6bd3,Newton 103 Bright 1Bhk in Bandra near Lilavati,hotel,19.052436,72.828509,,,,False,,,https://static.cupid.travel/hotels/582571526.jpg,liteapi
lp6570edbc,ConnektHomes - Saba heritage Charming Apartment in Bandra West,hotel,19.053285,72.829972,4.0,,,False,,4.0,https://static.cupid.travel/hotels/551590146.jpg,liteapi
lp65714ddb,Cozy 1BHK with City View in Bandra West 401,hotel,19.053577,72.828803,2.0,,,False,,4.0,https://static.cupid.travel/hotels/612882248.jpg,liteapi
lp65877128,Hotel Golden Plaza,hotel,19.054485,72.839434,2.0,,,False,,,https://static.cupid.travel/hotels/ex_cc6ce09e_edited_ff76_z.jpg,liteapi
lp656ffe16,Murphy 3BHK Bandra W by The Bombay Home Company - Eco,hotel,19.0545,72.83445,,,,False,,,https://static.cupid.travel/hotels/575257677.jpg,liteapi
lp6582ca66,Hotel Swamiraj,hotel,19.055929,72.893858,3.0,,,False,9.4,,https://static.cupid.travel/hotels/ex_793fcb99_z.jpg,liteapi
lp65880680,Hotel Palace Residency,hotel,19.05606,72.869363,2.0,,,False,,,https://static.cupid.travel/hotels/ex_w966h960x0y4-49787e00_z.jpg,liteapi
lp656deb5a,Bandra - Spacious 2 BHK- Close to BKC.,hotel,19.05621,72.83521,,,,False,,,https://static.cupid.travel/hotels/531972413.jpg,liteapi
lp6588f7e7,Fabhotel Woodlands,hotel,19.0562686920166,72.83425903320312,3.0,,,False,,,https://static.cupid.travel/hotels/ex_08ba0c6c_z.jpg,liteapi
lp6588bedd,Fabhotel Kv,hotel,19.056297302246094,72.83424377441406,3.0,,,False,,,https://static.cupid.travel/hotels/ex_d0de86f6_z.jpg,liteapi
lp65880b0f,Fabhotel Janta,hotel,19.056298,72.834244,3.0,,,False,,,https://static.cupid.travel/hotels/ex_ba6da899_z.jpg,liteapi
lp9685a,Hummingbird Apartments - Saiprasad,hotel,19.056727,72.846144,3.0,,,False,,,https://static.cupid.travel/hotels/ex_db0ce074_z.jpg,liteapi
lp65576fd3,Treebo Welcome Apartments,hotel,19.05674,72.84629,3.0,,,False,,,https://static.cupid.travel/hotels/320335862.jpg,liteapi
lp65873c20,FabHotel Mumbai Corporate Apartments Bandra,hotel,19.056783,72.846006,3.0,,,False,,,https://static.cupid.travel/hotels/ex_f582916f_z.jpg,liteapi
lp65773d99,Hotel O Golden Sagar,hotel,19.05687,72.86981,3.0,,,False,,,https://static.cupid.travel/hotels/606381720.jpg,liteapi
lp1e14f0,Hexa Golden Stay,hotel,19.056921,72.869735,3.0,,,False,,,https://static.cupid.travel/hotels/ex_919dc4b3_z.jpg,liteapi
lp658519b1,Bella,hotel,19.056987,72.824945,,,,False,,,https://static.cupid.travel/hotels/491407616.jpg,liteapi
lp658519b4,Rocky,hotel,19.057013,72.824937,,,,False,,,https://static.cupid.travel/hotels/491409137.jpg,liteapi
lp6571b9be,Ranger - Bandra West,hotel,19.057028,72.824932,4.0,,,False,,,https://static.cupid.travel/hotels/532333914.jpg,liteapi
lp656c267d,Fabexpress Embassy Suites,hotel,19.057575,72.870391,3.0,,,False,,,https://static.cupid.travel/hotels/ex_8b569b15_z.jpg,liteapi
lp6572035d,Hotel Embassy Suites - Bandra Kurla Complex - BKC Mumbai,hotel,19.05758,72.87037,3.0,,,False,,,https://static.cupid.travel/hotels/456028145.jpg,liteapi
lp658388e3,Solo Backpacker,hotel,19.05767,72.83871,,,,False,,,https://static.cupid.travel/hotels/284173289.jpg,liteapi
lp1b4ff2,Arista Service Apartments - Khernagar,hotel,19.057687,72.845592,3.0,,,False,,,https://static.cupid.travel/hotels/ex_cab8a75a_z.jpg,liteapi
lp6573d7c0,FabExpress Embassy Suites - Nr BKC,hotel,19.05773,72.87041,3.0,,,False,,,https://static.cupid.travel/hotels/496544709.jpg,liteapi
lp657bb630,White House by Maxxvalue Service Apartments Bandra,hotel,19.05797,72.83635,,,,False,,,https://static.cupid.travel/hotels/495050651.jpg,liteapi
lp6588c72a,Amicable Corporate Apartment,hotel,19.058229446411133,72.85205841064453,3.0,,,False,,,https://static.cupid.travel/hotels/ex_d9ad0411_z.jpg,liteapi
lp657c9276,Hotel New Balaji Residency,hotel,19.05844,72.8864,3.0,,,False,,,https://static.cupid.travel/hotels/583704644.jpg,liteapi
lp657ea35b,Green Stay,hotel,19.058738,72.847686,2.0,,,False,4.0,,https://static.cupid.travel/hotels/ex_83d36fa9_z.jpg,liteapi
lp65875a67,HOTEL ROYAL PALACE,hotel,19.058996,72.871558,2.0,,,False,,,https://static.cupid.travel/hotels/ex_6eb323e2_z.jpg,liteapi
lp6572f1d7,"White Rose, at Carter Road by Connekt Homes",hotel,19.059866,72.828732,4.0,,,False,,,https://static.cupid.travel/hotels/476438437.jpg,liteapi
lp65891084,Fabhotel Sahara Inn,hotel,19.06026840209961,72.89949798583984,3.0,,,False,,,https://static.cupid.travel/hotels/ex_8d371f85_z.jpg,liteapi
lp65574a93,Hotel Shanti Palace,hotel,19.060692,72.899322,3.0,,,False,,,https://static.cupid.travel/hotels/ex_73361b1a_z.jpg,liteapi
lp65565694,Silverkey Executive Stays 48199 Palkhi Chembur,hotel,19.061178,72.89754,3.0,,,False,,,https://static.cupid.travel/hotels/ex_e6e5c066_z.jpg,liteapi
lp6588d765,Rajhans Hotel,hotel,19.061996,72.900074,3.0,,,False,,,https://static.cupid.travel/hotels/ex_f42b9b95_z.jpg,liteapi
lp65733912,"The Pali Nook, Cozy Bandra Escape",hotel,19.062505,72.824892,,,,False,,,https://static.cupid.travel/hotels/618945873.jpg,liteapi
lp65839068,Budget friendly,hotel,19.06282,72.82593,,,,False,,,https://static.cupid.travel/hotels/592345626.jpg,liteapi
lp657369e0,Budget friendly 2bhk flat at Pali Hill bandra,hotel,19.062821,72.825927,,,,False,,,https://static.cupid.travel/hotels/592338808.jpg,liteapi
lp6577a925,Cozy Cottage Studio Pali Hill Bandra West,hotel,19.06293,72.82515,,,,False,,,https://static.cupid.travel/hotels/586605328.jpg,liteapi
lp657264bf,Quirky,hotel,19.062965,72.835653,4.0,,,False,,,https://static.cupid.travel/hotels/603144247.jpg,liteapi
lp657226dd,Ecstacy - Walk Away from Carter Road,hotel,19.06299,72.82464,,,,False,,,https://static.cupid.travel/hotels/601575450.jpg,liteapi
lp9e525,Room Maangta 133 - Kurla West,hotel,19.063059,72.873517,3.0,,,False,,,https://static.cupid.travel/hotels/ex_ef37dca2_z.jpg,liteapi
lp658589fa,Rosy,hotel,19.06306,72.82978,,,,False,,,https://static.cupid.travel/hotels/535536613.jpg,liteapi
lp65718a7b,SKY - Studio apartment at Pali,hotel,19.06397,72.82965,,,,False,,,https://static.cupid.travel/hotels/535547349.jpg,liteapi
lp65882c0e,Hotel Bellamont,hotel,19.064378,72.881674,3.0,,,False,,,https://static.cupid.travel/hotels/ex_bf426e21_z.jpg,liteapi
lp65719a21,Eternal Sunshine - The Sea View En-suite,hotel,19.064509,72.82506,,,,False,,1.0,https://static.cupid.travel/hotels/493565300.jpg,liteapi
lp65760384,Flat in Bandra West,hotel,19.06479,72.83471,,,,False,,,https://static.cupid.travel/hotels/613025486.jpg,liteapi
lp6587d75c,Hotel Relax Kurla,hotel,19.064934,72.881287,2.0,,,False,,,https://static.cupid.travel/hotels/ex_0610a5b5_z.jpg,liteapi
lp6570d9e3,Cozy N Spacious 1bhk in Khar West,hotel,19.06542,72.83327,,,,False,,,https://static.cupid.travel/hotels/573592863.jpg,liteapi
lp65739f9b,Luxurious 3 bedroom hall in Bandra west,hotel,19.065463,72.832637,,,,False,,,https://static.cupid.travel/hotels/529701631.jpg,liteapi
lp657dc629,CITY HOMES BONANZA APARTMENT,hotel,19.06561,72.82427,,,,False,,,https://static.cupid.travel/hotels/469665660.jpg,liteapi
lp6571ddc5,Room by the sea,hotel,19.06562,72.82349,,,,False,,,https://static.cupid.travel/hotels/592971203.jpg,liteapi
lp65705ab6,Seabird -1 Bhk Ground floor-Carter rd- Bandra west,hotel,19.065815,72.824142,3.0,,,False,,,https://static.cupid.travel/hotels/600894743.jpg,liteapi
lp656f6996,"Cozy & Comfortable 2 Bhk Apt ,Carter Rd Bandra",hotel,19.06582,72.82414,,,,False,,,https://static.cupid.travel/hotels/585451054.jpg,liteapi
lp656e259b,Solace - 1 BHK - Walk away from Carter road,hotel,19.06593,72.82421,,,,False,,,https://static.cupid.travel/hotels/532200649.jpg,liteapi
lp65711d38,Luxury 2BHK in Khar West,hotel,19.06637,72.83871,,,,False,,,https://static.cupid.travel/hotels/586014757.jpg,liteapi
lp6570a7b3,The Cozy Nest!,hotel,19.06672,72.85183,,,,False,,,https://static.cupid.travel/hotels/558135411.jpg,liteapi
lp657279bf,Premium 2 BHK Apartment Carter rd Bandra W,hotel,19.0668,72.82454,,,,False,,,https://static.cupid.travel/hotels/583998436.jpg,liteapi
lp65703692,Serene - The Peaceful Retreat - Luxe,hotel,19.06719,72.82608,,,,False,,,https://static.cupid.travel/hotels/601593417.jpg,liteapi
lp656ebcd3,"Kakad Classic 5, 16th Rd, Pali Village, Khar West by Connekt Homes",hotel,19.067219,72.830666,4.0,,,False,,,https://static.cupid.travel/hotels/510005386.jpg,liteapi
lp6572f217,1BHK CASA BELLA Off Linking rd Ground floor,hotel,19.068176,72.832458,4.0,,,False,,1.0,https://static.cupid.travel/hotels/600700213.jpg,liteapi
lp65718f47,Premium 1bhk in khar West,hotel,19.06818,72.8391,,,,False,,,https://static.cupid.travel/hotels/558223550.jpg,liteapi
lp6575de8f,"Casa Bella, Near Hinduja Hospital by Connekt Homes",hotel,19.06825,72.83245,,,,False,,,https://static.cupid.travel/hotels/516062827.jpg,liteapi
lp656f5087,"Benston 203, Off Carter Road, Bandra West by Connekt Homes",hotel,19.068285,72.823873,4.0,,,False,,,https://static.cupid.travel/hotels/476619122.jpg,liteapi
lp6575827e,2BHK Service apartment in BKC by Florastays,hotel,19.06867,72.87628,,,,False,,,https://static.cupid.travel/hotels/586452248.jpg,liteapi
lp65757cd3,1bhk service apartment in bkc by florastays,hotel,19.06884,72.87624,,,,False,,,https://static.cupid.travel/hotels/584073741.jpg,liteapi
lp656fdfd4,"Arora Bhavan 1BHK-1B, Khar West by Connekt Homes",hotel,19.06885,72.83661,,,,False,,,https://static.cupid.travel/hotels/478168000.jpg,liteapi
lp88021,Treebo Trend New Castle,hotel,19.069211,72.833584,3.0,,,False,,,https://static.cupid.travel/hotels/hd/ex_748e0594_z.jpg,liteapi
lp6583835b,Priority Studio,hotel,19.06976,72.82963,,,,False,,,https://static.cupid.travel/hotels/529931348.jpg,liteapi
lp6578b9e1,AGRAWAL BHAVAN BUDGET Stay only for indians,hotel,19.069807,72.901142,,,,False,,,https://static.cupid.travel/hotels/476563919.jpg,liteapi
lp656c2dfb,FabHotel Galaxy Suite Chembur,hotel,19.069820404052734,72.90115356445312,3.0,,,False,,,https://static.cupid.travel/hotels/ex_bdbef047_z.jpg,liteapi
lp658445b9,Presidential suite,hotel,19.06983,72.82968,,,,False,,,https://static.cupid.travel/hotels/531479427.jpg,liteapi
lp6578f741,Agrawal bhavan 6bhk apartment,hotel,19.06987,72.90103,,,,False,,,https://static.cupid.travel/hotels/600436655.jpg,liteapi
lp65880917,Hotel Evergreen,hotel,19.070712,72.839649,2.0,,,False,,,https://static.cupid.travel/hotels/ex_5fcc61e3_z.jpg,liteapi
lp6584926e,Concrete Rainforest,hotel,19.07101,72.82849,,,,False,,,https://static.cupid.travel/hotels/508343897.jpg,liteapi
lp6585bfa7,Treebo BKC Minerva,hotel,19.07137,72.868487,2.0,,,False,5.0,,https://static.cupid.travel/hotels/ex_7d7c8645_z.jpg,liteapi
lp656e6510,FabHotel 7 Square - Nr BKC,hotel,19.07138,72.86842,3.0,,,False,,,https://static.cupid.travel/hotels/587729870.jpg,liteapi
lp658230fc,Hotel Diamond,hotel,19.07138,72.86842,,,,False,,,https://static.cupid.travel/hotels/582322273.jpg,liteapi
lp65881252,Hotel BKC Majestic,hotel,19.071584,72.869143,2.0,,,False,,,https://static.cupid.travel/hotels/ex_056d4e16_z.jpg,liteapi
lp65828701,Sagar darshan,hotel,19.07168,72.8231,,,,False,,,https://static.cupid.travel/hotels/569597673.jpg,liteapi
lp657bea47,Treebo Palm Olive,hotel,19.07179,72.86837,3.0,,,False,,,https://static.cupid.travel/hotels/605698077.jpg,liteapi
lp65796d41,Hotel Vertigo Suite Kurla West,hotel,19.07198,72.87574,2.0,,,False,,,https://static.cupid.travel/hotels/610129878.jpg,liteapi
lp6574d826,Modern Spacious 1Bedroom Apt in Bandra Carter rd,hotel,19.07209,72.82348,,,,False,,,https://static.cupid.travel/hotels/586888927.jpg,liteapi
lp656fb509,"Jastcon, 19th Rd, Khar, Ambedkar Colony by Connekt Homes",hotel,19.07228,72.82881,,,,False,,,https://static.cupid.travel/hotels/480985664.jpg,liteapi
lpdd814,OYO 11511 Hotel Embassy Grand,hotel,19.072577,72.875668,3.0,,,False,,,https://static.cupid.travel/hotels/ex_6debb001_z.jpg,liteapi
lp6580f1a7,Artist Alley Apartments,hotel,19.07268,72.86607,,,,False,,,https://static.cupid.travel/hotels/440090127.jpg,liteapi
lp6575f491,"Matruchaya, off Carter Road by Connekt Homes",hotel,19.072853,72.828924,,,,False,,,https://static.cupid.travel/hotels/476533108.jpg,liteapi
lp6575b1f2,Terrace room part of a bungalow,hotel,19.07286,72.82799,,,,False,,,https://static.cupid.travel/hotels/532812477.jpg,liteapi
lp657fb7a4,Ground floor bungalow,hotel,19.07298,72.82781,,,,False,,,https://static.cupid.travel/hotels/538159346.jpg,liteapi
lp656e7f4e,"Pali Carters Building 801, 20th Road, Khar West by Connekt Homes",hotel,19.07303,72.82785,,,,False,,,https://static.cupid.travel/hotels/479891896.jpg,liteapi
lp6574b0f6,Citadel 1 BHK apartment Bandra,hotel,19.07306,72.82629,,,,False,,,https://static.cupid.travel/hotels/594754586.jpg,liteapi
lp65783144,Emly Villa Comfortable Cozy 1bhk Apartment,hotel,19.073201,72.825861,,,,False,,,https://static.cupid.travel/hotels/600921489.jpg,liteapi
lp65765161,Super Hotel O BKC Santacruz East,hotel,19.07323,72.86963,4.0,,,False,,,https://static.cupid.travel/hotels/552999961.jpg,liteapi
lp65753d5e,Room with a private Deck,hotel,19.07333,72.82796,,,,False,,,https://static.cupid.travel/hotels/567928094.jpg,liteapi
lp65767f50,White Den part of bungalow,hotel,19.07333,72.82796,,,,False,,,https://static.cupid.travel/hotels/541330722.jpg,liteapi
lp65787ff4,Artistic Studio near the Sea,hotel,19.07355,72.82645,,,,False,,,https://static.cupid.travel/hotels/586828202.jpg,liteapi
lp656f3719,Cozy N Spacious 1bhk Off carter rd Bandra (W),hotel,19.0736,72.8234,,,,False,,,https://static.cupid.travel/hotels/558211643.jpg,liteapi
lp657490a1,Spacious 2 BHK apartment with Balcony In Bandra,hotel,19.073675,72.826363,,,,False,,1.0,https://static.cupid.travel/hotels/575780337.jpg,liteapi
lp656fa951,48B 1BHK Khar W by The Bombay Home Company,hotel,19.073993,72.825318,,,,False,,,https://static.cupid.travel/hotels/616303011.jpg,liteapi
lp658346a6,Hotel Lancaster,hotel,19.07459,72.88026,3.0,,,False,,,https://static.cupid.travel/hotels/605349313.jpg,liteapi
lp6575b604,FabHotel Shubhangan - Nr Bandra,hotel,19.075,72.8267,3.0,,,False,,,https://static.cupid.travel/hotels/573787197.jpg,liteapi
lp658770a1,Fabhotel Bkc Annex,hotel,19.07521,72.87251,3.0,,,False,,,https://static.cupid.travel/hotels/ex_a0fa6e7d_z.jpg,liteapi
lp6588adf6,Tanaji Residency,hotel,19.07530975341797,72.86255645751953,2.0,,,False,,,https://static.cupid.travel/hotels/ex_fc4c4ec8_z.jpg,liteapi
lp657f51e1,Crystalinn Dormitory And Rooms,hotel,19.07536,72.87976,,,,False,,,https://static.cupid.travel/hotels/468794491.jpg,liteapi
lp6588f40a,HOTEL BKC NX Rooms,hotel,19.075458526611328,72.87267303466797,3.0,,,False,,,https://static.cupid.travel/hotels/ex_c12acb62_z.jpg,liteapi
lp65724506,2 bedroom with a sitout hammock,hotel,19.07558,72.82772,,,,False,,,https://static.cupid.travel/hotels/567897228.jpg,liteapi
lp657acd9c,Hotel Bkc Palace,hotel,19.07562,72.87304,2.0,,,False,,,https://static.cupid.travel/hotels/368566272.jpg,liteapi
lpa97bb,BKC Residency,hotel,19.07578,72.86077,3.0,,,False,,,https://static.cupid.travel/hotels/ex_ae9e3a47_z.jpg,liteapi
lp65816efd,Sahyadri Resort Naneghat,hotel,19.07598,72.87766,4.0,,,False,,,https://static.cupid.travel/hotels/588597187.jpg,liteapi
lp6574b70d,Sam's places,hotel,19.07651,72.82354,,,,False,,,https://static.cupid.travel/hotels/583768499.jpg,liteapi
lp240a03,Capital O 33476 Lavender Bough,hotel,19.076528,72.908175,3.0,,,False,,,https://static.cupid.travel/hotels/ex_35535fb7_z.jpg,liteapi
lp657469c6,Budget home stay in kalina near bkc,hotel,19.077032,72.866056,,,,False,,,https://static.cupid.travel/hotels/604543529.jpg,liteapi
lp65730eea,Budget homestay in kalina 2,hotel,19.07706,72.86593,,,,False,,,https://static.cupid.travel/hotels/607985054.jpg,liteapi
lp657cb1b9,Budget Homestay in Kalina-Santacruz,hotel,19.07706,72.86593,,,,False,,,https://static.cupid.travel/hotels/584080152.jpg,liteapi
lp6587708f,Fabhotel Kamran Residency,hotel,19.077489,72.878871,3.0,,,False,,,https://static.cupid.travel/hotels/ex_225750b5_z.jpg,liteapi
lp656f3228,"Modern, Elegant, Serene 2bhk Apt nr BKC & Airport",hotel,19.07778,72.86103,,,,False,,,https://static.cupid.travel/hotels/590636481.jpg,liteapi
lp657aaaa8,Collection O Kurla LBS Road Formerly Mumbai Residency,hotel,19.078469,72.879602,4.0,,,False,,,https://static.cupid.travel/hotels/596193354.jpg,liteapi
lpc8744,OYO 7062 Amana Suites,hotel,19.078515,72.879488,3.0,,,False,,,https://static.cupid.travel/hotels/ex_4c93184b_z.jpg,liteapi
lp6554bf81,OYO 41676 Hotel Global Heritage,hotel,19.078608,72.88011,3.0,,,False,,,https://static.cupid.travel/hotels/ex_73420cb3_z.jpg,liteapi
lp657bf2ad,Kufa PG Dormitory,hotel,19.07866,72.88024,,,,False,,,https://static.cupid.travel/hotels/521042103.jpg,liteapi
lp6581659c,Hillside Villa Ratnagiri,hotel,19.07873,72.88545,,,,False,,,https://static.cupid.travel/hotels/590037741.jpg,liteapi
lp6587da21,Hotel Royal Bkc,hotel,19.078882,72.879851,2.0,,,False,,,https://static.cupid.travel/hotels/ex_w3000h1993x0y7-625dfb82_z.jpg,liteapi
lp656c3993,Fabexpress Rayyan Suites,hotel,19.078889,72.848183,3.0,,,False,,,https://static.cupid.travel/hotels/ex_b81ec9f2_z.jpg,liteapi
lp65789df6,FabHotel Airport Palace - Nr Mumbai International Airport,hotel,19.07954,72.85008,3.0,,,False,,,https://static.cupid.travel/hotels/562838220.jpg,liteapi
lp655469e3,TULIIPSTAYS - Kurla Premier Exotica,hotel,19.07974,72.888857,3.0,,,False,,,https://static.cupid.travel/hotels/ex_76db0f64_z.jpg,liteapi
lp656c345f,FabExpress Royal Park I,hotel,19.080097,72.848932,3.0,,,False,,,https://static.cupid.travel/hotels/ex_ec9209ad_z.jpg,liteapi
lp6583f745,Mumbai Residency,hotel,19.080255,72.843552,,,,False,,,https://static.cupid.travel/hotels/618907542.jpg,liteapi
lp6587585e,Hotel Air View,hotel,19.080271,72.845525,2.0,,,False,,,https://static.cupid.travel/hotels/ex_52cdaea0_z.jpg,liteapi
lp65878d5d,Rahul Hospitality,hotel,19.080633,72.84207,2.0,,,False,,,https://static.cupid.travel/hotels/ex_c4da7cc5_z.jpg,liteapi
lp65879c2f,Fabhotel Cruz Royale,hotel,19.082578,72.837699,3.0,,,False,,,https://static.cupid.travel/hotels/ex_w1999h1331x0y2-85f9318d_z.jpg,liteapi
lp688ef,Treebo Cruz Royale Santacruz West,hotel,19.08283,72.8378,3.0,,,False,,,https://static.cupid.travel/hotels/286048701.jpg,liteapi
lp6570685a,The Blue Abode 1 Bhk Santacruz W,hotel,19.0832,72.83985,,,,False,,,https://static.cupid.travel/hotels/585455618.jpg,liteapi
lp65731865,Tavakkal Hotel - Near Mumbai Airport & US Visa Consulate Bandra Kurla Mumbai,hotel,19.08567,72.88074,2.0,,,False,,,https://static.cupid.travel/hotels/562497138.jpg,liteapi
lp6578504d,Hotel O Tawakkal Guest House,hotel,19.08568,72.88076,3.0,,,False,,,https://static.cupid.travel/hotels/598816450.jpg,liteapi
lp65881dfd,Hotel ICY COOL,hotel,19.085942,72.894221,2.0,,,False,,,https://static.cupid.travel/hotels/ex_beb91f5f_z.jpg,liteapi
lp656c393c,Fabhotel Shree Balaji Orchid,hotel,19.086305,72.912419,3.0,,,False,,,https://static.cupid.travel/hotels/ex_70500a87_z.jpg,liteapi
lp656bc36c,Fabhotel Royal Palace I,hotel,19.08797,72.896248,3.0,,,False,,,https://static.cupid.travel/hotels/ex_f3369895_z.jpg,liteapi
lp656e5eac,"3BHK Apartment Santacruz, Mumbai, 804",hotel,19.088,72.83509,,,,False,,,https://static.cupid.travel/hotels/590001955.jpg,liteapi
lp656f1e6c,"3BHK Apartment Santacruz Mumbai, 104",hotel,19.088001,72.83509,,,,False,,,https://static.cupid.travel/hotels/590004672.jpg,liteapi
lp656fe626,3BHK Apartment Santacruz Mumbai 802,hotel,19.08904,72.83413,,,,False,,,https://static.cupid.travel/hotels/496528455.jpg,liteapi
lp657acfc4,Entire apartment in Mumbai India,hotel,19.08951,72.841,,,,False,,,https://static.cupid.travel/hotels/600613326.jpg,liteapi
lp65879e6d,Hotel Atlantic,hotel,19.08961,72.827662,3.0,,,False,,,https://static.cupid.travel/hotels/ex_67dd3f9f_z.jpg,liteapi
lp657e6df2,OSI Apartments Santacruz West,hotel,19.08978,72.84115,,,,False,,,https://static.cupid.travel/hotels/563238987.jpg,liteapi
lp658561b4,Jericho,hotel,19.09099,72.83439,,,,False,,,https://static.cupid.travel/hotels/595457106.jpg,liteapi
lp22f4a5,Hexa Executive,hotel,19.092126,72.883105,3.0,,,False,,,https://static.cupid.travel/hotels/ex_4ea57176_z.jpg,liteapi
lp657de143,Ayat Dormitory Asalpha Metro,hotel,19.0938,72.89418,,,,False,,,https://static.cupid.travel/hotels/548960711.jpg,liteapi
lp657f5aff,Ashoka Inn Dormitory,hotel,19.09486,72.89754,,,,False,,,https://static.cupid.travel/hotels/578441935.jpg,liteapi
lp65890b8c,Via Palace,hotel,19.095155715942383,72.88350677490234,3.0,,,False,,,https://static.cupid.travel/hotels/ex_2632abc2_z.jpg,liteapi
lp656bc7e3,Hotel Golden Sands Inn,hotel,19.096545,72.894622,2.0,,,False,,,https://static.cupid.travel/hotels/ex_05552ac7_z.jpg,liteapi
lp92774,Hotel Adnoc Inn,hotel,19.09657,72.89458,2.0,,,False,,,https://static.cupid.travel/hotels/ex_03ec3d51_z.jpg,liteapi
lp65877f5f,Hotel Rishi Palace,hotel,19.096695,72.89371,2.0,,,False,,,https://static.cupid.travel/hotels/ex_1bfa61a0_z.jpg,liteapi
lpe0bb0,OYO 4083 Hotel Alfa Grand,hotel,19.096814,72.893142,3.0,,,False,,,https://static.cupid.travel/hotels/ex_237be26a_z.jpg,liteapi
lp657b6719,Hotel O Alfa Grand Near Chhatrapati Shivaji International Airport,hotel,19.09683,72.89335,3.0,,,False,,,https://static.cupid.travel/hotels/585736180.jpg,liteapi
lp7dafa,Hotel Ajwa,hotel,19.096845626831055,72.89327239990234,2.0,,,False,,,https://static.cupid.travel/hotels/ex_01e81c42_z.jpg,liteapi
lpaf569,OYO 8298 Zee Residency,hotel,19.097069,72.893991,3.0,,,False,,,https://static.cupid.travel/hotels/ex_edb4fa3a_z.jpg,liteapi
lp656c3811,Fabexpress Satellite,hotel,19.097124,72.8463,3.0,,,False,,,https://static.cupid.travel/hotels/ex_d0d032c7_z.jpg,liteapi
lp657d94d0,Hotel Mumbai Grand,hotel,19.09727,72.89337,3.0,,,False,,,https://static.cupid.travel/hotels/593141026.jpg,liteapi
lp65773669,HOTEL O NK RESIDENCY,hotel,19.09743,72.89362,3.0,,,False,,,https://static.cupid.travel/hotels/584560280.jpg,liteapi
lp65879069,FabExpress Ascent Star Inn,hotel,19.097808,72.88808,3.0,,,False,,,https://static.cupid.travel/hotels/ex_85837384_z.jpg,liteapi
lp6588e88f,Fabhotel Freedom Star,hotel,19.097827911376953,72.84603881835938,3.0,,,False,,,https://static.cupid.travel/hotels/ex_w2000h1325x0y4-f2e76729_z.jpg,liteapi
lp6587e8cd,Fabhotel Mumbai Inn,hotel,19.09791,72.88848,3.0,,,False,,,https://static.cupid.travel/hotels/ex_680f26ca_z.jpg,liteapi
lp65877fc8,Ascent Star Inn,hotel,19.097948,72.888088,3.0,,,False,,,https://static.cupid.travel/hotels/ex_25c63f93_z.jpg,liteapi
lp6577051f,Stay Luxe-BnB near Mumbai Airport,hotel,19.09809,72.84636,,,,False,,,https://static.cupid.travel/hotels/600076878.jpg,liteapi
lp1dee06,Hotel O by OYO Ak Palace Near Chhatrapati Shivaji International Airport,hotel,19.098454,72.892477,3.0,,,False,,,https://static.cupid.travel/hotels/360426006.jpg,liteapi
lp6572b6e6,Hotel O NK Grand,hotel,19.098461,72.89249,3.0,,,False,,4.0,https://static.cupid.travel/hotels/612602107.jpg,liteapi
lp24233a,Tiba Hotel,hotel,19.098675,72.887869,3.0,,,False,,,https://static.cupid.travel/hotels/ex_ae2df9c2_z.jpg,liteapi
lp65552a32,Hotel Meriton,hotel,19.098703,72.892202,3.0,,,False,,,https://static.cupid.travel/hotels/ex_c086f44c_z.jpg,liteapi
lp656c3bdf,Fabhotel Ossoor Coffee,hotel,19.098706,72.883404,3.0,,,False,,,https://static.cupid.travel/hotels/ex_74904c46_z.jpg,liteapi
lp6581f2e8,New Prakash International,hotel,19.09912,72.87991,,,,False,,,https://static.cupid.travel/hotels/548337528.jpg,liteapi
lp84051,Room Maangta 132 - Vile Parle West,hotel,19.099209,72.8435,3.0,,,False,,,https://static.cupid.travel/hotels/ex_49a26400_z.jpg,liteapi
lp658813e6,GLITZ PRIME MUMBAI INN,hotel,19.099745,72.887797,2.0,,,False,,,https://static.cupid.travel/hotels/ex_41165e60_z.jpg,liteapi
lp65787012,Hotel Rose Inn,hotel,19.09988,72.88844,2.0,,,False,,,https://static.cupid.travel/hotels/553456682.jpg,liteapi
lp657ec13a,Hotel Bently Shelter,hotel,19.10015,72.89145,3.0,,,False,,,https://static.cupid.travel/hotels/600489476.jpg,liteapi
lp65743e93,Hotel BENTLY Terminal-2,hotel,19.10019,72.89117,3.0,,,False,,2.0,https://static.cupid.travel/hotels/535421849.jpg,liteapi
lp1c13af,FabExpress Bently,hotel,19.1004,72.8911,3.0,,,False,,,https://static.cupid.travel/hotels/ex_c80901eb_z.jpg,liteapi
lp6575cc35,Hotel Avenue Near T-2 International Airport Mumbai,hotel,19.10059,72.89181,3.0,,,False,,,https://static.cupid.travel/hotels/531914487.jpg,liteapi
lp65571e36,Treebo Trip Magnet,hotel,19.100601,72.891537,3.0,,,False,,,https://static.cupid.travel/hotels/ex_ecf133bb_z.jpg,liteapi
lp65879dc9,Hotel T2 Grand,hotel,19.100804,72.883654,3.0,,,False,,,https://static.cupid.travel/hotels/ex_b1485230_z.jpg,liteapi
lp657944c5,FabExpress Bhau Residency - Nr Mumbai International Airport,hotel,19.10091,72.889,3.0,,,False,,,https://static.cupid.travel/hotels/475579667.jpg,liteapi
lp657a1ce6,HOTEL SKYWAY INN MUMBAI,hotel,19.10108,72.89128,3.0,,,False,,,https://static.cupid.travel/hotels/504608761.jpg,liteapi
lp6587f383,Hotel Cargo inn,hotel,19.101179,72.864945,2.0,,,False,,,https://static.cupid.travel/hotels/ex_c104bc67_z.jpg,liteapi
lp6580f73c,Qadari Dormitory Hostel,hostel,19.10125,72.88822,,,,False,,,https://static.cupid.travel/hotels/621786347.jpg,liteapi
lp65835b3a,Kailasha Hostel,hostel,19.10128,72.89168,,,,False,,,https://static.cupid.travel/hotels/600960023.jpg,liteapi
lp6588c9e2,HOTEL M R STAY,hotel,19.101293563842773,72.86494445800781,3.0,,,False,,,https://static.cupid.travel/hotels/ex_7b445e0a_z.jpg,liteapi
lp657d6620,Krishna's Bungalow,hotel,19.10139,72.89476,,,,False,,,https://static.cupid.travel/hotels/575186497.jpg,liteapi
lp6582e8a3,Aman Dormitory,hotel,19.10141,72.88814,,,,False,,,https://static.cupid.travel/hotels/577011535.jpg,liteapi
lp656c3b61,Hotel Havana,hotel,19.10152,72.89019,1.0,,,False,,,https://static.cupid.travel/hotels/495740699.jpg,liteapi
lp65817d05,Paying Guest,hotel,19.10153,72.88918,,,,False,,,https://static.cupid.travel/hotels/618053401.jpg,liteapi
lp65873857,Hotel Shera Residency,hotel,19.101531,72.889686,2.0,,,False,,,https://static.cupid.travel/hotels/ex_071f8d86_z.jpg,liteapi
lp657de890,Hotel Amber Choice Mumbai International Airport,hotel,19.10154,72.88486,3.0,,,False,,,https://static.cupid.travel/hotels/581150726.jpg,liteapi
lp65882b4a,HOTEL DOUBLE CROWN Mumbai AIRPORT T2,hotel,19.101698,72.884586,2.0,,,False,,,https://static.cupid.travel/hotels/ex_5fb98e59_z.jpg,liteapi
lp65890349,"Roswyn, A Morgans Originals Hotel (Opening January 2026)",hotel,19.102140426635742,72.87740325927734,5.0,,,False,,,https://static.cupid.travel/hotels/ex_2228a165_z.jpg,liteapi
lp656bcdcc,FabHotel Golden Star,hotel,19.102677,72.888407,3.0,,,False,,,https://static.cupid.travel/hotels/ex_92296719_z.jpg,liteapi
lp656c24b9,Hotel Golden Star,hotel,19.102809,72.888165,2.0,,,False,,,https://static.cupid.travel/hotels/ex_w4000h1791x0y854-a7effce2_z.jpg,liteapi
lp657df781,Metro inn dormitory,hotel,19.10281,72.8882,,,,False,,,https://static.cupid.travel/hotels/500223709.jpg,liteapi
lp657c151d,Hotel Peace Point,hotel,19.10308,72.8687,,,,False,,,https://static.cupid.travel/hotels/592311721.jpg,liteapi
lp6587c31c,hotel beach crown juhu,hotel,19.103285,72.827074,3.0,,,False,,,https://static.cupid.travel/hotels/ex_78335e45_z.jpg,liteapi
lp657a8cdc,Hotel Nityanannd- Sakinaka Metro Station,hotel,19.10333,72.88876,,,,False,,,https://static.cupid.travel/hotels/622263057.jpg,liteapi
lp6583426b,Hotel Nithyanad,hotel,19.10346,72.8937,,,,False,,,https://static.cupid.travel/hotels/616717999.jpg,liteapi
lp6577824b,Super Hotel O Kailash Park Near Sakinaka Metro Station,hotel,19.10358,72.88911,4.0,,,False,,,https://static.cupid.travel/hotels/605161561.jpg,liteapi
lp6588de57,Hotel Kailash Park,hotel,19.10359764099121,72.8891830444336,2.0,,,False,,,https://static.cupid.travel/hotels/ex_49608cbe_z.jpg,liteapi
lp65776742,Royal Orchid'S AC Dormitory,hotel,19.10372,72.88833,,,,False,,,https://static.cupid.travel/hotels/505956588.jpg,liteapi
lp657a195c,Tanvi Guest House Marol,hotel,19.10421,72.87973,,,,False,,,https://static.cupid.travel/hotels/591209866.jpg,liteapi
lp657e9dc6,Nuvia Boutique Hotel,hotel,19.10432,72.8593,3.0,,,False,,,https://static.cupid.travel/hotels/612479785.jpg,liteapi
lp65879071,FabHotel Shahi Palace,hotel,19.104329,72.886773,3.0,,,False,,,https://static.cupid.travel/hotels/ex_af1a4139_z.jpg,liteapi
lp65878b6d,"The Hosteller Mumbai, International Airport",hostel,19.10438,72.85934,1.0,,,False,,,https://static.cupid.travel/hotels/ex_bc916505_z.jpg,liteapi
lp6588e1a7,Fabhotel Sunrise Residency Sakinaka,hotel,19.10569190979004,72.88436126708984,3.0,,,False,,,https://static.cupid.travel/hotels/ex_00c85085_z.jpg,liteapi
lp65878ffe,Hotel Tanvi Marol,hotel,19.106023,72.879955,2.0,,,False,,,https://static.cupid.travel/hotels/ex_83ea6349_z.jpg,liteapi
lp65890056,THE BOHOO 99,hotel,19.106372833251953,72.86335754394531,2.0,,,False,,,https://static.cupid.travel/hotels/ex_1e9ae2fe_z.jpg,liteapi
lp7d87b,Room Maangta 127 - Andheri,hotel,19.106596,72.882136,2.0,,,False,,,https://static.cupid.travel/hotels/ex_51be331f_z.jpg,liteapi
lp26c4aa,Airways Inn,hotel,19.106809,72.881151,3.0,,,False,,,https://static.cupid.travel/hotels/ex_2aa70156_z.jpg,liteapi
lp6555eb30,TULIIPSTAYS - Vikhroli Mayfair Hillcrest,hotel,19.107052,72.915482,3.0,,,False,,,https://static.cupid.travel/hotels/ex_d4398b16_z.jpg,liteapi
lpf6c9e,Hotel Homestay,hotel,19.107085,72.884862,2.0,,,False,,,https://static.cupid.travel/hotels/ex_e0ff22a1_z.jpg,liteapi
lp6586e764,Hotel Supreme Comforts - Mumbai Airport,hotel,19.107249,72.859518,2.0,,,False,,,https://static.cupid.travel/hotels/ex_dfa47570_z.jpg,liteapi
lp65874cb7,Hotel National Residency,hotel,19.107298,72.884908,2.0,,,False,,,https://static.cupid.travel/hotels/ex_65c2b6e7_z.jpg,liteapi
lp657d0e08,FabHotel Realm Inn,hotel,19.10761,72.88153,3.0,,,False,,,https://static.cupid.travel/hotels/453018086.jpg,liteapi
lp6583683b,Marol dormitory,hotel,19.10764,72.87887,,,,False,,,https://static.cupid.travel/hotels/495157977.jpg,liteapi
lp656c20e2,Fabhotel Prime Le Western,hotel,19.107819,72.882751,3.0,,,False,,,https://static.cupid.travel/hotels/ex_025298d3_z.jpg,liteapi
lp656c3bee,Fabhotel Hybrid Theory Suites,hotel,19.107838,72.882494,3.0,,,False,,,https://static.cupid.travel/hotels/ex_99edc3b3_z.jpg,liteapi
lp72463,Marol Metro Dormitory,hotel,19.10791,72.87849,,,,False,6.9,14.0,https://static.cupid.travel/hotels/497651456.jpg,liteapi
lp6587f95e,Sky Suites By Glitz Hotels,hotel,19.10797,72.856421,2.0,,,False,,,https://static.cupid.travel/hotels/ex_974578df_z.jpg,liteapi
lp658794d0,Hotel Lucky Galaxy,hotel,19.108026,72.879102,2.0,,,False,,,https://static.cupid.travel/hotels/ex_b26d935c_z.jpg,liteapi
lp656ea43a,1 Bed Hall at JVPD JUHU,hotel,19.108034,72.828886,,,,False,,,https://static.cupid.travel/hotels/598428449.jpg,liteapi
lp6557f9fd,Hotel Regal International,hotel,19.108048,72.879419,3.0,,,False,,,https://static.cupid.travel/hotels/ex_5e6d8a37_z.jpg,liteapi
lp6573217a,Hotel Eros - Near Mumbai International Airport T2,hotel,19.10813,72.87948,3.0,,,False,,,https://static.cupid.travel/hotels/497552743.jpg,liteapi
lp65891b30,Host Inn Mumbai Airport,hotel,19.108173370361328,72.87821197509766,3.0,,,False,,,https://static.cupid.travel/hotels/ex_f60789ef_z.jpg,liteapi
lp657913b6,"Ravish Apartment, Juhu",hotel,19.10821,72.82901,,,,False,,,https://static.cupid.travel/hotels/552428124.jpg,liteapi
lp657deb45,The dream residency,hotel,19.10838,72.88786,,,,False,,,https://static.cupid.travel/hotels/593681562.jpg,liteapi
lp6577c798,FabHotel Sahar Garden - Nr Mumbai International Airport,hotel,19.1091,72.87869,3.0,,,False,,,https://static.cupid.travel/hotels/245562136.jpg,liteapi
lp65739388,Room in BB - SINHASSAN DORMITORY HOSTEL,hostel,19.10925,72.82658,,,,False,,,https://static.cupid.travel/hotels/603799251.jpg,liteapi
lp6576f802,Glitz Hotels- Dream Residency IIT,hotel,19.10942,72.88762,2.0,,,False,,,https://static.cupid.travel/hotels/606161255.jpg,liteapi
lp65837071,Boho connection,hotel,19.10965,72.8265,,,,False,,,https://static.cupid.travel/hotels/539606289.jpg,liteapi
lp6574fcf7,FabHotel Aai Om Residency,hotel,19.109796,72.858299,1.0,,,False,,,https://static.cupid.travel/hotels/596692013.jpg,liteapi
lp65794c76,Hotel Amber Suite Near Mumbai Airport,hotel,19.10996,72.87129,2.0,,,False,,,https://static.cupid.travel/hotels/492923332.jpg,liteapi
lp65728ce5,a home away from home,hotel,19.11028,72.86783,,,,False,,,https://static.cupid.travel/hotels/593724098.jpg,liteapi
lp6574debb,A Great place in Andheri,hotel,19.11039,72.86786,,,,False,,,https://static.cupid.travel/hotels/593726623.jpg,liteapi
lp657e8863,Aqua Stays Mumbai International Airport,hotel,19.11039,72.86786,,,,False,,,https://static.cupid.travel/hotels/608282639.jpg,liteapi
lp656e5e0e,#4 Ensuite Cozy Place - Hub of Mumbai,hotel,19.11042,72.86792,,,,False,,,https://static.cupid.travel/hotels/612308506.jpg,liteapi
lp65718ee7,#1 Family spacious private room in heart of Mumbai,hotel,19.11046,72.86798,,,,False,,,https://static.cupid.travel/hotels/612297420.jpg,liteapi
lp6588b64a,Fabhotel Saini Residency,hotel,19.110519409179688,72.87906646728516,3.0,,,False,,,https://static.cupid.travel/hotels/ex_72b95feb_z.jpg,liteapi
lp65746aac,Keshav Kunj: A luxurious urban stay,hotel,19.11073,72.83095,,,,False,,,https://static.cupid.travel/hotels/493067535.jpg,liteapi
lp6580fd77,Shine Hospitality Group,hotel,19.11077,72.87923,2.0,,,False,,,https://static.cupid.travel/hotels/550299913.jpg,liteapi
lp1b5085,Arista Service Apartments Andheri,hotel,19.110819,72.862878,3.0,,,False,,,https://static.cupid.travel/hotels/ex_afde62ee_z.jpg,liteapi
lp65809762,HOTEL TALON,hotel,19.11116,72.87581,,,,False,,,https://static.cupid.travel/hotels/536439002.jpg,liteapi
lp6588cd2d,Hotel RR Residency,hotel,19.111168,72.858668,2.0,,,False,,,https://static.cupid.travel/hotels/ex_42036710_z.jpg,liteapi
lp657aaa1b,The Ontime Hotel,hotel,19.11166,72.87122,3.0,,,False,,,https://static.cupid.travel/hotels/345406994.jpg,liteapi
lpc86cc,OYO 488 Andheri,hotel,19.111861,72.865831,3.0,,,False,,,https://static.cupid.travel/hotels/ex_6533b914_z.jpg,liteapi
lp65713f9c,Entire 3 bhk by The Good Traveller,hotel,19.112516,72.897813,,,,False,,,https://static.cupid.travel/hotels/553962988.jpg,liteapi
lp657235a4,Ivy League House - Girls Hostel,hostel,19.11326,72.83582,,,,False,,,https://static.cupid.travel/hotels/608497151.jpg,liteapi
lp657a3a37,"Budget-Friendly Accommodation Near Marol, Andheri East Airport",hotel,19.11354,72.87398,,,,False,,,https://static.cupid.travel/hotels/598583309.jpg,liteapi
lp656c2654,"Treebo Elvis Inn, Chandivali",hotel,19.113583,72.89191,2.0,,,False,,,https://static.cupid.travel/hotels/ex_2dbc6b93_z.jpg,liteapi
lp657d8666,Cosy room,hotel,19.11365,72.86973,,,,False,,,https://static.cupid.travel/hotels/610514931.jpg,liteapi
lp6575fb25,Askha International Powai IIT - Glitz Hotels,hotel,19.11379,72.88833,,,,False,,,https://static.cupid.travel/hotels/612636958.jpg,liteapi
lp6576c84d,Home in Powai,hotel,19.11379,72.90954,,,,False,,,https://static.cupid.travel/hotels/560394758.jpg,liteapi
lp6581dd53,Andheri Central Apartment,hotel,19.11394,72.84058,,,,False,,,https://static.cupid.travel/hotels/532531588.jpg,liteapi
lp656c36f4,Fabhotel Wok Residency,hotel,19.11447,72.862625,2.0,,,False,,,https://static.cupid.travel/hotels/ex_b6bdaee5_z.jpg,liteapi
lp65779d63,Regent hill Serviced self check-in,hotel,19.11447,72.90931,,,,False,,,https://static.cupid.travel/hotels/608673727.jpg,liteapi
lp657ccaa5,Regent Hill Hirandani powai,hotel,19.11459,72.90927,,,,False,,,https://static.cupid.travel/hotels/561751928.jpg,liteapi
lp657cdf97,Pinaki Shared Live,hotel,19.11476,72.83341,,,,False,,,https://static.cupid.travel/hotels/603749027.jpg,liteapi
lpc875f,OYO 10006 Hotel Blue Bay,hotel,19.115043,72.917624,3.0,,,False,,,https://static.cupid.travel/hotels/ex_a7623694_z.jpg,liteapi
lp65793bcc,Hotel Shiv Leela Grand,hotel,19.11532,72.87074,2.0,,,False,,,https://static.cupid.travel/hotels/495139062.jpg,liteapi
lp6556fa30,Treebo Trip Hotel RK Residency,hotel,19.115422,72.869693,3.0,,,False,,,https://static.cupid.travel/hotels/ex_e55334ac_z.jpg,liteapi
lp6588154d,Astha Powai Service Apartments,hotel,19.115953,72.891095,3.0,,,False,,,https://static.cupid.travel/hotels/ex_d677c736_z.jpg,liteapi
lp6588e4b6,Glitz Hotel Sai Neel,hotel,19.116009,72.837245,3.0,,,False,,,https://static.cupid.travel/hotels/ex_57e4836a_z.jpg,liteapi
lp6555e233,Tuliipstays - Powai Sai Sapphire,hotel,19.116128,72.901641,3.0,,,False,,,https://static.cupid.travel/hotels/ex_b1df43da_z.jpg,liteapi
lp657b3458,"Tokyo Stay,Hostel,Mumbai",hostel,19.11613,72.87362,,,,False,,,https://static.cupid.travel/hotels/507457625.jpg,liteapi
lp65835fad,Maxxvalue Apartment Chandivali,hotel,19.11619,72.89488,,,,False,,,https://static.cupid.travel/hotels/459626505.jpg,liteapi
lp65891e19,Whispering Woods,hotel,19.116260528564453,72.9027099609375,4.0,,,False,,,https://static.cupid.travel/hotels/ex_82c00ad8_z.jpg,liteapi
lp65875099,HOTEL Sai Leela Residency,hotel,19.116272,72.869616,2.0,,,False,,,https://static.cupid.travel/hotels/ex_ab8cef9c_z.jpg,liteapi
lp6578e6dc,"IKIGAI, A purposeful Hideaway",hotel,19.11635,72.91265,,,,False,,,https://static.cupid.travel/hotels/541615751.jpg,liteapi
lp65878522,FabHotel Saineel - Nr Juhu,hotel,19.116436,72.83964,3.0,,,False,,,https://static.cupid.travel/hotels/ex_d805a9aa_z.jpg,liteapi
lp65830381,Sheetal sarsar,hotel,19.1165,72.89074,,,,False,,,https://static.cupid.travel/hotels/593577799.jpg,liteapi
lp65875b44,Elite Stays at Marol Near Mumbai Airport,hotel,19.116507,72.886675,2.0,,,False,,,https://static.cupid.travel/hotels/ex_c2326651_z.jpg,liteapi
lp65704291,Robin 3-1bhk Apartment with Sofa Bed,hotel,19.11659,72.91304,,,,False,,,https://static.cupid.travel/hotels/577698206.jpg,liteapi
lp6576f318,Royal luxurious 1BHK Flat in Hiranandani Powai,hotel,19.11659,72.91304,,,,False,,,https://static.cupid.travel/hotels/553972475.jpg,liteapi
lp6580ee66,MYBED Primium Dormitory,hotel,19.11679,72.88217,,,,False,,,https://static.cupid.travel/hotels/606415741.jpg,liteapi
lp6587851c,Fabexpress Konak,hotel,19.117001,72.882201,3.0,,,False,,,https://static.cupid.travel/hotels/ex_9a6fa3b4_z.jpg,liteapi
lp65704687,DORMITORY WORLD AC 24 HOURS,hotel,19.11724,72.88048,,,,False,,,https://static.cupid.travel/hotels/534774717.jpg,liteapi
lp657d2dde,Aai Mata Dormitory,hotel,19.117498,72.850047,,,,False,,,https://static.cupid.travel/hotels/618236787.jpg,liteapi
lp6572fe75,1BHK in Hiranandani Powai C,hotel,19.11753,72.91355,,,,False,,,https://static.cupid.travel/hotels/618227998.jpg,liteapi
lp657b8a14,Afreen Hostel Mumbai AC Dormitory,hostel,19.11763,72.88133,,,,False,,,https://static.cupid.travel/hotels/542183344.jpg,liteapi
lp657bd60f,luxury1bhk-Mumbai airport,hotel,19.11795,72.90867,,,,False,,,https://static.cupid.travel/hotels/582705924.jpg,liteapi
lp65721234,HK Nest - Cozy Homestay near Silver Beach Juhu,hotel,19.11854,72.82836,,,,False,,,https://static.cupid.travel/hotels/528493116.jpg,liteapi
lp65800dca,Santoshi Naresh Sarsar,hotel,19.11864,72.89199,,,,False,,,https://static.cupid.travel/hotels/615123689.jpg,liteapi
lp6588d3ce,VISHAL HALL,hotel,19.11866569519043,72.85220336914062,2.0,,,False,,,https://static.cupid.travel/hotels/ex_46134da4_z.jpg,liteapi
lp6584ecdc,StayHubb,hotel,19.11873,72.91655,,,,False,,,https://static.cupid.travel/hotels/593490068.jpg,liteapi
lp6dd87,OYO 599 Hotel Whitefield,hotel,19.11875,72.88293,3.0,,,False,,,https://static.cupid.travel/hotels/ex_4d4115a4_z.jpg,liteapi
lp656c28ee,FabHotel Cozy Inn,hotel,19.118869,72.886595,3.0,,,False,,,https://static.cupid.travel/hotels/ex_w3029h2019x0y0-a55e438a_z.jpg,liteapi
lp65881b2a,HOTEL COZY INN,hotel,19.118949,72.886616,2.0,,,False,,,https://static.cupid.travel/hotels/ex_17d2d9b7_z.jpg,liteapi
lp657d3488,FabExpress The DR Residency,hotel,19.11906,72.87001,3.0,,,False,,,https://static.cupid.travel/hotels/497840622.jpg,liteapi
lp657316b8,Hotel Lavender - Hotel in Andheri East,hotel,19.11906,72.88729,,,,False,,,https://static.cupid.travel/hotels/556841676.jpg,liteapi
lp65881c81,Hotel Gorrion,hotel,19.119123,72.886855,2.0,,,False,,,https://static.cupid.travel/hotels/ex_5d6f6d18_z.jpg,liteapi
lp6588d8c7,FabHotel Dream Inn I,hotel,19.119409561157227,72.88331604003906,3.0,,,False,,,https://static.cupid.travel/hotels/ex_d6996162_z.jpg,liteapi
lp6577094c,"Hotel Sunset Avenue, Marol Mumbai",hotel,19.11941,72.88681,,,,False,,,https://static.cupid.travel/hotels/617665559.jpg,liteapi
lpe5899,Room Maangta 122 - Andheri East,hotel,19.11942,72.87087,3.0,,,False,,,https://static.cupid.travel/hotels/ex_6caa5134_z.jpg,liteapi
lpe59dd,Room Maangta 222 - Andheri,hotel,19.11942,72.87087,3.0,,,False,,,https://static.cupid.travel/hotels/ex_05168f3b_z.jpg,liteapi
lp65873911,Hotel The Sunset Avenue,hotel,19.119682,72.886726,2.0,,,False,,,https://static.cupid.travel/hotels/ex_6a39c531_z.jpg,liteapi
lpfc45a,Room Maangta 444 - Tata Memorial,hotel,19.119811,72.871486,2.0,,,False,,,https://static.cupid.travel/hotels/ex_c4fac509_z.jpg,liteapi
lpc4f95,Hotel Aromas,hotel,19.119826,72.871549,3.0,,,False,,,https://static.cupid.travel/hotels/ex_619f10ae_z.jpg,liteapi
lp64f37,Hotel Cosmo,hotel,19.11986,72.87754,3.0,,,False,,,https://static.cupid.travel/hotels/ex_85650bf6_z.jpg,liteapi
lp6588f16d,Fabhotel The Sunset Avenue,hotel,19.119924545288086,72.88655853271484,3.0,,,False,,,https://static.cupid.travel/hotels/ex_ae91da2d_z.jpg,liteapi
lp6588091c,artus inn midc andheri east mumbai,hotel,19.120036,72.871695,2.0,,,False,,,https://static.cupid.travel/hotels/ex_bddbf94c_z.jpg,liteapi
lp658294a8,Sunset Heaven,hotel,19.12006,72.91713,,,,False,,,https://static.cupid.travel/hotels/492673163.jpg,liteapi
lp2262f3,Capital O 40728 Bollywood Design Hotel,hotel,19.12032,72.881679,3.0,,,False,,,https://static.cupid.travel/hotels/ex_9bd8b460_z.jpg,liteapi
lp65784e88,FabHotel Prime Amma's Powai,hotel,19.120555,72.890797,,,,False,,,https://static.cupid.travel/hotels/613383362.jpg,liteapi
lp6588286b,Hotel Rexton Inn,hotel,19.120922,72.890983,2.0,,,False,,,https://static.cupid.travel/hotels/ex_6b536e75_z.jpg,liteapi
lp65873d88,Powai Inn,hotel,19.120964,72.890914,3.0,,,False,,,https://static.cupid.travel/hotels/ex_660a72fe_edited_ca40_z.jpg,liteapi
lp658794a2,Galaxy Inn By Glitz Hotels,hotel,19.120974,72.891077,2.0,,,False,,,https://static.cupid.travel/hotels/ex_fb10b7ab_z.jpg,liteapi
lp28d848,Almas Dormitory Andheri,hotel,19.121241,72.845936,2.0,,,False,,,https://static.cupid.travel/hotels/ex_44c44689_z.jpg,liteapi
lp6588c29c,Basera Dormitory and Separate Cabins,hotel,19.121519088745117,72.88069152832031,2.0,,,False,,,https://static.cupid.travel/hotels/ex_485b7128_z.jpg,liteapi
lp65775ce7,Shared Room in Apartment Building in Upper Juhu,hotel,19.12168,72.83141,,,,False,,,https://static.cupid.travel/hotels/619237396.jpg,liteapi
lp65856b1c,Pixiestays,hotel,19.12199,72.84632,,,,False,,,https://static.cupid.travel/hotels/594514682.jpg,liteapi
lp65822120,odyssey oasis,hotel,19.12225,72.91763,,,,False,,,https://static.cupid.travel/hotels/565132199.jpg,liteapi
lp6579b92f,Ram niwas hotel,hotel,19.12268,72.84774,,,,False,,,https://static.cupid.travel/hotels/602527706.jpg,liteapi
lp6582090d,Rios paradise,hotel,19.1228,72.82487,,,,False,,,https://static.cupid.travel/hotels/613602764.jpg,liteapi
lp6583129f,Pleasure Place,hotel,19.1231,72.92078,,,,False,,,https://static.cupid.travel/hotels/440092938.jpg,liteapi
lp65545c60,TULIIPSTAYS - Kanjurmarg Pluto Suncity,hotel,19.123219,72.92083,3.0,,,False,,,https://static.cupid.travel/hotels/ex_0ae605d4_z.jpg,liteapi
lp65763ef4,Hotel O Royal Orbit,hotel,19.12326,72.89211,3.0,,,False,,,https://static.cupid.travel/hotels/614207033.jpg,liteapi
lp6578db39,Via Maahi Residency,hotel,19.12334,72.892167,2.0,,,False,,,https://static.cupid.travel/hotels/619686023.jpg,liteapi
lp65775424,"One bedroom Apartment- Near Kokilaben Ambani Hospital, Andheri West",hotel,19.1235,72.82203,,,,False,,,https://static.cupid.travel/hotels/508655590.jpg,liteapi
lp657a2282,Collection O Jk Regency,hotel,19.12363,72.85629,3.0,,,False,,,https://static.cupid.travel/hotels/543718193.jpg,liteapi
lpacbbb,Hotel Grand Palace Inn,hotel,19.12376,72.85052,3.0,,,False,,,https://static.cupid.travel/hotels/ex_5de520da_z.jpg,liteapi
lp6588adba,Fabhotel Maahi Residency,hotel,19.123781204223633,72.89242553710938,3.0,,,False,,,https://static.cupid.travel/hotels/ex_0715d39b_z.jpg,liteapi
lpa3f6a,Hotel Ocean Residency,hotel,19.123946,72.846613,3.0,,,False,,,https://static.cupid.travel/hotels/ex_5fdaa693_z.jpg,liteapi
lp65879067,Fabhotel Amfahh Inn,hotel,19.12486,72.846829,3.0,,,False,,,https://static.cupid.travel/hotels/ex_0fbf8e0f_z.jpg,liteapi
lp6577eb83,Hotel O Amfahh,hotel,19.12515,72.84705,3.0,,,False,,,https://static.cupid.travel/hotels/614871870.jpg,liteapi
lpe5abc,Room Maangta 212 - Andheri East,hotel,19.125158,72.846935,2.0,,,False,,,https://static.cupid.travel/hotels/ex_350e2afd_z.jpg,liteapi
lpa482e,Room Maangta 113 - Andheri East,hotel,19.12584,72.85638,2.0,,,False,,,https://static.cupid.travel/hotels/ex_c90d3794_z.jpg,liteapi
lp65881622,Hotel Freedom International,hotel,19.125845,72.860939,3.0,,,False,,,https://static.cupid.travel/hotels/ex_a52651b0_z.jpg,liteapi
lp65882635,Red House Hostels,hostel,19.125942,72.919407,1.0,,,False,,,https://static.cupid.travel/hotels/ex_95ef98dd_z.jpg,liteapi
lp65879c37,Fabhotel Sarah Inn,hotel,19.12604,72.846767,3.0,,,False,,,https://static.cupid.travel/hotels/ex_w1999h1333x1y0-1f27a038_z.jpg,liteapi
lp657b5d25,FabHotel Freedom International - Nr Mumbai International Airport,hotel,19.12642,72.86096,3.0,,,False,,,https://static.cupid.travel/hotels/517094095.jpg,liteapi
lp1c6242,OYO 24293 Amana International,hotel,19.1266,72.8506,3.0,,,False,,,https://static.cupid.travel/hotels/ex_61832a2b_z.jpg,liteapi
lpe5fdd,Room Maangta 111 - Andheri East,hotel,19.128108,72.863765,3.0,,,False,,,https://static.cupid.travel/hotels/ex_c6a86634_z.jpg,liteapi
lp656bc0e8,Fabexpress Bindra Elite,hotel,19.128146,72.863073,3.0,,,False,,,https://static.cupid.travel/hotels/ex_823fe4df_z.jpg,liteapi
lpc8754,OYO 12349 Imperial Plus,hotel,19.12818,72.86395,3.0,,,False,,,https://static.cupid.travel/hotels/ex_288021ed_z.jpg,liteapi
lp6576351e,Hotel O Star Mumbai,hotel,19.12822,72.86395,3.0,,,False,,,https://static.cupid.travel/hotels/613695101.jpg,liteapi
lpaa62b,Stay Inn Mumbai,hotel,19.128297,72.86172,3.0,,,False,,,https://static.cupid.travel/hotels/ex_86ae4503_z.jpg,liteapi
lp332f1b,FabHotel Urban Court,hotel,19.12845,72.82728,3.0,,,False,,,https://static.cupid.travel/hotels/ex_feaabb88_z.jpg,liteapi
lpbcbfa,Fortune Elite,hotel,19.128553,72.847262,3.0,,,False,,,https://static.cupid.travel/hotels/ex_1cce3309_z.jpg,liteapi
lpfa569,OYO 15103 Blue Sapphires,hotel,19.12936,72.86991,3.0,,,False,,,https://static.cupid.travel/hotels/ex_6f614b8d_z.jpg,liteapi
lp65882aab,Oyster Suite By Glitz Hotels,hotel,19.129781,72.847837,2.0,,,False,,,https://static.cupid.travel/hotels/ex_w2391h1593x47y81-f7080040_z.jpg,liteapi
lp325dac,Capital O 44192 Hotel Elite Peak,hotel,19.130897,72.862952,3.0,,,False,,,https://static.cupid.travel/hotels/ex_4f3a88c4_z.jpg,liteapi
lp657fd93b,Hotel Bliss Executive,hotel,19.13133,72.87227,3.0,,,False,,,https://static.cupid.travel/hotels/274146278.jpg,liteapi
lp65878534,Fabhotel Galaxy Inn,hotel,19.131876,72.869417,3.0,,,False,,,https://static.cupid.travel/hotels/ex_e2db15f0_z.jpg,liteapi
lp657e17ec,Hotel Goldens Palms,hotel,19.13222,72.84783,2.0,,,False,,,https://static.cupid.travel/hotels/622340983.jpg,liteapi
lp65872ece,Fabhotel Golden Palms,hotel,19.132342,72.847899,3.0,,,False,,,https://static.cupid.travel/hotels/ex_0b634165_z.jpg,liteapi
lp657d50b4,Hotel Golden Palms,hotel,19.1324,72.8479,3.0,,,False,,,https://static.cupid.travel/hotels/238237210.jpg,liteapi
lpc87df,OYO 10217 Hotel Golden Palms,hotel,19.132573,72.84762,3.0,,,False,,,https://static.cupid.travel/hotels/ex_5fea8ed6_z.jpg,liteapi
lp65891439,Fabhotel Stay Land Plus,hotel,19.132612228393555,72.81494903564453,3.0,,,False,,,https://static.cupid.travel/hotels/ex_c25fd1bb_z.jpg,liteapi
lp65879f38,Hotel Stayland Inn,hotel,19.132614,72.814641,2.0,,,False,,,https://static.cupid.travel/hotels/ex_7f00ffd9_z.jpg,liteapi
lp6580f240,SIXTH SENSE HOSPITALITY,hotel,19.1337,72.82159,,,,False,,,https://static.cupid.travel/hotels/595696194.jpg,liteapi
lp65770e67,Studio Apartment 1 BHK near Kokilaben Ambani Hospital,hotel,19.133948,72.826961,,,,False,,,https://static.cupid.travel/hotels/595690622.jpg,liteapi
lp6587a0ab,Hotel Priceless,hotel,19.134413,72.819947,2.0,,,False,,,https://static.cupid.travel/hotels/ex_d3e43b69_z.jpg,liteapi
lp657f4e5c,HOTEL BEST,hotel,19.13451,72.8254,,,,False,,,https://static.cupid.travel/hotels/434109781.jpg,liteapi
lp658796e0,Hotel Ab Residency,hotel,19.134554,72.820851,2.0,,,False,,,https://static.cupid.travel/hotels/ex_b1ef3a7b_z.jpg,liteapi
lp365b9,The Residence Hotel & Apartments,hotel,19.134731,72.899099,4.0,,,False,,,https://static.cupid.travel/hotels/hd/ex_ebb7ef91_z.jpg,liteapi
lp33ef40,FabHotel Adlon International,hotel,19.135494,72.834008,3.0,,,False,,,https://static.cupid.travel/hotels/ex_fc70326b_z.jpg,liteapi
lp65890400,Fabhotel Aarti Residency,hotel,19.13571548461914,72.81977844238281,3.0,,,False,,,https://static.cupid.travel/hotels/ex_ff3669b5_z.jpg,liteapi
lp6587851a,Fabexpress Sumit Palace,hotel,19.135787,72.821587,3.0,,,False,,,https://static.cupid.travel/hotels/ex_a871ecc9_z.jpg,liteapi
lp6574deeb,"HOTEL GOLDEN INN, MUMBAI",hotel,19.1359,72.84726,3.0,,,False,,,https://static.cupid.travel/hotels/529933777.jpg,liteapi
lp1a31b0,Hotel Laaiba Residency,hotel,19.13614273071289,72.84737396240234,2.0,,,False,,,https://static.cupid.travel/hotels/ex_05d1b3fd_z.jpg,liteapi
lp657aec75,Al Homez,hotel,19.13618,72.84894,,,,False,,,https://static.cupid.travel/hotels/618779445.jpg,liteapi
lp6587e93b,Hotel Amber Paramount,hotel,19.136376,72.820197,2.0,,,False,,,https://static.cupid.travel/hotels/ex_df253765_z.jpg,liteapi
lp65879406,Hotel Stay Inn,hotel,19.136424,72.847826,2.0,,,False,,,https://static.cupid.travel/hotels/ex_c15f0373_z.jpg,liteapi
lp6581a55b,AR Residency,hotel,19.13645,72.823754,3.0,,,False,,,https://static.cupid.travel/hotels/541910928.jpg,liteapi
lp656c362e,Hotel Wind Flower Regency,hotel,19.136508,72.823658,2.0,,,False,,,https://static.cupid.travel/hotels/ex_c7d16336_z.jpg,liteapi
lp658796db,Hotel Lavish Park,hotel,19.136516,72.821773,2.0,,,False,,,https://static.cupid.travel/hotels/ex_60929a9f_z.jpg,liteapi
lp6581d4b8,Bollywood Boulevard Independent Villa,hotel,19.13666,72.8219,,,,False,,,https://static.cupid.travel/hotels/593123671.jpg,liteapi
lp6587709d,Fabhotel 7 Am,hotel,19.137111,72.823535,3.0,,,False,,,https://static.cupid.travel/hotels/ex_2204e954_z.jpg,liteapi
lp65818ee9,Hotel Hoxton,hotel,19.137191,72.823107,2.0,,,False,,1.0,https://static.cupid.travel/hotels/615337842.jpg,liteapi
lp657a9516,Hotel Suites Inn,hotel,19.13735,72.82179,3.0,,,False,,,https://static.cupid.travel/hotels/621702035.jpg,liteapi
lp65702dbd,Hotel 7am,hotel,19.13769,72.82256,,,,False,,,https://static.cupid.travel/hotels/596526636.jpg,liteapi
lp656dd87c,Hotel 145 Enclave,hotel,19.13789,72.82247,2.0,,,False,,,https://static.cupid.travel/hotels/551884905.jpg,liteapi
lp6586544e,GL Residency By Glitz Hotels,hotel,19.137946,72.843426,2.0,,,False,,,https://static.cupid.travel/hotels/ex_0ad95039_z.jpg,liteapi
lp65852833,Secluded,hotel,19.13798,72.81404,,,,False,,,https://static.cupid.travel/hotels/598599078.jpg,liteapi
lp65800ba2,Cozy corner,hotel,19.13809,72.81413,,,,False,,,https://static.cupid.travel/hotels/598606582.jpg,liteapi
lp65854750,Oasis,hotel,19.13831,72.81533,,,,False,,,https://static.cupid.travel/hotels/604382680.jpg,liteapi
lp6588dd8a,Fabhotel B Town,hotel,19.1384334564209,72.82052612304688,3.0,,,False,,,https://static.cupid.travel/hotels/ex_6585e395_z.jpg,liteapi
lp65874ec5,Hotel Akshay,hotel,19.138947,72.821621,2.0,,,False,,,https://static.cupid.travel/hotels/ex_b3b3f106_z.jpg,liteapi
lp6588be44,Fairfield By Marriott Mumbai Andheri West,hotel,19.138948440551758,72.83206939697266,4.0,,,False,,,https://static.cupid.travel/hotels/ex_d83bd55a_z.jpg,liteapi
lp988d8,FabExpress Jogeshwari West,hotel,19.139041,72.843776,3.0,,,False,,,https://static.cupid.travel/hotels/ex_fa4d155e_z.jpg,liteapi
lp6575274a,Hotel O Big Rahat Palace,hotel,19.13906,72.82003,3.0,,,False,,,https://static.cupid.travel/hotels/609500906.jpg,liteapi
lp65795c36,FabExpress Versova Residency - Nr Kokilaben Hospital,hotel,19.13906,72.82103,3.0,,,False,,,https://static.cupid.travel/hotels/593155317.jpg,liteapi
lp6577faa6,Hotel Golden Park Near NESCO,hotel,19.13908,72.84367,,,,False,,,https://static.cupid.travel/hotels/586423151.jpg,liteapi
lp6584537c,shivyog guesthouse,hotel,19.139167,72.819651,,,,False,,,https://static.cupid.travel/hotels/209290541.jpg,liteapi
lp6584f2c5,Oasis,hotel,19.13926,72.80967,,,,False,,,https://static.cupid.travel/hotels/593583614.jpg,liteapi
lp6588eaff,Hotel Aarti Residency,hotel,19.139341354370117,72.82140350341797,2.0,,,False,,,https://static.cupid.travel/hotels/ex_c853d41e_z.jpg,liteapi
lp6574b89f,Sri Era 1bhk with shared kitchen Females ONLY property,hotel,19.13937,72.86733,,,,False,,,https://static.cupid.travel/hotels/583657519.jpg,liteapi
lp656bc046,Hotel Classio Inn - Kokilaben Hospital,hotel,19.140029,72.82081,3.0,,,False,,,https://static.cupid.travel/hotels/ex_3154e27a_z.jpg,liteapi
lp657dff71,Hotel Western Court,hotel,19.140527,72.843077,,,,False,,,https://static.cupid.travel/hotels/492173682.jpg,liteapi
lp657b88a2,Peaceful single room with balcony,hotel,19.14121,72.80444,,,,False,,,https://static.cupid.travel/hotels/555871995.jpg,liteapi
lp657056e0,"Ivy Aristo, Private 1 Bhk in heart of Lokhandwala, Andheri",hotel,19.141245,72.825117,4.0,,,False,,1.0,https://static.cupid.travel/hotels/593715032.jpg,liteapi
lp657c92b4,peaceful room with balcony,hotel,19.14169,72.8044,,,,False,,,https://static.cupid.travel/hotels/551048992.jpg,liteapi
lp658518e7,Asara,hotel,19.14287,72.89371,,,,False,,,https://static.cupid.travel/hotels/618000167.jpg,liteapi
lp6575de3a,Collection O Lokhandwala Andheri West Mumbai Formerly Lalsai Residency,hotel,19.142918,72.82128,4.0,,,False,,,https://static.cupid.travel/hotels/582873874.jpg,liteapi
lpd9561,Metro Residency,hotel,19.14301,72.83755,4.0,,,False,,,https://static.cupid.travel/hotels/ex_8d7f7a63_z.jpg,liteapi
lp6588fb1d,Fabhotel Lal Sai Residency,hotel,19.143077850341797,72.82064819335938,3.0,,,False,,,https://static.cupid.travel/hotels/ex_02d2e66d_z.jpg,liteapi
lp65892181,De Classico Hotel - Lokhandwala,hotel,19.14354133605957,72.82244110107422,3.0,,,False,,,https://static.cupid.travel/hotels/ex_a518aeb6_z.jpg,liteapi
lp65713f8d,Sky Oasis - 2BHK Premium Apartment,hotel,19.14606,72.83377,,,,False,,,https://static.cupid.travel/hotels/572862355.jpg,liteapi
lp657f749c,The Luxurious Haven-Lokhandwala,hotel,19.14663,72.82452,,,,False,,,https://static.cupid.travel/hotels/503160934.jpg,liteapi
lp65792bb6,Treebo Trend New Amber,hotel,19.14711,72.93513,3.0,,,False,,,https://static.cupid.travel/hotels/ex_4206c8b0_z.jpg,liteapi
lpe61e7,OYO 13601 Madam Re Hospitality Bhandup,hotel,19.14794,72.93085,3.0,,,False,,,https://static.cupid.travel/hotels/ex_9e207a14_z.jpg,liteapi
lp65877b4b,Hotel Samrat Palace 2 Goregaon West,hotel,19.148387,72.836126,3.0,,,False,,,https://static.cupid.travel/hotels/ex_030a7bc0_z.jpg,liteapi
lp65743013,RKS Roy's Kalari Siddhi,hotel,19.14886,72.84086,,,,False,,,https://static.cupid.travel/hotels/579570993.jpg,liteapi
lp657a5246,Pixiestays Flat in Andheri West,hotel,19.14932,72.83586,,,,False,,,https://static.cupid.travel/hotels/603462332.jpg,liteapi
lp6587bd5c,Indie Stays Nesco Goregaon,hotel,19.149879,72.854566,2.0,,,False,,,https://static.cupid.travel/hotels/ex_49a29d75_z.jpg,liteapi
lp657288da,4 Star Paradise Villa,hotel,19.15065,72.88957,,,,False,,,https://static.cupid.travel/hotels/460974746.jpg,liteapi
lp65750acc,Party Villa in Royal Palms at Mumbai,hotel,19.15099,72.88937,,,,False,,,https://static.cupid.travel/hotels/620522682.jpg,liteapi
lp6588b357,Lazy Moose Villa,hotel,19.151094436645508,72.88954162597656,3.0,,,False,,,https://static.cupid.travel/hotels/ex_13aed037_z.jpg,liteapi
lp6570ef1e,4 star lavish villa,hotel,19.151188,72.889779,,,,False,,,https://static.cupid.travel/hotels/603024718.jpg,liteapi
lp657b2854,ROYAL CASA BELLA,hotel,19.15158,72.88878,,,,False,,,https://static.cupid.travel/hotels/538075638.jpg,liteapi
lp6582b2fe,Sequence Villa,hotel,19.15247,72.88877,,,,False,,,https://static.cupid.travel/hotels/549343436.jpg,liteapi
lp65762dde,"Fully Furnished 1Bhk Goregaon,Malad east",hotel,19.153309,72.853528,,,,False,,,https://static.cupid.travel/hotels/500962973.jpg,liteapi
lp65815ce5,Villa Verona,hotel,19.15337,72.88552,,,,False,,,https://static.cupid.travel/hotels/547936343.jpg,liteapi
lp657c323b,Spruce Peak Villa,hotel,19.15337,72.88728,,,,False,,,https://static.cupid.travel/hotels/549251073.jpg,liteapi
lp65877074,Hotel Sahara Residency,hotel,19.154176,72.844156,2.0,,,False,,,https://static.cupid.travel/hotels/ex_3d667213_z.jpg,liteapi
lp657bd8fe,HOTEL PRICELESS SUITE Bombay Exhibition Centre Goregaon West Mumbai,hotel,19.15442,72.8445,2.0,,,False,,,https://static.cupid.travel/hotels/561319124.jpg,liteapi
lp65854ab2,Highland,hotel,19.15478,72.8375,,,,False,,,https://static.cupid.travel/hotels/569148520.jpg,liteapi
lp65561b72,Hotel Baba's Residency,hotel,19.155758,72.851506,3.0,,,False,,,https://static.cupid.travel/hotels/ex_d09b1b3d_z.jpg,liteapi
lp65890267,Fabhotel Jk,hotel,19.156383514404297,72.83502960205078,3.0,,,False,,,https://static.cupid.travel/hotels/ex_70bd8b21_z.jpg,liteapi
lp81e58,CR Residency By Glitz Hotels,hotel,19.15876007080078,72.8350830078125,3.0,,,False,,,https://static.cupid.travel/hotels/ex_b25fc9c1_z.jpg,liteapi
lp6588b796,Fabhotel Casa Royal Residency,hotel,19.15903091430664,72.83507537841797,3.0,,,False,,,https://static.cupid.travel/hotels/ex_d630efcc_z.jpg,liteapi
lp65891529,Hotel Casa Royal Residency,hotel,19.159046173095703,72.83502197265625,3.0,,,False,,,https://static.cupid.travel/hotels/ex_ec8b9883_z.jpg,liteapi
lp656f166e,3 Bhk Apartment Santacruz Mumbai 801,hotel,19.15993,72.8374,,,,False,,,https://static.cupid.travel/hotels/590873049.jpg,liteapi
lp656f15b8,3 Bhk Apartment Santacruz Mumbai 805,hotel,19.15993,72.837404,,,,False,,,https://static.cupid.travel/hotels/590880900.jpg,liteapi
lp65752fe9,Your home away from home,hotel,19.16027,72.84065,,,,False,,,https://static.cupid.travel/hotels/605037171.jpg,liteapi
lp657c196c,The cottage house,hotel,19.16129,72.78494,,,,False,,,https://static.cupid.travel/hotels/573495456.jpg,liteapi
lp65748e0b,Verandah Myrah 2BH Villa With Plunge Pool,hotel,19.16308,72.78872,,,,False,,,https://static.cupid.travel/hotels/594063575.jpg,liteapi
lp6578b6f5,Verandah Aangan The Chalet 1Bedroom-Kitchen,hotel,19.16309,72.78868,,,,False,,,https://static.cupid.travel/hotels/594069583.jpg,liteapi
lp6577a75a,Verandah Aanchal 2Bhk Villa With Basement,hotel,19.163189,72.788764,4.0,,,False,,,https://static.cupid.travel/hotels/594059566.jpg,liteapi
lp65875421,SAIGAL GUEST HOUSE,hotel,19.1634,72.846226,2.0,,,False,,,https://static.cupid.travel/hotels/ex_a41e77c2_z.jpg,liteapi
lp6556f606,"amã Stays & Trails Beach House Madh Island, Mumbai",hotel,19.163402,72.78371,5.0,,,False,,,https://static.cupid.travel/hotels/ex_5cb66c48_z.jpg,liteapi
lp65891967,HOTEL KARAN PALACE,hotel,19.163515090942383,72.85090637207031,3.0,,,False,,,https://static.cupid.travel/hotels/ex_5ade58f4_z.jpg,liteapi
lp6574e602,Hotel O Metro Galaxy inn,hotel,19.163667,72.837056,3.0,,,False,,,https://static.cupid.travel/hotels/618733381.jpg,liteapi
lp72fae,HOTEL WOODLAND,hotel,19.163835525512695,72.84776306152344,2.0,,,False,,,https://static.cupid.travel/hotels/ex_7131c423_z.jpg,liteapi
lp6586ec89,Hsquare Service Apartment Goregaon,hotel,19.164144,72.851536,3.0,,,False,,,https://static.cupid.travel/hotels/ex_e74629e6_z.jpg,liteapi
lp657c318e,Shore Beats Villa,hotel,19.16416,72.78803,,,,False,,,https://static.cupid.travel/hotels/549252766.jpg,liteapi
lp233848,Hexa Alfa Stay,hotel,19.16547,72.8488,3.0,,,False,,,https://static.cupid.travel/hotels/ex_f49b0690_z.jpg,liteapi
lp65879e39,Hotel Elegance,hotel,19.167241,72.850071,2.0,,,False,,,https://static.cupid.travel/hotels/ex_w1079h708x0y0-901aae32_z.jpg,liteapi
lp65880a52,Andy's Boutique,hotel,19.167721,72.790594,3.0,,,False,,,https://static.cupid.travel/hotels/ex_2fbac8c7_z.jpg,liteapi
lp658790bb,Crystal By Glitz Hotels,hotel,19.16784,72.936568,2.0,,,False,,,https://static.cupid.travel/hotels/ex_42a51acf_z.jpg,liteapi
lp65853a31,Peaceful,hotel,19.16897,72.84967,,,,False,,,https://static.cupid.travel/hotels/572628369.jpg,liteapi
lp6571d752,1 private room with free food at gorgaon,hotel,19.17392,72.83685,,,,False,,,https://static.cupid.travel/hotels/570472140.jpg,liteapi
lp6581d1c4,Pixiestays Goregaon West,hotel,19.17447,72.85941,,,,False,,,https://static.cupid.travel/hotels/608820388.jpg,liteapi
lp65890c1a,Pravasi Residency,hotel,19.176963806152344,72.95266723632812,3.0,,,False,,,https://static.cupid.travel/hotels/ex_2bf23851_z.jpg,liteapi
lp65875b32,Cozy Stays at Goregaon Near Film City Mumbai,hotel,19.177388,72.867007,2.0,,,False,,,https://static.cupid.travel/hotels/ex_5cb0d455_z.jpg,liteapi
lp6575a73f,Spacious 1BHK Mindspace Malad W,hotel,19.177556,72.835622,,,,False,,,https://static.cupid.travel/hotels/596712760.jpg,liteapi
lp657d902c,Shiv kirti Society,hotel,19.17793,72.83955,,,,False,,,https://static.cupid.travel/hotels/599411244.jpg,liteapi
lp1b2d88,Hexa Aeka Stay,hotel,19.178352,72.86694,3.0,,,False,,,https://static.cupid.travel/hotels/ex_c0be657b_z.jpg,liteapi
lp6577a92c,Calm Private Room with Beautiful View,hotel,19.178693,72.960162,,,,False,,,https://static.cupid.travel/hotels/527746359.jpg,liteapi
lp65891b13,Hotel Classy Comfort,hotel,19.1798038482666,72.86051177978516,2.0,,,False,,,https://static.cupid.travel/hotels/ex_b983d5e5_z.jpg,liteapi
lp65839d72,Thane Dormitory,hotel,19.18325,72.97689,,,,False,,,https://static.cupid.travel/hotels/595168821.jpg,liteapi
lp657006f8,"Cozy 1bhk near nesco, J pMorgan",hotel,19.18345,72.8588,,,,False,,,https://static.cupid.travel/hotels/596127292.jpg,liteapi
lp65758c87,2BHK Apartment in Malad by Florastays,hotel,19.18345,72.8588,,,,False,,,https://static.cupid.travel/hotels/590842730.jpg,liteapi
lp65758f3a,1BHK Apartment in Malad by Florastays,hotel,19.18345,72.8588,,,,False,,,https://static.cupid.travel/hotels/589449634.jpg,liteapi
lp6588cd0b,Bandra House - IHCL SeleQtions,hotel,19.05948257446289,72.83489227294922,2.0,,,False,,,,liteapi
lp22f4d1,Treebo Trip BKC Inn,hotel,19.07169,72.869148,3.0,,,False,,,,liteapi
lp4e85b,Atlantic Mumbai,hotel,19.089642,72.827592,3.0,,,False,,,,liteapi
lp655d3c3e,Royal Guest House by WB Inn,hotel,18.97107,72.82375,,,,False,,,https://static.cupid.travel/hotels/363934823.jpg,liteapi
lp655aa2fc,Hotel Skylink Hospitality Next to Amber Imperial,hotel,18.97913,72.83356,3.0,,,False,,,https://static.cupid.travel/hotels/523763378.jpg,liteapi
lp655a6ed9,Hotel O S K Palace,hotel,19.045807,72.895753,3.0,,,False,,,https://static.cupid.travel/hotels/598111540.jpg,liteapi
lp655ff07c,2BR Mumbai theme service apartment for staycation by FLORA STAYS,hotel,19.05021,72.88799,,,,False,,,https://static.cupid.travel/hotels/398309567.jpg,liteapi
lp6559b323,OSI Apartments Santacruz,hotel,19.08043,72.84537,,,,False,,,https://static.cupid.travel/hotels/466585721.jpg,liteapi
lp655b7282,Fabhotel Rk International,hotel,19.085541,72.884326,3.0,,,False,,,https://static.cupid.travel/hotels/ex_f276a1c8_z.jpg,liteapi
lp655b64be,Hotel O The Mumbai Inn Near Chhatrapati Shivaji International Airport,hotel,19.09978,72.88794,4.0,,,False,,,https://static.cupid.travel/hotels/578559753.jpg,liteapi
lp655b6af5,Hotel Ariana Residency by WB Inn,hotel,19.10557,72.88563,2.0,,,False,,,https://static.cupid.travel/hotels/425451173.jpg,liteapi
lp65597948,Hygeinic Airport Dormitory Near by BOM,hotel,19.10645,72.87844,2.0,,,False,,,https://static.cupid.travel/hotels/160855263.jpg,liteapi
lp655b6b0e,Hotel Rabis Inn,hotel,19.11572,72.88921,3.0,,,False,,,https://static.cupid.travel/hotels/305839505.jpg,liteapi
lp655ff1ab,1BR Mumbai theme Apartment In Powai by Florastays,hotel,19.11672,72.91325,,,,False,,,https://static.cupid.travel/hotels/414500488.jpg,liteapi
lp655aa314,FabHotel Cozy Inn - Nr Mumbai International Airport,hotel,19.11886,72.88647,3.0,,,False,,,https://static.cupid.travel/hotels/526945041.jpg,liteapi
lp655b6afb,FabHotel City Inn,hotel,19.123816,72.879901,2.0,,,False,,,https://static.cupid.travel/hotels/614471681.jpg,liteapi
lp655b0b7a,Collection O De Meridian Near Versova Beach,hotel,19.13264,72.81485,3.0,,,False,,,https://static.cupid.travel/hotels/473188133.jpg,liteapi
lp655b6ff5,Rich Hotel Mumbai,hotel,19.13635,72.82377,3.0,,,False,,,https://static.cupid.travel/hotels/339239498.jpg,liteapi
lp655a9743,FabExpress Aksa Inn - Nr Kokilaben,hotel,19.13894,72.82019,3.0,,,False,,,https://static.cupid.travel/hotels/593370789.jpg,liteapi
lp4e8b7,Hotel Satellite,hotel,19.097204208374023,72.84617614746094,2.0,,,False,,,,liteapi
lp7418d,Hotel Galaxy Comforts,hotel,19.12342,72.88295,3.0,,,False,,,,liteapi
lp655b6aec,Hotel Venture Grand,hotel,19.096662521362305,72.8938217163086,2.0,,,False,,,https://static.cupid.travel/hotels/ex_w1024h650x0y16-9386c3f6_z.jpg,liteapi
lp655d3405,Sunrise Dormitory Hostel,hostel,19.10754,72.82631,,,,False,,,,liteapi
lp655a8035,OYO 30693 Hotel Blue Executive,hotel,19.10755,72.88934,,,,False,,,,liteapi
