place_id,name,kind,lat,lng,stars,opening_hours,cuisine,veg,rating,reviews,photo,source
n283163978,The Charcoal Pit,restaurant,18.5167868,73.8791405,,,,False,,,,
n283166314,The Great Punjab,restaurant,18.5364098,73.8973015,,,indian,False,,,,
n283166318,Shisha Jazz Cafe,cafe,18.5391279,73.9049627,,,,False,,,,
n313785040,German Bakery,cafe,18.5396234,73.8873711,,,,False,,,,
n342117176,Anand Thali,restaurant,18.5009808,73.9448522,,,,False,,,,
n511975995,Hard Rock Cafe,restaurant,18.5387955,73.912781,,,american,False,,,,
n511975996,Stone Water Grill,restaurant,18.5383533,73.9126684,,,,False,,,,
n513157038,Nisarg,restaurant,18.5067094,73.8321992,,,seafood,False,,,,
n518295335,Le Pizzeria,restaurant,18.5396305,73.8833529,,,,False,,,,
n518640962,Asia Kitchen,restaurant,18.538908,73.8752478,,,chinese,False,,,,
n531363938,Thai House,restaurant,18.5690389,73.8321526,,Mo-Sa 12:00-22:45,thai,False,,,,
n545786379,Yummy Tummy,restaurant,18.5124118,73.9284574,,,regional,False,,,,
n622955570,Seasonal Tastes,restaurant,18.5391023,73.9061842,,,,False,,,,
n663592103,Aroma's,cafe,18.5387882,73.9052035,,,,False,,,,
n667277959,Haka,restaurant,18.5062169,73.9013284,,,,False,,,,
n667287796,Cafe Coffee Day,cafe,18.5395824,73.8870419,,,coffee_shop,False,,,,
n671445777,Thousand Oaks,restaurant,18.5104212,73.8799164,,,,False,,,,
n671446340,11 East Street Cafe,restaurant,18.5199422,73.8804464,,,,False,,,,
n671452972,Kareem's,restaurant,18.5140857,73.8796502,,,,False,,,,
n671455417,Marz-O-Rin,cafe,18.5165106,73.8790851,,,,False,,,,
n671465865,Kwality,restaurant,18.5150767,73.8799074,,,,False,,,,
n672119121,Sheetal Arch,restaurant,18.5124763,73.880839,,,,False,,,,
n672215465,Sigree,restaurant,18.5395737,73.8750368,,,,False,,,,
n672226924,Flags,restaurant,18.5272989,73.877989,,,,False,,,,
n672232247,Coffee House,cafe,18.5187719,73.8772441,,,,False,,,,
n672232340,Ram Krishna,restaurant,18.5191213,73.8785611,,,,False,,,,
n672675264,Starbucks,cafe,18.5392674,73.8866937,,,coffee_shop,False,,,,
n674921316,Trinco,restaurant,18.5265172,73.8872945,,,,False,,,,
n674921350,Cafe Code Red,cafe,18.5262952,73.8871613,,,,False,,,,
n675628669,National War Memorial Southern Command,memorial,18.5230742,73.8896575,,,,False,,,,
n679044949,Prego,restaurant,18.5393141,73.9061183,,,,False,,,,
n679044987,Kangan,restaurant,18.5399703,73.9061077,,,,False,,,,
n761910880,Rajwada,restaurant,18.5494,73.8042565,,,indian,False,,,,
n761931088,Up and Above,restaurant,18.5064267,73.7839701,,,,False,,,,
n763545776,Grubshup,cafe,18.5108517,73.8298928,,,indian,False,,,,
n789623167,Blue Nile,restaurant,18.5217526,73.8774667,,,,False,,,,
n789630715,George,restaurant,18.5173226,73.8794126,,,,True,,,,
n811226430,Mahesh Lunch Home,restaurant,18.5208896,73.8725539,,,,False,,,,
n824469850,Barista Lavazza,cafe,18.5181975,73.8793295,,,,False,,,,
n831251526,Toit brewery and Resturant,restaurant,18.5540074,73.9051438,,,,False,,,,
n831253313,Rajdhani,restaurant,18.5452508,73.9063531,,,,False,,,,
n865779489,Hotel Mahableshwar,restaurant,18.5552434,73.7983529,,,indian;chinese,False,,,,
n865812384,Pastry Corner,cafe,18.5088106,73.8303995,,,,False,,,,
n870193119,Iceberg,cafe,18.5315199,73.8317233,,,,False,,,,
n871483312,Zamu's Place,restaurant,18.5365716,73.8757543,,,,False,,,,
n871497176,Sadanand Resorts,restaurant,18.5683679,73.7666377,,,,False,,,,
n936411065,Chung Fa,restaurant,18.5169144,73.8794546,,,,False,,,,
n936411462,Mayur Thali,restaurant,18.5166042,73.8795245,,,,False,,,,
n1011184907,Hotel Parichay,restaurant,18.5435148,73.7841772,,,,False,,,,
n1011184945,Hotel Prasanna,restaurant,18.5435326,73.7844503,,,,False,,,,
n1065859943,Shivanjali Restaurant and Bar,restaurant,18.5425963,73.7887912,,,,False,,,,
n1157298290,गोकुळ,restaurant,18.588516,73.7830226,,,,True,,,,
n1223055583,Atlantis,restaurant,18.4909464,73.9002064,,,,False,,,,
n1229142799,Yerawada,cafe,18.5656319,73.8865762,,,coffee_shop,False,,,,
n1242067056,Pizza Hut,restaurant,18.5191455,73.8775238,,,pizza,False,,,,
n1243064186,Judicial Canteen,cafe,18.5243164,73.873222,,,,False,,,,
n1255574000,Durga Cafe,cafe,18.4850121,73.8161195,,,coffee_shop,False,,,,
n1271226865,Hotel Palavi,restaurant,18.5098693,73.8144673,,,,False,,,,
n1432888998,Shivar Garden,restaurant,18.5950013,73.7875593,,"PH,Mo-Su 11:00-23:00",,False,,,,
n1532852993,Cafe Coffee Day,cafe,18.5124268,73.9285386,,,coffee_shop,False,,,,
n1532852999,Global Punjab,restaurant,18.5096188,73.9283508,,,indian,False,,,,
n1534215007,Darshan,restaurant,18.5140762,73.8409178,,,international,False,,,,
n1534457948,Cafe Good Luck,restaurant,18.5172995,73.8414591,,,indian,False,,,,
n1563305285,Cafe Cofee Day,cafe,18.5086466,73.789635,,,coffee_shop,False,,,,
n1563323284,Punjab Canteen,restaurant,18.4965595,73.802295,,,indian,False,,,,
n1597826957,Hotel Ravikant,restaurant,18.4747312,73.8560171,,,,True,,,,
n1609994720,Tiger Trail,restaurant,18.5464794,73.9065617,,,indian,False,,,,
n1651542424,Punjabi Dhaba,restaurant,18.5651701,73.9113565,,,,False,,,,
n1705497142,One way Food,restaurant,18.4922841,73.8337744,,,,True,,,,
n1706553325,Pruthvi Vegetarianism,restaurant,18.4945107,73.8134701,,,,True,,,,
n1709944510,Basuri,restaurant,18.4800904,73.8569229,,,,True,,,,
n1709944517,Khooshabu,restaurant,18.4633503,73.8583829,,,,True,,,,
n1710015241,Shamli,restaurant,18.5050823,73.9279049,,,,False,,,,
n1710015243,Bashri,restaurant,18.5032866,73.9277976,,,,True,,,,
n1720374434,Abhishek Veg,restaurant,18.5037935,73.8306467,,,,True,,,,
n1725218626,Meghdoot,restaurant,18.4807993,73.8752608,,,,False,,,,
n1730061011,Panchami Hotel,restaurant,18.4926639,73.8574632,,,,True,,,,
n1738338368,Vedant,restaurant,18.4887519,73.8571728,,,,True,,,,
n1751252787,"Oasis Restaurant, Bar and Banquets",restaurant,18.4977614,73.7876344,,Mo-Su 11:00-23:00,,False,,,,
n1768859199,Pesto Pesto,cafe,18.5381475,73.9068979,,Mo-Su 09:00-23:00,,False,,,,
n1796901377,Malaka Spice,restaurant,18.5374326,73.8973367,,,thai;asian,False,,,,
n1800033826,Great Kebab Factory,restaurant,18.5532327,73.9378665,,,,False,,,,
n1804237966,Marrakesh,restaurant,18.5487745,73.9056726,,,kebab,False,,,,
n1827287456,Abhiman Restaurant,restaurant,18.5405197,73.8192184,,,,False,,,,
n1838689879,One Way Foods,restaurant,18.4956381,73.8107689,,,,True,,,,
n1841000023,Basho's,restaurant,18.5306779,73.9183814,,,international,False,,,,
n1846908244,Eddie's Kitchen,restaurant,18.5175183,73.8748581,,,,False,,,,
n2006306717,Donut Magic,restaurant,18.481153,73.901725,,,donut,False,,,,
n2031346073,Sicilia Italian Restaurant & Lounge,restaurant,18.539333,73.87508,,,italian,False,,,,
n2034779203,Kwality,restaurant,18.4917721,73.900206,,,indian,False,,,,
n2036476888,Brew Brothers,cafe,18.477798,73.9016322,,,coffee_shop,False,,,,
n2081486313,Parvati Museum,museum,18.4972669,73.8468291,,,,False,,,,
n2081486315,Parvati,viewpoint,18.4977735,73.8471143,,,,False,,,,
n2148865443,Panchvati Gaurav,restaurant,18.5178988,73.8386127,,,indian,False,,,,
n2183488936,Barista Lavazza,cafe,18.5151955,73.8286908,,,,False,,,,
n2183488938,Kollage Food Court,cafe,18.5138821,73.8285786,,,,False,,,,
n2183569906,Cafe Coffee Day,cafe,18.5657868,73.918066,,,coffee_shop,False,,,,
n2185567181,Cafe Coffee Day,cafe,18.5192283,73.8305068,,,coffee_shop,False,,,,
n2192111448,Greenfood,restaurant,18.501756,73.8105515,,,indian,False,,,,
n2203119229,Sweet Chariot,cafe,18.527138,73.8416279,,,,False,,,,
n2206571165,Smokin' Joe's,restaurant,18.4987975,73.8132784,,Mo-Su 11:00-23:00,pizza,False,,,,
n2263018409,The Flour Works,restaurant,18.5490038,73.9004452,,,international,False,,,,
n2266979720,Wadeshwar,restaurant,18.5184279,73.8416116,,,indian,False,,,,
n2273608806,Maharshi Dhondo Keshav Karve,artwork,18.5019805,73.8150555,,,,False,,,,
n2273735905,Amrapali,restaurant,18.518642,73.8415805,,,indian,False,,,,
n2273735906,Barbeque Nation,restaurant,18.5163182,73.8423121,,"Mo-Su 12:00-15:00,19:00-23:00",barbecue,False,,,,
n2273735910,Vaishali,restaurant,18.520848,73.8412179,,,indian,False,,,,
n2274995528,Baadshahi,restaurant,18.5086926,73.8488417,,,indian,False,,,,
n2296727259,Sarvajanik Kaka,memorial,18.5119368,73.8537136,,,,False,,,,
n2314870623,Roopali,restaurant,18.5193443,73.8414253,,,indian,False,,,,
n2323358533,Do Say Idlicious,restaurant,18.5617981,73.7835145,,,indian,False,,,,
n2345379460,Kareem's,restaurant,18.5960248,73.7882756,,,indian,False,,,,
n2383922172,Chaitanya Paranthas,restaurant,18.5097729,73.816251,,,,False,,,,
n2384119753,Hotel Nilayam Family Restaurant,restaurant,18.5596449,73.7900382,,,indian,True,,,,
n2410718622,Eden Court,restaurant,18.5325596,73.8341131,,,,False,,,,
n2410718623,Little Italy,restaurant,18.5348218,73.8381397,,,italian,False,,,,
n2410718631,Soul Kitch,restaurant,18.5348843,73.8381849,,,,False,,,,
n2432216824,Four Seasons Restaurant & Bar,restaurant,18.5036735,73.8215607,,,regional,False,,,,
n2432216825,Yolkshire,restaurant,18.5032899,73.8216326,,,regional,False,,,,
n2455119457,Joshi's Museum of Miniature Railways,museum,18.5014117,73.822364,,"Mo-We,Fr 09:00-13:00,13:30-17:00; Th 09:00-13:00; Sa 09:00-16:00,17:00-20:00; Su 17:00-20:00",,False,,,,
n2473301733,Krishna Pure Veg,restaurant,18.487046,73.8128332,,,indian,False,,,,
n2488142173,Shivsagar,restaurant,18.5202983,73.8457959,,,indian,False,,,,
n2512756388,Chaat Cafe,restaurant,18.5013222,73.8221818,,,indian,False,,,,
n2512756389,Wadeshwar,restaurant,18.5013733,73.8221823,,,,False,,,,
n2527611870,Cafe Eastwood,cafe,18.4987178,73.8193274,,Mo-Su 13:00-23:00,,False,,,,
n2527611871,Siya,restaurant,18.4990493,73.8193074,,,indian,False,,,,
n2537620596,Abhishek Non-Veg,restaurant,18.5040868,73.8305613,,,indian,False,,,,
n2537620599,Kalinga Seafood Restaurant,restaurant,18.5080294,73.8350616,,,indian,False,,,,
n2537620601,Manali,restaurant,18.5027646,73.8288666,,,indian,False,,,,
n2537620603,Pavitra,restaurant,18.5014649,73.8268161,,,indian,False,,,,
n2537620605,Swami,restaurant,18.5080004,73.8350198,,,indian,False,,,,
n2550695928,Kalyani Veg,restaurant,18.5457379,73.9058142,,,indian,False,,,,
n2550695930,The Bounty Sizzlers,restaurant,18.5488016,73.9054218,,,,False,,,,
n2561173070,Café Coffee Day,cafe,18.5001122,73.8143802,,,,False,,,,
n2561173081,Cafe Durga,cafe,18.5060236,73.817776,,Mo-Su 09:00-23:00,,False,,,,
n2561173086,Konkan Express,restaurant,18.4981982,73.8139826,,,regional,False,,,,
n2561173094,Sheetal,restaurant,18.5024496,73.8161157,,,indian,False,,,,
n2566241271,Kimaya,restaurant,18.5049037,73.8219181,,,indian,False,,,,
n2566241274,Olivia,restaurant,18.5054189,73.8232962,,,,False,,,,
n2566241277,Rana,restaurant,18.5023108,73.8050581,,,indian,False,,,,
n2578138779,Cafe Coffee Day,cafe,18.5081327,73.7828202,,,coffee_shop,False,,,,
n2604377957,Casa Lolo,restaurant,18.5169498,73.8339362,,,,False,,,,
n2604377962,Mainland China,restaurant,18.5314274,73.8293605,,,chinese,False,,,,
n2618478633,Jamnalal Bajaj,memorial,18.5013633,73.8541743,,,,False,,,,
n2618478634,Lokashahir Annabhau Sathe,memorial,18.5016195,73.8542012,,,,False,,,,
n2618478635,Natraj,restaurant,18.5020727,73.8562922,,,indian,False,,,,
n2694748954,Rani Laxmibai,memorial,18.5225267,73.8482223,,,,False,,,,
n2784700177,Eatsome,restaurant,18.5032321,73.8216498,,Mo-Su 11:00-22:00,"regional,wraps",False,,,,
n2784700384,Samarath Hotel,restaurant,18.50746,73.8083522,,,regional,False,,,,
n2784700927,Royal Only Chicken,restaurant,18.5103419,73.8164334,,,burger,False,,,,
n2784710434,Marrakesh,restaurant,18.5244163,73.8415682,,,regional,False,,,,
n2785784969,Cafe Coffee Day,cafe,18.5137007,73.8155415,,,coffee_shop,False,,,,
n2785802454,cafe durga,cafe,18.5155055,73.8155019,,,regional,False,,,,
n2787020120,Sukanta,restaurant,18.5169481,73.844257,,"Mo-Su 11:30-15:00,19:30-22:30","regional,gujarati",False,,,,
n2787021729,Cafe Coffee Day,cafe,18.522171,73.841185,,,coffee_shop,False,,,,
n2787023153,Yana Sizzlers,restaurant,18.5279415,73.84293,,Mo-Su 12:00-23:00,sizzlers,False,,,,
n2787974574,Hotel Nimbalkar,restaurant,18.4997954,73.8222785,,,,False,,,,
n2787982835,Mr. Gelato,cafe,18.5033991,73.8194485,,,ice_cream,False,,,,
n2787986706,Birdy's Cake Shop,cafe,18.503162,73.8200213,,,"pastry,cakes",False,,,,
n2801569152,Asian Melange,restaurant,18.5014463,73.8142232,,,,False,,,,
n2827466758,Marrakesh,restaurant,18.5096072,73.9281761,,,,False,,,,
n2827467019,Chennai Express,restaurant,18.5093984,73.9281865,,,,False,,,,
n2836383187,Barbeque Nation,restaurant,18.5524942,73.899794,,,barbecue,False,,,,
n2858176026,Sumitra,restaurant,18.5039234,73.8211374,,,indian,False,,,,
n2860338155,Zanbaqq,restaurant,18.510171,73.8159984,,Mo-Su 11:30-23:00,regional;arab,False,,,,
n2868930217,Samadhan,restaurant,18.5157746,73.8564341,,,indian,False,,,,
n2929239713,Richie's Cake Shop,restaurant,18.5194753,73.7785948,,10:00-22:00,cake;snack,True,,,,
n2929239721,Trikaya,restaurant,18.519189,73.778669,,,,False,,,,
n2940513803,Saffron,restaurant,18.5077877,73.8443855,,,,False,,,,
n2940513804,Vasantdada Patil,memorial,18.5053539,73.853572,,,,False,,,,
n2955707706,Chillies,restaurant,18.5346916,73.9120424,,,,False,,,,
n3129346152,Sharao Lawns,restaurant,18.5122671,73.8133078,,,,False,,,,
n3206031010,Garam Tawa Bistro & Herbal Cafe,cafe,18.5752201,73.7662513,,,,False,,,,
n3256869341,Crunchy and Crispy,restaurant,18.484884,73.8161061,,,,False,,,,
n3269062066,"Bookbar - Artisanal cafe, bookstore and pizzahouse",cafe,18.5254171,73.8413938,,Mo-Su 10:00-23:30,coffee_shop,False,,,,
n3309053861,Salt and Pepper,restaurant,18.5081847,73.8503517,,,chinese,False,,,,
n3311223799,Cafe Peter,cafe,18.5105251,73.7818758,,,,False,,,,
n3337848243,Woodlands,restaurant,18.5080934,73.83466,,,,False,,,,
n3386030400,HAL Marut,attraction,18.5172576,73.8353667,,,,False,,,,
n3476353654,Saudagar,restaurant,18.594098,73.7902498,,,regional;indian;tandoori;chinese,False,,,,
n3488367794,Le Plaisir,cafe,18.5181398,73.8380932,,,coffee_shop,False,,,,
n3495323617,Sveekar,restaurant,18.5064157,73.832361,,,,False,,,,
n3495323618,Vedacharya Phatak Guruji,memorial,18.4993132,73.8520975,,,,False,,,,
n3504367749,Brahma Garden,restaurant,18.4737902,73.8221562,,Mo-Su 11:00-23:00,Multi-Cuisine,True,,,,
n3506834646,Banyan Tree,restaurant,18.4921268,73.8290703,,,,False,,,,
n3533206593,Cafe Coffee Day,cafe,18.5228996,73.8483963,,Mo-Su 09:00-23:00,coffee_shop,False,,,,
n3533920293,"Samruddhi Veg, Non-Veg Restaurant and Snacks",restaurant,18.4467281,73.810231,,Mo-Su 11:00-23:00,,False,,,,
n3535099237,Girija Matoshree,restaurant,18.4900082,73.8270307,,,international,False,,,,
n3547594671,Pul Deshpande Garden,park,18.4441312,73.8008065,,,,False,,,,
n3637303226,Agatya,restaurant,18.514425,73.8542899,,Mo-Su 08:00-23:30,,True,,,,
n3642844986,Mad House Grill,restaurant,18.536566,73.8991446,,,american;burger;chicken,False,,,,
n3647415344,Cafe Coffee Day,cafe,18.5079686,73.8315264,,,coffee_shop,False,,,,
n3647429522,Samudra,restaurant,18.5079009,73.8315753,,Mo-Su 07:00-00:00,,True,,,,
n3657496166,Aavees,restaurant,18.5103191,73.8340451,,,,False,,,,
n3657496181,Kobe Sizzlers,restaurant,18.5148321,73.8289305,,Mo-Su 11:00-23:00,,False,,,,
n3657496187,Niranjan,restaurant,18.5260651,73.8419578,,,,False,,,,
n3657496192,Saffron,restaurant,18.5440853,73.7898446,,,,False,,,,
n3657496201,Wadeshwar,restaurant,18.5149005,73.8286396,,,,False,,,,
n3698221295,Chandani Garden Restaurant and Bar,restaurant,18.4642879,73.8190082,,,,False,,,,
n3699871343,Aditya Pure Veg.,restaurant,18.5098818,73.8340488,,,,False,,,,
n3710571734,Jumboking Vada Pav,cafe,18.5160792,73.842796,,,,False,,,,
n3710571735,Aditya Pure Veg.,restaurant,18.5098831,73.8340316,,,,False,,,,
n3721775105,Siddhanath Pure Veg.,restaurant,18.4476948,73.8295486,,,,False,,,,
n3730613377,MasterChef Restaurant and Bar,restaurant,18.446348,73.8253409,,,,False,,,,
n3736424925,Durga Restaurant and Bar,restaurant,18.4990512,73.8508435,,,,False,,,,
n3740998863,Sinhagad Vikas Udyan,park,18.4656426,73.8176244,,,,False,,,,
n3746861106,Cafe Coffee Day,cafe,18.5250285,73.8416866,,Mo-Su 09:00-23:00,coffee_shop,False,,,,
n3788763375,Classic Rock Coffee Co.,restaurant,18.549017,73.9063415,,,,False,,,,
n3816611692,Sumadhu Veg Restaurant,restaurant,18.4896771,73.832051,,Mo-Su 09:00-23:00,,False,,,,
n3824604285,Purab,restaurant,18.5150062,73.8425613,,,,False,,,,
n3837531766,Deccan Corner,restaurant,18.5163515,73.8423676,,,,False,,,,
n3837531767,Floyds 23,cafe,18.5190715,73.8452439,,,,False,,,,
n3837531769,Krushnarao Gangurde,memorial,18.5260723,73.8506498,,,,False,,,,
n3937245716,Mia Cuccina,restaurant,18.5377222,73.8989649,,,pizza,False,,,,
n3961482061,Toscano Pune Koregaon Park,restaurant,18.5329864,73.8968166,,,italian,False,,,,
n3964005611,Yogi Tree Cafe,cafe,18.5412531,73.8876529,,,,False,,,,
n3973927417,Naivedyam,restaurant,18.4973177,73.8539536,,Mo-Su 11:00-23:30,,False,,,,
n3983902182,Bhau's Cafe,cafe,18.5440664,73.7816736,,,coffee_shop,False,,,,
n3986715072,SD Cafe,cafe,18.5440073,73.7817491,,,coffee_shop,False,,,,
n3986768861,Namaskaar,restaurant,18.5440037,73.7820129,,,indian,False,,,,
n3987038638,Pagdandi cafe,cafe,18.5523223,73.7931643,,Tu-Su 10:00-8:00,coffee_shop;sandwich;korean;burger;chicken,False,,,,
n3991280143,Nakshatra,restaurant,18.5430632,73.7804692,,,indian,False,,,,
n3997118331,Buddha Statue,monument,18.5442399,73.7740402,,,,False,,,,
n4061013196,The Breakfast Cafe,cafe,18.5233913,73.7804892,,,cafe,False,,,,
n4067965460,Hotel Surabhi,restaurant,18.5029247,73.7610515,,,indian,False,,,,
n4084794551,Kailash Cold Drink House,cafe,18.5114711,73.8781232,,,,False,,,,
n4194758331,Olivinos,restaurant,18.4804056,73.9315331,,12:00 - 23:00,"italian,_Pizza,_Pasta,_Mexican,_Lebanese",False,,,,
n4235777629,Rude Lounge,restaurant,18.5618317,73.9180056,,,,False,,,,
n4287470750,Abhiruchi Terrace Restaurant,restaurant,18.4627353,73.8164543,,,,False,,,,
n4293083390,Lonkar wasti,restaurant,18.5263752,73.9539218,,,,False,,,,
n4328129592,مطعم العرب,restaurant,18.4759896,73.8917034,,,,False,,,,
n4351483520,Majghar,restaurant,18.5103602,73.8157272,,,maharashtrian;konkani,True,,,,
n4354672915,The Sassy Spoon Pune,restaurant,18.5339401,73.8987288,,,,False,,,,
n4452486687,Himali Canteen,cafe,18.503351,73.8323972,,,,False,,,,
n4452495870,Coffee and Bread Art Cafe,cafe,18.5040027,73.8308185,,,,False,,,,
n4452498840,Surya Veg/Non Veg,restaurant,18.5040052,73.83098,,,,False,,,,
n4559354190,उपहारगृह,restaurant,18.5471692,73.8320871,,,,False,,,,
n4583528602,One O Eight,restaurant,18.5370853,73.8987605,,,,False,,,,
n4583821521,Joy Foods,restaurant,18.5332739,73.8872318,,,,False,,,,
n4616852474,NH37 DHABA,restaurant,18.5387183,73.8343717,,,,False,,,,
n4631867916,Pizza Hut,restaurant,18.5031187,73.821688,,,pizza,False,,,,
n4631870669,Jayesh A1 Sandwichs,restaurant,18.5035906,73.8204939,,,snacks,False,,,,
n4748299854,Café Coffee Day,cafe,18.50277,73.9010709,,,coffee_shop,False,,,,
n4785655918,Wellness Club,restaurant,18.4469985,73.9004034,,,,False,,,,
n4853188614,Supreme Corner,restaurant,18.520535,73.8460261,,,indian,False,,,,
n4879927647,chocolate caffe,cafe,18.550336,73.8833164,,Mo-Su 10:00-22:00,all_in_caffe,False,,,,
n4938936477,Satwik Thali,restaurant,18.5090306,73.8490554,,,,False,,,,
n5031488748,Sudit Su's Chinese Restaurant,restaurant,18.4951699,73.812367,,,,False,,,,
n5057728323,Shiv Sagar,restaurant,18.5602279,73.8056378,,Mo-Su 09:00-22:30,,True,,,,
n5308182756,Apache Highstreet,restaurant,18.5694127,73.7745138,,Mo-Su 11:00-23:00,,False,,,,
n5518826656,Reddy's Biryani Zone,restaurant,18.5882951,73.7846923,,,,False,,,,
n5518831417,Durga Restaurant,restaurant,18.588175,73.7840419,,,,True,,,,
n5554773706,Smiley House,restaurant,18.5623639,73.8296726,,,vietnamese,False,,,,
n5554773712,Aalok,restaurant,18.5253926,73.8532647,,,,False,,,,
n5587663821,Global Punjab,restaurant,18.4596266,73.7858652,,,indian;regional;chinese;chicken;ice_cream;seafood,False,,,,
n5589969559,Akshat Hotel,restaurant,18.5882192,73.7837338,,,,False,,,,
n5609536370,Reddy's Biryani Zone,restaurant,18.5884132,73.7846268,,,,False,,,,
n5682056653,NG park,park,18.5170485,73.8607572,,,,False,,,,
n5695613020,Vee cafe,cafe,18.4595641,73.7856,,,sandwich,False,,,,
n5695616032,Radha Krushna,restaurant,18.4588958,73.7868026,,,indian,False,,,,
n5695620742,Green Field Garden,restaurant,18.4577197,73.8046959,,,indian,False,,,,
n5695622054,Hotel Relax Family Garden Resto Bar,restaurant,18.4566671,73.8008696,,,indian,False,,,,
n5695637394,Cafe Chocolade,cafe,18.4599021,73.7859788,,,sandwich;coffee_shop;burger,False,,,,
n5713386202,Sadguru Snacks & Catering,cafe,18.4938505,73.825703,,,,False,,,,
n5771102641,Scagegoat,restaurant,18.5476138,73.7911434,,,chinese,False,,,,
n5773606803,Polka Dots,cafe,18.5624008,73.806953,,"PH,Mo-Su 11:00-23:00",,False,,,,
n5795521366,Yash Laxmi Numismatic Museum,museum,18.4919917,73.8236524,,Tu-Su 17:00-20:00,,False,,,,
n5796441166,Manisha Bhel,restaurant,18.4930403,73.8257982,,,indian,False,,,,
n5803624692,Potoba,restaurant,18.4921774,73.8252641,,,indian,False,,,,
n5807280625,my daBBa,restaurant,18.4922771,73.8239542,,Mo-Su 9:00-17:00,,False,,,,
n5810802107,Mayur Pavbhaji,restaurant,18.492924,73.8251172,,,,False,,,,
n5810802108,Paprika,restaurant,18.4982663,73.8265123,,,,False,,,,
n5815976626,La Gustosa,restaurant,18.5019711,73.8147421,,,italian,False,,,,
n5815976636,Ashirvad,restaurant,18.5019488,73.8140226,,Th-Tu 11:00-22:00,,True,,,,
n5815976639,De Baker's Lounge,cafe,18.502221,73.8094132,,,,False,,,,
n5818757670,Samartha Pav Bhaji And Juice Cetner,restaurant,18.4936388,73.8252581,,,indian,False,,,,
n5819803195,German Bakery,cafe,18.5199223,73.8306161,,,,False,,,,
n5832220015,Kollage,restaurant,18.5145117,73.8283664,,,,False,,,,
n5832220016,Coffee Republic,cafe,18.514478,73.8288841,,,coffee_shop,False,,,,
n5832220017,Crazy Cheesy Cafe,cafe,18.5117222,73.8293085,,Mo-Su 09:00-21:00,pizza;sandwich;coffee_shop;italian,False,,,,
n5832220035,Cafe Coffee Day,cafe,18.5081099,73.7884605,,,coffee_shop,False,,,,
n5832438786,Kalinga,restaurant,18.5050437,73.8320678,,,,True,,,,
n5832438806,Suryama,restaurant,18.5180228,73.8362521,,,,False,,,,
n5832548489,SP's Biryani,restaurant,18.5083286,73.8502975,,,,False,,,,
n5832548498,Darja Misal,restaurant,18.509449,73.846814,,,,False,,,,
n5832548499,Rohit Coffee Corner,cafe,18.5095069,73.8468166,,,,False,,,,
n5832579348,New Apoorwai,restaurant,18.5142459,73.8461682,,,,False,,,,
n5832579356,Shri Niyanand Bhuvan,restaurant,18.5127211,73.8585547,,,indian,False,,,,
n5839779122,Anand Pav Bhaji,restaurant,18.4907367,73.8230134,,,,False,,,,
n5839779124,Sanman,restaurant,18.490578,73.8233399,,,indian,False,,,,
n5839779135,Aapulaki,restaurant,18.4907109,73.8229752,,,,False,,,,
n5839779136,Food Junction,restaurant,18.4907421,73.8229778,,,,False,,,,
n5846549316,Tsaai Sshen Yeh,restaurant,18.5518496,73.7932214,,,,False,,,,
n5846549317,Chota Bite by Cafe Goodluck,cafe,18.5523169,73.7938289,,,,False,,,,
n5846549318,Greedy Man's Pizzeria,restaurant,18.5523455,73.7938323,,,pizza,False,,,,
n5846549319,Origin Bistro,restaurant,18.5521287,73.7938182,,Mo-Su 09:00-22:30,,False,,,,
n5870770162,Brewbakes Café|Bistro Paud Raod,cafe,18.5083054,73.8223027,,Mo-Su 11:00-23:00,pizza;burger;sandwich;coffee_shop;ice_cream;chicken,False,,,,
n6007592757,भैरवी,restaurant,18.5918931,73.7734702,,"12:30-15:30,19:30-22:30",goat mutton,False,,,,
n6007597836,Oriental Kitchen,restaurant,18.591382,73.7734242,,,,False,,,,
n6015253124,Phadke Dining Hall,restaurant,18.5085672,73.8512576,,Mo-Su 09:00-21:00,indian;maharashtrian,True,,,,
n6042492266,AIMS Cafeteria,cafe,18.5629732,73.810633,,,regional,False,,,,
n6111132430,Hyderabadi Spice,restaurant,18.5604276,73.809483,,Mo-Su 09:00-21:00,,False,,,,
n6111132432,Radhika,restaurant,18.560421,73.8100382,,,,True,,,,
n6111212666,Rahul,restaurant,18.5655328,73.8068155,,Mo-Su 11:00-23:30,indian;seafood,True,,,,
n6113604700,Deewan Khana,restaurant,18.5739308,73.7766078,,,,False,,,,
n6113604714,Akshay,restaurant,18.569225,73.7819041,,,,True,,,,
n6113753517,Mavala Darbar,restaurant,18.5675534,73.7755792,,"Tu-Su 11:00-15:00,19:00-23:00",,False,,,,
n6113753529,Nawab Asia,restaurant,18.5695764,73.7745131,,Mo-Su 11:30-22:00,,False,,,,
n6113753531,Incognito,restaurant,18.5703636,73.7739697,,Mo-Su 11:00-23:00,,False,,,,
n6113753532,Starbucks,cafe,18.5702285,73.7744853,,Mo-Su 07:00-22:00,coffee_shop,False,,,,
n6113753535,Gong,restaurant,18.5703679,73.7741947,,"Mo-Su 12:30-15:30, 19:00-24:00",asian,False,,,,
n6113753541,Tales and Spirits,restaurant,18.5718309,73.7749757,,Mo-Su 12:00-24:00,,False,,,,
n6116153820,Orion,restaurant,18.5659579,73.7728608,,,,False,,,,
n6116153828,The Poona Canteen,restaurant,18.5674237,73.7715042,,,,False,,,,
n6116153829,Elora Artisan Kitchen,restaurant,18.5675463,73.7715074,,,,False,,,,
n6116153830,No Strings Attached,restaurant,18.5674835,73.7714472,,,,False,,,,
n6116153831,1BHK Superbar,restaurant,18.5676329,73.7715096,,,,False,,,,
n6116290216,Surabhi,restaurant,18.5254288,73.8496605,,,,False,,,,
n6116290219,Kailas,restaurant,18.5309533,73.8756088,,,,False,,,,
n6116290220,Shivprasad,restaurant,18.5310569,73.8757443,,,,False,,,,
n6128815332,Domino's,restaurant,18.5870159,73.780316,,,pizza,False,,,,
n6130921997,Cafe Old Skool,cafe,18.5532768,73.8075129,,,,False,,,,
n6130921999,Nosh Cafe and Kichen,cafe,18.5533066,73.8073813,,,,False,,,,
n6130922002,The Blue Plate,restaurant,18.5533359,73.8067814,,,,False,,,,
n6130922009,Cafe Coffee Day,cafe,18.5546075,73.8047402,,,coffee_shop,False,,,,
n6131097700,Peshwa,restaurant,18.5604086,73.8094112,,,,False,,,,
n6131097719,Saltwater,restaurant,18.5626701,73.8076368,,,fish,False,,,,
n6135560380,Sarjaa,restaurant,18.5531261,73.8092758,,"Mo-Su 12:00-15:30,19:00-23:30",indian;chinese,False,,,,
n6135560586,Kobe Sizzlers,restaurant,18.5549709,73.8094796,,,,False,,,,
n6135560589,Taaareef,restaurant,18.5560198,73.8090143,,,,False,,,,
n6135560596,Mr. Veg,restaurant,18.5599611,73.8092825,,,,True,,,,
n6145441620,Prem Resto Bar,restaurant,18.5077353,73.8291342,,,,False,,,,
n6145662564,Gandharva,restaurant,18.5226465,73.8490851,,,,False,,,,
n6167600876,The J,restaurant,18.5147195,73.8154745,,,french_fries,False,,,,
n6168664140,Seafarers Memorial,memorial,18.528384,73.8853627,,,,False,,,,
n6168664141,General Arunkumar Vaidya,memorial,18.5283217,73.8841322,,,,False,,,,
n6168664160,Café Canada,restaurant,18.5272371,73.8639446,,,,False,,,,
n6183911096,Golden Dragon,restaurant,18.5027182,73.8173606,,,chinese,False,,,,
n6184010099,TGF Cafe,cafe,18.5392176,73.8974601,,,,False,,,,
n6184010100,Pizza Hut,restaurant,18.539135,73.8985947,,,pizza,False,,,,
n6186406656,Starbucks,cafe,18.546563,73.9009497,,,coffee_shop,False,,,,
n6186406666,Mineority,restaurant,18.5460101,73.9041911,,,,False,,,,
n6186406667,Cream Craver,restaurant,18.5459699,73.9064354,,,,False,,,,
n6186406680,Farzi Café,restaurant,18.5436606,73.9050465,,,,False,,,,
n6188016299,Dr. Babasaheb Ambedkar,memorial,18.5184425,73.8792224,,,,False,,,,
n6199355630,Cafe Coffee Day,cafe,18.5558558,73.8094085,,,coffee_shop,False,,,,
n6199355632,Pizza Hut,restaurant,18.5564381,73.8089408,,,pizza,False,,,,
n6201762552,Aakash,restaurant,18.5239983,73.8413832,,,,False,,,,
n6201762556,Starbucks,cafe,18.5224787,73.8411525,,Mo-Su 07:00-23:00,coffee_shop,False,,,,
n6201856567,Nandu's Parathas,restaurant,18.5359384,73.875879,,,,False,,,,
n6201856570,Maratha Moglai,restaurant,18.5358201,73.8762411,,,,False,,,,
n6201856577,Café Coffee Day,cafe,18.5341722,73.8765536,,,,False,,,,
n6201856578,Kapila,restaurant,18.5340845,73.8765697,,,,False,,,,
n6226505409,Cafe Pondi,restaurant,18.5488623,73.9022208,,,,False,,,,
n6232524005,360 Degree Adventure,park,18.5282471,73.7454257,,24/7,,False,,,,
n6250078437,Kathaa,cafe,18.5208204,73.8405007,,,,False,,,,
n6250078444,Hutatma Chaphekar Bandhu Memorial,memorial,18.5356145,73.8379985,,,,False,,,,
n6258873294,Hotel Bhairavee,restaurant,18.5522414,73.8033262,,Su-Sa 12:00-23:30,chinese;indian,False,,,,
n6258893451,Iron Bar & Grill,restaurant,18.570359,73.7738338,,12:00-01:30,,False,,,,
n6258899893,Guptaji Tasty Bites,cafe,18.5154534,73.8157991,,,,False,,,,
n6258913000,Community cafe,cafe,18.5109027,73.8155399,,Mo-Su 08:00-23:00,,False,,,,
n6258988969,Cafe Delight,cafe,18.5151326,73.8154298,,,,False,,,,
n6258995204,Om Sai Expresso,restaurant,18.5127078,73.7821851,,,,False,,,,
n6265665728,BALAJI TREATS,restaurant,18.4669249,73.8146529,,Mo-Su 10:00-22:00,regional;indian;chicken,True,,,,
n6271990684,Pramod Mahale,memorial,18.5326991,73.8343631,,,,False,,,,
n6346663441,The Urban Foundry,restaurant,18.5692579,73.7745191,,Mo-Su 11:30-23:00,,False,,,,
n6358041302,Joshi Upahar Gruha,restaurant,18.5067125,73.8284664,,Mo-Su 07:30-22:00,,False,,,,
n6358117019,Pahunchar Swayampak Ghar,restaurant,18.4992194,73.8312585,,,,False,,,,
n6359551343,Anna Vada,restaurant,18.4596955,73.8244636,,,,False,,,,
n6359556679,Rohit Wadevale,restaurant,18.4593565,73.8236272,,,,False,,,,
n6367546395,Shiv Shambho Vadapav and Snacks Centre,restaurant,18.4601706,73.8258956,,,,False,,,,
n6367626860,Shree Hari Bhel,restaurant,18.4607938,73.8253909,,,,False,,,,
n6367647453,Hotel Al-ZAIKA,restaurant,18.4610239,73.8258406,,,,False,,,,
n6372327006,Amrut Bhel,restaurant,18.4614551,73.8133512,,,,False,,,,
n6376292789,Om Sai Hotel,restaurant,18.4669663,73.8205367,,,,False,,,,
n6387061115,Shrinath Snacks and Cafe Point,restaurant,18.4606531,73.8238887,,,,False,,,,
n6513402614,Balle Balle Punjabi,restaurant,18.5921016,73.7847009,,,,False,,,,
n6513402615,Al Zaika,restaurant,18.5920457,73.7846808,,,,False,,,,
n6513402616,The Breakfast Box,restaurant,18.5919415,73.7844945,,,,False,,,,
n6513402617,Mad Momos,restaurant,18.5923593,73.784282,,,,False,,,,
n6514938736,Tea Center,cafe,18.5852691,73.8193095,,,,False,,,,
n6531995651,Chafa Cafe And Studio,cafe,18.533317,73.8970577,,,,False,,,,
n6536531694,Sambhaji Bagve Paryavaran Jagruti Udyan,park,18.503586,73.8724918,,,,False,,,,
n6541990365,Pradnya Resturant,restaurant,18.4923919,73.8542599,,Mo-Su 09:00-21:00,indian,False,,,,
n6577626483,Nanded City Eco Park,park,18.4547556,73.7849037,,Mo-Su 06:00-19:00,,False,,,,
n6578682912,Tanaji Malusare Putla,memorial,18.4594258,73.7865079,,,,False,,,,
n6700278666,The Chinese Wok,restaurant,18.5873107,73.7801516,,,,False,,,,
n6700403978,The Chinese Wok,restaurant,18.5874773,73.780437,,,,False,,,,
n6984014250,National Cafe,cafe,18.4603841,73.8239506,,,,False,,,,
n7044651307,Hotel chul angan,restaurant,18.4596992,73.8011789,,24/7,maharastrain,False,,,,
n7112803380,UpSouth Undri,restaurant,18.4564763,73.9128604,,,,False,,,,
n7112841941,Sunrise Garden Cafe,cafe,18.4575693,73.9126839,,,persian,False,,,,
n7177165876,Fit & Fat Bistro,cafe,18.5653066,73.8012929,,,sandwich;coffee;coffee_shop,False,,,,
n7194929645,Sante Spa Cuisine,restaurant,18.5333049,73.88742,,,,False,,,,
n7195544923,Irani Cafe,restaurant,18.5234091,73.9318397,,,,False,,,,
n7196554265,The Cult,restaurant,18.5200093,73.919858,,,,False,,,,
n7207627092,Starbucks,cafe,18.5566993,73.8088692,,,coffee_shop,False,,,,
n7463300091,Ganga Village Garden,park,18.4833505,73.9339518,,24/7,,False,,,,
n7554173093,Nandanvan,park,18.5429541,73.8138883,,24/7,,False,,,,
n7603463230,Reddys Restaurant Kalyani Nagar,restaurant,18.5436432,73.8990145,,Mo-Su 12:00-22:00,indian;chinese;chicken;tandoori;fish,False,,,,
n7944584962,Sambhaji Park,park,18.5206664,73.8472146,,,,False,,,,
n8282902933,Red Coffee Shop,cafe,18.5818453,73.8727968,,Mo-Sa 08:00-18:00,coffee_shop,False,,,,
n8353810360,jyoti,restaurant,18.4645612,73.8792226,,24/7,indian,True,,,,
n8353850906,College play ground,park,18.4822044,73.8855796,,,,False,,,,
n8361154884,Bajirao,restaurant,18.5871348,73.7806885,,,,False,,,,
n8441743015,Lalit Mahal,restaurant,18.5284491,73.8427597,,,indian,False,,,,
n8507075892,Largo Pizza,restaurant,18.4810338,73.9024651,,,pizza,False,,,,
n8711632382,The Veg Culture,cafe,18.4718862,73.8204546,,,,False,,,,
n8711632385,The Mint Leaf,restaurant,18.5080117,73.7728093,,,,False,,,,
n8714184758,Tandoor Point,restaurant,18.5403938,73.8303164,,,,False,,,,
n8829687877,Shree Krishna Veg Court,restaurant,18.5652962,73.9180346,,Mo-Su 08:00-22:00,south_indian,True,,,,
n9055379286,J J Garden,park,18.5211477,73.872096,,,,False,,,,
n9090380090,best cafe,cafe,18.5191226,73.8759631,,Mo-Su 09:00-21:00,,False,,,,
n9106176612,Neha Music Studios,cafe,18.4987408,73.8382785,,Mo-Sa 08:00-18:00,,False,,,,
n9128835091,Habibi Cafe,cafe,18.5898977,73.8637178,,Mo-Su 09:00-21:00,coffee_shop,False,,,,
n9128852308,omkar cafe,cafe,18.4713805,73.887929,,Mo-Su 09:00-21:00,pizza,False,,,,
n9128875182,Green Park,park,18.5221277,73.8632105,,Mo-Fr 06:00-18:00,,False,,,,
n9128878535,Mochi Cafe,cafe,18.5229615,73.8638644,,Mo-Sa 08:00-18:00,,False,,,,
n9128906269,Cafe Coffee Day,cafe,18.5084498,73.795336,,Mo-Su 09:00-21:00,coffee_shop,False,,,,
n9128917148,cafe  coffee  day,cafe,18.5216088,73.8792163,,Mo-Su 10:00-22:00,,False,,,,
n9142494220,Cafe Grand,cafe,18.4751184,73.8854081,,Mo-Sa 08:00-23:00,,False,,,,
n9168913843,Girija Veg,restaurant,18.6019575,73.9111276,,Mo-Su 09:00-23:00,indian,True,,,,
n9168944791,Joshi Wadewaale,cafe,18.6039313,73.9099052,,Mo-Su 10:00-21:00,indian,False,,,,
n9169004564,Waah! Indore,restaurant,18.604376,73.9099524,,Mo-Su 08:00-22:00,indian,True,,,,
n9174851579,Cafe Sky,cafe,18.5253605,73.8403187,,Mo-Su 10:00-22:00,,False,,,,
n9174863571,The Verandah,restaurant,18.5049649,73.8314747,,Mo-Su 07:00-22:30,,False,,,,
n9198965480,Agatya Restaurant,restaurant,18.5983188,73.9090997,,,north_indian;indian,False,,,,
n9201505206,Masters Biryani n Grill,restaurant,18.6044495,73.9099497,,,north_indian_restaurant,False,,,,
n9201574212,Haldirams,restaurant,18.6037456,73.9097589,,,sweet;indian,True,,,,
n9201902831,Fry Pan,restaurant,18.6082977,73.9112077,,,chinese,True,,,,
n9201926503,Happy Momos,restaurant,18.6098258,73.9113762,,,chinese,True,,,,
n9201935520,The Thali Bistro,restaurant,18.6103849,73.9115553,,,indian,True,,,,
n9229645115,Hotel Peacock,restaurant,18.504806,73.855013,,Mo-Su 11:00-23:30,,False,,,,
n9229694180,Kwality Resto Bar & Restaurant,restaurant,18.5087947,73.8352105,,Mo-Su 11:00-00:00,,False,,,,
n9229704619,Starbucks,cafe,18.5020112,73.8219989,,Mo-Su 08:00-23:00,coffee_shop,False,,,,
n9229710106,Girija Juice Bar,restaurant,18.5060971,73.8523384,,Mo-Su 12:00-00:00,,False,,,,
n9229782583,The Brown Cafe,cafe,18.5009384,73.8048096,,Mo-Su 11:00-22:00,,False,,,,
n9229853085,Hotel Mirch Masala,restaurant,18.4935627,73.814064,,"Mo-Su 11:00-15:00, 19:00-23:00",,True,,,,
n9230274760,Ganjraj,restaurant,18.5091877,73.8539352,,Mo-Su 07:00-23:00,,False,,,,
n9232843269,Mathura,restaurant,18.5189279,73.8446593,,Mo-Su 11:30-23:30,Marathi,True,,,,
n9239636900,Singh Saab Da Dhaba,restaurant,18.5443134,73.7754364,,Mo-Su 12:00-01:00,,False,,,,
n9239741886,Rangla Punjab,restaurant,18.5424366,73.7763138,,Mo-Su 11:30-01:30,,False,,,,
n9247492749,Neha's Cafe,cafe,18.4897121,73.8499352,,Mo-Su 10:00-23:45,,False,,,,
n9263465723,Marshall's Book Cafe,cafe,18.5635624,73.8123093,,Mo-Su 11:30-22:00,coffee_shop;sandwich;juice,False,,,,
n9278151721,Irani Cafe,cafe,18.5140553,73.8375771,,Mo-Su 07:00-22:00,,False,,,,
n9278197100,Barometer,restaurant,18.4988618,73.8192031,,Mo-Su 07:30-23:30,,False,,,,
n9283673911,Bacharika Kitchen & Bar,restaurant,18.5027208,73.8170739,,Mo-Su 11:30-23:00,,False,,,,
n9314473941,signature,restaurant,18.521665,73.8717493,,Mo-Su 10:00-22:00,pizza;italian,False,,,,
n9314632673,pizza hut,cafe,18.5139824,73.901171,,Mo-Su 11:00-23:00,italian;sandwich;ice_cream;chinese,False,,,,
n9314683517,Peter cafe,cafe,18.4769289,73.9107678,,Mo-Su 09:00-21:00,ice_cream;pizza;italian;coffee_shop;indian,False,,,,
n9342590021,The Cartoon Cafe,cafe,18.555899,73.9205169,,Mo-Su 08:00-22:00,international,False,,,,
n9348284339,Terttulia Bistro,restaurant,18.5693465,73.7745143,,Mo-Su 11:00-24:00,,False,,,,
n9348284340,SWIG Bar & Eatery,restaurant,18.5694968,73.7745139,,Mo-Su 12:00-24:00,,False,,,,
n9348284345,Tim Hortons,cafe,18.5703724,73.7743519,,Mo-Su 08:00-23:00,coffee_shop,False,,,,
n9348358178,Independence Brewing Co.,restaurant,18.5711254,73.775001,,Mo-Su 10:00-23:00,,False,,,,
n9348358181,Mr.Vandal,restaurant,18.5714943,73.7749848,,Mo-Su 11:00-23:00,,False,,,,
n9348389663,Hippie @ Heart,restaurant,18.5719984,73.7749646,,Mo-Su 12:30-23:30,,False,,,,
n9348389664,Crazy Noodles,restaurant,18.572109,73.7749667,,,,False,,,,
n9348595002,The Old Mansion,restaurant,18.5659175,73.7762913,,Mo-Su 12:00-24:00,indian;asian;western,False,,,,
n9388135295,New Poona Boarding House,restaurant,18.5116828,73.8486243,,"Mo-Su 11:00-15:00, 19:00-22:00",,False,,,,
n9394475543,Pizza Hut,restaurant,18.5646221,73.7744673,,,pizza,False,,,,
n9402107553,Starbucks,cafe,18.5342829,73.8298542,,Mo-Su 09:00-20:00,coffee_shop,False,,,,
n9402107557,Paasha,restaurant,18.5324919,73.8295514,,"Sa-Th 17:30-00:30, Fr 17:30-01:30",indian,False,,,,
n9410145905,Barista,cafe,18.5539234,73.9039502,,Mo-Fr 09:00-18:00,coffee_shop,False,,,,
n9410693627,Katraj Talao,park,18.4440589,73.8617934,,,,False,,,,
n9473449623,Garva Biryani,restaurant,18.5126197,73.7821159,,,,False,,,,
n9485510091,Kannu Ki Chai,cafe,18.4793292,73.9014673,,Mo-Su 07:00-23:00,,False,,,,
n9502917899,FRIENDS,cafe,18.4993248,73.8477321,,Mo-Sa 08:00-18:00,coffee_shop,False,,,,
n9523273130,Starbucks,cafe,18.5144007,73.828863,,Mo-Su 06:00-23:00,coffee_shop,False,,,,
n9538904657,Mankar dosa,restaurant,18.5125517,73.7820923,,,indian;chinese;italian,False,,,,
n9558387790,Aditya Pure Veg,restaurant,18.5146914,73.7820515,,,indian;chinese;pasta,False,,,,
n9575321355,Khau,restaurant,18.5110393,73.7779355,,,,False,,,,
n9576768842,Radhe Radhe snacks,cafe,18.5222328,73.764454,,,,False,,,,
n9578166717,Chai Sutta Premi,cafe,18.5215614,73.7654676,,,,False,,,,
n9580154852,Sarkar special,cafe,18.5203194,73.76666,,,,False,,,,
n9582571555,Durga cafe,restaurant,18.5202307,73.7779344,,,,False,,,,
n9594466980,Eatsome,restaurant,18.51104,73.778008,,,,False,,,,
n9595104905,Barbeque misal,restaurant,18.5142635,73.7822455,,,,False,,,,
n9801250537,Hotel Ronita Paratha,restaurant,18.5427925,73.7879538,,,,False,,,,
n9847434087,Elephant & Co.,restaurant,18.5471326,73.9006668,,,,False,,,,
n9857147920,Cafe Durga,restaurant,18.5218692,73.7653127,,Mo-Su 10:00-22:00,,False,,,,
n9866082391,The Mafia Sky Lounge,restaurant,18.568648,73.9084491,,,,False,,,,
n9967066414,Vohuman Cafe,cafe,18.5324382,73.8768496,,Mo-Su 06:00-18:30,,False,,,,
n9967125222,Shrimanti Misal and Snacks,restaurant,18.5059152,73.8527205,,Mo-Su 10:00-22:00,pizza;burger;italian;chinese,True,,,,
n9979606760,निसर्ग मिसळ,restaurant,18.5940272,73.7737059,,,,False,,,,
n9999043390,One O Eight,restaurant,18.5307657,73.9003482,,,,False,,,,
n10010582417,Cafe Peter,cafe,18.5809231,73.7842257,,,,False,,,,
n10013647188,फेमस स्पेशल चहा,cafe,18.5886019,73.7821713,,,,False,,,,
n10032910251,Sorriso - Italian restaurant,restaurant,18.5317721,73.9102836,,,,False,,,,
n10044086761,Cafe Durga,cafe,18.552337,73.7940055,,,,False,,,,
n10044086762,Rolls Mania,cafe,18.5522827,73.793998,,,,False,,,,
n10044086791,Cafe Durga,cafe,18.5558253,73.8087411,,,,False,,,,
n10054088273,Third wave coffee,cafe,18.5391027,73.9000346,,,,False,,,,
n10082191330,Brgrmeister,restaurant,18.5534615,73.9481004,,,american,False,,,,
n10082191331,Starbucks,cafe,18.5523494,73.9480824,,Mo-Fr 08:00-23:00,coffee_shop,False,,,,
n10088327705,Mess 2,restaurant,18.5266135,73.8389423,,,mess,False,,,,
n10093180647,Tareef,restaurant,18.5991988,73.7940839,,,,False,,,,
n10102467744,Copa villa,restaurant,18.5923765,73.7837839,,,,False,,,,
n10108645131,Chop Stick pure Chinese,restaurant,18.4806559,73.8257857,,,chinese,False,,,,
n10108645134,South Corner's SC Biryani,restaurant,18.4804011,73.8264716,,,south_indian;biryani,False,,,,
n10110727631,Talli Bar & Kitchen,restaurant,18.5554581,73.797392,,,,False,,,,
n10115879744,Hotel Sezwan Chinese,restaurant,18.4472438,73.8090151,,,greek,False,,,,
n10115879747,Hotel Sanjana Veg-Non Veg,restaurant,18.4472386,73.809127,,,,False,,,,
n10115879749,Gandharva Veg Non Veg,restaurant,18.4469879,73.8090657,,,,False,,,,
n10117678237,Murphies,restaurant,18.536616,73.8988097,,,,False,,,,
n10117684095,Brew Culture,cafe,18.5365931,73.8990404,,,coffee_shop,False,,,,
n10117689099,Forennté Patisserie,cafe,18.5364425,73.8993524,,,cake;pastry;coffee,False,,,,
n10117710443,Naughty Angel Cafe,cafe,18.5364616,73.8995909,,,italian,False,,,,
n10158935918,Grey Soul,cafe,18.5374881,73.8988397,,,,False,,,,
n10164788166,Prachi Snacks,restaurant,18.5555669,73.7977958,,,,False,,,,
n10171128086,asd,park,18.5259779,73.8838753,,,,False,,,,
n10172880979,Minal Khanawal,restaurant,18.5127605,73.8443893,,,,False,,,,
n10172884663,sooth indian dosa shop,restaurant,18.5108703,73.8488493,,,,False,,,,
n10172886115,vedanti mess,restaurant,18.5106947,73.848385,,,,False,,,,
n10172893808,sandip poha,restaurant,18.5098934,73.8509332,,,,False,,,,
n10172893809,kaku chi mess,restaurant,18.5100593,73.8509422,,,,False,,,,
n10172907163,botanical garden,park,18.5658173,73.8251021,,,,False,,,,
n10172920942,bhola tea shop,restaurant,18.5115436,73.8485853,,,,False,,,,
n10172924683,minal veg thali,restaurant,18.5093739,73.8489161,,,,False,,,,
n10172926524,Omkar tea shop,restaurant,18.5108357,73.8486976,,,,False,,,,
n10172926525,Ani kay hav tea shop,restaurant,18.5108847,73.8490435,,,,False,,,,
n10172926811,nagar misal shop,restaurant,18.5093912,73.849086,,,regional,True,,,,
n10172927209,bhigavan fish dishes,restaurant,18.5103753,73.8487826,,,,False,,,,
n10172927776,krishna veg thali,restaurant,18.5099293,73.8488159,,,,False,,,,
n10172928581,bhosale maratha mess,restaurant,18.5101538,73.8486642,,,,False,,,,
n10172930139,satvik veg thali,restaurant,18.5095811,73.8489221,,,,False,,,,
n10172930209,Masaledar biryani,restaurant,18.5128546,73.8453131,,,,False,,,,
n10172933066,raghu vadapav,restaurant,18.5095118,73.8509711,,,,False,,,,
n10172934103,sameer pan palace,restaurant,18.5128395,73.8446859,,,,False,,,,
n10172937839,Sainath restra,restaurant,18.5127211,73.8441781,,,,False,,,,
n10172943423,premacha chaha,restaurant,18.5098506,73.8509891,,,,False,,,,
n10172943821,jagadamba tea,restaurant,18.5097993,73.8509837,,,,False,,,,
n10172943822,sudhirbhaucha katta,restaurant,18.5101312,73.8515557,,,,False,,,,
n10172946996,patilwada,restaurant,18.5129829,73.8451669,,,,False,,,,
n10172959190,raghav non veg,restaurant,18.512976,73.845019,,,,False,,,,
n10172975723,Park,park,18.6194453,73.8199255,,,,False,,,,
n10172975725,Park,park,18.6180363,73.8198406,,,,False,,,,
n10172975727,Park,park,18.6250119,73.8304125,,,,False,,,,
n10172975740,Park,park,18.617754,73.8198799,,,,False,,,,
n10172975741,Park,park,18.6196322,73.8199223,,,,False,,,,
n10172975743,PCMC park,park,18.606122,73.7986305,,,,False,,,,
n10172979840,Sports Ground,park,18.5007845,73.8320257,,,,False,,,,
n10172979846,Sanas Ground,park,18.5032073,73.8531065,,,,False,,,,
n10172979847,Taljai Cricket Ground,park,18.482271,73.848057,,,,False,,,,
n10172979848,LR Shinde School Ground,park,18.486374,73.8489154,,,,False,,,,
n10172979850,Shahu College Ground,park,18.4921728,73.84458,,,,False,,,,
n10172979851,St. Hildas Schoole Ground,park,18.5054856,73.860934,,,,False,,,,
n10172979852,Epiphany School Ground,park,18.5058172,73.8604136,,,,False,,,,
n10172979853,Talaee Ground,park,18.5072436,73.860316,,,,False,,,,
n10172979854,Golibar Maidan,park,18.5020235,73.8774389,,,,False,,,,
n10172979855,Open Ground for various Utilities,park,18.5013368,73.8786432,,,,False,,,,
n10172982143,alice garden,park,18.5528425,73.8245844,,,,False,,,,
n10172982151,MICROBIOLOGY CANTEEN,cafe,18.5481783,73.8317816,,,,False,,,,
n10172982156,TANDOOR POINT,restaurant,18.5405088,73.8303117,,,,False,,,,
n10172993867,Sai Shree,restaurant,18.5200008,73.7708429,,,regional,True,,,,
n10172993868,Cafe La Montagna,restaurant,18.5197883,73.770848,,,italian,True,,,,
n10172993869,Hotel Jai Malhar,restaurant,18.5209392,73.7738537,,,regional,True,,,,
n10172993870,Premacha Chaha,restaurant,18.5210051,73.7740242,,,regional,True,,,,
n10172993871,Jai Bhavani,restaurant,18.5210126,73.7741115,,,regional,True,,,,
n10172993872,Hotel Jalsa,restaurant,18.5202341,73.7779566,,,regional,True,,,,
n10172993874,Hotel Vardayini,restaurant,18.5197677,73.7785456,,Mo-Su 10:00-22:00,regional;chinese;italian;indian,True,,,,
n10172993875,California Burrito,restaurant,18.5195045,73.7785912,,11:00-23:00,mexican,True,,,,
n10172993876,Hotel La Bali,restaurant,18.5190231,73.7785714,,,regional;chinese;chicken,True,,,,
n10172993877,Hotel Trikaya,restaurant,18.5191993,73.7786662,,,regional,True,,,,
n10172993878,Hotel D Palace,restaurant,18.5176837,73.7801964,,,regional;chinese,True,,,,
n10172993879,Hotel Balaji,restaurant,18.517196,73.771251,,,regional,True,,,,
n10172993880,Hotel Bhavani,restaurant,18.5201568,73.7713517,,,regional,False,,,,
n10172993881,Hotel Gauri,restaurant,18.5197028,73.7687409,,,regional,False,,,,
n10172993882,Vaishnavi Snacks,restaurant,18.5123359,73.7820934,,,regional,True,,,,
n10172993883,Mankar Dosa,restaurant,18.5125772,73.7820845,,,regional,True,,,,
n10172993884,Garva Biryani,restaurant,18.512664,73.7821202,,,regional,False,,,,
n10172993885,OM Sai expresso,restaurant,18.5127335,73.7821873,,,,True,,,,
n10172993887,CCD,restaurant,18.5081587,73.7828815,,,,False,,,,
n10172993889,Ankit Caffe,restaurant,18.521131,73.7790781,,,sandwich;italian,False,,,,
n10172993890,Hotel Rahul,restaurant,18.5212867,73.7794777,,,regional;sandwich,False,,,,
n10172993891,Roshani,restaurant,18.5215331,73.7796334,,,sandwich;chinese,False,,,,
n10172993892,Karin's Point,restaurant,18.5208897,73.7730403,,,burger;italian;sandwich,False,,,,
n10172993893,Jai Shankar,restaurant,18.5209073,73.7730805,,,,False,,,,
n10172993894,Hotel Sagar,restaurant,18.5203526,73.7719253,,,regional,False,,,,
n10172993895,Gurunath,restaurant,18.5204621,73.7722105,,,regional,False,,,,
n10177484344,Cafe Peter,cafe,18.5939135,73.7927089,,Mo-Su 09:00-23:00,,False,,,,
n10213702140,Annapurna Kitchen,restaurant,18.4403652,73.786057,,,,False,,,,
n10219080678,hotel11,restaurant,18.6083679,73.9111962,,,,False,,,,
n10222924239,Cafe Crush,cafe,18.4444076,73.7855452,,,,False,,,,
n10228082835,Chaat Bazar,restaurant,18.5565944,73.7946077,,,,False,,,,
n10235984996,Momo Panda,restaurant,18.5533275,73.8070729,,,,False,,,,
n10237441918,Garva Biriyani,restaurant,18.5425519,73.7896806,,,,False,,,,
n10241751327,It's Street Coffee,cafe,18.5110698,73.815449,,,coffee_shop,False,,,,
n10242046218,Anthem,restaurant,18.5079589,73.7719722,,Mo-Su 16:00-01:00,italian;asian;indian,False,,,,
n10246133016,Janhvi,restaurant,18.5015639,73.7486417,,,,False,,,,
n10246254345,Swaadah Veg All Day Kitchen,restaurant,18.5251221,73.8754537,,,,False,,,,
n10248790567,The Bar Tales,restaurant,18.5164052,73.7813431,,,indian;chinese;pasta,False,,,,
n10248838452,Fat Labrador Cafe,cafe,18.520606,73.7761434,,,pizza;burger;italian;coffee_shop,False,,,,
n10250076202,Cafe Starboy,cafe,18.5533119,73.8071797,,,,False,,,,
n10250076204,Two Good (food | art | studio),cafe,18.5540744,73.8048628,,,,False,,,,
n10250080883,Eggoiste,restaurant,18.553408,73.8068332,,,,False,,,,
n10250091300,Yolkshire,restaurant,18.5532162,73.8080686,,,indian,False,,,,
n10250091305,Urban Bistro,restaurant,18.5531716,73.8080414,,,,False,,,,
n10250091307,#BeCrazyStayCheesy,restaurant,18.5531946,73.8083045,,,pizza,False,,,,
n10259329898,2.0 Culture,restaurant,18.5711222,73.7742159,,,,False,,,,
n10259332330,Bharat Bhavan,restaurant,18.5712579,73.7742137,,,indian,False,,,,
n10264300539,L'Apicio,restaurant,18.5709532,73.7737189,,Mo-Su 12:00-23:30,portuguese;italian;fast_food;breakfast;greek;indian;lebanese,False,,,,
n10278237144,Masemari,restaurant,18.5056597,73.8522201,,,,False,,,,
n10278470291,Fish curry rice,restaurant,18.551853,73.7927181,,"11:00-15:00,19:00-23:00",seafood,False,,,,
n10285662752,Crazy Cheezy Cafe,cafe,18.575393,73.768043,,Mo-Su 09:00-21:00,,False,,,,
n10301911682,Fatcook,restaurant,18.5699946,73.780944,,,,True,,,,
n10302097898,Muktai Garden,restaurant,18.44464,73.7857094,,,,False,,,,
n10302097900,Golden Dragon Chinese,restaurant,18.4446631,73.7858165,,,chinese,False,,,,
n10302188524,Hotel Shree Jay Ganesh,restaurant,18.4447802,73.78671,,,,False,,,,
n10302188527,Hotel Sushila Snacks and Lunch,restaurant,18.4445913,73.7852255,,,,False,,,,
n10313160450,Neha cafe,cafe,18.489244,73.8484533,,Mo-Su 09:00-21:00,pizza;burger;chinese;mexican,False,,,,
n10313160454,Relax,restaurant,18.4894343,73.8491202,,Mo-Su 11:00-23:00,,False,,,,
n10313195121,Ayuhsvaa Nutriments,restaurant,18.4908306,73.847315,,,,False,,,,
n10536205986,Radha Krishna pure veg,restaurant,18.5958245,73.7892303,,,,False,,,,
n10536397493,Phulora Ground,park,18.4900591,73.8471412,,,,False,,,,
n10538874678,Barbeque Nation,restaurant,18.5624291,73.8070215,,"Mo-Su 12:00-04:30,18:30-23:30",barbecue,False,,,,
n10548584557,Bharat Garden,restaurant,18.5936546,73.8928078,,,,False,,,,
n10548626816,Hotel Aamrai Kitchen,restaurant,18.4469764,73.8051111,,,regional,True,,,,
n10550777909,Savya Rasa,restaurant,18.5388575,73.8866732,,,indian,False,,,,
n10556239109,Tryluck,restaurant,18.5070106,73.8785176,,,,False,,,,
n10560852509,Mannu Fish,restaurant,18.5539513,73.94288,,,,False,,,,
n10562233581,Panchsrushti Pure Veg roof top Kitchen,restaurant,18.4424512,73.8162043,,,,True,,,,
n10563131009,Swad,restaurant,18.5532675,73.9371612,,,,False,,,,
n10563131110,Desi Tadka,restaurant,18.5533712,73.9364365,,,,False,,,,
n10563131209,Pankj's Sambar,restaurant,18.5531446,73.9364539,,,,False,,,,
n10564970710,Shagun Thal,restaurant,18.5538418,73.940056,,,,False,,,,
n10565458910,Shiv Sai,restaurant,18.554122,73.935268,,,,False,,,,
n10567046713,Sayali,restaurant,18.5605885,73.9386771,,,,False,,,,
n10567046815,Leaf Resto,restaurant,18.5610046,73.9387214,,,,False,,,,
n10567060710,Sarangi,restaurant,18.5609298,73.9381369,,,,False,,,,
n10567798636,Zafraan,restaurant,18.4719326,73.8914451,,,,False,,,,
n10567802671,Gulbarga Tahari House,restaurant,18.4693512,73.8901037,,,,False,,,,
n10567817818,Jyoti Restaurant,restaurant,18.4780862,73.8902192,,,,False,,,,
n10569668043,Pizza Hut,restaurant,18.5973264,73.9021538,,,pizza,True,,,,
n10569717933,Hotel Samruddhi,restaurant,18.5736136,73.8836543,,,indian,True,,,,
n10576049628,Aarvis Annapurna,restaurant,18.4693588,73.8886782,,,,False,,,,
n10578845675,Pune Border Pillar,monument,18.5031294,73.7607312,,,,False,,,,
n10595556034,Agatya Pure Veg,restaurant,18.5967219,73.8994238,,,indian,True,,,,
n10596047044,Real Taste,restaurant,18.4683682,73.8891485,,,,False,,,,
n10603267259,Gayatri Bhel,restaurant,18.5808747,73.8188522,,,multicuisine,False,,,,
n10607464296,संपूर्ण सात्विक मिसळ,restaurant,18.5917434,73.7734975,,,misal,True,,,,
n10648169752,Third wave coffee,cafe,18.5562117,73.8089739,,,,False,,,,
n10671202585,Shilpa,restaurant,18.5751893,73.7895989,,,,False,,,,
n10686342276,Caffee Delicioso,cafe,18.5597322,73.7811959,,24/7,coffee_shop;ice_cream;chocolate,False,,,,
n10702208022,Khandeshi Jalgaav MH19,restaurant,18.4866302,73.7974083,,,,False,,,,
n10704253285,Stories cafe,cafe,18.532871,73.8955327,,,coffee_shop,False,,,,
n10709245125,Laa Unico Restaurant,restaurant,18.4967019,73.8591168,,,pizza;regional;italian;burger;chinese,True,,,,
n10709880238,China Grill,restaurant,18.4884703,73.8990349,,,chinese;regional,True,,,,
n10723371028,Royal Lawns,park,18.6038321,73.8205102,,Mo-Su 09:00-24:00,,False,,,,
n10724941695,Hotel Malhar,restaurant,18.5970107,73.8135318,,,,False,,,,
n10725596914,Captain Coffee.,cafe,18.5207406,73.8557679,,,coffee_shop,False,,,,
n10725603596,Sudamache Pohe,restaurant,18.520062,73.8562912,,,,False,,,,
n10725694292,Tito's Pune,restaurant,18.6036667,73.8180576,,,,False,,,,
n10725700249,Hotel Aamantran beer bar & restaurant,restaurant,18.6026273,73.8167019,,,,False,,,,
n10725744317,G2 LAWNS,park,18.6047723,73.8223263,,,,False,,,,
n10725761441,Hotel Shilpa (Gavran),restaurant,18.6018506,73.8259594,,,,False,,,,
n10725773428,Joshi's Snacks Center,restaurant,18.6003593,73.8175407,,,,False,,,,
n10725776833,Ignite Restro & Lounge,restaurant,18.5991882,73.8178154,,,,False,,,,
n10725966767,Dominoes,restaurant,18.6019875,73.8156198,,,,False,,,,
n10725975155,Kokan Spice Family Restaurant,restaurant,18.6006823,73.8136356,,,,False,,,,
n10731595751,HOUSE OF VEG,restaurant,18.4986335,73.8333255,,Mo-Su 09:00-21:00,,True,,,,
n10761228048,अस्सल अमरावती,restaurant,18.5879083,73.7798491,,,,False,,,,
n10761228049,Cafe Durga,cafe,18.5878684,73.7798722,,,,False,,,,
n10765391647,Kulkarni's Kitchen,restaurant,18.4429516,73.7859859,,,,True,,,,
n10796223282,Kiosk Kaffee,cafe,18.5605667,73.8050006,,,,False,,,,
n10796851872,Park Sadhana Society,park,18.5014087,73.9452503,,,,False,,,,
n10796872379,Krushnai Veg,restaurant,18.5003526,73.9446657,,,,False,,,,
n10806884774,MadyMade Pizza,cafe,18.5776151,73.8156096,,Mo-Su 11:30-23:00,pizza;burger;fries,False,,,,
n10806966846,Ashoka Hotel,restaurant,18.5852287,73.8224215,,,indian,True,,,,
n10807015710,Katraj Junction,restaurant,18.4508437,73.8578188,,,indian,False,,,,
n10807171241,Delhi Chat,cafe,18.5816936,73.8162783,,,,False,,,,
n10807197456,Hotel Amantran,restaurant,18.5787728,73.8157037,,Mo-Su 11:00-23:30,indian;chicken;chinese,False,,,,
n10807200490,Thomson,restaurant,18.5786105,73.8156904,,11:30-23:30,chinese,False,,,,
n10871066100,Saudagar,restaurant,18.5941567,73.7898028,,,,False,,,,
n10977349389,Daily Bites,cafe,18.5929263,73.7999191,,,,False,,,,
n11005408870,Sahana,restaurant,18.5165134,73.8794275,,,pizza;thali;indian,True,,,,
n11005780694,Up south,restaurant,18.5654873,73.8072367,,,South Indian,False,,,,
n11007174695,Chai High,cafe,18.4650359,73.8339481,,Mo-Su 08:30-23:00,tea,False,,,,
n11040451606,Sri Murlidhar Veg Thali,restaurant,18.5145809,73.845534,,"Su-Fr 12:00-15:00, 19:30-22:30",indian,False,,,,
n11061383054,Cafe Durga,cafe,18.567104,73.8077225,,,,False,,,,
n11064114243,Anna,restaurant,18.5226554,73.8419157,,Mo-Su 07:00-23:00,,False,,,,
n11065644757,Backseat Brews,cafe,18.5678173,73.9099372,,Mo-Su 09:00-23:00,coffee_shop;pizza;burger;italian;sandwich;chicken;french;pasta;indian;ice_cream;dessert;chocolate,False,,,,
n11093271421,PizzaExpress,restaurant,18.5709701,73.7744022,,,pizza,True,,,,
n11093633824,Chirp,restaurant,18.5223189,73.8438225,,,,False,,,,
n11111071005,Bedekar Mis,restaurant,18.5148096,73.8499396,,,,False,,,,
n11111717291,Surve's,restaurant,18.5613095,73.7865224,,,indian,True,,,,
n11111744733,Giridhar,restaurant,18.5558108,73.7946518,,,,True,,,,
n11111744740,Wadeshwar,restaurant,18.5554248,73.7950415,,,indian,False,,,,
n11111744793,Aromas Cafe & Bistro,cafe,18.5547221,73.8000536,,,,False,,,,
n11111744795,Pind Punjab,restaurant,18.5546505,73.8015865,,,,False,,,,
n11111744801,Anna Idli,restaurant,18.5528456,73.8032774,,,indian,False,,,,
n11115851138,Spice Court,restaurant,18.5598886,73.7698585,,Mo-Su 10:00-22:00,regional;chinese;chicken;indian,False,,,,
n11126719893,Vohuman Café,cafe,18.5325235,73.876734,,Mo-Su 06:00-19:30,,False,,,,
n11129411721,the cartoon cafe,cafe,18.5558914,73.9205188,,Mo-Su 06:00-22:00,coffee_shop,False,,,,
n11142747614,Naadbrahma Idli,restaurant,18.60462,73.9097482,,Mo-Su 08:00-18:00,indian,True,,,,
n11145765251,Shanti Swaipakghar,restaurant,18.4745218,73.8134196,,Mo-Su 09:00-21:00,indian,True,,,,
n11159359798,Kok-pa Chinese,restaurant,18.5551856,73.7976887,,,chinese,False,,,,
n11159366011,Log House,restaurant,18.5563197,73.7943598,,,indian,False,,,,
n11159366024,Bombay Creamery,cafe,18.5571215,73.7936443,,,,False,,,,
n11159366025,Maratha Canteen,restaurant,18.5576035,73.7937061,,,indian,False,,,,
n11159366035,Bangalore Tiffin Room,restaurant,18.5568424,73.7939406,,,,False,,,,
n11159864191,Karolbaug Dawat-E-Mehfil,restaurant,18.5650949,73.8022997,,Mo-Su 11:00-23:00,indian,True,,,,
n11205398769,Kimling,restaurant,18.5658878,73.8037661,,,chinese,True,,,,
n11245210010,Chinese Wok,restaurant,18.561303,73.7866211,,,chinese,False,,,,
n11259029337,Shri Krushnai  Hotel,restaurant,18.5080757,73.7951174,,Mo-Su 10:00-21:00,indian,True,,,,
n11269059289,Milan Khanaval,restaurant,18.4937154,73.8136189,,,indian,False,,,,
n11269059290,Prithvi Restaurant,restaurant,18.4946709,73.8134168,,,indian,True,,,,
n11274029562,Prem's,restaurant,18.5397672,73.893772,,,italian;chinese;asian,False,,,,
n11274030992,The Chickster,restaurant,18.5396127,73.8871907,,,american,False,,,,
n11274081926,Maurya Multi Cuisine Restaurant And Bar,restaurant,18.5014008,73.834231,,,pizza;burger;chinese;italian;kebab;indian,False,,,,
n11274081927,Multi Spice,restaurant,18.501584,73.8342267,,,international,True,,,,
n11274081928,Vishnuji Ki Rasoi,restaurant,18.5014314,73.8350764,,,indian,True,,,,
n11274086086,Swaad Idli Dosa Center,restaurant,18.5092991,73.8329304,,,,False,,,,
n11274086087,Anand Veg,restaurant,18.509409,73.8331514,,,,False,,,,
n11274086088,Aroma's Hyderabadi Biryani,restaurant,18.5095392,73.8335248,,,,False,,,,
n11274086089,Chow Chow Chinese,restaurant,18.5095168,73.8335098,,,,False,,,,
n11274100323,Cafe House of Bamboo - HOB,cafe,18.5017834,73.8356043,,,cafe,False,,,,
n11274112586,ROOTS 9 KITCHEN & BAR,restaurant,18.5000982,73.834688,,,,False,,,,
n11274112986,Inari Bistro,restaurant,18.5092734,73.8347789,,,,False,,,,
n11274112988,Westyard Cafe,cafe,18.5076728,73.8351372,,,,False,,,,
n11274118271,Shangrila Restaurant,restaurant,18.5098138,73.8311295,,,chinese,False,,,,
n11274118272,Sarthi,restaurant,18.5107454,73.8350543,,,indian,True,,,,
n11276070948,KGN Tandoor Express,restaurant,18.5613475,73.7869155,,,,False,,,,
n11292638580,Jogeshwari Misal,restaurant,18.456842,73.8018451,,,misal;snacks;breakfast,True,,,,
n11292638586,Pizza Hut,restaurant,18.4568642,73.8021742,,,pizza,False,,,,
n11292638594,Chul Angan Restaurant,restaurant,18.4572489,73.8017228,,,,False,,,,
n11292638601,#Masala,restaurant,18.4582332,73.8078492,,,,False,,,,
n11299739784,Way Down South,restaurant,18.5664874,73.7707133,,,konkani;south Indian,False,,,,
n11330878770,Atithi Pure Veg,restaurant,18.4699531,73.8224077,,,,True,,,,
n11330878772,Goodluck Cafe,cafe,18.4699752,73.8232298,,,,False,,,,
n11363349548,Sandeep,restaurant,18.5229261,73.8474846,,,mutton,False,,,,
n11370975969,Durvankur Dining Hall,restaurant,18.5106902,73.8461159,,,,False,,,,
n11375788757,refactory canteen,restaurant,18.551312,73.824808,,,,False,,,,
n11385548956,Café Tea One,cafe,18.4665215,73.8929342,,Mo-Su 09:00-00:00,coffee_shop;tea;burger;sandwich;noodle,False,,,,
n11397215680,Chulbul Dhaba,restaurant,18.5974824,73.9116792,,,regional,True,,,,
n11402921019,वक्रतुंड,restaurant,18.5884806,73.7800244,,,,True,,,,
n11422184455,bharti school ground,park,18.455777,73.8545207,,,,False,,,,
n11422200128,Cake Carnivel,cafe,18.4494345,73.838114,,Mo-Su 010:00-21:00,,False,,,,
n11428471741,Bharti campus,park,18.4550407,73.855322,,,,False,,,,
n11473008546,Pizza Hut,restaurant,18.5220882,73.8411575,,Mo-Su 11:00-23:00,pizza,False,,,,
n11475963008,Masemari,restaurant,18.5157809,73.7815505,,Mo-Su 11:00-22:00,indian,True,,,,
n11508303986,Hotel Maifil,restaurant,18.5910222,73.8240955,,Mo-Su 09:00-21:00,indian;regional,True,,,,
n11508412198,Pizza Hut,restaurant,18.5823641,73.8300615,,,pizza,True,,,,
n11513849678,Kulhad,cafe,18.591418,73.7732162,,,,False,,,,
n11519305281,Siňamon - Decadent Cinnamon Rolls,cafe,18.579052,73.7759725,,Mo-Fr 04:00-21:00,coffee_shop;dessert,False,,,,
n11521308649,cafe coffee hutt,cafe,18.5929024,73.8037257,,Mo-Su 10:00-22:00,pizza;coffee_shop;burger;italian;sandwich;chicken,False,,,,
n11525188922,Atithi,restaurant,18.5636444,73.8133374,,,,True,,,,
n11527112780,Lonkar,park,18.5309331,73.9356578,,Mo-Su 09:00-21:00,,False,,,,
n11527131529,lonkar,park,18.5330184,73.9274012,,Mo-Su 09:00-21:00,,False,,,,
n11527145475,lonkar,park,18.5323878,73.9277874,,Mo-Su 09:00-21:00,,False,,,,
n11527149030,lonkar,park,18.530165,73.9360506,,Mo-Su 09:00-21:00,,False,,,,
n11527152418,pink park,park,18.5153835,73.935795,,Mo-Su 10:00-22:00,,False,,,,
n11527156958,lonkar,park,18.543552,73.9399663,,Mo-Su 09:00-21:00,,False,,,,
n11527158738,lonkar,park,18.5312393,73.9162682,,Mo-Su 09:00-21:00,,False,,,,
n11533156814,Open garden,park,18.6015032,73.9049198,,,,False,,,,
n11539934351,Malashree Pure Veg,restaurant,18.5605563,73.8048172,,,,True,,,,
n11539934880,Shree Ashapuri Dining Hall,restaurant,18.5603476,73.8072614,,Mo-Su 09:00-22:30,indian,True,,,,
n11546228263,Madras Cafe,cafe,18.5653672,73.8005102,,,,False,,,,
n11575588867,Pocket Cafe,cafe,18.5937754,73.8037912,,Mo-Su 09:00-21:00,pizza;coffee_shop;burger;sandwich,False,,,,
n11576645324,K.K's Cafe,cafe,18.5553273,73.7641183,,Mo-Su 10:00-23:00,pizza;burger;sandwich;chicken;coffee_shop;mexican;ice_cream;pasta;breakfast;fries;brunch,False,,,,
n11581224950,Crown Bakery,cafe,18.5124738,73.8089403,,Mo-Su 09:00-21:00,cake;dessert;donut,False,,,,
n11581229791,Cafe DuM,cafe,18.5232498,73.7807421,,,,False,,,,
n11581229793,Frozen Bottle,cafe,18.5231342,73.7802989,,,milkshake;ice_cream,False,,,,
n11581434774,brew merchant,restaurant,18.5572502,73.7705692,,Mo-Su 08:00-01:30,coffee_shop;italian,True,,,,
n11583964670,vedant hotel,restaurant,18.4492114,73.8363571,,Mo-Su 08:00-21:00,chinese;pizza;regional;sandwich;indian;ice_cream,True,,,,
n11583993028,Pizza Hut,restaurant,18.4576616,73.8585915,,Mo-Su 10:00-21:00,pizza,True,,,,
n11586139853,Neighbourhud,restaurant,18.5536853,73.7795983,,,pizza;coffee_shop;regional;burger;italian;sandwich;chicken;indian;asian,True,,,,
n11610747750,Vaze Talim,park,18.5117357,73.8512506,,Mo-Su 06:00-21:00,,False,,,,
n11621623601,Jayashree,restaurant,18.5536478,73.807103,,,,True,,,,
n11621623604,Aapla Ghar,restaurant,18.5095027,73.7949809,,,,False,,,,
n11622396278,Sadhu Vaswani Statue,memorial,18.5248526,73.8766831,,,,False,,,,
n11622396279,Sam Manekshaw Statue,memorial,18.5237206,73.8828849,,,,False,,,,
n11629521539,sudama,restaurant,18.5749562,73.8953692,,,,False,,,,
n11680933086,One8 Commune,cafe,18.5324019,73.8708397,,,italian;burger;regional;international,False,,,,
n11681074026,The French Window Patisserie,cafe,18.5376129,73.8979395,,,coffee_shop,False,,,,
n11687965795,Kaka Halwai,cafe,18.5310182,73.9501838,,,,False,,,,
n11700234650,Sudamyache Pohe,restaurant,18.5074609,73.7983162,,,maharashtrian,True,,,,
n11700285796,Anand Snacks Centre,restaurant,18.5073795,73.7985657,,,maharashtrian;south_indian,True,,,,
n11709999510,Rangla Punjab,restaurant,18.5939592,73.7938971,,,,False,,,,
n11715800433,ABC Cafe,cafe,18.5835741,73.8035457,,Mo-Su 11:00-21:00,italian;pizza;sandwich,False,,,,
n11726884922,Casa Del Queso - Cafe & Cheese House,restaurant,18.5327635,73.8975348,,,,False,,,,
n11726897049,Dhaba Shaba Indian Veg Bistro,restaurant,18.53277,73.8969993,,,indian;italian,False,,,,
n11726905574,Grandmama's Cafe,cafe,18.5329684,73.8978625,,,,False,,,,
n11733094362,Kuai Kitchen,restaurant,18.5342106,73.8993321,,,,False,,,,
n11733177765,PUBLIQ,restaurant,18.5330403,73.8991022,,,,False,,,,
n11733184074,Boteco - Tapas Bar & Grill,restaurant,18.5343463,73.8993561,,,,False,,,,
n11733188337,Great State Dive,restaurant,18.5343119,73.8992119,,,,False,,,,
n11733825627,QORA-Cocktail Bar &  Kitchen,restaurant,18.5364612,73.8965308,,,,False,,,,
n11733830067,Squisito - The Italian Ristorante,restaurant,18.5363572,73.8973584,,,italian,False,,,,
n11733849418,The Doner Company,restaurant,18.5365728,73.9000822,,,lebanese,False,,,,
n11733856611,Donatella,restaurant,18.5373891,73.8988743,,,,False,,,,
n11733856725,Kebab Gunj,restaurant,18.5366408,73.9000863,,,,False,,,,
n11733859729,THE IMMORTALE BARBECUE,restaurant,18.5377435,73.8988241,,,barbecue,False,,,,
n11733869945,China Park,restaurant,18.536652,73.9000834,,,chinese,False,,,,
n11737095925,Hyderabad House,restaurant,18.5741681,73.7735247,,,,False,,,,
n11744761288,Effingut Koregaon Park,restaurant,18.5340315,73.8985036,,,pizza;regional;italian;kebab,False,,,,
n11744803041,Chaurahe ke Paar,restaurant,18.5344126,73.8997438,,,,False,,,,
n11744837871,Pimlico,restaurant,18.5339777,73.8982362,,,italian,False,,,,
n11752138742,Moraya Snack,restaurant,18.4441413,73.88593,,,fast_food,True,,,,
n11766669869,Joshi wadewale,restaurant,18.5225079,73.849542,,,,False,,,,
n11771519843,Durga Cafe & Janhvis Corner,restaurant,18.5239007,73.8438136,,,,False,,,,
n11771534665,Rajwadi Gaurav,restaurant,18.5234768,73.8436739,,,,False,,,,
n11786147152,Chaudhary Khanawal,restaurant,18.5077906,73.7947864,,,,False,,,,
n11829978481,Namaskar Hotel & Bar,restaurant,18.5241824,73.8435471,,,italian;indian;chinese,True,,,,
n11866057621,Hotel Shivshahi,restaurant,18.5115317,73.9641673,,,indian,False,,,,
n11913222306,Hotel Ratna,cafe,18.5440081,73.8385545,,,,False,,,,
n11930183768,Champaran Handi Junction,restaurant,18.5987992,73.7977157,,,,False,,,,
n11949641361,AirBar || Lounge & Kitchen,restaurant,18.5619936,73.9142216,,Mo-Su 10:00-01:00,indian;italian;chinese;sandwich,True,,,,
n11955615324,The Fisherman's Wharf,restaurant,18.577677,73.907668,,Mo-Su 10:00-04:00,seafood;pizza;coffee;italian;chicken;indian;asian;fish;dessert;chocolate;chinese,True,,,,
n11966764856,Pizza Hut,restaurant,18.5516656,73.7949989,,,pizza,False,,,,
n11987757562,Cream House,restaurant,18.5500556,73.9400642,,,indian;chinese,True,,,,
n11993067595,Al Zohra,restaurant,18.5497304,73.941634,,,kebab;chinese,False,,,,
n12039066569,Taljai Watch Tower,attraction,18.4842783,73.8470923,,,,False,,,,
n12101659688,Revive Social Rooftop Cafe & Lounge,cafe,18.5604275,73.8080515,,Mo-Su 09:00-23:00,pizza;coffee_shop;burger;italian;sandwich;pasta,False,,,,
n12127600502,The Box Bistro,cafe,18.5059058,73.8281404,,,,False,,,,
n12140543530,Chinese Room,restaurant,18.5167392,73.8794616,,,chinese;thai;asian,True,,,,
n12176140939,Durga Cafe,cafe,18.4967827,73.8022806,,Mo-Su 08:00-23:00,,False,,,,
n12180054769,The Paratha House,restaurant,18.5682292,73.8310662,,,,False,,,,
n12206652865,Police Station Tea Stall,cafe,18.5461752,73.8264862,,,tea,False,,,,
n12220439222,D Chocoholicx,restaurant,18.4864691,73.8153314,,Mo-Su 09:00-21:00,chocolate_shop,True,,,,
n12222103735,SK's Rooftop Restaurant,restaurant,18.4469641,73.802682,,,,False,,,,
n12222103740,Mantra Family Restaurant,restaurant,18.4473691,73.8051734,,,,False,,,,
n12222103796,Chaturthi Pure Veg,restaurant,18.4561273,73.8019898,,,,True,,,,
n12222103797,Bakasur Mutton Bhakari,restaurant,18.4562925,73.8019395,,,,False,,,,
n12246293675,Kyma,restaurant,18.5393387,73.9078762,,,,False,,,,
n12270088960,Ballava (IUCAA canteen),restaurant,18.5597136,73.8250311,,,,False,,,,
n12281992076,Iyas kitchen,restaurant,18.544687,73.7927686,,Mo-Su 12:00-15:00 and 17:00-22:30,korean,True,,,,
n12284624747,Sandwich Express,restaurant,18.5653247,73.8009861,,Mo-Su 08:00-22:00,sandwich;coffee_shop,True,,,,
n12301663618,Children’s Traffic Park,park,18.5598737,73.8151486,,,,False,,,,
n12307079627,Elaichi Pure Veg,restaurant,18.5543441,73.798165,,,,True,,,,
n12307079670,Circuit House,restaurant,18.5707641,73.7719493,,,,False,,,,
n12307314917,Maratha Samrat,restaurant,18.5687621,73.7717719,,,,False,,,,
n12345146729,Vijayraj,restaurant,18.4626,73.9133018,,,,False,,,,
n12345435684,Amna Porna,restaurant,18.4786959,73.8963909,,,,False,,,,
n12372950601,Kannu Ki Chai,cafe,18.5531592,73.9484568,,,,False,,,,
n12378556305,baarish restraunt and bar,restaurant,18.5662806,73.8202506,,Mo-Su 09:00-21:00,,False,,,,
n12378582777,the chefs way cafe,cafe,18.5626834,73.8317996,,Mo-Fr 09:00-18:00,chicken;burger;pizza;italian,False,,,,
n12383884204,Brew Culture,cafe,18.5668819,73.9106949,,Mo-Su 09:00-21:00,coffee_shop,False,,,,
n12383891002,alag aasmaan,cafe,18.5697053,73.910701,,Mo-Su 09:00-21:00,coffee_shop,False,,,,
n12383891003,choclate caffe,cafe,18.5503514,73.8833164,,Mo-Su 10:00-22:00,pizza;coffee_shop;burger;sandwich;mexican;sushi;ice_cream;bubble_tea;donut,False,,,,
n12422145784,Brewing Bistro,cafe,18.5522368,73.8039477,,,,False,,,,
n12434967458,Buddha Paradise,restaurant,18.5401533,73.8912233,,Mo-Su 10:00-22:00,indian;chinese;coffee_shop,True,,,,
n12434971449,KP Veg,restaurant,18.54133,73.8901033,,,indian,True,,,,
n12466573945,The Fatayer Factory,restaurant,18.5218618,73.7653274,,,pizza;fatayer;tea,False,,,,
n12473454970,Coffee Nation,cafe,18.5229626,73.8411319,,,,False,,,,
n12473454971,Soundtrack Cafe,cafe,18.5823228,73.7836778,,,,False,,,,
n12475129605,Asha Dining Hall,restaurant,18.5198379,73.8430094,,,Marathi,True,,,,
n12483985301,Cafe Peiskos,cafe,18.5485217,73.7910459,,Mo-Su 11:00-22:30,,False,,,,
n12484004501,Ganesh Bhel,restaurant,18.5490335,73.7911496,,Mo-Su 11:30-22:30,,False,,,,
n12484025901,Panchali,restaurant,18.5475365,73.791109,,Mo-Su 07:00-21:00,,False,,,,
n12484059101,Pan India Eatery,cafe,18.5522362,73.7929231,,Mo-Su 12:00-23:00,pizza;coffee_shop;chinese,False,,,,
n12484059202,Ganesh Bhel,restaurant,18.5444245,73.7821034,,Mo-Su 11:00-22:30,,False,,,,
n12484073402,Cafe Durga,cafe,18.5444539,73.7820527,,Mo-Su 09:00-23:30,,False,,,,
n12484078703,Domino's Pizza,restaurant,18.5166046,73.7816826,,Mo-Su 11:00-23:00,,False,,,,
n12484078801,Chai Katta,cafe,18.5444112,73.7822187,,Mo-Su 08:00-23:00,,False,,,,
n12484078802,Chai Katta,cafe,18.5209133,73.7789568,,Mo-Su 09:00-23:00,,False,,,,
n12484083401,Cafe Dot Com,cafe,18.548737,73.7680906,,Mo-Su 09:00-21:00,pizza;burger,False,,,,
n12484089402,Goodluck Cafe,cafe,18.516814,73.7815622,,Mo-Su 08:00-23:00,,False,,,,
n12484094601,Oliva,restaurant,18.5162439,73.7813572,,,,False,,,,
n12484094602,Irani Cafe,cafe,18.5079498,73.7830283,,,,False,,,,
n12500831136,OI Brewhouse,restaurant,18.5526491,73.8997102,,,,False,,,,
n12534054135,Sukhakarta Dining Hall,restaurant,18.5037877,73.8183793,,,regional,True,,,,
n12534113712,Udipi Bhavan,restaurant,18.5059945,73.8178405,,,regional;indian,True,,,,
n12594552291,T1,cafe,18.5718355,73.7764514,,,,False,,,,
n12609976601,Cafe Rova,cafe,18.5536815,73.939838,,,,False,,,,
n12641262080,NaadBrahma Idli,restaurant,18.5032589,73.9273693,,,indian,True,,,,
n12651948598,Khandesh,restaurant,18.5425299,73.7894766,,,,False,,,,
n12651972110,MM Restaurant,restaurant,18.5617709,73.8366235,,,,False,,,,
n12669955615,Street coffee,cafe,18.4595111,73.7854512,,,coffee_shop,False,,,,
n12685276669,CakeStory Desserts Cake shop & Ice Cream Parlour,restaurant,18.4855559,73.9532774,,Mo-Su 09:00-23:30,cake,True,,,,
n12688198135,CakeStory Desserts NIBM,restaurant,18.4782529,73.8907283,,Mo-Su 09:00-23:00,cake,True,,,,
n12688228858,Cake Story Desserts,restaurant,18.5075527,73.8790934,,Mo-Su 09:00-23:00,cake,True,,,,
n12688233704,Cakestory Desserts Gangadham,restaurant,18.4814608,73.8722918,,Mo-Su 09:00-23:00,cake,True,,,,
n12688256461,Cake Story Desserts,restaurant,18.5820681,73.8154203,,Mo-Su 09:00-23:00,cake,True,,,,
n12770261255,Satva Coffe,cafe,18.5643864,73.7791054,,,,False,,,,
n12794484463,Cafe A26,cafe,18.5682355,73.9060958,,,coffee_shop,False,,,,
n12801991326,Blue Tokai Coffee Roasters,cafe,18.5241167,73.8437345,,,coffee_shop;burger,False,,,,
n12802005129,Athavale Silver Leaf,restaurant,18.5232985,73.8474067,,,indian,True,,,,
n12802015306,Naivaidya,restaurant,18.5233494,73.8472044,,,indian,True,,,,
n12802031071,parampara,restaurant,18.5234836,73.8470197,,,indian,True,,,,
n12806062615,Hotel Tulsi Pure Veg,restaurant,18.5551869,73.7979768,,,,True,,,,
n12843844311,Brewing Partners,cafe,18.5182435,73.8357178,,,coffee_shop;burger,False,,,,
n12863141189,The Belgian Waffle Company,cafe,18.5687438,73.775275,,,,False,,,,
n12863148747,The Magic Bottle,cafe,18.5694498,73.7813326,,,,False,,,,
n12871485519,Signature Bar and Restaurant,restaurant,18.5644836,73.7831652,,,chinese;indian,False,,,,
n12996152201,Shri Krishna Anand Bhavan Since 1945,restaurant,18.503167,73.7970131,,Mo-Su 08:00-22:00,,True,,,,
n13028616259,Diamond Queen,cafe,18.5182802,73.8800352,,,irani;coffee_shop,False,,,,
n13052236486,P. L. Deshpande Kalagram,park,18.4947355,73.8371904,,,,False,,,,
n13064968272,Third Wave Coffee,cafe,18.5608571,73.8067852,,,coffee_shop,False,,,,
n13128764752,Brew Hub,cafe,18.4556346,73.9199161,,Mo-Su 17:00-23:00,coffee_shop,False,,,,
n13131132379,8 to 80 Park,park,18.5997033,73.8123649,,,,False,,,,
n13131470128,Chaha Mi,cafe,18.5559535,73.8181282,,,tea,False,,,,
n13140904993,Cafe Coffee Day,cafe,18.5135215,73.8793156,,,coffee_shop,False,,,,
n13144481425,woknfyr,restaurant,18.4495259,73.8421728,,,chinese;indian,False,,,,
n13161637308,Lumbini Garden,park,18.5611458,73.8964095,,,,False,,,,
n13175280882,Nando's,restaurant,18.5620058,73.9173245,,Mo-Su 11:30-23:30,chicken;portuguese,False,,,,
n13232581731,Sunset Point,park,18.5279973,73.8163816,,,,False,,,,
n13305747443,Jijai Coffee House,cafe,18.5078832,73.7723605,,24/7,coffee_shop;sandwich,False,,,,
n13333054987,Nehru Park,park,18.5191567,73.8731254,,Mo-Su 09:00-21:00,,False,,,,
n13347262449,aminah park,park,18.5089024,73.8967511,,Mo-Su 09:00-21:00,,False,,,,
n13347272453,nehru park,park,18.6161692,73.8299525,,Mo-Su 10:00-22:00,,False,,,,
n13368704877,ENGINEERS CAFE,cafe,18.4408298,73.8397901,,24/7,,False,,,,
n13380314361,Anand hotel,restaurant,18.5494141,73.9425646,,Mo-Su 10:00-22:00,indian,True,,,,
n13380850428,S.P Chinese Center,restaurant,18.5880217,73.8625141,,,chinese,False,,,,
n13380912461,A- One Star Caterers,restaurant,18.5886138,73.8624574,,,indian,True,,,,
n13386715401,Ratna Veg,restaurant,18.4856897,73.8118,,,,False,,,,
n13392139830,Jai Shri Nanumal Bhojraj,restaurant,18.5014451,73.8579401,,,chinese;indian,False,,,,
n13408367219,Dorabjee & Sons Restaurant,restaurant,18.515141,73.876995,,Tu-Su 10:00-19:00,iranian,False,,,,
n13452582075,Rameshwar,restaurant,18.4944792,73.874014,,Mo-Su 07:00-22:30,south_indian,True,,,,
n13461268163,Goan Canteen,restaurant,18.5645073,73.7747863,,,seafood,False,,,,
n13478636318,Good Luck Cafe,cafe,18.516853,73.7815936,,Mo-Su 07:00-22:00,pizza;coffee_shop;burger;indian;breakfast;tea;juice;brunch;fries;sandwich;chicken,False,,,,
n13506370565,fat labradour cafe,cafe,18.5203832,73.7756738,,Mo-Su 10:00am-11:00pm,coffee_shop;pizza;italian,False,,,,
n13506380193,fat labrador cafe,cafe,18.5205538,73.7760285,,,,False,,,,
n13506380194,fat labrador,cafe,18.5205843,73.7760821,,,burger;bavdhan,False,,,,
n13506966175,nirmal restaurant,restaurant,18.5205727,73.7788191,,Mo-Su 10:00-22:00,regional;burger,False,,,,
n13533706108,Adresh Anushka Snacks Centre,restaurant,18.4802625,73.8007731,,10:00-18:00,indian,True,,,,
n13541393275,Hotel Jai Bhavani,restaurant,18.4874942,73.7943578,,,,True,,,,
n13546492147,Somae,restaurant,18.530601,73.8390103,,,burger;coffee_shop;italian;sandwich;asian;indian;french;breakfast;pasta,True,,,,
n13546511733,La Sicilia Bistro & Patisserie,restaurant,18.5061008,73.8197134,,,pizza,False,,,,
n13583137986,Thali Circle,restaurant,18.5544874,73.8007339,,,,False,,,,
n13583153871,Iddarika,restaurant,18.5565301,73.7946159,,,indian,False,,,,
n13589034075,Shree Swami Samarth Mess and Snacks,restaurant,18.4798353,73.7999216,,,indian;tea,True,,,,
n13597448059,Mumbasa Cafe,cafe,18.5752486,73.76513,,,,False,,,,
n13598173617,Indian Darbaar Pure Veg,restaurant,18.5643264,73.7786403,,,indian,True,,,,
n13598173690,Maa Kamakshi Satvam,restaurant,18.5593703,73.7908139,,,,True,,,,
n13598173711,Namaste Chai,cafe,18.5582436,73.7927155,,,,False,,,,
n13598173720,Sindh Colony Baner Road,restaurant,18.5481303,73.8145824,,,,False,,,,
n13598461936,Akshay,restaurant,18.5282075,73.8764538,,,,False,,,,
n13598461948,Coronation Restaurant,restaurant,18.5278954,73.876059,,,,False,,,,
n13598461955,Hotel Station,restaurant,18.5271983,73.8762422,,,,False,,,,
n13598461957,Amruttulya and Alpopahar,cafe,18.5272588,73.8762364,,,,False,,,,
n13616223386,Chaitrali Hotel,restaurant,18.538312,73.8642602,,,,False,,,,
n13617110901,Shri Sai Cheesy Cafe,cafe,18.4469415,73.8098906,,,coffee_shop;pizza;burger;indian,False,,,,
n13619790667,Hotbox Corner,cafe,18.5485539,73.8786101,,,pizza;burger;coffee_shop,False,,,,
n13619843070,Durga Cafe,cafe,18.5349834,73.8806036,,,coffee_shop;chinese;south_indian,False,,,,
n13620787824,Relax Pav Bhaji,restaurant,18.4502144,73.8802695,,,,False,,,,
n13622267728,Bavdhan Chaupati,restaurant,18.5120667,73.7752445,,,asian;chinese;thai,False,,,,
n13622267729,Sarvana Bhavan,restaurant,18.5120221,73.7752257,,,indian;south_indian,False,,,,
n13624326086,Ishaan Pure Veg,restaurant,18.4980231,73.8406976,,,,False,,,,
n13624355222,Jay Malhar Bhaji Bhakri Kendra,restaurant,18.5014566,73.8454819,,,,False,,,,
n13624420814,Fountain Family Resto And Bar,restaurant,18.5267316,73.8520364,,,,False,,,,
n13624427965,Jogeshwari Misal,restaurant,18.5383449,73.8643656,,,,False,,,,
n13629200606,Vrundavan Restaurant And SK Mutton Khanaval,restaurant,18.5044591,73.9554447,,,,True,,,,
n13629200609,Jagdamb hotel,restaurant,18.5074809,73.9545104,,,,True,,,,
n13629385188,Shiv Shakti Pure Veg Family Restaurant,restaurant,18.544186,73.935841,,,indian,False,,,,
n13629462627,Garva Biryani,restaurant,18.4993856,73.9512718,,,,False,,,,
n13633319263,Her Highness,restaurant,18.5534687,73.8996483,,,,False,,,,
n13637440656,Sea Nonas,restaurant,18.5257849,73.8417922,,,,False,,,,
n13637465598,Peshwa Restaurant,restaurant,18.5201848,73.8410276,,,,False,,,,
n13638581253,Royal Chinese,restaurant,18.6046942,73.787728,,,chinese,False,,,,
n13644336704,Pargati Garden,park,18.5800756,73.8933951,,,,False,,,,
n13644402565,Venkateshwara Bhuwan,restaurant,18.493878,73.8252869,,,,True,,,,
n13645657221,New Central Restaurant,restaurant,18.5262027,73.850606,,,,False,,,,
n13649997740,Durga cafe,cafe,18.534984,73.8805839,,,,False,,,,
n13650002282,Kapila chart corner,cafe,18.5340864,73.876567,,,,False,,,,
n13665153824,War Memorial,memorial,18.5229963,73.8907093,,,,False,,,,
n13666874710,Raj Hotel And Bar,restaurant,18.4501157,73.8111504,,,,False,,,,
n13672036384,Madar Teresa Garden,park,18.5021939,73.837797,,,,False,,,,
n13706671664,Spice Factory,restaurant,18.5664579,73.7711737,,,,False,,,,
n13706671666,Taste of Indore,restaurant,18.5653319,73.7734889,,,indian,False,,,,
n13706671672,Hotel Sasarwadi Mutton Khanawal,restaurant,18.5649699,73.7735537,,,indian,False,,,,
n13706671675,Dakshin Tiffins,restaurant,18.5650106,73.7733983,,,indian,False,,,,
n13706671694,Amrita Pure Veg,restaurant,18.5643268,73.7782055,,,,False,,,,
n13706720613,Blue Tokai Coffee Roasters,cafe,18.5685361,73.7675072,,,coffee_shop,False,,,,
n13706720632,Chai Khajana,cafe,18.5574751,73.7933854,,,,False,,,,
n13755240906,Sagar Sweets,restaurant,18.5576411,73.9089212,,,indian,False,,,,
n13762832048,Yewale Amruttulya,cafe,18.5584477,73.7923727,,,,False,,,,
n13762832064,Kiosk Kaffee,cafe,18.5587002,73.7913934,,,coffee_shop,False,,,,
n13762876299,Golden,cafe,18.5612864,73.7860216,,,tea,False,,,,
n13762876300,Indorilal,cafe,18.5612824,73.7860515,,,tea,False,,,,
n13762876301,Sudamache Pohe,cafe,18.5612808,73.7860851,,,,False,,,,
n13762876304,Spice It Up,restaurant,18.561708,73.7858521,,,indian,False,,,,
n13762876320,Circle of Crust,restaurant,18.5618371,73.7850837,,,pizza,False,,,,
n13762876327,Kaveri Veg Maharashtrian Thali,restaurant,18.5614844,73.785045,,,indian,False,,,,
n13805714808,RK Laxman museum,museum,18.573321,73.7707934,,,,False,,,,
n13875497346,Poona Food Truck,cafe,18.5317672,73.8316719,,,pizza;italian,False,,,,
n13875503954,Madina Mughlai,restaurant,18.5292482,73.824702,,,,False,,,,
n13875507659,Madina Chinese,restaurant,18.5292396,73.8246415,,,,False,,,,
n13875564966,Dragon Cafe,restaurant,18.5326684,73.8336944,,,,False,,,,
n13875608468,Zaika Chinese Food,restaurant,18.5270774,73.8268414,,,,False,,,,
n13875634973,The Boyz Cafe,cafe,18.5246768,73.8284546,,,coffee_shop,False,,,,
n13875645101,सो बी इट कैफ़े,cafe,18.5083428,73.8498472,,Mo-Su 12:30-22:30,,False,,,,
n13895079201,Poona Food Truck,cafe,18.5318168,73.8316809,,Mo-Su 11:00-21:00,american;breakfast;coffee_shop;diner;indian;italian_pizza;sandwich,False,,,,
w25956269,ABC Farms,park,18.5392589,73.905196,,,,False,,,,
w28217451,Osho Teerth Park,park,18.5364244,73.8914253,,"Mo-Su 06:00-09:00, 15:00-18:00",,False,,,,
w53153289,Muredha Nala Park,park,18.5118234,73.886386,,,,False,,,,
w53154871,Empress Botanical Garden,park,18.5131816,73.8974658,,,,False,,,,
w53272975,Sarasbaug,attraction,18.5008294,73.8528092,,Mo-Sa 07:00-21:00,,False,,,,
w53350109,Shinde Chhatri,attraction,18.4916295,73.8972726,,,,False,,,,
w54937943,Katraj Lake,park,18.4536001,73.861624,,,,False,,,,
w60980977,Vamanrao Dahanukar Udyan,park,18.4953567,73.8117572,,,,False,,,,
w60986757,Rajiv Gandhi Park,park,18.5542531,73.8649743,,,,False,,,,
w86918631,Kirti Gardens,park,18.5411066,73.77451,,,,False,,,,
w86919015,DRDO Ground,park,18.5389603,73.8010692,,,,False,,,,
w87218843,Aditi Garden,park,18.5148924,73.926317,,,,False,,,,
w92000559,Vardhayani Society Park,park,18.5466359,73.777797,,,,False,,,,
w108557629,Ramabai Ambedkar Udyan,park,18.5324843,73.8781401,,,,False,,,,
w109714189,Rose Garden,park,18.4875511,73.8476299,,,,False,,,,
w120009678,Swami Vivekanad Udyaan,park,18.4597352,73.8802891,,,,False,,,,
w121807061,Lumbini Garden,park,18.5611797,73.8964247,,,,False,,,,
w139488401,Chandani Lawn,restaurant,18.5033657,73.7885397,,,,False,,,,
w149110265,Chittranjan Vatika,park,18.5323825,73.8386358,,"Mo-Su 06:00-11:00, 16:00-20:00",,False,,,,
w149110279,Symbi Hill,park,18.5236923,73.8337877,,,,False,,,,
w152331477,Joggers Park,park,18.5663939,73.9162371,,,,False,,,,
w152333025,Udaan Biodiversity Park,park,18.5653857,73.9102813,,,,False,,,,
w157434018,ZK's,restaurant,18.486231,73.8883431,,,,False,,,,
w158148700,PCMC Garden,park,18.5997663,73.786986,,,,False,,,,
w160499755,Garden Court,restaurant,18.5042651,73.78845,,,,True,,,,
w174274776,Shyama Prasad Mukherjee Udyan,park,18.5000197,73.8297995,,,,False,,,,
w177689899,Relax Pav Bhaji,restaurant,18.4904152,73.8500453,,,,True,,,,
w180659329,J.J Garden,park,18.5174823,73.8776479,,,,False,,,,
w197472160,PCMC Park,park,18.594581,73.7959857,,Mo-Su 07:00-22:00,,False,,,,
w197954178,Major Tathawade Udyan,park,18.4933297,73.8273212,,,,False,,,,
w197954182,Parvati,attraction,18.49727,73.8467924,,,,False,,,,
w197954183,Peshve Udyan,park,18.5013401,73.8515349,,,,False,,,,
w197954184,Pandit Jeetendra Abhisheki Udyan,park,18.498212,73.8164611,,,,False,,,,
w197954185,P L Deshpande Garden,park,18.4926759,73.8370038,,"Mo-Su 06:00-10:30, 16:00-20:00",,False,,,,
w197954186,Tatyasaheb Thorat Udyan,park,18.5036292,73.8126383,,,,False,,,,
w199261924,Sambhaji Udyan,park,18.5205613,73.8471253,,,,False,,,,
w208958215,Raja Mantri Udyan,park,18.5063032,73.8332994,,,,False,,,,
w208958216,Sachin Tendulkar Jogging Park,park,18.5043187,73.8403288,,,,False,,,,
w210604941,Kakasaheb Gadgil Udyan,park,18.4752958,73.854281,,,,False,,,,
w210605039,Walvekar Garden,park,18.4836636,73.855671,,,,False,,,,
w210718055,Vijayanagar Colony Udyan,park,18.5050655,73.8514752,,,,False,,,,
w213842797,Bhimale garden,park,18.4872063,73.8747838,,,,False,,,,
w214161056,Nanasaheb Peshwe Samadhi,memorial,18.5120606,73.8424555,,,,False,,,,
w214161057,Savarkar Memorial,memorial,18.5130397,73.8409338,,,,False,,,,
w215535662,V. D. Vartak Udyan,park,18.5186426,73.8478053,,,,False,,,,
w215732323,Yashwant Nagar Society,park,18.539893,73.8347264,,,,False,,,,
w215732324,Midori park,park,18.5242235,73.8257162,,Mo-Su 08:00-22:00,,False,,,,
w215804388,Kamalnayan Bajaj Udyan,park,18.5456506,73.8522117,,,,False,,,,
w215998826,Aga Khan Palace,attraction,18.5524853,73.901537,,,,False,,,,
w215998839,Aga Khan Palace,castle,18.5523605,73.9014477,,,,False,,,,
w216815537,D. V. Bal Udyan,park,18.5114443,73.8154942,,,,False,,,,
w217271037,Lal Mahal,attraction,18.5187252,73.8566644,,,,False,,,,
w217271099,Jijamata Udyan,park,18.5187255,73.8568786,,,,False,,,,
w217278888,Shri Samarth Ramdas Udyan,park,18.5270984,73.8323727,,,,False,,,,
w217295652,Yashwantrao Chavan Udyan Seven Wonders,park,18.4930306,73.85374,,Mo-Su 06:00-10:00 16:00-20:00,,False,,,,
w217295654,Adhyapak Ground,park,18.4836125,73.8510134,,,,False,,,,
w217302730,Pujari Garden,park,18.4931782,73.8659992,,,,False,,,,
w217318332,Kalmadi Udyan,park,18.5023297,73.8676108,,,,False,,,,
w217736672,"SRPF Group 1, Ground 442",park,18.494315,73.9061161,,,,False,,,,
w217773610,Maharana Pratap Udyan,park,18.5081955,73.8532058,,sunrise-sunset,,False,,,,
w218078554,Mahatma Phule Vastu Sangrahalaya,museum,18.5236343,73.8451834,,,,False,,,,
w218078556,Pataleshwar,attraction,18.527045,73.8500789,,,,False,,,,
w218691426,Marutrao Gayakwad Udyan,park,18.5621564,73.8102042,,06:00-20:00,,False,,,,
w218691432,Kalyani Nagar Joggers Park,park,18.5502192,73.9029197,,"Mo-Su 06:00-11:00,16:00-20:00",,False,,,,
w218691434,Damodar Wagaskar Garden,park,18.5381797,73.897971,,,,False,,,,
w218697382,Chhatrapati Shivaji Maharaj,memorial,18.5021252,73.813473,,,,False,,,,
w218859883,Chima Udyan,park,18.5447507,73.8839125,,,,False,,,,
w218859886,Ram Manohar Lohia Udyan,park,18.5015203,73.9275923,,,,False,,,,
w218881240,Shrimant Bhairavsingh Ghorpade Udyan,park,18.5020235,73.8622855,,,,False,,,,
w219767496,Chhatrapati Shivaji Maharaj Udyan,park,18.5044744,73.8530783,,,,False,,,,
w220562525,Queen park,park,18.4773969,73.8966961,,Mo-Sa 08:00-20:00,,False,,,,
w220562868,Garware Balbhavan,park,18.5024623,73.8541088,,,,False,,,,
w220562882,Ramchandra Keshav Taware Udyan,park,18.4985652,73.8544261,,,,False,,,,
w223673901,Baludyan,park,18.486869,73.9460088,,,,False,,,,
w227926125,Parimal Udyan,park,18.5304269,73.8312801,,,,False,,,,
w232745958,Shri Sant Jnaneshwar Udyan,park,18.5142253,73.8169393,,"Mo-Su 06:00-10:00,16:30-20:00",,False,,,,
w232879052,Bharat Itihas Sanshodhak Mandal,museum,18.5106663,73.8495104,,,,False,,,,
w242682772,BD Garden,park,18.6182376,73.818529,,,,False,,,,
w242682774,Vallabh Bhai Park,park,18.6181216,73.8198118,,,,False,,,,
w244386572,Shivaji Park,park,18.5728109,73.8240893,,,,False,,,,
w246996059,Pimple Gurav Dinosaur Park,theme_park,18.5921918,73.8175747,,Mo-Su 05:00-20:30,,False,,,,
w247009988,Pankunwar Firodiya Udyan,park,18.5360903,73.833135,,,,False,,,,
w248446112,Sitangan Udyan,park,18.5964692,73.8201538,,,,False,,,,
w250302787,Pimple Nilakh Park,park,18.5722502,73.7945789,,,,False,,,,
w256444969,Ambedkar Park,park,18.46552,73.8692331,,,,False,,,,
w257752108,Garden,park,18.5797209,73.8943979,,,,False,,,,
w258099111,Anand Park,park,18.5811881,73.8829503,,,,False,,,,
w258099112,Gokul Nagar Park,park,18.5859546,73.8875517,,,,False,,,,
w259865798,Vrunda-Kerur garden,park,18.5094747,73.8030333,,,,False,,,,
w259865842,Rajpath Society ground,park,18.5096762,73.801749,,,,False,,,,
w259866051,Shikshaknagar ground,park,18.5104445,73.8013864,,,,False,,,,
w263825711,Gool Poonawala Udyan,park,18.4964129,73.876908,,,,False,,,,
w264281528,Raja Dinkar Kelkar Museum,museum,18.5107618,73.8545094,,,,False,,,,
w265152062,BHO,park,18.5176124,73.920541,,,,False,,,,
w279403633,Vasantrao Bagul Udyan,park,18.4917215,73.8506912,,,,False,,,,
w281308017,The Daily All Day,restaurant,18.5339382,73.8996753,,,burger;american;regional,False,,,,
w281835450,SYLVINIA,park,18.5189628,73.9280393,,sunrise-sunset,,False,,,,
w281883249,Chhatrapati Shivaji Maharaj Udyan,park,18.5692677,73.832692,,,,False,,,,
w282003257,FC Canteen,restaurant,18.5243228,73.8389404,,,,False,,,,
w282102067,Chhatrapati Shahu Udyan,park,18.5208607,73.868041,,,,False,,,,
w285606039,Vitthalrao Shivarkar Udyan,park,18.4987212,73.899446,,,,False,,,,
w289375531,Rohidas Garden,park,18.5031471,73.8739344,,,,False,,,,
w290390068,Sawai Gandharva Smarak,museum,18.5316493,73.8455586,,,,False,,,,
w291939305,Indraprasth Garden,park,18.5506464,73.8801457,,,,False,,,,
w292610072,Shahu Modak Udyan,park,18.5333868,73.8959774,,,,False,,,,
w295672810,Vairage Park,park,18.4988424,73.8747152,,,,False,,,,
w324170007,Nana Nani park,park,18.4914816,73.8317172,,,,False,,,,
w331478719,Dr. Babasaheb Ambedkar Museum,museum,18.5242655,73.8299959,,,,False,,,,
w331532100,Madar Teresa Garden,park,18.5021403,73.8377894,,,,False,,,,
w331532105,Prakash Narayan Bahirat Udyan,park,18.5305499,73.8278305,,,,False,,,,
w331532107,Shakuntala Nikam Udyan,park,18.5264706,73.8247943,,,,False,,,,
w344063818,Nilu Phule Udyan,park,18.5049944,73.8125796,,,,False,,,,
w344715542,Kalyan Bhel,restaurant,18.5044148,73.9312264,,,,False,,,,
w352312685,Jyoti Pure Veg Restraunt,restaurant,18.4780824,73.8897818,,24/7,"regional,_burger,_coffee,_indian;ice_cream",True,,,,
w352313849,Heenaz Hotel,restaurant,18.4693493,73.8891814,,,kebab;chicken,False,,,,
w352445309,Aaina Restaurant,restaurant,18.4731746,73.8895814,,,kebab;chicken,False,,,,
w359570381,Irani Chai,cafe,18.5649455,73.8078718,,,fast_food,False,,,,
w359573464,Open Air Canteen,restaurant,18.6062111,73.8742249,,Mo-Su 08:00-09:30,,False,,,,
w359684117,New Era Bakery,cafe,18.5697258,73.7810037,,Mo-Su 08:00-21:00,dessert;sandwich;regional,False,,,,
w359719212,Curated Workcafe,cafe,18.5747723,73.7749697,,Mo-Sa 09:00-21:00,coffee_shop,False,,,,
w359724881,Rocket Momos,restaurant,18.5398279,73.8930551,,,,False,,,,
w359727169,Maharashtra Restaurant,restaurant,18.5630281,73.8168658,,,,False,,,,
w359727408,BUENOS KAFFE,cafe,18.5669217,73.8159664,,Mo-Su 08:00-23:00,italian;pizza;pasta;burger;sandwich;coffee_shop;chicken,False,,,,
w359728399,Cafe Vanah,restaurant,18.5523195,73.8044343,,,,False,,,,
w359769658,Cafe Galaxy,cafe,18.5222375,73.7625891,,Mo-Su 08:00-22:00,dessert;frozen_yogurt,False,,,,
w359796593,Hotel Bhairavee,restaurant,18.5522298,73.8033279,,,,True,,,,
w359805562,ChickeGo,restaurant,18.5662423,73.9110802,,mo-sun 11-11,chinese;korean;indian,False,,,,
w359809508,Green Park Restaurant,restaurant,18.5509155,73.8040666,,"Mo-Su 11:00-15:00,19:00-23:30",,False,,,,
w359811162,Swig-Bar and Eatery,restaurant,18.5397671,73.8938546,,,,False,,,,
w359814369,janvi parking lot,park,18.540233,73.8632112,,24/7,,False,,,,
w359814491,mayuri miss ki parking,park,18.5378157,73.8632344,,24/7,,False,,,,
w359817038,Sai Shree,restaurant,18.5200058,73.770831,,,,False,,,,
w359911411,Evara cafe,cafe,18.5222925,73.7793428,,Mo-Su 10:00-22:00,burger;pizza;coffee_shop;chicken;sandwich;italian;tea;fries;noodle;salad;pasta;brunch;bistro,False,,,,
w359913248,Khan Park,park,18.5032346,73.8735391,,24/7,,False,,,,
w359915456,RED SHRIMP RESTRO,restaurant,18.5393196,73.8295851,,,regional,False,,,,
w359924586,Rihla,cafe,18.5632122,73.7770112,,,,False,,,,
w359937407,Aniket canteen,restaurant,18.5551647,73.8221927,,,,False,,,,
w359962272,100 NCL Innovation Park,park,18.5389291,73.8060875,,,,False,,,,
w359972924,Sugran Swayapakghar,restaurant,18.4917844,73.8247444,,"Mo-Su 8:30-15:30, 18:30-21:00",,True,,,,
w359987552,Swaraj Garden Restaurant,restaurant,18.5996767,73.8073065,,,regional,False,,,,
w359987861,Relax,restaurant,18.4895424,73.8501421,,Mo-Su 10:00-22:00,regional;pizza;burger;coffee_shop;sandwich;indian;ice_cream;dessert;italian;cake,True,,,,
w359991973,Wood Fire Grill,restaurant,18.5121437,73.8147273,,Mo-Su 11:30-23:30,indian;italian;american;fast_food;chinese,False,,,,
w360234234,RED MOON CAFE,cafe,18.5324579,73.8340762,,Mo-Fr 08:00-17:00,coffee_shop,False,,,,
w360235723,Kalyan Bhel,restaurant,18.4803631,73.8668146,,,,False,,,,
w360257187,Raj Garden,restaurant,18.450026,73.8101438,,Mo-Su 11:00-23:00,,False,,,,
w360291912,neha Cafe,cafe,18.4693208,73.8314758,,Mo-Fr 09:00-17:00,coffee_shop,False,,,,
w360321487,Sujata Mastani,cafe,18.4805597,73.8651217,,,,False,,,,
w360477863,Rangla Punjab,restaurant,18.5833242,73.7822718,,,,False,,,,
w360512759,Durga,cafe,18.4611386,73.8126333,,Mo-Su 08:00-22:00,coffee_shop;sandwich,False,,,,
w360983549,Badhaai Sweets,restaurant,18.4498273,73.8741864,,,,True,,,,
w361132495,ज्ञानज्योती सावित्रीबाई फुले उद्यान,park,18.5919407,73.7807759,,,,False,,,,
w365057618,Siddharth Restaurant,restaurant,18.5401701,73.8160721,,,,False,,,,
w365464561,Richie,cafe,18.5052823,73.7925691,,Mo-Su 08:00-22:00,mexican;vietnamese,False,,,,
w367059899,Pragati Garden,park,18.5801738,73.8933739,,,,False,,,,
w380417660,Jayprakash Narayan Udyan,park,18.526954,73.8743753,,,,False,,,,
w395898751,Pashan Lake Park,park,18.5364833,73.7886091,,,,False,,,,
w447361695,Children Park,park,18.5534945,73.8694608,,,,False,,,,
w447665802,Shahid Huttatma Garden,park,18.5557229,73.8766737,,Mo-Su 06:00-19:00,,False,,,,
w447665807,Children Park,park,18.5535116,73.8690843,,,,False,,,,
w448097838,PCMC Park,park,18.6256118,73.8308533,,Mo-Fr 08:00-17:00,,False,,,,
w448097850,Annabhau Udyan,park,18.6200958,73.8406851,,,,False,,,,
w448099209,Bhosari Sahal Kendra Udyan,park,18.6250265,73.8488091,,,,False,,,,
w462026418,Raje Chhatrapati Shivaji Garden,park,18.5497859,73.917268,,,,False,,,,
w466983889,Deccan Harvest,restaurant,18.5141918,73.9274029,,,asian,False,,,,
w469320325,grevillea park,park,18.5096961,73.9266108,,,,False,,,,
w469322847,Magarpatta City School Ground,park,18.5111511,73.9273805,,,,False,,,,
w469323826,club house,park,18.5096639,73.9272658,,,,False,,,,
w469648515,LMD park,park,18.5108362,73.7777605,,Mo-Su 10:00AM-9:00pm,,False,,,,
w469810388,Amanora,park,18.5177667,73.9436755,,,,False,,,,
w470109423,bhosale garden,park,18.5049275,73.9306108,,,,False,,,,
w470706758,trillium,park,18.5187109,73.9250787,,,,False,,,,
w472271415,industrial area,park,18.5134666,73.9146836,,,,False,,,,
w479980729,Waari Cafe,cafe,18.5064081,73.8210818,,,,False,,,,
w494498097,Tarkeshwar Mandir Hill,park,18.5462329,73.8820068,,,,False,,,,
w494577377,PMC Garden,park,18.5584717,73.9206932,,,,False,,,,
w511226311,Ram Laxman Children's Park,park,18.5601506,73.8067807,,,,False,,,,
w511315413,Ganga Osian Garden,park,18.4545017,73.8652752,,,,False,,,,
w511316197,Rajas Society Playground,park,18.4524173,73.8650379,,,,False,,,,
w527740102,Valmiki udyan,park,18.5689878,73.8810191,,,,False,,,,
w527740913,Mahatma Phule Udyan,park,18.5587609,73.879068,,,,False,,,,
w527746888,Meera Nagar Park,park,18.5381281,73.8996233,,,,False,,,,
w529246131,Pandora Gastronomy,restaurant,18.547221,73.8898721,1.0,,asian;indian;international;japanese;thai,False,,,,
w532470092,Bund Garden,park,18.5416233,73.8842489,,,,False,,,,
w534249602,Dreams residency Park,park,18.5721313,73.8841211,,,,False,,,,
w534249608,Uttam Townscape Park,park,18.5712413,73.8835308,,,,False,,,,
w540959311,Pimple Saudagar Linear Garden,park,18.5971939,73.7914403,,,,False,,,,
w540959800,Pimple Saudagar Linear Gardens,park,18.5970596,73.7932435,,,,False,,,,
w540960896,Pimple Saudagaur Linear Gardens,park,18.5972729,73.7951688,,,,False,,,,
w540969265,Deepmala Garden,park,18.5973818,73.7914024,,,,False,,,,
w551263998,Dr Ambedkar Udyan,park,18.5248201,73.871468,,,,False,,,,
w552180017,PMC Garden,park,18.5584846,73.9207134,,,,False,,,,
w552182837,Exercise Field,park,18.4621895,73.8895592,,,,False,,,,
w552184037,Bal Udyaan Kondhwa,park,18.460084,73.888727,,,,False,,,,
w552184616,Empty Ground,park,18.4600401,73.8912054,,,,False,,,,
w553573316,Local Cricket Ground,park,18.4544432,73.8898293,,,,False,,,,
w554884170,"Linear Garden, Pimple Saudagar",park,18.5982869,73.8044388,,,,False,,,,
w556074002,Gram Sankruti Udyan,park,18.5455808,73.7979816,,,,False,,,,
w556161065,Anusaya Lonkar park Wanworie,park,18.4803285,73.9019557,,,,False,,,,
w556263430,Katraj Park,park,18.4440849,73.8625817,,,,False,,,,
w556266921,Nana Nani Park,park,18.4466682,73.8626756,,,,False,,,,
w556267499,Nana Nani park,park,18.4535489,73.8796999,,,,False,,,,
w556291439,Dhaneshwar Ground,park,18.5907273,73.8906964,,,,False,,,,
w556291717,Hansraj anand garden,park,18.5899431,73.8897039,,,,False,,,,
w588507948,Shri Bhairavnath Udayan,park,18.5431951,73.9257769,,,,False,,,,
w604035033,Swami Vivekananda Udyan,park,18.4763443,73.8569601,,,,False,,,,
w610772662,Haribhau Seth Dinaji Vaghere Udyan,park,18.610107,73.7974241,,,,False,,,,
w612519160,Jay Sitaram Udyan Rahatani Gaon,park,18.6070457,73.7958175,,,,False,,,,
w615777854,Vithoba Balaji Murkute Udyan,park,18.5569721,73.7721795,,,,False,,,,
w629205482,Mahavir Swami Udyan,park,18.4601688,73.8660823,,,,False,,,,
w629208593,Pragati Udyan,park,18.4499237,73.8631852,,,,False,,,,
w629209789,Kausarbaug Garden,park,18.4739055,73.8956383,,Mo-Su 06:00-24:00,,False,,,,
w629210414,Shahid Ashok Kamthe Garden,park,18.4846738,73.8985307,,,,False,,,,
w629222197,Ekta Udyan,park,18.4895057,73.8720024,,,,False,,,,
w630456832,Mahatma Udyan,park,18.4964437,73.7960273,,,,False,,,,
w630475100,Chatrapathi Shivaji Garden,park,18.5689819,73.8135713,,,,False,,,,
w630477572,Haji Rasulbhai Pansare Bal Udhyan,park,18.4938324,73.8709609,,,,False,,,,
w630478560,Aruna Asaffali Garden,park,18.4928132,73.8630828,,,,False,,,,
w630481762,Butterfly Park,park,18.4863203,73.8523768,,,,False,,,,
w630482334,Shankarrao Kaware Garden,park,18.4871801,73.8549732,,,,False,,,,
w631742591,Madhavrao Scindia Garden,park,18.5410047,73.8533028,,,,False,,,,
w631745271,Surabhi Garden,park,18.5044981,73.8930697,,,,False,,,,
w631747389,Swami Samarth Park,park,18.5112636,73.8639142,,,,False,,,,
w633224077,Canteen,restaurant,18.518954,73.8841514,,,,False,,,,
w639220731,Cricket Field,park,18.5230181,73.8141795,,,,False,,,,
w652379170,Darshan,restaurant,18.568675,73.7671798,,,,False,,,,
w653244339,Nyati Evita Park,park,18.6082712,73.90725,,,,False,,,,
w654269688,Anand Udyan,park,18.5563662,73.8048967,,,,False,,,,
w660432949,Late Sachin Agre udyan,park,18.5062432,73.8066472,,,,False,,,,
w662462503,Sadhvi Savitribai Phule Udyan,park,18.5362121,73.8756671,,,,False,,,,
w676746906,Varadshree Children Playground,park,18.5491599,73.7911655,,,,False,,,,
w677802261,Moze College Open park,park,18.5741948,73.7686138,,,,False,,,,
w692252521,Pashan Akhada Park,park,18.5411297,73.7948132,,,,False,,,,
w699408066,CT Lawns,park,18.5453544,73.9118893,,,,False,,,,
w699408067,CT Lawns,park,18.5452672,73.9123034,,,,False,,,,
w699408123,CT Lawns,park,18.5454355,73.9120686,,,,False,,,,
w699409234,Chhattrapati Sambhaji Raje Udyan,park,18.4644731,73.8699912,,,,False,,,,
w705226189,Green Park,park,18.5519153,73.8029375,,,,False,,,,
w709192752,pablo's pizza,cafe,18.5656932,73.7762345,,Mo-Su 08:00-22:00,italian;french,False,,,,
w715674642,Shahid Hemant Karkare udyan,park,18.4963214,73.9527491,,sunrise-sunset,,False,,,,
w729363812,Nana Nani Park,park,18.4896973,73.8444882,,,,False,,,,
w737078266,AnandVan,park,18.4786448,73.9092808,,Mo-Su 5:00-12:00,,False,,,,
w737078821,Aashirwaad Park,park,18.4755052,73.9179237,,,,False,,,,
w738897343,Maulana Yunus Irshaad Park,park,18.4658442,73.8845195,,,,False,,,,
w798336778,Taljai Ground,park,18.4824438,73.8480607,,,,False,,,,
w819111733,South Canteen,cafe,18.5296816,73.85452,,,,False,,,,
w823484821,Sakhubai Gawali Garden,park,18.6231386,73.8560764,,,,False,,,,
w831244668,Amanora Victory Park,park,18.5229896,73.9483004,,,,False,,,,
w853207465,Kudale Patil Park,park,18.4726695,73.8190247,,Mo-Sa 08:00-20:00,,False,,,,
w859314061,shivarkar garden,park,18.4879205,73.8982758,,Mo-Fr 08:00-17:00,,False,,,,
w859971594,Anies,cafe,18.4820499,73.9052903,,24/7,regional;chicken;coffee_shop,False,,,,
w863476893,Babubhai Garden,park,18.4907429,73.8627058,,,,False,,,,
w897489635,PMC Park,park,18.5786217,73.7658718,,,,False,,,,
w940925672,Vijaya Kailas Tikone Udyan,park,18.5227813,73.8570969,,,,False,,,,
w962248754,Walvekar Lawns,park,18.4817438,73.8561417,,,,False,,,,
w987623646,SS garden,park,18.5195648,73.8807207,,Mo-Sa 07:00-20:00,,False,,,,
w987625320,DD Garden,park,18.5076333,73.7942302,,Mo-Su 08:00-22:00,,False,,,,
w987626296,Chai Cafe,cafe,18.5159793,73.8771033,,sunrise-sunset,regional,False,,,,
w1009507328,signature,restaurant,18.5215743,73.8717306,,Mo-Su 08:00-22:00,italian;barbecue,False,,,,
w1030015753,Kamala Nehru Park,park,18.5169871,73.8348138,,"Mo-Su 07:00-10:00, 16:00-20:30",,False,,,,
w1030306415,Refectory canteen,restaurant,18.5513015,73.8248099,,,,False,,,,
w1040257439,Necklace garden,park,18.526421,73.7897133,,Mo-Su 08:00-22:00,,False,,,,
w1041406486,G. D. Madgulkar Udyan,park,18.5127636,73.7750161,,,,False,,,,
w1049500160,Gajraj Garden,park,18.5632871,73.895821,,,,False,,,,
w1066691101,play ground,park,18.5156302,73.9403943,,,,False,,,,
w1088105792,Iskcon lawn,park,18.4483825,73.8807896,,,,False,,,,
w1102770573,Shree Radha Krishna Pure Veg,restaurant,18.452292,73.793338,,,,False,,,,
w1104627644,bavdhan walking area,park,18.5188008,73.7805021,,sunrise-sunset,,False,,,,
w1109900437,Shahid Ashok Kamte Garden,park,18.5662527,73.7904161,,"Mo-Su 05:00-10:00,16:00-20:00",,False,,,,
w1111954436,Chhatrapati Shivaji Garden,park,18.5440821,73.828364,,,,False,,,,
w1122532256,Govind Garden,restaurant,18.5962598,73.8024381,,,,False,,,,
w1145089204,Shaniwar Wada,fort,18.5193863,73.8553472,,,,False,,,,
w1153235075,Garve Lawns,park,18.604356,73.8188787,,,,False,,,,
w1153244934,Batturao Genuji Jagtap Garden (PCMC Garden),park,18.5977736,73.8179222,,,,False,,,,
w1154700911,Nana Nani Park,park,18.553662,73.8027676,,,,False,,,,
w1158422274,Navmitra Society Park,park,18.4725132,73.8613905,,,,False,,,,
w1162006482,PCMC Sports Complex,park,18.6258096,73.8548231,,,,False,,,,
w1162029789,MH 14 Food Court,restaurant,18.5816804,73.8172596,,,,False,,,,
w1165645637,Copa Cabana,restaurant,18.5888816,73.7825127,,,,False,,,,
w1167248544,PARK a12,park,18.58239,73.8204426,,,,False,,,,
w1172947675,Bavdhan park,park,18.5059737,73.7674221,,,,False,,,,
w1197656552,Farmaaish,restaurant,18.5555819,73.7948367,,,,False,,,,
w1213781506,Santé Spa Cuisine,restaurant,18.5638894,73.7746851,,,,False,,,,
w1221529116,Atulya Pure Veg,restaurant,18.4554667,73.7984617,,,,True,,,,
w1225125349,COEP Hostel Mess,cafe,18.5279224,73.8511668,,,,False,,,,
w1228209658,Hotel Majestic Restaurant & Bar,restaurant,18.4562639,73.843603,,Mo-Su 09:00-21:00,chicken;chinese;regional,True,,,,
w1229627983,The White House Restaurant,restaurant,18.5653517,73.7990883,,"Mo-Su 11:30-15:00,19:00-23:30",,True,,,,
w1231605075,CAKE CARNIVEL,cafe,18.4494579,73.8381232,,Mo-Su 08:00-22:00,,False,,,,
w1234887900,New Day Cafe and Restaurant,restaurant,18.5086183,73.8745278,,Mo-Su 04:00-23:00,tea;_bun_muska;_toast,False,,,,
w1245484128,Late. Mahadubuwa Shelar Udyan,park,18.4744317,73.7944883,,,,False,,,,
w1245776667,durga cafe,cafe,18.551545,73.7685805,,Mo-Su 09:00-21:00,coffee_shop;indian,False,,,,
w1246024694,vedant hotel,restaurant,18.4491264,73.8364633,,Mo-Su 10:00-22:00,pizza;sandwich;chinese;indian;coffee_shop,True,,,,
w1261394960,Sairat Biryani,cafe,18.5810663,73.8157491,,Mo-Su 08:00-22:00,biryani;chicken;chinese,False,,,,
w1264727850,Tukaimata Jogging Track Garden,park,18.4739651,73.8259897,,,,False,,,,
w1264728667,Shantabai Eknath Charwad Udyan,park,18.4678532,73.820321,,,,False,,,,
w1307015556,Gulmohar Bar & Curryhouse,restaurant,18.5590938,73.791405,,,,False,,,,
w1318966999,hill,park,18.5513635,73.7832504,,,,False,,,,
w1333691356,Vardayini Pure Veg Restaurant,restaurant,18.5197651,73.7785715,,Mo-Su 07:00-23:00,indian;chinese;italian,True,,,,
w1338247928,Voilet,park,18.5211824,73.7651612,,sunrise-sunset,,False,,,,
w1338248581,Lily,park,18.5211913,73.7651612,,sunrise-sunset,,False,,,,
w1338980174,Jaysingrao Sasane Park,park,18.5097493,73.9061119,,,,False,,,,
w1346107341,private garden,park,18.5902561,73.8009245,,,,False,,,,
w1351188218,galaxy park,park,18.5204724,73.7668139,,Mo-Fr 08:00-17:00,,False,,,,
w1354648562,mount carmel secondary schools public garden,park,18.4838978,73.8848651,,sunrise-sunset,,False,,,,
w1356125372,Play Area,park,18.4504759,73.8548918,,sunrise-sunset,,False,,,,
w1364324779,Shivsrushti Historical Theme Park Pune,museum,18.4567142,73.8369378,,,,False,,,,
w1371963261,VIT Canteen,cafe,18.4630252,73.8681206,,,,False,,,,
w1386055155,M Bhaskar S Shinde Udyan,park,18.560863,73.9256739,,,,False,,,,
w1389330245,The Kuti Project,cafe,18.5672833,73.7772311,,,,False,,,,
w1389359452,Hotel Chul Mutton,restaurant,18.5670059,73.7763319,,,indian,False,,,,
w1389838810,H.B.P. Sopanrao Saykar Garden,park,18.5676251,73.7769023,,"Mo-Su 06:00-11:00,16:00-21:00",,False,,,,
w1415827329,Mahesh Park,park,18.4683636,73.8656242,,,,False,,,,
w1450182380,Bavdhan public playground,park,18.5161408,73.7708941,,9 am to 7 pm IST,,False,,,,
w1452595505,Tej Garden,park,18.5092318,73.7854111,,Mo-Su 08:00-22:00,,False,,,,
w1458943419,Government  Basketball Court,park,18.5489652,73.9149382,,6 AM to 6 PM,,False,,,,
w1458945429,aroma cafe,cafe,18.5844405,73.8928165,,Mo-Su 10:00-22:00,burger;coffee_shop;pizza;ice_cream,False,,,,
w1458948649,Wrestling  Ground,park,18.5418453,73.9231978,,,,False,,,,
w1458954817,Reddy's Hotel,restaurant,18.5442512,73.8776925,,,chinese;indian,False,,,,
w1459004876,orchid open garden,park,18.5508955,73.8304675,,sunrise-sunset,,False,,,,
w1459188502,yuvi parking,park,18.5388129,73.8634897,,24/7,,False,,,,
w1459492266,Garden,park,18.555875,73.8435193,,,,False,,,,
w1461828269,Bhimale Udyan,park,18.4957495,73.8763694,,,,False,,,,
w1464344189,Vrundavan Pure Veg,restaurant,18.5758892,73.7750384,,,,True,,,,
w1472052848,cricket ground,park,18.469142,73.7997104,,sunrise-sunset,,False,,,,
w1472143922,ground,park,18.5238127,73.7766225,,,,False,,,,
w1472143941,Midori park,park,18.5242235,73.8257162,,,,False,,,,
w1472144300,turf,park,18.5239965,73.7744898,,,,False,,,,
w1504486526,Prem's,restaurant,18.5631076,73.7837821,,,,False,,,,
w1517372710,Infinity Cafe,cafe,18.4549041,73.838588,,,,False,,,,
r2861672,Shaniwar Wada,castle,18.5193863,73.8553472,,,,False,,,,
r6922953,Gangotri park,park,18.5119146,73.778853,,,,False,,,,
r12320169,Rajiv Gandhi Snake Park,park,18.4529079,73.8618417,,Mo-Sa 08:00-18:00,,False,,,,
r20628919,Pandit Bhimsen Joshi Udyan,park,18.5110622,73.7912158,,,,False,,,,
n518295334,Sun N Sand,hotel,18.5382482,73.8815099,,,,False,,,,
n1534838251,P.G.HOSTEL,hostel,18.4594674,73.8558809,,,,False,,,,
n2086891037,IISER New Hall of Residence,hostel,18.5435714,73.8058684,,,,False,,,,
n2566241275,Sadanand,hotel,18.505459,73.8232862,,,,False,,,,
n3683345640,Swagat Luxury Lodging,hotel,18.4448095,73.7871856,,,,False,,,,
n3872878964,Hotel Abhijeet New Sweet Home,hotel,18.5135819,73.8518395,,,,False,,,,
n4583821518,Treebo Hotels Guest House,hotel,18.53323,73.8873459,,,,False,,,,
n6116290217,Hotel Royal Palace,hotel,18.5253347,73.8495974,,,,False,,,,
n6643174622,International Girls Hostel,hostel,18.5569591,73.822172,,,,False,,,,
n7770919557,Nishigandha,hotel,18.5232218,73.8530683,,,,False,,,,
n9123598680,Lakevilla,guest_house,18.4304461,73.8367335,,,,False,,,,
n9342592545,57. Lorraine.,guest_house,18.5092824,73.9085467,,,,False,,,,
n9662603733,Central Government Touring Officers Guest House,guest_house,18.495322,73.8621703,,,,False,,,,
n10091349944,Hotel Muktai Veg & Non Veg,hotel,18.4445206,73.7854961,,,,False,,,,
n10091349946,Mejwani pure veg,hotel,18.4445889,73.7855709,,,,False,,,,
n10172982148,International Boys Hostel,hostel,18.5576098,73.8222612,,,,False,,,,
n10219080673,hotel5,hotel,18.6083116,73.9112408,,,,False,,,,
n10297944218,Boys Hostel - NO 9,hostel,18.5585355,73.8229385,,,,False,,,,
n10297949409,Hostel No. 6,hostel,18.5587782,73.822226,,,,False,,,,
n10871055488,Siya Girls' Hostel,hostel,18.5102342,73.7931052,,,,False,,,,
n11473008553,CherryBerry PG Services,hostel,18.5648147,73.8041514,,,,False,,,,
n11622266009,Hotel Sheetal,hotel,18.5276184,73.8427918,,,,False,,,,
n11805017443,"Aura Celestia - Bar, Kitchen & Celebration",hotel,18.4604555,73.7862933,,,,False,,,,
n12247311517,Nalanda,hostel,18.5590625,73.8248414,,,,False,,,,
n12974539402,Youthville Co-Living PG (Balewadi 1),hostel,18.5749433,73.7753443,,,,False,,,,
n13133994701,Madhushalini Boys Hostel,hostel,18.4628978,73.8797755,,,,False,,,,
n13380879921,Hygiene hotel,hotel,18.5441362,73.8780455,,,,False,,,,
n13381083349,Kwality Biryani,hotel,18.5774292,73.8763353,,,,False,,,,
n13619809697,Ghode House Dhanori,guest_house,18.5886026,73.8916888,,,,False,,,,
n13650007167,Wadia College boys hostel,hostel,18.5342113,73.8805195,,,,False,,,,
n13850565396,L 10,hostel,18.5512021,73.8290582,,,,False,,,,
w125487666,The Corinthians Club,hotel,18.4640711,73.9183076,5.0,,,False,,,,
w202301136,Krishna Hotel And Restaurant,hotel,18.5149196,73.8285163,,,,False,,,,
w235115301,Main Girls Hostel,hostel,18.5482408,73.8391951,,,,False,,,,
w235115302,New Girls Hostel,hostel,18.5485694,73.8391213,,,,False,,,,
w235115304,Main Boys Hostel,hostel,18.548893,73.8393406,,,,False,,,,
w235115305,Guest House,guest_house,18.5491085,73.8394861,,,,False,,,,
w235115308,New Boys Hostel,hostel,18.549633,73.8397932,,,,False,,,,
w274017586,MIT Boys Hostel,hostel,18.5084148,73.8203283,,,,False,,,,
w359517269,Hotel Kala Sagar,hotel,18.6125084,73.81803,,,,False,,,,
w359573239,Abdul Kalam Hostel (OBH),hostel,18.6055253,73.8763348,,,,False,,,,
w359573266,Visvesvaraya Hostel (OBH),hostel,18.604745,73.8753605,,,,False,,,,
w359573504,SN Bose Hostel,hostel,18.6078705,73.8742608,,,,False,,,,
w359770247,MVPM Baner Boys Hostel,hostel,18.5679979,73.7781186,,,,False,,,,
w359814455,yuvi and akaza,hotel,18.540137,73.8636555,,,,False,,,,
w359814473,vineta bhal,hotel,18.5386942,73.8638032,,,,False,,,,
w359926706,Hotel Sargam,hotel,18.5459137,73.8877078,,,,False,,,,
w359993788,Hotel Radiant Lodge,hotel,18.5252065,73.849408,,,,False,,,,
w360225957,Hotel Bhooshan,hotel,18.525711,73.848948,,,,False,,,,
w360241293,Garuda,hotel,18.5077798,73.8291014,,,,False,,,,
w360267917,City Point Restaurant and Bar,hotel,18.4565186,73.7991736,,,,False,,,,
w360281547,"Saihyadri Girls Hostel, Sinhgad Institute of Technology and Scinece",hostel,18.4550804,73.8194827,,,,False,,,,
w360281903,"Rajgad Boys Hostel, Sinhgad Institute of Technology and Scinece",hostel,18.4548818,73.8184241,,,,False,,,,
w360306088,Royal Hotel,hotel,18.4475801,73.8031558,,,,False,,,,
w729377908,Symbiosis Viswabhavan Girls Hostel,hostel,18.5225921,73.8299633,,,,False,,,,
w993387170,Girls' Hostel Pune University,hostel,18.5508923,73.8285513,,,,False,,,,
w1034696718,Pune University Guest House,guest_house,18.555076,73.82536,,,,False,,,,
w1067605368,Hotel Green Park,hotel,18.5508554,73.8039701,,,,False,,,,
w1111285599,Executive Training Centre and Hostel - Club House,hostel,18.5069289,73.7700372,,,,False,,,,
w1120268985,Marwadi Sammelan Dharmashala,hostel,18.5253359,73.8683013,,,,False,,,,
w1120291492,B.J. Medical College Girls Hostel,hostel,18.5217681,73.8727515,,,,False,,,,
w1131543782,Government VVIP Rest House,guest_house,18.5287852,73.8861279,,,,False,,,,
w1161995997,Ashley House,guest_house,18.5316287,73.8781047,,,,False,,,,
w1200818667,New Ladies Hostel,hostel,18.4596516,73.8515549,,,,False,,,,
w1271972054,SOFT Girls Hostel,hostel,18.4443382,73.8343916,,,,False,,,,
w1389330214,Sai Garuda PG,hostel,18.5691395,73.7776209,,,,False,,,,
w1459189370,lover spot hotal,hotel,18.5386991,73.8634544,,,,False,,,,
lp8672d,Conrad Pune by Hilton,hotel,18.535353,73.883395,5.0,,,False,9.8,220.0,https://static.cupid.travel/hotels/ex_ba0161aa_z.jpg,liteapi
lp58418,JW Marriott Hotel Pune,hotel,18.532369,73.82975,5.0,,,False,9.2,107.0,https://static.cupid.travel/hotels/ex_a0b89bb4_z.jpg,liteapi
lp2f348,Sheraton Grand Pune Bund Garden Hotel,hotel,18.530251,73.871335,5.0,,,False,9.0,1017.0,https://static.cupid.travel/hotels/465559557.jpg,liteapi
lp58216,Hyatt Pune,hotel,18.554078,73.904702,5.0,,,False,9.2,2363.0,https://static.cupid.travel/hotels/580392579.jpg,liteapi
lp240dec,"The Ritz-Carlton, Pune",hotel,18.552419,73.890245,5.0,,,False,9.8,475.0,https://static.cupid.travel/hotels/482691709.jpg,liteapi
lp5a61a,Sayaji Pune,hotel,18.599573,73.755021,5.0,,,False,9.4,850.0,https://static.cupid.travel/hotels/558570836.jpg,liteapi
lp5734e,Hyatt Regency Pune & Residences,hotel,18.558432,73.911149,5.0,,,False,,307.0,https://static.cupid.travel/hotels/ex_6822c640_z.jpg,liteapi
lp4ca73,Courtyard by Marriott Pune Hinjewadi,hotel,18.590874,73.74675,4.0,,,False,,50.0,https://static.cupid.travel/hotels/ex_9db1f3a0_z.jpg,liteapi
lp44290,Marriott Suites Pune,hotel,18.533053,73.910434,5.0,,,False,9.1,435.0,https://static.cupid.travel/hotels/465673097.jpg,liteapi
lp503b2,The Westin Pune Koregaon Park,hotel,18.53908,73.906038,5.0,,,False,9.1,610.0,https://static.cupid.travel/hotels/538764360.jpg,liteapi
lp85ba7,"Vivanta Pune, Hinjawadi",hotel,18.591872,73.745172,5.0,,,False,8.1,686.0,https://static.cupid.travel/hotels/54360345.jpg,liteapi
lp6c50e,Novotel Pune Viman Nagar Hotel,hotel,18.559034,73.911354,4.0,,,False,8.0,110.0,https://static.cupid.travel/hotels/ex_012146b5_z.jpg,liteapi
lp5a3db,Cocoon Hotel,hotel,18.509029,73.928579,3.0,,,False,9.4,970.0,https://static.cupid.travel/hotels/451329888.jpg,liteapi
lp52e27,Radisson Blu Hotel Pune Kharadi,hotel,18.55343,73.937794,5.0,,,False,9.4,1507.0,https://static.cupid.travel/hotels/232826364.jpg,liteapi
lp1dfb7b,Lemon Tree Hotel Viman Nagar Pune,hotel,18.562092,73.908044,4.0,,,False,9.8,359.0,https://static.cupid.travel/hotels/230606465.jpg,liteapi
lp5ebb4,Crowne Plaza Pune City Centre by IHG,hotel,18.531115,73.876807,5.0,,,False,7.3,1199.0,https://static.cupid.travel/hotels/256484344.jpg,liteapi
lp5e7df,The Orchid Hotel Pune Hinjewadi,hotel,18.57075,73.764417,4.0,,,False,6.8,79.0,https://static.cupid.travel/hotels/ex_9f9ebcdb_z.jpg,liteapi
lp5ab28,Four Points by Sheraton Hotel and Serviced Apartments Pune,hotel,18.562492,73.922271,5.0,,,False,9.2,837.0,https://static.cupid.travel/hotels/328043039.jpg,liteapi
lp194682,Lemon Tree Premier City Center Pune,hotel,18.527935,73.876585,5.0,,,False,9.6,798.0,https://static.cupid.travel/hotels/184640157.jpg,liteapi
lp6c1df,Fairfield by Marriott Pune Kharadi,hotel,18.545908,73.936451,4.0,,,False,9.0,537.0,https://static.cupid.travel/hotels/586641309.jpg,liteapi
lp42f05,O Hotel Pune,hotel,18.539675,73.887744,4.0,,,False,,201.0,https://static.cupid.travel/hotels/ex_d0b9e18e_z.jpg,liteapi
lp41626,"Royal Orchid Central, Pune",hotel,18.546316,73.906698,4.0,,,False,9.2,651.0,https://static.cupid.travel/hotels/57316314.jpg,liteapi
lp2d186,Blue Diamond Pune IHCL SeleQtions,hotel,18.538363,73.886408,5.0,,,False,8.5,763.0,https://static.cupid.travel/hotels/17062963.jpg,liteapi
lp76cd7,Holiday Inn Express Pune Pimpri by IHG,hotel,18.627951,73.806808,3.0,,,False,6.6,23.0,https://static.cupid.travel/hotels/ex_1ce7096b_z.jpg,liteapi
lpab44c,"Amanora The Fern Pune, Series by Marriott",hotel,18.517814,73.941408,5.0,,,False,8.5,245.0,https://static.cupid.travel/hotels/96391847.jpg,liteapi
lp3e577,Oakwood Residence Naylor Road Pune,hotel,18.535336,73.884827,4.0,,,False,9.4,57.0,https://static.cupid.travel/hotels/ex_b0b40c1f_z.jpg,liteapi
lp3f24f,Royal Orchid Golden Suites Pune,hotel,18.546543,73.909165,4.0,,,False,8.0,423.0,https://static.cupid.travel/hotels/57398344.jpg,liteapi
lp6558f432,Bloom Hotel - Magarpatta,hotel,18.503476,73.929097,3.0,,,False,8.2,163.0,https://static.cupid.travel/hotels/484244224.jpg,liteapi
lp2a1a0,Pride Hotel,hotel,18.530841,73.847161,4.0,,,False,,258.0,https://static.cupid.travel/hotels/ex_f9c671be_z.jpg,liteapi
lp4fe6c,The Corinthians Resort,hotel,18.463281,73.919309,5.0,,,False,8.7,1096.0,https://static.cupid.travel/hotels/367985272.jpg,liteapi
lp6fe07,Oxford Golf Resort,hotel,18.52609,73.744472,5.0,,,False,8.2,521.0,https://static.cupid.travel/hotels/202490213.jpg,liteapi
lp6557f10c,Hotel Tip Top International Pune,hotel,18.595778,73.755092,4.0,,,False,7.3,868.0,https://static.cupid.travel/hotels/392110812.jpg,liteapi
lp63993,Hotel Aurora Towers,hotel,18.517751,73.878773,4.0,,,False,8.0,636.0,https://static.cupid.travel/hotels/43385107.jpg,liteapi
lp4c676,Hotel Parc Estique,hotel,18.561791,73.919771,4.0,,,False,7.3,637.0,https://static.cupid.travel/hotels/12902651.jpg,liteapi
lp4ea1f,ibis Pune Viman Nagar Hotel,hotel,18.559393,73.9131,3.0,,,False,,243.0,https://static.cupid.travel/hotels/ex_c4949a22_z.jpg,liteapi
lpd3396,Treebo Excellent Home,hotel,18.551955,73.798418,3.0,,,False,,61.0,https://static.cupid.travel/hotels/351061213.jpg,liteapi
lp4b239,Park Ornate,hotel,18.548808,73.892611,4.0,,,False,8.0,15.0,https://static.cupid.travel/hotels/ex_3f2d96b5_z.jpg,liteapi
lpaca3d,Itsy Hotels Hill View Ex,hotel,18.519853,73.839063,3.0,,,False,7.0,477.0,https://static.cupid.travel/hotels/134442702.jpg,liteapi
lp974c8,FabHotel Imperio - Nr Baner Hill,hotel,18.565592,73.773533,3.0,,,False,8.4,704.0,https://static.cupid.travel/hotels/220166923.jpg,liteapi
lp219609,Hotel Centro,hotel,18.522403,73.843895,4.0,,,False,8.4,725.0,https://static.cupid.travel/hotels/206221203.jpg,liteapi
lp65728637,AR Suites Jewels Royale - Koregaon Park NX,hotel,18.529571,73.912937,4.0,,,False,8.2,980.0,https://static.cupid.travel/hotels/409901342.jpg,liteapi
lpe7166,"Monarch Montvert, Baner Pune",hotel,18.55746,73.79533,3.0,,,False,8.0,2.0,https://static.cupid.travel/hotels/ex_c40cc920_z.jpg,liteapi
lp657b9882,Essentia Premier Hotel Pune Wakad,hotel,18.599398,73.747892,4.0,,,False,8.8,345.0,https://static.cupid.travel/hotels/558911476.jpg,liteapi
lpeba5e,Kohinoor Executive,hotel,18.51811,73.84308,3.0,,,False,6.6,5.0,https://static.cupid.travel/hotels/ex_a1f7826c_z.jpg,liteapi
lp656e8c32,"HOSHTEL99 - LUX - Stay, Cowork and Cafe - Luxurious Twin Bungalow",hotel,18.553483,73.897537,,,,False,9.4,115.0,https://static.cupid.travel/hotels/610141191.jpg,liteapi
lp6657c,Shantai Hotel,hotel,18.519648,73.87103,3.0,,,False,8.2,806.0,https://static.cupid.travel/hotels/10688980.jpg,liteapi
lp657cf5c4,Travotown Hostel and CoWork Koregaonpark Pune,hostel,18.540608,73.891332,4.0,,,False,9.0,215.0,https://static.cupid.travel/hotels/614434911.jpg,liteapi
lp657e0dd5,Super Townhouse Hadapsar Formerly Savali Inn,hotel,18.504255,73.932411,3.0,,,False,9.2,179.0,https://static.cupid.travel/hotels/639586483.jpg,liteapi
lp6584ee78,Hostells - Backpacker Hostel near Pune Station,hostel,18.534088,73.878527,,,,False,8.7,233.0,https://static.cupid.travel/hotels/527304071.jpg,liteapi
lp655d3ca5,"HOSHTEL99 - PRIME - Stay, Cowork & Connect",hotel,18.540988,73.891043,,,,False,8.9,740.0,https://static.cupid.travel/hotels/331177662.jpg,liteapi
lp6570e060,"FabHotel Prime Esta Inn - Nr Twin Tower, Viman Nagar",hotel,18.557305,73.91155,3.0,,,False,,462.0,https://static.cupid.travel/hotels/547167254.jpg,liteapi
lp3f9dd,Hotel Park Central Koregaon Park,hotel,18.541212,73.887085,3.0,,,False,,583.0,https://static.cupid.travel/hotels/143515769.jpg,liteapi
lp657a9815,The Central Park,hotel,18.527296,73.878592,4.0,,,False,8.0,386.0,https://static.cupid.travel/hotels/27873087.jpg,liteapi
lp65799d21,Super Collection O Baner Formerly Seven Hills,hotel,18.557274,73.792627,4.0,,,False,8.9,81.0,https://static.cupid.travel/hotels/614390883.jpg,liteapi
lp657eb303,Octave Koregaon Park,hotel,18.539558,73.883057,3.0,,,False,8.0,341.0,https://static.cupid.travel/hotels/441995217.jpg,liteapi
lp6571342e,"Nagarik Commune, Baner - Pune",hotel,18.564544,73.782062,3.0,,,False,8.8,105.0,https://static.cupid.travel/hotels/553411649.jpg,liteapi
lp6274e,"Ramee Grand Hotel and Spa, Pune",hotel,18.521169,73.843937,4.0,,,False,,57.0,https://static.cupid.travel/hotels/ex_dd5dc57b_z.jpg,liteapi
lp7d5de,Treebo Sahara Shivaji Nagar,hotel,18.537011,73.830408,3.0,,,False,6.1,198.0,https://static.cupid.travel/hotels/337903574.jpg,liteapi
lp657bca3a,Bloom Hotel - Koregaon Park,hotel,18.539485,73.895046,3.0,,,False,8.2,254.0,https://static.cupid.travel/hotels/476929565.jpg,liteapi
lp77ea4,FabHotel President,hotel,18.512987,73.836973,3.0,,,False,7.6,5.0,https://static.cupid.travel/hotels/ex_592a0cbb_z.jpg,liteapi
lp657d72aa,Hotel Phoenix Koregaon Park,hotel,18.537175,73.910453,3.0,,,False,7.8,451.0,https://static.cupid.travel/hotels/153728456.jpg,liteapi
lp657f6e12,Palette Magarpatta City formerly Emerald Guestimony,hotel,18.52029,73.93259,5.0,,,False,6.4,186.0,https://static.cupid.travel/hotels/610914357.jpg,liteapi
lp6571a7f4,Vib O Stay,hotel,18.541493,73.890315,,,,False,8.4,168.0,https://static.cupid.travel/hotels/598395184.jpg,liteapi
lp655d4286,Hostel Lifespace- Tailor made for working professionals- Luxurious Twin Bungalow with CoWork- only 3 and 4 share Rooms,hostel,18.552986,73.897378,,,,False,9.5,109.0,https://static.cupid.travel/hotels/282908127.jpg,liteapi
lp657f210b,AUHTEL BHS,hotel,18.569233,73.770745,3.0,,,False,7.5,578.0,https://static.cupid.travel/hotels/332823298.jpg,liteapi
lp84862,The Ketan,hotel,18.520532,73.840933,3.0,,,False,8.3,145.0,https://static.cupid.travel/hotels/51224641.jpg,liteapi
lp657234e8,The Voyage - Cafe Hostel CoWork,hostel,18.53948,73.897552,,,,False,7.7,363.0,https://static.cupid.travel/hotels/442609941.jpg,liteapi
lp657c35df,Palm Suites Baner- indian nationals only,hotel,18.569595,73.771698,3.0,,,False,8.5,87.0,https://static.cupid.travel/hotels/595685850.jpg,liteapi
lpd3363,Hotel Lotus,hotel,18.53564,73.89709,2.0,,,False,9.0,4.0,https://static.cupid.travel/hotels/ex_7cc7b90b_z.jpg,liteapi
lpec1d3,FabHotel East Field Homes - Airport Road,hotel,18.561464,73.908812,3.0,,,False,8.3,87.0,https://static.cupid.travel/hotels/388683751.jpg,liteapi
lp4b107,"E-Square The Fern Pune, Series by Marriott",hotel,18.537776,73.835332,5.0,,,False,8.0,165.0,https://static.cupid.travel/hotels/337405794.jpg,liteapi
lp656c3590,"Treebo Serenity Inn, Koregaon Park",hotel,18.53882,73.886625,3.0,,,False,7.8,246.0,https://static.cupid.travel/hotels/482949924.jpg,liteapi
lp6562de9c,Bauhinia,hotel,18.515056,73.826693,3.0,,,False,8.9,186.0,https://static.cupid.travel/hotels/132448255.jpg,liteapi
lp656c2025,FabExpress Sairaj,hotel,18.59181,73.74765,3.0,,,False,8.6,54.0,https://static.cupid.travel/hotels/507792211.jpg,liteapi
lp70ec4,Hotel Shreyas,hotel,18.518179,73.84297,3.0,,,False,8.0,178.0,https://static.cupid.travel/hotels/36054250.jpg,liteapi
lp6577cb53,FabHotel Majestic Luxurious - Nr Rajaram Bhiku Pathare Stadium,hotel,18.55036,73.943909,3.0,,,False,8.3,82.0,https://static.cupid.travel/hotels/530961315.jpg,liteapi
lp656c2075,Itsy Hotels Prince Regency,hotel,18.5454,73.885666,3.0,,,False,7.4,416.0,https://static.cupid.travel/hotels/464303624.jpg,liteapi
lp62008,"Keys Prima by Lemon Tree Hotels, Pimpri, Pune",hotel,18.624461,73.809191,4.0,,,False,8.0,153.0,https://static.cupid.travel/hotels/159835668.jpg,liteapi
lp6571441b,Hotel Miraya Inn - A Boutique Stay,hotel,18.561613,73.908842,3.0,,,False,7.8,58.0,https://static.cupid.travel/hotels/587978124.jpg,liteapi
lp6570c434,Spacious 2 BHK in Main Kharadi - Anandkunj,hotel,18.55289,73.96462,,,,False,10.0,3.0,https://static.cupid.travel/hotels/559741391.jpg,liteapi
lp657761fc,FabHotel Falcon Executive - Pan card club road,hotel,18.559007,73.778215,3.0,,,False,8.3,68.0,https://static.cupid.travel/hotels/585056576.jpg,liteapi
lp657dd08e,Super Townhouse Oak Hadapsar,hotel,18.499602,73.951055,,,,False,8.5,56.0,https://static.cupid.travel/hotels/621660220.jpg,liteapi
lpde395,Treebo Naunidh Suites,hotel,18.559744,73.930168,3.0,,,False,7.4,296.0,https://static.cupid.travel/hotels/140562920.jpg,liteapi
lp6570f3a8,FabHotel White House Inn,hotel,18.566459,73.949386,3.0,,,False,7.8,141.0,https://static.cupid.travel/hotels/583019973.jpg,liteapi
lp4e6b5,Ginger Pune - Pimpri,hotel,18.627122,73.804015,3.0,,,False,7.4,304.0,https://static.cupid.travel/hotels/60590373.jpg,liteapi
lp658251d8,Urban Hometel,hotel,18.563654,73.783905,3.0,,,False,8.2,72.0,https://static.cupid.travel/hotels/595754863.jpg,liteapi
lp655b50ad,FabHotel Crystal Homes - nr Rajaram Bhiku stadium,hotel,18.54971,73.94697,3.0,,,False,8.2,345.0,https://static.cupid.travel/hotels/388859391.jpg,liteapi
lp65576fff,Treebo Iris Suites,hotel,18.563499,73.908352,3.0,,,False,7.2,397.0,https://static.cupid.travel/hotels/318799784.jpg,liteapi
lp6571d09f,"Zostel Pune, Viman Nagar",hotel,18.573432,73.913622,,,,False,8.0,100.0,https://static.cupid.travel/hotels/505983187.jpg,liteapi
lp8dc92,"The Fern Residency, MIDC, Pune",hotel,18.621747,73.830563,4.0,,,False,7.9,120.0,https://static.cupid.travel/hotels/69757930.jpg,liteapi
lp65702ff8,2 BHK AC Apartment,hotel,18.525373,73.959609,3.0,,,False,9.2,15.0,https://static.cupid.travel/hotels/545268458.jpg,liteapi
lp65799fdc,Kalpattaru Sadan Luxurios 3BHK,hotel,18.535708,73.834104,4.0,,,False,9.3,9.0,https://static.cupid.travel/hotels/566373458.jpg,liteapi
lp656e3b27,2BHK AC Service Apartment 101 Bhugaon,hotel,18.499869,73.762259,4.0,,,False,9.7,4.0,https://static.cupid.travel/hotels/546568698.jpg,liteapi
lp657a7d1c,Townhouse Oak JM Road Formerly Krishna presidency,hotel,18.526711,73.851308,3.0,,,False,7.7,205.0,https://static.cupid.travel/hotels/608872692.jpg,liteapi
lp7d6b0,Hotel Bhooshan Sivajinagar,hotel,18.52751,73.84534,2.0,,,False,10.0,2.0,https://static.cupid.travel/hotels/ex_fce96b18_z.jpg,liteapi
lp6582f413,Hotel Gandharva Shivajinagar,hotel,18.523054,73.84906,3.0,,,False,7.3,277.0,https://static.cupid.travel/hotels/163216465.jpg,liteapi
lp655b509a,Hotel Dreamland,hotel,18.527886,73.876085,,,,False,7.9,555.0,https://static.cupid.travel/hotels/238366862.jpg,liteapi
lp805e1,Hotel Shivam,hotel,18.52667,73.874329,,,,False,7.5,191.0,https://static.cupid.travel/hotels/198176561.jpg,liteapi
lp77e88,Treebo Brooks Manor,hotel,18.565506,73.949257,3.0,,,False,7.8,117.0,https://static.cupid.travel/hotels/180150234.jpg,liteapi
lp80229,Corporate Stay,hotel,18.562599,73.780094,,,,False,8.2,55.0,https://static.cupid.travel/hotels/142359428.jpg,liteapi
lp655d3208,Rostel Backpackers Hostel,hostel,18.55328,73.89761,,,,False,8.7,121.0,https://static.cupid.travel/hotels/374290249.jpg,liteapi
lp657b84a8,Townhouse Amanora Park Town Formerly Samrat Inn,hotel,18.51765,73.950149,4.0,,,False,8.7,57.0,https://static.cupid.travel/hotels/622138501.jpg,liteapi
lp1fbfcb,7 Apple Hotel - Viman Nagar Pune,hotel,18.566309,73.918731,3.0,,,False,7.4,228.0,https://static.cupid.travel/hotels/197570057.jpg,liteapi
lp655b134c,Treebo Tulip Comfort,hotel,18.572293,73.953758,3.0,,,False,8.1,326.0,https://static.cupid.travel/hotels/478569918.jpg,liteapi
lp65571481,Treebo Ranjeet Shivaji Nagar,hotel,18.518769,73.836368,3.0,,,False,7.2,286.0,https://static.cupid.travel/hotels/289969039.jpg,liteapi
lp65756d0e,Hotel O Happy Homely Stay,hotel,18.576792,73.893662,3.0,,,False,7.6,139.0,https://static.cupid.travel/hotels/620844353.jpg,liteapi
lp4e929,MY BIZZ HOTEL,hotel,18.519773,73.845551,2.0,,,False,7.8,20.0,https://static.cupid.travel/hotels/ex_78df437b_z.jpg,liteapi
lp657bc68e,"Treebo Cocostay, Hadapsar",hotel,18.510261,73.940072,3.0,,,False,7.6,146.0,https://static.cupid.travel/hotels/502213472.jpg,liteapi
lp656f5e82,Penthouse Bunglow - 3 Bhk,hotel,18.56058,73.77231,,,,False,9.7,3.0,https://static.cupid.travel/hotels/586050444.jpg,liteapi
lp656c3b91,Collection O Balewadi formerly Woods Regency,hotel,18.57676,73.7657,3.0,,,False,,65.0,https://static.cupid.travel/hotels/464015119.jpg,liteapi
lp657bf570,Lemon wood suites,hotel,18.573811,73.887115,,,,False,8.4,36.0,https://static.cupid.travel/hotels/611965831.jpg,liteapi
lp6578a323,Pvt Room attach Washroom Male ITPro near Magarptta,hotel,18.46918,73.93316,,,,False,10.0,1.0,https://static.cupid.travel/hotels/597719072.jpg,liteapi
lp6578138e,Private Room for Male near Hadapsar,hotel,18.49937,73.93448,,,,False,10.0,1.0,https://static.cupid.travel/hotels/597723771.jpg,liteapi
lp657cc295,Hotel Gargi Deluxe,hotel,18.503629,73.850607,2.0,,,False,10.0,1.0,https://static.cupid.travel/hotels/ex_0f5b5027_z.jpg,liteapi
lpef8f0,Turf Club House,hotel,18.50698,73.89038,3.0,,,False,10.0,1.0,https://static.cupid.travel/hotels/ex_ecc2f56f_z.jpg,liteapi
lp65765cbe,High-Rise Home with Skyline View,hotel,18.51136,73.95235,,,,False,10.0,1.0,https://static.cupid.travel/hotels/504499191.jpg,liteapi
lp656fc97e,Echo Homes T5,hotel,18.51921,73.93487,,,,False,10.0,1.0,https://static.cupid.travel/hotels/615948321.jpg,liteapi
lp657315cd,Skye Private 1Bhk in Amanora Park Town with WiFi AC Smart TV Washing Machine,hotel,18.52224,73.94044,,,,False,10.0,1.0,https://static.cupid.travel/hotels/604882014.jpg,liteapi
lp656e38f0,2BHK AC Service Apartment 303 - Manjari,hotel,18.526431,73.959875,4.0,,,False,10.0,2.0,https://static.cupid.travel/hotels/497152510.jpg,liteapi
lp6579e5bf,Spring Studio Apartment Opp Passport Office with AC Balcony WiFi Kitchenette,hotel,18.530756,73.912429,,,,False,10.0,2.0,https://static.cupid.travel/hotels/612780610.jpg,liteapi
lp65705e35,"Boutique Room in Koregaon Park. WiFi, Ac, Smart Tv",hotel,18.54027,73.898789,,,,False,10.0,1.0,https://static.cupid.travel/hotels/490462804.jpg,liteapi
lp655701fd,Urban Nomads - Hostel,hostel,18.5404,73.898952,2.0,,,False,10.0,1.0,https://static.cupid.travel/hotels/ex_60814564_z.jpg,liteapi
lp656bd126,StayBird Divine Suites Business Hotel,hotel,18.553787,73.939224,3.0,,,False,10.0,1.0,https://static.cupid.travel/hotels/ex_4e9adc48_z.jpg,liteapi
lpb69d9,OYO 6002 Avezeekaa Corporate Residency,hotel,18.556633,73.800575,3.0,,,False,10.0,1.0,https://static.cupid.travel/hotels/ex_1ae7f38e_z.jpg,liteapi
lp65777fc2,Private Room In Viman Nagar,hotel,18.56874,73.91355,,,,False,10.0,1.0,https://static.cupid.travel/hotels/591708089.jpg,liteapi
lp655a736b,Hotel Cozy Inn,hotel,18.532781,73.896972,,,,False,8.0,314.0,https://static.cupid.travel/hotels/130071556.jpg,liteapi
lp655a71ab,FabHotel Marvel Bliss,hotel,18.563404,73.908278,3.0,,,False,7.4,794.0,https://static.cupid.travel/hotels/412169969.jpg,liteapi
lp656e97e9,"The Good Vibes Studio : AC, WiFi, Smart Tv",hotel,18.531258,73.91352,,,,False,9.3,6.0,https://static.cupid.travel/hotels/505739889.jpg,liteapi
lp657318e3,Super Hotel O Bopodi Near Pune IT Park,hotel,18.565168,73.831039,2.0,,,False,8.0,55.0,https://static.cupid.travel/hotels/608867955.jpg,liteapi
lp656c35ad,"Itsy Hotels Opal Suites, Mundhwa, Near Koregaon Park",hotel,18.52978,73.93452,3.0,,,False,7.4,139.0,https://static.cupid.travel/hotels/481267721.jpg,liteapi
lp6572f0f0,Sage : Private Studio Room in Koregaon Park,hotel,18.54027,73.898789,,,,False,8.7,16.0,https://static.cupid.travel/hotels/490448413.jpg,liteapi
lp657b03dd,Pride Premier Pune,hotel,18.531319,73.847362,5.0,,,False,6.6,342.0,https://static.cupid.travel/hotels/274375153.jpg,liteapi
lp655d9db3,Serene Living,hotel,18.481406,73.899481,,,,False,9.1,39.0,https://static.cupid.travel/hotels/597829043.jpg,liteapi
lp657d4c2e,Octave Bund Garden,hotel,18.539685,73.88321,3.0,,,False,7.3,159.0,https://static.cupid.travel/hotels/442561558.jpg,liteapi
lp65790468,FabHotel Pristine,hotel,18.519645,73.855418,4.0,,,False,8.1,38.0,https://static.cupid.travel/hotels/582600420.jpg,liteapi
lp65824e74,Hotel Swaroop,hotel,18.51522,73.83537,3.0,,,False,8.0,45.0,https://static.cupid.travel/hotels/536490460.jpg,liteapi
lp657b0746,"FabHotel Embassy - Nr Amanora Mall, Pune",hotel,18.52551,73.95591,4.0,,,False,7.9,58.0,https://static.cupid.travel/hotels/596582053.jpg,liteapi
lp65823804,Club Charholi,hotel,18.620188,73.916418,,,,False,9.2,5.0,https://static.cupid.travel/hotels/619746409.jpg,liteapi
lp65720616,Hostell One - A complete backpacker & Coworking Hub,hostel,18.541198,73.890963,,,,False,7.2,197.0,https://static.cupid.travel/hotels/593182718.jpg,liteapi
lp657f6ba0,FabHotel Olive Suite - Near Airforce get,hotel,18.530411,73.862466,3.0,,,False,7.6,100.0,https://static.cupid.travel/hotels/605607659.jpg,liteapi
lp6570304f,FabHotel Tan Square - Nr Eon IT Park,hotel,18.557438,73.949844,3.0,,,False,7.7,70.0,https://static.cupid.travel/hotels/500434056.jpg,liteapi
lp36697c,"Treebo Luxe Suite, Shivaji Nagar",hotel,18.535388,73.828253,3.0,,,False,7.2,165.0,https://static.cupid.travel/hotels/225864209.jpg,liteapi
lp55e23,Hotel Shree Panchratna,hotel,18.53146,73.87453,3.0,,,False,8.4,20.0,https://static.cupid.travel/hotels/ex_w747h500x3y0-a5fad31d_z.jpg,liteapi
lp6574716c,Treebo Diamond Residency - DDPK Inn,hotel,18.571706,73.904831,3.0,,,False,6.9,258.0,https://static.cupid.travel/hotels/348883835.jpg,liteapi
lp656eaa7f,Rio : Cozy 1Bhk in Koregaon Park. WiFi AC King Bed,hotel,18.532809,73.895427,,,,False,8.9,9.0,https://static.cupid.travel/hotels/549802514.jpg,liteapi
lp1abe35,Maurya Residency,hotel,18.521602,73.841261,1.0,,,False,7.4,41.0,https://static.cupid.travel/hotels/176552905.jpg,liteapi
lp6557b157,AR Suites Jewels Royale - Koregaon Park NX,hotel,18.529571,73.912937,4.0,,,False,8.2,980.0,https://static.cupid.travel/hotels/409901342.jpg,liteapi
lp6582ecc2,Cinnamon House,hotel,18.516176,73.782316,3.0,,,False,8.2,36.0,https://static.cupid.travel/hotels/491426225.jpg,liteapi
lp657da23c,Treebo Royal Comfort Atithi,hotel,18.576705,73.773708,3.0,,,False,8.4,19.0,https://static.cupid.travel/hotels/603856178.jpg,liteapi
lp657d08f1,Itsy Hotels Iconic,hotel,18.572928,73.769643,3.0,,,False,8.0,44.0,https://static.cupid.travel/hotels/603546339.jpg,liteapi
lp656f84aa,JOY HOSTEL - Digital Nomads Hostel & PG - Koregaon Park,hostel,18.533616,73.897819,,,,False,8.5,15.0,https://static.cupid.travel/hotels/523953306.jpg,liteapi
lp655bb7fd,FabHotel Saraswati Niwas - Nr Sinhagad College,hotel,18.4686,73.829057,4.0,,,False,8.8,54.0,https://static.cupid.travel/hotels/603610045.jpg,liteapi
lpdd44e,Townhouse The Upper Room Near Pune Airport,hotel,18.578463,73.893535,4.0,,,False,7.2,57.0,https://static.cupid.travel/hotels/619737279.jpg,liteapi
lp65674919,Ashirwad Guest House (Male Only),hotel,18.489866,73.857952,,,,False,8.2,135.0,https://static.cupid.travel/hotels/203581103.jpg,liteapi
lp999a4,Treebo Park View Hadapsar,hotel,18.50466,73.933697,3.0,,,False,7.2,140.0,https://static.cupid.travel/hotels/548426999.jpg,liteapi
lp65766f46,FabHotel Prime Kharadi Residency - Nr World Trade Center Pune,hotel,18.56757,73.949336,3.0,,,False,7.5,82.0,https://static.cupid.travel/hotels/594767592.jpg,liteapi
lp6576d036,HNK home stay,hotel,18.47234,73.91001,,,,False,9.3,3.0,https://static.cupid.travel/hotels/517863342.jpg,liteapi
lp6570b55b,Spacious 1 BHK in Main Kharadi - Anandkunj,hotel,18.55286,73.96462,,,,False,9.3,3.0,https://static.cupid.travel/hotels/559947250.jpg,liteapi
lp6558da02,Itsy Hotels Crown Inn,hotel,18.552381,73.804079,3.0,,,False,7.0,192.0,https://static.cupid.travel/hotels/404843844.jpg,liteapi
lp52c9f,Ginger Pune Wakad,hotel,18.613793,73.748989,3.0,,,False,7.0,45.0,https://static.cupid.travel/hotels/ex_a2a76576_z.jpg,liteapi
lp657ef2bf,Hermitage Suites Koregaon Park,hotel,18.53833,73.89719,,,,False,7.8,44.0,https://static.cupid.travel/hotels/73799314.jpg,liteapi
lp655da6b0,Laxmi Happy Home in Pune,hotel,18.542417,73.889679,,,,False,8.5,80.0,https://static.cupid.travel/hotels/554230369.jpg,liteapi
lp657c1be8,"FabHotel Prime Athiti Delight Stay - Nr Shri Baneshwar Mandir, Baner",hotel,18.556057,73.778263,3.0,,,False,8.2,25.0,https://static.cupid.travel/hotels/617262017.jpg,liteapi
lp78132,Hotel Ambience Excellency,hotel,18.600488,73.775144,3.0,,,False,8.2,22.0,https://static.cupid.travel/hotels/ex_09b0e926_z.jpg,liteapi
lp65571499,Treebo Vikrant Residency,hotel,18.626105,73.804972,3.0,,,False,7.1,151.0,https://static.cupid.travel/hotels/288470038.jpg,liteapi
lp65733e68,Coliwo Trois Hostel - Kharadi,hostel,18.565615,73.952627,,,,False,7.7,57.0,https://static.cupid.travel/hotels/574299341.jpg,liteapi
lp656de7da,FabHotel 24 Baner - Nr MCF Camp,hotel,18.568777,73.77889,3.0,,,False,7.2,119.0,https://static.cupid.travel/hotels/438279643.jpg,liteapi
lp6578b9a5,FabHotel Diamond Residency - Airport road,hotel,18.556889,73.91231,3.0,,,False,7.7,50.0,https://static.cupid.travel/hotels/484259321.jpg,liteapi
lp655d4d2a,Procida Hostel by Vibe Village,hostel,18.570742,73.904905,,,,False,8.2,116.0,https://static.cupid.travel/hotels/359213426.jpg,liteapi
lp656c24a7,Itsy Hotels Sky Vista,hotel,18.553787,73.939224,2.0,,,False,10.0,,https://static.cupid.travel/hotels/ex_ec2dc76a_z.jpg,liteapi
lp6573d488,Kivi's Stay Baner,hotel,18.557409,73.793574,,,,False,10.0,,https://static.cupid.travel/hotels/ex_20a47dc4_z.jpg,liteapi
lp6557bb3d,Treebo Atithi Corporate Stay Baner IT Hub,hotel,18.564028,73.773707,3.0,,,False,7.5,63.0,https://static.cupid.travel/hotels/343261206.jpg,liteapi
lp65758e72,Via Karishma,hotel,18.518967,73.866401,3.0,,,False,6.6,279.0,https://static.cupid.travel/hotels/213398444.jpg,liteapi
lp655d4d28,Lifespace- Spacious Hostel in a Luxurious Villa,hostel,18.553227,73.897452,,,,False,9.0,26.0,https://static.cupid.travel/hotels/325355057.jpg,liteapi
lp657dfbfb,Treebo Sumati Baner,hotel,18.566386,73.772388,3.0,,,False,7.4,78.0,https://static.cupid.travel/hotels/318318310.jpg,liteapi
lp65782e83,Townhouse MG Road Pune,hotel,18.51597,73.878,3.0,,,False,6.7,251.0,https://static.cupid.travel/hotels/603517275.jpg,liteapi
lp65746879,Sunflower Pvt Studio Room in Koregaon Park with AC WiFi Smart TV,hotel,18.540125,73.898812,,,,False,8.7,8.0,https://static.cupid.travel/hotels/612662499.jpg,liteapi
lp6572db1a,Ivory 1Bhk Apartment in Viman Nagar Near Airport & Kalyani Nagar,hotel,18.556769,73.907564,,,,False,8.4,12.0,https://static.cupid.travel/hotels/604896429.jpg,liteapi
lp657f9d16,FabHotel Gargi Deluxe - Nr Raja Dinekar Musuem,hotel,18.503604,73.850615,3.0,,,False,6.9,155.0,https://static.cupid.travel/hotels/620144595.jpg,liteapi
lp65719138,"StayBird - Silver Oak, An Apartment Hotel, Kharadi",hotel,18.549785,73.943651,3.0,,,False,7.7,40.0,https://static.cupid.travel/hotels/457474100.jpg,liteapi
lp65600cd9,Casa - By Great Impressions,hotel,18.564035,73.908441,3.0,,,False,8.9,28.0,https://static.cupid.travel/hotels/398834263.jpg,liteapi
lp358ed2,Kedari Residency,hotel,18.501297,73.899467,4.0,,,False,7.5,56.0,https://static.cupid.travel/hotels/241831163.jpg,liteapi
lp655a66ea,"Hotel StayBird - Nest, Kharadi",hotel,18.550255,73.943486,3.0,,,False,8.7,46.0,https://static.cupid.travel/hotels/525072967.jpg,liteapi
lp657735eb,Super Collection O Pashan-Sus Road Baner Formerly Grey Stone,hotel,18.54939,73.76936,4.0,,,False,7.6,79.0,https://static.cupid.travel/hotels/613778720.jpg,liteapi
lp656c1ea4,"Treebo Bhairavee, Baner",hotel,18.552189,73.80343,3.0,,,False,7.5,55.0,https://static.cupid.travel/hotels/503068002.jpg,liteapi
lp656c1fcd,Treebo Trend Comfort Inn,hotel,18.56615,73.77272,3.0,,,False,7.7,38.0,https://static.cupid.travel/hotels/448038656.jpg,liteapi
lp657df2ff,Hotel Padma Krishna,hotel,18.522586,73.86258,3.0,,,False,7.8,36.0,https://static.cupid.travel/hotels/547933191.jpg,liteapi
lp655b50b7,Hotel Ashirwad,hotel,18.52865,73.87663,3.0,,,False,7.7,203.0,https://snaphotelapi.com/hotels/359173176.jpg,liteapi
lp21a393,Treebo Bhagyashree Executive,hotel,18.512079,73.937254,3.0,,,False,7.3,80.0,https://static.cupid.travel/hotels/206658432.jpg,liteapi
lp6574db38,Hotel O Arusai Inn,hotel,18.614233,73.76596,4.0,,,False,7.3,77.0,https://static.cupid.travel/hotels/596692822.jpg,liteapi
lp658153a2,Super Townhouse Balewadi High Street,hotel,18.57526,73.76819,4.0,,,False,7.2,126.0,https://static.cupid.travel/hotels/616372113.jpg,liteapi
lp657a7bba,Super Townhouse Oak Prabhat Road,hotel,18.514409,73.833356,4.0,,,False,7.1,157.0,https://static.cupid.travel/hotels/622138623.jpg,liteapi
lp655d4d29,Coliwo Un Hostel - Viman Nagar,hostel,18.56214,73.928989,,,,False,7.8,169.0,https://static.cupid.travel/hotels/327193260.jpg,liteapi
lp655d3c5b,Backpackers hostel,hostel,18.464444,73.815439,,,,False,7.2,473.0,https://static.cupid.travel/hotels/405544278.jpg,liteapi
lp65796629,Sabr Private Comfort Studio with AC WiFi Kitchenette Balcony,hotel,18.53124,73.913412,,,,False,9.0,3.0,https://static.cupid.travel/hotels/613795822.jpg,liteapi
lpa2465,Residency Club,hotel,18.529109,73.880165,3.0,,,False,7.6,40.0,https://static.cupid.travel/hotels/63545360.jpg,liteapi
lp657c505a,Comfort Inn Baner- Indian nationals only,hotel,18.566142,73.772747,,,,False,7.2,78.0,https://static.cupid.travel/hotels/561311202.jpg,liteapi
lp6567943d,FabHotel Vardhan House II,hotel,18.559281,73.794618,3.0,,,False,8.1,88.0,https://static.cupid.travel/hotels/596580323.jpg,liteapi
lp657f2185,Bloom Hotel - Balewadi,hotel,18.571321,73.771451,3.0,,,False,7.6,47.0,https://static.cupid.travel/hotels/605929477.jpg,liteapi
lp6580854f,Habitat Inn,hotel,18.578877,73.895474,2.0,,,False,7.6,44.0,https://static.cupid.travel/hotels/563399701.jpg,liteapi
lp657329c6,"StayBird - Divine Suites, Business Hotel, Kharadi",hotel,18.55379,73.939852,3.0,,,False,7.8,27.0,https://static.cupid.travel/hotels/580668833.jpg,liteapi
lp6578e397,Super Collection O Grey House,hotel,18.56214,73.77561,4.0,,,False,7.5,43.0,https://static.cupid.travel/hotels/521824830.jpg,liteapi
lp8231f,Hotel Ritz,hotel,18.523522,73.876745,3.0,,,False,7.2,75.0,https://static.cupid.travel/hotels/63773478.jpg,liteapi
lp6581eb6d,Ornate Service Apartments,hotel,18.560669,73.779363,4.0,,,False,7.5,62.0,https://static.cupid.travel/hotels/514551461.jpg,liteapi
lp656bd1db,"Itsy Hotels Anand Executive, Near Amanora",hotel,18.519938,73.937196,3.0,,,False,7.1,88.0,https://static.cupid.travel/hotels/579399087.jpg,liteapi
lp655b50be,Tranquil La Casa,hotel,18.534832,73.827371,3.0,,,False,8.1,82.0,https://static.cupid.travel/hotels/221319720.jpg,liteapi
lpec0f9,Magnus Star Residency Koregaon Park Annexe Pune,hotel,18.529921,73.912009,3.0,,,False,,157.0,https://static.cupid.travel/hotels/318695944.jpg,liteapi
lp6558af17,Treebo Tulip,hotel,18.575813,73.763641,3.0,,,False,7.0,99.0,https://static.cupid.travel/hotels/402400353.jpg,liteapi
lp655a7da3,FabHotel Vardhan House I,hotel,18.563313,73.772904,4.0,,,False,7.6,180.0,https://static.cupid.travel/hotels/584293178.jpg,liteapi
lp656c2672,Itsy Hotels Blossom - Viman Nagar,hotel,18.561569,73.907754,3.0,,,False,6.8,135.0,https://static.cupid.travel/hotels/541789264.jpg,liteapi
lp657278bd,FabHotel Saffron Inn I - Nr Darshan Museum,hotel,18.535364,73.87399,3.0,,,False,6.9,111.0,https://static.cupid.travel/hotels/549863046.jpg,liteapi
lp657496a2,The Swing: Private Studio Room in Koregaon Park,hotel,18.540125,73.898812,,,,False,8.6,6.0,https://static.cupid.travel/hotels/533539460.jpg,liteapi
lp657e1500,FabHotel New Falcon Inn,hotel,18.568087,73.769742,3.0,,,False,7.6,30.0,https://static.cupid.travel/hotels/615834119.jpg,liteapi
lp6572fd20,Jumanji - The Forest Duplex,hotel,18.44392,73.77204,,,,False,9.0,2.0,https://static.cupid.travel/hotels/606536522.jpg,liteapi
lp84897,OYO 704 Apartment Kharadi,hotel,18.55317,73.943392,3.0,,,False,9.0,2.0,https://static.cupid.travel/hotels/ex_75596c8d_z.jpg,liteapi
lp657da151,Essentia Premier Hotel Pune,hotel,18.600467,73.747293,3.0,,,False,9.0,2.0,https://static.cupid.travel/hotels/ex_6c15e25f_z.jpg,liteapi
lp657ccfcb,ESTA STAY,hotel,18.55669,73.912215,,,,False,7.5,40.0,https://static.cupid.travel/hotels/529292909.jpg,liteapi
lp65597d75,Ra Residence - Agarwal Group of Hotels,hotel,18.564928,73.778904,3.0,,,False,7.4,164.0,https://static.cupid.travel/hotels/421885614.jpg,liteapi
lp4b22f,Phoenix Hotel,hotel,18.537967,73.911108,3.0,,,False,,20.0,https://static.cupid.travel/hotels/ex_86efb27f_z.jpg,liteapi
lp65800eaf,Elite stays,hotel,18.56046,73.926625,,,,False,7.0,91.0,https://static.cupid.travel/hotels/444961789.jpg,liteapi
lp657f92f1,"Magnus Aerith Studios Exclusive Residences, Kharadi Pune",hotel,18.553856,73.939579,3.0,,,False,7.2,58.0,https://static.cupid.travel/hotels/620179798.jpg,liteapi
lp65754528,"FabHotel Emersion Residency - High Street near Laxman Nagar, Baner",hotel,18.56883,73.76993,3.0,,,False,7.4,39.0,https://static.cupid.travel/hotels/534027433.jpg,liteapi
lpd332e,Super Hotel O Pioneer,hotel,18.61115,73.759092,4.0,,,False,6.8,131.0,https://static.cupid.travel/hotels/572183313.jpg,liteapi
lpe63dd,Treebo Kuval Inn,hotel,18.565299,73.771155,3.0,,,False,,102.0,https://static.cupid.travel/hotels/369839320.jpg,liteapi
lp4bf44,Hotel Studio Estique,hotel,18.527372,73.878297,3.0,,,False,6.7,133.0,https://static.cupid.travel/hotels/544252793.jpg,liteapi
lp65814a70,Hotel Laxminarayan Niwas,hotel,18.522779,73.868916,2.0,,,False,7.1,73.0,https://static.cupid.travel/hotels/489472640.jpg,liteapi
lp65786a92,Bern Hostel By Vibe Village,hostel,18.570731,73.904839,,,,False,8.0,13.0,https://static.cupid.travel/hotels/383057996.jpg,liteapi
lp657513b9,FabHotel Royal Suits - Nr Mahadji Shinde Chhatri,hotel,18.514187,73.937062,3.0,,,False,7.8,17.0,https://static.cupid.travel/hotels/588909171.jpg,liteapi
lp6572ffc8,Boho - By Great Impressions,hotel,18.563882,73.908541,,,,False,8.7,3.0,https://static.cupid.travel/hotels/483454683.jpg,liteapi
lp6582939d,FabHotel Classic Executive - Nr Sasvad Road Railway Station,hotel,18.467875,73.961435,3.0,,,False,7.5,28.0,https://static.cupid.travel/hotels/584960154.jpg,liteapi
lp655ff0cf,Apple Tree Apartments Koregaon Park,hotel,18.531686,73.897069,3.0,,,False,8.4,45.0,https://static.cupid.travel/hotels/102870161.jpg,liteapi
lp657e3d11,Amrutwa Guest House,hotel,18.541503,73.890214,1.0,,,False,7.2,61.0,https://static.cupid.travel/hotels/604051394.jpg,liteapi
lp65720aa0,"Treebo Regency - Bund Garden, Dhole Patil Road",hotel,18.535151,73.875891,3.0,,,False,6.0,372.0,https://static.cupid.travel/hotels/471163330.jpg,liteapi
lp656bc9d4,FabHotel Lake View - Chinmaya Vitthal Mandir,hotel,18.60797,73.93756,3.0,,,False,7.2,45.0,https://static.cupid.travel/hotels/507349532.jpg,liteapi
lp656f82b5,FabHotel Stay Inn - IT Hub,hotel,18.560231,73.77083,3.0,,,False,6.8,97.0,https://static.cupid.travel/hotels/488696506.jpg,liteapi
lp6575f97c,Collection O Eon Inn Near Pune Airport,hotel,18.56582,73.945052,4.0,,,False,7.1,52.0,https://static.cupid.travel/hotels/447398392.jpg,liteapi
lp6559a88c,The Gold Haven,hotel,18.5493,73.942882,3.0,,,False,7.7,105.0,https://static.cupid.travel/hotels/342371732.jpg,liteapi
lp655de2b4,MajickMoments Hadapsar-Magarpatta Pune,hotel,18.51255,73.93065,,,,False,8.4,31.0,https://static.cupid.travel/hotels/278628685.jpg,liteapi
lp6577c3ec,"Magnus Fortune House Business Hotel , Magarpatta Pune",hotel,18.512767,73.932684,3.0,,,False,7.5,31.0,https://static.cupid.travel/hotels/594345645.jpg,liteapi
lp655d4d2b,Backpackershostel,hostel,18.460772,73.825042,,,,False,7.6,104.0,https://static.cupid.travel/hotels/352991559.jpg,liteapi
lp6574a2de,Via Shree Haree Residency,hotel,18.48835,73.82113,3.0,,,False,,40.0,https://static.cupid.travel/hotels/596599754.jpg,liteapi
lp243418,Omkar Executive,hotel,18.451584,73.82975,3.0,,,False,7.0,51.0,https://static.cupid.travel/hotels/576416400.jpg,liteapi
lp655a79d2,Via Royal Inn NS,hotel,18.555613,73.74668,3.0,,,False,7.4,144.0,https://static.cupid.travel/hotels/502873659.jpg,liteapi
lp657a1a45,Elite Stays Viman nagar,hotel,18.56755,73.914443,,,,False,7.1,63.0,https://static.cupid.travel/hotels/515436376.jpg,liteapi
lp657de976,Hotel Madhav International Pune Railway Station,hotel,18.530714,73.874374,3.0,,,False,6.9,66.0,https://static.cupid.travel/hotels/528069909.jpg,liteapi
lp6557987a,The Elite Suites,hotel,18.56584,73.91415,3.0,,,False,6.1,221.0,https://static.cupid.travel/hotels/hd/333133397.jpg,liteapi
lp656c347c,FabHotel 4 Star Executive,hotel,18.551624,73.956401,3.0,,,False,7.1,40.0,https://static.cupid.travel/hotels/479461479.jpg,liteapi
lp6581e27d,Ornate Service Apartments,hotel,18.560599,73.779352,3.0,,,False,7.6,17.0,https://static.cupid.travel/hotels/467593591.jpg,liteapi
lp70657,Tarawade Clarks Inn Pune,hotel,18.526687,73.844937,3.0,,,False,,34.0,https://static.cupid.travel/hotels/208663005.jpg,liteapi
lp84878,FabHotel Royce Studio - Nr Pune International Airport,hotel,18.56265,73.929389,3.0,,,False,6.3,142.0,https://static.cupid.travel/hotels/415888497.jpg,liteapi
lp226008,Super Collection O Manjari - Mundhwa Road Formerly 7 Treats,hotel,18.525523,73.95592,3.0,,,False,6.6,93.0,https://static.cupid.travel/hotels/588289472.jpg,liteapi
lp656b7c53,"Magnus Riverside Kalyani Nagar, Pune",hotel,18.543903,73.903676,3.0,,,False,7.5,99.0,https://static.cupid.travel/hotels/398574190.jpg,liteapi
lpcf9a8,The Samrat Hotel near Pune Railway Station,hotel,18.527048,73.87512,3.0,,,False,6.7,72.0,https://static.cupid.travel/hotels/80942674.jpg,liteapi
lp656c367d,Treebo Trend The White Castle,hotel,18.45822,73.83539,4.0,,,False,6.3,129.0,https://static.cupid.travel/hotels/489189354.jpg,liteapi
lp6580dcb8,"FabHotel Fortune Suites - Nr Mannipal Hospital, Baner",hotel,18.564222,73.770648,,,,False,7.9,8.0,https://static.cupid.travel/hotels/618225503.jpg,liteapi
lp655a79b7,"StayBird - B Suite, Business Hotel, Kharadi",hotel,18.541324,73.940034,3.0,,,False,7.5,96.0,https://static.cupid.travel/hotels/207780459.jpg,liteapi
lp92fec,Hotel Shivkrupa,hotel,18.531095,73.875668,2.0,,,False,6.6,89.0,https://static.cupid.travel/hotels/198175221.jpg,liteapi
lp655a7dc8,Hotel Nandanvan Annexe,hotel,18.522035,73.843755,,,,False,6.7,342.0,https://static.cupid.travel/hotels/216686681.jpg,liteapi
lp832ab,The Ambassador Hotel Pune,hotel,18.528085,73.840938,3.0,,,False,7.0,48.0,https://static.cupid.travel/hotels/573766413.jpg,liteapi
lp2d187,Hotel Sagar Plaza,hotel,18.520093,73.876944,4.0,,,False,6.9,45.0,https://static.cupid.travel/hotels/ex_01d4e58a_z.jpg,liteapi
lp6576ba95,Super Hotel O Manjari Road,hotel,18.524661,73.957624,3.0,,,False,7.1,54.0,https://static.cupid.travel/hotels/610505824.jpg,liteapi
lp65726bd3,"FabHotel Kohinoor Residency I - Nr Dmart, Baner",hotel,18.566999,73.770823,3.0,,,False,7.1,36.0,https://static.cupid.travel/hotels/570636923.jpg,liteapi
lp6574ee1e,"Hotel Tattva Suites NIBM, next to Corinthians Club",hotel,18.462848,73.915185,4.0,,,False,8.0,9.0,https://static.cupid.travel/hotels/515882598.jpg,liteapi
lp655ae551,FabHotel Sai Raj - Nr Zeel College,hotel,18.445368,73.826596,2.0,,,False,8.0,36.0,https://static.cupid.travel/hotels/596332535.jpg,liteapi
lp6580f122,FabHotel Atithi Regency,hotel,18.53659,73.94259,3.0,,,False,7.1,30.0,https://static.cupid.travel/hotels/574591842.jpg,liteapi
lp6570efc5,3 BHK Spacious Home,hotel,18.50093,73.82542,,,,False,8.5,2.0,https://static.cupid.travel/hotels/538328787.jpg,liteapi
lp65741bbe,The Arch: Private Studio Room in Koregaon Park,hotel,18.54027,73.89879,,,,False,8.5,2.0,https://static.cupid.travel/hotels/515740040.jpg,liteapi
lp657b451a,Super Collection O Aundh formerly MV Galaxy,hotel,18.561335,73.80035,4.0,,,False,7.0,36.0,https://static.cupid.travel/hotels/617636988.jpg,liteapi
lp6583a3d5,DatsunG Studios Near Pune Airport,hotel,18.57125,73.906234,2.0,,,False,8.3,6.0,https://static.cupid.travel/hotels/590643802.jpg,liteapi
lp657d30e1,Urban Nest - Neon Homeotel -1 km from Airport,hotel,18.51743,73.946904,,,,False,6.5,79.0,https://static.cupid.travel/hotels/486951973.jpg,liteapi
lp655a78e4,FabHotel Gargi Inn - Nr Balewadi Stadium,hotel,18.566398,73.771437,3.0,,,False,7.6,66.0,https://static.cupid.travel/hotels/378578909.jpg,liteapi
lp658439e5,Backpacker Hostel,hostel,18.451438,73.85011,,,,False,6.8,53.0,https://static.cupid.travel/hotels/573512492.jpg,liteapi
lp655d3ca7,Jugglers Backpack,hotel,18.540033,73.891179,,,,False,6.4,489.0,https://static.cupid.travel/hotels/321475593.jpg,liteapi
lp65571341,Treebo Lotus Baner,hotel,18.56013,73.773033,3.0,,,False,6.3,114.0,https://static.cupid.travel/hotels/181148441.jpg,liteapi
lp657a0ae0,Hotel Sai Inn Executive,hotel,18.566642,73.877916,2.0,,,False,7.5,13.0,https://static.cupid.travel/hotels/583616169.jpg,liteapi
lp656c32ca,Treebo Atithi Comforts Inn,hotel,18.567,73.77819,3.0,,,False,7.1,26.0,https://static.cupid.travel/hotels/464043089.jpg,liteapi
lp6572974e,FabHotel Royal Palace Inn - Lal Mahal,hotel,18.51707,73.86535,5.0,,,False,6.5,69.0,https://static.cupid.travel/hotels/582524416.jpg,liteapi
lp6571c138,7 Apple Hotel Pimpri Pune,hotel,18.602026,73.827528,3.0,,,False,6.5,71.0,https://static.cupid.travel/hotels/448053586.jpg,liteapi
lp6581f889,Via Shivsai Palace,hotel,18.56034,73.941989,3.0,,,False,6.9,36.0,https://static.cupid.travel/hotels/482166991.jpg,liteapi
lp40620,St Laurn Koregaon Park Pune,hotel,18.538551,73.885489,4.0,,,False,6.4,51.0,https://static.cupid.travel/hotels/ex_ded0c2e9_z.jpg,liteapi
lp65576f68,Sharman Suites,hotel,18.501556,73.831309,3.0,,,False,8.0,4.0,https://static.cupid.travel/hotels/ex_08f8cf83_z.jpg,liteapi
lp6574cd00,Aloha:Pvt BR with Huge Terrace Jacuzzi Lake view,hotel,18.540125,73.898812,,,,False,8.0,5.0,https://static.cupid.travel/hotels/549842843.jpg,liteapi
lp65763c9b,"Hotel Ambience Excellency, Wakad, Pune",hotel,18.600244,73.77566,3.0,,,False,7.0,26.0,https://static.cupid.travel/hotels/602474097.jpg,liteapi
lp655a7aed,FabHotel Pancharatna Regency,hotel,18.62269,73.83897,3.0,,,False,8.1,21.0,https://static.cupid.travel/hotels/422146605.jpg,liteapi
lp77fc3,Hotel Sunderban Resort & Spa,hotel,18.53725,73.88848,3.0,,,False,6.6,18.0,https://static.cupid.travel/hotels/119297641.jpg,liteapi
lp6558cf08,"Treebo Classic Grande, Camp",hotel,18.507309,73.877083,3.0,,,False,5.5,204.0,https://static.cupid.travel/hotels/410216847.jpg,liteapi
lp225f6c,Townhouse Somani TC,hotel,18.617655,73.747602,4.0,,,False,5.6,245.0,https://static.cupid.travel/hotels/446953782.jpg,liteapi
lp655718e8,Treebo Sayaji Residency,hotel,18.552814,73.935691,3.0,,,False,7.5,20.0,https://static.cupid.travel/hotels/244717791.jpg,liteapi
lp655b50b5,FabHotel Golden Leaf II,hotel,18.573397,73.913231,3.0,,,False,6.8,174.0,https://static.cupid.travel/hotels/322105887.jpg,liteapi
lp5b992,Hotel Ambience Executive,hotel,18.60072,73.77555,4.0,,,False,7.0,22.0,https://static.cupid.travel/hotels/ex_c63564fb_z.jpg,liteapi
lp655a772b,Rapid Lakme Executive Hotel,hotel,18.524296,73.842041,3.0,,,False,6.8,182.0,https://static.cupid.travel/hotels/163219094.jpg,liteapi
lp6557167c,Treebo Trend Sudarshan,hotel,18.543923,73.90366,3.0,,,False,7.0,21.0,https://static.cupid.travel/hotels/ex_501d3d8a_z.jpg,liteapi
lpcb15c,Hotel Parag,hotel,18.51541,73.867468,,,,False,5.0,555.0,https://static.cupid.travel/hotels/288028053.jpg,liteapi
lp655a7da8,FabHotel Happy Homely Stay - Airport road,hotel,18.576178,73.894468,3.0,,,False,7.3,70.0,https://static.cupid.travel/hotels/439665837.jpg,liteapi
lp6571d99d,FabHotel Prime Golden Emerald - Nr St Mary's Church CNI,hotel,18.49257,73.86932,4.0,,,False,6.3,64.0,https://static.cupid.travel/hotels/582292158.jpg,liteapi
lp657dda07,FabHotel Irish Koregaon Park,hotel,18.53283,73.89713,3.0,,,False,6.7,32.0,https://static.cupid.travel/hotels/517311818.jpg,liteapi
lp5f5f9,Lemon Tree Hotel Chinchwad Pune,hotel,18.625074,73.775999,3.0,,,False,7.0,18.0,https://static.cupid.travel/hotels/ex_97ef12e0_z.jpg,liteapi
lp657b9140,"Magnus Vosiv Suites Kalyani Nagar, Pune",hotel,18.54582,73.901298,3.0,,,False,6.1,87.0,https://static.cupid.travel/hotels/477226927.jpg,liteapi
lp7d99d,Hotel Orchard Pune,hotel,18.520363,73.843692,3.0,,,False,7.6,5.0,https://static.cupid.travel/hotels/ex_e7d2d3d6_z.jpg,liteapi
lp65752f99,Via Royal Samrat - Ram Manohar Lohiya,hotel,18.506371,73.924906,3.0,,,False,6.3,54.0,https://static.cupid.travel/hotels/501765343.jpg,liteapi
lp656b7c54,"StayBird - Icon Bliss, An Apartment Hotel, Kharadi",hotel,18.5502,73.941075,3.0,,,False,7.3,57.0,https://static.cupid.travel/hotels/559574610.jpg,liteapi
lp655a6dea,FabHotel Nandanvan,hotel,18.48966,73.86311,3.0,,,False,6.7,135.0,https://static.cupid.travel/hotels/318028897.jpg,liteapi
lp656dbc94,Hotel Tattva Suites,hotel,18.462739,73.915571,3.0,,,False,,54.0,https://static.cupid.travel/hotels/540285173.jpg,liteapi
lp65833c9e,Via Galaxy Hospitality,hotel,18.569883,73.931941,3.0,,,False,6.3,50.0,https://static.cupid.travel/hotels/490894512.jpg,liteapi
lp6581c710,Airport Stay,hotel,18.571089,73.906831,,,,False,7.2,13.0,https://static.cupid.travel/hotels/497162552.jpg,liteapi
lp655743f8,Serenity By Monarch,hotel,18.558919,73.775014,3.0,,,False,8.0,1.0,https://static.cupid.travel/hotels/ex_96b2af48_z.jpg,liteapi
lp7d6b6,Hotel Executive Residency,hotel,18.541017,73.887603,3.0,,,False,7.4,5.0,https://static.cupid.travel/hotels/ex_5724ddbb_z.jpg,liteapi
lp657b5b01,"Stay Prime, Balewadi",hotel,18.581823,73.761321,3.0,,,False,7.3,11.0,https://static.cupid.travel/hotels/534648403.jpg,liteapi
lp6580f29f,FabHotel Rachana Residency - Nr Shivaji Nagar Metro Station,hotel,18.531195,73.850725,2.0,,,False,6.7,23.0,https://static.cupid.travel/hotels/615422227.jpg,liteapi
lp65794890,Super Collection O Sunshine Near Inox,hotel,18.534996,73.897416,4.0,,,False,5.4,182.0,https://static.cupid.travel/hotels/488861602.jpg,liteapi
lp7877e,JM Four Hotel,hotel,18.522189,73.846406,4.0,,,False,6.6,22.0,https://static.cupid.travel/hotels/ex_23a202d6_z.jpg,liteapi
lp6574065b,2BHK Peaceful Row House by Abhibha Stays in Koregaon Park,hotel,18.53304,73.89827,,,,False,7.4,5.0,https://static.cupid.travel/hotels/490472650.jpg,liteapi
lp6576244f,MY Bizz Hotel Sapna,hotel,18.519062,73.845081,2.0,,,False,6.8,16.0,https://static.cupid.travel/hotels/111497333.jpg,liteapi
lp655b50ae,FabHotel Gandharva Residency,hotel,18.50116,73.86902,3.0,,,False,6.9,69.0,https://static.cupid.travel/hotels/hd/388917037.jpg,liteapi
lp5010f,Hotel RutuGandh Heritage,hotel,18.516204,73.843567,3.0,,,False,7.6,3.0,https://static.cupid.travel/hotels/ex_26de507c_z.jpg,liteapi
lp6e697,The Haven Serviced Residences,hotel,18.549318,73.942591,3.0,,,False,7.6,3.0,https://static.cupid.travel/hotels/ex_e86dc4de_z.jpg,liteapi
lp6585ee71,Gargi corporate guest house,hotel,18.51377,73.931855,3.0,,,False,8.0,1.0,https://static.cupid.travel/hotels/ex_32351bf7_z.jpg,liteapi
lpbf423,Hotel Basera,hotel,18.518108,73.854014,3.0,,,False,8.0,1.0,https://static.cupid.travel/hotels/ex_w365h225x11y0-24f663ed_z.jpg,liteapi
lp656c2fd0,Opal Suite Rooms,hotel,18.529989,73.934441,2.0,,,False,8.0,1.0,https://static.cupid.travel/hotels/ex_48e27acf_z.jpg,liteapi
lp656c2028,Fabhotel Crystal Homes,hotel,18.547967,73.947999,3.0,,,False,8.0,1.0,https://static.cupid.travel/hotels/ex_c86226ea_z.jpg,liteapi
lp656c27f7,FabHotel Sky Vista Inn,hotel,18.553715,73.939325,3.0,,,False,8.0,1.0,https://static.cupid.travel/hotels/ex_c2962ed1_z.jpg,liteapi
lpd3314,OYO 8244 Hotel Bliss Executive,hotel,18.62615,73.8068,3.0,,,False,8.0,1.0,https://static.cupid.travel/hotels/ex_339140f0_z.jpg,liteapi
lp279a2d,Townhouse Alpha,hotel,18.59152,73.74554,4.0,,,False,5.8,82.0,https://static.cupid.travel/hotels/503487330.jpg,liteapi
lp656c3311,Via Crystal Inn,hotel,18.607972,73.761718,3.0,,,False,,39.0,https://static.cupid.travel/hotels/465989719.jpg,liteapi
lp6582d4ba,Gandharva Residency Swargate,hotel,18.50074,73.867412,4.0,,,False,6.1,53.0,https://static.cupid.travel/hotels/502957828.jpg,liteapi
lp6556a968,"Magnus Square Business Hotel, Viman Nagar Pune",hotel,18.564595,73.907698,3.0,,,False,,119.0,https://static.cupid.travel/hotels/331782388.jpg,liteapi
lp7d998,Hotel IVY Studios,hotel,18.563836,73.90797,3.0,,,False,6.8,13.0,https://static.cupid.travel/hotels/ex_aa8aad96_z.jpg,liteapi
lp6567457e,Malwade Motel,hotel,18.51261,73.85215,,,,False,6.7,82.0,https://static.cupid.travel/hotels/491485561.jpg,liteapi
lp6584554b,Rutugandh Heritage,hotel,18.516163,73.843703,3.0,,,False,6.2,38.0,https://static.cupid.travel/hotels/187624883.jpg,liteapi
lp655a769c,Hotel Gaurav Residency,hotel,18.56677,73.946551,3.0,,,False,7.8,12.0,https://static.cupid.travel/hotels/406594145.jpg,liteapi
lp6577b63a,"FabHotel Galaxy Airport Inn, Airport Road",hotel,18.571957,73.903299,3.0,,,False,6.2,35.0,https://static.cupid.travel/hotels/558524488.jpg,liteapi
lp65755089,Via Star Light,hotel,18.588966,73.781197,3.0,,,False,6.7,13.0,https://static.cupid.travel/hotels/759828005.jpg,liteapi
lpac0bd,Backpacker Panda Pune,hotel,18.537966,73.894349,1.0,,,False,7.2,5.0,https://static.cupid.travel/hotels/ex_fa4d4333_z.jpg,liteapi
lp655b50a5,HMR Hotels - Hotel HMR Royal Inn,hotel,18.442757,73.860874,3.0,,,False,7.1,35.0,https://static.cupid.travel/hotels/182683171.jpg,liteapi
lp7e244,Hotel Swan Inn,hotel,18.523321,73.849047,3.0,,,False,6.2,29.0,https://static.cupid.travel/hotels/118503399.jpg,liteapi
lp657caebe,"Magnus Nexstar Suites Kalyani Nagar, Pune",hotel,18.548612,73.902778,3.0,,,False,6.7,16.0,https://static.cupid.travel/hotels/595735093.jpg,liteapi
lp43b5d,Kapila Business Hotel,hotel,18.534961,73.875498,3.0,,,False,7.4,3.0,https://static.cupid.travel/hotels/ex_e607fab4_z.jpg,liteapi
lp6572e1c6,Hotel O Esta Inn,hotel,18.556921,73.91235,4.0,,,False,6.3,23.0,https://static.cupid.travel/hotels/591881172.jpg,liteapi
lp656c32d5,FabHotel Prime Ivy Studio,hotel,18.56512,73.91185,3.0,,,False,6.4,19.0,https://static.cupid.travel/hotels/467255251.jpg,liteapi
lp657aacd5,Hotel O Fortune Inn,hotel,18.498191,73.957554,4.0,,,False,5.9,44.0,https://static.cupid.travel/hotels/480971034.jpg,liteapi
lp6570bf84,JUST HOME 2BHK,hotel,18.51047,73.92327,,,,False,7.5,2.0,https://static.cupid.travel/hotels/488103701.jpg,liteapi
lp65806bdb,Boho Studio,hotel,18.531245,73.913336,,,,False,7.5,2.0,https://static.cupid.travel/hotels/490477370.jpg,liteapi
lp65714070,Via Skyline I,hotel,18.552435,73.776479,3.0,,,False,6.2,27.0,https://static.cupid.travel/hotels/505176388.jpg,liteapi
lp655a7da6,Hotel Utsav Deluxe,hotel,18.48904,73.85786,3.0,,,False,6.4,97.0,https://snaphotelapi.com/hotels/31889215.jpg,liteapi
lp655b8d15,Hotel O Galaxy Near INOX,hotel,18.531054,73.899006,3.0,,,False,6.6,69.0,https://static.cupid.travel/hotels/358156234.jpg,liteapi
lp6566fb83,Cosmos Luxury Vimannagar,hotel,18.564534,73.907923,3.0,,,False,7.6,13.0,https://static.cupid.travel/hotels/34857560.jpg,liteapi
lp65789ab2,Terra Private Studio with Balcony WiFi Ac Smart TV Kitchenette Washing Machine,hotel,18.531263,73.913416,,,,False,7.3,3.0,https://static.cupid.travel/hotels/613807921.jpg,liteapi
lp65600ce1,2BHK Service Apartment 204 - OM SUS,hotel,18.548036,73.751824,4.0,,,False,10.0,3.0,https://static.cupid.travel/hotels/342957778.jpg,liteapi
lp4cb93,The Coronet Hotel,hotel,18.523165,73.844592,4.0,,,False,6.0,31.0,https://static.cupid.travel/hotels/ex_668db4c7_z.jpg,liteapi
lp560be,AR Suites Fontana Bay,hotel,18.547853,73.900987,3.0,,,False,7.0,5.0,https://static.cupid.travel/hotels/ex_b9537e82_z.jpg,liteapi
lp656c276c,Serenity By Monarch Viman Nagar,hotel,18.57557,73.90804,2.0,,,False,7.4,2.0,https://static.cupid.travel/hotels/ex_23adb344_z.jpg,liteapi
lp656c394a,Oriva Shourya Residency,hotel,18.506365,73.796805,3.0,,,False,6.0,3.0,https://static.cupid.travel/hotels/ex_w3030h2014x0y0-ce85bd08_z.jpg,liteapi
lp65736e7e,Via Wakad Villa,hotel,18.602869,73.770973,3.0,,,False,5.6,61.0,https://static.cupid.travel/hotels/438322355.jpg,liteapi
lp38b21,Centurion Hotel,hotel,18.530875,73.84977,4.0,,,False,8.0,,https://static.cupid.travel/hotels/ex_1fb26a67_z.jpg,liteapi
lp657f95ec,Hotel Sayba Executive,hotel,18.52178,73.865307,2.0,,,False,6.2,23.0,https://static.cupid.travel/hotels/583281942.jpg,liteapi
lp56e55,Hotel Madhav International,hotel,18.530824,73.874489,3.0,,,False,6.2,19.0,https://static.cupid.travel/hotels/ex_fb5f8710_z.jpg,liteapi
lp657850d7,Hotel Viva Inn,hotel,18.508015,73.782824,3.0,,,False,7.0,5.0,https://static.cupid.travel/hotels/575287350.jpg,liteapi
lp657d8616,Satyam Guest House,hotel,18.54198,73.890715,,,,False,6.1,26.0,https://static.cupid.travel/hotels/610502957.jpg,liteapi
lp657b2bb2,Hotel Rose Lodge,hotel,18.511979,73.857634,,,,False,5.6,58.0,https://static.cupid.travel/hotels/215052312.jpg,liteapi
lp655bf859,Hotel Rajmandir,hotel,18.5228,73.869247,,,,False,5.8,198.0,https://static.cupid.travel/hotels/33195841.jpg,liteapi
lp65711a1c,C Suites - Grand Central,hotel,18.59893,73.76356,3.0,,,False,5.7,40.0,https://static.cupid.travel/hotels/554293030.jpg,liteapi
lp6571d108,Hotel O Aru Sai,hotel,18.5033,73.95386,4.0,,,False,5.5,69.0,https://static.cupid.travel/hotels/585673780.jpg,liteapi
lp656b2099,GM Hospitality Services pune,hotel,18.522041,73.934696,,,,False,7.3,16.0,https://static.cupid.travel/hotels/518300427.jpg,liteapi
lp65731074,Hotel O B Happy Homely Stay,hotel,18.5002,73.94425,4.0,,,False,5.6,46.0,https://static.cupid.travel/hotels/510978524.jpg,liteapi
lp65814a2b,Hotel Tushar,hotel,18.513141,73.844651,3.0,,,False,6.6,8.0,https://static.cupid.travel/hotels/580003915.jpg,liteapi
lp5010b,FabHotel Gandharva Shivajinagar,hotel,18.523143,73.849088,3.0,,,False,7.0,3.0,https://static.cupid.travel/hotels/ex_f042621f_z.jpg,liteapi
lp78a49,United-21 The Grand,hotel,18.557948,73.773936,4.0,,,False,7.0,3.0,https://static.cupid.travel/hotels/ex_c1c0f6a9_z.jpg,liteapi
lp657b1588,FabHotel Vardhan Plaza,hotel,18.494611,73.836478,4.0,,,False,6.1,15.0,https://static.cupid.travel/hotels/605428133.jpg,liteapi
lp6563ea0c,Just homes 2 bhk Service appt,hotel,18.511542,73.922031,,,,False,7.1,15.0,https://static.cupid.travel/hotels/399179824.jpg,liteapi
lp6579c28d,The Grand Tulip,hotel,18.500926,73.858051,3.0,,,False,6.1,18.0,https://static.cupid.travel/hotels/568824898.jpg,liteapi
lp6579fccb,The Haven By Renovo Koregaon Park,hotel,18.539281,73.886056,,,,False,6.1,13.0,https://static.cupid.travel/hotels/608929501.jpg,liteapi
lp657349fc,Super Hotel O Grey Inn,hotel,18.56211,73.77576,4.0,,,False,6.3,9.0,https://static.cupid.travel/hotels/601058372.jpg,liteapi
lp65773c03,OYO 37456 Arusai,hotel,18.614347,73.76362,4.0,,,False,5.8,22.0,https://static.cupid.travel/hotels/500283770.jpg,liteapi
lp655b50ce,The Paradise Aundh,hotel,18.562428,73.803845,,,,False,6.5,40.0,https://static.cupid.travel/hotels/237501366.jpg,liteapi
lp6574a16c,Peach Private Studio Apartment with AC WiFi & Balcony,hotel,18.531249,73.91347,,,,False,6.7,5.0,https://static.cupid.travel/hotels/613791042.jpg,liteapi
lp657d7ef7,The Deccan Royaale,hotel,18.519234,73.845433,3.0,,,False,7.0,2.0,https://static.cupid.travel/hotels/ex_56bb1c93_z.jpg,liteapi
lp65843ac0,Casa Flashpackers,hotel,18.56563,73.95037,,,,False,7.0,2.0,https://static.cupid.travel/hotels/590202391.jpg,liteapi
lp65600cda,Coronet Luxurious Apartment,hotel,18.550977,73.939329,3.0,,,False,5.9,108.0,https://static.cupid.travel/hotels/272459413.jpg,liteapi
lpb5233,"StayBird Icon Bliss, An Apartment Hotel",hotel,18.550009,73.943272,3.0,,,False,6.6,4.0,https://static.cupid.travel/hotels/ex_099aab37_z.jpg,liteapi
lp6582aa37,FabHotel Kohinoor Residency,hotel,18.56767,73.94924,3.0,,,False,5.5,32.0,https://static.cupid.travel/hotels/613760306.jpg,liteapi
lp657da3f6,Townhouse Oak Orchard Hotel,hotel,18.52053,73.84392,4.0,,,False,5.1,57.0,https://static.cupid.travel/hotels/581435825.jpg,liteapi
lp8d846,OYO 1216 Hotel New White House,hotel,18.534406,73.897178,3.0,,,False,6.7,3.0,https://static.cupid.travel/hotels/ex_11711fa8_z.jpg,liteapi
lp22f2e3,OYO Samudra Executive,hotel,18.49642,73.97019,4.0,,,False,6.0,11.0,https://static.cupid.travel/hotels/hd/550328950.jpg,liteapi
lp65813e17,Ornate Villa,hotel,18.54334,73.833289,,,,False,6.4,5.0,https://static.cupid.travel/hotels/516526189.jpg,liteapi
lp4e928,Hotel Kala Sagar,hotel,18.602186,73.82603,3.0,,,False,6.4,5.0,https://static.cupid.travel/hotels/ex_542e0a7e_z.jpg,liteapi
lp51d6f,"Mind Space Hotel, Pimpri",hotel,18.627574,73.80373,4.0,,,False,6.6,3.0,https://static.cupid.travel/hotels/ex_063aa3ad_z.jpg,liteapi
lp657205cc,Coral: Pvt Studio in Koregaon Park. WiFi SmartTv AC,hotel,18.535668,73.885872,3.0,,,False,7.0,2.0,https://static.cupid.travel/hotels/540707632.jpg,liteapi
lp656c3584,Premier Tamanna Hotel Hinjawadi Pune,hotel,18.591054,73.748177,3.0,,,False,7.0,1.0,https://static.cupid.travel/hotels/ex_7c5bea0e_z.jpg,liteapi
lp65813c7f,Hotel Marvel,hotel,18.561762,73.912796,2.0,,,False,6.2,9.0,https://static.cupid.travel/hotels/616503085.jpg,liteapi
lp65728fa0,The Penthouze - Baner,hotel,18.56783,73.78453,,,,False,6.1,7.0,https://static.cupid.travel/hotels/552848287.jpg,liteapi
lpb88fb,Hotel Raviraj,hotel,18.518065,73.836273,3.0,,,False,6.2,5.0,https://static.cupid.travel/hotels/ex_beee33a4_z.jpg,liteapi
lp655a8407,FabHotel White House,hotel,18.457065,73.798371,3.0,,,False,5.1,184.0,https://static.cupid.travel/hotels/329588366.jpg,liteapi
lp6573e413,Hotel O Tejas Inn,hotel,18.566095,73.77828,3.0,,,False,5.9,8.0,https://static.cupid.travel/hotels/605141559.jpg,liteapi
lpd3334,Super Townhouse Oak Pune Railway Station Formerly Kapil Residency,hotel,18.524055,73.866004,4.0,,,False,4.6,207.0,https://static.cupid.travel/hotels/474963349.jpg,liteapi
lp657cab15,The Altruist Wagholi Hotel,hotel,18.573275,73.957596,3.0,,,False,6.5,6.0,https://static.cupid.travel/hotels/603801305.jpg,liteapi
lp655a711b,FabExpress Galaxy Apartments,hotel,18.56296,73.93833,3.0,,,False,6.0,35.0,https://static.cupid.travel/hotels/hd/405450843.jpg,liteapi
lp655d323c,Coliwo Deux Hotel - Nagar Road,hotel,18.561121,73.929704,,,,False,5.9,40.0,https://static.cupid.travel/hotels/437621021.jpg,liteapi
lp50109,Siesta Springs,hotel,18.574191,73.890929,3.0,,,False,5.6,11.0,https://static.cupid.travel/hotels/ex_0db997b7_z.jpg,liteapi
lp77fb9,Hotel Woodland,hotel,18.524891,73.87584,3.0,,,False,6.0,5.0,https://static.cupid.travel/hotels/ex_b78815ea_z.jpg,liteapi
lpb46c1,Calypso by Magnus,hotel,18.564515,73.906982,2.0,,,False,,5.0,https://static.cupid.travel/hotels/ex_8ecb46fd_z.jpg,liteapi
lp6584a6ae,Via Ravikiran,hotel,18.466863,73.85816,3.0,,,False,5.2,22.0,https://static.cupid.travel/hotels/467239761.jpg,liteapi
lp80255,"The Deccan Royaale, Shivaji Nagar",hotel,18.519322,73.845633,3.0,,,False,5.2,21.0,https://static.cupid.travel/hotels/416557840.jpg,liteapi
lp6574223d,FabHotel Prime Deccan 8 - Nr Law college,hotel,18.519946,73.832866,3.0,,,False,5.2,25.0,https://static.cupid.travel/hotels/516101433.jpg,liteapi
lp657ddd9a,HOTEL RAJANIGANDHA home stay,hotel,18.606532,73.922972,3.0,,,False,5.4,16.0,https://static.cupid.travel/hotels/238134015.jpg,liteapi
lp6558f3e1,"MAGNUS FORTUNE HOUSE, BUSINESS HOTEL",hotel,18.512783,73.932623,3.0,,,False,6.6,1.0,https://static.cupid.travel/hotels/ex_8525c9e2_z.jpg,liteapi
lp65729acf,"StayBird - Nest, A Premium Residences",hotel,18.550321,73.943848,3.0,,,False,7.0,,https://static.cupid.travel/hotels/ex_7313f032_z.jpg,liteapi
lp656dbd89,Corporate Luxury Stays Baner,hotel,18.566914,73.78495,3.0,,,False,7.0,,https://static.cupid.travel/hotels/ex_89d2e256_z.jpg,liteapi
lp6580de75,FabHotel Atithi Regency,hotel,18.572436,73.780706,3.0,,,False,7.0,,https://static.cupid.travel/hotels/ex_w3030h2013x0y0-81566961_z.jpg,liteapi
lp655593ae,Mint Lxia,hotel,18.591239,73.747584,3.0,,,False,7.0,,https://static.cupid.travel/hotels/ex_a7b48e21_z.jpg,liteapi
lp65790c51,Amrit Guest House Pune,hotel,18.541285,73.890431,,,,False,4.9,37.0,https://static.cupid.travel/hotels/523234607.jpg,liteapi
lp65876d45,Hotel Tattva Suites Pune,hotel,18.462838,73.915284,3.0,,,False,6.0,4.0,https://static.cupid.travel/hotels/ex_e79c91fa_z.jpg,liteapi
lp65861678,"The Fern Residency Pune, Woodland, Series by Marriott",hotel,18.525087,73.875564,3.0,,,False,6.0,4.0,https://static.cupid.travel/hotels/ex_b15828f6_z.jpg,liteapi
lp6574c8eb,FabHotel Prime Hangout - Narhe,hotel,18.44522,73.82129,4.0,,,False,5.6,8.0,https://static.cupid.travel/hotels/608471573.jpg,liteapi
lp656f7af5,Super Collection O Baner Hillview Pune Formerly Siri Lodge,hotel,18.54944,73.772633,4.0,,,False,4.8,40.0,https://static.cupid.travel/hotels/576099036.jpg,liteapi
lp655a7b79,Super Hotel O River View Near Shaniwar Wada,hotel,18.516337,73.843745,4.0,,,False,5.3,72.0,https://static.cupid.travel/hotels/422105060.jpg,liteapi
lp657c8415,Coronet The Boutique HOtel,hotel,18.522545,73.844499,3.0,,,False,6.0,3.0,https://static.cupid.travel/hotels/ex_51b886ef_z.jpg,liteapi
lp77db3,Quality Inn Mint,hotel,18.536761,73.875878,3.0,,,False,6.0,3.0,https://static.cupid.travel/hotels/ex_b62d99a4_z.jpg,liteapi
lp1b8a72,Enrise By Sayaji Pune,hotel,18.602024,73.744142,3.0,,,False,6.0,3.0,https://static.cupid.travel/hotels/ex_751e7074_z.jpg,liteapi
lp658269ef,Hotel Rajdeep,hotel,18.501265,73.857219,3.0,,,False,4.7,31.0,https://static.cupid.travel/hotels/87495140.jpg,liteapi
lp657d66a6,Hotel Ashish Plaza,hotel,18.523959,73.841174,3.0,,,False,5.6,5.0,https://static.cupid.travel/hotels/ex_c28d310d_z.jpg,liteapi
lp655a6901,Hotel Ellora Park,hotel,18.465277,73.858058,3.0,,,False,6.0,15.0,https://static.cupid.travel/hotels/157041991.jpg,liteapi
lp82210,Hotel Rajmahal,hotel,18.497243,73.853808,3.0,,,False,6.0,2.0,https://static.cupid.travel/hotels/ex_2412595b_z.jpg,liteapi
lp6570dad6,Abssolute Homtel - Rooms & Suites,hotel,18.56482,73.80008,3.0,,,False,6.0,2.0,https://static.cupid.travel/hotels/621782548.jpg,liteapi
lp6581c6d9,Orbett Hotel,hotel,18.51949,73.84329,3.0,,,False,4.8,19.0,https://static.cupid.travel/hotels/34100195.jpg,liteapi
lp655b50bd,Hotel O Sunshine Inn Near Pune Railway Station,hotel,18.52125,73.868944,4.0,,,False,4.8,93.0,https://static.cupid.travel/hotels/322803399.jpg,liteapi
lp655a877e,Primrose Guest House,hotel,18.547059,73.947004,,,,False,5.1,53.0,https://static.cupid.travel/hotels/400457062.jpg,liteapi
lp6558fb5a,Moistin Hotel,hotel,18.502104,73.932362,3.0,,,False,6.0,1.0,https://static.cupid.travel/hotels/ex_75ba52e6_z.jpg,liteapi
lpaca6a,Hotel Suresh Inn,hotel,18.50637,73.92736,2.0,,,False,6.0,1.0,https://static.cupid.travel/hotels/ex_65950935_z.jpg,liteapi
lp657bc26e,Fabhotel Royal Palace Inn,hotel,18.517088,73.865316,3.0,,,False,6.0,1.0,https://static.cupid.travel/hotels/ex_w2997h1995x0y0-0b82aae0_z.jpg,liteapi
lp656c3487,Fabhotel Span Executive,hotel,18.527171,73.848324,3.0,,,False,6.0,1.0,https://static.cupid.travel/hotels/ex_a1fad54b_z.jpg,liteapi
lp65868329,"Copper 11 Service Apartments -SB Road, Shivaji Nagar, Pune",hotel,18.535499,73.828192,3.0,,,False,6.0,1.0,https://static.cupid.travel/hotels/ex_e6b27434_z.jpg,liteapi
lp65771021,Cute Little Room in Koregaon Park WiFi AC Kitchenette,hotel,18.54027,73.898789,,,,False,6.0,1.0,https://static.cupid.travel/hotels/490950835.jpg,liteapi
lp65864ea8,Hamlet by Daily Stays,hotel,18.553203,73.77834,3.0,,,False,6.0,1.0,https://static.cupid.travel/hotels/ex_8dfed4fe_z.jpg,liteapi
lp23d91d,OYO 28092 RVC Hospitality,hotel,18.557492,73.921658,2.0,,,False,6.0,1.0,https://static.cupid.travel/hotels/ex_ddcedf4a_z.jpg,liteapi
lpd332c,OYO 10108 Balewadi,hotel,18.576186,73.766366,3.0,,,False,6.0,1.0,https://static.cupid.travel/hotels/ex_35ba868a_z.jpg,liteapi
lpd330f,OYO 9052 Leisurely Abode,hotel,18.584878,73.831909,3.0,,,False,6.0,1.0,https://static.cupid.travel/hotels/ex_cb6a9d12_z.jpg,liteapi
lp6573b941,FabHotel Rova Stays,hotel,18.557749,73.92233,3.0,,,False,5.0,9.0,https://static.cupid.travel/hotels/619677423.jpg,liteapi
lp655a737e,Aarya Regency,hotel,18.590312,73.748297,3.0,,,False,5.6,23.0,https://static.cupid.travel/hotels/233341456.jpg,liteapi
lp657bd536,Collection O Gargi Galaxy,hotel,18.62011,73.85039,4.0,,,False,4.8,12.0,https://static.cupid.travel/hotels/461294723.jpg,liteapi
lp655a8317,Hotel Rest Inn Pune,hotel,18.532958,73.899113,2.0,,,False,5.1,32.0,https://static.cupid.travel/hotels/327027214.jpg,liteapi
lp6582b1a6,Premium Suites,hotel,18.482825,73.903033,,,,False,5.3,3.0,https://static.cupid.travel/hotels/527167301.jpg,liteapi
lp656c3009,Fabhotel Skylight Studio Rooms,hotel,18.570113,73.779904,3.0,,,False,5.4,2.0,https://static.cupid.travel/hotels/ex_w3030h2016x0y0-e509a41f_z.jpg,liteapi
lp65804099,Fabhotel Prime Hangout,hotel,18.445269,73.821208,3.0,,,False,6.0,,https://static.cupid.travel/hotels/ex_100463b0_z.jpg,liteapi
lp656c2a3f,Fabexpress Vardhan Executive,hotel,18.44821,73.852862,3.0,,,False,6.0,,https://static.cupid.travel/hotels/ex_70833ba7_z.jpg,liteapi
lp656c30bd,Fabhotel Kesar Inn,hotel,18.457146,73.830779,3.0,,,False,6.0,,https://static.cupid.travel/hotels/ex_834f53ca_z.jpg,liteapi
lp656bd84e,FabExpress Sun n Shine,hotel,18.457382,73.827871,3.0,,,False,6.0,,https://static.cupid.travel/hotels/ex_1eedbf72_z.jpg,liteapi
lp1bfc46,Super Hotel O RK's Regency Near Navale Hospital Back Gate,hotel,18.45795,73.81684,3.0,,,False,6.4,47.0,https://static.cupid.travel/hotels/589286715.jpg,liteapi
lp65861fca,White Castle,hotel,18.458158,73.835398,3.0,,,False,6.0,,https://static.cupid.travel/hotels/ex_85ec1d5f_z.jpg,liteapi
lp656bc7dd,FabExpress The Guest House,hotel,18.461514,73.807473,3.0,,,False,6.0,,https://static.cupid.travel/hotels/ex_16847c24_z.jpg,liteapi
lp658676cd,Fabhotel Majestic Inn,hotel,18.4634,73.81653,3.0,,,False,6.0,,https://static.cupid.travel/hotels/ex_w3030h2010x0y4-a078934a_z.jpg,liteapi
lp658239f0,Fabhotel Classic Executive,hotel,18.466708,73.961856,3.0,,,False,6.0,,https://static.cupid.travel/hotels/ex_w3000h1989x0y6-b4010940_z.jpg,liteapi
lp656c377f,Fabexpress Ravikiran,hotel,18.466867,73.858224,3.0,,,False,6.0,,https://static.cupid.travel/hotels/ex_3b48c65e_z.jpg,liteapi
lp656c3427,Fabhotel Prime Rajmudra,hotel,18.46729,73.88611,3.0,,,False,6.0,,https://static.cupid.travel/hotels/ex_62109bd9_z.jpg,liteapi
lp656c3727,Fabexpress Green Leaves,hotel,18.47011,73.90323,3.0,,,False,6.0,,https://static.cupid.travel/hotels/ex_d81a1ee3_z.jpg,liteapi
lp6586714b,The Beacon Hotel NIBM Pune,hotel,18.474833,73.913457,3.0,,,False,6.0,,https://static.cupid.travel/hotels/ex_w5500h3569x0y0-b6952926_z.jpg,liteapi
lpad02f,Hotel Ravikant,hotel,18.474891,73.856172,3.0,,,False,6.0,,https://static.cupid.travel/hotels/ex_cafea01f_z.jpg,liteapi
lp656c3bcf,Fabhotel Mountain High Inn,hotel,18.477885,73.914484,3.0,,,False,6.0,,https://static.cupid.travel/hotels/ex_76e816f3_z.jpg,liteapi
lp65576444,Punest Hospitality,hotel,18.483396,73.953808,3.0,,,False,6.0,,https://static.cupid.travel/hotels/ex_9893f48a_z.jpg,liteapi
lp65579d55,Itsy Hotels Chetan Executive Hadapsar Phursungi,hotel,18.48359,73.954156,3.0,,,False,6.0,,https://static.cupid.travel/hotels/ex_9a956068_z.jpg,liteapi
lp65561bcf,Punest Hospitality & Hotel,hotel,18.487802,73.951656,3.0,,,False,6.0,,https://static.cupid.travel/hotels/ex_da915db8_z.jpg,liteapi
lpdd4d2,OYO 10678 Hotel Nandanvan,hotel,18.489661,73.863109,3.0,,,False,6.0,,https://static.cupid.travel/hotels/ex_a57cac70_z.jpg,liteapi
lp657e740b,FabHotel Golden Emerald,hotel,18.492505,73.869515,3.0,,,False,6.0,,https://static.cupid.travel/hotels/ex_w3030h2007x0y6-ff6dd84a_z.jpg,liteapi
lp656c205e,Fabhotel Aakiyo,hotel,18.492749,73.858004,3.0,,,False,6.0,,https://static.cupid.travel/hotels/ex_e176e092_z.jpg,liteapi
lpacdc6,Hotel Oasis,hotel,18.498057,73.78684,3.0,,,False,6.0,,https://static.cupid.travel/hotels/ex_f9ae0f39_z.jpg,liteapi
lpacd78,Hotel Everest Inn,hotel,18.50149,73.931397,3.0,,,False,6.0,,https://static.cupid.travel/hotels/ex_28d26503_z.jpg,liteapi
lp656c31bf,Fabhotel Aursai,hotel,18.503507,73.953622,3.0,,,False,6.0,,https://static.cupid.travel/hotels/ex_5e2294ca_z.jpg,liteapi
lp656c20d0,Treebo Trend Gargi Deluxe,hotel,18.503625,73.850645,3.0,,,False,6.0,,https://static.cupid.travel/hotels/ex_ed621d43_z.jpg,liteapi
lp6578c586,"Treebo Savali Inn Executive, Amanora",hotel,18.504925,73.931934,3.0,,,False,6.0,,https://static.cupid.travel/hotels/ex_8d3ef034_z.jpg,liteapi
lp656c396b,Fabhotel Royal Samrat,hotel,18.50634,73.924931,3.0,,,False,6.0,,https://static.cupid.travel/hotels/ex_4a94b9ce_z.jpg,liteapi
lp65860cf6,Ozone Guest House,hotel,18.506511,73.834255,3.0,,,False,6.0,,https://static.cupid.travel/hotels/ex_199b905e_z.jpg,liteapi
lp65579662,Hotel Suyash Deluxe,hotel,18.509529,73.846434,3.0,,,False,6.0,,https://static.cupid.travel/hotels/ex_1208a268_z.jpg,liteapi
lp657e96dd,Fabhotel Royal Suits,hotel,18.514224,73.937119,3.0,,,False,6.0,,https://static.cupid.travel/hotels/ex_218e579f_z.jpg,liteapi
lp65561836,Marvel Arco,hotel,18.515971,73.936756,3.0,,,False,6.0,,https://static.cupid.travel/hotels/ex_6e4df2eb_z.jpg,liteapi
lp656bbeb2,Treebo Raana Encore - Near Magarpatta,hotel,18.517532,73.95024,3.0,,,False,6.0,,https://static.cupid.travel/hotels/ex_a95943ef_z.jpg,liteapi
lp657ea811,Fabhotel Everest Inn,hotel,18.517595,73.949964,3.0,,,False,6.0,,https://static.cupid.travel/hotels/ex_w3000h1993x0y0-064fd693_z.jpg,liteapi
lp657d1fb6,FabHotel Prime Rapid Lakme Executive,hotel,18.524399,73.841931,3.0,,,False,6.0,,https://static.cupid.travel/hotels/ex_911b5e5d_z.jpg,liteapi
lp6585e676,The Citiotel,hotel,18.526313,73.851746,3.0,,,False,6.0,,https://static.cupid.travel/hotels/ex_7f2ef094_z.jpg,liteapi
lp656c38f5,Fabexpress The Trousseau,hotel,18.52651,73.849022,3.0,,,False,6.0,,https://static.cupid.travel/hotels/ex_e35dc443_z.jpg,liteapi
lpcf99b,Hotel Sardar,hotel,18.526817,73.874727,3.0,,,False,6.0,,https://static.cupid.travel/hotels/ex_62c0d66c_z.jpg,liteapi
lp656c2c67,Fabexpress Gargi Executive,hotel,18.527114,73.848536,3.0,,,False,6.0,,https://static.cupid.travel/hotels/ex_w3030h2013x0y0-296b30c2_z.jpg,liteapi
lp656c3997,Fabhotel Envirosafe Stays,hotel,18.527689,73.848497,3.0,,,False,6.0,,https://static.cupid.travel/hotels/ex_936c06ae_z.jpg,liteapi
lp656c390e,Fabexpress Jasmin Rooms,hotel,18.5331,73.916229,3.0,,,False,6.0,,https://static.cupid.travel/hotels/ex_3859dae6_z.jpg,liteapi
lp656bc66b,Fabhotel Saffron Inn I,hotel,18.535393,73.874063,3.0,,,False,6.0,,https://static.cupid.travel/hotels/ex_1760db01_z.jpg,liteapi
lp656c34a7,BelAir Suites Pune,hotel,18.538813,73.898906,3.0,,,False,6.0,,https://static.cupid.travel/hotels/ex_b4ce72a1_z.jpg,liteapi
lp80625,Hotel Surya Villa,hotel,18.539555,73.887383,3.0,,,False,6.0,,https://static.cupid.travel/hotels/ex_0a93c4af_z.jpg,liteapi
lp656bc296,Fabhotel Galaxy Residency,hotel,18.544145,73.902265,3.0,,,False,6.0,,https://static.cupid.travel/hotels/ex_ff9ffff7_z.jpg,liteapi
lp657a9118,VITS Select Kharadi Pune,hotel,18.547075,73.948615,3.0,,,False,6.0,,https://static.cupid.travel/hotels/ex_7ef8a0b4_z.jpg,liteapi
lp65863d0b,FabHotel Executive Pearl Inn - Nr. Twin tower,hotel,18.54757,73.91113,3.0,,,False,6.0,,https://static.cupid.travel/hotels/ex_42074579_z.jpg,liteapi
lp656c3943,Fabhotel Ch Homes & Suites,hotel,18.547864,73.947589,3.0,,,False,6.0,,https://static.cupid.travel/hotels/ex_1e711954_z.jpg,liteapi
lp6582682d,Hotel Rajwada,hotel,18.549412,73.804055,3.0,,,False,6.0,,https://static.cupid.travel/hotels/ex_c71627b5_z.jpg,liteapi
lp656bd1cd,Fabhotel Majestic Luxurious,hotel,18.550303,73.94396,3.0,,,False,6.0,,https://static.cupid.travel/hotels/ex_w3030h2010x0y4-6899b5ec_z.jpg,liteapi
lp6581faef,Fabhotel Falcon Executive,hotel,18.550879,73.776903,3.0,,,False,6.0,,https://static.cupid.travel/hotels/ex_w3000h1991x0y4-32777db9_z.jpg,liteapi
lp65784063,FabHotel Silver Key,hotel,18.551315,73.920926,3.0,,,False,6.0,,https://static.cupid.travel/hotels/ex_w2000h1328x500y0-a174fa40_z.jpg,liteapi
lp656c3119,Fabhotel Skyline I,hotel,18.552515,73.776224,3.0,,,False,6.0,,https://static.cupid.travel/hotels/ex_0e00996b_z.jpg,liteapi
lp6585a134,ANS GUEST HOUSE KHARADI,hotel,18.553538,73.939681,3.0,,,False,6.0,,https://static.cupid.travel/hotels/ex_ed13564c_z.jpg,liteapi
lp658632af,Fabhotel Royal Residency - Nr Phoenix mall,hotel,18.557984,73.923621,3.0,,,False,6.0,,https://static.cupid.travel/hotels/ex_60cda793_z.jpg,liteapi
lp655614fd,Kharadi EON IT NP Hospitality,hotel,18.558399,73.957181,3.0,,,False,6.0,,https://static.cupid.travel/hotels/ex_d6aaff6a_z.jpg,liteapi
lp656bd058,Fabhotel Hill Top Inn,hotel,18.559108,73.788731,3.0,,,False,6.0,,https://static.cupid.travel/hotels/ex_w3026h2019x0y0-13f4cf2a_z.jpg,liteapi
lp656c3073,Fabhotel Stay Inn,hotel,18.560212,73.770933,3.0,,,False,6.0,,https://static.cupid.travel/hotels/ex_481acea9_z.jpg,liteapi
lp656c366c,Fabexpress Shivsai Palace,hotel,18.560457,73.942718,3.0,,,False,6.0,,https://static.cupid.travel/hotels/ex_fd2bf7c3_z.jpg,liteapi
lp657fde26,Fabhotel Ananta Sagar,hotel,18.56076,73.919237,3.0,,,False,6.0,,https://static.cupid.travel/hotels/ex_808c4392_z.jpg,liteapi
lp6586648a,Fabhotel Phoenix Inn,hotel,18.560817,73.91867,3.0,,,False,6.0,,https://static.cupid.travel/hotels/ex_ddeb410b_z.jpg,liteapi
lp657ba802,Fabhotel Aundh Elite Stay,hotel,18.56093,73.811408,3.0,,,False,6.0,,https://static.cupid.travel/hotels/ex_w3000h1991x0y3-a4af041f_z.jpg,liteapi
lp656bcc9f,Fabhotel Grey Inn,hotel,18.56211,73.775749,3.0,,,False,6.0,,https://static.cupid.travel/hotels/ex_119f90f9_z.jpg,liteapi
lp28e5ec,LRH EasyStay 4,hotel,18.562578,73.912271,3.0,,,False,6.0,,https://static.cupid.travel/hotels/ex_8ee45b78_z.jpg,liteapi
lp656c36e2,Fabexpress A1 Dalcha,hotel,18.563518,73.908348,3.0,,,False,6.0,,https://static.cupid.travel/hotels/ex_8342c423_z.jpg,liteapi
lp656c3bda,Fabhotel House Of Hyderabad,hotel,18.564917,73.785901,3.0,,,False,6.0,,https://static.cupid.travel/hotels/ex_e0bb7822_z.jpg,liteapi
lp657c30d4,Fabhotel En Suite,hotel,18.56557,73.95027,3.0,,,False,6.0,,https://static.cupid.travel/hotels/ex_w3000h1988x0y6-655c4134_z.jpg,liteapi
lp658620f0,Saara Residency,hotel,18.566124,73.785211,3.0,,,False,6.0,,https://static.cupid.travel/hotels/ex_a2263875_z.jpg,liteapi
lp65830408,FabHotel Kohinoor Residency I,hotel,18.566778,73.770689,3.0,,,False,6.0,,https://static.cupid.travel/hotels/ex_b5ed9ed1_z.jpg,liteapi
lp657fc8c0,FabHotel Olive Suite,hotel,18.566841,73.919087,,,,False,6.0,,https://static.cupid.travel/hotels/ex_eaab8042_z.jpg,liteapi
lp657e01d9,Fabhotel Silver Oak,hotel,18.566958,73.878303,3.0,,,False,6.0,,https://static.cupid.travel/hotels/ex_64a8711e_z.jpg,liteapi
lp658665b4,FabExpress The Corporate Hub,hotel,18.567342,73.775709,3.0,,,False,6.0,,https://static.cupid.travel/hotels/ex_a0b94b85_z.jpg,liteapi
lp656c3924,Fabhotel Happy Stay,hotel,18.567576,73.948261,3.0,,,False,6.0,,https://static.cupid.travel/hotels/ex_ab981bb5_z.jpg,liteapi
lp656bc74e,"Treebo Kharadi Residency, Near EON IT Park",hotel,18.567652,73.94929,3.0,,,False,6.0,,https://static.cupid.travel/hotels/ex_333dd218_z.jpg,liteapi
lp656bc327,FabHotel Baner Executive - Balewadi high street,hotel,18.568439,73.77307,3.0,,,False,6.0,,https://static.cupid.travel/hotels/ex_65695509_z.jpg,liteapi
lp656bc12f,Fabhotel Emersion Residency,hotel,18.568778,73.76983,3.0,,,False,6.0,,https://static.cupid.travel/hotels/ex_42be00a4_z.jpg,liteapi
lp657c9946,Fabhotel The Corporate Hub,hotel,18.568856,73.780284,3.0,,,False,6.0,,https://static.cupid.travel/hotels/ex_201dc8b0_z.jpg,liteapi
lp657b2593,FabHotel The Star Heaven,hotel,18.569396,73.762802,3.0,,,False,6.0,,https://static.cupid.travel/hotels/ex_3258aa74_z.jpg,liteapi
lp657a0f53,Oriva Mapple By Supriya,hotel,18.573268,73.957471,3.0,,,False,6.0,,https://static.cupid.travel/hotels/ex_w3000h1990x0y4-b0f9df9e_z.jpg,liteapi
lp6580db8d,Fabexpress The Ambience,hotel,18.574842,73.769641,3.0,,,False,6.0,,https://static.cupid.travel/hotels/ex_w3030h2013x0y0-aadf9d7e_z.jpg,liteapi
lp325f74,OYO Townhouse 177 Balewadi,hotel,18.575409,73.768181,3.0,,,False,6.0,,https://static.cupid.travel/hotels/ex_a2925c55_z.jpg,liteapi
lpba301,Hotel Mint Highstreet,hotel,18.576879,73.766096,3.0,,,False,6.0,,https://static.cupid.travel/hotels/ex_9c3925d2_z.jpg,liteapi
lp656c38ac,Fabhotel Glh Stay,hotel,18.577588,73.89048,3.0,,,False,6.0,,https://static.cupid.travel/hotels/ex_86d27ca9_z.jpg,liteapi
lp656c27e0,FabHotel Habitat,hotel,18.578759,73.895605,3.0,,,False,6.0,,https://static.cupid.travel/hotels/ex_eccfca59_z.jpg,liteapi
lp657eec20,FabExpress Balaji Comfort Home,hotel,18.581021,73.76189,3.0,,,False,6.0,,https://static.cupid.travel/hotels/ex_959726b2_z.jpg,liteapi
lp656bc983,Itsy By Treebo - Stay Prime,hotel,18.581444,73.761556,3.0,,,False,6.0,,https://static.cupid.travel/hotels/ex_d4959d27_z.jpg,liteapi
lp658664dd,Fabexpress Star Light,hotel,18.588534,73.780622,3.0,,,False,6.0,,https://static.cupid.travel/hotels/ex_w2000h1326x0y2-ef5ecafe_z.jpg,liteapi
lp658418a8,Fabhotel Hibiscus,hotel,18.596723,73.907577,3.0,,,False,6.0,,https://static.cupid.travel/hotels/ex_42299648_z.jpg,liteapi
lp656bc2d5,Fabhotel Grandeur,hotel,18.597683,73.798479,3.0,,,False,6.0,,https://static.cupid.travel/hotels/ex_d9e27060_z.jpg,liteapi
lp6581f2e2,Fabexpress Gavoriel Stays,hotel,18.599212,73.760633,3.0,,,False,6.0,,https://static.cupid.travel/hotels/ex_b22e8e6d_z.jpg,liteapi
lp805e2,FabHotel Ranjanas - Nr humkar Chowk,hotel,18.603941,73.754176,3.0,,,False,,1.0,https://static.cupid.travel/hotels/421369073.jpg,liteapi
lp656c3bd2,FabHotel Sahil Residency,hotel,18.604806,73.749279,3.0,,,False,6.0,,https://static.cupid.travel/hotels/ex_ac3ac0d6_z.jpg,liteapi
lp656c388d,Fabexpress Shloka,hotel,18.614778,73.765387,3.0,,,False,6.0,,https://static.cupid.travel/hotels/ex_3d650784_z.jpg,liteapi
lpc61b5,Hotel Pavitra,hotel,18.625334,73.804207,3.0,,,False,6.0,,https://static.cupid.travel/hotels/ex_f86c3e03_z.jpg,liteapi
lp77e92,The Sirona Hotel,hotel,18.541717,73.886221,3.0,,,False,,4.0,https://static.cupid.travel/hotels/ex_662500e8_z.jpg,liteapi
lp657367e3,Via Skylight Studio Rooms,hotel,18.570107,73.779922,3.0,,,False,4.5,11.0,https://static.cupid.travel/hotels/607349206.jpg,liteapi
lp656b1a78,"Magnus Calypso Suites Viman Nagar, Pune",hotel,18.564272,73.907148,3.0,,,False,4.9,32.0,https://static.cupid.travel/hotels/222620618.jpg,liteapi
lp974d0,Treebo Sumati Baner,hotel,18.566386,73.772388,3.0,,,False,7.4,78.0,https://static.cupid.travel/hotels/318318310.jpg,liteapi
lp655a7dcd,Fabhotel Sr Wakad,hotel,18.604899,73.7535,3.0,,,False,6.0,1.0,https://static.cupid.travel/hotels/ex_9d219661_z.jpg,liteapi
lp65813a2b,Nobel Studio,hotel,18.54923,73.94244,,,,False,4.2,11.0,https://static.cupid.travel/hotels/598044278.jpg,liteapi
lp655a69f1,Hotel Radhika Pune,hotel,18.515472,73.86707,2.0,,,False,4.5,37.0,https://static.cupid.travel/hotels/271313768.jpg,liteapi
lp655b50b3,Hotel Sayee luxury Inn,hotel,18.51206,73.93743,2.0,,,False,5.6,5.0,https://static.cupid.travel/hotels/393762382.jpg,liteapi
lpa4ee9,Hotel Deccan Pavilion Pune,hotel,18.459346,73.824963,3.0,,,False,5.0,2.0,https://static.cupid.travel/hotels/ex_de5a146b_z.jpg,liteapi
lp6be79,FabHotel Ashish Plaza,hotel,18.5239,73.8418,3.0,,,False,5.0,2.0,https://static.cupid.travel/hotels/ex_d44e5c6f_z.jpg,liteapi
lp830f2,Hotel Centurion Inn,hotel,18.539085,73.833447,3.0,,,False,5.0,2.0,https://static.cupid.travel/hotels/ex_15a588f9_z.jpg,liteapi
lp783a5,"Magnus Aerith Studios Exclusive Residences, Kharadi Pune",hotel,18.553856,73.939579,3.0,,,False,7.2,58.0,https://static.cupid.travel/hotels/620179798.jpg,liteapi
lp6557a0f3,Hotel Mukesh residency,hotel,18.518809,73.874417,3.0,,,False,5.0,1.0,https://static.cupid.travel/hotels/ex_67eb0165_z.jpg,liteapi
lp65739d34,Oxford: Private Studio in Koregaon Park. Lakeview,hotel,18.540125,73.898812,,,,False,,8.0,https://static.cupid.travel/hotels/534390868.jpg,liteapi
lp65797953,Hotel O The Highstreet Hometel,hotel,18.567343,73.775375,3.0,,,False,4.5,4.0,https://static.cupid.travel/hotels/613364944.jpg,liteapi
lp657b0868,Collection O Galaxy Stay,hotel,18.57169,73.95414,3.0,,,False,4.1,8.0,https://static.cupid.travel/hotels/474826224.jpg,liteapi
lp6582aea9,Satellite Service Apartment,hotel,18.53412,73.89866,,,,False,5.0,1.0,https://static.cupid.travel/hotels/532840955.jpg,liteapi
lp65728147,Autumn: 1Bhk with Bathtub at Koregaon Park,hotel,18.541728,73.887149,,,,False,5.0,1.0,https://static.cupid.travel/hotels/515749694.jpg,liteapi
lp6572d677,Hotel O Star Inn,hotel,18.561142,73.908613,3.0,,,False,3.3,26.0,https://static.cupid.travel/hotels/612135782.jpg,liteapi
lp657ccf6a,Modern PG,hotel,18.54524,73.93964,,,,False,4.3,4.0,https://static.cupid.travel/hotels/518858159.jpg,liteapi
lp6556fd42,Choice Service Apartment,hotel,18.504786,73.821589,3.0,,,False,4.6,2.0,https://static.cupid.travel/hotels/ex_c387ae5d_z.jpg,liteapi
lp6559e238,Hotel O Pearl Inns Executive,hotel,18.550567,73.911483,4.0,,,False,5.5,3.0,https://static.cupid.travel/hotels/613366028.jpg,liteapi
lp657dba99,Hotel Royal Palace CORPORATE,hotel,18.51663,73.86457,,,,False,3.8,8.0,https://static.cupid.travel/hotels/604453253.jpg,liteapi
lpad386,Samruddhi and Shree Inn Lodge,hotel,18.421908,73.860325,2.0,,,False,5.0,,https://static.cupid.travel/hotels/ex_5b0e831c_z.jpg,liteapi
lp655bc11f,Hotel O Green Leaves,hotel,18.47025,73.9032,4.0,,,False,4.1,26.0,https://static.cupid.travel/hotels/615095530.jpg,liteapi
lp656da2be,Sunshine Resort,hotel,18.412823,73.7467,2.0,,,False,5.0,,https://static.cupid.travel/hotels/ex_fac59042_z.jpg,liteapi
lp658460d5,Shoreline Heritage,hotel,18.445402,73.826591,2.0,,,False,5.0,,https://static.cupid.travel/hotels/ex_6909c969_z.jpg,liteapi
lp65589417,Hotel Hangout,hotel,18.446702,73.815456,2.0,,,False,5.0,,https://static.cupid.travel/hotels/ex_7e3f68fc_z.jpg,liteapi
lp65863dbd,I Suites,hotel,18.451471,73.911073,2.0,,,False,5.0,,https://static.cupid.travel/hotels/ex_ae409809_z.jpg,liteapi
lp65575a76,City Point Executive,hotel,18.455668,73.798172,2.0,,,False,5.0,,https://static.cupid.travel/hotels/ex_f23fb9f0_z.jpg,liteapi
lpfedec,Hotel Honey Lodging,hotel,18.46426,73.86017,2.0,,,False,5.0,,https://static.cupid.travel/hotels/ex_71b7c119_z.jpg,liteapi
lp65869146,Lp Regency,hotel,18.464967,73.911858,2.0,,,False,5.0,,https://static.cupid.travel/hotels/ex_0a329354_z.jpg,liteapi
lp655a7df2,Fabhotel Gargi Deluxe,hotel,18.503629,73.850607,3.0,,,False,6.0,,https://static.cupid.travel/hotels/ex_w2991h1988x9y0-8162e5f2_z.jpg,liteapi
lp6585b22f,Elegant Urban Stays at Hadapsar Pune,hotel,18.504255,73.932411,2.0,,,False,5.0,,https://static.cupid.travel/hotels/ex_1763e7f9_z.jpg,liteapi
lp190513,OYO 14929 River View,hotel,18.516204,73.843539,2.0,,,False,5.0,,https://static.cupid.travel/hotels/ex_2f1aca72_z.jpg,liteapi
lp657f6b27,Samrat Inn,hotel,18.517358,73.950147,2.0,,,False,5.0,,https://static.cupid.travel/hotels/ex_52a0b497_z.jpg,liteapi
lp65860840,Luxury Elegance at Magarpatta City Pune,hotel,18.520331,73.932563,2.0,,,False,5.0,,https://static.cupid.travel/hotels/ex_9a850ad7_z.jpg,liteapi
lp6554ff0e,Hotel Rajdeep,hotel,18.520671,73.856228,2.0,,,False,5.0,,https://static.cupid.travel/hotels/ex_42411581_z.jpg,liteapi
lp6585c83d,"Premium Room Near Pataleshwar Temple, Pune",hotel,18.526711,73.851308,2.0,,,False,5.0,,https://static.cupid.travel/hotels/ex_7c2dd36d_z.jpg,liteapi
lpdd51a,OYO 11545 Hotel Gargi executive,hotel,18.526834,73.848827,2.0,,,False,5.0,,https://static.cupid.travel/hotels/ex_f59d0680_z.jpg,liteapi
lpe61cf,Collection O 11693 Hotel Sunshine,hotel,18.535016,73.897401,2.0,,,False,5.0,,https://static.cupid.travel/hotels/ex_16ffef1f_z.jpg,liteapi
lp656c3704,"Treebo Spring Brooks, Kalyani Nagar",hotel,18.54418,73.90241,3.0,,,False,,,https://static.cupid.travel/hotels/508591217.jpg,liteapi
lp9670d,Magnus Vosiv Suites,hotel,18.546186,73.901407,3.0,,,False,5.0,,https://static.cupid.travel/hotels/ex_954e3bf9_z.jpg,liteapi
lp655ab28e,Fabexpress Orchid Rooms,hotel,18.549746,73.94155,3.0,,,False,6.0,,https://static.cupid.travel/hotels/ex_3f684c9a_z.jpg,liteapi
lpaf7d1,Happy Stay Service Apartment,hotel,18.549771,73.941488,2.0,,,False,5.0,,https://static.cupid.travel/hotels/ex_f3d7a0f4_z.jpg,liteapi
lp6580005b,Komfort Inn,hotel,18.551357,73.911913,2.0,,,False,5.0,,https://static.cupid.travel/hotels/ex_w3000h1989x0y0-d462e618_z.jpg,liteapi
lp656c316b,Treebo White House,hotel,18.552472,73.937819,2.0,,,False,5.0,,https://static.cupid.travel/hotels/ex_16ff13f2_z.jpg,liteapi
lp655b50c7,Fabhotel Omkar Executive,hotel,18.553428,73.915658,3.0,,,False,6.0,,https://static.cupid.travel/hotels/ex_fae47d6e_z.jpg,liteapi
lp658692b6,Hotel M K Residency,hotel,18.560569,73.918965,2.0,,,False,5.0,,https://static.cupid.travel/hotels/ex_cfd4e8e1_z.jpg,liteapi
lp65862227,Elegant Stays in Downtown Bangalore,hotel,18.560855,73.918243,2.0,,,False,5.0,,https://static.cupid.travel/hotels/ex_7d687d1d_z.jpg,liteapi
lp656bbf66,The White House,hotel,18.565007,73.771854,2.0,,,False,5.0,,https://static.cupid.travel/hotels/ex_w2988h2000x6y0-fecb4963_z.jpg,liteapi
lp1b1d25,OYO 19530 SilverKey Vishrantwadi,hotel,18.567245,73.877965,2.0,,,False,5.0,,https://static.cupid.travel/hotels/ex_1ae19f41_z.jpg,liteapi
lp655ab297,Fabhotel Kohinoor Residency,hotel,18.567759,73.949071,3.0,,,False,6.0,,https://static.cupid.travel/hotels/ex_w2999h2000x0y0-aab9f008_z.jpg,liteapi
lpe62c2,OYO 12151 The Orchid Guest House,hotel,18.568245,73.845219,2.0,,,False,5.0,,https://static.cupid.travel/hotels/ex_c3539a3d_z.jpg,liteapi
lp655a7dab,Fabhotel 24 Baner,hotel,18.568801,73.778504,3.0,,,False,6.0,,https://static.cupid.travel/hotels/ex_c1a4261b_z.jpg,liteapi
lp657ec664,Mantra Inn,hotel,18.571,73.957092,2.0,,,False,5.0,,https://static.cupid.travel/hotels/ex_cb2359b8_z.jpg,liteapi
lp6585cd77,Hotel Classic Square,hotel,18.572913,73.954979,2.0,,,False,5.0,,https://static.cupid.travel/hotels/ex_bc230a4b_z.jpg,liteapi
lp65578a4f,Hotel Bhooshan Airport road,hotel,18.574983,73.890959,2.0,,,False,5.0,,https://static.cupid.travel/hotels/ex_4170afaa_z.jpg,liteapi
lp65865836,Khush executive,hotel,18.591067,73.954777,2.0,,,False,5.0,,https://static.cupid.travel/hotels/ex_b7cfa8eb_z.jpg,liteapi
lp655b88d3,Hotel Bramha Inn,hotel,18.595177,73.784399,3.0,,,False,,,https://static.cupid.travel/hotels/ex_3104f7a9_z.jpg,liteapi
lp658615ac,Hotel Gargi Galaxy,hotel,18.620101,73.850395,2.0,,,False,5.0,,https://static.cupid.travel/hotels/ex_w3000h1998x0y2-d82eb443_z.jpg,liteapi
lp65678240,Hotel O Home Elegant RK Fursungi,hotel,18.480512,73.952124,3.0,,,False,4.6,13.0,https://static.cupid.travel/hotels/602630525.jpg,liteapi
lp65774bf5,FabHotel Nisarg Villa,hotel,18.577005,73.76658,4.0,,,False,3.6,7.0,https://static.cupid.travel/hotels/577903092.jpg,liteapi
lpec0ee,Fabhotel Lakme Executive FC Road,hotel,18.52428,73.84203,3.0,,,False,4.0,3.0,https://static.cupid.travel/hotels/ex_6aba0044_z.jpg,liteapi
lp657dbab1,Elephant House Coliving Pune,hotel,18.567689,73.769487,,,,False,4.0,52.0,https://static.cupid.travel/hotels/597746516.jpg,liteapi
lp80ca1,HOTEL ROYAL ENCLAVE,hotel,18.51542,73.866725,3.0,,,False,3.6,5.0,https://static.cupid.travel/hotels/ex_3f860cab_z.jpg,liteapi
lp656c38da,Monarch Guestline Magarpatta,hotel,18.525606,73.932073,2.0,,,False,4.0,,https://static.cupid.travel/hotels/ex_cfc94d11_z.jpg,liteapi
lp65735466,Royal Nest 3BHK Suites,hotel,18.5174,73.9469,,,,False,4.0,2.0,https://static.cupid.travel/hotels/488088902.jpg,liteapi
lp656eeb41,ROYAL NEST 3BHK SUITES (NEO),hotel,18.51813,73.93812,,,,False,4.0,2.0,https://static.cupid.travel/hotels/488099436.jpg,liteapi
lp655a7d9d,Hotel Sayba Inn - Budget Stay!,hotel,18.464819,73.848377,2.0,,,False,4.4,7.0,https://static.cupid.travel/hotels/405906598.jpg,liteapi
lp6578f1b2,Hotel O Skylight Studio Rooms,hotel,18.57004,73.7799,4.0,,,False,3.1,11.0,https://static.cupid.travel/hotels/523932578.jpg,liteapi
lp77fcc,The Oakwood Hotel,hotel,18.517694,73.840847,4.0,,,False,2.0,1.0,https://static.cupid.travel/hotels/ex_ac81b639_z.jpg,liteapi
lp655ff275,Hotel O Jaihind Building,hotel,18.485828,73.9533,2.0,,,False,3.9,15.0,https://static.cupid.travel/hotels/620794388.jpg,liteapi
lp6583c4ff,Galaxy Executive,hotel,18.453458,73.822318,2.0,,,False,4.0,1.0,https://static.cupid.travel/hotels/ex_b274b783_z.jpg,liteapi
lp6582802f,Hotel Popular,hotel,18.472866,73.821275,3.0,,,False,4.0,1.0,https://static.cupid.travel/hotels/ex_143f92aa_z.jpg,liteapi
lpad317,Hotel Royal Lodging,hotel,18.477318,73.967452,3.0,,,False,4.0,1.0,https://static.cupid.travel/hotels/ex_77aec766_z.jpg,liteapi
lp6586830a,Premium Stays Near Fergusson College,hotel,18.514409,73.833356,2.0,,,False,4.0,1.0,https://static.cupid.travel/hotels/ex_9543d5d2_z.jpg,liteapi
lpd9ba8,OYO 603 Hotel Swasti,hotel,18.518514,73.842805,3.0,,,False,4.0,1.0,https://static.cupid.travel/hotels/ex_dc6031f3_z.jpg,liteapi
lp6578ad40,"Cozy Studio with Premium Interiors-WiFi,AC,SmartTv",hotel,18.531254,73.913374,3.0,,,False,4.0,2.0,https://static.cupid.travel/hotels/489860388.jpg,liteapi
lp657b498f,Hotel Golden Arc,hotel,18.552832,73.897149,2.0,,,False,4.0,1.0,https://static.cupid.travel/hotels/ex_c8fa1aec_z.jpg,liteapi
lp658804ba,Hotel Naman Executive - 2,hotel,18.553451,73.936217,2.0,,,False,4.0,1.0,https://static.cupid.travel/hotels/ex_996b9af8_z.jpg,liteapi
lp6587f35b,Azura Vista by Alt Acco,hotel,18.588496,73.909607,2.0,,,False,4.0,1.0,https://static.cupid.travel/hotels/ex_6bf58db0_z.jpg,liteapi
lp6583515a,SATYAM SERVICES,hotel,18.59062,73.89193,,,,False,4.0,1.0,https://static.cupid.travel/hotels/621072901.jpg,liteapi
lp656c2866,FabHotel Alpha Center,hotel,18.591349,73.745526,3.0,,,False,4.0,1.0,https://static.cupid.travel/hotels/ex_w2997h2000x3y0-af3b7eed_z.jpg,liteapi
lp657a0092,Via Sahil Residency,hotel,18.60482,73.749276,3.0,,,False,3.3,6.0,https://static.cupid.travel/hotels/618487009.jpg,liteapi
lp65753116,Hotel O Metro View,hotel,18.604874,73.82393,4.0,,,False,2.8,12.0,https://static.cupid.travel/hotels/586777266.jpg,liteapi
lp6582ab65,Super Hotel O Laxman Nagar Baner,hotel,18.56908,73.770905,3.0,,,False,2.9,9.0,https://static.cupid.travel/hotels/592830818.jpg,liteapi
lpb72aa,FabHotel Brook Elan Viman Nagar,hotel,18.563769,73.908882,3.0,,,False,3.4,2.0,https://static.cupid.travel/hotels/ex_7271d18f_z.jpg,liteapi
lp65793420,Collection O Royce Studios Near Pune Airport,hotel,18.56256,73.92925,3.0,,,False,2.3,20.0,https://static.cupid.travel/hotels/550684904.jpg,liteapi
lp656bc5fd,HOTEL VIRAJ,hotel,18.4518,73.887359,2.0,,,False,4.0,,https://static.cupid.travel/hotels/ex_25b12c6a_z.jpg,liteapi
lp656c24ad,Shri Vitthal Mangalam,hotel,18.461575,73.858033,2.0,,,False,4.0,,https://static.cupid.travel/hotels/ex_9bbf840a_z.jpg,liteapi
lp658149a3,HOTEL ASHOKA,hotel,18.502968,73.851404,2.0,,,False,4.0,,https://static.cupid.travel/hotels/ex_d9661787_z.jpg,liteapi
lpcf928,Hotel Pranav Executive,hotel,18.503776,73.858478,3.0,,,False,4.0,,https://static.cupid.travel/hotels/ex_ce15dd01_z.jpg,liteapi
lp6585ecad,Blissful Stays at MG Road Pune,hotel,18.515973,73.878003,2.0,,,False,4.0,,https://static.cupid.travel/hotels/ex_38828b79_z.jpg,liteapi
lp65863cff,Super Townhouse Koregaon Park,hotel,18.528958,73.91958,2.0,,,False,4.0,,https://static.cupid.travel/hotels/ex_7d22828a_z.jpg,liteapi
lp656bc9d2,Brham Kp Pune,hotel,18.539468,73.895346,2.0,,,False,4.0,,https://static.cupid.travel/hotels/ex_50b0d906_z.jpg,liteapi
lp65862337,Olive Baner by Embassy Group,hotel,18.554647,73.776012,2.0,,,False,4.0,,https://static.cupid.travel/hotels/ex_89f309fa_z.jpg,liteapi
lp6585ad16,Hotel VYS INN,hotel,18.555152,73.797739,2.0,,,False,4.0,,https://static.cupid.travel/hotels/ex_965cf095_z.jpg,liteapi
lp657ea258,Kivi stays,hotel,18.557095,73.793125,,,,False,4.0,,https://static.cupid.travel/hotels/ex_0adc6e2e_z.jpg,liteapi
lp658693e9,Hotel Hill Top Inn,hotel,18.559518,73.788843,2.0,,,False,4.0,,https://static.cupid.travel/hotels/ex_edfd871d_z.jpg,liteapi
lp658601c3,Elite Stays at Viman Nagar Kharadi,hotel,18.560555,73.919472,2.0,,,False,4.0,,https://static.cupid.travel/hotels/ex_5ee8baaa_z.jpg,liteapi
lp657b5875,Hotel Elite Stay,hotel,18.560598,73.940825,2.0,,,False,4.0,,https://static.cupid.travel/hotels/ex_57621fad_z.jpg,liteapi
lp657b4a43,Aundh Elite Stay,hotel,18.560856,73.811403,2.0,,,False,4.0,,https://static.cupid.travel/hotels/ex_88d18891_z.jpg,liteapi
lp6585e4f8,Casa Felicita Inn,hotel,18.565548,73.950398,2.0,,,False,4.0,,https://static.cupid.travel/hotels/ex_7f5c5753_z.jpg,liteapi
lp65810989,Hotel Kharadi residency,hotel,18.567661,73.949297,,,,False,4.0,,https://static.cupid.travel/hotels/ex_dde04842_z.jpg,liteapi
lp657cceb5,Hotel Yellow House,hotel,18.569219,73.780434,,,,False,4.0,,https://static.cupid.travel/hotels/ex_c508fef1_z.jpg,liteapi
lp18d106,FabHotel Ajay Inn Viman Nagar,hotel,18.571655,73.904798,3.0,,,False,4.0,,https://static.cupid.travel/hotels/ex_cbc9e3c5_z.jpg,liteapi
lp656dba28,Zostel Pune,hotel,18.573436,73.913637,2.0,,,False,4.0,,https://static.cupid.travel/hotels/ex_11fa44b6_z.jpg,liteapi
lp658615ad,Cozy Deluxe Stays at Balewadi Pune,hotel,18.575255,73.768192,2.0,,,False,4.0,,https://static.cupid.travel/hotels/ex_efae2275_z.jpg,liteapi
lp65711e15,Hotel Habitat Inn - Pune,hotel,18.578826,73.895537,,,,False,4.0,,https://static.cupid.travel/hotels/ex_46de160d_z.jpg,liteapi
lp6585cf3b,AR Residency,hotel,18.604655,73.750512,2.0,,,False,4.0,,https://static.cupid.travel/hotels/ex_860b466b_z.jpg,liteapi
lp65745018,Hotel O Lotus And Guest House,hotel,18.56958,73.77961,3.0,,,False,3.0,2.0,https://static.cupid.travel/hotels/619272195.jpg,liteapi
lp84ee6,OYO 1061 Hotel Bhairavee,hotel,18.552232,73.803147,3.0,,,False,2.7,3.0,https://static.cupid.travel/hotels/ex_a695fea6_z.jpg,liteapi
lp65597cc3,Hotel O Span Executive,hotel,18.527222,73.848333,3.0,,,False,3.1,24.0,https://static.cupid.travel/hotels/584564214.jpg,liteapi
lp656f6dc6,A Homely 1 BHK in Main Kharadi - Anandkunj,hotel,18.552676,73.964642,,,,False,3.0,1.0,https://static.cupid.travel/hotels/559564338.jpg,liteapi
lp8d83c,HMR Royal Inn,hotel,18.441257,73.860129,3.0,,,False,2.4,4.0,https://static.cupid.travel/hotels/ex_ad5d0890_z.jpg,liteapi
lp1a8bd4,OYO 22963 White Castle Heritage,hotel,18.560963,73.923084,2.0,,,False,2.6,2.0,https://static.cupid.travel/hotels/ex_3828be74_z.jpg,liteapi
lp655a7dc1,Hotel Anvisha Executive,hotel,18.420915,73.858475,2.0,,,False,4.0,,https://static.cupid.travel/hotels/ex_42308c6f_z.jpg,liteapi
lp190115,Choice Classic Hotel,hotel,18.51682,73.8659,,,,False,2.0,2.0,https://static.cupid.travel/hotels/178951627.jpg,liteapi
lp1f6707,Iris Hotel,hotel,18.5325,73.897,3.0,,,False,2.0,2.0,https://static.cupid.travel/hotels/ex_8b99fb09_z.jpg,liteapi
lpac351,West View by Magnus,hotel,18.543837,73.902235,3.0,,,False,2.0,2.0,https://static.cupid.travel/hotels/ex_w867h574x4y3-ddc780df_z.jpg,liteapi
lp8d234,OYO 1881 Cozy Nest,hotel,18.56279,73.775722,3.0,,,False,2.0,2.0,https://static.cupid.travel/hotels/ex_339105aa_z.jpg,liteapi
lp656c282b,Fabhotel Paradise Inn,hotel,18.504038,73.763897,3.0,,,False,2.0,1.0,https://static.cupid.travel/hotels/ex_58e1a118_z.jpg,liteapi
lp19d1a5,OYO 16832 I Suites,hotel,18.451505,73.911126,3.0,,,False,2.0,1.0,https://static.cupid.travel/hotels/ex_4b24da80_z.jpg,liteapi
lp6573bbae,"Hotel India Gate Narhe, Pune",hotel,18.46106,73.82257,4.0,,,False,2.0,1.0,https://static.cupid.travel/hotels/538768278.jpg,liteapi
lp6556e7dd,Choice Guest House Pune,hotel,18.480304,73.802903,3.0,,,False,2.0,1.0,https://static.cupid.travel/hotels/ex_bfa00738_z.jpg,liteapi
lpd9a7d,Mint Koregaon Park,hotel,18.520076,73.856376,3.0,,,False,2.0,1.0,https://static.cupid.travel/hotels/ex_27503a9c_z.jpg,liteapi
lp656c35ca,Fabhotel Prime Orchard Hospitality,hotel,18.520244,73.843998,3.0,,,False,2.0,1.0,https://static.cupid.travel/hotels/ex_5203e686_z.jpg,liteapi
lpac368,Hotel Deccan Park,hotel,18.52063,73.84099,3.0,,,False,2.0,1.0,https://static.cupid.travel/hotels/ex_6fe8c6ab_z.jpg,liteapi
lpeb879,Lofty Seasons Service Apartments,hotel,18.540438,73.897738,2.0,,,False,2.0,1.0,https://static.cupid.travel/hotels/ex_2e1d82af_z.jpg,liteapi
lpdf991,Advantage 2u Hospitality Management Pvt.Ltd,hotel,18.551317,73.95913,2.0,,,False,2.0,1.0,https://static.cupid.travel/hotels/ex_5123035b_z.jpg,liteapi
lpd3370,OYO 9704 Baner,hotel,18.55704,73.77523,3.0,,,False,2.0,1.0,https://static.cupid.travel/hotels/ex_fa773cd9_z.jpg,liteapi
lp656c34d2,"FabHotel Diamond Residency, Airport Road",hotel,18.557356,73.911424,3.0,,,False,2.0,1.0,https://static.cupid.travel/hotels/ex_b0bb23f7_z.jpg,liteapi
lp1c0ddf,FabHotel Truvic,hotel,18.56803,73.92052,3.0,,,False,2.0,1.0,https://static.cupid.travel/hotels/ex_7dad5e36_z.jpg,liteapi
lp656c35c7,Fabexpress Samruddhi Park Inn,hotel,18.569177,73.931842,3.0,,,False,2.0,1.0,https://static.cupid.travel/hotels/ex_0dac770f_z.jpg,liteapi
lp656c36d4,FabHotel Ambience Executive,hotel,18.600618,73.775272,3.0,,,False,2.0,1.0,https://static.cupid.travel/hotels/ex_5693d87f_z.jpg,liteapi
lpd3376,FabExpress Galaxy Apartments,hotel,18.56296,73.93833,3.0,,,False,,35.0,https://snaphotelapi.com/hotels/hd/405450843.jpg,liteapi
lp6575c073,FabHotel Wagholi Inn,hotel,18.576289,73.962711,,,,False,1.0,5.0,https://static.cupid.travel/hotels/604236824.jpg,liteapi
lp657f619d,Safron Inn,hotel,18.535172,73.874027,2.0,,,False,2.0,,https://static.cupid.travel/hotels/ex_fb288bfc_z.jpg,liteapi
lp2216da,iSuite Hotel Kharadi Pune,hotel,18.541324,73.939749,4.0,,,False,6.0,1.0,https://static.cupid.travel/hotels/ex_58683346_z.jpg,liteapi
lp65585346,Turquoise Kharadi A Business Hotel,hotel,18.553824,73.947669,3.0,,,False,2.0,,https://static.cupid.travel/hotels/ex_5833d5dd_z.jpg,liteapi
lp656c3713,Fabhotel Tan Square,hotel,18.557324,73.94985,3.0,,,False,2.0,,https://static.cupid.travel/hotels/ex_w3030h2016x0y0-f0ddc8e7_z.jpg,liteapi
lp656c31c2,Fabhotel Rs Apartment,hotel,18.562666,73.929411,3.0,,,False,2.0,,https://static.cupid.travel/hotels/ex_5b62ff83_z.jpg,liteapi
lp6579c7b6,Solo Stays Pune,hotel,18.571461,73.879043,,,,False,2.0,,https://static.cupid.travel/hotels/ex_dbcaf968_z.jpg,liteapi
lp655d5ce0,Aquarius Resort,hotel,18.428508,73.755508,,,,False,,64.0,https://static.cupid.travel/hotels/288177461.jpg,liteapi
lp6583c43a,Torrent coliving,hotel,18.46026,73.8572,,,,False,1.0,1.0,https://static.cupid.travel/hotels/573489835.jpg,liteapi
lp6570f3af,Tattva Deluxe 1 BHk,hotel,18.46478,73.91806,,,,False,1.0,1.0,https://static.cupid.travel/hotels/612214341.jpg,liteapi
lp6577f39e,Hotel O Swagat Lodge,hotel,18.48192,73.95935,3.0,,,False,1.0,1.0,https://static.cupid.travel/hotels/608401712.jpg,liteapi
lp6575f0ff,Casa Bella Private Suite With Balcony Garden with WiFi AC Smart TV Kitchenette Work Desk,hotel,18.531215,73.91347,,,,False,1.0,1.0,https://static.cupid.travel/hotels/613784912.jpg,liteapi
lp6573c109,Zenn Pvt Studio with Balcony Smart Tv WiFi AC,hotel,18.531476,73.913309,3.0,,,False,1.0,1.0,https://static.cupid.travel/hotels/613777796.jpg,liteapi
lp65755ed0,Ozone Pvt Studio Apt with Balcony in Koregaon Park Near Osho Ashram,hotel,18.535727,73.885955,,,,False,1.0,3.0,https://static.cupid.travel/hotels/612665511.jpg,liteapi
lp65711efa,Avenue 10 Boutique Hotel,hotel,18.56424,73.767054,3.0,,,False,1.0,1.0,https://static.cupid.travel/hotels/603861497.jpg,liteapi
lp655be166,Fabhotel Wakad Villa,hotel,18.602856,73.771012,3.0,,,False,2.0,1.0,https://static.cupid.travel/hotels/ex_0b020b4b_z.jpg,liteapi
lp656f64b7,C Suites - VJ Town Center,hotel,18.60879,73.7469,3.0,,,False,1.0,1.0,https://static.cupid.travel/hotels/605368440.jpg,liteapi
lp655a7dba,Da Casa Business Hotel,hotel,18.520014,73.862854,2.0,,,False,1.0,2.0,https://static.cupid.travel/hotels/61447060.jpg,liteapi
lp6571cf35,Royal Humming Bird,hotel,18.464928,73.914743,,,,False,,4.0,https://static.cupid.travel/hotels/423321575.jpg,liteapi
lp3d646,Capital O 15501 Hotel Regency,hotel,18.560228,73.91214,3.0,,,False,,,https://static.cupid.travel/hotels/ex_bb2e355f_z.jpg,liteapi
lpacda5,Hotel Ladli Lodging,hotel,18.415033,73.761481,3.0,,,False,,,https://static.cupid.travel/hotels/ex_cfb09ab3_z.jpg,liteapi
lp65790774,Hotel O Ashoka Lodging,hotel,18.416,73.76104,3.0,,,False,,,https://static.cupid.travel/hotels/608389200.jpg,liteapi
lpacd93,Hotel Trimurti Pride,hotel,18.421659,73.859936,2.0,,,False,,,https://static.cupid.travel/hotels/ex_ced641a0_z.jpg,liteapi
lp657bc2ba,Hotel O Samruddhi Lodging,hotel,18.42399,73.86021,3.0,,,False,,,https://static.cupid.travel/hotels/619681369.jpg,liteapi
lp65735052,P P Lodging,hotel,18.42749,73.840967,2.0,,,False,,,https://static.cupid.travel/hotels/515244637.jpg,liteapi
lp6576bd81,Hotel O Gaurav Lodge,hotel,18.432157,73.858553,2.0,,,False,,,https://static.cupid.travel/hotels/534557450.jpg,liteapi
lp6574611b,Eden By Stayscape Villas 3BHK,hotel,18.43321,73.74336,,,,False,,,https://static.cupid.travel/hotels/510632614.jpg,liteapi
lp6577f0e2,Duplex Jhopdi in Pune,hotel,18.43875,73.88753,,,,False,,,https://static.cupid.travel/hotels/514432521.jpg,liteapi
lp6581bd0f,Matra chhaya,hotel,18.43878,73.91296,,,,False,,,https://static.cupid.travel/hotels/514649260.jpg,liteapi
lp65808b22,Amber House,hotel,18.44238,73.89268,,,,False,,,https://static.cupid.travel/hotels/580285831.jpg,liteapi
lp657c59f6,Hotel Forest View,hotel,18.44378,73.77201,,,,False,,,https://static.cupid.travel/hotels/587484649.jpg,liteapi
lp65878b02,Chaitanya Executive,hotel,18.445052,73.821155,2.0,,,False,,,https://static.cupid.travel/hotels/ex_fd999459_z.jpg,liteapi
lp656c2ed2,Fabhotel Shoreline Heritage,hotel,18.445374,73.826585,3.0,,,False,,,https://static.cupid.travel/hotels/ex_7e1a2ac2_z.jpg,liteapi
lp657a9eba,Entire Villa with Garden,hotel,18.44598,73.90024,,,,False,,,https://static.cupid.travel/hotels/620615894.jpg,liteapi
lp6588e46a,Hotel Shreeyash Executive,hotel,18.447933197021484,73.86854553222656,3.0,,,False,,,https://static.cupid.travel/hotels/ex_w3000h1994x0y6-1be718e8_z.jpg,liteapi
lp65704186,A Z House,hotel,18.44843,73.92273,,,,False,,,https://static.cupid.travel/hotels/497582941.jpg,liteapi
lp186948,OYO 14747 Hotel Prathik,hotel,18.451473,73.947299,3.0,,,False,,,https://static.cupid.travel/hotels/ex_fc13bfe1_z.jpg,liteapi
lp225f49,SPOT ON 38603 Niwant Lodge,hotel,18.451754,73.965944,3.0,,,False,,,https://static.cupid.travel/hotels/ex_59d4ed67_z.jpg,liteapi
lp6578ed8d,Hotel O Eon Studio Apartments,hotel,18.4523,73.85007,3.0,,,False,,,https://static.cupid.travel/hotels/607896881.jpg,liteapi
lp19047f,OYO Flagship 18270 Eon Studio Apartments,hotel,18.452329,73.850325,3.0,,,False,,,https://static.cupid.travel/hotels/ex_61545d87_z.jpg,liteapi
lp6588e28f,Fabhotel Silver Star,hotel,18.45236587524414,73.84521484375,3.0,,,False,,,https://static.cupid.travel/hotels/ex_54d649de_z.jpg,liteapi
lp656c23bd,Hotel Satkar Inn,hotel,18.45331,73.8888,3.0,,,False,,,https://static.cupid.travel/hotels/ex_3a0e6d4b_z.jpg,liteapi
lp6588ed6d,Fabhotel Nitya Executive,hotel,18.455604553222656,73.93302917480469,3.0,,,False,,,https://static.cupid.travel/hotels/ex_95ec2221_z.jpg,liteapi
lp6588df97,Fabhotel Galaxy Inn I,hotel,18.456029891967773,73.83316040039062,3.0,,,False,,,https://static.cupid.travel/hotels/ex_e3d7626c_z.jpg,liteapi
lp226215,SPOT ON 37095 Sai Sidhi Lodge,hotel,18.456694,73.934833,3.0,,,False,,,https://static.cupid.travel/hotels/ex_a993eb40_z.jpg,liteapi
lpad414,Hotel Laxmi Lodging,hotel,18.456785,73.824558,2.0,,,False,,,https://static.cupid.travel/hotels/ex_75a2d148_z.jpg,liteapi
lp65762d35,Hotel O Shanaya Inn,hotel,18.45687,73.936707,3.0,,,False,,,https://static.cupid.travel/hotels/500287714.jpg,liteapi
lp657a42f4,Super Collection O White Castle,hotel,18.457,73.83583,4.0,,,False,,,https://static.cupid.travel/hotels/589748234.jpg,liteapi
lp65851f97,test,hotel,18.4571,73.80166,,,,False,,,https://static.cupid.travel/hotels/492002379.jpg,liteapi
lp65730108,"Hotel Pune Gate Narhe, Pune",hotel,18.45787,73.82434,3.0,,,False,,,https://static.cupid.travel/hotels/581684945.jpg,liteapi
lp65791d37,Hotel The White Castle,hotel,18.45813,73.83538,3.0,,,False,,,https://static.cupid.travel/hotels/602174297.jpg,liteapi
lp1bfe43,OYO 23626 Country Club Pune,hotel,18.459837,73.918289,3.0,,,False,,,https://static.cupid.travel/hotels/ex_12a0cb29_z.jpg,liteapi
lp658409b8,Vishwakarma nivas,hotel,18.46042,73.88104,,,,False,,,https://static.cupid.travel/hotels/558127484.jpg,liteapi
lpd3433,OYO 10269 Apartment Nine Blossoms,hotel,18.460944,73.915701,3.0,,,False,,,https://static.cupid.travel/hotels/ex_bc543975_z.jpg,liteapi
lp6574c192,"The Grand Imperial, Pune",hotel,18.46158,73.81691,4.0,,,False,,,https://static.cupid.travel/hotels/609705519.jpg,liteapi
lp19d3f9,OYO 19777 Nikhil Garden,hotel,18.462277,73.821474,3.0,,,False,,,https://static.cupid.travel/hotels/ex_1ebe3eca_z.jpg,liteapi
lp658185a3,Majestic Inn,hotel,18.46237,73.81431,,,,False,,,https://static.cupid.travel/hotels/615190233.jpg,liteapi
lp657282c4,Tattva Superior 1 BHK,hotel,18.462815,73.915244,4.0,,,False,,,https://static.cupid.travel/hotels/522975339.jpg,liteapi
lp657b94c6,Hotel O Crystal Executive Lodging,hotel,18.462917,73.951698,3.0,,,False,,,https://static.cupid.travel/hotels/583941461.jpg,liteapi
lpde977,Hotel Silver Palm,hotel,18.462942,73.951645,3.0,,,False,,,https://static.cupid.travel/hotels/ex_c83b4189_z.jpg,liteapi
lp656c38ff,Fabhotel Dwarka Lodging & Boarding,hotel,18.46349,73.818131,3.0,,,False,,,https://static.cupid.travel/hotels/ex_1b6b1182_z.jpg,liteapi
lp6589204d,Fabhotel Sri Sai,hotel,18.463762283325195,73.85911560058594,3.0,,,False,,,https://static.cupid.travel/hotels/ex_adcfeb13_z.jpg,liteapi
lp656f9aac,"L P Regency, Pune",hotel,18.46496,73.9118,3.0,,,False,,,https://static.cupid.travel/hotels/537654108.jpg,liteapi
lp23b136,OYO 19363 United Star Hotel,hotel,18.465906,73.908196,3.0,,,False,,,https://static.cupid.travel/hotels/ex_86c3ed95_z.jpg,liteapi
lp657722cd,Paradise Homestay - Lodging and Boarding,hotel,18.467374,73.828255,3.0,,,False,,,https://static.cupid.travel/hotels/562347272.jpg,liteapi
lpd3373,OYO 9989 Hotel Classic Executive,hotel,18.467881,73.961432,2.0,,,False,,,https://static.cupid.travel/hotels/ex_5676fd2e_z.jpg,liteapi
lp6587e8aa,Fabhotel Saraswati Niwas,hotel,18.468592,73.829054,3.0,,,False,,,https://static.cupid.travel/hotels/ex_c652a6cb_z.jpg,liteapi
lp65789933,Feel like home,hotel,18.46918,73.93316,,,,False,,,https://static.cupid.travel/hotels/575850487.jpg,liteapi
lp65829acd,Peaceful stay,hotel,18.46918,73.93316,,,,False,,,https://static.cupid.travel/hotels/575852647.jpg,liteapi
lp65775764,Furnished 2 Room Homestay with Private Backyard,hotel,18.47018,73.85288,,,,False,,,https://static.cupid.travel/hotels/605200283.jpg,liteapi
lp190613,OYO 18912 Popular Hotel,hotel,18.47287,73.82128,3.0,,,False,,,https://static.cupid.travel/hotels/ex_59d97781_z.jpg,liteapi
lp6570f6ae,A room in NIBM Pune,hotel,18.4733,73.90362,,,,False,,,https://static.cupid.travel/hotels/584701564.jpg,liteapi
lp6588caad,Fabhotel Aachal Executive,hotel,18.47678565979004,73.95681762695312,3.0,,,False,,,https://static.cupid.travel/hotels/ex_5cc9b019_z.jpg,liteapi
lp657569c0,FabHotel Mountain High Inn - Nr Lifeline Hospital,hotel,18.47742,73.91404,3.0,,,False,,,https://static.cupid.travel/hotels/482429882.jpg,liteapi
lp6573605f,Sadda-Adda!,hotel,18.47912,73.89545,,,,False,,,https://static.cupid.travel/hotels/538974394.jpg,liteapi
lp657d20cd,Suyog Inn,hotel,18.48238,73.95413,4.0,,,False,,,https://static.cupid.travel/hotels/615919874.jpg,liteapi
lp65807c0f,Jivanshree Boys Hostel,hostel,18.48281,73.80248,,,,False,,,https://static.cupid.travel/hotels/533712149.jpg,liteapi
lp65882c67,Hotel Sai Residency,hotel,18.484642,73.817241,2.0,,,False,,,https://static.cupid.travel/hotels/ex_02789a93_z.jpg,liteapi
lp65738e8f,"Stylish 2BHK Airbnb Retreat, Perfect for Families.",hotel,18.48487,73.85013,,,,False,,,https://static.cupid.travel/hotels/500186631.jpg,liteapi
lp65850564,BeeRoseKarveNagar,hotel,18.48593,73.81313,,,,False,,,https://static.cupid.travel/hotels/587187609.jpg,liteapi
lp658912f5,Fabhotel Kanak Executive,hotel,18.486194610595703,73.95305633544922,3.0,,,False,,,https://static.cupid.travel/hotels/ex_289de45e_z.jpg,liteapi
lp657b2ce1,JAI MALHAR LODGE,hotel,18.4864,73.95297,,,,False,,,https://static.cupid.travel/hotels/497408175.jpg,liteapi
lp65891cb0,Fabhotel Sai Executive,hotel,18.486955642700195,73.79678344726562,3.0,,,False,,,https://static.cupid.travel/hotels/ex_46b78696_z.jpg,liteapi
lpacda9,Hotel Lokesh,hotel,18.48763,73.8571,3.0,,,False,,,https://static.cupid.travel/hotels/ex_fadd6c21_z.jpg,liteapi
lp657518ee,Hotel O Shree Hari,hotel,18.4883,73.82103,3.0,,,False,,,https://static.cupid.travel/hotels/599146283.jpg,liteapi
lp656c38eb,Fabhotel Prime Ge International,hotel,18.488526,73.872067,3.0,,,False,,,https://static.cupid.travel/hotels/ex_dc31dd2d_z.jpg,liteapi
lp1b234b,OYO Townhouse 073 Swargate,hotel,18.490189,73.857765,4.0,,,False,,,https://static.cupid.travel/hotels/ex_7c4794bc_z.jpg,liteapi
lp6578a362,Secluded Serenity in Central Pune:Your Second home,hotel,18.49066,73.84877,,,,False,,,https://static.cupid.travel/hotels/494816132.jpg,liteapi
lp50088,Hotel Mint Salisbury Park,hotel,18.492649,73.869638,3.0,,,False,,,https://static.cupid.travel/hotels/ex_09835b8a_z.jpg,liteapi
lp65798faa,Cozy Private Room with Ensuite,hotel,18.49405,73.95186,,,,False,,,https://static.cupid.travel/hotels/595334864.jpg,liteapi
lp65879498,Hotel Orchard Park,hotel,18.494611,73.836478,2.0,,,False,,,https://static.cupid.travel/hotels/ex_a4ae0c77_z.jpg,liteapi
lp657ba785,Hotel O Pingara Executive,hotel,18.49603,73.96987,3.0,,,False,,,https://static.cupid.travel/hotels/532745567.jpg,liteapi
lp6587cfff,FabHotel Samudra Executive - Nr Solapur Highway,hotel,18.496325,73.970227,3.0,,,False,,,https://static.cupid.travel/hotels/ex_f62376f9_z.jpg,liteapi
lp65880809,classy stay  hotel sagar inn,hotel,18.496569,73.95876,3.0,,,False,,,https://static.cupid.travel/hotels/ex_24739b00_z.jpg,liteapi
lp19d1cb,Townhouse Hadapsar,hotel,18.4978,73.95872,4.0,,,False,,,https://static.cupid.travel/hotels/447112000.jpg,liteapi
lp19040c,Capital O 22428 Hotel Dreams,hotel,18.49965,73.9489,3.0,,,False,,,https://static.cupid.travel/hotels/ex_aedcaca0_z.jpg,liteapi
lp656e3a42,2BHK AC Service Apartment 102 Bhugaon,hotel,18.500003,73.762116,,,,False,,,https://static.cupid.travel/hotels/518967133.jpg,liteapi
lp65891b1f,Fabhotel The Business,hotel,18.50090980529785,73.93831634521484,3.0,,,False,,,https://static.cupid.travel/hotels/ex_860307cc_z.jpg,liteapi
lp6588b168,Fabhotel Wisdom,hotel,18.50093650817871,73.93831634521484,3.0,,,False,,,https://static.cupid.travel/hotels/ex_5be40fe2_z.jpg,liteapi
lp6588c649,Fabhotel Zenora,hotel,18.50093650817871,73.93831634521484,3.0,,,False,,,https://static.cupid.travel/hotels/ex_0ff17068_z.jpg,liteapi
lp6588c8b5,Fabhotel Ayodhya,hotel,18.50093650817871,73.93831634521484,3.0,,,False,,,https://static.cupid.travel/hotels/ex_2a00cdd0_z.jpg,liteapi
lp6587d1ac,Hotel Joy Executive,hotel,18.501074,73.858294,2.0,,,False,,,https://static.cupid.travel/hotels/ex_123cc603_z.jpg,liteapi
lp6571f44d,"StayVista's Horizon Hues - Villa with Terrace Jacuzzi, Games & Theatre Room",hotel,18.50129,73.75688,,,,False,,,https://static.cupid.travel/hotels/517575877.jpg,liteapi
lpd34ae,OYO 11512 Hotel Kedari Residency,hotel,18.501353,73.899378,3.0,,,False,,,https://static.cupid.travel/hotels/ex_82993953_z.jpg,liteapi
lpd34e4,OYO 11091 Hotel Silver Court,hotel,18.502245,73.746531,3.0,,,False,,,https://static.cupid.travel/hotels/ex_e33cb5ed_z.jpg,liteapi
lp657518f5,"Hotel Ashoka, Pune",hotel,18.50358,73.85058,3.0,,,False,,,https://static.cupid.travel/hotels/599193831.jpg,liteapi
lp656c37e7,Fabhotel Gargi Galuxe,hotel,18.503677,73.850573,3.0,,,False,,,https://static.cupid.travel/hotels/ex_32e7d819_z.jpg,liteapi
lp6588b474,Hotel comfort inn Pune,hotel,18.504335403442383,73.93281555175781,2.0,,,False,,,https://static.cupid.travel/hotels/ex_6fd20433_z.jpg,liteapi
lp65871fde,Vighnaharta Villa,hotel,18.504495,73.815518,2.0,,,False,,,https://static.cupid.travel/hotels/ex_51ba15b2_z.jpg,liteapi
lp65754b93,Hotel O The Royal Samrat,hotel,18.50594,73.92754,4.0,,,False,,,https://static.cupid.travel/hotels/589140134.jpg,liteapi
lp6588e6c7,De Lush Pune,hotel,18.506643295288086,73.76184844970703,3.0,,,False,,,https://static.cupid.travel/hotels/ex_06a78e3a_z.jpg,liteapi
lp1903ab,OYO 16007 SK Executive,hotel,18.509496,73.77094,3.0,,,False,,,https://static.cupid.travel/hotels/ex_260d0964_z.jpg,liteapi
lp1bfe68,OYO 24981 Hotel Ashwamedh Residency,hotel,18.509607,73.83429,3.0,,,False,,,https://static.cupid.travel/hotels/ex_2b1964ef_z.jpg,liteapi
lp65878525,Fabhotel Keshava executive - Nr Mahadji Shinde chhatri,hotel,18.510224,73.937992,3.0,,,False,,,https://static.cupid.travel/hotels/ex_064554e3_z.jpg,liteapi
lp657d78ca,Vijaya PG,hotel,18.51053,73.93775,,,,False,,,https://static.cupid.travel/hotels/591865414.jpg,liteapi
lp6588e4f9,Hotel lotus exicutive,hotel,18.51181411743164,73.93587493896484,3.0,,,False,,,https://static.cupid.travel/hotels/ex_d935bcef_edited_0565_z.jpg,liteapi
lp657a9531,"Heart of Downtown Luxurious2BHKPrabhat Rd,Deccan",hotel,18.51195,73.836868,,,,False,,,https://static.cupid.travel/hotels/621652022.jpg,liteapi
lp6588fd79,Lotus Excutive Maharashtra,hotel,18.51198959350586,73.93740844726562,2.0,,,False,,,https://static.cupid.travel/hotels/ex_w1329h1740x0y588-54cb5439_z.jpg,liteapi
lpd3388,OYO 9088 Hotel Bhagyashree Executive,hotel,18.51214,73.937269,3.0,,,False,,,https://static.cupid.travel/hotels/ex_1984be3c_z.jpg,liteapi
lp19d372,OYO Flagship 15420 Shivajii Nagar,hotel,18.514257,73.833358,3.0,,,False,,,https://static.cupid.travel/hotels/ex_aa6348fe_z.jpg,liteapi
lp6574f329,WHITEVILLA 5 ROOMS,hotel,18.51473,73.93199,,,,False,,,https://static.cupid.travel/hotels/515437927.jpg,liteapi
lp6558a63e,Townhouse MG Road Pune,hotel,18.51597,73.878,3.0,,,False,6.7,251.0,https://static.cupid.travel/hotels/603517275.jpg,liteapi
lpd3399,OYO 2917 Deccan,hotel,18.51606,73.84306,3.0,,,False,,,https://static.cupid.travel/hotels/ex_fa4824d8_z.jpg,liteapi
lp6575352f,Just Homes - For Magarpatta city Corporates only,hotel,18.51726,73.92841,,,,False,,,https://static.cupid.travel/hotels/495049322.jpg,liteapi
lp6573088f,JUST HOME - Corporate Stays,hotel,18.51761,73.93349,,,,False,,,https://static.cupid.travel/hotels/488109370.jpg,liteapi
lp6571debf,Opulent 2BHK with AC,hotel,18.5184,73.76759,,,,False,,,https://static.cupid.travel/hotels/558517646.jpg,liteapi
lp656ef728,Royal Nest 4 BHK,hotel,18.51919,73.93481,,,,False,,,https://static.cupid.travel/hotels/515233743.jpg,liteapi
lp656df3e8,Echo Homes T55,hotel,18.519209,73.934868,,,,False,,,https://static.cupid.travel/hotels/619749078.jpg,liteapi
lp19d1da,OYO 18803 Smart Inn,hotel,18.51927,73.84227,3.0,,,False,,,https://static.cupid.travel/hotels/ex_1b67c93d_z.jpg,liteapi
lp657ad667,Hotel O Ekab Hospitality,hotel,18.51928,73.93282,3.0,,,False,,,https://static.cupid.travel/hotels/608699675.jpg,liteapi
lp6588b798,Fabhotel Ekab Hospitality,hotel,18.51930809020996,73.93276977539062,3.0,,,False,,,https://static.cupid.travel/hotels/ex_ee002cbd_z.jpg,liteapi
lpd338a,OYO 9831 Hotel Pathik,hotel,18.519921,73.84524,3.0,,,False,,,https://static.cupid.travel/hotels/ex_65cd7d7a_z.jpg,liteapi
lp656e1765,Sam's Apt- Elegant 3BHK on FC Rd,hotel,18.519986,73.838784,,,,False,,1.0,https://static.cupid.travel/hotels/611861039.jpg,liteapi
lpcf941,Hotel The Moneta,hotel,18.52101,73.843889,3.0,,,False,,,https://static.cupid.travel/hotels/ex_a1615e3a_z.jpg,liteapi
lp656c36c4,Fabhotel Chandan Residency,hotel,18.521107,73.846655,3.0,,,False,,,https://static.cupid.travel/hotels/ex_d8359e05_z.jpg,liteapi
lp82f3e,OYO Flagship 15614 Hotel Olive KEM Hospital,hotel,18.52136,73.86917,3.0,,,False,,,https://static.cupid.travel/hotels/ex_0ee3bf0a_z.jpg,liteapi
lpace50,Hotel Ashok Deluxe,hotel,18.522105,73.847522,3.0,,,False,,,https://static.cupid.travel/hotels/ex_366816f7_z.jpg,liteapi
lp82ff9,Hotel Jagannath,hotel,18.522233,73.870165,3.0,,,False,,,https://static.cupid.travel/hotels/ex_a73641fa_z.jpg,liteapi
lp65879dca,HOTEL PADMAKRISHNA,hotel,18.522696,73.863994,2.0,,,False,,,https://static.cupid.travel/hotels/ex_f3ac5d95_z.jpg,liteapi
lp656c349c,Fabhotel Rajdhani I,hotel,18.522772,73.867516,3.0,,,False,,,https://static.cupid.travel/hotels/ex_w3029h2019x1y0-8ca12b4f_z.jpg,liteapi
lpb6a26,Collection O Pearl Near Shaniwar Wada,hotel,18.522924,73.848286,4.0,,,False,,,https://static.cupid.travel/hotels/474991833.jpg,liteapi
lp6588f139,Hotel City Center Executive Magarpatta,hotel,18.524412155151367,73.93282318115234,3.0,,,False,,,https://static.cupid.travel/hotels/ex_1a0f6d3d_z.jpg,liteapi
lp244d0e,OYO 28109 Regent Hotel,hotel,18.525727,73.852614,3.0,,,False,,,https://static.cupid.travel/hotels/ex_7159d016_z.jpg,liteapi
lp1903ff,OYO 3452 Hotel Coconut Grove,hotel,18.525752,73.866908,3.0,,,False,,,https://static.cupid.travel/hotels/ex_9cdb4dbf_z.jpg,liteapi
lp6587f5e7,Wellesley Hotel,hotel,18.526182,73.876648,2.0,,,False,,,https://static.cupid.travel/hotels/ex_b5f617a8_z.jpg,liteapi
lp656e3a33,2BHK AC Service Apartment 101 Manjari,hotel,18.52643,73.959852,4.0,,,False,,,https://static.cupid.travel/hotels/531251846.jpg,liteapi
lp656e3a66,2BHK AC Service Apartment 103 - Manjari,hotel,18.52643,73.959852,4.0,,,False,,,https://static.cupid.travel/hotels/546564921.jpg,liteapi
lp656e3a7b,2BHK AC Service Apartment 403 - Manjari,hotel,18.526636,73.959867,,,,False,,,https://static.cupid.travel/hotels/506784853.jpg,liteapi
lp6580d6dd,FabHotel Gargi Suites Shivajinagar,hotel,18.52686,73.84877,3.0,,,False,,,https://static.cupid.travel/hotels/493467741.jpg,liteapi
lp83001,OYO 1194 Hotel Gulmohr,hotel,18.527244,73.876662,3.0,,,False,,,https://static.cupid.travel/hotels/ex_1b42bed7_z.jpg,liteapi
lp226257,OYO Flagship 23990 Manjari,hotel,18.527338,73.964401,3.0,,,False,,,https://static.cupid.travel/hotels/ex_d8851b45_z.jpg,liteapi
lp1ef425,Yash Regency,hotel,18.52853,73.829943,3.0,,,False,,,https://static.cupid.travel/hotels/ex_f0b0b94f_z.jpg,liteapi
lp656c2f76,Fabhotel Red Velvet Inn & Suites,hotel,18.529298,73.919239,3.0,,,False,,,https://static.cupid.travel/hotels/ex_4ddf24fe_z.jpg,liteapi
lp1867a7,OYO 17108 Krishna Presidency,hotel,18.52951,73.85218,3.0,,,False,,,https://static.cupid.travel/hotels/ex_82ec97fe_z.jpg,liteapi
lp6588b453,House of KP,hotel,18.530000686645508,73.88279724121094,2.0,,,False,,,https://static.cupid.travel/hotels/ex_ac737310_z.jpg,liteapi
lp6588dd4f,Fabhotel Panchsheel Crown,hotel,18.530065536499023,73.93438720703125,3.0,,,False,,,https://static.cupid.travel/hotels/ex_acb5bd9c_z.jpg,liteapi
lp656c34b5,Fabhotel Prime Centurion,hotel,18.530951,73.849634,3.0,,,False,,,https://static.cupid.travel/hotels/ex_11a6a509_z.jpg,liteapi
lp65874d7e,Fabhotel Rachana Residency,hotel,18.531195,73.850741,3.0,,,False,,,https://static.cupid.travel/hotels/ex_a26181ae_z.jpg,liteapi
lp656e6de5,"The Studio: AC, WiFi, Smart Tv",hotel,18.531294,73.913318,3.0,,,False,,1.0,https://static.cupid.travel/hotels/505743394.jpg,liteapi
lp657e99da,Apple tree hospitality mundhwa,hotel,18.53133,73.91361,,,,False,,,https://static.cupid.travel/hotels/543769207.jpg,liteapi
lp65803b6c,Ganga Vihar,hotel,18.531808,73.916089,,,,False,,,https://static.cupid.travel/hotels/592677563.jpg,liteapi
lp657fe923,Fully Furnished Studio Apartment,hotel,18.53216,73.91539,,,,False,,,https://static.cupid.travel/hotels/526354285.jpg,liteapi
lp6588c2fd,Fabhotel Rest Inn,hotel,18.532970428466797,73.89897155761719,3.0,,,False,,,https://static.cupid.travel/hotels/ex_87ad0998_z.jpg,liteapi
lp65890c31,Fabhotel Ans Kp Annex,hotel,18.533302307128906,73.92505645751953,3.0,,,False,,,https://static.cupid.travel/hotels/ex_a968e666_z.jpg,liteapi
lp6588b835,"The Fern Habitat Pune, Mundhwa, Series By Marriott",hotel,18.533815383911133,73.92585754394531,2.0,,,False,,,https://static.cupid.travel/hotels/ex_27787eeb_z.jpg,liteapi
lp6578fcb7,One Bedroom Service Apartment at koregaon park pune,hotel,18.53392,73.89828,,,,False,,,https://static.cupid.travel/hotels/514600735.jpg,liteapi
lp1f7c62,Sai Corporate Suites Koregaon Park-1,hotel,18.5358,73.8939,3.0,,,False,,,https://static.cupid.travel/hotels/ex_3459bce5_z.jpg,liteapi
lp65789aaa,Classic Premium luxurious 3bhk fully furnished apartment in koregaon park,hotel,18.536368,73.897792,3.0,,,False,,4.0,https://static.cupid.travel/hotels/573877225.jpg,liteapi
lp6577c79d,3bhk Fully Furnished terrace apartment in koregaon park,hotel,18.53645,73.89747,3.0,,,False,,,https://static.cupid.travel/hotels/607632541.jpg,liteapi
lpd333f,OYO 9224 La Royle Appartments,hotel,18.53667,73.8796,3.0,,,False,,,https://static.cupid.travel/hotels/ex_bd7be32f_z.jpg,liteapi
lp65787a7b,Private Room with Shared kitchen like home,hotel,18.53667,73.89744,,,,False,,,https://static.cupid.travel/hotels/509032453.jpg,liteapi
lp655735c4,Hotel Sahara Pune,hotel,18.537007,73.830407,4.0,,,False,,,https://static.cupid.travel/hotels/ex_w5796h3860x102y71-fad8edcc_z.jpg,liteapi
lp65879c24,Fabhotel The Walnut,hotel,18.537024,73.899874,3.0,,,False,,,https://static.cupid.travel/hotels/ex_3b85bcd8_z.jpg,liteapi
lp4f568,OYO Townhouse 022 Koregaon Park Pune,hotel,18.53715,73.88103,3.0,,,False,,,https://static.cupid.travel/hotels/ex_26a22559_z.jpg,liteapi
lpf471a,OYO 22997 Beverly Hills Hotel,hotel,18.53715,73.88103,3.0,,,False,,,https://static.cupid.travel/hotels/ex_93014773_z.jpg,liteapi
lp656fc43d,2 bhk prime location in KP,hotel,18.53794,73.90004,,,,False,,,https://static.cupid.travel/hotels/621238699.jpg,liteapi
lp6579da56,Cozy And secured Stay with Fully Furnished apartments,hotel,18.53856,73.89733,,,,False,,,https://static.cupid.travel/hotels/592321512.jpg,liteapi
lp658807e3,One Tree Stays Kharadi,hotel,18.538645,73.898009,2.0,,,False,,,https://static.cupid.travel/hotels/ex_f27df4a1_z.jpg,liteapi
lpfab86,OYO 23194 Hotel Bel Air,hotel,18.53881,73.89894,3.0,,,False,,,https://static.cupid.travel/hotels/ex_432230c0_z.jpg,liteapi
lp65831ba5,Heramb Society,hotel,18.539494,73.791619,,,,False,,,https://static.cupid.travel/hotels/595183481.jpg,liteapi
lpd3328,OYO 691 Hotel Srimaan,hotel,18.53959,73.8832,3.0,,,False,,,https://static.cupid.travel/hotels/ex_b91d8760_z.jpg,liteapi
lp6570fe03,Independent 1 Bhk- koregaon park near Osho.,hotel,18.53981,73.8911,,,,False,,,https://static.cupid.travel/hotels/511248828.jpg,liteapi
lp1c0021,OYO 23239 10 Blossoms Service Apartments,hotel,18.539814,73.898514,3.0,,,False,,,https://static.cupid.travel/hotels/ex_d1411fb9_z.jpg,liteapi
lp6578c82c,Modern Flat with city stunning views,hotel,18.54,73.94868,,,,False,,,https://static.cupid.travel/hotels/613678553.jpg,liteapi
lp6587cff8,FabHotel 24K Inn - Nr. Manipal Hospital,hotel,18.540081,73.93537,3.0,,,False,,,https://static.cupid.travel/hotels/ex_8f65daa1_z.jpg,liteapi
lp657281c7,Lovely 1 Bedroom Hall Apt at Koregaon Park,hotel,18.540125,73.898812,,,,False,,,https://static.cupid.travel/hotels/610544096.jpg,liteapi
lp657a93d4,Luxurious 2Bhk Fully Furnished apartment,hotel,18.54013,73.89881,3.0,,,False,,,https://static.cupid.travel/hotels/544181752.jpg,liteapi
lp657b7837,Urban Nomads Pune Riverside CoLive CoWork,hotel,18.5404,73.89895,,,,False,,,https://static.cupid.travel/hotels/289829558.jpg,liteapi
lp6576e68f,Riverside Cozy 1bhk Apartment In koregaon Park,hotel,18.5416,73.88575,3.0,,,False,,,https://static.cupid.travel/hotels/562481211.jpg,liteapi
lp65728388,Royal Palm's New Private 1BHK Apartment II,hotel,18.54203,73.88731,,,,False,,,https://static.cupid.travel/hotels/500314911.jpg,liteapi
lp65876d99,Hotel Elite Stay -Kalyani Nagar Pune,hotel,18.544126,73.902172,2.0,,,False,,,https://static.cupid.travel/hotels/ex_6aa4da7d_z.jpg,liteapi
lp65814840,Moraz Suites,hotel,18.54529,73.94299,,,,False,,,https://static.cupid.travel/hotels/605997437.jpg,liteapi
lp33c97b,FabHotel Vosiv,hotel,18.54571,73.901291,3.0,,,False,,,https://static.cupid.travel/hotels/ex_3b393fa6_z.jpg,liteapi
lp1c6483,OYO 27821 Hotel Royal Inn Pune,hotel,18.545778,73.936667,3.0,,,False,,,https://static.cupid.travel/hotels/ex_c4d74867_z.jpg,liteapi
lp1c6029,Hotel Sargam,hotel,18.545889,73.888818,3.0,,,False,,,https://static.cupid.travel/hotels/ex_6bc37da3_z.jpg,liteapi
lp7d899,Valencia Hospitality Service Apartments,hotel,18.546163,73.90431,3.0,,,False,,,https://static.cupid.travel/hotels/ex_1b675899_z.jpg,liteapi
lp190437,OYO 13168 Primrose Regency,hotel,18.546391,73.948615,3.0,,,False,,,https://static.cupid.travel/hotels/ex_w5184h3358x0y98-3827afe0_z.jpg,liteapi
lp6573ec63,Couple friendly - Work Travel Stay,hotel,18.54646,73.77923,,,,False,,,https://static.cupid.travel/hotels/602264311.jpg,liteapi
lp65720565,"Affordable 1 BHK flat with High Speed Wi Fi,Kharadi",hotel,18.54653,73.94075,,,,False,,,https://static.cupid.travel/hotels/621714504.jpg,liteapi
lp65795b0b,Townhouse Oak Baner Road Pune formerly Hotel Rajwada,hotel,18.54728,73.81641,,,,False,,,https://static.cupid.travel/hotels/622107674.jpg,liteapi
lp657d526f,Emerald Vista Luxury Suites,hotel,18.54807,73.7728,,,,False,,,https://static.cupid.travel/hotels/209022047.jpg,liteapi
lpe63c9,OYO 13467 Hotel FC 16 Suites,hotel,18.548225,73.90155,3.0,,,False,,,https://static.cupid.travel/hotels/ex_96788065_z.jpg,liteapi
lp6582fbbc,Cohousy Hotels,hotel,18.5485,73.95386,2.0,,,False,,,https://static.cupid.travel/hotels/577157660.jpg,liteapi
lp6573a102,Separate 2 AC Rooms Kalyani Nagar Near Pune Airport Osho Garden WTC,hotel,18.54857,73.9042,,,,False,,,https://static.cupid.travel/hotels/551467802.jpg,liteapi
lp6576d4fe,Budget Private Ac Room with Kitchen Near Osho Garden,hotel,18.54857,73.9042,,,,False,,,https://static.cupid.travel/hotels/546737954.jpg,liteapi
lp6588f13f,Fabhotel Pearl Inn,hotel,18.548858642578125,73.90616607666016,3.0,,,False,,,https://static.cupid.travel/hotels/ex_46f21780_z.jpg,liteapi
lp65722842,Spacious 2BHK flat with a great view,hotel,18.54894,73.91786,,,,False,,,https://static.cupid.travel/hotels/594257773.jpg,liteapi
lp657e69ec,Golden Peace Artists Homestay,hotel,18.54914,73.79129,,,,False,,,https://static.cupid.travel/hotels/609214917.jpg,liteapi
lp6588fd67,Fabhotel Pink House,hotel,18.5491886138916,73.94105529785156,3.0,,,False,,,https://static.cupid.travel/hotels/ex_a5ab008a_z.jpg,liteapi
lp6581ca9c,Shrinidhi Residency Pune,hotel,18.54923,73.93639,4.0,,,False,,,https://static.cupid.travel/hotels/528646416.jpg,liteapi
lp6582e9f8,Sunrise hospitality services,hotel,18.54957,73.94484,,,,False,,,https://static.cupid.travel/hotels/531673565.jpg,liteapi
lpd3321,OYO 8436 Orchid Rooms,hotel,18.54977,73.94157,3.0,,,False,,,https://static.cupid.travel/hotels/ex_eaed36fc_z.jpg,liteapi
lpec0d2,FabHotel Icon Bliss Kharadi,hotel,18.55007,73.94335,3.0,,,False,,,https://static.cupid.travel/hotels/ex_d6008a39_z.jpg,liteapi
lp65761ebb,Hotel O Velvet Nest,hotel,18.55042,73.94339,3.0,,,False,,,https://static.cupid.travel/hotels/605319262.jpg,liteapi
lp6588e6cd,Executive Hotel Pearl Inn,hotel,18.550453186035156,73.91158294677734,3.0,,,False,,,https://static.cupid.travel/hotels/ex_f8f28a0d_z.jpg,liteapi
lp65709903,"2 BHK flat with Kitchen and Free Wi Fi Kharadi,Pune",hotel,18.55058,73.92914,,,,False,,,https://static.cupid.travel/hotels/534124871.jpg,liteapi
lp657795cf,V4M Hospitality Management Pvt Ltd,hotel,18.55058,73.92914,,,,False,,,https://static.cupid.travel/hotels/588448304.jpg,liteapi
lp656c2958,Fabexpress Komfort Inn,hotel,18.551127,73.91264,3.0,,,False,,,https://static.cupid.travel/hotels/ex_w3030h2010x0y4-650d55fd_z.jpg,liteapi
lp6587905b,Fabhotel Komfort Inn,hotel,18.551347,73.911834,3.0,,,False,,,https://static.cupid.travel/hotels/ex_w2000h1326x0y3-60c031a5_z.jpg,liteapi
lp65706089,FabHotel Silver Key,hotel,18.551524,73.920679,4.0,,,False,,,https://static.cupid.travel/hotels/605080423.jpg,liteapi
lp657930e4,Hotel O Sk Hospitality,hotel,18.55185,73.89563,3.0,,,False,,,https://static.cupid.travel/hotels/618059091.jpg,liteapi
lp6570c2a9,Downtown - Freshly done 2 BHK near Airport,hotel,18.551947,73.966094,,,,False,,,https://static.cupid.travel/hotels/583973024.jpg,liteapi
lp656f6e05,A Homely 2 BHK in Main Kharadi - Anandkunj,hotel,18.552341,73.964259,,,,False,,,https://static.cupid.travel/hotels/559305183.jpg,liteapi
lp199cd6,FabHotel Aakiyo - Nr Balewadi -Chatrapati Shivaji Stadium,hotel,18.5526,73.77627,3.0,,,False,,,https://static.cupid.travel/hotels/351594720.jpg,liteapi
lp6558b541,FabHotel Galaxy Residency,hotel,18.55272,73.88965,3.0,,,False,,,https://static.cupid.travel/hotels/527230375.jpg,liteapi
lp656ff387,Newly done 2 BHK in Main Kharadi - Anandkunj,hotel,18.552864,73.964643,,,,False,,,https://static.cupid.travel/hotels/559727709.jpg,liteapi
lp6574681f,"LUXURIOUS AND SPACIOUS PRIVATE ROOM IN KHARADI, NEAR EON IT PARK",hotel,18.55287,73.96102,,,,False,,,https://static.cupid.travel/hotels/443201482.jpg,liteapi
lp656ff25e,Newly done 1 BHK in Main Kharadi - Anandkunj,hotel,18.552893,73.964648,,,,False,,,https://static.cupid.travel/hotels/559733250.jpg,liteapi
lp656c3884,Fabhotel Prime Omkar Executive,hotel,18.553262,73.915818,3.0,,,False,,,https://static.cupid.travel/hotels/ex_w3000h3472x0y0-088db40d_z.jpg,liteapi
lp65890d1d,Treebo Sunrise Apartments,hotel,18.553409576416016,73.77755737304688,3.0,,,False,,,https://static.cupid.travel/hotels/ex_1d6533ae_z.jpg,liteapi
lp19032a,Capital O 15610 Omkar Executive,hotel,18.55341,73.915958,3.0,,,False,,,https://static.cupid.travel/hotels/ex_81ccc2ce_z.jpg,liteapi
lp65879044,StayBird - Azure Suites Business Hotel,hotel,18.553416,73.93978,3.0,,,False,,,https://static.cupid.travel/hotels/ex_08cb9b46_z.jpg,liteapi
lpfe397,Lavish world,hotel,18.553436,73.93737,3.0,,,False,,,https://static.cupid.travel/hotels/ex_2815650d_z.jpg,liteapi
lp65879040,Hotel StayBird - Cove Kharadi,hotel,18.553477,73.939757,3.0,,,False,,,https://static.cupid.travel/hotels/ex_6bcd8a41_z.jpg,liteapi
lp656bc331,FabExpress Sky Inn,hotel,18.553704,73.93934,3.0,,,False,,,https://static.cupid.travel/hotels/ex_c07c7467_z.jpg,liteapi
lp65837d6b,Housemate Hotel,hotel,18.55382,73.94767,,,,False,,,https://static.cupid.travel/hotels/400902473.jpg,liteapi
lp1a7929,Bird Of Paradise- Hospitality,hotel,18.554005,73.95138,3.0,,,False,,,https://static.cupid.travel/hotels/ex_72bd53dd_z.jpg,liteapi
lp6582fd4a,Quality Hospitality Services,hotel,18.55527,73.94165,,,,False,,,https://static.cupid.travel/hotels/575564503.jpg,liteapi
lp656c2ff1,Fabexpress Vys Inn,hotel,18.555295,73.797926,3.0,,,False,,,https://static.cupid.travel/hotels/ex_9b0ffe76_z.jpg,liteapi
lp6576950f,Hotel Tan Square Inn Lodge,hotel,18.556125,73.948606,2.0,,,False,4.0,,https://static.cupid.travel/hotels/ex_36e270cd_z.jpg,liteapi
lp19d744,Destination 41 by Bird Of Paradise,hotel,18.556139,73.94063,3.0,,,False,,,https://static.cupid.travel/hotels/ex_8654c6f9_z.jpg,liteapi
lp65891d04,Fabhotel Destination 41,hotel,18.55628776550293,73.94087982177734,3.0,,,False,,,https://static.cupid.travel/hotels/ex_749e3c4f_z.jpg,liteapi
lpd331c,OYO 9089 Doves Inn,hotel,18.55654,73.80074,3.0,,,False,,,https://static.cupid.travel/hotels/ex_46b5cc67_z.jpg,liteapi
lp65753be3,2 Bedroom Fully furnished flat,hotel,18.55671,73.76268,,,,False,,,https://static.cupid.travel/hotels/561260163.jpg,liteapi
lp65748566,Jade Apartments- WiFi AC Smart Tv Kitchen,hotel,18.556769,73.907564,3.0,,,False,,,https://static.cupid.travel/hotels/513482356.jpg,liteapi
lp656dccf7,"The Ten ( baner, balewadi )",hotel,18.5568,73.76304,,,,False,,,https://static.cupid.travel/hotels/511920617.jpg,liteapi
lp19b996,FabExpress DDPK,hotel,18.55682,73.91229,3.0,,,False,,,https://static.cupid.travel/hotels/ex_b4b93e02_z.jpg,liteapi
lp190480,OYO 22066 Hotel Mayur,hotel,18.557403,73.9283,3.0,,,False,,,https://static.cupid.travel/hotels/ex_6d2f798c_z.jpg,liteapi
lp6572c370,AP's Castle Stay,hotel,18.557461,73.957959,4.0,,,False,,,https://static.cupid.travel/hotels/554094204.jpg,liteapi
lp6558b357,Itsy Hotels AY Plus Hotels,hotel,18.557818,73.953418,3.0,,,False,,,https://static.cupid.travel/hotels/ex_caf77110_z.jpg,liteapi
lp6c5ad,Pancard Club,hotel,18.557908,73.786491,3.0,,,False,,,https://static.cupid.travel/hotels/ex_ecc34006_z.jpg,liteapi
lp65842fd6,Classic Residency,hotel,18.55863,73.93855,3.0,,,False,,,https://static.cupid.travel/hotels/320648375.jpg,liteapi
lp339967,FabExpress Classic Residency,hotel,18.558808,73.938538,3.0,,,False,,,https://static.cupid.travel/hotels/ex_24b1db68_z.jpg,liteapi
lp656e4c72,"Hamlet Studio Apt, Baner Pune 601",hotel,18.559007,73.778215,,,,False,,,https://static.cupid.travel/hotels/590618271.jpg,liteapi
lp656e4c16,"Hamlet Studio Apt, Baner Pune 603",hotel,18.55901,73.77822,,,,False,,,https://static.cupid.travel/hotels/590630480.jpg,liteapi
lp656e4c28,"Hamlet Studio Apt, Baner Pune 602",hotel,18.55901,73.77822,,,,False,,,https://static.cupid.travel/hotels/590624569.jpg,liteapi
lp656e4c3a,"Hamlet Studio Apt, Baner Pune 604",hotel,18.55901,73.77822,,,,False,,,https://static.cupid.travel/hotels/590634350.jpg,liteapi
lp656e4c92,"Hamlet Studio Apt, Baner Pune 605",hotel,18.55901,73.77822,,,,False,,,https://static.cupid.travel/hotels/590637580.jpg,liteapi
lp656e4cf7,"Hamlet Studio Apt, Baner Pune 606",hotel,18.55901,73.77822,,,,False,,,https://static.cupid.travel/hotels/590641886.jpg,liteapi
lp656e572a,"Hamlet Studio Apt, Baner Pune 607",hotel,18.55901,73.77822,,,,False,,,https://static.cupid.travel/hotels/590847263.jpg,liteapi
lp656f0a27,"Hamlet StudioApt hill view, Pune 512",hotel,18.55901,73.77822,,,,False,,,https://static.cupid.travel/hotels/591156482.jpg,liteapi
lp656f0a82,"Hamlet StudioApt hill view, Pune 612",hotel,18.55901,73.77822,,,,False,,,https://static.cupid.travel/hotels/591154268.jpg,liteapi
lp656f0ac8,"Hamlet StudioApt hill view, Pune 608",hotel,18.55901,73.77822,,,,False,,,https://static.cupid.travel/hotels/591148336.jpg,liteapi
lp656f0acd,"Hamlet StudioApt hill view, Pune 609",hotel,18.55901,73.77822,,,,False,,,https://static.cupid.travel/hotels/591149354.jpg,liteapi
lp656f0ad0,"Hamlet StudioApt hill view, Pune 611",hotel,18.55901,73.77822,,,,False,,,https://static.cupid.travel/hotels/591152188.jpg,liteapi
lp656fe11b,"Hamlet StudioApt hillview, Pune 610",hotel,18.55901,73.77822,,,,False,,,https://static.cupid.travel/hotels/591150975.jpg,liteapi
lp656c3c35,Fabhotel Padmalaya Blossom,hotel,18.559033,73.794019,3.0,,,False,,,https://static.cupid.travel/hotels/ex_9a0bdf9e_z.jpg,liteapi
lpd9cc2,OYO 12042 Green Olives Apartments,hotel,18.559302,73.794564,3.0,,,False,,,https://static.cupid.travel/hotels/ex_3c2966c8_z.jpg,liteapi
lp6589155f,Fabhotel Spark Inn,hotel,18.559677124023438,73.95166015625,3.0,,,False,,,https://static.cupid.travel/hotels/ex_42b54633_z.jpg,liteapi
lp6587dfd8,Spark Inn Hotel,hotel,18.559791,73.951654,2.0,,,False,,,https://static.cupid.travel/hotels/ex_87df2499_z.jpg,liteapi
lp656bc32c,Hotel Housemate Bliss,hotel,18.559887,73.921713,2.0,,,False,,,https://static.cupid.travel/hotels/ex_ec299301_z.jpg,liteapi
lpe65a2,OYO 655 Hotel Aundh Retreat,hotel,18.56013,73.80619,3.0,,,False,,,https://static.cupid.travel/hotels/ex_6525eceb_z.jpg,liteapi
lp6588fa4a,Fabhotel Amber Palace,hotel,18.560169219970703,73.77216339111328,3.0,,,False,,,https://static.cupid.travel/hotels/ex_5acd23ae_z.jpg,liteapi
lp657cefa9,Hotel MK Residency,hotel,18.56026,73.91842,3.0,,,False,,,https://static.cupid.travel/hotels/573279350.jpg,liteapi
lp658919c8,Fabhotel Stay Inn Lodge,hotel,18.560277938842773,73.77100372314453,3.0,,,False,,,https://static.cupid.travel/hotels/ex_136c14d7_z.jpg,liteapi
lp656c2c81,Fabhotel Corporate Residency,hotel,18.56039,73.769819,3.0,,,False,,,https://static.cupid.travel/hotels/ex_c1d7cd00_z.jpg,liteapi
lp656c3bdc,"FabHotel Prime Finesse, Airport Road",hotel,18.56043,73.91949,3.0,,,False,,,https://static.cupid.travel/hotels/488675125.jpg,liteapi
lpacdd3,Hotel Nanashree Grand,hotel,18.560465,73.918748,3.0,,,False,,,https://static.cupid.travel/hotels/ex_d697236a_z.jpg,liteapi
lp65588d7d,Treebo Kuber Inn,hotel,18.56057,73.919405,3.0,,,False,,,https://static.cupid.travel/hotels/ex_7e62f5c9_z.jpg,liteapi
lp65882309,Bungalow 3bhk,hotel,18.560642,73.772504,3.0,,,False,,,https://static.cupid.travel/hotels/ex_a38cb0a1_z.jpg,liteapi
lp65739d85,FabHotel Ananta Sagar - Nr Pheonix Mall,hotel,18.56075,73.91927,3.0,,,False,,,https://static.cupid.travel/hotels/538021771.jpg,liteapi
lp6587f92f,FabExpress Arya,hotel,18.560796,73.913845,2.0,,,False,,,https://static.cupid.travel/hotels/ex_f0765471_z.jpg,liteapi
lp658917a1,Fabexpress Arya Inn,hotel,18.560842514038086,73.80281066894531,3.0,,,False,,,https://static.cupid.travel/hotels/ex_3aa8ddbc_z.jpg,liteapi
lp656e29fd,Elysian Suites 203,hotel,18.56096,73.90792,,,,False,,,https://static.cupid.travel/hotels/553437594.jpg,liteapi
lp65775636,Hotel O White Castle Heritage Near Pune Airport,hotel,18.56096,73.92308,3.0,,,False,,,https://static.cupid.travel/hotels/551943143.jpg,liteapi
lp656dda7d,Elysian Suite 202,hotel,18.56104,73.90889,,,,False,,,https://static.cupid.travel/hotels/566298231.jpg,liteapi
lp65850b62,Aura,hotel,18.56153,73.78869,,,,False,,,https://static.cupid.travel/hotels/588005727.jpg,liteapi
lp6588eb56,Fabhotel Radha Madhav,hotel,18.561683654785156,73.80101776123047,3.0,,,False,,,https://static.cupid.travel/hotels/ex_93e78df6_z.jpg,liteapi
lp6653d,The Hotel Hindusthan International,hotel,18.56174,73.912942,5.0,,,False,,,https://static.cupid.travel/hotels/hd/ex_13fbeacd_z.jpg,liteapi
lp1c0f46,FabHotel Home From Home,hotel,18.5619,73.9088,3.0,,,False,,,https://static.cupid.travel/hotels/ex_bb7e69c3_z.jpg,liteapi
lpa5e4d,Hotel Fidalgo,hotel,18.562223,73.908095,4.0,,,False,,,https://static.cupid.travel/hotels/ex_be8d2ca2_z.jpg,liteapi
lp6571bd1a,RR pg,hotel,18.56233,73.78175,,,,False,,,https://static.cupid.travel/hotels/584680878.jpg,liteapi
lp65878539,Fabhotel Executive pearl Inn - Nr Twin tower,hotel,18.562402,73.916832,3.0,,,False,,,https://static.cupid.travel/hotels/ex_59b5a3fa_z.jpg,liteapi
lp65787720,Hotel O Gandharva Inn,hotel,18.5626,73.94062,3.0,,,False,,,https://static.cupid.travel/hotels/618213839.jpg,liteapi
lp6579d75c,The Leela Baner,hotel,18.56271,73.77574,3.0,,,False,,,https://static.cupid.travel/hotels/585264072.jpg,liteapi
lp6587e8c0,Fabhotel Atithi Regency Home Stay,hotel,18.562992,73.774741,3.0,,,False,,,https://static.cupid.travel/hotels/ex_c87b7904_z.jpg,liteapi
lp658902db,Fabhotel Aura Suites,hotel,18.563642501831055,73.93988037109375,3.0,,,False,,,https://static.cupid.travel/hotels/ex_eda0a850_z.jpg,liteapi
lp65880b39,Fabhotel Arya Baner,hotel,18.563721,73.781844,3.0,,,False,,,https://static.cupid.travel/hotels/ex_c941f109_z.jpg,liteapi
lp6588d42a,Treebo Himalayan Homestay,hotel,18.563735961914062,73.94044494628906,3.0,,,False,,,https://static.cupid.travel/hotels/ex_30258664_z.jpg,liteapi
lp656c36e6,Fabhotel The Red Panda,hotel,18.563781,73.772257,3.0,,,False,,,https://static.cupid.travel/hotels/ex_0b77ffe4_z.jpg,liteapi
lp657edb24,IVY Studio,hotel,18.5638,73.90692,3.0,,,False,,,https://static.cupid.travel/hotels/526948074.jpg,liteapi
lp656dba81,Covie Viman Nagar 102,hotel,18.56385,73.90737,,,,False,,,https://static.cupid.travel/hotels/462043521.jpg,liteapi
lp65757626,Atithi Home Stay 3 Bedroom Luxury Apartment,hotel,18.56403,73.77436,,,,False,,,https://static.cupid.travel/hotels/605600622.jpg,liteapi
lp1a337c,Ema Homestay,hotel,18.56416,73.78453,3.0,,,False,,,https://static.cupid.travel/hotels/ex_cb4a73d1_z.jpg,liteapi
lp658796f6,Hotel Revmantra,hotel,18.56422,73.94021,2.0,,,False,,,https://static.cupid.travel/hotels/ex_e7fc6b76_z.jpg,liteapi
lp6572cbd5,Peacock Palace 2BHK Modern AC Flat in Baner Pune,hotel,18.56426,73.77697,,,,False,,,https://static.cupid.travel/hotels/622678520.jpg,liteapi
lp1abd6f,Amrita Executive Hotel,hotel,18.564348,73.778183,2.0,,,False,,,https://static.cupid.travel/hotels/ex_d04a1ab0_z.jpg,liteapi
lp6588bbd1,Fabhotel Rajyog Residency,hotel,18.564411163330078,73.77184295654297,3.0,,,False,,,https://static.cupid.travel/hotels/ex_19a363fc_z.jpg,liteapi
lp657460a0,Astha Home 3BHK Bunglow Baner,hotel,18.56485,73.77748,,,,False,,,https://static.cupid.travel/hotels/600699790.jpg,liteapi
lp6572ec3e,Seandee - Lush Private Rooms in Viman Nagar,hotel,18.565161,73.912547,3.0,,,False,,4.0,https://static.cupid.travel/hotels/532529224.jpg,liteapi
lp6587f920,Fabhotel The Digamber Inn,hotel,18.565197,73.947385,3.0,,,False,,,https://static.cupid.travel/hotels/ex_b9bfe265_z.jpg,liteapi
lp6588c9ce,Housemate Hotels & Restaurant,hotel,18.565406799316406,73.94457244873047,2.0,,,False,,,https://static.cupid.travel/hotels/ex_46b602ac_z.jpg,liteapi
lp657bf674,Hotel Kharadi Inn,hotel,18.56541,73.94448,,,,False,,,https://static.cupid.travel/hotels/552390430.jpg,liteapi
lp65581365,Treebo Trend H-Studio,hotel,18.565458,73.944535,3.0,,,False,,,https://static.cupid.travel/hotels/ex_3892b698_z.jpg,liteapi
lp6572a043,FabHotel EN Suite - Nr Paras Hospital,hotel,18.56557,73.95027,3.0,,,False,,,https://static.cupid.travel/hotels/593724597.jpg,liteapi
lp657860b2,Hotel O Kalpataru Inn,hotel,18.56564,73.94431,,,,False,,,https://static.cupid.travel/hotels/602369109.jpg,liteapi
lp6583d29d,Holiday Homestay,hotel,18.56566,73.94479,,,,False,,,https://static.cupid.travel/hotels/510593377.jpg,liteapi
lp6582825f,Aanand Riddhi,hotel,18.56599,73.95028,,,,False,,,https://static.cupid.travel/hotels/607354734.jpg,liteapi
lp6571b1f0,COSMO STAYS PLUTO Beautiful 3 BHK bunglow - PRIME BANER,hotel,18.566142,73.780938,,,,False,,,https://static.cupid.travel/hotels/620548950.jpg,liteapi
lp657a9e1d,COSMO STAYS Mars,hotel,18.56617,73.78111,,,,False,,,https://static.cupid.travel/hotels/620544710.jpg,liteapi
lp656dfa95,The ten - 2 rooms in 3bhk apartment,hotel,18.56632,73.78686,,,,False,,,https://static.cupid.travel/hotels/555342187.jpg,liteapi
lp656c386d,Fabexpress Galaxy Hospitality,hotel,18.566773,73.946658,3.0,,,False,,,https://static.cupid.travel/hotels/ex_03fee7e4_z.jpg,liteapi
lp6558e75f,HOtel Silver Oak,hotel,18.566787,73.878167,3.0,,,False,,,https://static.cupid.travel/hotels/ex_8b6ffccb_z.jpg,liteapi
lp23a900,OYO 26191 Seema Residency,hotel,18.56679,73.771096,3.0,,,False,,,https://static.cupid.travel/hotels/ex_2616b56e_z.jpg,liteapi
lp657e953d,Ten Eleven,hotel,18.56683,73.77151,,,,False,,,https://static.cupid.travel/hotels/545549774.jpg,liteapi
lp65764552,FabHotel Silver Oak - Nr Pune International Airport,hotel,18.5669,73.87823,4.0,,,False,,,https://static.cupid.travel/hotels/533475261.jpg,liteapi
lp657665f4,Bamboo Stays 2bhk with Skylounge,hotel,18.56712,73.78695,,,,False,,,https://static.cupid.travel/hotels/618060905.jpg,liteapi
lpd3323,OYO 3684 Apartment Pentagon Group,hotel,18.56713,73.77219,3.0,,,False,,,https://static.cupid.travel/hotels/ex_92a94516_z.jpg,liteapi
lp6587bfdf,AGY Hotels,hotel,18.567459,73.949636,2.0,,,False,,,https://static.cupid.travel/hotels/ex_62863d69_z.jpg,liteapi
lp656c315b,Fabhotel Galaxy Stay,hotel,18.5675,73.956505,3.0,,,False,,,https://static.cupid.travel/hotels/ex_w3030h2014x0y2-229a806c_z.jpg,liteapi
lp6575c4ae,Collection O Ubale Nagar,hotel,18.5676,73.956437,3.0,,,False,,1.0,https://static.cupid.travel/hotels/622607367.jpg,liteapi
lp656dd4ce,The Penthouze - 3BHK Baner,hotel,18.567989,73.784412,,,,False,,,https://static.cupid.travel/hotels/557069480.jpg,liteapi
lp19d288,OYO 23670 Hotel Resonare Residency,hotel,18.56802,73.78057,3.0,,,False,,,https://static.cupid.travel/hotels/ex_c5f43dd1_z.jpg,liteapi
lp6580c789,Blue Lagoon,hotel,18.56802,73.78433,,,,False,,,https://static.cupid.travel/hotels/552730716.jpg,liteapi
lp6555a472,Capital O 61317 Hotel Gandharva Residency,hotel,18.56802,73.92015,3.0,,,False,,,https://static.cupid.travel/hotels/ex_56647f1c_z.jpg,liteapi
lp65765ac2,Jain Stay Viman Nagar Girls Only,hotel,18.56804,73.91287,,,,False,,,https://static.cupid.travel/hotels/592563267.jpg,liteapi
lp6557b7ab,Treebo Trend Eco Inn,hotel,18.568332,73.919236,3.0,,,False,,,https://static.cupid.travel/hotels/ex_5d109c2d_z.jpg,liteapi
lp6587e8d2,Fabhotel Royal Inn I,hotel,18.568409,73.77303,3.0,,,False,,,https://static.cupid.travel/hotels/ex_e1a728c9_z.jpg,liteapi
lp65881b82,Hotel Elite Stay - Mahalunge Pune,hotel,18.568429,73.749505,2.0,,,False,,,https://static.cupid.travel/hotels/ex_b043b467_z.jpg,liteapi
lpe61f1,OYO 12723 Hotel D Villa,hotel,18.568765,73.768978,3.0,,,False,,,https://static.cupid.travel/hotels/ex_f69c1235_z.jpg,liteapi
lp656c3912,Fabhotel Pleasant Stay Baner,hotel,18.568848,73.778949,3.0,,,False,,,https://static.cupid.travel/hotels/ex_ce6e9f27_z.jpg,liteapi
lp656c3c65,Fabhotel Royal Hospitality,hotel,18.568854,73.778502,3.0,,,False,,,https://static.cupid.travel/hotels/ex_d2b9685d_z.jpg,liteapi
lpa6b61,FabHotel Silver Crest,hotel,18.568856,73.90867,3.0,,,False,,,https://static.cupid.travel/hotels/ex_4ea7176c_z.jpg,liteapi
lp1dda7a,FabHotel Grand Inn,hotel,18.568937,73.768503,3.0,,,False,,,https://static.cupid.travel/hotels/ex_693f0673_z.jpg,liteapi
lp6579bd87,Luxury Stays In Rowhouse Villa,hotel,18.56943,73.77165,,,,False,,,https://static.cupid.travel/hotels/603258384.jpg,liteapi
lp658696fc,HOTEL LOTUS GUEST HOUSE,hotel,18.569586,73.779614,3.0,,,False,6.0,,https://static.cupid.travel/hotels/ex_834cbacc_z.jpg,liteapi
lp65852750,Mahalunge,hotel,18.57008,73.75242,,,,False,,,https://static.cupid.travel/hotels/604895458.jpg,liteapi
lp6588bb4f,Fabhotel The Heaven,hotel,18.570240020751953,73.9041748046875,3.0,,,False,,,https://static.cupid.travel/hotels/ex_433c135b_z.jpg,liteapi
lp1f382c,FabHotel Royal Inn,hotel,18.570427,73.768887,3.0,,,False,,,https://static.cupid.travel/hotels/ex_d8a89510_z.jpg,liteapi
lp657e8c94,Ten Twelve,hotel,18.57047,73.78132,,,,False,,,https://static.cupid.travel/hotels/612407073.jpg,liteapi
lpd33da,OYO 10244 Stay Inn,hotel,18.570492,73.901287,3.0,,,False,,,https://static.cupid.travel/hotels/ex_3ca6d1dc_z.jpg,liteapi
lp65872ecb,Fabhotel The Mantra inn - Nr world trade center,hotel,18.57112,73.956962,3.0,,,False,,,https://static.cupid.travel/hotels/ex_4709639f_z.jpg,liteapi
lp657d9748,Orchid Platinum Guest House,hotel,18.57135,73.83295,3.0,,,False,,,https://static.cupid.travel/hotels/388897276.jpg,liteapi
lp65724e79,Stay inn 2bhk near airport,hotel,18.57139,73.90088,,,,False,,,https://static.cupid.travel/hotels/571957751.jpg,liteapi
lp6587e880,Fabhotel Aj Residency Airport Stay,hotel,18.57189,73.902896,3.0,,,False,,,https://static.cupid.travel/hotels/ex_1e35b371_z.jpg,liteapi
lp657d44fd,Galaxy airport inn,hotel,18.57205,73.90317,,,,False,,,https://static.cupid.travel/hotels/582362210.jpg,liteapi
lp656c2966,Treebo Trend Atithi Regency,hotel,18.572371,73.780708,2.0,,,False,,,https://static.cupid.travel/hotels/ex_9de30e08_z.jpg,liteapi
lp658772ba,Indie Stays Studio Kharadi,hotel,18.572542,73.946982,2.0,,,False,,,https://static.cupid.travel/hotels/ex_49fce358_z.jpg,liteapi
lp65828af4,Furusato Stay,hotel,18.57255,73.77223,,,,False,,,https://static.cupid.travel/hotels/602876386.jpg,liteapi
lp65775d85,Eutopia A Zen lounge Highstreet AC Free Parking,hotel,18.57259,73.77077,,,,False,,,https://static.cupid.travel/hotels/565417663.jpg,liteapi
lp656c3bc9,FabHotel Classic Square I,hotel,18.572633,73.955177,3.0,,,False,,,https://static.cupid.travel/hotels/ex_ab3afebf_z.jpg,liteapi
lp1bfe6f,OYO 23697 Hotel Krishna Palace,hotel,18.572797,73.956912,3.0,,,False,,,https://static.cupid.travel/hotels/ex_c464c630_z.jpg,liteapi
lp65793d1d,Hotel O Classic Square,hotel,18.57285,73.95496,4.0,,,False,,,https://static.cupid.travel/hotels/605308577.jpg,liteapi
lp657d14f1,Aries Luxurious PG,hotel,18.57305,73.75763,,,,False,,,https://static.cupid.travel/hotels/619299616.jpg,liteapi
lp65880b14,Fabhotel The Royal Park,hotel,18.57329,73.956058,3.0,,,False,,,https://static.cupid.travel/hotels/ex_eef50ac2_z.jpg,liteapi
lp1b0e38,Edition O 30037 Hotel Mapple,hotel,18.573353,73.957314,3.0,,,False,,,https://static.cupid.travel/hotels/ex_1947cc3e_z.jpg,liteapi
lp6578470e,Hotel O Felicita Airport Inn,hotel,18.5736,73.91285,,,,False,,,https://static.cupid.travel/hotels/602572129.jpg,liteapi
lp656c383b,Treebo Lemon Wood Suites,hotel,18.573919,73.887287,3.0,,,False,,,https://static.cupid.travel/hotels/ex_a3f9c2d5_z.jpg,liteapi
lp1902d2,OYO 18995 Hotel Airport Annex,hotel,18.57419,73.88671,2.0,,,False,,,https://static.cupid.travel/hotels/ex_02e2c743_z.jpg,liteapi
lp6587cd73,Hotel Sadanand Regency – Newly Renovated,hotel,18.574436,73.760788,2.0,,,False,,,https://static.cupid.travel/hotels/ex_b7536a0f_z.jpg,liteapi
lp6570ea75,Hotel O Log Inn Plaza,hotel,18.57469,73.95976,4.0,,,False,,,https://static.cupid.travel/hotels/600424183.jpg,liteapi
lp6558520d,Treebo Trip Sai Krupa,hotel,18.57474,73.88675,3.0,,,False,,,https://static.cupid.travel/hotels/ex_6e73453b_z.jpg,liteapi
lp1c001b,OYO 23501 Log Inn Plaza,hotel,18.574906,73.959826,3.0,,,False,,,https://static.cupid.travel/hotels/ex_795a7387_z.jpg,liteapi
lp6575baa0,FabExpress The Ambience - Nr Sanjay Mahadeo Nimhan Udyan,hotel,18.57511,73.76962,3.0,,,False,,,https://static.cupid.travel/hotels/575569349.jpg,liteapi
lp6588d89f,Tribe Moro Balewadi,hotel,18.576278686523438,73.75519561767578,2.0,,,False,,,https://static.cupid.travel/hotels/ex_12538ce1_z.jpg,liteapi
lp65880b0d,Fabexpress Atithi,hotel,18.576283,73.962697,3.0,,,False,,,https://static.cupid.travel/hotels/ex_e3cb6252_z.jpg,liteapi
lp658915aa,Fabhotel Shree Krishna Inn,hotel,18.57660675048828,73.78527069091797,3.0,,,False,,,https://static.cupid.travel/hotels/ex_ab6860c1_z.jpg,liteapi
lp657e95cd,Woods Stay,hotel,18.57675,73.76611,3.0,,,False,,,https://static.cupid.travel/hotels/533017723.jpg,liteapi
lp19d339,OYO 20023 SilverKey Balewadi,hotel,18.57711,73.77642,3.0,,,False,,,https://static.cupid.travel/hotels/ex_575073a0_z.jpg,liteapi
lp6581636f,Nisarg villa,hotel,18.57731,73.76664,4.0,,,False,,,https://static.cupid.travel/hotels/589779829.jpg,liteapi
lpd3405,OYO 10939 Hotel Sangam,hotel,18.57813,73.969039,3.0,,,False,,,https://static.cupid.travel/hotels/ex_4f7fbbbc_z.jpg,liteapi
lp386187,Treebo Trip The Upper Room,hotel,18.578326,73.892669,3.0,,,False,,,https://static.cupid.travel/hotels/ex_7f20382d_z.jpg,liteapi
lp657786d1,Hotel O Balaji Comfort Home,hotel,18.58098,73.7624,3.0,,,False,,,https://static.cupid.travel/hotels/565058188.jpg,liteapi
lp658790a5,Itsy Hotels Metro,hotel,18.581074,73.762328,2.0,,,False,,,https://static.cupid.travel/hotels/ex_31b611b5_z.jpg,liteapi
lp656e62f4,The Peacewood's Homes - Pune's Comfort - Hostel & PG,hostel,18.582081,73.89356,,,,False,,,https://static.cupid.travel/hotels/506876469.jpg,liteapi
lp65788984,Hotel O Highway Lodge,hotel,18.5832,73.76022,3.0,,,False,,,https://static.cupid.travel/hotels/597163737.jpg,liteapi
lp657eb7e4,Sadguru PG,hotel,18.58432,73.75441,,,,False,,,https://static.cupid.travel/hotels/596625310.jpg,liteapi
lp65879c34,Fabhotel Sai Inn,hotel,18.585,73.782331,3.0,,,False,,,https://static.cupid.travel/hotels/ex_6326f501_z.jpg,liteapi
lp1bff7b,OYO 26855 Kailasdham,hotel,18.586414,73.886324,3.0,,,False,,,https://static.cupid.travel/hotels/ex_9691ec2f_z.jpg,liteapi
lp65880b13,Fabhotel Ashiyana,hotel,18.588377,73.961362,3.0,,,False,,,https://static.cupid.travel/hotels/ex_266e231e_z.jpg,liteapi
lp657823b6,Collection O Blue Ridge Guest House,hotel,18.58883,73.83186,4.0,,,False,,,https://static.cupid.travel/hotels/617473070.jpg,liteapi
lp1bfffb,OYO 24125 Hotel Aakash,hotel,18.58927,73.958145,3.0,,,False,,,https://static.cupid.travel/hotels/ex_8a8849b2_z.jpg,liteapi
lp6574d2f0,Vip Inn Stay Hotel,hotel,18.590002,73.951025,2.0,,,False,,1.0,https://static.cupid.travel/hotels/592338865.jpg,liteapi
lp6572c838,Hinjewadi phase1 2bhk1AC kitchen,hotel,18.59086,73.74329,,,,False,,,https://static.cupid.travel/hotels/560143279.jpg,liteapi
lp6fb72,Hotel LXIA Hinjewadi - Indian Nationals Only,hotel,18.590939,73.747815,3.0,,,False,7.4,92.0,https://static.cupid.travel/hotels/479407267.jpg,liteapi
lp65890d02,Fabhotel Royal Stay I,hotel,18.591081619262695,73.95480346679688,3.0,,,False,,,https://static.cupid.travel/hotels/ex_cf8105d5_z.jpg,liteapi
lp65877af5,Housr Wakad Pune Hinjawadi Road,hotel,18.59149,73.765475,3.0,,,False,,,https://static.cupid.travel/hotels/ex_1c1ddb75_z.jpg,liteapi
lp6588ce84,Fabhotel Ajinkya Executive,hotel,18.591812133789062,73.75801849365234,3.0,,,False,,,https://static.cupid.travel/hotels/ex_9a9c9f89_z.jpg,liteapi
lp1bfd45,OYO 17342 Aditya Service Apartment,hotel,18.592079,73.75421,3.0,,,False,,,https://static.cupid.travel/hotels/ex_6df2114b_z.jpg,liteapi
lp65890d2a,Hotel Royal Inn,hotel,18.592872619628906,73.91386413574219,3.0,,,False,,,https://static.cupid.travel/hotels/ex_17ace435_z.jpg,liteapi
lp657b92e1,Treebo Landmark Near Pune Airport,hotel,18.59368,73.9394,3.0,,,False,,,https://static.cupid.travel/hotels/510050374.jpg,liteapi
lp656bc8a7,Hotel Landmark,hotel,18.593764,73.939317,3.0,,,False,,,https://static.cupid.travel/hotels/ex_5f6ca122_z.jpg,liteapi
lp65849702,Guruprasad homestay,hotel,18.59512,73.93467,,,,False,,,https://static.cupid.travel/hotels/598605967.jpg,liteapi
lp6587897c,Hotel Wow Inn,hotel,18.595499,73.894179,2.0,,,False,,,https://static.cupid.travel/hotels/ex_f7c15a3d_z.jpg,liteapi
lp65877c8e,Hotel Grand View - Pimple Saudagar,hotel,18.59773,73.798419,2.0,,,False,,,https://static.cupid.travel/hotels/ex_w1079h720x0y2-38fae216_z.jpg,liteapi
lp65785a2e,FabHotel Grandeur - Saudagar,hotel,18.59774,73.7984,3.0,,,False,,,https://static.cupid.travel/hotels/516488337.jpg,liteapi
lp65760b5b,Hotel O Torna Lodge,hotel,18.59811,73.90864,3.0,,,False,,,https://static.cupid.travel/hotels/475748415.jpg,liteapi
lp656f620d,"2Bhk home in Wakad, in the Heart of City, peaceful stay",hotel,18.59873,73.77697,,,,False,,,https://static.cupid.travel/hotels/493017091.jpg,liteapi
lp656c2861,FabExpress Wakad Stays,hotel,18.599032,73.759694,3.0,,,False,,,https://static.cupid.travel/hotels/ex_a105a76e_z.jpg,liteapi
lp656c36ed,Fabhotel Good Homes,hotel,18.599225,73.76374,3.0,,,False,,,https://static.cupid.travel/hotels/ex_95e74bac_z.jpg,liteapi
lp657be6c0,City kokane chauk,hotel,18.59929,73.7843,,,,False,,,https://static.cupid.travel/hotels/621661858.jpg,liteapi
lp657f0345,Large flat,hotel,18.59929,73.7843,,,,False,,,https://static.cupid.travel/hotels/606579398.jpg,liteapi
lp65792821,Hotel O Kasturi Resort,hotel,18.59957,73.74494,3.0,,,False,,,https://static.cupid.travel/hotels/601428320.jpg,liteapi
lp65746613,Hotel O Sai Inn Lodging,hotel,18.60123,73.81441,4.0,,,False,,,https://static.cupid.travel/hotels/603017833.jpg,liteapi
lp6588dd1e,Fabhotel Lotus Inn Pimpri Chinchwad,hotel,18.602802276611328,73.81488037109375,3.0,,,False,,,https://static.cupid.travel/hotels/ex_e3ce158f_z.jpg,liteapi
lp6554c7b3,Mint Club 29,hotel,18.60295,73.76997,3.0,,,False,,,https://static.cupid.travel/hotels/ex_4b0156d1_z.jpg,liteapi
lp6574a036,FabHotel Ranjanas - Nr humkar Chowk,hotel,18.603941,73.754176,3.0,,,False,,1.0,https://static.cupid.travel/hotels/421369073.jpg,liteapi
lp656c32c4,Fabhotel Prime Sanket Inn,hotel,18.60474,73.75333,3.0,,,False,,,https://static.cupid.travel/hotels/ex_60bdf642_z.jpg,liteapi
lp1903d7,OYO 16570 I Suite,hotel,18.60494,73.75423,3.0,,,False,,,https://static.cupid.travel/hotels/ex_5f028a23_z.jpg,liteapi
lp6554f63c,I Suites,hotel,18.605051,73.754362,3.0,,,False,,,https://static.cupid.travel/hotels/ex_0f385e9c_z.jpg,liteapi
lp65798d09,Villa Zoyo Pune,hotel,18.60506,73.93581,,,,False,,,https://static.cupid.travel/hotels/491963849.jpg,liteapi
lp656c2e77,Hotel Trimurti Executive,hotel,18.605289,73.823198,2.0,,,False,,,https://static.cupid.travel/hotels/ex_8b8c3bb2_z.jpg,liteapi
lp9b8e4,Hotel Sanket Inn,hotel,18.60535,73.75301,3.0,,,False,,,https://static.cupid.travel/hotels/ex_1705c32e_z.jpg,liteapi
lp65720a9e,Robins Roost 2BHK Modern AC Flat in Wakad Pune,hotel,18.607261,73.765352,3.0,,,False,,,https://static.cupid.travel/hotels/558712378.jpg,liteapi
lp65720cac,Owls Retreat 2BHK Modern AC Flat in Wakad Pune,hotel,18.607261,73.765352,3.0,,,False,,,https://static.cupid.travel/hotels/619406973.jpg,liteapi
lp6572ca2a,Heron Hideaway 2BHK Modern AC Flat in Wakad Pune,hotel,18.607261,73.765352,3.0,,,False,,,https://static.cupid.travel/hotels/558712682.jpg,liteapi
lp6575336c,Home away Home Entire Apt for family,hotel,18.60783,73.75916,,,,False,,,https://static.cupid.travel/hotels/606128823.jpg,liteapi
lp19d47b,OYO Flagship 22520 Lakeview Lohegaon,hotel,18.60797,73.93756,3.0,,,False,,,https://static.cupid.travel/hotels/ex_87bc7c25_z.jpg,liteapi
lp23fd0d,OYO 28565 Rajanigandha,hotel,18.610248,73.916809,3.0,,,False,,,https://static.cupid.travel/hotels/ex_1831058a_z.jpg,liteapi
lp65890a73,Fabhotel Nakshtram Stay Inn,hotel,18.611112594604492,73.7703628540039,3.0,,,False,,,https://static.cupid.travel/hotels/ex_71cc27f6_z.jpg,liteapi
lp2261d1,Capital O 40904 Hotel Satish Executive,hotel,18.611307,73.761338,3.0,,,False,,,https://static.cupid.travel/hotels/ex_cd3f3df5_z.jpg,liteapi
lp65787ed9,Red Sea,hotel,18.61451,73.7938,,,,False,,,https://static.cupid.travel/hotels/575928809.jpg,liteapi
lp65557ed0,OYO 40635 Hotel Shloka,hotel,18.61475,73.76544,3.0,,,False,,,https://static.cupid.travel/hotels/ex_7224997d_z.jpg,liteapi
lp6588d67a,Fabhotel Seven Elite,hotel,18.61542320251465,73.76570892333984,3.0,,,False,,,https://static.cupid.travel/hotels/ex_0efd43eb_z.jpg,liteapi
lp657d7b0e,Manali Guest House,hotel,18.616,73.91674,,,,False,,,https://static.cupid.travel/hotels/561013529.jpg,liteapi
lp65881e4c,Bungalow 2bhk,hotel,18.616276,73.792236,2.0,,,False,,,https://static.cupid.travel/hotels/ex_16fe190d_z.jpg,liteapi
lp6583760a,Matoshree Nivas,hotel,18.616647,73.876332,,,,False,,,https://static.cupid.travel/hotels/520442616.jpg,liteapi
lp656c384b,Fabhotel Ats Inn,hotel,18.616916,73.786175,3.0,,,False,,,https://static.cupid.travel/hotels/ex_d15b625b_z.jpg,liteapi
lp6588fe8c,Fabhotel Sun Lodge,hotel,18.619373321533203,73.85055541992188,3.0,,,False,,,https://static.cupid.travel/hotels/ex_55025750_z.jpg,liteapi
lp657a02f4,Hotel O Parinda Lodging,hotel,18.619774,73.844507,3.0,,,False,,,https://static.cupid.travel/hotels/573439962.jpg,liteapi
lp65874dd9,Club Charholi,hotel,18.620279,73.916382,2.0,,,False,,,https://static.cupid.travel/hotels/ex_b77f2cb2_z.jpg,liteapi
lp658908c5,Fabhotel Shravani Residency,hotel,18.622304916381836,73.81737518310547,3.0,,,False,,,https://static.cupid.travel/hotels/ex_w2000h1325x0y3-70e86c4a_z.jpg,liteapi
lp84ee7,Keys Lite Bhosari MIDC,hotel,18.623849,73.839918,3.0,,,False,,,https://static.cupid.travel/hotels/ex_8aba3d36_z.jpg,liteapi
lp656c2aa0,FabHotel Pancharatna Regency,hotel,18.62557,73.835942,3.0,,,False,,,https://static.cupid.travel/hotels/ex_b770fd8e_z.jpg,liteapi
lp838b3,OYO 671 Hotel Alpine,hotel,18.626269,73.80558,3.0,,,False,,,https://static.cupid.travel/hotels/ex_db346b0e_z.jpg,liteapi
lp1f20bf,Hotel Crystal Court,hotel,18.626278,73.80552,3.0,,,False,,,https://static.cupid.travel/hotels/ex_2269e9b3_z.jpg,liteapi
lp6583e483,Legacy Apartment,hotel,18.62652,73.75598,,,,False,,,https://static.cupid.travel/hotels/552609772.jpg,liteapi
lp65763cc9,Hotel O Mayur Lodge,hotel,18.626574,73.74421,4.0,,,False,,,https://static.cupid.travel/hotels/563250806.jpg,liteapi
lp331b3e,FabHotel Crystal Court Inn,hotel,18.627217,73.806824,3.0,,,False,,,https://static.cupid.travel/hotels/ex_69f73b62_z.jpg,liteapi
lp6588fa35,Fabhotel Sunshine Comfy Stay,hotel,18.50093650817871,73.93831634521484,3.0,,,False,,,,liteapi
lpa4ea1,Hotel Pearl,hotel,18.522763,73.84839,3.0,,,False,,,,liteapi
lp655ae54f,Fabexpress Galaxy Lodge,hotel,18.455842,73.832102,3.0,,,False,,,https://static.cupid.travel/hotels/ex_9a584b5b_z.jpg,liteapi
lp655a7d42,Super Hotel O Blossom Inn,hotel,18.46715,73.85773,2.0,,,False,,,https://static.cupid.travel/hotels/621703753.jpg,liteapi
lp6567455b,Home Saraswati Niwas Vadgaon Budruk Near Fun Time Multiplex,hotel,18.46861,73.82901,3.0,,,False,,,https://static.cupid.travel/hotels/608160366.jpg,liteapi
lp655a7ede,Chetan Executive Hotel,hotel,18.483509,73.954186,2.0,,,False,,,https://static.cupid.travel/hotels/ex_21f57026_z.jpg,liteapi
lp65597ebe,Redhomex 96Bliss 4BHK,hotel,18.48428,73.74483,,,,False,,,https://static.cupid.travel/hotels/422430967.jpg,liteapi
lp655a6edd,FabHotel Paradise Inn - Nr Om Hospital,hotel,18.50402,73.76392,3.0,,,False,,,https://static.cupid.travel/hotels/388676337.jpg,liteapi
lp6567667c,Super Hotel O Peaceful Stay Keshav Nagar.,hotel,18.53454,73.9483,4.0,,,False,,,https://static.cupid.travel/hotels/533995142.jpg,liteapi
lp65600ce3,1BHK AC Service Apartment 202 - SUS,hotel,18.547174,73.749915,,,,False,,,https://static.cupid.travel/hotels/417014973.jpg,liteapi
lp65600ce8,1BHK AC Service Apartment 301 - SUS,hotel,18.547174,73.749915,4.0,,,False,,,https://static.cupid.travel/hotels/328558583.jpg,liteapi
lp655a7657,FabHotel Sky Vista Inn - Nr Symbiosis College,hotel,18.55371,73.93933,3.0,,,False,,,https://static.cupid.travel/hotels/526918725.jpg,liteapi
lp655a6cb0,FabHotel MS Hospitality - Nr Shri Gurudev Datta Mandir,hotel,18.55896,73.79475,3.0,,,False,,2.0,https://static.cupid.travel/hotels/357366122.jpg,liteapi
lp655b509d,Fabhotel Gravity Inn,hotel,18.565326,73.78592,3.0,,,False,,,https://static.cupid.travel/hotels/ex_6de7eee6_z.jpg,liteapi
lp655a841a,AUHTEL Baner,hotel,18.56584,73.77131,3.0,,,False,,,https://static.cupid.travel/hotels/288645847.jpg,liteapi
lp655b509e,Fabhotel Galaxy Inn,hotel,18.566492,73.956907,3.0,,,False,,,https://static.cupid.travel/hotels/ex_d4cc4fdb_z.jpg,liteapi
lp655b78af,Super Hotel O Viman Nagar Near Kendriya Vidyalaya,hotel,18.5691,73.93184,3.0,,,False,,,https://static.cupid.travel/hotels/612636357.jpg,liteapi
lp655a7dc3,Orchid Platinum Guest House,hotel,18.571354,73.832953,2.0,,,False,,,https://static.cupid.travel/hotels/ex_2058cbbd_z.jpg,liteapi
lp655994d0,"Hotel Swagat and Lodging, Ranjangaon",hotel,18.57644,73.96498,3.0,,,False,,,https://static.cupid.travel/hotels/537369461.jpg,liteapi
lp655b50c9,FabHotel Habitat Tingre Nagar - Nr Pune International Airport,hotel,18.579,73.89491,3.0,,,False,,,https://static.cupid.travel/hotels/318030809.jpg,liteapi
lp65600ce6,Leisurely Abode Service Apartments And Homestay,hotel,18.584771,73.831848,,,,False,,,https://static.cupid.travel/hotels/113791760.jpg,liteapi
lp655b0394,Hotel O Way Point,hotel,18.609875,73.765188,3.0,,,False,,2.0,https://static.cupid.travel/hotels/447280612.jpg,liteapi
lp655b2223,Hotel O Pimpri Stays,hotel,18.622429,73.801683,4.0,,,False,,1.0,https://static.cupid.travel/hotels/614560826.jpg,liteapi
lp1b2133,OYO 24491 SilverKey Kharadi,hotel,18.565739,73.945328,2.5,,,False,,,,liteapi
lp55d8e,Holiday Inn Pune Hinjewadi,hotel,18.58105,73.76106,4.0,,,False,,,,liteapi
lp4291c,Zo Rooms Sadanand Hinjewadi,hotel,18.58383,73.76028,3.0,,,False,,,,liteapi
lpd3341,OYO 9910 Sambram Inn,hotel,18.59592,73.783268,2.5,,,False,,,,liteapi
lp6559cb2b,SPOT ON 70171 Manav Shree Lodge,hotel,18.45116,73.96964,,,,False,,,,liteapi
lp655b50ab,SPOT ON 77742 Royal Rest Rooms,hotel,18.47889,73.92635,,,,False,,,,liteapi
lp6559e0a0,OYO Flagship 45005 Felicita Inn,hotel,18.53975,73.92975,,,,False,,,,liteapi
lp655b7cb4,Flagship 85723 Felicita Nx,hotel,18.53979,73.93478,,,,False,,,,liteapi
lp655a7dc6,Flagship 93630 Season Inn,hotel,18.55226,73.75535,,,,False,,,,liteapi
