user_id,city,lat,lng,age,gender,interests,bio,vibe,arrive,after,punctuality,energy,budget,languages,group_pref,verified,filter_verified_only,filter_women_only,age_min,age_max
1,Mumbai,19.091,72.826,19,M,coding;edm;indie music;photography,Love coding and edm.,front_row,together,party,on_time,introvert,3,english;hindi,duo,True,False,False,18,27
2,Delhi,28.598,77.208,29,M,anime;bollywood films;musicals;theatre,Love anime and bollywood films. ekdum mast vibe,chill,at_venue,home,early,extrovert,2,english;hindi,group,False,False,False,23,37
3,Bengaluru,12.995,77.552,38,M,cricket;football;improv;stand-up comedy,Love cricket and football. weekend pe plans chahiye,chill,at_venue,party,on_time,introvert,1,english;kannada,either,False,False,False,34,46
4,Mumbai,19.042,72.939,33,M,food festivals;hip hop;indie music;music festivals,Love food festivals and hip hop.,front_row,together,party,early,ambivert,3,english;hindi,duo,True,False,False,27,37
5,Mumbai,19.097,72.899,26,M,cricket;food festivals;football;music festivals,Love cricket and food festivals. chalo saath chalte hain,front_row,at_venue,party,relaxed,extrovert,3,english;hindi,either,True,False,False,22,32
6,Delhi,28.67,77.203,25,M,anime;hollywood films;improv;stand-up comedy,Love anime and hollywood films.,chill,together,home,early,ambivert,1,english;hindi,group,False,False,False,21,33
7,Mumbai,19.017,72.905,28,M,anime;hollywood films;musicals;theatre,Love anime and hollywood films. always up for a good show,depends,at_venue,home,on_time,introvert,3,english;hindi,either,True,False,False,23,36
8,Hyderabad,17.396,78.521,36,F,musicals;photography;pottery;theatre,Love musicals and photography. ekdum mast vibe,depends,at_venue,home,early,introvert,3,english;hindi,either,False,False,False,29,42
9,Delhi,28.582,77.195,28,F,food festivals;music festivals;musicals;theatre,"Love food festivals and music festivals. new city, new friends",chill,together,party,relaxed,introvert,3,english;hindi,either,True,False,False,21,35
10,Bengaluru,13.001,77.63,31,F,cricket;football;improv;stand-up comedy,Love cricket and football.,depends,at_venue,party,early,extrovert,1,english;hindi,either,True,False,False,22,40
11,Bengaluru,12.915,77.549,39,F,bollywood films;hollywood films;improv;stand-up comedy,Love bollywood films and hollywood films. always up for a good show,front_row,together,food,on_time,introvert,1,english;hindi,duo,False,False,False,30,46
12,Hyderabad,17.369,78.51,25,F,hip hop;improv;indie music;stand-up comedy,Love hip hop and improv. ekdum mast vibe,depends,at_venue,party,early,ambivert,1,english;telugu,duo,True,False,False,18,29
13,Hyderabad,17.386,78.511,29,M,anime;coding;hollywood films;pottery,Love anime and coding. always up for a good show,depends,at_venue,home,early,introvert,2,english;hindi,group,True,False,False,21,36
14,Mumbai,18.992,72.805,25,F,anime;bollywood films;musicals;theatre,Love anime and bollywood films. ekdum mast vibe,front_row,together,food,early,extrovert,3,english;hindi,group,False,False,True,18,34
15,Pune,18.503,73.894,34,F,bollywood films;hollywood films;musicals;theatre,Love bollywood films and hollywood films. always up for a good show,front_row,together,home,relaxed,ambivert,1,english;marathi,group,True,False,False,26,39
16,Pune,18.542,73.869,28,F,ai;food festivals;music festivals;tech,Love ai and food festivals. always up for a good show,depends,at_venue,home,early,introvert,3,english;hindi,either,False,False,False,23,35
17,Pune,18.601,73.845,35,F,bollywood films;cricket;football;hollywood films,Love bollywood films and cricket. weekend pe plans chahiye,chill,together,home,relaxed,extrovert,2,english;hindi,duo,True,False,False,28,39
18,Delhi,28.687,77.15,24,F,bollywood films;football;hollywood films;kabaddi,Love bollywood films and football. weekend pe plans chahiye,front_row,at_venue,home,on_time,ambivert,3,english;hindi,group,True,False,False,19,28
19,Pune,18.447,73.806,19,M,improv;stand-up comedy;startups;tech,"Love improv and stand-up comedy. new city, new friends",depends,together,party,on_time,introvert,1,english;hindi,either,True,False,False,18,28
20,Pune,18.471,73.75,39,F,bollywood music;cricket;indie music;kabaddi,"Love bollywood music and cricket. new city, new friends",front_row,together,food,early,extrovert,1,english;hindi,either,True,False,True,33,47
21,Hyderabad,17.393,78.479,25,M,bollywood music;musicals;rock;theatre,Love bollywood music and musicals. ekdum mast vibe,depends,at_venue,home,on_time,ambivert,1,english;hindi,either,False,False,False,20,32
22,Bengaluru,13.06,77.601,32,F,ai;cricket;football;tech,Love ai and cricket. weekend pe plans chahiye,depends,together,party,on_time,introvert,3,english;kannada,duo,True,True,False,25,38
23,Delhi,28.573,77.251,22,F,football;kabaddi;photography;pottery,"Love football and kabaddi. new city, new friends",depends,together,party,relaxed,ambivert,3,english;hindi,duo,True,False,True,18,31
24,Bengaluru,12.994,77.572,40,F,edm;hip hop;improv;stand-up comedy,Love edm and hip hop. ekdum mast vibe,depends,at_venue,home,relaxed,extrovert,3,english;kannada,either,False,False,False,35,49
25,Pune,18.535,73.922,25,M,food festivals;music festivals;musicals;theatre,Love food festivals and music festivals. weekend pe plans chahiye,front_row,at_venue,home,relaxed,ambivert,2,english;hindi,either,True,True,False,18,33
26,Pune,18.53,73.796,18,F,food festivals;music festivals;musicals;theatre,"Love food festivals and music festivals. new city, new friends",front_row,at_venue,party,relaxed,introvert,1,english;marathi,duo,False,True,True,18,25
27,Mumbai,19.021,72.833,25,M,cricket;kabaddi;musicals;theatre,Love cricket and kabaddi.,front_row,at_venue,party,on_time,extrovert,3,english;hindi,duo,True,True,False,18,29
28,Delhi,28.684,77.213,40,M,anime;cricket;hollywood films;kabaddi,Love anime and cricket. always up for a good show,depends,together,food,early,extrovert,1,english;hindi,group,True,False,False,32,47
29,Mumbai,19.032,72.861,19,M,improv;stand-up comedy;startups;tech,Love improv and stand-up comedy. ekdum mast vibe,front_row,together,party,early,ambivert,3,english;marathi,group,True,True,False,18,28
30,Mumbai,19.052,72.861,29,M,cricket;kabaddi;musicals;theatre,Love cricket and kabaddi. chalo saath chalte hain,front_row,at_venue,home,early,extrovert,2,english;marathi,group,False,False,False,20,38
31,Bengaluru,12.96,77.607,37,M,food festivals;music festivals;musicals;theatre,Love food festivals and music festivals. weekend pe plans chahiye,depends,at_venue,home,relaxed,extrovert,1,english;hindi,group,True,False,False,33,46
32,Pune,18.614,73.814,27,M,coding;improv;photography;stand-up comedy,Love coding and improv.,chill,at_venue,party,on_time,ambivert,2,english;marathi,either,False,True,False,20,31
33,Bengaluru,12.935,77.562,25,F,football;improv;kabaddi;stand-up comedy,Love football and improv. always up for a good show,depends,together,food,on_time,introvert,2,english;kannada,either,False,False,False,20,31
34,Hyderabad,17.341,78.482,24,M,anime;bollywood films;coding;pottery,"Love anime and bollywood films. new city, new friends",chill,together,party,early,ambivert,2,english;telugu,duo,True,False,False,18,32
35,Delhi,28.706,77.354,28,F,improv;musicals;stand-up comedy;theatre,Love improv and musicals. ekdum mast vibe,chill,together,food,on_time,extrovert,2,english;hindi,either,True,False,False,19,32
36,Pune,18.559,73.878,31,F,ai;anime;bollywood films;tech,Love ai and anime. weekend pe plans chahiye,chill,together,home,relaxed,extrovert,1,english;marathi,duo,True,True,True,26,36
37,Hyderabad,17.357,78.51,36,M,bollywood films;food festivals;hollywood films;music festivals,Love bollywood films and food festivals.,depends,at_venue,food,relaxed,extrovert,2,english;telugu,either,True,False,False,28,45
38,Pune,18.484,73.873,38,F,football;kabaddi;photography;pottery,Love football and kabaddi.,chill,at_venue,party,early,ambivert,1,english;marathi,duo,True,False,False,33,42
39,Bengaluru,12.916,77.654,27,F,anime;cricket;hollywood films;kabaddi,Love anime and cricket. ekdum mast vibe,front_row,together,food,relaxed,introvert,3,english;hindi,duo,True,False,False,22,36
40,Pune,18.497,73.87,32,M,cricket;food festivals;kabaddi;music festivals,Love cricket and food festivals. always up for a good show,chill,together,party,on_time,ambivert,3,english;hindi,group,True,False,False,27,39
41,Bengaluru,13.045,77.466,33,F,food festivals;music festivals;startups;tech,Love food festivals and music festivals. chalo saath chalte hain,chill,at_venue,home,on_time,ambivert,2,english;kannada,either,True,True,False,29,39
42,Delhi,28.7,77.132,34,F,ai;improv;stand-up comedy;tech,Love ai and improv. weekend pe plans chahiye,depends,at_venue,home,on_time,introvert,1,english;hindi,group,True,False,True,26,43
43,Pune,18.549,73.943,28,F,coding;improv;pottery;stand-up comedy,Love coding and improv. chalo saath chalte hain,chill,at_venue,home,on_time,introvert,2,english;hindi,group,False,False,False,21,35
44,Delhi,28.617,77.174,18,M,food festivals;improv;music festivals;stand-up comedy,Love food festivals and improv. weekend pe plans chahiye,depends,together,home,early,ambivert,1,english;hindi,either,False,False,False,18,22
45,Delhi,28.672,77.246,31,M,ai;coding;photography;startups,Love ai and coding. ekdum mast vibe,chill,together,party,early,ambivert,1,english;hindi,group,False,True,False,22,40
46,Delhi,28.588,77.285,40,M,improv;musicals;stand-up comedy;theatre,"Love improv and musicals. new city, new friends",front_row,at_venue,party,on_time,extrovert,3,english;hindi,duo,False,False,False,32,47
47,Hyderabad,17.351,78.502,18,M,bollywood music;coding;pottery;rock,Love bollywood music and coding. chalo saath chalte hain,depends,at_venue,party,early,ambivert,2,english;hindi,either,True,False,False,18,26
48,Hyderabad,17.406,78.567,21,M,ai;musicals;startups;theatre,Love ai and musicals. chalo saath chalte hain,front_row,together,food,on_time,introvert,3,english;telugu,either,True,True,False,18,25
49,Hyderabad,17.403,78.529,22,M,cricket;food festivals;football;music festivals,Love cricket and food festivals. always up for a good show,front_row,at_venue,food,on_time,ambivert,3,english;telugu,either,True,False,False,18,30
50,Mumbai,19.09,72.835,25,F,bollywood films;hip hop;hollywood films;rock,Love bollywood films and hip hop. ekdum mast vibe,depends,at_venue,party,relaxed,ambivert,1,english;marathi,duo,True,False,False,18,31
51,Mumbai,19.15,72.841,26,M,improv;musicals;stand-up comedy;theatre,Love improv and musicals. always up for a good show,depends,at_venue,food,relaxed,extrovert,3,english;marathi,group,True,False,False,19,35
52,Pune,18.563,73.899,24,F,cricket;kabaddi;musicals;theatre,Love cricket and kabaddi. chalo saath chalte hain,front_row,together,home,early,extrovert,3,english;marathi,group,False,True,False,20,32
53,Hyderabad,17.39,78.552,27,M,edm;indie music;musicals;theatre,Love edm and indie music. ekdum mast vibe,chill,together,party,relaxed,introvert,1,english;telugu,duo,True,False,False,23,32
54,Mumbai,19.102,72.891,26,F,coding;musicals;photography;theatre,"Love coding and musicals. new city, new friends",chill,at_venue,food,on_time,ambivert,3,english;hindi,duo,False,False,False,22,30
55,Bengaluru,12.979,77.633,37,M,bollywood music;rock;startups;tech,"Love bollywood music and rock. new city, new friends",depends,together,home,early,extrovert,1,english;kannada,duo,True,True,False,28,45
56,Delhi,28.655,77.189,38,M,improv;musicals;stand-up comedy;theatre,Love improv and musicals. always up for a good show,chill,at_venue,food,relaxed,extrovert,1,english;hindi,either,True,True,False,30,45
57,Mumbai,19.011,72.804,23,M,bollywood films;coding;hollywood films;photography,Love bollywood films and coding. ekdum mast vibe,front_row,together,party,early,introvert,1,english;hindi,group,False,False,False,19,31
58,Pune,18.575,73.923,28,F,ai;football;kabaddi;tech,Love ai and football.,chill,together,party,early,ambivert,1,english;hindi,group,True,False,False,21,35
59,Mumbai,19.034,72.848,19,M,bollywood films;coding;hollywood films;photography,Love bollywood films and coding. weekend pe plans chahiye,front_row,at_venue,party,relaxed,extrovert,1,english;marathi,group,True,False,False,18,28
60,Mumbai,19.007,72.897,18,M,ai;coding;pottery;startups,Love ai and coding. always up for a good show,front_row,together,food,relaxed,ambivert,1,english;marathi,duo,False,False,False,18,23
61,Mumbai,19.046,72.851,31,X,anime;bollywood films;coding;pottery,"Love anime and bollywood films. new city, new friends",front_row,together,food,relaxed,extrovert,2,english;marathi,group,False,False,False,22,38
62,Delhi,28.632,77.275,27,F,coding;food festivals;music festivals;pottery,Love coding and food festivals. always up for a good show,chill,at_venue,party,early,introvert,2,english;hindi,group,False,False,False,23,31
63,Pune,18.514,73.874,20,M,musicals;photography;pottery;theatre,Love musicals and photography. chalo saath chalte hain,chill,at_venue,home,on_time,extrovert,1,english;hindi,either,True,False,False,18,25
64,Hyderabad,17.343,78.503,40,M,ai;anime;hollywood films;tech,"Love ai and anime. new city, new friends",chill,at_venue,home,early,ambivert,2,english;hindi,group,True,False,False,31,47
65,Pune,18.465,73.834,28,F,ai;indie music;sufi;tech,Love ai and indie music. chalo saath chalte hain,depends,together,party,on_time,introvert,2,english;hindi,duo,True,False,False,21,36
66,Pune,18.506,73.866,23,F,coding;improv;pottery;stand-up comedy,"Love coding and improv. new city, new friends",depends,at_venue,food,on_time,ambivert,3,english;hindi,group,True,False,False,18,29
67,Hyderabad,17.396,78.558,20,M,bollywood films;cricket;hollywood films;kabaddi,Love bollywood films and cricket. always up for a good show,chill,at_venue,home,on_time,extrovert,3,english;telugu,either,True,False,False,18,28
68,Hyderabad,17.407,78.444,18,M,food festivals;music festivals;startups;tech,Love food festivals and music festivals. chalo saath chalte hain,depends,at_venue,food,on_time,introvert,1,english;hindi,either,True,False,False,18,22
69,Pune,18.506,73.879,34,F,bollywood films;food festivals;hollywood films;music festivals,Love bollywood films and food festivals.,chill,at_venue,party,relaxed,introvert,1,english;marathi,duo,False,True,False,26,43
70,Delhi,28.682,77.254,33,M,food festivals;music festivals;photography;pottery,Love food festivals and music festivals. weekend pe plans chahiye,depends,together,food,relaxed,introvert,1,english;hindi,group,True,False,False,29,42
71,Bengaluru,12.993,77.567,21,M,coding;musicals;pottery;theatre,Love coding and musicals.,depends,at_venue,food,relaxed,extrovert,3,english;kannada,either,True,False,False,18,25
72,Mumbai,19.116,72.895,34,F,ai;improv;stand-up comedy;tech,Love ai and improv. always up for a good show,front_row,together,food,early,extrovert,1,english;marathi,duo,False,False,False,29,43
73,Mumbai,19.143,72.868,37,F,food festivals;music festivals;photography;pottery,Love food festivals and music festivals. always up for a good show,front_row,together,party,on_time,extrovert,2,english;hindi,duo,True,False,False,31,43
74,Delhi,28.596,77.162,39,M,improv;musicals;stand-up comedy;theatre,Love improv and musicals. ekdum mast vibe,chill,at_venue,food,on_time,extrovert,1,english;hindi,group,True,False,False,34,45
75,Bengaluru,13.029,77.475,24,F,edm;football;hip hop;kabaddi,Love edm and football.,chill,at_venue,food,on_time,introvert,1,english;kannada,group,False,False,False,18,32
76,Mumbai,19.068,72.888,35,F,ai;anime;hollywood films;startups,Love ai and anime.,chill,together,party,on_time,ambivert,2,english;hindi,either,True,False,False,28,43
77,Mumbai,19.178,72.873,25,M,food festivals;music festivals;startups;tech,Love food festivals and music festivals.,front_row,at_venue,party,relaxed,extrovert,2,english;hindi,either,False,False,False,18,31
78,Mumbai,19.05,72.833,40,F,bollywood music;football;kabaddi;rock,Love bollywood music and football.,front_row,together,food,on_time,extrovert,3,english;marathi,duo,False,True,False,35,45
79,Delhi,28.606,77.176,27,F,food festivals;football;kabaddi;music festivals,Love food festivals and football. chalo saath chalte hain,chill,at_venue,party,on_time,introvert,1,english;hindi,duo,True,True,True,22,35
80,Delhi,28.623,77.136,38,M,anime;food festivals;hollywood films;music festivals,Love anime and food festivals. always up for a good show,front_row,at_venue,party,early,ambivert,2,english;hindi,either,False,False,False,31,46
81,Bengaluru,12.914,77.58,19,M,ai;food festivals;music festivals;tech,Love ai and food festivals. always up for a good show,front_row,at_venue,party,early,extrovert,1,english;hindi,either,False,False,False,18,26
82,Pune,18.532,73.937,21,X,coding;musicals;photography;theatre,Love coding and musicals. weekend pe plans chahiye,chill,at_venue,home,early,introvert,1,english;hindi,group,False,False,False,18,27
83,Pune,18.438,73.793,40,M,ai;coding;pottery;tech,Love ai and coding. always up for a good show,depends,together,food,relaxed,ambivert,2,english;marathi,duo,False,False,False,35,49
84,Bengaluru,12.997,77.566,23,F,bollywood films;hollywood films;startups;tech,Love bollywood films and hollywood films.,chill,at_venue,home,on_time,ambivert,2,english;hindi,duo,False,False,False,18,27
85,Pune,18.436,73.884,39,F,improv;photography;pottery;stand-up comedy,Love improv and photography. ekdum mast vibe,front_row,together,home,relaxed,introvert,3,english;hindi,duo,False,False,False,31,47
86,Bengaluru,13.007,77.607,20,F,cricket;food festivals;kabaddi;music festivals,Love cricket and food festivals. ekdum mast vibe,depends,at_venue,home,early,extrovert,2,english;hindi,duo,False,True,False,18,28
87,Mumbai,19.1,72.851,32,M,food festivals;music festivals;photography;pottery,Love food festivals and music festivals. chalo saath chalte hain,front_row,together,party,on_time,extrovert,3,english;hindi,either,True,False,False,25,38
88,Mumbai,19.203,72.857,28,M,bollywood films;hollywood films;startups;tech,"Love bollywood films and hollywood films. new city, new friends",front_row,at_venue,food,relaxed,introvert,2,english;hindi,group,True,False,False,19,33
89,Pune,18.549,73.883,27,M,coding;food festivals;music festivals;pottery,Love coding and food festivals. weekend pe plans chahiye,front_row,at_venue,party,early,introvert,3,english;hindi,group,False,False,False,19,33
90,Hyderabad,17.378,78.517,37,X,anime;coding;hollywood films;pottery,Love anime and coding. weekend pe plans chahiye,depends,together,party,relaxed,extrovert,3,english;hindi,group,True,False,False,31,46
91,Pune,18.613,73.848,19,F,ai;anime;hollywood films;startups,Love ai and anime.,front_row,at_venue,food,on_time,extrovert,1,english;marathi,group,True,True,False,18,26
92,Delhi,28.674,77.193,40,X,ai;bollywood music;rock;tech,Love ai and bollywood music. weekend pe plans chahiye,depends,at_venue,home,relaxed,introvert,3,english;hindi,either,True,False,False,34,49
93,Mumbai,18.991,72.797,25,M,food festivals;football;kabaddi;music festivals,Love food festivals and football. chalo saath chalte hain,front_row,together,home,relaxed,ambivert,2,english;hindi,duo,False,False,False,18,32
94,Bengaluru,12.936,77.529,22,F,hip hop;photography;pottery;rock,"Love hip hop and photography. new city, new friends",depends,together,party,relaxed,extrovert,1,english;kannada,duo,False,False,False,18,30
95,Delhi,28.606,77.25,39,M,musicals;photography;pottery;theatre,Love musicals and photography. ekdum mast vibe,front_row,at_venue,home,early,extrovert,3,english;hindi,duo,False,False,False,31,48
96,Hyderabad,17.363,78.463,25,M,anime;hollywood films;startups;tech,Love anime and hollywood films. chalo saath chalte hain,chill,at_venue,party,relaxed,introvert,1,english;hindi,duo,False,False,False,18,32
97,Delhi,28.602,77.257,35,X,bollywood music;coding;edm;pottery,Love bollywood music and coding. always up for a good show,depends,at_venue,food,on_time,introvert,1,english;hindi,group,True,False,False,28,39
98,Pune,18.475,73.847,19,F,cricket;improv;kabaddi;stand-up comedy,Love cricket and improv. always up for a good show,depends,together,home,early,ambivert,1,english;hindi,duo,True,False,True,18,27
99,Bengaluru,12.926,77.623,23,F,football;kabaddi;musicals;theatre,Love football and kabaddi. ekdum mast vibe,front_row,at_venue,party,relaxed,introvert,2,english;kannada,duo,True,True,False,19,27
100,Pune,18.51,73.796,27,F,bollywood films;bollywood music;hollywood films;rock,"Love bollywood films and bollywood music. new city, new friends",chill,at_venue,party,relaxed,ambivert,2,english;marathi,duo,False,False,True,22,32
101,Pune,18.406,73.782,25,M,football;hip hop;indie music;kabaddi,Love football and hip hop. weekend pe plans chahiye,chill,together,home,on_time,extrovert,1,english;marathi,either,True,False,False,19,29
102,Mumbai,19.02,72.9,31,F,food festivals;music festivals;startups;tech,Love food festivals and music festivals. ekdum mast vibe,front_row,together,party,relaxed,introvert,1,english;marathi,group,True,False,True,22,36
103,Delhi,28.654,77.128,28,M,bollywood films;hollywood films;indie music;sufi,"Love bollywood films and hollywood films. new city, new friends",front_row,together,home,relaxed,ambivert,1,english;hindi,either,True,False,False,20,37
104,Hyderabad,17.39,78.533,28,M,ai;coding;pottery;startups,Love ai and coding. ekdum mast vibe,chill,together,food,on_time,extrovert,1,english;telugu,group,False,False,False,23,33
105,Hyderabad,17.37,78.436,38,M,bollywood music;football;hip hop;kabaddi,Love bollywood music and football. always up for a good show,front_row,together,food,on_time,introvert,3,english;hindi,either,True,False,False,34,43
106,Hyderabad,17.417,78.509,29,F,anime;bollywood films;food festivals;music festivals,Love anime and bollywood films. chalo saath chalte hain,depends,at_venue,party,early,introvert,2,english;telugu,duo,True,True,True,21,35
107,Bengaluru,12.976,77.567,37,M,improv;musicals;stand-up comedy;theatre,Love improv and musicals. always up for a good show,depends,together,food,on_time,ambivert,3,english;kannada,group,False,False,False,33,46
108,Bengaluru,13.039,77.595,33,F,edm;food festivals;music festivals;sufi,Love edm and food festivals. weekend pe plans chahiye,depends,at_venue,food,on_time,extrovert,3,english;hindi,group,True,False,False,28,37
109,Mumbai,19.072,72.968,26,M,ai;football;kabaddi;tech,Love ai and football. chalo saath chalte hain,depends,at_venue,party,on_time,introvert,1,english;hindi,either,False,False,False,20,33
110,Pune,18.466,73.849,28,F,coding;indie music;pottery;sufi,Love coding and indie music. chalo saath chalte hain,chill,together,home,early,introvert,2,english;hindi,group,True,False,False,23,32
111,Mumbai,19.126,72.931,37,M,edm;hip hop;photography;pottery,Love edm and hip hop. ekdum mast vibe,front_row,together,party,relaxed,introvert,1,english;marathi,duo,False,False,False,30,43
112,Pune,18.539,73.921,24,M,ai;coding;photography;startups,Love ai and coding.,chill,together,party,early,ambivert,3,english;marathi,duo,False,False,False,18,31
113,Bengaluru,12.961,77.566,27,M,ai;anime;hollywood films;startups,Love ai and anime. ekdum mast vibe,front_row,together,food,early,extrovert,2,english;kannada,group,True,False,False,20,33
114,Hyderabad,17.397,78.5,24,X,coding;improv;photography;stand-up comedy,Love coding and improv. chalo saath chalte hain,chill,together,food,early,introvert,1,english;telugu,group,True,False,False,18,33
115,Mumbai,19.018,72.772,32,M,food festivals;indie music;music festivals;rock,Love food festivals and indie music. weekend pe plans chahiye,chill,together,home,on_time,introvert,3,english;marathi,duo,True,False,False,28,40
116,Delhi,28.48,77.229,28,M,football;indie music;kabaddi;rock,Love football and indie music. always up for a good show,depends,together,home,early,ambivert,1,english;hindi,duo,False,False,False,19,36
117,Hyderabad,17.369,78.558,28,M,bollywood music;edm;food festivals;music festivals,Love bollywood music and edm. weekend pe plans chahiye,front_row,at_venue,party,relaxed,ambivert,1,english;hindi,duo,False,False,False,20,36
118,Pune,18.516,73.863,26,F,coding;hip hop;photography;sufi,Love coding and hip hop. chalo saath chalte hain,chill,together,party,on_time,introvert,2,english;marathi,duo,True,False,False,19,35
119,Mumbai,19.052,72.923,26,F,coding;photography;rock;sufi,Love coding and photography. weekend pe plans chahiye,depends,at_venue,food,on_time,extrovert,2,english;hindi,group,True,True,False,22,32
120,Mumbai,19.109,72.829,28,F,coding;improv;photography;stand-up comedy,Love coding and improv. weekend pe plans chahiye,chill,at_venue,party,early,extrovert,3,english;marathi,either,False,False,True,19,33
121,Pune,18.5,73.828,20,F,cricket;food festivals;kabaddi;music festivals,Love cricket and food festivals. chalo saath chalte hain,front_row,together,home,early,ambivert,1,english;marathi,either,True,False,False,18,26
122,Pune,18.422,73.856,25,F,ai;football;kabaddi;tech,Love ai and football. weekend pe plans chahiye,depends,at_venue,food,early,ambivert,3,english;marathi,group,False,False,False,18,34
123,Pune,18.462,73.802,39,F,food festivals;football;kabaddi;music festivals,Love food festivals and football. chalo saath chalte hain,depends,at_venue,home,relaxed,ambivert,1,english;hindi,group,True,True,False,31,46
124,Hyderabad,17.357,78.466,28,F,football;kabaddi;musicals;theatre,Love football and kabaddi. chalo saath chalte hain,depends,at_venue,food,on_time,extrovert,1,english;telugu,duo,False,False,False,20,33
125,Pune,18.444,73.876,18,M,anime;hollywood films;photography;pottery,Love anime and hollywood films. chalo saath chalte hain,depends,together,home,relaxed,extrovert,3,english;marathi,group,True,False,False,18,22
126,Hyderabad,17.374,78.423,22,F,bollywood music;cricket;football;indie music,Love bollywood music and cricket. weekend pe plans chahiye,front_row,at_venue,food,on_time,extrovert,3,english;hindi,either,True,False,False,18,27
127,Delhi,28.663,77.267,35,M,ai;cricket;kabaddi;startups,"Love ai and cricket. new city, new friends",chill,at_venue,food,relaxed,ambivert,2,english;hindi,duo,True,False,False,30,40
128,Mumbai,19.06,72.834,18,M,anime;bollywood films;football;kabaddi,Love anime and bollywood films. chalo saath chalte hain,chill,at_venue,home,relaxed,ambivert,3,english;marathi,duo,True,False,False,18,25
129,Mumbai,19.097,72.866,26,F,cricket;food festivals;football;music festivals,Love cricket and food festivals. weekend pe plans chahiye,depends,at_venue,party,on_time,extrovert,1,english;hindi,either,False,False,False,22,30
130,Hyderabad,17.415,78.429,38,F,cricket;football;musicals;theatre,Love cricket and football. weekend pe plans chahiye,front_row,together,home,on_time,introvert,1,english;telugu,either,True,False,False,29,45
131,Hyderabad,17.445,78.501,33,M,anime;bollywood films;coding;photography,Love anime and bollywood films. weekend pe plans chahiye,chill,at_venue,party,relaxed,ambivert,1,english;telugu,group,False,False,False,25,41
132,Hyderabad,17.299,78.509,33,M,ai;improv;stand-up comedy;startups,Love ai and improv.,depends,at_venue,home,relaxed,extrovert,2,english;hindi,duo,True,False,False,29,41
133,Pune,18.633,73.857,37,M,bollywood music;food festivals;hip hop;music festivals,Love bollywood music and food festivals. ekdum mast vibe,front_row,at_venue,party,early,ambivert,1,english;marathi,duo,False,False,False,32,44
134,Bengaluru,12.97,77.526,38,F,anime;hollywood films;photography;pottery,"Love anime and hollywood films. new city, new friends",depends,together,party,relaxed,introvert,1,english;hindi,duo,True,True,True,30,45
135,Hyderabad,17.396,78.517,27,F,coding;food festivals;music festivals;photography,Love coding and food festivals. weekend pe plans chahiye,depends,at_venue,party,early,extrovert,3,english;telugu,either,True,False,False,23,33
136,Mumbai,19.099,72.801,20,F,ai;coding;pottery;startups,Love ai and coding. always up for a good show,front_row,at_venue,food,on_time,introvert,3,english;hindi,duo,False,True,False,18,29
137,Pune,18.505,73.833,26,F,bollywood films;food festivals;hollywood films;music festivals,Love bollywood films and food festivals. chalo saath chalte hain,depends,at_venue,party,on_time,ambivert,3,english;hindi,group,True,False,False,18,33
138,Hyderabad,17.423,78.493,25,M,cricket;football;improv;stand-up comedy,Love cricket and football. always up for a good show,front_row,together,home,early,ambivert,2,english;telugu,either,False,False,False,18,31
139,Pune,18.552,73.857,25,F,bollywood films;food festivals;hollywood films;music festivals,Love bollywood films and food festivals. ekdum mast vibe,chill,at_venue,food,on_time,ambivert,3,english;hindi,duo,False,False,True,18,30
140,Pune,18.593,73.832,35,M,improv;stand-up comedy;startups;tech,Love improv and stand-up comedy. chalo saath chalte hain,chill,at_venue,food,relaxed,introvert,1,english;hindi,group,False,True,False,26,40
141,Delhi,28.597,77.24,39,M,musicals;photography;pottery;theatre,Love musicals and photography. always up for a good show,front_row,together,food,relaxed,ambivert,3,english;hindi,group,True,False,False,32,47
142,Hyderabad,17.367,78.378,25,F,ai;food festivals;music festivals;startups,Love ai and food festivals. weekend pe plans chahiye,chill,at_venue,food,relaxed,ambivert,2,english;hindi,duo,True,False,False,19,33
143,Hyderabad,17.409,78.46,40,M,food festivals;music festivals;musicals;theatre,Love food festivals and music festivals.,chill,at_venue,party,on_time,introvert,2,english;hindi,group,True,False,False,31,49
144,Hyderabad,17.337,78.535,28,M,coding;improv;pottery;stand-up comedy,Love coding and improv.,depends,at_venue,food,early,ambivert,2,english;telugu,either,True,False,False,22,37
145,Mumbai,19.103,72.83,18,X,food festivals;music festivals;musicals;theatre,Love food festivals and music festivals.,depends,together,party,early,extrovert,3,english;marathi,duo,False,False,False,18,24
146,Hyderabad,17.316,78.56,32,M,food festivals;improv;music festivals;stand-up comedy,Love food festivals and improv. weekend pe plans chahiye,chill,at_venue,food,early,ambivert,1,english;hindi,group,True,False,False,26,38
147,Hyderabad,17.458,78.464,31,M,ai;food festivals;music festivals;tech,"Love ai and food festivals. new city, new friends",chill,at_venue,party,on_time,ambivert,1,english;hindi,group,True,False,False,25,39
148,Hyderabad,17.457,78.483,31,M,coding;musicals;pottery;theatre,Love coding and musicals. ekdum mast vibe,chill,at_venue,home,on_time,ambivert,1,english;hindi,either,True,False,False,26,36
149,Pune,18.532,73.923,38,M,bollywood films;coding;hollywood films;pottery,"Love bollywood films and coding. new city, new friends",depends,at_venue,food,on_time,introvert,3,english;marathi,duo,False,True,False,29,42
150,Bengaluru,12.993,77.598,23,M,football;improv;kabaddi;stand-up comedy,Love football and improv. ekdum mast vibe,front_row,at_venue,party,relaxed,ambivert,2,english;hindi,duo,True,False,False,18,28
151,Hyderabad,17.371,78.457,24,M,anime;bollywood films;improv;stand-up comedy,Love anime and bollywood films. weekend pe plans chahiye,chill,at_venue,party,on_time,introvert,3,english;hindi,duo,False,False,False,20,33
152,Hyderabad,17.382,78.566,20,M,bollywood films;football;hollywood films;kabaddi,Love bollywood films and football. chalo saath chalte hain,chill,at_venue,party,early,introvert,3,english;hindi,either,True,False,False,18,26
153,Mumbai,19.106,72.904,25,F,anime;cricket;hollywood films;kabaddi,Love anime and cricket. ekdum mast vibe,depends,at_venue,home,early,ambivert,3,english;hindi,group,False,False,False,19,30
154,Bengaluru,13.046,77.581,23,M,ai;photography;pottery;startups,Love ai and photography. chalo saath chalte hain,front_row,together,food,early,extrovert,3,english;kannada,either,True,False,False,18,27
155,Bengaluru,12.954,77.612,29,F,edm;football;hip hop;kabaddi,Love edm and football.,front_row,together,party,relaxed,ambivert,1,english;kannada,either,True,False,False,25,33
156,Bengaluru,12.958,77.683,18,F,bollywood films;hollywood films;improv;stand-up comedy,Love bollywood films and hollywood films. chalo saath chalte hain,front_row,together,food,on_time,introvert,1,english;kannada,group,False,False,False,18,26
157,Bengaluru,13.041,77.586,31,M,ai;musicals;startups;theatre,Love ai and musicals.,front_row,together,party,early,ambivert,1,english;kannada,duo,False,False,False,24,39
158,Pune,18.606,73.741,32,F,musicals;photography;pottery;theatre,Love musicals and photography. ekdum mast vibe,front_row,at_venue,home,on_time,extrovert,1,english;marathi,group,False,True,True,26,37
159,Hyderabad,17.436,78.538,34,F,ai;food festivals;music festivals;tech,"Love ai and food festivals. new city, new friends",chill,at_venue,home,relaxed,introvert,3,english;hindi,either,True,False,False,25,40
160,Hyderabad,17.385,78.56,28,M,anime;bollywood films;musicals;theatre,"Love anime and bollywood films. new city, new friends",chill,together,party,early,extrovert,1,english;telugu,duo,True,False,False,19,33
161,Hyderabad,17.31,78.437,26,M,food festivals;music festivals;startups;tech,Love food festivals and music festivals. always up for a good show,depends,together,party,on_time,extrovert,3,english;telugu,either,False,True,False,19,30
162,Mumbai,19.018,72.782,24,F,cricket;food festivals;kabaddi;music festivals,Love cricket and food festivals. weekend pe plans chahiye,chill,at_venue,party,early,extrovert,2,english;hindi,duo,False,False,False,20,30
163,Pune,18.539,73.878,28,F,cricket;football;indie music;rock,Love cricket and football. chalo saath chalte hain,chill,at_venue,food,on_time,introvert,2,english;hindi,either,False,True,True,24,33
164,Bengaluru,12.956,77.613,37,F,ai;improv;stand-up comedy;tech,Love ai and improv. weekend pe plans chahiye,front_row,at_venue,food,relaxed,extrovert,3,english;kannada,either,True,False,False,31,41
165,Pune,18.617,73.955,24,F,anime;hollywood films;improv;stand-up comedy,Love anime and hollywood films. ekdum mast vibe,depends,together,home,relaxed,ambivert,3,english;hindi,duo,True,True,True,20,30
166,Delhi,28.635,77.204,22,M,bollywood music;hip hop;improv;stand-up comedy,Love bollywood music and hip hop. ekdum mast vibe,depends,together,food,on_time,introvert,1,english;hindi,duo,True,True,False,18,28
167,Delhi,28.629,77.253,36,F,improv;musicals;stand-up comedy;theatre,Love improv and musicals. ekdum mast vibe,depends,together,food,on_time,ambivert,3,english;hindi,either,False,True,True,32,40
168,Hyderabad,17.273,78.427,40,M,coding;football;kabaddi;pottery,Love coding and football. weekend pe plans chahiye,chill,at_venue,party,on_time,extrovert,3,english;telugu,group,False,False,False,36,49
169,Delhi,28.569,77.235,28,F,anime;bollywood films;musicals;theatre,Love anime and bollywood films. chalo saath chalte hain,depends,together,food,early,extrovert,3,english;hindi,group,True,False,True,20,37
170,Hyderabad,17.326,78.491,36,F,bollywood films;cricket;football;hollywood films,Love bollywood films and cricket.,front_row,at_venue,food,early,extrovert,2,english;hindi,duo,True,False,True,27,40
171,Bengaluru,13.035,77.544,33,F,coding;food festivals;music festivals;photography,Love coding and food festivals. always up for a good show,front_row,at_venue,food,early,introvert,2,english;hindi,either,True,False,False,25,42
172,Mumbai,19.067,72.8,40,M,ai;improv;stand-up comedy;tech,"Love ai and improv. new city, new friends",chill,at_venue,food,on_time,extrovert,2,english;marathi,group,True,False,False,34,47
173,Bengaluru,12.94,77.633,30,F,coding;musicals;pottery;theatre,Love coding and musicals. chalo saath chalte hain,front_row,at_venue,food,on_time,introvert,1,english;hindi,either,True,False,False,21,35
174,Delhi,28.591,77.207,30,F,football;hip hop;kabaddi;sufi,Love football and hip hop. chalo saath chalte hain,front_row,together,food,early,ambivert,3,english;hindi,group,False,False,False,21,34
175,Hyderabad,17.457,78.468,39,M,coding;cricket;football;pottery,Love coding and cricket.,chill,together,home,relaxed,extrovert,2,english;telugu,duo,True,True,False,30,47
176,Hyderabad,17.403,78.476,21,M,bollywood music;musicals;sufi;theatre,Love bollywood music and musicals. always up for a good show,front_row,together,home,relaxed,introvert,3,english;hindi,duo,True,False,False,18,25
177,Hyderabad,17.398,78.42,40,M,football;kabaddi;startups;tech,Love football and kabaddi. weekend pe plans chahiye,front_row,at_venue,home,early,extrovert,2,english;telugu,either,True,False,False,32,44
178,Bengaluru,12.952,77.488,23,M,musicals;rock;sufi;theatre,Love musicals and rock. weekend pe plans chahiye,depends,together,home,early,extrovert,3,english;kannada,group,False,False,False,18,28
179,Bengaluru,12.923,77.597,20,F,food festivals;hip hop;music festivals;rock,Love food festivals and hip hop. ekdum mast vibe,depends,together,food,relaxed,introvert,1,english;hindi,duo,False,False,False,18,29
180,Pune,18.471,73.918,20,F,anime;bollywood films;food festivals;music festivals,Love anime and bollywood films.,front_row,together,food,on_time,extrovert,2,english;marathi,either,True,False,False,18,25
181,Mumbai,19.104,72.969,39,F,hip hop;improv;indie music;stand-up comedy,Love hip hop and improv. weekend pe plans chahiye,front_row,at_venue,party,relaxed,extrovert,2,english;hindi,duo,True,False,True,32,47
182,Bengaluru,12.97,77.516,31,F,hip hop;improv;indie music;stand-up comedy,Love hip hop and improv. chalo saath chalte hain,front_row,together,party,on_time,extrovert,2,english;kannada,group,True,False,True,24,36
183,Delhi,28.52,77.155,22,M,improv;musicals;stand-up comedy;theatre,Love improv and musicals. ekdum mast vibe,front_row,at_venue,party,relaxed,extrovert,2,english;hindi,group,False,False,False,18,26
184,Mumbai,19.109,73.013,26,M,food festivals;music festivals;musicals;theatre,"Love food festivals and music festivals. new city, new friends",chill,at_venue,home,relaxed,extrovert,2,english;marathi,duo,True,True,False,21,33
185,Hyderabad,17.333,78.602,22,F,food festivals;music festivals;musicals;theatre,Love food festivals and music festivals. ekdum mast vibe,chill,together,party,on_time,ambivert,3,english;telugu,duo,True,False,True,18,31
186,Mumbai,19.011,72.895,39,M,cricket;edm;football;rock,Love cricket and edm. ekdum mast vibe,front_row,together,food,on_time,extrovert,1,english;marathi,duo,True,False,False,30,46
187,Mumbai,19.063,72.859,21,F,cricket;football;improv;stand-up comedy,Love cricket and football. chalo saath chalte hain,chill,at_venue,home,relaxed,extrovert,3,english;hindi,either,True,True,True,18,30
188,Hyderabad,17.451,78.549,30,M,cricket;football;photography;pottery,Love cricket and football. chalo saath chalte hain,chill,at_venue,home,early,introvert,3,english;telugu,group,False,False,False,24,39
189,Pune,18.519,73.875,26,M,bollywood films;hollywood films;musicals;theatre,Love bollywood films and hollywood films.,depends,at_venue,party,relaxed,introvert,2,english;marathi,duo,False,False,False,20,34
190,Delhi,28.471,77.193,24,F,hip hop;musicals;rock;theatre,Love hip hop and musicals. chalo saath chalte hain,chill,at_venue,food,relaxed,extrovert,2,english;hindi,group,True,True,True,18,32
191,Bengaluru,12.926,77.561,19,M,ai;bollywood films;hollywood films;startups,Love ai and bollywood films. chalo saath chalte hain,depends,at_venue,party,early,ambivert,1,english;kannada,group,True,False,False,18,28
192,Pune,18.55,73.848,38,M,coding;hip hop;photography;sufi,Love coding and hip hop. ekdum mast vibe,depends,together,party,on_time,extrovert,3,english;hindi,group,True,True,False,32,42
193,Bengaluru,12.947,77.566,26,M,food festivals;improv;music festivals;stand-up comedy,Love food festivals and improv. ekdum mast vibe,chill,together,party,on_time,ambivert,3,english;hindi,group,True,False,False,18,31
194,Hyderabad,17.364,78.598,32,M,ai;musicals;startups;theatre,Love ai and musicals.,depends,together,home,early,extrovert,3,english;telugu,duo,True,True,False,26,37
195,Hyderabad,17.435,78.535,25,F,musicals;rock;sufi;theatre,Love musicals and rock. weekend pe plans chahiye,front_row,together,food,early,extrovert,3,english;hindi,group,True,True,False,20,32
196,Bengaluru,12.926,77.636,35,F,bollywood films;food festivals;hollywood films;music festivals,Love bollywood films and food festivals. weekend pe plans chahiye,chill,at_venue,home,early,extrovert,3,english;hindi,group,True,False,True,27,39
197,Bengaluru,12.89,77.606,39,M,anime;hollywood films;photography;pottery,Love anime and hollywood films. weekend pe plans chahiye,chill,at_venue,food,early,ambivert,2,english;hindi,either,False,False,False,32,45
198,Mumbai,19.043,72.896,23,M,bollywood music;edm;food festivals;music festivals,"Love bollywood music and edm. new city, new friends",front_row,together,food,relaxed,ambivert,1,english;marathi,duo,False,True,False,18,32
199,Pune,18.596,73.841,34,M,football;improv;kabaddi;stand-up comedy,Love football and improv.,depends,together,food,relaxed,ambivert,1,english;marathi,duo,False,False,False,26,42
200,Delhi,28.687,77.203,35,M,anime;bollywood films;cricket;kabaddi,"Love anime and bollywood films. new city, new friends",front_row,at_venue,food,early,ambivert,2,english;hindi,group,True,False,False,27,43
201,Pune,18.484,73.814,32,F,coding;musicals;pottery;theatre,Love coding and musicals. chalo saath chalte hain,chill,together,party,relaxed,ambivert,3,english;hindi,either,True,False,False,25,37
202,Delhi,28.526,77.215,26,F,bollywood music;indie music;photography;pottery,Love bollywood music and indie music. chalo saath chalte hain,depends,together,party,on_time,ambivert,2,english;hindi,either,False,False,True,19,30
203,Pune,18.448,73.837,27,F,food festivals;improv;music festivals;stand-up comedy,Love food festivals and improv. chalo saath chalte hain,front_row,together,food,on_time,extrovert,1,english;hindi,group,True,False,False,22,35
204,Mumbai,19.035,72.922,36,M,improv;stand-up comedy;startups;tech,Love improv and stand-up comedy.,chill,at_venue,party,on_time,ambivert,1,english;hindi,duo,True,False,False,30,40
205,Hyderabad,17.354,78.433,27,F,edm;food festivals;indie music;music festivals,Love edm and food festivals. ekdum mast vibe,depends,at_venue,home,on_time,extrovert,2,english;telugu,either,False,False,False,22,33
206,Hyderabad,17.357,78.456,22,F,improv;musicals;stand-up comedy;theatre,Love improv and musicals.,chill,together,food,early,extrovert,1,english;hindi,group,True,False,True,18,30
207,Mumbai,19.176,72.884,18,F,cricket;football;startups;tech,Love cricket and football. ekdum mast vibe,front_row,at_venue,party,relaxed,extrovert,2,english;marathi,duo,True,False,True,18,26
208,Hyderabad,17.349,78.552,18,M,cricket;food festivals;kabaddi;music festivals,"Love cricket and food festivals. new city, new friends",chill,together,food,relaxed,ambivert,3,english;telugu,either,False,False,False,18,27
209,Bengaluru,12.962,77.573,35,M,improv;stand-up comedy;startups;tech,Love improv and stand-up comedy.,front_row,together,home,relaxed,ambivert,1,english;hindi,either,True,False,False,29,41
210,Pune,18.548,73.872,32,M,ai;improv;stand-up comedy;startups,Love ai and improv. always up for a good show,front_row,together,food,relaxed,extrovert,3,english;marathi,either,True,False,False,27,40
211,Bengaluru,12.887,77.548,20,M,anime;bollywood films;startups;tech,Love anime and bollywood films.,chill,at_venue,home,relaxed,ambivert,3,english;hindi,group,True,False,False,18,25
212,Delhi,28.682,77.197,40,F,ai;cricket;football;startups,"Love ai and cricket. new city, new friends",chill,at_venue,party,early,introvert,2,english;hindi,either,True,True,True,32,44
213,Pune,18.491,73.838,18,M,indie music;rock;startups;tech,Love indie music and rock. always up for a good show,front_row,together,party,on_time,introvert,3,english;marathi,duo,True,True,False,18,26
214,Bengaluru,12.964,77.575,24,F,bollywood music;musicals;rock;theatre,Love bollywood music and musicals.,chill,together,food,relaxed,introvert,3,english;hindi,duo,False,False,True,18,33
215,Delhi,28.622,77.246,34,F,ai;hip hop;rock;tech,Love ai and hip hop. weekend pe plans chahiye,front_row,at_venue,home,on_time,extrovert,1,english;hindi,group,False,False,False,26,43
216,Mumbai,19.013,72.879,26,M,anime;bollywood films;startups;tech,Love anime and bollywood films. chalo saath chalte hain,chill,together,food,early,extrovert,3,english;hindi,duo,True,False,False,18,33
217,Hyderabad,17.413,78.451,25,F,indie music;musicals;sufi;theatre,Love indie music and musicals.,front_row,together,food,relaxed,extrovert,3,english;telugu,duo,True,True,True,18,31
218,Mumbai,19.007,72.807,34,M,ai;improv;stand-up comedy;startups,Love ai and improv. chalo saath chalte hain,front_row,together,food,relaxed,introvert,3,english;hindi,either,False,False,False,27,40
219,Hyderabad,17.397,78.566,20,M,food festivals;music festivals;musicals;theatre,Love food festivals and music festivals.,chill,at_venue,party,early,introvert,3,english;telugu,group,True,False,False,18,25
220,Mumbai,19.06,72.946,22,F,ai;anime;bollywood films;tech,Love ai and anime. chalo saath chalte hain,chill,together,food,relaxed,ambivert,3,english;marathi,either,False,False,True,18,27
221,Delhi,28.612,77.213,29,M,ai;food festivals;music festivals;tech,Love ai and food festivals. chalo saath chalte hain,front_row,together,home,on_time,extrovert,2,english;hindi,either,True,False,False,22,35
222,Hyderabad,17.347,78.516,27,M,anime;bollywood films;food festivals;music festivals,Love anime and bollywood films. chalo saath chalte hain,front_row,at_venue,home,relaxed,introvert,3,english;hindi,either,True,False,False,20,36
223,Bengaluru,12.854,77.674,37,F,food festivals;music festivals;musicals;theatre,Love food festivals and music festivals. weekend pe plans chahiye,front_row,together,food,early,ambivert,3,english;hindi,group,True,False,False,30,41
224,Delhi,28.628,77.263,40,M,improv;indie music;rock;stand-up comedy,Love improv and indie music. chalo saath chalte hain,depends,at_venue,home,on_time,introvert,2,english;hindi,either,False,False,False,31,48
225,Mumbai,19.101,72.757,40,F,cricket;edm;kabaddi;rock,Love cricket and edm. chalo saath chalte hain,depends,together,food,on_time,extrovert,1,english;marathi,duo,True,False,False,31,46
226,Pune,18.486,73.831,35,F,ai;cricket;football;tech,Love ai and cricket. ekdum mast vibe,depends,together,home,early,introvert,3,english;hindi,group,False,False,True,29,43
227,Bengaluru,12.884,77.632,21,M,food festivals;improv;music festivals;stand-up comedy,Love food festivals and improv. chalo saath chalte hain,front_row,at_venue,party,on_time,ambivert,3,english;hindi,either,True,False,False,18,27
228,Bengaluru,13.031,77.56,32,F,improv;musicals;stand-up comedy;theatre,Love improv and musicals. always up for a good show,front_row,at_venue,food,on_time,ambivert,3,english;hindi,either,True,False,False,25,41
229,Pune,18.527,73.879,22,M,edm;football;indie music;kabaddi,Love edm and football.,depends,together,food,on_time,extrovert,2,english;marathi,duo,False,False,False,18,30
230,Hyderabad,17.371,78.412,25,M,bollywood films;hollywood films;improv;stand-up comedy,"Love bollywood films and hollywood films. new city, new friends",chill,together,food,early,extrovert,2,english;telugu,either,True,True,False,19,31
231,Bengaluru,12.945,77.607,27,F,improv;stand-up comedy;startups;tech,Love improv and stand-up comedy. ekdum mast vibe,depends,at_venue,home,early,introvert,3,english;kannada,either,True,False,True,20,36
232,Bengaluru,12.945,77.532,27,M,ai;coding;photography;tech,Love ai and coding.,chill,together,party,relaxed,introvert,3,english;kannada,either,True,False,False,21,31
233,Delhi,28.558,77.184,26,M,anime;football;hollywood films;kabaddi,Love anime and football. chalo saath chalte hain,chill,at_venue,home,early,introvert,3,english;hindi,either,True,False,False,22,32
234,Mumbai,19.089,72.929,37,M,cricket;edm;football;rock,Love cricket and edm. always up for a good show,front_row,at_venue,home,on_time,ambivert,3,english;marathi,group,True,False,False,33,41
235,Mumbai,19.025,72.884,36,M,improv;stand-up comedy;startups;tech,Love improv and stand-up comedy. ekdum mast vibe,front_row,together,food,on_time,extrovert,1,english;hindi,either,True,False,False,32,40
236,Bengaluru,12.902,77.561,20,X,food festivals;music festivals;musicals;theatre,"Love food festivals and music festivals. new city, new friends",depends,together,home,on_time,introvert,1,english;hindi,duo,True,False,False,18,27
237,Mumbai,19.08,72.88,25,M,food festivals;indie music;music festivals;sufi,Love food festivals and indie music. chalo saath chalte hain,depends,together,party,relaxed,ambivert,2,english;hindi,duo,True,False,False,19,31
238,Mumbai,19.122,72.809,27,F,bollywood films;hollywood films;photography;pottery,Love bollywood films and hollywood films. weekend pe plans chahiye,front_row,at_venue,home,early,extrovert,3,english;marathi,either,True,True,True,19,36
239,Pune,18.455,73.89,38,M,ai;edm;indie music;startups,Love ai and edm. ekdum mast vibe,front_row,at_venue,food,on_time,introvert,1,english;hindi,either,False,False,False,30,43
240,Hyderabad,17.346,78.456,40,F,anime;coding;hollywood films;pottery,Love anime and coding. weekend pe plans chahiye,front_row,at_venue,food,early,ambivert,2,english;hindi,either,True,False,False,34,47
241,Hyderabad,17.334,78.49,32,M,anime;bollywood films;coding;pottery,Love anime and bollywood films. always up for a good show,depends,at_venue,food,relaxed,extrovert,3,english;telugu,group,False,True,False,24,38
242,Bengaluru,12.964,77.534,25,F,bollywood music;cricket;edm;football,Love bollywood music and cricket. weekend pe plans chahiye,chill,at_venue,party,early,introvert,2,english;hindi,duo,False,False,False,19,32
243,Delhi,28.617,77.144,19,M,ai;musicals;startups;theatre,Love ai and musicals. chalo saath chalte hain,front_row,together,home,relaxed,ambivert,2,english;hindi,either,False,False,False,18,26
244,Mumbai,19.02,72.951,27,F,coding;musicals;photography;theatre,"Love coding and musicals. new city, new friends",chill,together,food,early,introvert,2,english;hindi,duo,True,False,False,20,33
245,Hyderabad,17.441,78.407,27,F,anime;bollywood music;edm;hollywood films,"Love anime and bollywood music. new city, new friends",front_row,together,food,relaxed,introvert,1,english;telugu,duo,True,True,False,21,35
246,Mumbai,18.983,72.861,40,M,cricket;kabaddi;musicals;theatre,Love cricket and kabaddi. weekend pe plans chahiye,chill,at_venue,party,early,ambivert,1,english;marathi,group,False,True,False,34,47
247,Delhi,28.636,77.194,24,F,coding;football;kabaddi;pottery,Love coding and football. ekdum mast vibe,depends,at_venue,home,relaxed,extrovert,3,english;hindi,group,True,False,False,20,32
248,Bengaluru,13.02,77.497,34,F,improv;musicals;stand-up comedy;theatre,Love improv and musicals. ekdum mast vibe,depends,at_venue,party,early,extrovert,1,english;hindi,group,True,False,False,26,43
249,Delhi,28.66,77.233,34,M,ai;coding;photography;startups,Love ai and coding. ekdum mast vibe,depends,together,party,relaxed,extrovert,3,english;hindi,group,False,False,False,28,41
250,Mumbai,19.032,72.911,23,F,improv;musicals;stand-up comedy;theatre,Love improv and musicals. weekend pe plans chahiye,depends,together,home,on_time,ambivert,3,english;marathi,duo,False,False,False,18,28
251,Pune,18.465,73.877,22,M,ai;bollywood films;hollywood films;startups,"Love ai and bollywood films. new city, new friends",depends,together,home,on_time,introvert,2,english;hindi,group,False,False,False,18,30
252,Mumbai,19.031,72.848,27,F,coding;cricket;football;photography,Love coding and cricket. always up for a good show,front_row,together,party,early,ambivert,1,english;marathi,either,False,False,True,23,35
253,Mumbai,19.02,72.859,20,F,coding;food festivals;music festivals;photography,Love coding and food festivals. weekend pe plans chahiye,chill,together,home,on_time,extrovert,1,english;marathi,either,False,False,True,18,24
254,Bengaluru,12.937,77.586,20,M,improv;musicals;stand-up comedy;theatre,Love improv and musicals. ekdum mast vibe,front_row,at_venue,home,on_time,introvert,1,english;kannada,either,False,False,False,18,26
255,Hyderabad,17.456,78.538,20,M,ai;improv;stand-up comedy;tech,Love ai and improv.,chill,together,food,early,ambivert,1,english;telugu,group,True,False,False,18,27
256,Pune,18.532,73.9,21,M,edm;musicals;rock;theatre,Love edm and musicals. chalo saath chalte hain,front_row,at_venue,home,on_time,ambivert,3,english;marathi,group,True,False,False,18,27
257,Delhi,28.65,77.299,35,F,ai;musicals;tech;theatre,Love ai and musicals. weekend pe plans chahiye,depends,at_venue,party,on_time,extrovert,1,english;hindi,either,True,False,False,29,39
258,Mumbai,18.976,72.891,32,M,ai;food festivals;music festivals;tech,Love ai and food festivals. always up for a good show,chill,together,food,relaxed,introvert,3,english;hindi,duo,False,False,False,28,36
259,Pune,18.481,73.8,22,F,cricket;improv;kabaddi;stand-up comedy,Love cricket and improv. always up for a good show,front_row,at_venue,home,relaxed,introvert,1,english;marathi,group,True,False,False,18,27
260,Mumbai,19.022,72.85,31,F,anime;hollywood films;improv;stand-up comedy,Love anime and hollywood films. weekend pe plans chahiye,depends,at_venue,home,on_time,introvert,3,english;hindi,either,True,False,False,24,35
261,Hyderabad,17.392,78.463,23,M,edm;hip hop;improv;stand-up comedy,Love edm and hip hop. always up for a good show,chill,at_venue,party,on_time,extrovert,3,english;telugu,duo,True,True,False,19,32
262,Delhi,28.673,77.057,32,F,bollywood films;hollywood films;musicals;theatre,Love bollywood films and hollywood films. chalo saath chalte hain,depends,together,home,relaxed,ambivert,2,english;hindi,group,True,False,True,24,40
263,Mumbai,18.98,72.934,30,M,coding;food festivals;music festivals;pottery,Love coding and food festivals.,depends,together,home,early,ambivert,1,english;marathi,group,False,False,False,26,36
264,Bengaluru,13.008,77.509,31,M,food festivals;music festivals;musicals;theatre,Love food festivals and music festivals. always up for a good show,depends,at_venue,party,on_time,introvert,3,english;hindi,duo,False,False,False,22,40
265,Bengaluru,12.97,77.537,31,F,food festivals;improv;music festivals;stand-up comedy,Love food festivals and improv. weekend pe plans chahiye,front_row,together,food,early,ambivert,2,english;hindi,group,False,False,False,24,40
266,Bengaluru,12.953,77.504,37,M,musicals;startups;tech;theatre,Love musicals and startups. chalo saath chalte hain,chill,at_venue,home,on_time,extrovert,2,english;kannada,group,True,False,False,29,45
267,Delhi,28.626,77.12,34,M,musicals;photography;pottery;theatre,Love musicals and photography. weekend pe plans chahiye,front_row,together,home,relaxed,introvert,2,english;hindi,group,False,False,False,26,43
268,Pune,18.506,73.827,33,M,bollywood music;food festivals;music festivals;sufi,Love bollywood music and food festivals.,front_row,together,home,on_time,extrovert,2,english;marathi,either,True,True,False,28,41
269,Bengaluru,12.996,77.606,22,F,bollywood films;food festivals;hollywood films;music festivals,Love bollywood films and food festivals. always up for a good show,chill,at_venue,party,early,introvert,2,english;kannada,either,True,False,True,18,26
270,Hyderabad,17.47,78.42,35,M,cricket;football;musicals;theatre,Love cricket and football. chalo saath chalte hain,depends,at_venue,food,on_time,extrovert,1,english;telugu,duo,True,False,False,29,41
271,Delhi,28.622,77.181,37,F,anime;edm;hollywood films;sufi,Love anime and edm.,front_row,together,party,on_time,ambivert,2,english;hindi,group,True,True,False,29,43
272,Pune,18.48,73.789,37,M,food festivals;music festivals;photography;pottery,Love food festivals and music festivals.,depends,at_venue,party,on_time,extrovert,3,english;marathi,duo,True,False,False,32,45
273,Hyderabad,17.405,78.502,24,M,cricket;football;startups;tech,Love cricket and football.,depends,together,party,on_time,extrovert,3,english;hindi,duo,False,True,False,18,30
274,Bengaluru,12.993,77.607,20,F,anime;coding;hollywood films;pottery,Love anime and coding. chalo saath chalte hain,depends,at_venue,food,early,ambivert,3,english;hindi,either,True,False,False,18,25
275,Hyderabad,17.322,78.576,18,M,anime;hollywood films;improv;stand-up comedy,"Love anime and hollywood films. new city, new friends",chill,at_venue,home,early,introvert,1,english;hindi,group,True,False,False,18,23
276,Pune,18.519,73.824,18,F,improv;stand-up comedy;startups;tech,Love improv and stand-up comedy. chalo saath chalte hain,depends,together,food,relaxed,introvert,3,english;hindi,group,True,False,True,18,25
277,Bengaluru,12.905,77.521,27,F,anime;bollywood films;food festivals;music festivals,Love anime and bollywood films. ekdum mast vibe,depends,at_venue,party,on_time,ambivert,3,english;kannada,group,True,False,False,22,32
278,Pune,18.553,73.837,30,F,ai;hip hop;indie music;startups,Love ai and hip hop. weekend pe plans chahiye,chill,together,home,relaxed,introvert,1,english;hindi,duo,False,True,False,24,35
279,Bengaluru,13.018,77.628,28,M,improv;musicals;stand-up comedy;theatre,Love improv and musicals. weekend pe plans chahiye,front_row,at_venue,food,on_time,extrovert,2,english;kannada,group,True,False,False,24,35
280,Delhi,28.639,77.214,35,F,bollywood films;hollywood films;photography;pottery,Love bollywood films and hollywood films. weekend pe plans chahiye,front_row,together,party,early,introvert,1,english;hindi,either,True,True,True,27,43
281,Hyderabad,17.388,78.516,23,M,cricket;edm;football;rock,"Love cricket and edm. new city, new friends",depends,together,party,early,extrovert,2,english;hindi,either,False,False,False,18,32
282,Mumbai,19.162,72.891,36,M,bollywood music;coding;pottery;rock,Love bollywood music and coding. weekend pe plans chahiye,depends,at_venue,food,relaxed,introvert,2,english;hindi,either,True,False,False,30,40
283,Mumbai,19.102,72.868,39,F,anime;bollywood films;musicals;theatre,Love anime and bollywood films. always up for a good show,front_row,together,food,early,introvert,1,english;marathi,duo,True,False,True,33,44
284,Hyderabad,17.321,78.485,40,F,bollywood films;food festivals;hollywood films;music festivals,Love bollywood films and food festivals. chalo saath chalte hain,front_row,together,party,on_time,introvert,2,english;telugu,group,True,True,True,35,45
285,Delhi,28.622,77.26,19,M,bollywood music;startups;sufi;tech,Love bollywood music and startups. ekdum mast vibe,front_row,together,party,relaxed,introvert,2,english;hindi,either,True,False,False,18,27
286,Delhi,28.624,77.24,21,M,ai;cricket;kabaddi;startups,Love ai and cricket. ekdum mast vibe,front_row,at_venue,food,relaxed,ambivert,2,english;hindi,either,False,False,False,18,26
287,Mumbai,19.036,72.787,28,X,food festivals;improv;music festivals;stand-up comedy,Love food festivals and improv. chalo saath chalte hain,chill,at_venue,party,on_time,extrovert,3,english;hindi,group,True,False,False,24,32
288,Bengaluru,12.958,77.569,29,M,edm;football;kabaddi;rock,Love edm and football. always up for a good show,depends,at_venue,food,relaxed,introvert,3,english;hindi,duo,True,False,False,20,35
289,Mumbai,19.101,72.923,40,F,football;hip hop;kabaddi;rock,Love football and hip hop. ekdum mast vibe,depends,at_venue,food,relaxed,introvert,2,english;hindi,group,True,False,True,31,49
290,Pune,18.559,73.885,19,M,bollywood films;hollywood films;improv;stand-up comedy,Love bollywood films and hollywood films.,chill,together,party,relaxed,extrovert,2,english;hindi,either,True,False,False,18,23
291,Bengaluru,13.082,77.568,29,F,anime;hollywood films;improv;stand-up comedy,Love anime and hollywood films. ekdum mast vibe,depends,together,home,relaxed,introvert,3,english;kannada,group,True,False,False,23,38
292,Delhi,28.574,77.191,30,M,food festivals;improv;music festivals;stand-up comedy,Love food festivals and improv. chalo saath chalte hain,front_row,together,party,relaxed,ambivert,1,english;hindi,duo,False,False,False,25,35
293,Mumbai,19.059,73.013,26,M,ai;bollywood films;hollywood films;startups,Love ai and bollywood films. always up for a good show,chill,together,food,relaxed,extrovert,3,english;hindi,duo,True,False,False,21,34
294,Pune,18.502,73.863,19,F,food festivals;hip hop;music festivals;sufi,Love food festivals and hip hop.,chill,together,party,relaxed,ambivert,2,english;marathi,group,True,False,False,18,24
295,Mumbai,19.093,72.837,29,M,anime;food festivals;hollywood films;music festivals,Love anime and food festivals.,chill,together,home,relaxed,introvert,2,english;hindi,group,True,True,False,21,38
296,Bengaluru,13.001,77.66,35,M,ai;musicals;tech;theatre,Love ai and musicals. always up for a good show,front_row,at_venue,home,on_time,extrovert,3,english;hindi,duo,True,True,False,28,44
297,Mumbai,19.039,72.847,33,F,food festivals;improv;music festivals;stand-up comedy,Love food festivals and improv. always up for a good show,front_row,together,food,on_time,extrovert,2,english;hindi,group,True,True,False,24,38
298,Mumbai,19.1,72.903,20,F,hip hop;musicals;rock;theatre,Love hip hop and musicals.,depends,together,party,early,introvert,2,english;marathi,either,True,False,True,18,29
299,Hyderabad,17.298,78.488,37,F,coding;musicals;pottery;theatre,Love coding and musicals. always up for a good show,chill,at_venue,food,early,introvert,1,english;telugu,either,True,False,True,28,41
300,Hyderabad,17.335,78.489,22,F,food festivals;music festivals;musicals;theatre,"Love food festivals and music festivals. new city, new friends",depends,at_venue,party,on_time,extrovert,1,english;hindi,either,True,False,False,18,28
301,Delhi,28.587,77.2,24,F,ai;photography;pottery;startups,"Love ai and photography. new city, new friends",depends,at_venue,party,relaxed,extrovert,2,english;hindi,group,False,False,False,18,32
302,Mumbai,19.107,72.856,30,M,bollywood music;improv;stand-up comedy;sufi,Love bollywood music and improv. ekdum mast vibe,chill,together,food,relaxed,ambivert,3,english;hindi,duo,True,True,False,24,37
303,Bengaluru,12.972,77.595,19,M,anime;bollywood films;food festivals;music festivals,Love anime and bollywood films. weekend pe plans chahiye,depends,together,party,relaxed,extrovert,3,english;kannada,duo,False,False,False,18,26
304,Hyderabad,17.389,78.447,19,M,coding;musicals;pottery;theatre,Love coding and musicals.,chill,together,home,relaxed,ambivert,1,english;hindi,either,True,False,False,18,28
305,Pune,18.534,73.881,38,F,anime;coding;hollywood films;photography,Love anime and coding.,front_row,at_venue,food,early,extrovert,2,english;hindi,duo,False,False,True,32,47
306,Delhi,28.609,77.164,22,F,anime;hollywood films;improv;stand-up comedy,Love anime and hollywood films. ekdum mast vibe,front_row,at_venue,home,on_time,ambivert,3,english;hindi,duo,False,False,False,18,27
307,Delhi,28.583,77.13,38,F,musicals;photography;pottery;theatre,Love musicals and photography. weekend pe plans chahiye,depends,at_venue,party,early,introvert,1,english;hindi,either,False,False,False,33,44
308,Delhi,28.495,77.261,36,F,food festivals;music festivals;musicals;theatre,Love food festivals and music festivals. ekdum mast vibe,depends,at_venue,food,on_time,ambivert,2,english;hindi,either,True,False,False,29,45
309,Hyderabad,17.346,78.494,35,F,ai;musicals;tech;theatre,Love ai and musicals. always up for a good show,front_row,together,home,relaxed,ambivert,2,english;telugu,duo,True,True,False,27,41
310,Pune,18.498,73.877,18,F,ai;musicals;startups;theatre,"Love ai and musicals. new city, new friends",depends,at_venue,food,early,ambivert,2,english;hindi,group,True,False,False,18,23
311,Hyderabad,17.479,78.459,37,M,bollywood music;improv;stand-up comedy;sufi,Love bollywood music and improv. ekdum mast vibe,depends,together,party,on_time,introvert,2,english;hindi,either,True,False,False,32,41
312,Pune,18.543,73.875,37,M,coding;improv;pottery;stand-up comedy,Love coding and improv. weekend pe plans chahiye,front_row,together,home,early,ambivert,2,english;hindi,either,True,True,False,32,42
313,Delhi,28.671,77.269,18,F,anime;hollywood films;musicals;theatre,Love anime and hollywood films. always up for a good show,chill,together,food,relaxed,introvert,3,english;hindi,either,True,False,False,18,22
314,Hyderabad,17.37,78.462,34,M,food festivals;improv;music festivals;stand-up comedy,Love food festivals and improv. chalo saath chalte hain,depends,at_venue,party,early,ambivert,1,english;telugu,group,True,False,False,29,42
315,Pune,18.617,73.857,27,X,anime;bollywood films;hip hop;indie music,Love anime and bollywood films.,chill,at_venue,party,early,ambivert,1,english;marathi,duo,False,True,False,22,33
316,Hyderabad,17.388,78.511,35,M,cricket;hip hop;kabaddi;sufi,Love cricket and hip hop. always up for a good show,depends,together,food,early,extrovert,1,english;telugu,duo,True,False,False,29,42
317,Pune,18.541,73.92,35,F,cricket;improv;kabaddi;stand-up comedy,Love cricket and improv. weekend pe plans chahiye,front_row,together,party,on_time,extrovert,1,english;hindi,group,True,True,False,30,42
318,Mumbai,19.084,72.928,20,M,edm;musicals;sufi;theatre,Love edm and musicals. ekdum mast vibe,depends,together,home,on_time,extrovert,1,english;hindi,duo,True,True,False,18,24
319,Bengaluru,12.976,77.733,25,F,ai;anime;bollywood films;startups,"Love ai and anime. new city, new friends",depends,at_venue,food,on_time,introvert,3,english;hindi,group,True,False,False,18,31
320,Delhi,28.605,77.25,40,X,anime;coding;hollywood films;pottery,Love anime and coding. ekdum mast vibe,depends,at_venue,food,on_time,ambivert,1,english;hindi,group,True,True,False,34,47
321,Pune,18.553,73.888,28,M,ai;improv;stand-up comedy;tech,Love ai and improv. chalo saath chalte hain,depends,together,party,early,introvert,3,english;hindi,either,False,False,False,21,35
322,Hyderabad,17.401,78.547,30,M,ai;food festivals;music festivals;startups,"Love ai and food festivals. new city, new friends",depends,at_venue,party,early,ambivert,3,english;telugu,duo,False,False,False,25,37
323,Hyderabad,17.512,78.561,40,F,improv;musicals;stand-up comedy;theatre,"Love improv and musicals. new city, new friends",front_row,together,party,relaxed,introvert,2,english;hindi,group,True,False,True,36,45
324,Delhi,28.608,77.289,39,M,cricket;kabaddi;musicals;theatre,Love cricket and kabaddi. weekend pe plans chahiye,front_row,at_venue,home,early,ambivert,3,english;hindi,duo,True,False,False,30,46
325,Mumbai,19.072,72.864,38,M,anime;hollywood films;musicals;theatre,Love anime and hollywood films. weekend pe plans chahiye,front_row,at_venue,home,relaxed,extrovert,2,english;marathi,either,True,False,False,33,47
326,Bengaluru,12.891,77.628,33,F,bollywood films;football;hollywood films;kabaddi,"Love bollywood films and football. new city, new friends",chill,at_venue,home,relaxed,ambivert,3,english;kannada,group,False,True,True,25,40
327,Pune,18.476,73.799,29,F,ai;musicals;tech;theatre,Love ai and musicals. ekdum mast vibe,front_row,at_venue,home,early,introvert,2,english;hindi,group,True,False,False,22,37
328,Hyderabad,17.399,78.452,39,M,improv;photography;pottery;stand-up comedy,Love improv and photography. always up for a good show,depends,at_venue,food,early,extrovert,2,english;hindi,either,False,True,False,35,44
329,Pune,18.503,73.738,25,M,bollywood music;improv;indie music;stand-up comedy,Love bollywood music and improv.,depends,together,party,early,introvert,1,english;hindi,group,True,False,False,21,33
330,Delhi,28.669,77.277,24,M,food festivals;music festivals;musicals;theatre,Love food festivals and music festivals. always up for a good show,depends,at_venue,food,early,introvert,2,english;hindi,either,True,False,False,20,32
331,Delhi,28.6,77.287,36,F,football;kabaddi;musicals;theatre,Love football and kabaddi. always up for a good show,depends,together,home,on_time,ambivert,1,english;hindi,duo,True,False,False,30,43
332,Mumbai,19.167,72.802,18,F,anime;hollywood films;musicals;theatre,Love anime and hollywood films. ekdum mast vibe,chill,together,party,relaxed,introvert,3,english;hindi,group,True,False,False,18,22
333,Delhi,28.53,77.16,22,F,food festivals;music festivals;rock;sufi,Love food festivals and music festivals. weekend pe plans chahiye,depends,at_venue,home,on_time,ambivert,1,english;hindi,either,False,False,False,18,29
334,Hyderabad,17.422,78.528,22,M,bollywood films;hollywood films;improv;stand-up comedy,Love bollywood films and hollywood films. weekend pe plans chahiye,chill,at_venue,food,early,introvert,1,english;hindi,either,False,False,False,18,30
335,Hyderabad,17.358,78.466,33,M,improv;musicals;stand-up comedy;theatre,Love improv and musicals. always up for a good show,chill,together,home,on_time,extrovert,3,english;telugu,group,True,False,False,24,39
336,Hyderabad,17.355,78.395,34,F,food festivals;music festivals;musicals;theatre,Love food festivals and music festivals. always up for a good show,depends,at_venue,home,on_time,extrovert,1,english;telugu,group,False,True,True,25,41
337,Bengaluru,12.933,77.573,36,M,coding;food festivals;music festivals;pottery,Love coding and food festivals.,front_row,at_venue,party,early,introvert,2,english;hindi,either,False,False,False,30,40
338,Pune,18.537,73.886,23,M,coding;food festivals;music festivals;photography,Love coding and food festivals.,front_row,together,home,on_time,extrovert,2,english;marathi,duo,False,False,False,18,31
339,Mumbai,19.062,72.969,22,M,improv;musicals;stand-up comedy;theatre,Love improv and musicals. always up for a good show,depends,at_venue,party,relaxed,introvert,3,english;hindi,either,True,True,False,18,29
340,Pune,18.526,73.899,37,F,bollywood music;indie music;startups;tech,"Love bollywood music and indie music. new city, new friends",depends,together,party,early,extrovert,1,english;hindi,group,True,False,False,31,42
341,Delhi,28.652,77.171,23,M,bollywood music;edm;improv;stand-up comedy,Love bollywood music and edm.,chill,at_venue,party,early,extrovert,2,english;hindi,either,False,False,False,18,28
342,Mumbai,19.138,72.905,23,F,improv;musicals;stand-up comedy;theatre,Love improv and musicals. ekdum mast vibe,depends,together,food,on_time,extrovert,2,english;hindi,group,True,False,False,19,31
343,Delhi,28.632,77.254,28,F,food festivals;music festivals;musicals;theatre,Love food festivals and music festivals. weekend pe plans chahiye,depends,at_venue,party,relaxed,ambivert,1,english;hindi,group,True,False,False,22,32
344,Hyderabad,17.356,78.487,26,M,food festivals;music festivals;startups;tech,"Love food festivals and music festivals. new city, new friends",front_row,at_venue,home,on_time,introvert,2,english;telugu,either,False,False,False,18,35
345,Delhi,28.603,77.119,34,F,anime;food festivals;hollywood films;music festivals,Love anime and food festivals.,chill,together,food,early,ambivert,1,english;hindi,duo,True,False,False,29,38
346,Hyderabad,17.442,78.514,32,M,bollywood films;football;hollywood films;kabaddi,Love bollywood films and football. ekdum mast vibe,depends,together,food,relaxed,introvert,3,english;hindi,either,False,True,False,24,37
347,Delhi,28.571,77.128,39,F,improv;musicals;stand-up comedy;theatre,Love improv and musicals. ekdum mast vibe,front_row,together,home,relaxed,extrovert,3,english;hindi,either,False,False,False,32,45
348,Mumbai,19.074,72.853,28,F,edm;food festivals;music festivals;rock,"Love edm and food festivals. new city, new friends",chill,at_venue,home,relaxed,ambivert,2,english;marathi,duo,True,False,False,23,37
349,Hyderabad,17.363,78.382,19,M,football;hip hop;kabaddi;rock,Love football and hip hop. weekend pe plans chahiye,depends,at_venue,food,relaxed,introvert,1,english;telugu,duo,True,True,False,18,28
350,Hyderabad,17.459,78.505,38,M,ai;cricket;kabaddi;tech,Love ai and cricket. always up for a good show,depends,together,food,on_time,extrovert,3,english;telugu,duo,True,False,False,29,45
351,Hyderabad,17.395,78.509,19,F,improv;musicals;stand-up comedy;theatre,Love improv and musicals. ekdum mast vibe,chill,at_venue,home,on_time,extrovert,1,english;telugu,group,True,True,False,18,28
352,Pune,18.517,73.876,23,F,anime;bollywood films;musicals;theatre,Love anime and bollywood films. weekend pe plans chahiye,depends,at_venue,home,relaxed,ambivert,2,english;marathi,duo,True,False,True,18,31
353,Delhi,28.61,77.226,24,M,anime;cricket;hollywood films;kabaddi,Love anime and cricket. ekdum mast vibe,depends,at_venue,food,on_time,ambivert,1,english;hindi,group,False,False,False,18,32
354,Mumbai,19.107,72.836,22,X,bollywood music;cricket;football;rock,Love bollywood music and cricket. always up for a good show,depends,at_venue,food,on_time,ambivert,2,english;marathi,group,False,False,False,18,28
355,Mumbai,19.138,72.892,30,M,food festivals;hip hop;music festivals;sufi,Love food festivals and hip hop.,depends,together,food,on_time,ambivert,1,english;marathi,either,True,False,False,22,36
356,Pune,18.531,73.916,30,M,anime;bollywood films;improv;stand-up comedy,Love anime and bollywood films. ekdum mast vibe,depends,at_venue,food,relaxed,extrovert,3,english;marathi,duo,False,True,False,22,37
357,Mumbai,18.993,72.919,24,F,ai;cricket;football;startups,Love ai and cricket.,chill,at_venue,food,on_time,ambivert,2,english;marathi,group,True,False,False,20,30
358,Delhi,28.575,77.292,33,F,cricket;food festivals;kabaddi;music festivals,Love cricket and food festivals.,depends,together,home,early,ambivert,3,english;hindi,duo,False,True,False,26,38
359,Mumbai,19.144,72.951,21,M,ai;musicals;tech;theatre,Love ai and musicals. weekend pe plans chahiye,chill,together,home,relaxed,ambivert,1,english;marathi,duo,True,False,False,18,27
360,Delhi,28.614,77.266,22,M,anime;bollywood films;musicals;theatre,Love anime and bollywood films. weekend pe plans chahiye,front_row,at_venue,food,on_time,ambivert,1,english;hindi,either,False,True,False,18,28
361,Pune,18.554,73.827,18,M,coding;cricket;kabaddi;pottery,Love coding and cricket.,depends,at_venue,party,relaxed,extrovert,2,english;marathi,group,False,False,False,18,24
362,Pune,18.513,73.939,30,F,bollywood films;food festivals;hollywood films;music festivals,Love bollywood films and food festivals. always up for a good show,chill,together,food,early,introvert,2,english;hindi,group,False,False,True,22,34
363,Bengaluru,13.036,77.553,30,M,musicals;startups;tech;theatre,Love musicals and startups. weekend pe plans chahiye,chill,at_venue,party,early,introvert,3,english;kannada,duo,True,False,False,23,37
364,Pune,18.543,73.806,27,F,anime;food festivals;hollywood films;music festivals,Love anime and food festivals. always up for a good show,front_row,at_venue,home,on_time,extrovert,1,english;hindi,either,False,False,True,23,33
365,Hyderabad,17.371,78.486,22,F,cricket;kabaddi;musicals;theatre,Love cricket and kabaddi. ekdum mast vibe,front_row,at_venue,home,relaxed,ambivert,2,english;telugu,group,True,False,False,18,27
366,Hyderabad,17.403,78.565,40,M,improv;stand-up comedy;startups;tech,"Love improv and stand-up comedy. new city, new friends",front_row,together,home,on_time,ambivert,1,english;hindi,either,False,True,False,35,48
367,Pune,18.57,73.822,35,F,bollywood music;improv;indie music;stand-up comedy,Love bollywood music and improv. ekdum mast vibe,chill,at_venue,food,on_time,ambivert,1,english;marathi,either,True,True,True,31,43
368,Mumbai,19.012,72.826,27,M,coding;edm;photography;rock,Love coding and edm. weekend pe plans chahiye,depends,at_venue,home,early,ambivert,3,english;marathi,duo,False,False,False,20,35
369,Mumbai,19.083,72.897,32,M,ai;bollywood films;hollywood films;tech,Love ai and bollywood films. ekdum mast vibe,chill,together,party,relaxed,introvert,1,english;marathi,group,True,True,False,25,41
370,Bengaluru,12.982,77.586,36,M,coding;improv;photography;stand-up comedy,Love coding and improv. always up for a good show,depends,at_venue,home,on_time,introvert,3,english;hindi,duo,True,False,False,31,45
371,Delhi,28.649,77.205,33,F,cricket;food festivals;football;music festivals,Love cricket and food festivals. always up for a good show,front_row,together,home,relaxed,extrovert,2,english;hindi,either,True,False,True,27,37
372,Hyderabad,17.331,78.496,25,F,cricket;kabaddi;startups;tech,Love cricket and kabaddi. weekend pe plans chahiye,depends,at_venue,party,early,introvert,1,english;telugu,either,False,False,False,18,34
373,Delhi,28.605,77.301,28,F,ai;improv;stand-up comedy;startups,Love ai and improv. always up for a good show,depends,together,home,relaxed,ambivert,3,english;hindi,either,False,False,False,21,35
374,Delhi,28.594,77.162,25,M,edm;hip hop;musicals;theatre,"Love edm and hip hop. new city, new friends",depends,at_venue,home,relaxed,introvert,3,english;hindi,group,True,True,False,19,32
375,Pune,18.479,73.768,31,F,food festivals;music festivals;musicals;theatre,Love food festivals and music festivals. chalo saath chalte hain,chill,at_venue,food,early,extrovert,3,english;marathi,either,True,True,True,26,40
376,Delhi,28.561,77.229,28,F,edm;hip hop;musicals;theatre,Love edm and hip hop.,front_row,at_venue,home,relaxed,extrovert,2,english;hindi,either,True,False,False,24,37
377,Delhi,28.631,77.246,38,F,cricket;kabaddi;musicals;theatre,"Love cricket and kabaddi. new city, new friends",depends,together,home,early,introvert,3,english;hindi,duo,False,False,False,33,43
378,Mumbai,19.041,72.787,37,F,ai;improv;stand-up comedy;tech,"Love ai and improv. new city, new friends",depends,at_venue,home,on_time,introvert,2,english;hindi,duo,True,False,False,31,44
379,Delhi,28.606,77.188,32,F,food festivals;music festivals;startups;tech,"Love food festivals and music festivals. new city, new friends",depends,at_venue,food,relaxed,introvert,1,english;hindi,either,False,False,False,24,37
380,Mumbai,19.043,72.903,31,F,food festivals;improv;music festivals;stand-up comedy,Love food festivals and improv. weekend pe plans chahiye,depends,together,party,on_time,introvert,1,english;hindi,either,False,False,False,26,37
381,Delhi,28.591,77.283,24,M,football;kabaddi;musicals;theatre,Love football and kabaddi.,chill,at_venue,home,early,introvert,3,english;hindi,either,False,False,False,19,32
382,Bengaluru,12.943,77.623,22,M,football;kabaddi;musicals;theatre,"Love football and kabaddi. new city, new friends",chill,at_venue,food,relaxed,ambivert,1,english;kannada,either,True,False,False,18,26
383,Delhi,28.658,77.16,23,M,ai;anime;hollywood films;startups,Love ai and anime. always up for a good show,chill,together,party,early,ambivert,1,english;hindi,either,False,False,False,19,27
384,Delhi,28.545,77.177,21,F,edm;indie music;musicals;theatre,Love edm and indie music. weekend pe plans chahiye,depends,at_venue,party,relaxed,extrovert,2,english;hindi,duo,True,True,True,18,25
385,Mumbai,19.115,72.915,25,M,ai;football;kabaddi;tech,"Love ai and football. new city, new friends",front_row,together,food,on_time,introvert,1,english;marathi,either,True,False,False,19,29
386,Delhi,28.614,77.203,31,X,improv;photography;pottery;stand-up comedy,Love improv and photography.,depends,together,party,relaxed,ambivert,2,english;hindi,either,False,False,False,23,35
387,Hyderabad,17.434,78.535,30,M,edm;food festivals;music festivals;rock,Love edm and food festivals. always up for a good show,front_row,together,party,relaxed,extrovert,2,english;hindi,either,True,False,False,25,34
388,Pune,18.58,73.861,24,M,bollywood music;cricket;football;hip hop,Love bollywood music and cricket. chalo saath chalte hain,depends,together,home,early,extrovert,3,english;marathi,group,True,False,False,18,31
389,Hyderabad,17.333,78.458,21,M,improv;stand-up comedy;startups;tech,Love improv and stand-up comedy. ekdum mast vibe,chill,together,food,relaxed,extrovert,3,english;hindi,either,True,True,False,18,26
390,Pune,18.589,73.869,35,M,indie music;musicals;sufi;theatre,Love indie music and musicals. ekdum mast vibe,chill,together,food,on_time,extrovert,3,english;hindi,either,True,True,False,31,43
391,Hyderabad,17.34,78.413,27,M,bollywood films;hollywood films;improv;stand-up comedy,Love bollywood films and hollywood films.,depends,together,home,relaxed,ambivert,2,english;telugu,group,True,False,False,20,34
392,Bengaluru,12.997,77.671,39,M,bollywood films;cricket;football;hollywood films,Love bollywood films and cricket. chalo saath chalte hain,depends,at_venue,party,early,ambivert,3,english;hindi,duo,True,False,False,31,43
393,Delhi,28.519,77.215,37,X,coding;improv;photography;stand-up comedy,Love coding and improv. ekdum mast vibe,depends,together,food,early,ambivert,1,english;hindi,group,False,True,False,30,42
394,Pune,18.536,73.901,18,M,hip hop;startups;sufi;tech,Love hip hop and startups. ekdum mast vibe,front_row,at_venue,party,on_time,extrovert,3,english;hindi,either,False,True,False,18,26
395,Mumbai,19.083,72.858,22,M,food festivals;music festivals;musicals;theatre,Love food festivals and music festivals. chalo saath chalte hain,front_row,at_venue,home,on_time,extrovert,2,english;hindi,duo,True,True,False,18,27
396,Pune,18.488,73.823,38,X,musicals;photography;pottery;theatre,Love musicals and photography.,chill,together,food,relaxed,extrovert,1,english;hindi,group,True,False,False,29,45
397,Pune,18.561,73.829,40,M,ai;improv;stand-up comedy;tech,Love ai and improv. weekend pe plans chahiye,front_row,at_venue,food,on_time,ambivert,1,english;hindi,duo,True,False,False,35,44
398,Bengaluru,13.029,77.596,22,M,coding;cricket;football;pottery,Love coding and cricket. weekend pe plans chahiye,depends,at_venue,food,early,extrovert,2,english;kannada,duo,False,False,False,18,31
399,Delhi,28.502,77.227,34,F,bollywood films;coding;hollywood films;photography,"Love bollywood films and coding. new city, new friends",depends,together,food,early,extrovert,2,english;hindi,group,True,False,True,25,41
400,Bengaluru,12.983,77.531,39,M,anime;bollywood films;coding;photography,"Love anime and bollywood films. new city, new friends",depends,together,home,on_time,extrovert,3,english;hindi,group,True,False,False,30,46
401,Delhi,28.546,77.193,37,F,cricket;kabaddi;startups;tech,Love cricket and kabaddi. ekdum mast vibe,depends,together,food,on_time,ambivert,3,english;hindi,group,True,False,False,31,42
402,Bengaluru,12.883,77.666,33,M,cricket;food festivals;kabaddi;music festivals,Love cricket and food festivals. weekend pe plans chahiye,depends,at_venue,party,relaxed,extrovert,2,english;hindi,either,True,True,False,25,41
403,Delhi,28.599,77.202,28,M,bollywood films;hollywood films;photography;pottery,Love bollywood films and hollywood films. ekdum mast vibe,depends,at_venue,party,relaxed,ambivert,3,english;hindi,group,True,False,False,20,37
404,Pune,18.462,73.894,27,F,ai;improv;stand-up comedy;tech,Love ai and improv. always up for a good show,front_row,at_venue,food,early,extrovert,2,english;hindi,duo,False,False,False,22,32
405,Mumbai,19.082,72.887,18,M,anime;football;hollywood films;kabaddi,Love anime and football. always up for a good show,front_row,at_venue,food,early,extrovert,2,english;marathi,either,True,False,False,18,22
406,Bengaluru,12.973,77.515,20,X,food festivals;music festivals;musicals;theatre,Love food festivals and music festivals. weekend pe plans chahiye,front_row,at_venue,party,early,extrovert,3,english;kannada,either,False,True,False,18,25
407,Mumbai,19.073,72.876,33,M,anime;football;hollywood films;kabaddi,Love anime and football. always up for a good show,front_row,at_venue,food,relaxed,introvert,3,english;hindi,group,True,False,False,28,42
408,Pune,18.481,73.85,36,M,coding;improv;photography;stand-up comedy,Love coding and improv. always up for a good show,chill,at_venue,food,early,introvert,1,english;marathi,either,False,True,False,28,43
409,Delhi,28.627,77.143,28,M,ai;indie music;startups;sufi,Love ai and indie music.,depends,together,home,early,extrovert,2,english;hindi,either,True,False,False,21,33
410,Bengaluru,13.041,77.627,21,F,improv;musicals;stand-up comedy;theatre,Love improv and musicals. weekend pe plans chahiye,front_row,at_venue,party,relaxed,introvert,3,english;hindi,duo,True,False,False,18,26
411,Delhi,28.73,77.25,30,F,anime;edm;hollywood films;sufi,Love anime and edm. chalo saath chalte hain,depends,together,home,early,introvert,3,english;hindi,either,False,False,False,26,39
412,Bengaluru,12.948,77.496,35,M,anime;bollywood films;rock;sufi,"Love anime and bollywood films. new city, new friends",chill,together,home,relaxed,extrovert,1,english;kannada,group,True,True,False,30,42
413,Pune,18.499,73.863,39,F,ai;hip hop;indie music;tech,Love ai and hip hop. chalo saath chalte hain,depends,together,home,early,introvert,1,english;hindi,either,True,False,False,33,48
414,Bengaluru,12.945,77.492,20,X,bollywood music;hip hop;improv;stand-up comedy,Love bollywood music and hip hop. weekend pe plans chahiye,front_row,together,food,early,introvert,2,english;kannada,either,True,True,False,18,26
415,Hyderabad,17.386,78.523,19,F,anime;bollywood films;football;kabaddi,Love anime and bollywood films. chalo saath chalte hain,chill,at_venue,food,early,ambivert,3,english;hindi,group,False,False,False,18,24
416,Pune,18.538,73.911,24,M,edm;football;hip hop;kabaddi,Love edm and football. always up for a good show,depends,together,party,early,extrovert,1,english;hindi,duo,True,False,False,18,31
417,Hyderabad,17.448,78.481,35,F,anime;hollywood films;improv;stand-up comedy,Love anime and hollywood films. chalo saath chalte hain,depends,at_venue,home,relaxed,extrovert,3,english;telugu,either,True,False,True,26,40
418,Pune,18.565,73.928,33,F,ai;food festivals;music festivals;tech,Love ai and food festivals. weekend pe plans chahiye,front_row,together,food,relaxed,introvert,1,english;hindi,either,True,True,False,25,42
419,Pune,18.498,73.833,33,F,food festivals;hip hop;indie music;music festivals,Love food festivals and hip hop. weekend pe plans chahiye,depends,together,party,on_time,ambivert,1,english;hindi,group,False,False,False,26,37
420,Bengaluru,12.957,77.595,31,F,coding;food festivals;music festivals;photography,Love coding and food festivals. always up for a good show,depends,together,home,early,ambivert,1,english;kannada,either,False,True,False,25,38
421,Pune,18.442,73.895,24,M,ai;food festivals;music festivals;tech,Love ai and food festivals.,chill,at_venue,food,on_time,extrovert,1,english;hindi,either,True,False,False,19,30
422,Bengaluru,13.024,77.571,19,F,coding;musicals;photography;theatre,Love coding and musicals. chalo saath chalte hain,front_row,together,food,early,ambivert,1,english;kannada,either,True,False,False,18,28
423,Hyderabad,17.34,78.494,19,M,football;kabaddi;musicals;theatre,Love football and kabaddi. chalo saath chalte hain,depends,at_venue,party,early,ambivert,2,english;telugu,duo,False,True,False,18,24
424,Pune,18.612,73.8,33,X,anime;cricket;football;hollywood films,Love anime and cricket. ekdum mast vibe,front_row,at_venue,home,early,introvert,3,english;marathi,either,False,False,False,27,41
425,Mumbai,19.05,72.917,34,F,ai;musicals;tech;theatre,Love ai and musicals.,depends,at_venue,food,early,introvert,1,english;hindi,duo,True,False,True,26,40
426,Mumbai,19.035,72.889,39,F,ai;bollywood films;hollywood films;tech,Love ai and bollywood films. weekend pe plans chahiye,depends,together,food,on_time,introvert,3,english;hindi,either,False,True,True,34,44
427,Bengaluru,12.964,77.553,22,M,edm;indie music;musicals;theatre,Love edm and indie music. ekdum mast vibe,chill,at_venue,party,on_time,ambivert,2,english;hindi,group,True,False,False,18,26
428,Delhi,28.626,77.237,25,M,ai;cricket;kabaddi;tech,Love ai and cricket. ekdum mast vibe,depends,at_venue,party,on_time,ambivert,3,english;hindi,either,False,False,False,18,34
429,Bengaluru,12.938,77.597,22,F,bollywood films;hollywood films;improv;stand-up comedy,Love bollywood films and hollywood films. weekend pe plans chahiye,front_row,together,food,relaxed,introvert,1,english;hindi,group,True,False,False,18,30
430,Mumbai,19.175,72.868,23,M,anime;hollywood films;improv;stand-up comedy,"Love anime and hollywood films. new city, new friends",chill,at_venue,food,early,extrovert,2,english;hindi,group,True,False,False,19,28
431,Hyderabad,17.404,78.528,24,M,bollywood music;football;kabaddi;rock,Love bollywood music and football. chalo saath chalte hain,depends,at_venue,food,early,introvert,3,english;hindi,either,True,False,False,18,32
432,Bengaluru,12.992,77.588,21,M,anime;hollywood films;photography;pottery,Love anime and hollywood films. always up for a good show,front_row,together,food,early,ambivert,2,english;kannada,group,True,False,False,18,25
433,Delhi,28.579,77.206,23,X,food festivals;music festivals;musicals;theatre,Love food festivals and music festivals.,front_row,at_venue,party,relaxed,introvert,1,english;hindi,either,True,False,False,18,32
434,Pune,18.477,73.826,21,F,food festivals;music festivals;musicals;theatre,Love food festivals and music festivals. always up for a good show,chill,together,food,early,extrovert,1,english;marathi,group,True,False,False,18,30
435,Hyderabad,17.424,78.399,27,M,coding;musicals;photography;theatre,Love coding and musicals.,depends,at_venue,home,relaxed,extrovert,1,english;telugu,group,True,True,False,22,35
436,Hyderabad,17.31,78.451,22,M,food festivals;improv;music festivals;stand-up comedy,Love food festivals and improv. weekend pe plans chahiye,depends,together,party,relaxed,ambivert,1,english;telugu,group,True,False,False,18,26
437,Mumbai,19.058,72.81,29,F,ai;improv;stand-up comedy;tech,Love ai and improv. always up for a good show,depends,at_venue,food,relaxed,extrovert,1,english;marathi,duo,False,False,True,20,38
438,Delhi,28.549,77.199,31,M,coding;football;kabaddi;pottery,Love coding and football. weekend pe plans chahiye,depends,together,party,relaxed,ambivert,3,english;hindi,group,False,False,False,25,38
439,Mumbai,19.131,72.899,28,M,coding;musicals;photography;theatre,Love coding and musicals. chalo saath chalte hain,front_row,together,food,relaxed,extrovert,1,english;marathi,either,True,True,False,24,33
440,Bengaluru,12.974,77.591,18,F,anime;bollywood films;food festivals;music festivals,Love anime and bollywood films.,front_row,at_venue,home,early,extrovert,1,english;kannada,group,True,False,False,18,25
441,Pune,18.632,73.907,26,X,ai;cricket;kabaddi;tech,Love ai and cricket. weekend pe plans chahiye,depends,together,home,relaxed,ambivert,3,english;marathi,duo,True,False,False,22,30
442,Mumbai,19.046,72.832,38,F,coding;football;kabaddi;pottery,"Love coding and football. new city, new friends",front_row,at_venue,party,on_time,extrovert,3,english;marathi,group,False,True,True,33,42
443,Bengaluru,13.047,77.541,36,M,bollywood films;hollywood films;improv;stand-up comedy,Love bollywood films and hollywood films.,depends,at_venue,food,relaxed,extrovert,3,english;kannada,duo,True,False,False,30,41
444,Mumbai,19.122,72.82,20,F,coding;pottery;startups;tech,Love coding and pottery.,front_row,together,party,relaxed,extrovert,1,english;marathi,group,True,True,False,18,28
445,Hyderabad,17.343,78.419,39,M,improv;musicals;stand-up comedy;theatre,Love improv and musicals.,depends,at_venue,party,early,ambivert,2,english;hindi,group,False,False,False,32,44
446,Pune,18.569,73.838,19,F,ai;musicals;startups;theatre,Love ai and musicals. chalo saath chalte hain,chill,together,home,relaxed,extrovert,1,english;marathi,either,True,False,False,18,28
447,Hyderabad,17.33,78.503,35,F,bollywood music;hip hop;musicals;theatre,Love bollywood music and hip hop.,chill,together,food,on_time,introvert,3,english;hindi,either,True,True,False,29,43
448,Mumbai,19.035,72.932,25,M,football;kabaddi;musicals;theatre,Love football and kabaddi. weekend pe plans chahiye,depends,together,party,early,extrovert,2,english;hindi,either,True,True,False,18,29
449,Pune,18.569,73.751,30,F,food festivals;music festivals;photography;pottery,Love food festivals and music festivals. ekdum mast vibe,depends,together,food,early,introvert,2,english;hindi,group,True,False,False,21,35
450,Pune,18.483,73.907,20,M,food festivals;improv;music festivals;stand-up comedy,Love food festivals and improv. weekend pe plans chahiye,depends,at_venue,home,early,introvert,1,english;marathi,group,True,False,False,18,27
451,Pune,18.534,73.832,30,M,anime;hollywood films;musicals;theatre,Love anime and hollywood films. always up for a good show,chill,together,party,on_time,introvert,1,english;marathi,group,False,True,False,24,37
452,Pune,18.498,73.864,30,M,coding;musicals;photography;theatre,Love coding and musicals. always up for a good show,depends,at_venue,food,on_time,ambivert,2,english;hindi,group,False,False,False,26,39
453,Hyderabad,17.411,78.511,30,F,anime;food festivals;hollywood films;music festivals,Love anime and food festivals.,depends,together,food,relaxed,introvert,3,english;hindi,duo,True,False,False,26,35
454,Mumbai,19.083,72.932,32,X,edm;food festivals;indie music;music festivals,Love edm and food festivals.,chill,at_venue,home,early,introvert,1,english;hindi,duo,False,False,False,23,36
455,Hyderabad,17.305,78.471,37,M,anime;bollywood films;musicals;theatre,"Love anime and bollywood films. new city, new friends",front_row,at_venue,party,relaxed,extrovert,1,english;hindi,duo,False,False,False,31,46
456,Delhi,28.617,77.175,26,M,football;kabaddi;musicals;theatre,Love football and kabaddi. chalo saath chalte hain,chill,at_venue,food,early,introvert,1,english;hindi,duo,True,True,False,18,33
457,Pune,18.523,73.843,28,F,cricket;food festivals;football;music festivals,Love cricket and food festivals. always up for a good show,front_row,at_venue,home,relaxed,ambivert,1,english;hindi,either,True,False,False,20,32
458,Pune,18.605,73.896,24,F,ai;improv;stand-up comedy;tech,Love ai and improv. always up for a good show,depends,at_venue,home,early,introvert,2,english;hindi,either,True,True,False,18,28
459,Bengaluru,12.975,77.616,34,M,bollywood music;startups;sufi;tech,Love bollywood music and startups. weekend pe plans chahiye,depends,at_venue,food,early,extrovert,2,english;kannada,group,True,False,False,28,39
460,Hyderabad,17.448,78.46,28,F,musicals;rock;sufi;theatre,Love musicals and rock. always up for a good show,depends,together,party,early,introvert,1,english;telugu,either,True,False,True,20,33
461,Pune,18.545,73.793,21,M,improv;musicals;stand-up comedy;theatre,Love improv and musicals. weekend pe plans chahiye,depends,together,food,relaxed,ambivert,2,english;hindi,group,False,False,False,18,26
462,Bengaluru,12.895,77.521,32,M,anime;bollywood films;improv;stand-up comedy,Love anime and bollywood films. chalo saath chalte hain,depends,at_venue,home,relaxed,extrovert,1,english;kannada,group,True,False,False,25,40
463,Mumbai,19.028,72.864,19,F,ai;coding;photography;tech,Love ai and coding. weekend pe plans chahiye,depends,together,food,on_time,introvert,3,english;marathi,group,True,False,True,18,24
464,Hyderabad,17.384,78.462,26,M,bollywood music;edm;startups;tech,Love bollywood music and edm.,front_row,at_venue,home,early,extrovert,1,english;telugu,either,True,False,False,18,32
465,Hyderabad,17.333,78.516,26,F,coding;cricket;kabaddi;photography,Love coding and cricket.,front_row,at_venue,party,early,ambivert,2,english;hindi,duo,True,False,False,21,35
466,Delhi,28.655,77.173,19,M,bollywood music;improv;stand-up comedy;sufi,Love bollywood music and improv. always up for a good show,depends,together,party,early,introvert,3,english;hindi,group,True,False,False,18,27
467,Hyderabad,17.367,78.57,32,F,bollywood films;edm;hollywood films;rock,Love bollywood films and edm. chalo saath chalte hain,front_row,together,food,early,introvert,2,english;hindi,group,True,True,False,25,39
468,Mumbai,19.082,72.86,35,M,cricket;football;improv;stand-up comedy,"Love cricket and football. new city, new friends",front_row,at_venue,home,relaxed,introvert,3,english;hindi,duo,True,False,False,26,41
469,Hyderabad,17.446,78.487,40,M,food festivals;music festivals;startups;tech,Love food festivals and music festivals. weekend pe plans chahiye,front_row,together,home,relaxed,extrovert,3,english;telugu,group,True,False,False,34,48
470,Pune,18.539,73.883,31,X,cricket;football;improv;stand-up comedy,Love cricket and football. ekdum mast vibe,front_row,together,party,early,extrovert,3,english;marathi,either,False,False,False,25,40
471,Mumbai,19.081,72.814,19,F,cricket;kabaddi;musicals;theatre,Love cricket and kabaddi. ekdum mast vibe,front_row,together,party,on_time,extrovert,2,english;hindi,group,False,False,False,18,23
472,Delhi,28.616,77.212,33,F,indie music;musicals;rock;theatre,Love indie music and musicals. always up for a good show,front_row,together,party,early,introvert,1,english;hindi,group,True,False,False,27,37
473,Delhi,28.612,77.13,32,F,cricket;food festivals;kabaddi;music festivals,Love cricket and food festivals.,front_row,together,home,early,ambivert,3,english;hindi,duo,False,False,False,24,36
474,Delhi,28.567,77.198,30,M,ai;musicals;startups;theatre,Love ai and musicals.,depends,at_venue,home,early,ambivert,3,english;hindi,duo,True,False,False,23,36
475,Delhi,28.639,77.312,23,F,ai;food festivals;music festivals;tech,Love ai and food festivals. always up for a good show,depends,at_venue,home,on_time,introvert,3,english;hindi,either,False,False,False,19,30
476,Pune,18.575,73.884,30,M,bollywood films;cricket;football;hollywood films,Love bollywood films and cricket.,chill,at_venue,home,on_time,introvert,3,english;hindi,either,False,False,False,23,38
477,Hyderabad,17.386,78.462,24,F,bollywood music;football;indie music;kabaddi,Love bollywood music and football. always up for a good show,front_row,at_venue,home,on_time,extrovert,3,english;hindi,either,False,False,False,18,33
478,Hyderabad,17.398,78.491,23,F,cricket;kabaddi;musicals;theatre,"Love cricket and kabaddi. new city, new friends",chill,together,party,on_time,ambivert,1,english;telugu,duo,True,False,False,19,31
479,Pune,18.518,73.907,19,F,anime;hollywood films;improv;stand-up comedy,"Love anime and hollywood films. new city, new friends",front_row,at_venue,home,early,ambivert,3,english;hindi,group,False,False,False,18,28
480,Hyderabad,17.326,78.495,35,M,bollywood films;food festivals;hollywood films;music festivals,Love bollywood films and food festivals. weekend pe plans chahiye,depends,together,party,relaxed,ambivert,3,english;hindi,duo,True,False,False,31,40
481,Bengaluru,12.997,77.525,28,F,improv;musicals;stand-up comedy;theatre,Love improv and musicals. ekdum mast vibe,depends,at_venue,party,relaxed,extrovert,3,english;hindi,group,False,False,False,23,34
482,Pune,18.543,73.854,40,M,food festivals;football;kabaddi;music festivals,Love food festivals and football.,chill,together,party,early,ambivert,1,english;marathi,either,False,True,False,33,44
483,Mumbai,18.997,72.832,26,F,anime;bollywood films;musicals;theatre,"Love anime and bollywood films. new city, new friends",chill,together,party,relaxed,ambivert,2,english;hindi,duo,True,False,False,18,33
484,Pune,18.511,73.922,37,F,anime;coding;hollywood films;photography,Love anime and coding. ekdum mast vibe,depends,together,party,relaxed,introvert,1,english;hindi,group,False,False,True,29,43
485,Delhi,28.573,77.218,35,M,coding;improv;photography;stand-up comedy,Love coding and improv. chalo saath chalte hain,chill,at_venue,party,relaxed,ambivert,3,english;hindi,duo,False,False,False,31,40
486,Mumbai,19.156,72.93,35,M,coding;cricket;kabaddi;pottery,Love coding and cricket. always up for a good show,depends,at_venue,food,relaxed,ambivert,2,english;hindi,duo,True,True,False,28,43
487,Pune,18.435,73.903,32,M,bollywood music;edm;improv;stand-up comedy,Love bollywood music and edm. weekend pe plans chahiye,front_row,at_venue,home,relaxed,introvert,1,english;marathi,duo,True,False,False,25,37
488,Delhi,28.65,77.215,23,F,cricket;football;hip hop;rock,Love cricket and football. chalo saath chalte hain,chill,at_venue,party,relaxed,introvert,2,english;hindi,duo,True,False,True,18,28
489,Mumbai,19.101,72.92,38,F,food festivals;hip hop;indie music;music festivals,"Love food festivals and hip hop. new city, new friends",chill,at_venue,food,relaxed,extrovert,1,english;marathi,group,True,False,False,31,42
490,Bengaluru,12.877,77.612,23,M,cricket;food festivals;football;music festivals,Love cricket and food festivals. always up for a good show,chill,at_venue,home,early,ambivert,3,english;kannada,group,True,False,False,18,28
491,Delhi,28.618,77.206,38,M,coding;football;kabaddi;photography,Love coding and football.,depends,together,home,early,introvert,2,english;hindi,group,False,False,False,34,44
492,Hyderabad,17.358,78.484,39,F,anime;bollywood films;football;kabaddi,"Love anime and bollywood films. new city, new friends",depends,together,party,on_time,ambivert,2,english;hindi,group,True,True,False,35,44
493,Pune,18.492,73.768,35,F,cricket;football;musicals;theatre,Love cricket and football. always up for a good show,front_row,at_venue,food,early,introvert,1,english;marathi,either,True,False,False,29,41
494,Bengaluru,13.012,77.512,36,F,ai;football;kabaddi;tech,Love ai and football. chalo saath chalte hain,depends,together,party,on_time,introvert,2,english;hindi,either,False,False,True,29,40
495,Hyderabad,17.362,78.394,40,M,cricket;improv;kabaddi;stand-up comedy,Love cricket and improv. always up for a good show,chill,together,food,early,extrovert,3,english;hindi,either,True,True,False,33,45
496,Hyderabad,17.401,78.455,34,M,bollywood films;food festivals;hollywood films;music festivals,"Love bollywood films and food festivals. new city, new friends",chill,together,party,on_time,introvert,3,english;telugu,group,False,False,False,27,42
497,Hyderabad,17.339,78.548,27,M,edm;photography;pottery;rock,Love edm and photography. chalo saath chalte hain,chill,at_venue,home,on_time,ambivert,3,english;telugu,group,False,False,False,23,34
498,Pune,18.512,73.792,34,F,ai;improv;stand-up comedy;startups,Love ai and improv. ekdum mast vibe,depends,at_venue,party,on_time,introvert,3,english;hindi,duo,False,False,True,27,42
499,Delhi,28.609,77.177,28,M,anime;hollywood films;musicals;theatre,Love anime and hollywood films. weekend pe plans chahiye,front_row,at_venue,party,on_time,ambivert,2,english;hindi,either,True,True,False,20,37
500,Pune,18.523,73.928,36,M,cricket;football;improv;stand-up comedy,Love cricket and football. weekend pe plans chahiye,chill,at_venue,food,relaxed,extrovert,2,english;marathi,duo,True,True,False,32,45
501,Mumbai,19.064,72.974,22,M,edm;improv;stand-up comedy;sufi,Love edm and improv.,depends,at_venue,food,early,ambivert,1,english;hindi,duo,False,False,False,18,27
502,Mumbai,19.092,72.869,21,M,anime;hollywood films;musicals;theatre,"Love anime and hollywood films. new city, new friends",chill,at_venue,party,relaxed,ambivert,3,english;hindi,group,True,False,False,18,26
503,Hyderabad,17.409,78.513,21,F,edm;food festivals;indie music;music festivals,Love edm and food festivals. chalo saath chalte hain,chill,together,food,early,introvert,3,english;telugu,group,True,True,True,18,25
504,Pune,18.486,73.861,23,F,bollywood music;coding;hip hop;pottery,"Love bollywood music and coding. new city, new friends",front_row,together,home,relaxed,introvert,2,english;marathi,group,False,False,False,18,31
505,Bengaluru,12.911,77.616,29,M,coding;musicals;pottery;theatre,Love coding and musicals. ekdum mast vibe,front_row,together,party,on_time,ambivert,3,english;kannada,group,True,False,False,25,38
506,Bengaluru,12.905,77.659,27,M,cricket;hip hop;indie music;kabaddi,Love cricket and hip hop. ekdum mast vibe,depends,together,food,on_time,introvert,1,english;hindi,duo,True,False,False,22,36
507,Mumbai,19.073,72.833,18,M,ai;cricket;football;startups,"Love ai and cricket. new city, new friends",depends,at_venue,home,relaxed,ambivert,1,english;hindi,either,True,True,False,18,22
508,Mumbai,19.106,72.871,29,M,anime;bollywood films;improv;stand-up comedy,Love anime and bollywood films. ekdum mast vibe,front_row,together,home,on_time,extrovert,3,english;hindi,duo,True,False,False,25,33
509,Mumbai,19.037,72.835,24,F,food festivals;music festivals;startups;tech,Love food festivals and music festivals. weekend pe plans chahiye,depends,together,food,early,ambivert,1,english;hindi,duo,True,False,False,18,33
510,Bengaluru,13.018,77.64,38,F,bollywood music;food festivals;music festivals;sufi,Love bollywood music and food festivals. ekdum mast vibe,depends,at_venue,home,early,introvert,2,english;kannada,either,True,False,False,29,44
511,Bengaluru,12.935,77.63,32,M,coding;improv;photography;stand-up comedy,"Love coding and improv. new city, new friends",front_row,together,party,early,ambivert,3,english;hindi,either,False,False,False,25,36
512,Mumbai,19.153,72.844,20,F,ai;improv;stand-up comedy;tech,Love ai and improv. always up for a good show,depends,together,home,on_time,ambivert,1,english;marathi,duo,False,False,False,18,27
513,Hyderabad,17.367,78.403,19,F,bollywood films;hollywood films;startups;tech,Love bollywood films and hollywood films. weekend pe plans chahiye,depends,together,food,on_time,extrovert,2,english;telugu,either,False,True,False,18,24
514,Mumbai,19.114,72.866,19,M,football;improv;kabaddi;stand-up comedy,Love football and improv. always up for a good show,depends,at_venue,party,on_time,introvert,2,english;marathi,group,False,False,False,18,27
515,Pune,18.54,73.767,30,F,bollywood films;food festivals;hollywood films;music festivals,Love bollywood films and food festivals. weekend pe plans chahiye,depends,at_venue,party,early,ambivert,2,english;marathi,either,True,False,False,24,37
516,Mumbai,19.122,72.9,33,F,ai;improv;stand-up comedy;tech,Love ai and improv.,front_row,together,food,early,ambivert,3,english;hindi,either,True,False,True,24,41
517,Pune,18.575,73.81,24,F,ai;improv;stand-up comedy;startups,Love ai and improv.,chill,at_venue,food,relaxed,extrovert,2,english;marathi,group,True,False,False,20,30
518,Hyderabad,17.338,78.554,31,F,improv;musicals;stand-up comedy;theatre,Love improv and musicals. always up for a good show,chill,together,party,early,introvert,3,english;hindi,either,True,True,False,27,35
519,Mumbai,19.052,72.955,28,M,anime;hollywood films;improv;stand-up comedy,Love anime and hollywood films. ekdum mast vibe,chill,together,home,relaxed,extrovert,3,english;marathi,group,True,False,False,23,32
520,Delhi,28.531,77.156,27,M,coding;musicals;pottery;theatre,"Love coding and musicals. new city, new friends",chill,together,home,on_time,introvert,1,english;hindi,group,True,False,False,21,34
521,Bengaluru,12.987,77.644,35,M,anime;bollywood films;food festivals;music festivals,"Love anime and bollywood films. new city, new friends",depends,at_venue,party,early,ambivert,1,english;kannada,duo,True,True,False,28,40
522,Bengaluru,12.985,77.579,23,M,anime;food festivals;hollywood films;music festivals,Love anime and food festivals. always up for a good show,depends,together,party,early,ambivert,2,english;kannada,group,True,False,False,19,31
523,Hyderabad,17.382,78.496,21,M,food festivals;music festivals;musicals;theatre,Love food festivals and music festivals. weekend pe plans chahiye,depends,together,home,on_time,ambivert,2,english;hindi,either,True,False,False,18,27
524,Bengaluru,12.961,77.578,39,M,edm;food festivals;music festivals;rock,Love edm and food festivals. chalo saath chalte hain,front_row,together,home,early,extrovert,2,english;kannada,either,False,False,False,33,44
525,Mumbai,19.028,72.985,19,M,food festivals;improv;music festivals;stand-up comedy,Love food festivals and improv. weekend pe plans chahiye,depends,at_venue,home,on_time,extrovert,1,english;marathi,either,True,False,False,18,27
526,Hyderabad,17.378,78.471,36,M,cricket;food festivals;kabaddi;music festivals,Love cricket and food festivals. chalo saath chalte hain,chill,at_venue,food,relaxed,introvert,2,english;telugu,duo,True,True,False,29,42
527,Delhi,28.618,77.092,27,M,bollywood films;coding;hollywood films;pottery,Love bollywood films and coding. chalo saath chalte hain,chill,together,food,relaxed,introvert,2,english;hindi,group,True,True,False,18,32
528,Bengaluru,12.934,77.527,22,F,cricket;hip hop;kabaddi;rock,Love cricket and hip hop.,depends,together,party,on_time,ambivert,3,english;hindi,either,True,True,False,18,27
529,Hyderabad,17.405,78.426,35,M,bollywood films;hollywood films;startups;tech,"Love bollywood films and hollywood films. new city, new friends",chill,at_venue,party,relaxed,ambivert,3,english;hindi,group,True,False,False,30,44
530,Pune,18.541,73.94,25,F,ai;musicals;tech;theatre,"Love ai and musicals. new city, new friends",chill,together,party,relaxed,ambivert,1,english;marathi,either,True,False,True,18,31
531,Hyderabad,17.321,78.507,19,F,food festivals;music festivals;musicals;theatre,Love food festivals and music festivals. ekdum mast vibe,front_row,together,party,relaxed,ambivert,1,english;telugu,group,False,True,False,18,24
532,Bengaluru,12.988,77.656,33,F,coding;improv;pottery;stand-up comedy,Love coding and improv.,front_row,at_venue,party,relaxed,introvert,1,english;kannada,duo,True,False,True,26,39
533,Mumbai,19.015,72.807,23,F,cricket;improv;kabaddi;stand-up comedy,Love cricket and improv. always up for a good show,depends,at_venue,food,relaxed,introvert,1,english;hindi,duo,True,False,False,18,32
534,Bengaluru,12.94,77.611,37,F,football;hip hop;kabaddi;sufi,Love football and hip hop. ekdum mast vibe,depends,together,party,on_time,introvert,1,english;hindi,duo,True,True,True,28,43
535,Bengaluru,12.892,77.542,24,M,food festivals;music festivals;musicals;theatre,Love food festivals and music festivals. always up for a good show,depends,together,home,early,extrovert,2,english;hindi,either,False,False,False,19,31
536,Hyderabad,17.319,78.375,27,F,anime;bollywood films;musicals;theatre,Love anime and bollywood films. chalo saath chalte hain,chill,at_venue,party,relaxed,introvert,1,english;telugu,duo,False,False,True,22,36
537,Delhi,28.598,77.154,32,M,ai;improv;stand-up comedy;startups,Love ai and improv. chalo saath chalte hain,depends,together,food,relaxed,ambivert,1,english;hindi,group,True,True,False,27,40
538,Hyderabad,17.313,78.449,27,F,bollywood films;food festivals;hollywood films;music festivals,Love bollywood films and food festivals. always up for a good show,depends,at_venue,food,early,extrovert,3,english;hindi,either,False,False,False,19,34
539,Mumbai,19.136,72.901,22,M,anime;football;hollywood films;kabaddi,Love anime and football.,front_row,together,food,on_time,introvert,2,english;marathi,group,False,False,False,18,26
540,Bengaluru,12.982,77.63,30,M,food festivals;improv;music festivals;stand-up comedy,Love food festivals and improv. always up for a good show,depends,at_venue,party,on_time,introvert,2,english;kannada,duo,False,False,False,23,38
541,Pune,18.518,73.82,30,M,ai;coding;pottery;startups,Love ai and coding. weekend pe plans chahiye,front_row,at_venue,party,early,ambivert,1,english;marathi,either,True,False,False,24,36
542,Hyderabad,17.285,78.449,22,M,anime;bollywood films;coding;photography,Love anime and bollywood films.,chill,together,home,on_time,introvert,2,english;telugu,group,True,False,False,18,31
543,Hyderabad,17.411,78.464,27,F,hip hop;improv;indie music;stand-up comedy,"Love hip hop and improv. new city, new friends",depends,at_venue,food,on_time,ambivert,3,english;hindi,group,False,False,True,21,34
544,Delhi,28.536,77.22,34,F,food festivals;music festivals;photography;pottery,Love food festivals and music festivals. chalo saath chalte hain,front_row,at_venue,food,relaxed,introvert,3,english;hindi,duo,False,True,False,28,41
545,Hyderabad,17.422,78.525,36,F,bollywood films;edm;hollywood films;indie music,Love bollywood films and edm. weekend pe plans chahiye,chill,at_venue,party,on_time,introvert,2,english;hindi,group,False,False,True,27,42
546,Delhi,28.558,77.231,20,M,improv;rock;stand-up comedy;sufi,Love improv and rock. weekend pe plans chahiye,front_row,together,home,on_time,ambivert,1,english;hindi,group,True,False,False,18,27
547,Delhi,28.579,77.239,28,F,food festivals;music festivals;startups;tech,Love food festivals and music festivals. always up for a good show,front_row,at_venue,home,early,ambivert,1,english;hindi,duo,False,False,True,24,33
548,Hyderabad,17.43,78.5,25,M,ai;improv;stand-up comedy;startups,Love ai and improv. always up for a good show,front_row,at_venue,party,on_time,extrovert,3,english;hindi,either,False,False,False,18,32
549,Pune,18.479,73.915,33,M,coding;food festivals;music festivals;photography,Love coding and food festivals. weekend pe plans chahiye,chill,together,food,on_time,extrovert,1,english;hindi,duo,False,False,False,26,42
550,Bengaluru,12.966,77.67,38,M,cricket;food festivals;kabaddi;music festivals,"Love cricket and food festivals. new city, new friends",front_row,at_venue,home,relaxed,ambivert,3,english;kannada,group,True,False,False,33,43
551,Delhi,28.546,77.132,29,F,cricket;football;improv;stand-up comedy,Love cricket and football. chalo saath chalte hain,front_row,together,food,on_time,extrovert,2,english;hindi,group,False,False,False,23,35
552,Bengaluru,12.91,77.572,36,M,musicals;startups;tech;theatre,Love musicals and startups. chalo saath chalte hain,depends,at_venue,home,relaxed,extrovert,2,english;kannada,duo,False,False,False,29,44
553,Delhi,28.613,77.174,21,M,bollywood music;cricket;kabaddi;rock,Love bollywood music and cricket. chalo saath chalte hain,front_row,at_venue,food,early,ambivert,2,english;hindi,group,True,False,False,18,30
554,Bengaluru,12.924,77.587,18,F,anime;bollywood films;startups;tech,Love anime and bollywood films. weekend pe plans chahiye,chill,together,home,on_time,introvert,2,english;hindi,either,True,False,False,18,23
555,Hyderabad,17.405,78.46,19,F,ai;musicals;tech;theatre,Love ai and musicals. always up for a good show,front_row,together,food,relaxed,introvert,2,english;telugu,duo,True,False,False,18,25
556,Bengaluru,13.001,77.59,18,M,bollywood films;hollywood films;improv;stand-up comedy,Love bollywood films and hollywood films. weekend pe plans chahiye,front_row,at_venue,party,relaxed,ambivert,1,english;kannada,either,True,False,False,18,25
557,Bengaluru,12.992,77.553,21,F,bollywood music;football;hip hop;kabaddi,Love bollywood music and football.,depends,together,home,early,extrovert,2,english;kannada,group,True,True,False,18,28
558,Mumbai,19.147,72.817,24,M,improv;musicals;stand-up comedy;theatre,Love improv and musicals. ekdum mast vibe,front_row,at_venue,home,early,introvert,3,english;hindi,group,True,False,False,20,31
559,Pune,18.576,73.9,33,M,coding;musicals;pottery;theatre,Love coding and musicals. always up for a good show,depends,at_venue,party,relaxed,introvert,3,english;marathi,either,False,True,False,24,41
560,Mumbai,18.99,72.856,33,M,musicals;photography;pottery;theatre,Love musicals and photography. always up for a good show,chill,at_venue,home,on_time,ambivert,1,english;hindi,group,True,True,False,24,39
561,Pune,18.548,73.769,31,M,improv;indie music;stand-up comedy;sufi,Love improv and indie music.,depends,together,food,relaxed,extrovert,3,english;hindi,group,True,False,False,22,35
562,Pune,18.529,73.818,33,F,food festivals;indie music;music festivals;sufi,Love food festivals and indie music.,chill,together,party,on_time,ambivert,1,english;hindi,either,False,True,False,29,41
563,Mumbai,19.078,72.906,30,F,bollywood music;hip hop;musicals;theatre,Love bollywood music and hip hop. weekend pe plans chahiye,chill,at_venue,food,on_time,extrovert,2,english;hindi,either,True,False,False,26,36
564,Mumbai,19.125,72.842,19,F,improv;photography;pottery;stand-up comedy,Love improv and photography. weekend pe plans chahiye,front_row,at_venue,party,on_time,ambivert,3,english;marathi,either,True,False,False,18,24
565,Pune,18.516,73.907,36,F,cricket;kabaddi;musicals;theatre,Love cricket and kabaddi.,depends,at_venue,party,early,ambivert,1,english;hindi,duo,False,False,True,27,43
566,Pune,18.517,73.804,28,F,improv;rock;stand-up comedy;sufi,Love improv and rock.,depends,at_venue,food,relaxed,extrovert,3,english;marathi,either,False,True,True,22,34
567,Pune,18.693,73.871,40,M,bollywood music;indie music;musicals;theatre,Love bollywood music and indie music. weekend pe plans chahiye,front_row,together,home,early,ambivert,3,english;hindi,either,True,False,False,33,48
568,Delhi,28.608,77.122,40,F,ai;food festivals;music festivals;startups,Love ai and food festivals. ekdum mast vibe,chill,at_venue,home,early,introvert,1,english;hindi,either,False,False,True,36,45
569,Pune,18.538,73.924,37,F,anime;bollywood films;startups;tech,Love anime and bollywood films. ekdum mast vibe,chill,at_venue,home,on_time,introvert,1,english;hindi,either,True,False,True,30,46
570,Pune,18.509,73.872,39,M,food festivals;music festivals;startups;tech,Love food festivals and music festivals. always up for a good show,chill,at_venue,home,relaxed,introvert,3,english;hindi,group,True,False,False,33,47
571,Hyderabad,17.415,78.49,28,X,musicals;photography;pottery;theatre,Love musicals and photography. weekend pe plans chahiye,chill,at_venue,food,relaxed,ambivert,2,english;hindi,duo,False,False,False,24,33
572,Bengaluru,12.992,77.611,38,M,ai;anime;hollywood films;tech,"Love ai and anime. new city, new friends",depends,at_venue,party,relaxed,extrovert,1,english;kannada,duo,False,True,False,29,44
573,Bengaluru,13.089,77.593,39,M,anime;bollywood films;food festivals;music festivals,Love anime and bollywood films. chalo saath chalte hain,depends,together,party,on_time,introvert,1,english;hindi,duo,False,False,False,32,48
574,Delhi,28.664,77.25,22,F,ai;edm;indie music;startups,Love ai and edm. ekdum mast vibe,depends,together,home,on_time,ambivert,1,english;hindi,either,True,False,False,18,28
575,Delhi,28.512,77.225,36,M,cricket;food festivals;kabaddi;music festivals,Love cricket and food festivals. always up for a good show,front_row,together,home,relaxed,introvert,2,english;hindi,group,False,False,False,31,42
576,Bengaluru,12.959,77.595,22,M,food festivals;music festivals;photography;pottery,Love food festivals and music festivals.,front_row,at_venue,food,early,introvert,2,english;hindi,either,False,False,False,18,29
577,Mumbai,19.104,72.871,24,M,improv;stand-up comedy;startups;tech,Love improv and stand-up comedy.,chill,at_venue,party,on_time,extrovert,1,english;hindi,duo,False,False,False,18,32
578,Bengaluru,13.058,77.575,38,M,coding;food festivals;music festivals;photography,Love coding and food festivals. always up for a good show,front_row,together,food,on_time,ambivert,2,english;hindi,duo,False,True,False,30,43
579,Bengaluru,12.992,77.615,26,M,ai;coding;pottery;tech,Love ai and coding. ekdum mast vibe,depends,at_venue,home,early,ambivert,3,english;kannada,group,False,True,False,19,35
580,Pune,18.472,73.927,33,M,bollywood music;hip hop;photography;pottery,Love bollywood music and hip hop. weekend pe plans chahiye,front_row,at_venue,food,on_time,introvert,1,english;marathi,duo,True,True,False,25,40
581,Pune,18.552,73.858,33,F,coding;indie music;photography;sufi,Love coding and indie music.,depends,at_venue,food,on_time,extrovert,2,english;marathi,either,True,False,False,24,41
582,Bengaluru,12.97,77.605,30,M,photography;pottery;rock;sufi,Love photography and pottery. always up for a good show,depends,together,party,relaxed,extrovert,1,english;kannada,either,True,False,False,23,34
583,Bengaluru,12.996,77.503,29,X,ai;food festivals;music festivals;tech,"Love ai and food festivals. new city, new friends",chill,at_venue,party,relaxed,extrovert,1,english;hindi,either,True,False,False,21,34
584,Hyderabad,17.366,78.501,40,X,improv;musicals;stand-up comedy;theatre,Love improv and musicals. weekend pe plans chahiye,front_row,at_venue,home,on_time,extrovert,3,english;telugu,either,True,False,False,32,47
585,Mumbai,19.052,72.838,38,F,edm;food festivals;music festivals;sufi,Love edm and food festivals. weekend pe plans chahiye,depends,together,food,on_time,extrovert,1,english;hindi,group,True,True,False,33,43
586,Bengaluru,13.064,77.614,23,M,anime;bollywood films;food festivals;music festivals,Love anime and bollywood films. chalo saath chalte hain,depends,together,party,on_time,extrovert,1,english;hindi,duo,True,False,False,18,28
587,Bengaluru,13.042,77.468,29,M,anime;food festivals;hollywood films;music festivals,Love anime and food festivals.,chill,at_venue,home,early,introvert,1,english;kannada,duo,True,False,False,25,36
588,Pune,18.486,73.85,23,M,ai;bollywood films;hollywood films;startups,"Love ai and bollywood films. new city, new friends",depends,at_venue,food,relaxed,ambivert,2,english;marathi,group,True,False,False,18,28
589,Pune,18.524,73.879,33,M,ai;food festivals;music festivals;tech,Love ai and food festivals. always up for a good show,depends,at_venue,home,relaxed,extrovert,3,english;hindi,either,False,True,False,26,38
590,Delhi,28.669,77.173,28,M,ai;anime;hollywood films;tech,Love ai and anime. weekend pe plans chahiye,depends,at_venue,home,early,ambivert,2,english;hindi,duo,False,True,False,22,34
591,Hyderabad,17.402,78.368,32,F,edm;football;kabaddi;sufi,Love edm and football. chalo saath chalte hain,chill,together,home,early,extrovert,1,english;telugu,duo,False,False,True,27,36
592,Bengaluru,12.969,77.625,29,F,improv;musicals;stand-up comedy;theatre,"Love improv and musicals. new city, new friends",chill,together,home,on_time,ambivert,2,english;kannada,either,True,False,False,22,34
593,Pune,18.526,73.81,40,F,coding;food festivals;music festivals;pottery,"Love coding and food festivals. new city, new friends",depends,at_venue,food,relaxed,ambivert,1,english;hindi,either,False,False,False,32,47
594,Bengaluru,12.912,77.671,25,F,food festivals;improv;music festivals;stand-up comedy,Love food festivals and improv. chalo saath chalte hain,depends,together,party,on_time,extrovert,1,english;kannada,either,True,True,False,21,34
595,Mumbai,19.064,72.776,33,M,coding;cricket;football;photography,Love coding and cricket.,depends,together,home,relaxed,extrovert,2,english;hindi,either,True,False,False,25,37
596,Hyderabad,17.34,78.374,38,M,bollywood films;food festivals;hollywood films;music festivals,Love bollywood films and food festivals. weekend pe plans chahiye,chill,together,home,relaxed,extrovert,2,english;telugu,duo,True,False,False,30,42
597,Hyderabad,17.312,78.435,34,M,bollywood films;coding;hollywood films;photography,Love bollywood films and coding. chalo saath chalte hain,chill,together,food,early,extrovert,2,english;telugu,group,True,False,False,29,43
598,Bengaluru,12.989,77.612,26,F,edm;improv;indie music;stand-up comedy,Love edm and improv. ekdum mast vibe,chill,together,home,on_time,ambivert,2,english;hindi,duo,False,False,False,18,31
599,Hyderabad,17.378,78.523,20,M,coding;improv;photography;stand-up comedy,Love coding and improv. weekend pe plans chahiye,chill,together,food,on_time,ambivert,2,english;telugu,duo,True,False,False,18,28
600,Mumbai,18.966,72.802,37,M,anime;bollywood films;improv;stand-up comedy,Love anime and bollywood films. weekend pe plans chahiye,chill,together,food,on_time,extrovert,3,english;marathi,duo,True,False,False,30,42
601,Pune,18.544,73.822,35,F,bollywood films;hollywood films;indie music;sufi,"Love bollywood films and hollywood films. new city, new friends",depends,together,home,relaxed,extrovert,2,english;hindi,group,True,False,False,27,39
602,Hyderabad,17.394,78.551,18,M,bollywood films;food festivals;hollywood films;music festivals,"Love bollywood films and food festivals. new city, new friends",front_row,together,party,on_time,extrovert,2,english;telugu,duo,False,False,False,18,22
603,Mumbai,19.053,72.827,18,M,ai;food festivals;music festivals;startups,Love ai and food festivals. weekend pe plans chahiye,chill,at_venue,party,on_time,extrovert,1,english;marathi,group,True,False,False,18,23
604,Delhi,28.61,77.272,35,M,bollywood music;edm;musicals;theatre,Love bollywood music and edm. always up for a good show,depends,together,home,relaxed,extrovert,2,english;hindi,group,False,True,False,28,39
605,Delhi,28.607,77.246,32,F,ai;coding;pottery;startups,Love ai and coding. chalo saath chalte hain,front_row,at_venue,food,early,ambivert,3,english;hindi,duo,True,True,False,23,40
606,Delhi,28.682,77.267,19,M,bollywood music;musicals;rock;theatre,Love bollywood music and musicals. always up for a good show,depends,at_venue,food,relaxed,introvert,3,english;hindi,either,False,False,False,18,26
607,Mumbai,19.084,72.808,37,M,coding;pottery;startups;tech,Love coding and pottery. always up for a good show,front_row,together,home,on_time,ambivert,2,english;hindi,group,True,True,False,33,44
608,Mumbai,19.095,72.973,22,F,bollywood films;coding;hollywood films;pottery,Love bollywood films and coding. ekdum mast vibe,front_row,at_venue,party,early,introvert,1,english;marathi,group,False,False,False,18,27
609,Mumbai,18.968,72.876,28,M,bollywood films;hollywood films;musicals;theatre,Love bollywood films and hollywood films. weekend pe plans chahiye,chill,at_venue,home,relaxed,introvert,1,english;hindi,duo,True,False,False,23,32
610,Hyderabad,17.455,78.487,37,M,cricket;kabaddi;photography;pottery,"Love cricket and kabaddi. new city, new friends",depends,at_venue,home,relaxed,introvert,3,english;telugu,either,False,True,False,31,45
611,Hyderabad,17.509,78.456,38,F,edm;rock;startups;tech,Love edm and rock. always up for a good show,chill,together,party,relaxed,ambivert,3,english;telugu,group,True,False,False,33,42
612,Hyderabad,17.354,78.536,19,F,bollywood music;coding;indie music;pottery,"Love bollywood music and coding. new city, new friends",chill,at_venue,home,on_time,introvert,3,english;telugu,duo,True,False,False,18,24
613,Hyderabad,17.348,78.576,31,M,coding;indie music;photography;rock,Love coding and indie music. ekdum mast vibe,front_row,at_venue,food,early,extrovert,1,english;hindi,duo,False,False,False,22,40
614,Pune,18.558,73.876,19,M,food festivals;music festivals;startups;tech,Love food festivals and music festivals. weekend pe plans chahiye,chill,together,food,early,ambivert,2,english;hindi,duo,False,False,False,18,28
615,Hyderabad,17.353,78.571,18,M,food festivals;music festivals;startups;tech,Love food festivals and music festivals. weekend pe plans chahiye,front_row,at_venue,food,relaxed,introvert,1,english;hindi,duo,True,False,False,18,24
616,Pune,18.484,73.808,28,F,cricket;hip hop;kabaddi;rock,Love cricket and hip hop.,front_row,together,food,on_time,ambivert,2,english;hindi,either,False,False,False,22,36
617,Pune,18.446,73.911,34,F,anime;bollywood films;food festivals;music festivals,Love anime and bollywood films. always up for a good show,chill,together,food,relaxed,extrovert,1,english;hindi,group,False,False,False,30,42
618,Hyderabad,17.339,78.517,31,F,coding;musicals;photography;theatre,"Love coding and musicals. new city, new friends",depends,together,party,early,extrovert,1,english;hindi,either,True,False,False,26,36
619,Hyderabad,17.425,78.479,29,M,football;kabaddi;musicals;theatre,Love football and kabaddi. ekdum mast vibe,front_row,together,home,early,introvert,1,english;telugu,either,False,False,False,20,34
620,Pune,18.536,73.85,21,F,coding;cricket;football;photography,Love coding and cricket. chalo saath chalte hain,depends,at_venue,food,on_time,introvert,2,english;hindi,duo,True,False,False,18,25
621,Delhi,28.686,77.254,40,F,anime;bollywood films;edm;indie music,Love anime and bollywood films. weekend pe plans chahiye,chill,together,party,on_time,extrovert,1,english;hindi,either,True,True,False,34,44
622,Bengaluru,12.987,77.539,22,M,coding;musicals;pottery;theatre,Love coding and musicals. weekend pe plans chahiye,chill,together,food,early,introvert,1,english;hindi,either,True,False,False,18,31
623,Delhi,28.642,77.21,33,F,ai;musicals;tech;theatre,Love ai and musicals.,chill,together,food,early,introvert,2,english;hindi,duo,False,False,True,24,40
624,Mumbai,19.042,72.843,27,M,coding;edm;indie music;photography,Love coding and edm. always up for a good show,front_row,at_venue,home,early,introvert,2,english;hindi,group,True,False,False,23,33
625,Delhi,28.654,77.146,33,M,anime;bollywood films;cricket;football,Love anime and bollywood films. ekdum mast vibe,front_row,together,home,on_time,introvert,1,english;hindi,either,True,False,False,24,37
626,Delhi,28.602,77.234,18,F,food festivals;music festivals;photography;pottery,Love food festivals and music festivals. always up for a good show,front_row,at_venue,food,relaxed,introvert,1,english;hindi,either,True,True,False,18,27
627,Mumbai,19.098,72.873,35,M,improv;stand-up comedy;startups;tech,Love improv and stand-up comedy.,chill,at_venue,party,on_time,extrovert,3,english;hindi,duo,True,False,False,30,41
628,Hyderabad,17.437,78.505,34,M,anime;food festivals;hollywood films;music festivals,Love anime and food festivals. ekdum mast vibe,front_row,at_venue,home,relaxed,extrovert,1,english;telugu,duo,False,False,False,28,40
629,Mumbai,19.116,72.885,23,M,ai;food festivals;music festivals;tech,Love ai and food festivals.,depends,at_venue,food,relaxed,ambivert,2,english;hindi,group,False,False,False,18,29
630,Bengaluru,12.886,77.572,36,F,ai;coding;pottery;startups,Love ai and coding.,depends,together,home,early,introvert,1,english;kannada,duo,True,True,False,30,44
631,Pune,18.558,73.9,28,M,anime;cricket;hollywood films;kabaddi,Love anime and cricket. chalo saath chalte hain,chill,together,home,early,ambivert,2,english;marathi,either,True,False,False,22,35
632,Bengaluru,12.974,77.592,22,F,bollywood films;hollywood films;musicals;theatre,Love bollywood films and hollywood films. always up for a good show,chill,at_venue,food,on_time,ambivert,2,english;kannada,group,True,False,True,18,28
633,Pune,18.499,73.862,35,M,improv;indie music;rock;stand-up comedy,Love improv and indie music. chalo saath chalte hain,front_row,at_venue,party,relaxed,extrovert,2,english;hindi,group,True,False,False,31,41
634,Delhi,28.473,77.159,35,M,bollywood music;hip hop;improv;stand-up comedy,Love bollywood music and hip hop. ekdum mast vibe,chill,together,party,on_time,ambivert,3,english;hindi,either,True,True,False,30,42
635,Bengaluru,13.014,77.687,26,M,anime;bollywood films;coding;pottery,Love anime and bollywood films. weekend pe plans chahiye,chill,at_venue,food,on_time,ambivert,1,english;hindi,group,True,True,False,19,32
636,Hyderabad,17.297,78.408,39,F,cricket;food festivals;football;music festivals,Love cricket and food festivals. always up for a good show,front_row,at_venue,party,on_time,ambivert,1,english;hindi,group,True,False,False,31,48
637,Delhi,28.59,77.179,27,X,ai;food festivals;music festivals;startups,"Love ai and food festivals. new city, new friends",front_row,at_venue,home,relaxed,introvert,1,english;hindi,either,False,False,False,18,34
638,Mumbai,19.034,72.875,33,F,ai;food festivals;music festivals;startups,Love ai and food festivals. always up for a good show,chill,at_venue,party,relaxed,ambivert,1,english;marathi,either,False,False,True,26,41
639,Mumbai,19.054,72.885,18,F,edm;improv;indie music;stand-up comedy,Love edm and improv. ekdum mast vibe,chill,together,party,on_time,introvert,2,english;marathi,duo,True,True,False,18,22
640,Bengaluru,12.954,77.623,33,F,coding;photography;startups;tech,Love coding and photography.,depends,together,home,relaxed,extrovert,3,english;kannada,duo,False,False,False,24,42
641,Delhi,28.575,77.081,28,M,anime;hollywood films;indie music;sufi,Love anime and hollywood films. chalo saath chalte hain,depends,together,food,early,ambivert,2,english;hindi,duo,True,False,False,19,37
642,Bengaluru,12.991,77.635,28,F,bollywood films;food festivals;hollywood films;music festivals,Love bollywood films and food festivals. always up for a good show,depends,together,food,early,introvert,2,english;hindi,group,False,False,False,24,33
643,Pune,18.488,73.821,40,M,ai;improv;stand-up comedy;startups,Love ai and improv. chalo saath chalte hain,front_row,together,home,on_time,introvert,3,english;marathi,either,True,False,False,34,46
644,Delhi,28.629,77.222,37,M,coding;musicals;pottery;theatre,Love coding and musicals.,front_row,at_venue,party,on_time,ambivert,2,english;hindi,group,False,False,False,33,41
645,Hyderabad,17.439,78.487,38,M,anime;cricket;hollywood films;kabaddi,Love anime and cricket. always up for a good show,chill,together,party,relaxed,introvert,2,english;telugu,either,False,False,False,32,45
646,Mumbai,19.105,72.899,37,F,bollywood films;food festivals;hollywood films;music festivals,Love bollywood films and food festivals.,depends,together,food,on_time,extrovert,1,english;hindi,group,True,False,False,32,44
647,Mumbai,19.032,72.849,22,M,improv;musicals;stand-up comedy;theatre,Love improv and musicals. chalo saath chalte hain,front_row,together,food,early,introvert,1,english;marathi,group,False,True,False,18,26
648,Bengaluru,12.834,77.549,28,M,ai;food festivals;music festivals;tech,Love ai and food festivals. chalo saath chalte hain,front_row,together,food,relaxed,extrovert,2,english;kannada,group,True,False,False,23,34
649,Pune,18.468,73.873,27,M,improv;indie music;rock;stand-up comedy,Love improv and indie music. chalo saath chalte hain,front_row,together,home,relaxed,introvert,1,english;hindi,group,False,False,False,21,35
650,Mumbai,19.057,72.877,20,F,food festivals;improv;music festivals;stand-up comedy,Love food festivals and improv. always up for a good show,chill,together,home,relaxed,introvert,3,english;hindi,group,True,False,True,18,25
651,Mumbai,19.071,72.874,39,F,anime;bollywood films;improv;stand-up comedy,Love anime and bollywood films. weekend pe plans chahiye,chill,together,home,on_time,introvert,3,english;hindi,duo,False,True,True,33,44
652,Mumbai,19.119,72.89,30,F,bollywood music;food festivals;indie music;music festivals,Love bollywood music and food festivals. ekdum mast vibe,front_row,together,party,early,introvert,1,english;marathi,either,False,False,False,25,37
653,Mumbai,19.027,72.85,38,F,coding;cricket;kabaddi;photography,"Love coding and cricket. new city, new friends",chill,at_venue,home,early,introvert,2,english;hindi,group,True,False,False,32,44
654,Bengaluru,12.922,77.648,20,F,bollywood music;football;kabaddi;rock,Love bollywood music and football. ekdum mast vibe,chill,together,home,relaxed,ambivert,3,english;kannada,duo,True,False,True,18,25
655,Mumbai,19.109,72.866,22,M,ai;anime;hollywood films;tech,Love ai and anime. chalo saath chalte hain,front_row,at_venue,party,relaxed,ambivert,2,english;hindi,group,True,False,False,18,31
656,Delhi,28.596,77.27,38,F,coding;food festivals;music festivals;pottery,Love coding and food festivals. weekend pe plans chahiye,depends,at_venue,food,relaxed,extrovert,1,english;hindi,either,False,False,False,32,47
657,Hyderabad,17.484,78.516,36,F,bollywood music;hip hop;improv;stand-up comedy,Love bollywood music and hip hop. ekdum mast vibe,depends,at_venue,home,relaxed,introvert,1,english;hindi,duo,True,False,False,27,41
658,Bengaluru,12.989,77.637,20,M,ai;cricket;football;tech,Love ai and cricket.,front_row,together,party,relaxed,ambivert,2,english;kannada,duo,True,True,False,18,25
659,Bengaluru,12.971,77.643,37,F,ai;photography;pottery;startups,Love ai and photography. weekend pe plans chahiye,front_row,at_venue,food,early,introvert,1,english;hindi,either,True,False,True,30,45
660,Delhi,28.617,77.19,29,F,anime;hollywood films;musicals;theatre,Love anime and hollywood films.,front_row,together,food,early,introvert,2,english;hindi,either,True,False,False,20,36
661,Delhi,28.643,77.14,23,F,anime;bollywood films;improv;stand-up comedy,"Love anime and bollywood films. new city, new friends",front_row,at_venue,party,on_time,ambivert,2,english;hindi,either,False,False,False,19,30
662,Delhi,28.591,77.197,31,M,ai;anime;bollywood films;startups,"Love ai and anime. new city, new friends",chill,together,food,on_time,introvert,1,english;hindi,group,False,False,False,22,40
663,Pune,18.48,73.776,29,M,anime;football;hollywood films;kabaddi,Love anime and football. ekdum mast vibe,chill,together,food,on_time,introvert,1,english;marathi,either,True,False,False,24,33
664,Hyderabad,17.394,78.437,22,F,cricket;kabaddi;musicals;theatre,Love cricket and kabaddi. always up for a good show,chill,at_venue,food,on_time,extrovert,1,english;telugu,duo,True,False,False,18,26
665,Bengaluru,12.935,77.596,21,F,coding;cricket;football;photography,Love coding and cricket. weekend pe plans chahiye,front_row,at_venue,food,on_time,ambivert,1,english;kannada,either,False,False,False,18,27
666,Bengaluru,12.898,77.562,20,M,bollywood films;food festivals;hollywood films;music festivals,Love bollywood films and food festivals. weekend pe plans chahiye,chill,together,home,on_time,ambivert,3,english;kannada,either,True,False,False,18,24
667,Pune,18.546,73.813,30,M,photography;pottery;startups;tech,Love photography and pottery. ekdum mast vibe,chill,together,food,relaxed,extrovert,1,english;hindi,either,False,True,False,24,34
668,Delhi,28.555,77.218,33,F,musicals;startups;tech;theatre,"Love musicals and startups. new city, new friends",depends,together,home,early,introvert,2,english;hindi,group,True,True,False,24,39
669,Hyderabad,17.411,78.432,24,M,improv;musicals;stand-up comedy;theatre,Love improv and musicals. chalo saath chalte hain,depends,at_venue,party,relaxed,extrovert,3,english;telugu,either,True,True,False,18,30
670,Bengaluru,12.954,77.606,36,M,ai;food festivals;music festivals;startups,Love ai and food festivals. ekdum mast vibe,chill,together,party,on_time,extrovert,2,english;kannada,duo,True,False,False,32,41
671,Delhi,28.559,77.167,37,F,ai;rock;sufi;tech,"Love ai and rock. new city, new friends",chill,at_venue,party,on_time,introvert,2,english;hindi,group,True,False,False,30,46
672,Delhi,28.51,77.213,25,M,cricket;football;improv;stand-up comedy,"Love cricket and football. new city, new friends",front_row,together,home,early,extrovert,2,english;hindi,duo,False,False,False,19,30
673,Bengaluru,12.924,77.569,37,F,bollywood films;food festivals;hollywood films;music festivals,Love bollywood films and food festivals. weekend pe plans chahiye,chill,together,food,early,ambivert,3,english;hindi,either,True,False,False,32,42
674,Delhi,28.619,77.123,39,M,ai;anime;bollywood films;tech,Love ai and anime. chalo saath chalte hain,front_row,together,home,early,extrovert,3,english;hindi,group,True,True,False,34,44
675,Hyderabad,17.394,78.421,31,X,anime;hollywood films;musicals;theatre,Love anime and hollywood films. chalo saath chalte hain,chill,at_venue,food,early,ambivert,1,english;telugu,group,False,True,False,24,40
676,Hyderabad,17.438,78.521,35,M,bollywood music;cricket;edm;football,Love bollywood music and cricket.,chill,together,home,relaxed,introvert,1,english;telugu,either,False,False,False,31,42
677,Delhi,28.627,77.125,30,F,anime;coding;hollywood films;pottery,Love anime and coding.,front_row,together,party,on_time,introvert,1,english;hindi,duo,True,False,True,25,39
678,Bengaluru,12.963,77.689,26,F,ai;improv;stand-up comedy;startups,Love ai and improv. chalo saath chalte hain,chill,at_venue,party,relaxed,introvert,1,english;kannada,group,True,False,False,21,32
679,Hyderabad,17.381,78.396,27,F,anime;bollywood films;photography;pottery,Love anime and bollywood films. weekend pe plans chahiye,chill,at_venue,home,on_time,introvert,2,english;telugu,either,True,False,False,18,32
680,Hyderabad,17.352,78.518,37,F,anime;bollywood films;improv;stand-up comedy,Love anime and bollywood films. always up for a good show,depends,together,home,on_time,ambivert,3,english;telugu,duo,True,False,False,29,46
681,Bengaluru,12.955,77.612,37,M,ai;coding;pottery;tech,Love ai and coding. weekend pe plans chahiye,depends,at_venue,home,relaxed,extrovert,2,english;hindi,either,True,False,False,33,44
682,Bengaluru,12.941,77.602,40,M,coding;food festivals;music festivals;photography,Love coding and food festivals. chalo saath chalte hain,front_row,at_venue,home,early,introvert,3,english;kannada,either,True,False,False,32,44
683,Hyderabad,17.299,78.582,37,M,bollywood films;hollywood films;photography;pottery,Love bollywood films and hollywood films. always up for a good show,depends,together,food,early,extrovert,1,english;hindi,group,True,False,False,29,46
684,Pune,18.562,73.779,25,M,food festivals;music festivals;photography;pottery,Love food festivals and music festivals. always up for a good show,front_row,at_venue,food,early,ambivert,3,english;hindi,group,True,False,False,20,32
685,Pune,18.503,73.896,34,M,cricket;football;musicals;theatre,Love cricket and football. chalo saath chalte hain,depends,together,food,relaxed,extrovert,2,english;marathi,either,True,False,False,29,41
686,Delhi,28.635,77.221,20,F,ai;cricket;football;startups,Love ai and cricket. ekdum mast vibe,depends,together,party,early,extrovert,1,english;hindi,duo,False,False,True,18,25
687,Pune,18.457,73.786,40,M,food festivals;football;kabaddi;music festivals,Love food festivals and football. chalo saath chalte hain,chill,at_venue,food,on_time,ambivert,2,english;hindi,either,True,True,False,31,45
688,Bengaluru,12.946,77.535,30,M,coding;musicals;photography;theatre,Love coding and musicals. chalo saath chalte hain,depends,together,party,on_time,ambivert,1,english;hindi,either,False,False,False,25,39
689,Delhi,28.593,77.078,35,M,ai;coding;photography;startups,Love ai and coding. ekdum mast vibe,depends,together,party,relaxed,introvert,1,english;hindi,either,False,True,False,26,41
690,Hyderabad,17.426,78.549,27,F,improv;photography;pottery;stand-up comedy,Love improv and photography. weekend pe plans chahiye,front_row,at_venue,food,early,introvert,1,english;hindi,either,True,False,False,18,36
691,Bengaluru,12.915,77.595,32,F,food festivals;improv;music festivals;stand-up comedy,Love food festivals and improv. ekdum mast vibe,chill,at_venue,food,relaxed,extrovert,2,english;hindi,either,False,False,False,27,36
692,Pune,18.47,73.804,34,M,food festivals;improv;music festivals;stand-up comedy,Love food festivals and improv. chalo saath chalte hain,front_row,together,home,early,introvert,3,english;marathi,either,True,True,False,25,38
693,Hyderabad,17.349,78.488,40,M,anime;bollywood music;edm;hollywood films,"Love anime and bollywood music. new city, new friends",front_row,at_venue,food,relaxed,extrovert,2,english;telugu,group,False,False,False,33,44
694,Hyderabad,17.333,78.527,25,M,cricket;football;hip hop;sufi,Love cricket and football. ekdum mast vibe,chill,together,food,relaxed,extrovert,1,english;telugu,duo,True,False,False,20,32
695,Hyderabad,17.43,78.453,21,F,food festivals;improv;music festivals;stand-up comedy,Love food festivals and improv. weekend pe plans chahiye,depends,at_venue,food,early,introvert,3,english;hindi,either,False,False,False,18,27
696,Delhi,28.616,77.23,33,F,bollywood music;football;kabaddi;sufi,Love bollywood music and football. weekend pe plans chahiye,depends,at_venue,food,relaxed,introvert,1,english;hindi,either,True,False,True,26,37
697,Mumbai,19.065,72.913,35,F,bollywood films;football;hollywood films;kabaddi,Love bollywood films and football. ekdum mast vibe,depends,at_venue,party,on_time,extrovert,1,english;marathi,either,True,False,False,27,44
698,Hyderabad,17.409,78.42,32,F,anime;bollywood films;coding;photography,Love anime and bollywood films. ekdum mast vibe,front_row,at_venue,home,early,extrovert,1,english;hindi,either,True,True,True,26,39
699,Bengaluru,12.921,77.551,36,M,improv;musicals;stand-up comedy;theatre,Love improv and musicals. always up for a good show,depends,together,food,on_time,introvert,2,english;kannada,either,True,True,False,30,41
700,Pune,18.565,73.838,22,M,cricket;kabaddi;musicals;theatre,Love cricket and kabaddi.,chill,together,food,early,ambivert,2,english;marathi,group,True,False,False,18,29
701,Mumbai,19.116,72.96,32,F,bollywood films;bollywood music;hip hop;hollywood films,Love bollywood films and bollywood music.,depends,at_venue,home,on_time,extrovert,2,english;hindi,group,True,False,False,23,37
702,Bengaluru,12.9,77.578,27,M,improv;musicals;stand-up comedy;theatre,Love improv and musicals. always up for a good show,front_row,at_venue,home,early,introvert,1,english;kannada,either,True,False,False,23,33
703,Pune,18.534,73.861,28,M,improv;musicals;stand-up comedy;theatre,Love improv and musicals. weekend pe plans chahiye,front_row,at_venue,food,early,ambivert,3,english;marathi,group,False,False,False,22,34
704,Hyderabad,17.369,78.507,25,M,ai;cricket;kabaddi;tech,Love ai and cricket. ekdum mast vibe,chill,at_venue,home,relaxed,extrovert,2,english;telugu,either,True,False,False,18,31
705,Delhi,28.59,77.263,20,M,coding;food festivals;music festivals;pottery,Love coding and food festivals. always up for a good show,depends,at_venue,food,on_time,extrovert,3,english;hindi,group,True,False,False,18,29
706,Mumbai,19.011,72.959,40,F,anime;bollywood films;musicals;theatre,Love anime and bollywood films. weekend pe plans chahiye,depends,together,home,early,extrovert,3,english;hindi,duo,True,False,True,33,48
707,Bengaluru,12.996,77.563,22,X,food festivals;music festivals;startups;tech,Love food festivals and music festivals. always up for a good show,depends,together,food,early,extrovert,2,english;hindi,either,True,True,False,18,30
708,Mumbai,19.031,72.843,35,M,coding;food festivals;music festivals;photography,"Love coding and food festivals. new city, new friends",chill,together,party,relaxed,introvert,1,english;hindi,duo,True,False,False,29,43
709,Bengaluru,12.967,77.573,32,X,cricket;football;musicals;theatre,Love cricket and football. always up for a good show,front_row,at_venue,home,on_time,extrovert,1,english;hindi,either,True,True,False,24,39
710,Mumbai,18.989,72.844,21,F,cricket;football;musicals;theatre,Love cricket and football. weekend pe plans chahiye,depends,at_venue,home,on_time,extrovert,1,english;hindi,group,False,False,True,18,26
711,Hyderabad,17.396,78.517,40,F,hip hop;rock;startups;tech,Love hip hop and rock. chalo saath chalte hain,chill,at_venue,home,early,ambivert,2,english;hindi,group,False,False,False,33,44
712,Bengaluru,12.988,77.623,29,F,ai;rock;sufi;tech,"Love ai and rock. new city, new friends",depends,together,food,early,ambivert,1,english;hindi,duo,False,False,True,23,33
713,Bengaluru,12.984,77.571,35,M,ai;anime;hollywood films;startups,Love ai and anime. always up for a good show,front_row,at_venue,home,on_time,extrovert,2,english;kannada,duo,True,False,False,30,43
714,Delhi,28.564,77.189,24,F,photography;pottery;startups;tech,Love photography and pottery. weekend pe plans chahiye,front_row,at_venue,home,early,ambivert,3,english;hindi,either,False,False,False,19,29
715,Bengaluru,12.936,77.555,34,M,improv;indie music;stand-up comedy;sufi,Love improv and indie music. weekend pe plans chahiye,chill,at_venue,party,on_time,extrovert,2,english;hindi,group,True,True,False,26,42
716,Pune,18.588,73.876,28,F,food festivals;improv;music festivals;stand-up comedy,Love food festivals and improv. ekdum mast vibe,chill,together,party,early,introvert,3,english;marathi,group,False,False,False,20,37
717,Hyderabad,17.428,78.407,32,F,anime;edm;hollywood films;rock,Love anime and edm. weekend pe plans chahiye,chill,together,party,early,extrovert,2,english;hindi,duo,False,False,True,23,36
718,Bengaluru,12.935,77.585,23,X,food festivals;improv;music festivals;stand-up comedy,Love food festivals and improv. always up for a good show,depends,together,party,relaxed,extrovert,2,english;hindi,duo,False,False,False,19,28
719,Hyderabad,17.392,78.649,19,M,cricket;improv;kabaddi;stand-up comedy,Love cricket and improv. chalo saath chalte hain,front_row,together,food,early,extrovert,2,english;hindi,duo,False,False,False,18,27
720,Mumbai,19.162,72.952,36,F,bollywood films;food festivals;hollywood films;music festivals,Love bollywood films and food festivals. always up for a good show,chill,together,party,on_time,extrovert,3,english;hindi,group,False,True,True,32,44
721,Mumbai,19.102,72.923,24,M,football;kabaddi;musicals;theatre,Love football and kabaddi. ekdum mast vibe,chill,together,home,early,introvert,3,english;hindi,either,True,False,False,18,33
722,Bengaluru,12.871,77.632,25,F,anime;cricket;hollywood films;kabaddi,Love anime and cricket. always up for a good show,front_row,at_venue,food,on_time,ambivert,1,english;kannada,duo,True,False,True,18,33
723,Mumbai,18.984,72.884,20,F,coding;hip hop;indie music;pottery,Love coding and hip hop.,chill,at_venue,home,relaxed,ambivert,2,english;hindi,either,False,False,True,18,25
724,Pune,18.566,73.872,33,M,bollywood music;hip hop;improv;stand-up comedy,Love bollywood music and hip hop.,front_row,together,party,on_time,introvert,1,english;hindi,either,True,False,False,28,39
725,Hyderabad,17.409,78.442,19,F,coding;cricket;kabaddi;pottery,Love coding and cricket. weekend pe plans chahiye,front_row,together,food,relaxed,extrovert,2,english;telugu,either,True,False,False,18,23
726,Bengaluru,13.003,77.615,24,X,bollywood films;coding;hollywood films;photography,Love bollywood films and coding. always up for a good show,chill,together,home,relaxed,ambivert,3,english;hindi,group,False,False,False,20,30
727,Mumbai,19.166,72.884,26,F,food festivals;indie music;music festivals;sufi,Love food festivals and indie music.,depends,together,home,on_time,extrovert,3,english;marathi,either,True,False,True,22,35
728,Pune,18.512,73.855,21,M,food festivals;music festivals;musicals;theatre,Love food festivals and music festivals. ekdum mast vibe,depends,together,party,relaxed,introvert,3,english;marathi,either,False,False,False,18,26
729,Hyderabad,17.42,78.41,33,M,football;kabaddi;musicals;theatre,"Love football and kabaddi. new city, new friends",front_row,together,home,early,extrovert,2,english;hindi,group,True,False,False,26,41
730,Mumbai,19.035,72.904,22,M,ai;cricket;football;tech,Love ai and cricket. ekdum mast vibe,depends,together,home,relaxed,ambivert,1,english;marathi,group,False,True,False,18,26
731,Mumbai,19.131,72.825,35,F,coding;musicals;pottery;theatre,Love coding and musicals. chalo saath chalte hain,front_row,together,food,early,extrovert,3,english;marathi,duo,True,False,False,29,39
732,Bengaluru,12.978,77.494,32,M,hip hop;musicals;sufi;theatre,Love hip hop and musicals.,chill,together,food,early,ambivert,1,english;kannada,duo,False,False,False,23,40
733,Hyderabad,17.384,78.459,30,M,food festivals;improv;music festivals;stand-up comedy,Love food festivals and improv. ekdum mast vibe,chill,together,food,early,ambivert,2,english;hindi,duo,False,True,False,26,34
734,Delhi,28.657,77.112,23,M,photography;pottery;startups;tech,Love photography and pottery. ekdum mast vibe,front_row,at_venue,party,relaxed,introvert,3,english;hindi,duo,False,True,False,18,29
735,Mumbai,19.172,72.862,38,M,food festivals;improv;music festivals;stand-up comedy,Love food festivals and improv.,front_row,together,food,on_time,introvert,1,english;hindi,duo,True,False,False,32,43
736,Mumbai,19.165,72.915,30,F,cricket;football;improv;stand-up comedy,Love cricket and football. weekend pe plans chahiye,front_row,at_venue,party,early,introvert,1,english;hindi,group,True,False,True,24,37
737,Hyderabad,17.369,78.474,21,M,food festivals;music festivals;startups;tech,Love food festivals and music festivals. ekdum mast vibe,front_row,together,party,relaxed,ambivert,2,english;hindi,duo,True,False,False,18,27
738,Mumbai,19.152,72.935,32,X,improv;musicals;stand-up comedy;theatre,Love improv and musicals. weekend pe plans chahiye,front_row,together,home,on_time,ambivert,1,english;hindi,group,True,True,False,25,39
739,Bengaluru,12.9,77.514,19,M,bollywood films;hollywood films;photography;pottery,Love bollywood films and hollywood films. weekend pe plans chahiye,front_row,together,food,on_time,introvert,1,english;kannada,duo,False,False,False,18,24
740,Bengaluru,13.001,77.653,28,F,hip hop;improv;rock;stand-up comedy,Love hip hop and improv. chalo saath chalte hain,depends,together,party,on_time,introvert,3,english;kannada,either,True,False,False,22,36
741,Bengaluru,12.983,77.652,35,F,coding;edm;pottery;sufi,Love coding and edm. chalo saath chalte hain,depends,together,home,early,extrovert,1,english;hindi,group,False,False,False,29,42
742,Delhi,28.587,77.255,34,X,bollywood films;food festivals;hollywood films;music festivals,Love bollywood films and food festivals.,chill,together,home,on_time,introvert,2,english;hindi,group,False,False,False,25,39
743,Bengaluru,12.911,77.642,23,F,anime;coding;hollywood films;pottery,"Love anime and coding. new city, new friends",depends,at_venue,home,relaxed,introvert,2,english;kannada,group,False,False,False,18,31
744,Hyderabad,17.39,78.537,32,F,ai;musicals;startups;theatre,Love ai and musicals. weekend pe plans chahiye,depends,at_venue,party,relaxed,extrovert,1,english;hindi,either,True,False,True,25,39
745,Mumbai,19.042,72.848,19,M,anime;bollywood films;cricket;football,"Love anime and bollywood films. new city, new friends",chill,together,home,early,ambivert,1,english;marathi,duo,True,False,False,18,28
746,Bengaluru,13.008,77.592,31,X,ai;improv;stand-up comedy;startups,Love ai and improv. ekdum mast vibe,front_row,together,home,relaxed,extrovert,3,english;hindi,group,False,False,False,25,39
747,Mumbai,19.084,72.868,34,M,cricket;food festivals;kabaddi;music festivals,Love cricket and food festivals. always up for a good show,depends,together,home,early,ambivert,3,english;hindi,duo,False,False,False,30,39
748,Delhi,28.521,77.273,32,F,improv;indie music;rock;stand-up comedy,Love improv and indie music.,front_row,at_venue,food,on_time,extrovert,3,english;hindi,group,True,True,False,27,39
749,Mumbai,19.027,72.902,29,M,bollywood music;musicals;sufi;theatre,"Love bollywood music and musicals. new city, new friends",front_row,together,home,on_time,ambivert,2,english;marathi,either,True,True,False,24,38
750,Bengaluru,12.948,77.618,19,M,musicals;photography;pottery;theatre,Love musicals and photography. weekend pe plans chahiye,depends,at_venue,home,relaxed,introvert,1,english;kannada,either,True,False,False,18,27
751,Mumbai,19.12,72.828,39,F,ai;anime;bollywood films;startups,Love ai and anime. always up for a good show,chill,at_venue,food,early,introvert,2,english;marathi,either,False,False,False,35,48
752,Pune,18.616,73.822,24,F,anime;bollywood films;cricket;football,"Love anime and bollywood films. new city, new friends",chill,together,home,on_time,introvert,1,english;hindi,duo,False,False,True,18,31
753,Delhi,28.653,77.227,32,F,edm;food festivals;indie music;music festivals,Love edm and food festivals. ekdum mast vibe,chill,together,party,relaxed,introvert,1,english;hindi,duo,True,True,False,28,36
754,Mumbai,19.021,72.841,20,F,edm;photography;pottery;sufi,Love edm and photography. always up for a good show,depends,together,food,on_time,extrovert,3,english;marathi,duo,True,False,False,18,28
755,Mumbai,19.096,72.878,36,M,anime;bollywood films;coding;photography,Love anime and bollywood films. weekend pe plans chahiye,depends,at_venue,food,relaxed,introvert,1,english;marathi,duo,True,True,False,27,42
756,Delhi,28.594,77.213,34,F,ai;indie music;sufi;tech,Love ai and indie music. ekdum mast vibe,depends,together,party,early,extrovert,2,english;hindi,group,True,False,True,26,43
757,Delhi,28.656,77.201,35,M,coding;cricket;football;pottery,Love coding and cricket. ekdum mast vibe,front_row,together,home,relaxed,extrovert,2,english;hindi,duo,True,False,False,31,39
758,Mumbai,19.04,72.908,31,F,cricket;food festivals;football;music festivals,Love cricket and food festivals. always up for a good show,chill,together,food,early,introvert,3,english;marathi,either,False,False,False,24,40
759,Bengaluru,13.0,77.534,32,M,coding;photography;rock;sufi,Love coding and photography. chalo saath chalte hain,chill,at_venue,food,relaxed,introvert,3,english;hindi,either,True,False,False,27,40
760,Pune,18.604,73.942,37,F,cricket;edm;football;rock,Love cricket and edm. always up for a good show,chill,at_venue,food,early,extrovert,1,english;marathi,either,True,False,True,29,41
761,Pune,18.489,73.848,23,M,coding;musicals;photography;theatre,Love coding and musicals.,depends,together,home,early,ambivert,2,english;marathi,duo,True,False,False,18,32
762,Hyderabad,17.466,78.611,33,M,ai;food festivals;music festivals;startups,Love ai and food festivals.,front_row,at_venue,food,on_time,extrovert,3,english;telugu,duo,True,False,False,29,37
763,Mumbai,19.015,72.871,20,M,cricket;football;photography;pottery,Love cricket and football. always up for a good show,chill,together,food,on_time,extrovert,2,english;marathi,duo,False,False,False,18,24
764,Pune,18.577,73.853,25,M,cricket;improv;kabaddi;stand-up comedy,Love cricket and improv. always up for a good show,front_row,together,food,relaxed,introvert,3,english;marathi,duo,False,True,False,19,30
765,Bengaluru,12.996,77.67,40,F,anime;bollywood films;food festivals;music festivals,Love anime and bollywood films.,chill,at_venue,food,relaxed,introvert,1,english;hindi,duo,False,True,True,32,49
766,Mumbai,19.026,72.881,40,M,anime;hollywood films;musicals;theatre,Love anime and hollywood films. always up for a good show,depends,together,party,on_time,introvert,1,english;hindi,duo,False,False,False,36,45
767,Pune,18.511,73.821,35,M,food festivals;music festivals;photography;pottery,Love food festivals and music festivals. always up for a good show,chill,at_venue,party,relaxed,introvert,1,english;marathi,group,False,False,False,26,43
768,Hyderabad,17.404,78.482,18,M,ai;food festivals;music festivals;tech,Love ai and food festivals. chalo saath chalte hain,depends,at_venue,home,early,ambivert,2,english;hindi,group,False,False,False,18,26
769,Bengaluru,13.018,77.56,27,X,food festivals;improv;music festivals;stand-up comedy,Love food festivals and improv. ekdum mast vibe,depends,at_venue,party,relaxed,introvert,3,english;hindi,duo,False,True,False,19,33
770,Delhi,28.609,77.211,25,F,food festivals;music festivals;photography;pottery,Love food festivals and music festivals. ekdum mast vibe,front_row,together,food,on_time,introvert,2,english;hindi,group,True,False,True,21,29
771,Hyderabad,17.446,78.507,25,M,coding;improv;pottery;stand-up comedy,Love coding and improv. chalo saath chalte hain,chill,at_venue,party,on_time,introvert,3,english;hindi,group,True,False,False,18,31
772,Pune,18.421,73.933,36,M,coding;improv;photography;stand-up comedy,Love coding and improv. chalo saath chalte hain,depends,at_venue,party,on_time,extrovert,3,english;hindi,duo,False,False,False,27,43
773,Mumbai,19.134,72.896,33,M,improv;photography;pottery;stand-up comedy,Love improv and photography.,depends,together,party,on_time,extrovert,2,english;hindi,either,False,True,False,27,42
774,Bengaluru,13.028,77.495,29,M,food festivals;improv;music festivals;stand-up comedy,Love food festivals and improv. ekdum mast vibe,chill,together,food,on_time,ambivert,1,english;kannada,duo,False,False,False,20,37
775,Bengaluru,12.9,77.633,20,M,anime;hollywood films;musicals;theatre,Love anime and hollywood films. always up for a good show,depends,together,home,on_time,introvert,3,english;hindi,duo,True,True,False,18,28
776,Delhi,28.614,77.217,29,M,coding;food festivals;music festivals;pottery,"Love coding and food festivals. new city, new friends",chill,together,party,on_time,introvert,2,english;hindi,duo,True,False,False,21,36
777,Hyderabad,17.38,78.503,25,M,food festivals;improv;music festivals;stand-up comedy,"Love food festivals and improv. new city, new friends",front_row,at_venue,home,early,extrovert,3,english;hindi,either,False,False,False,19,29
778,Mumbai,19.077,72.862,32,F,food festivals;music festivals;startups;tech,Love food festivals and music festivals. weekend pe plans chahiye,front_row,together,food,early,extrovert,3,english;hindi,duo,False,False,False,27,37
779,Hyderabad,17.358,78.582,29,F,improv;musicals;stand-up comedy;theatre,Love improv and musicals.,depends,at_venue,home,early,extrovert,3,english;hindi,group,False,False,True,23,35
780,Delhi,28.644,77.164,25,F,anime;coding;hollywood films;photography,Love anime and coding. chalo saath chalte hain,front_row,together,party,early,extrovert,2,english;hindi,duo,False,False,True,18,30
781,Pune,18.533,73.837,38,F,edm;improv;indie music;stand-up comedy,Love edm and improv. weekend pe plans chahiye,front_row,at_venue,food,early,ambivert,3,english;hindi,group,True,False,True,33,44
782,Mumbai,19.026,72.889,21,M,food festivals;indie music;music festivals;rock,Love food festivals and indie music. always up for a good show,chill,at_venue,home,early,ambivert,2,english;hindi,duo,False,False,False,18,26
783,Hyderabad,17.228,78.506,37,X,edm;startups;sufi;tech,Love edm and startups. ekdum mast vibe,depends,at_venue,home,early,extrovert,3,english;hindi,either,True,False,False,31,41
784,Mumbai,19.128,72.901,28,M,cricket;football;improv;stand-up comedy,Love cricket and football. chalo saath chalte hain,front_row,together,home,relaxed,extrovert,2,english;hindi,group,True,False,False,21,32
785,Bengaluru,12.981,77.509,31,M,improv;stand-up comedy;startups;tech,Love improv and stand-up comedy.,chill,at_venue,party,on_time,introvert,1,english;kannada,duo,False,False,False,27,35
786,Delhi,28.682,77.211,31,F,anime;bollywood films;musicals;theatre,Love anime and bollywood films.,chill,at_venue,food,on_time,extrovert,1,english;hindi,group,True,True,False,24,38
787,Hyderabad,17.423,78.543,22,F,improv;musicals;stand-up comedy;theatre,Love improv and musicals. chalo saath chalte hain,depends,together,food,early,introvert,1,english;telugu,either,True,False,False,18,28
788,Pune,18.484,73.85,35,F,ai;musicals;tech;theatre,Love ai and musicals. ekdum mast vibe,chill,at_venue,home,on_time,introvert,3,english;hindi,duo,True,False,False,30,42
789,Bengaluru,12.929,77.585,24,M,improv;photography;pottery;stand-up comedy,Love improv and photography.,front_row,at_venue,home,on_time,extrovert,1,english;kannada,duo,False,False,False,18,28
790,Hyderabad,17.481,78.469,35,F,anime;bollywood films;improv;stand-up comedy,Love anime and bollywood films. weekend pe plans chahiye,depends,at_venue,party,relaxed,extrovert,3,english;hindi,either,True,False,False,31,42
791,Pune,18.55,73.854,31,X,cricket;food festivals;kabaddi;music festivals,Love cricket and food festivals. always up for a good show,chill,together,food,on_time,introvert,1,english;hindi,group,True,False,False,24,36
792,Delhi,28.679,77.179,36,M,musicals;photography;pottery;theatre,Love musicals and photography. weekend pe plans chahiye,depends,together,food,on_time,introvert,3,english;hindi,duo,True,False,False,28,40
793,Hyderabad,17.474,78.513,28,M,bollywood music;cricket;football;sufi,Love bollywood music and cricket. weekend pe plans chahiye,chill,at_venue,food,on_time,ambivert,1,english;telugu,duo,False,False,False,21,37
794,Hyderabad,17.363,78.543,37,F,anime;coding;hollywood films;photography,Love anime and coding.,chill,at_venue,party,early,ambivert,1,english;hindi,duo,True,False,False,33,42
795,Delhi,28.634,77.186,23,M,bollywood music;food festivals;indie music;music festivals,Love bollywood music and food festivals.,depends,at_venue,home,early,introvert,3,english;hindi,either,True,True,False,18,31
796,Bengaluru,12.924,77.587,30,F,bollywood music;coding;edm;photography,Love bollywood music and coding. weekend pe plans chahiye,chill,together,food,on_time,extrovert,3,english;kannada,group,True,False,False,25,36
797,Delhi,28.652,77.188,22,F,cricket;football;musicals;theatre,Love cricket and football. ekdum mast vibe,depends,at_venue,party,on_time,extrovert,2,english;hindi,either,True,True,False,18,27
798,Hyderabad,17.392,78.477,21,M,anime;hollywood films;musicals;theatre,Love anime and hollywood films.,chill,together,home,on_time,ambivert,1,english;hindi,group,False,False,False,18,29
799,Hyderabad,17.358,78.431,24,M,anime;bollywood films;coding;photography,Love anime and bollywood films. weekend pe plans chahiye,chill,together,home,early,extrovert,2,english;hindi,group,True,False,False,18,33
800,Pune,18.567,73.818,26,M,bollywood films;hollywood films;startups;tech,Love bollywood films and hollywood films. chalo saath chalte hain,depends,at_venue,party,early,extrovert,2,english;hindi,duo,True,False,False,18,33
801,Delhi,28.638,77.281,32,F,bollywood films;hollywood films;photography;pottery,Love bollywood films and hollywood films. weekend pe plans chahiye,chill,at_venue,home,relaxed,ambivert,3,english;hindi,duo,True,True,False,25,41
802,Pune,18.574,73.889,33,M,improv;photography;pottery;stand-up comedy,Love improv and photography. ekdum mast vibe,chill,together,food,relaxed,extrovert,3,english;marathi,group,False,False,False,29,39
803,Bengaluru,13.028,77.66,26,M,improv;musicals;stand-up comedy;theatre,Love improv and musicals. ekdum mast vibe,chill,at_venue,party,on_time,introvert,3,english;kannada,group,True,True,False,19,33
804,Bengaluru,12.996,77.564,32,M,edm;improv;indie music;stand-up comedy,Love edm and improv. ekdum mast vibe,chill,together,party,on_time,extrovert,2,english;kannada,either,False,False,False,28,41
805,Pune,18.529,73.979,21,F,coding;improv;photography;stand-up comedy,Love coding and improv. weekend pe plans chahiye,front_row,together,party,on_time,introvert,2,english;hindi,either,True,True,True,18,29
806,Mumbai,19.14,72.936,29,X,improv;musicals;stand-up comedy;theatre,Love improv and musicals. ekdum mast vibe,depends,at_venue,food,early,introvert,3,english;hindi,group,True,False,False,25,38
807,Bengaluru,13.049,77.613,31,F,musicals;photography;pottery;theatre,Love musicals and photography.,chill,together,home,on_time,extrovert,3,english;hindi,duo,True,False,False,26,35
808,Delhi,28.601,77.268,28,M,anime;coding;hollywood films;photography,Love anime and coding. always up for a good show,chill,together,home,on_time,introvert,3,english;hindi,either,True,False,False,20,34
809,Mumbai,19.099,72.88,36,M,bollywood films;coding;hollywood films;photography,Love bollywood films and coding. always up for a good show,front_row,together,home,relaxed,extrovert,3,english;marathi,duo,True,False,False,28,42
810,Hyderabad,17.471,78.475,34,M,cricket;food festivals;kabaddi;music festivals,Love cricket and food festivals.,chill,at_venue,food,relaxed,ambivert,2,english;telugu,either,True,False,False,26,39
811,Pune,18.531,73.885,33,F,football;kabaddi;musicals;theatre,Love football and kabaddi.,chill,at_venue,home,on_time,extrovert,2,english;hindi,duo,False,False,False,24,39
812,Pune,18.506,73.845,39,F,bollywood films;hollywood films;photography;pottery,Love bollywood films and hollywood films. ekdum mast vibe,depends,at_venue,food,early,extrovert,3,english;hindi,duo,True,False,True,32,43
813,Pune,18.565,73.886,18,F,football;improv;kabaddi;stand-up comedy,Love football and improv. chalo saath chalte hain,chill,at_venue,food,on_time,introvert,1,english;hindi,either,False,False,False,18,24
814,Hyderabad,17.327,78.431,21,F,coding;food festivals;music festivals;photography,"Love coding and food festivals. new city, new friends",chill,at_venue,home,early,ambivert,1,english;hindi,group,True,True,True,18,29
815,Delhi,28.475,77.27,18,F,ai;musicals;startups;theatre,Love ai and musicals. weekend pe plans chahiye,chill,together,food,early,introvert,3,english;hindi,either,True,True,False,18,25
816,Mumbai,19.111,72.787,18,M,anime;bollywood music;edm;hollywood films,Love anime and bollywood music.,front_row,together,food,early,ambivert,2,english;marathi,either,True,False,False,18,23
817,Hyderabad,17.313,78.549,38,F,football;indie music;kabaddi;sufi,Love football and indie music. always up for a good show,depends,together,food,early,introvert,3,english;telugu,group,False,True,False,29,45
818,Delhi,28.574,77.205,22,F,anime;food festivals;hollywood films;music festivals,"Love anime and food festivals. new city, new friends",chill,together,party,on_time,extrovert,3,english;hindi,either,True,False,False,18,26
819,Delhi,28.679,77.209,29,F,bollywood films;cricket;hollywood films;kabaddi,Love bollywood films and cricket. chalo saath chalte hain,chill,together,food,relaxed,extrovert,2,english;hindi,either,False,False,True,24,34
820,Delhi,28.604,77.244,20,F,food festivals;music festivals;startups;tech,Love food festivals and music festivals.,chill,at_venue,food,on_time,ambivert,1,english;hindi,group,False,False,True,18,25
821,Pune,18.414,73.903,37,F,ai;bollywood music;rock;tech,Love ai and bollywood music. ekdum mast vibe,depends,at_venue,home,relaxed,extrovert,1,english;marathi,duo,True,True,True,29,41
822,Hyderabad,17.395,78.418,27,M,bollywood music;musicals;rock;theatre,Love bollywood music and musicals. always up for a good show,depends,at_venue,home,early,introvert,3,english;telugu,either,True,False,False,19,35
823,Mumbai,19.103,72.828,39,F,musicals;photography;pottery;theatre,Love musicals and photography. weekend pe plans chahiye,front_row,together,party,early,extrovert,1,english;hindi,either,True,True,False,32,43
824,Pune,18.523,73.813,18,M,cricket;improv;kabaddi;stand-up comedy,Love cricket and improv.,front_row,at_venue,party,relaxed,introvert,2,english;hindi,duo,True,False,False,18,27
825,Mumbai,19.071,72.792,40,M,cricket;kabaddi;musicals;theatre,Love cricket and kabaddi. weekend pe plans chahiye,chill,together,party,on_time,ambivert,2,english;hindi,duo,False,False,False,34,46
826,Bengaluru,12.976,77.562,23,F,anime;food festivals;hollywood films;music festivals,"Love anime and food festivals. new city, new friends",depends,at_venue,party,relaxed,introvert,3,english;kannada,duo,False,False,False,18,29
827,Mumbai,19.061,72.846,32,M,cricket;improv;kabaddi;stand-up comedy,Love cricket and improv. always up for a good show,chill,at_venue,food,relaxed,introvert,2,english;marathi,group,True,False,False,28,40
828,Bengaluru,12.969,77.527,19,M,anime;food festivals;hollywood films;music festivals,Love anime and food festivals. ekdum mast vibe,front_row,at_venue,food,early,extrovert,3,english;kannada,duo,True,True,False,18,25
829,Hyderabad,17.427,78.479,31,M,edm;indie music;musicals;theatre,Love edm and indie music. always up for a good show,depends,at_venue,food,early,introvert,1,english;telugu,either,True,False,False,27,38
830,Hyderabad,17.417,78.46,26,M,anime;cricket;hollywood films;kabaddi,Love anime and cricket. ekdum mast vibe,depends,together,food,relaxed,extrovert,2,english;telugu,group,True,True,False,22,35
831,Delhi,28.622,77.234,24,F,food festivals;music festivals;musicals;theatre,Love food festivals and music festivals. always up for a good show,chill,together,party,relaxed,extrovert,1,english;hindi,duo,True,False,True,18,30
832,Bengaluru,12.917,77.528,19,M,coding;musicals;pottery;theatre,Love coding and musicals. weekend pe plans chahiye,depends,together,home,early,extrovert,1,english;hindi,group,True,True,False,18,25
833,Pune,18.476,73.959,28,F,coding;food festivals;music festivals;photography,Love coding and food festivals.,chill,at_venue,home,early,extrovert,3,english;marathi,duo,True,False,True,22,34
834,Mumbai,19.007,72.917,19,M,bollywood films;hollywood films;improv;stand-up comedy,Love bollywood films and hollywood films. weekend pe plans chahiye,depends,at_venue,food,early,extrovert,3,english;hindi,duo,True,False,False,18,24
835,Bengaluru,12.955,77.569,29,F,ai;anime;bollywood films;startups,Love ai and anime.,front_row,at_venue,party,early,introvert,1,english;hindi,either,False,False,False,24,35
836,Mumbai,19.06,72.842,25,F,anime;bollywood films;edm;rock,"Love anime and bollywood films. new city, new friends",depends,together,food,early,extrovert,2,english;marathi,duo,False,False,False,18,29
837,Delhi,28.679,77.173,28,M,ai;musicals;startups;theatre,Love ai and musicals. always up for a good show,chill,at_venue,home,relaxed,introvert,1,english;hindi,either,True,False,False,20,34
838,Bengaluru,13.044,77.529,28,M,bollywood music;hip hop;improv;stand-up comedy,"Love bollywood music and hip hop. new city, new friends",chill,together,home,on_time,ambivert,1,english;kannada,either,True,False,False,24,33
839,Bengaluru,13.019,77.581,27,F,food festivals;improv;music festivals;stand-up comedy,"Love food festivals and improv. new city, new friends",depends,at_venue,food,relaxed,introvert,3,english;hindi,either,True,False,False,21,31
840,Pune,18.51,73.85,28,F,coding;musicals;pottery;theatre,Love coding and musicals. chalo saath chalte hain,front_row,at_venue,home,early,introvert,1,english;marathi,either,False,False,False,23,37
841,Mumbai,18.972,72.871,38,M,anime;bollywood films;startups;tech,Love anime and bollywood films. always up for a good show,depends,together,party,on_time,introvert,3,english;marathi,either,False,False,False,31,42
842,Mumbai,19.124,72.855,35,M,edm;improv;stand-up comedy;sufi,Love edm and improv. always up for a good show,chill,at_venue,home,early,introvert,1,english;hindi,duo,False,False,False,26,41
843,Hyderabad,17.37,78.455,37,M,food festivals;music festivals;photography;pottery,Love food festivals and music festivals. always up for a good show,depends,together,food,relaxed,ambivert,1,english;hindi,duo,False,False,False,33,43
844,Pune,18.437,73.839,18,M,improv;musicals;stand-up comedy;theatre,Love improv and musicals. always up for a good show,front_row,together,home,early,extrovert,3,english;hindi,duo,True,False,False,18,25
845,Pune,18.497,73.937,32,M,bollywood music;food festivals;indie music;music festivals,Love bollywood music and food festivals. weekend pe plans chahiye,front_row,at_venue,home,on_time,introvert,2,english;marathi,group,True,False,False,24,41
846,Hyderabad,17.451,78.394,37,F,bollywood films;cricket;football;hollywood films,Love bollywood films and cricket.,front_row,together,food,relaxed,introvert,3,english;telugu,either,True,False,True,31,43
847,Bengaluru,12.933,77.596,37,M,ai;anime;hollywood films;startups,Love ai and anime.,front_row,at_venue,food,relaxed,extrovert,3,english;hindi,duo,True,False,False,30,43
848,Bengaluru,12.953,77.645,40,M,coding;food festivals;music festivals;photography,Love coding and food festivals. ekdum mast vibe,depends,together,food,relaxed,extrovert,3,english;hindi,duo,False,False,False,34,45
849,Bengaluru,12.963,77.637,29,M,cricket;football;rock;sufi,Love cricket and football. weekend pe plans chahiye,front_row,at_venue,home,on_time,ambivert,2,english;kannada,group,False,False,False,22,38
850,Mumbai,19.069,72.92,38,F,cricket;football;hip hop;rock,Love cricket and football. always up for a good show,chill,at_venue,home,early,introvert,2,english;marathi,duo,True,False,False,29,44
851,Pune,18.479,73.864,27,M,bollywood music;coding;edm;pottery,Love bollywood music and coding. weekend pe plans chahiye,depends,at_venue,food,relaxed,introvert,1,english;hindi,group,False,False,False,20,33
852,Hyderabad,17.436,78.456,28,M,food festivals;music festivals;startups;tech,Love food festivals and music festivals.,depends,at_venue,party,on_time,ambivert,3,english;telugu,duo,True,False,False,23,36
853,Pune,18.531,73.895,33,F,ai;photography;pottery;tech,Love ai and photography.,chill,together,home,relaxed,ambivert,3,english;marathi,either,True,False,False,29,42
854,Pune,18.505,73.858,22,F,edm;musicals;sufi;theatre,Love edm and musicals.,depends,together,home,on_time,extrovert,3,english;marathi,group,True,True,False,18,27
855,Delhi,28.608,77.21,22,F,bollywood films;hollywood films;startups;tech,Love bollywood films and hollywood films. weekend pe plans chahiye,chill,at_venue,party,relaxed,introvert,1,english;hindi,duo,False,False,False,18,26
856,Hyderabad,17.319,78.435,25,F,cricket;football;improv;stand-up comedy,Love cricket and football. chalo saath chalte hain,chill,at_venue,food,early,introvert,1,english;hindi,duo,True,False,True,21,33
857,Hyderabad,17.448,78.444,20,M,bollywood music;improv;stand-up comedy;sufi,"Love bollywood music and improv. new city, new friends",chill,together,party,relaxed,introvert,1,english;hindi,either,True,False,False,18,26
858,Bengaluru,13.022,77.566,20,F,hip hop;indie music;musicals;theatre,Love hip hop and indie music. chalo saath chalte hain,front_row,together,party,on_time,introvert,2,english;hindi,duo,True,False,False,18,26
859,Delhi,28.586,77.233,23,M,coding;musicals;pottery;theatre,Love coding and musicals. chalo saath chalte hain,front_row,together,food,relaxed,ambivert,1,english;hindi,group,True,True,False,18,29
860,Bengaluru,13.028,77.591,31,F,ai;cricket;football;tech,Love ai and cricket. weekend pe plans chahiye,chill,together,party,early,introvert,2,english;hindi,group,True,False,False,24,37
861,Hyderabad,17.379,78.524,23,M,improv;photography;pottery;stand-up comedy,Love improv and photography.,front_row,together,home,relaxed,extrovert,2,english;telugu,either,True,False,False,18,32
862,Mumbai,19.107,72.82,23,F,hip hop;musicals;rock;theatre,Love hip hop and musicals. chalo saath chalte hain,front_row,at_venue,home,on_time,introvert,3,english;marathi,duo,True,False,False,19,28
863,Pune,18.493,73.931,24,F,ai;coding;photography;startups,Love ai and coding. chalo saath chalte hain,front_row,at_venue,party,relaxed,introvert,3,english;marathi,either,False,False,False,18,31
864,Pune,18.569,73.829,25,M,ai;bollywood films;hollywood films;tech,"Love ai and bollywood films. new city, new friends",front_row,at_venue,party,relaxed,extrovert,3,english;hindi,either,True,False,False,19,34
865,Bengaluru,13.076,77.507,19,F,cricket;football;musicals;theatre,Love cricket and football. always up for a good show,depends,together,party,on_time,extrovert,2,english;hindi,duo,False,False,True,18,23
866,Pune,18.535,73.884,27,F,bollywood music;improv;rock;stand-up comedy,Love bollywood music and improv.,front_row,together,home,on_time,introvert,2,english;hindi,duo,False,False,False,19,35
867,Delhi,28.545,77.196,18,F,bollywood films;food festivals;hollywood films;music festivals,Love bollywood films and food festivals.,chill,together,food,on_time,extrovert,2,english;hindi,either,True,False,True,18,25
868,Mumbai,19.127,72.89,20,M,coding;improv;pottery;stand-up comedy,Love coding and improv.,chill,at_venue,food,relaxed,introvert,1,english;hindi,either,True,False,False,18,26
869,Hyderabad,17.293,78.506,24,F,ai;improv;stand-up comedy;startups,Love ai and improv. always up for a good show,chill,at_venue,home,relaxed,extrovert,2,english;telugu,duo,False,False,True,18,33
870,Delhi,28.574,77.16,35,M,anime;hollywood films;musicals;theatre,Love anime and hollywood films. chalo saath chalte hain,chill,at_venue,food,early,introvert,3,english;hindi,either,True,True,False,30,43
871,Delhi,28.633,77.168,38,M,food festivals;music festivals;musicals;theatre,Love food festivals and music festivals. chalo saath chalte hain,front_row,together,food,on_time,ambivert,2,english;hindi,duo,True,False,False,34,47
872,Delhi,28.651,77.266,20,F,football;kabaddi;musicals;theatre,Love football and kabaddi. ekdum mast vibe,front_row,together,party,relaxed,introvert,2,english;hindi,either,False,False,True,18,27
873,Mumbai,19.05,72.86,25,X,bollywood films;edm;hollywood films;indie music,Love bollywood films and edm. chalo saath chalte hain,depends,at_venue,party,on_time,extrovert,3,english;hindi,group,True,False,False,18,30
874,Bengaluru,13.078,77.572,39,M,coding;improv;pottery;stand-up comedy,Love coding and improv. chalo saath chalte hain,front_row,together,food,relaxed,extrovert,3,english;hindi,group,False,False,False,35,48
875,Mumbai,19.092,72.875,40,M,bollywood films;hollywood films;photography;pottery,Love bollywood films and hollywood films. chalo saath chalte hain,chill,together,party,relaxed,ambivert,1,english;hindi,group,True,False,False,31,45
876,Mumbai,19.18,72.952,39,M,coding;improv;photography;stand-up comedy,Love coding and improv. ekdum mast vibe,depends,at_venue,home,relaxed,introvert,1,english;marathi,group,True,False,False,33,48
877,Delhi,28.633,77.209,20,F,food festivals;music festivals;startups;tech,Love food festivals and music festivals. ekdum mast vibe,depends,together,party,relaxed,extrovert,2,english;hindi,duo,True,True,False,18,26
878,Pune,18.575,73.809,32,M,bollywood films;hollywood films;improv;stand-up comedy,Love bollywood films and hollywood films.,chill,at_venue,party,relaxed,introvert,2,english;marathi,group,False,False,False,28,39
879,Hyderabad,17.372,78.43,23,F,ai;cricket;football;startups,Love ai and cricket. always up for a good show,depends,at_venue,party,on_time,extrovert,2,english;telugu,group,True,False,False,19,32
880,Mumbai,18.996,72.827,23,M,anime;edm;hollywood films;rock,Love anime and edm. ekdum mast vibe,depends,at_venue,home,early,ambivert,1,english;marathi,either,True,False,False,18,27
881,Mumbai,19.108,72.744,33,M,ai;photography;pottery;startups,"Love ai and photography. new city, new friends",chill,together,home,on_time,ambivert,1,english;hindi,group,False,False,False,28,41
882,Mumbai,19.138,72.865,19,F,coding;football;kabaddi;pottery,Love coding and football. always up for a good show,chill,at_venue,food,early,ambivert,2,english;marathi,either,True,True,True,18,23
883,Delhi,28.659,77.264,20,M,ai;photography;pottery;startups,Love ai and photography. ekdum mast vibe,depends,together,party,early,extrovert,1,english;hindi,either,True,True,False,18,28
884,Hyderabad,17.381,78.488,22,F,coding;improv;photography;stand-up comedy,Love coding and improv. weekend pe plans chahiye,depends,at_venue,food,relaxed,introvert,3,english;hindi,either,True,False,False,18,27
885,Delhi,28.63,77.193,23,F,coding;musicals;photography;theatre,Love coding and musicals. chalo saath chalte hain,front_row,at_venue,food,on_time,introvert,1,english;hindi,duo,True,True,False,18,30
886,Mumbai,19.121,72.942,33,M,bollywood music;food festivals;hip hop;music festivals,Love bollywood music and food festivals. weekend pe plans chahiye,front_row,at_venue,food,early,introvert,3,english;hindi,duo,True,False,False,26,40
887,Bengaluru,13.005,77.602,39,F,food festivals;improv;music festivals;stand-up comedy,Love food festivals and improv. weekend pe plans chahiye,front_row,together,party,relaxed,extrovert,3,english;kannada,duo,False,False,True,31,47
888,Mumbai,18.989,72.834,20,M,football;hip hop;indie music;kabaddi,Love football and hip hop. chalo saath chalte hain,chill,at_venue,party,relaxed,introvert,1,english;marathi,group,True,True,False,18,29
889,Pune,18.487,73.84,32,X,anime;edm;hollywood films;rock,Love anime and edm. always up for a good show,front_row,together,food,relaxed,ambivert,3,english;marathi,group,True,False,False,23,38
890,Hyderabad,17.347,78.448,23,M,ai;bollywood films;hollywood films;startups,Love ai and bollywood films. chalo saath chalte hain,depends,together,food,early,extrovert,2,english;hindi,group,True,False,False,18,27
891,Delhi,28.515,77.207,36,M,football;kabaddi;startups;tech,Love football and kabaddi. chalo saath chalte hain,front_row,together,home,relaxed,introvert,3,english;hindi,group,True,True,False,27,45
892,Hyderabad,17.525,78.525,29,M,bollywood films;hip hop;hollywood films;rock,"Love bollywood films and hip hop. new city, new friends",depends,together,home,on_time,ambivert,2,english;telugu,group,False,True,False,23,35
893,Bengaluru,12.992,77.562,31,M,bollywood music;edm;football;kabaddi,Love bollywood music and edm.,front_row,at_venue,party,on_time,ambivert,2,english;hindi,group,False,False,False,27,39
894,Pune,18.463,73.813,36,M,ai;musicals;tech;theatre,Love ai and musicals.,front_row,at_venue,home,early,introvert,3,english;hindi,duo,True,False,False,29,42
895,Delhi,28.644,77.219,26,M,ai;food festivals;music festivals;tech,Love ai and food festivals. ekdum mast vibe,depends,at_venue,home,relaxed,extrovert,2,english;hindi,group,True,False,False,20,30
896,Mumbai,19.061,72.862,24,F,edm;musicals;sufi;theatre,"Love edm and musicals. new city, new friends",chill,at_venue,party,relaxed,introvert,2,english;hindi,group,False,True,False,18,30
897,Hyderabad,17.373,78.471,27,M,anime;food festivals;hollywood films;music festivals,Love anime and food festivals. always up for a good show,front_row,at_venue,party,relaxed,introvert,1,english;hindi,either,True,False,False,18,32
898,Pune,18.518,73.855,32,M,cricket;football;indie music;rock,Love cricket and football. weekend pe plans chahiye,front_row,at_venue,party,early,introvert,3,english;hindi,either,False,False,False,26,38
899,Pune,18.508,73.85,19,F,hip hop;indie music;photography;pottery,Love hip hop and indie music. weekend pe plans chahiye,chill,together,food,relaxed,introvert,1,english;hindi,group,True,False,True,18,24
900,Bengaluru,12.971,77.508,30,M,food festivals;music festivals;musicals;theatre,"Love food festivals and music festivals. new city, new friends",depends,together,home,relaxed,introvert,2,english;hindi,either,False,False,False,24,34
901,Delhi,28.563,77.19,23,M,improv;musicals;stand-up comedy;theatre,Love improv and musicals. chalo saath chalte hain,depends,at_venue,party,relaxed,extrovert,3,english;hindi,duo,True,False,False,19,29
902,Delhi,28.591,77.205,26,F,food festivals;indie music;music festivals;sufi,Love food festivals and indie music. ekdum mast vibe,front_row,at_venue,home,on_time,introvert,1,english;hindi,duo,False,False,False,22,34
903,Hyderabad,17.393,78.507,31,M,ai;anime;hollywood films;startups,"Love ai and anime. new city, new friends",front_row,together,party,on_time,ambivert,3,english;telugu,either,True,True,False,25,39
904,Pune,18.522,73.876,40,F,coding;cricket;kabaddi;pottery,"Love coding and cricket. new city, new friends",front_row,together,party,on_time,extrovert,1,english;hindi,group,True,False,False,33,45
905,Hyderabad,17.378,78.436,29,M,ai;anime;bollywood films;startups,"Love ai and anime. new city, new friends",chill,at_venue,home,early,ambivert,3,english;telugu,either,True,False,False,25,36
906,Bengaluru,13.008,77.527,30,M,food festivals;improv;music festivals;stand-up comedy,Love food festivals and improv.,front_row,together,food,on_time,extrovert,2,english;hindi,duo,True,False,False,25,36
907,Hyderabad,17.331,78.484,31,F,cricket;football;musicals;theatre,"Love cricket and football. new city, new friends",chill,together,party,on_time,extrovert,2,english;telugu,group,True,False,False,27,37
908,Mumbai,19.047,72.871,26,M,football;kabaddi;musicals;theatre,"Love football and kabaddi. new city, new friends",depends,at_venue,food,early,ambivert,2,english;hindi,duo,True,False,False,19,33
909,Bengaluru,12.966,77.62,40,M,indie music;musicals;sufi;theatre,Love indie music and musicals. weekend pe plans chahiye,chill,together,home,on_time,extrovert,1,english;hindi,group,True,True,False,34,46
910,Mumbai,19.053,72.811,18,F,food festivals;music festivals;musicals;theatre,Love food festivals and music festivals.,front_row,at_venue,party,early,extrovert,3,english;marathi,group,False,False,False,18,24
911,Mumbai,19.104,72.866,19,F,ai;improv;stand-up comedy;tech,Love ai and improv. always up for a good show,front_row,at_venue,party,early,extrovert,2,english;marathi,duo,True,False,True,18,26
912,Mumbai,19.028,72.795,26,X,football;kabaddi;musicals;theatre,"Love football and kabaddi. new city, new friends",depends,together,party,on_time,introvert,2,english;hindi,duo,False,False,False,20,30
913,Delhi,28.683,77.189,32,F,ai;improv;stand-up comedy;tech,Love ai and improv. ekdum mast vibe,depends,at_venue,food,early,extrovert,3,english;hindi,group,False,False,False,25,39
914,Delhi,28.609,77.173,39,F,ai;cricket;football;startups,Love ai and cricket. ekdum mast vibe,chill,together,party,on_time,ambivert,1,english;hindi,duo,True,False,False,30,48
915,Bengaluru,12.997,77.535,21,M,anime;hollywood films;improv;stand-up comedy,Love anime and hollywood films. weekend pe plans chahiye,chill,at_venue,party,on_time,ambivert,2,english;kannada,either,False,True,False,18,26
916,Delhi,28.594,77.236,25,X,food festivals;hip hop;music festivals;rock,Love food festivals and hip hop.,chill,at_venue,party,relaxed,ambivert,3,english;hindi,group,True,False,False,19,31
917,Hyderabad,17.372,78.401,22,F,indie music;musicals;rock;theatre,Love indie music and musicals. chalo saath chalte hain,front_row,together,party,relaxed,extrovert,1,english;hindi,group,True,True,True,18,31
918,Delhi,28.552,77.24,24,M,ai;musicals;startups;theatre,Love ai and musicals. chalo saath chalte hain,depends,together,party,on_time,introvert,2,english;hindi,group,True,True,False,18,31
919,Pune,18.568,73.817,25,M,coding;cricket;football;photography,Love coding and cricket. chalo saath chalte hain,front_row,at_venue,party,early,introvert,2,english;marathi,either,True,False,False,19,32
920,Pune,18.496,73.84,40,M,food festivals;music festivals;photography;pottery,Love food festivals and music festivals.,chill,at_venue,food,relaxed,ambivert,1,english;marathi,duo,True,False,False,34,46
921,Delhi,28.575,77.159,38,X,anime;hollywood films;improv;stand-up comedy,"Love anime and hollywood films. new city, new friends",front_row,together,party,early,ambivert,2,english;hindi,either,True,False,False,32,45
922,Delhi,28.69,77.265,35,F,cricket;football;photography;pottery,Love cricket and football. ekdum mast vibe,chill,at_venue,food,early,ambivert,1,english;hindi,either,True,True,False,28,39
923,Delhi,28.706,77.123,35,F,anime;hollywood films;improv;stand-up comedy,Love anime and hollywood films. ekdum mast vibe,front_row,at_venue,home,relaxed,introvert,2,english;hindi,either,False,False,False,28,43
924,Hyderabad,17.474,78.537,33,X,bollywood music;edm;photography;pottery,Love bollywood music and edm. always up for a good show,depends,at_venue,party,early,ambivert,2,english;telugu,group,False,False,False,26,40
925,Delhi,28.688,77.235,20,M,bollywood films;hollywood films;improv;stand-up comedy,Love bollywood films and hollywood films. chalo saath chalte hain,chill,at_venue,party,on_time,extrovert,1,english;hindi,group,True,False,False,18,28
926,Pune,18.555,73.85,23,F,hip hop;improv;indie music;stand-up comedy,Love hip hop and improv. chalo saath chalte hain,chill,together,party,relaxed,ambivert,1,english;hindi,either,True,False,False,19,32
927,Delhi,28.701,77.286,24,M,bollywood films;cricket;hollywood films;kabaddi,Love bollywood films and cricket. always up for a good show,front_row,at_venue,food,relaxed,introvert,3,english;hindi,duo,False,False,False,20,33
928,Bengaluru,12.94,77.688,24,F,anime;hollywood films;musicals;theatre,Love anime and hollywood films. ekdum mast vibe,front_row,at_venue,party,relaxed,introvert,3,english;kannada,duo,True,False,False,18,30
929,Bengaluru,12.958,77.536,40,M,improv;photography;pottery;stand-up comedy,Love improv and photography. ekdum mast vibe,depends,at_venue,party,on_time,introvert,3,english;kannada,either,False,False,False,32,49
930,Pune,18.578,73.855,18,M,ai;food festivals;music festivals;startups,Love ai and food festivals.,depends,together,party,on_time,extrovert,2,english;marathi,group,True,False,False,18,24
931,Bengaluru,12.939,77.522,35,F,hip hop;photography;pottery;rock,Love hip hop and photography.,front_row,together,home,on_time,extrovert,2,english;kannada,duo,True,True,False,30,42
932,Hyderabad,17.36,78.583,34,M,bollywood films;hollywood films;startups;tech,Love bollywood films and hollywood films. weekend pe plans chahiye,chill,at_venue,food,early,extrovert,3,english;telugu,group,True,False,False,25,43
933,Pune,18.573,73.85,38,M,ai;photography;pottery;startups,Love ai and photography. ekdum mast vibe,chill,at_venue,food,early,ambivert,1,english;marathi,group,False,False,False,31,47
934,Mumbai,19.115,72.858,40,M,cricket;improv;kabaddi;stand-up comedy,Love cricket and improv. weekend pe plans chahiye,depends,together,home,relaxed,introvert,1,english;marathi,group,False,False,False,32,44
935,Bengaluru,12.974,77.568,19,F,anime;coding;hollywood films;photography,Love anime and coding. weekend pe plans chahiye,front_row,at_venue,food,early,introvert,1,english;hindi,group,False,False,False,18,28
936,Hyderabad,17.438,78.5,29,M,cricket;football;improv;stand-up comedy,Love cricket and football. ekdum mast vibe,depends,at_venue,party,relaxed,extrovert,3,english;hindi,group,False,False,False,22,36
937,Mumbai,19.064,72.888,37,M,anime;hollywood films;musicals;theatre,Love anime and hollywood films. chalo saath chalte hain,depends,at_venue,home,on_time,ambivert,3,english;hindi,group,True,True,False,30,44
938,Hyderabad,17.359,78.556,27,F,indie music;musicals;rock;theatre,Love indie music and musicals. weekend pe plans chahiye,chill,together,home,on_time,extrovert,3,english;hindi,group,True,False,False,20,31
939,Bengaluru,13.003,77.58,29,X,ai;musicals;startups;theatre,Love ai and musicals. ekdum mast vibe,front_row,at_venue,home,early,extrovert,3,english;kannada,either,True,False,False,22,33
940,Hyderabad,17.37,78.581,33,F,ai;musicals;startups;theatre,"Love ai and musicals. new city, new friends",front_row,at_venue,food,on_time,ambivert,2,english;telugu,duo,False,True,True,28,38
941,Pune,18.632,73.881,22,M,ai;improv;stand-up comedy;tech,Love ai and improv. always up for a good show,front_row,together,party,on_time,extrovert,1,english;marathi,duo,False,False,False,18,31
942,Delhi,28.638,77.18,28,F,coding;football;kabaddi;pottery,Love coding and football. weekend pe plans chahiye,front_row,together,party,on_time,extrovert,1,english;hindi,group,False,False,False,23,33
943,Mumbai,19.066,72.871,25,X,musicals;startups;tech;theatre,Love musicals and startups. always up for a good show,depends,together,home,on_time,introvert,1,english;hindi,duo,True,False,False,21,29
944,Hyderabad,17.391,78.401,39,F,improv;musicals;stand-up comedy;theatre,Love improv and musicals. ekdum mast vibe,chill,at_venue,food,on_time,extrovert,2,english;hindi,either,True,True,True,35,44
945,Bengaluru,12.92,77.593,38,M,food festivals;improv;music festivals;stand-up comedy,Love food festivals and improv. always up for a good show,front_row,together,food,on_time,introvert,3,english;kannada,group,False,False,False,34,46
946,Delhi,28.609,77.166,27,F,bollywood films;hollywood films;improv;stand-up comedy,Love bollywood films and hollywood films.,front_row,together,home,relaxed,extrovert,2,english;hindi,either,False,False,True,21,36
947,Hyderabad,17.453,78.45,23,M,food festivals;hip hop;indie music;music festivals,Love food festivals and hip hop.,chill,together,food,early,extrovert,3,english;telugu,either,False,False,False,18,30
948,Hyderabad,17.388,78.603,20,F,bollywood films;food festivals;hollywood films;music festivals,Love bollywood films and food festivals. ekdum mast vibe,chill,together,food,early,ambivert,1,english;hindi,duo,True,False,False,18,29
949,Delhi,28.602,77.188,32,F,anime;bollywood films;startups;tech,Love anime and bollywood films. always up for a good show,depends,together,party,on_time,introvert,2,english;hindi,group,True,False,True,23,38
950,Mumbai,19.075,72.829,36,F,bollywood music;coding;pottery;rock,Love bollywood music and coding. always up for a good show,front_row,at_venue,food,relaxed,extrovert,1,english;hindi,either,True,False,False,32,42
951,Hyderabad,17.391,78.496,34,M,anime;bollywood music;hollywood films;rock,Love anime and bollywood music.,front_row,at_venue,food,relaxed,extrovert,3,english;telugu,group,True,False,False,27,43
952,Mumbai,19.072,72.836,24,F,ai;improv;stand-up comedy;tech,Love ai and improv. chalo saath chalte hain,chill,at_venue,home,early,ambivert,2,english;hindi,group,True,True,False,18,33
953,Mumbai,19.114,72.947,36,F,ai;coding;photography;startups,Love ai and coding. ekdum mast vibe,chill,at_venue,food,relaxed,ambivert,2,english;marathi,group,False,False,False,30,43
954,Bengaluru,12.97,77.578,28,F,musicals;startups;tech;theatre,Love musicals and startups. weekend pe plans chahiye,front_row,at_venue,party,on_time,extrovert,3,english;kannada,group,True,False,False,20,32
955,Delhi,28.637,77.282,27,M,anime;bollywood films;musicals;theatre,Love anime and bollywood films. ekdum mast vibe,depends,at_venue,food,on_time,extrovert,1,english;hindi,duo,False,False,False,23,33
956,Delhi,28.624,77.28,22,M,improv;musicals;stand-up comedy;theatre,Love improv and musicals. always up for a good show,depends,together,food,relaxed,introvert,2,english;hindi,either,False,False,False,18,29
957,Bengaluru,12.998,77.693,37,M,ai;food festivals;music festivals;startups,Love ai and food festivals. ekdum mast vibe,chill,at_venue,home,relaxed,introvert,3,english;kannada,duo,True,True,False,28,44
958,Bengaluru,12.917,77.615,18,M,bollywood films;hollywood films;improv;stand-up comedy,Love bollywood films and hollywood films. chalo saath chalte hain,chill,at_venue,party,relaxed,introvert,3,english;hindi,either,True,False,False,18,23
959,Delhi,28.631,77.195,23,M,ai;photography;pottery;tech,Love ai and photography. chalo saath chalte hain,depends,together,food,relaxed,extrovert,2,english;hindi,duo,False,False,False,18,29
960,Pune,18.524,73.88,40,X,bollywood films;hollywood films;improv;stand-up comedy,Love bollywood films and hollywood films.,depends,at_venue,home,early,extrovert,3,english;marathi,either,True,False,False,31,46
961,Bengaluru,13.007,77.514,18,F,improv;photography;pottery;stand-up comedy,Love improv and photography. weekend pe plans chahiye,front_row,together,home,relaxed,extrovert,2,english;kannada,group,True,False,True,18,25
962,Mumbai,19.056,72.885,19,M,bollywood music;cricket;football;sufi,Love bollywood music and cricket. weekend pe plans chahiye,chill,together,food,early,introvert,2,english;hindi,either,False,False,False,18,23
963,Pune,18.527,73.917,20,M,musicals;startups;tech;theatre,Love musicals and startups.,front_row,at_venue,home,on_time,ambivert,2,english;marathi,group,True,True,False,18,29
964,Delhi,28.678,77.219,19,M,coding;musicals;pottery;theatre,"Love coding and musicals. new city, new friends",front_row,at_venue,food,relaxed,extrovert,1,english;hindi,either,True,False,False,18,26
965,Pune,18.5,73.834,30,M,food festivals;improv;music festivals;stand-up comedy,"Love food festivals and improv. new city, new friends",chill,at_venue,home,early,introvert,3,english;marathi,either,True,False,False,21,38
966,Bengaluru,12.978,77.652,28,F,food festivals;improv;music festivals;stand-up comedy,Love food festivals and improv. weekend pe plans chahiye,front_row,together,food,relaxed,ambivert,1,english;kannada,either,True,True,False,20,32
967,Pune,18.534,73.907,35,F,coding;improv;photography;stand-up comedy,Love coding and improv. chalo saath chalte hain,front_row,together,food,early,introvert,3,english;hindi,group,True,False,True,28,41
968,Hyderabad,17.516,78.458,30,F,ai;coding;pottery;startups,Love ai and coding. ekdum mast vibe,chill,at_venue,food,on_time,introvert,2,english;telugu,group,True,False,False,26,35
969,Bengaluru,13.051,77.617,34,M,anime;coding;hollywood films;pottery,Love anime and coding. always up for a good show,front_row,at_venue,home,on_time,ambivert,3,english;hindi,group,False,True,False,25,42
970,Bengaluru,13.02,77.576,24,M,food festivals;indie music;music festivals;sufi,Love food festivals and indie music. chalo saath chalte hain,chill,together,food,on_time,ambivert,3,english;kannada,either,False,False,False,18,28
971,Hyderabad,17.339,78.504,26,M,bollywood films;food festivals;hollywood films;music festivals,Love bollywood films and food festivals. weekend pe plans chahiye,front_row,together,food,relaxed,ambivert,1,english;telugu,duo,False,False,False,18,33
972,Pune,18.516,73.822,40,F,ai;improv;stand-up comedy;startups,Love ai and improv. weekend pe plans chahiye,depends,at_venue,food,relaxed,ambivert,1,english;marathi,group,False,False,False,35,49
973,Mumbai,19.049,72.894,37,F,ai;improv;stand-up comedy;tech,Love ai and improv. ekdum mast vibe,front_row,at_venue,party,early,extrovert,3,english;hindi,group,False,False,False,30,44
974,Delhi,28.547,77.237,34,F,coding;musicals;pottery;theatre,Love coding and musicals. ekdum mast vibe,front_row,at_venue,food,on_time,extrovert,1,english;hindi,duo,True,False,False,28,42
975,Bengaluru,13.0,77.546,22,F,ai;improv;stand-up comedy;startups,Love ai and improv.,depends,at_venue,food,relaxed,extrovert,2,english;hindi,duo,True,False,True,18,29
976,Mumbai,19.019,72.86,32,F,anime;bollywood films;food festivals;music festivals,"Love anime and bollywood films. new city, new friends",chill,together,party,on_time,introvert,3,english;marathi,either,False,False,False,28,41
977,Pune,18.546,73.837,18,M,ai;musicals;tech;theatre,"Love ai and musicals. new city, new friends",front_row,together,party,early,extrovert,1,english;hindi,either,False,True,False,18,24
978,Pune,18.511,73.835,34,F,bollywood films;food festivals;hollywood films;music festivals,Love bollywood films and food festivals. always up for a good show,depends,together,party,on_time,introvert,2,english;hindi,either,True,True,False,30,43
979,Hyderabad,17.316,78.529,34,F,bollywood films;coding;hollywood films;pottery,"Love bollywood films and coding. new city, new friends",chill,together,party,on_time,introvert,1,english;hindi,duo,True,False,False,27,40
980,Bengaluru,13.02,77.616,32,F,food festivals;improv;music festivals;stand-up comedy,Love food festivals and improv.,depends,together,party,on_time,extrovert,2,english;hindi,duo,True,False,False,27,39
981,Delhi,28.625,77.222,40,M,anime;bollywood films;cricket;kabaddi,Love anime and bollywood films. ekdum mast vibe,depends,at_venue,home,on_time,ambivert,2,english;hindi,either,True,False,False,36,47
982,Delhi,28.631,77.21,26,F,bollywood films;cricket;football;hollywood films,Love bollywood films and cricket. ekdum mast vibe,chill,together,home,on_time,introvert,1,english;hindi,duo,True,False,False,19,31
983,Pune,18.516,73.84,31,F,ai;bollywood films;hollywood films;startups,Love ai and bollywood films. ekdum mast vibe,front_row,at_venue,party,early,introvert,3,english;hindi,either,True,False,False,23,39
984,Hyderabad,17.389,78.477,31,M,ai;improv;stand-up comedy;startups,Love ai and improv.,chill,at_venue,home,early,introvert,2,english;telugu,group,False,False,False,25,39
985,Bengaluru,12.941,77.63,37,F,anime;hollywood films;improv;stand-up comedy,Love anime and hollywood films. always up for a good show,front_row,at_venue,food,on_time,introvert,3,english;kannada,either,False,False,True,33,46
986,Bengaluru,12.937,77.657,33,M,bollywood films;hollywood films;photography;pottery,Love bollywood films and hollywood films. chalo saath chalte hain,depends,at_venue,home,early,introvert,1,english;hindi,either,True,False,False,27,39
987,Mumbai,19.113,72.905,32,F,cricket;kabaddi;musicals;theatre,Love cricket and kabaddi. weekend pe plans chahiye,depends,together,party,relaxed,ambivert,3,english;marathi,either,True,True,False,26,39
988,Pune,18.522,73.842,38,F,anime;bollywood films;cricket;kabaddi,Love anime and bollywood films.,depends,together,food,early,introvert,1,english;hindi,group,True,False,False,29,47
989,Delhi,28.595,77.205,31,F,anime;hollywood films;musicals;theatre,Love anime and hollywood films. weekend pe plans chahiye,front_row,at_venue,home,on_time,introvert,3,english;hindi,group,False,False,True,26,36
990,Mumbai,19.067,72.838,18,F,ai;food festivals;music festivals;tech,Love ai and food festivals. chalo saath chalte hain,front_row,together,food,early,introvert,3,english;marathi,group,True,False,True,18,26
991,Pune,18.573,73.801,32,M,ai;improv;stand-up comedy;tech,Love ai and improv. always up for a good show,chill,together,food,relaxed,extrovert,2,english;marathi,either,False,False,False,28,41
992,Mumbai,19.168,72.863,30,F,ai;anime;bollywood films;tech,"Love ai and anime. new city, new friends",front_row,together,home,relaxed,introvert,1,english;hindi,either,True,False,False,24,35
993,Pune,18.455,73.878,40,M,musicals;startups;tech;theatre,Love musicals and startups. ekdum mast vibe,depends,at_venue,food,relaxed,ambivert,3,english;marathi,duo,False,False,False,32,48
994,Bengaluru,12.966,77.6,40,F,food festivals;football;kabaddi;music festivals,Love food festivals and football.,front_row,together,home,early,introvert,1,english;hindi,duo,True,False,False,34,49
995,Delhi,28.673,77.266,34,F,food festivals;football;kabaddi;music festivals,Love food festivals and football. ekdum mast vibe,depends,at_venue,food,early,ambivert,1,english;hindi,either,False,False,False,27,40
996,Pune,18.551,73.95,24,F,improv;photography;pottery;stand-up comedy,Love improv and photography. chalo saath chalte hain,chill,at_venue,party,on_time,extrovert,2,english;hindi,either,False,False,False,18,32
997,Bengaluru,12.942,77.703,30,M,bollywood music;musicals;sufi;theatre,"Love bollywood music and musicals. new city, new friends",front_row,together,home,on_time,introvert,2,english;hindi,either,True,True,False,23,39
998,Bengaluru,13.034,77.597,18,F,food festivals;football;kabaddi;music festivals,"Love food festivals and football. new city, new friends",front_row,together,food,relaxed,introvert,1,english;hindi,either,False,False,True,18,26
999,Delhi,28.703,77.166,28,F,edm;improv;stand-up comedy;sufi,"Love edm and improv. new city, new friends",chill,together,party,relaxed,introvert,2,english;hindi,duo,True,False,False,22,37
1000,Mumbai,19.078,72.881,26,M,coding;cricket;kabaddi;photography,"Love coding and cricket. new city, new friends",depends,at_venue,home,on_time,introvert,1,english;marathi,group,False,False,False,18,30
1001,Pune,18.498,73.873,28,M,bollywood films;food festivals;hollywood films;music festivals,Love bollywood films and food festivals. weekend pe plans chahiye,front_row,at_venue,party,relaxed,extrovert,3,english;marathi,duo,False,True,False,24,37
1002,Hyderabad,17.342,78.568,30,M,improv;indie music;rock;stand-up comedy,Love improv and indie music. ekdum mast vibe,front_row,at_venue,home,relaxed,ambivert,2,english;telugu,either,True,False,False,23,38
1003,Delhi,28.605,77.162,32,M,bollywood films;food festivals;hollywood films;music festivals,Love bollywood films and food festivals. ekdum mast vibe,chill,together,party,relaxed,extrovert,3,english;hindi,duo,False,False,False,24,39
1004,Pune,18.586,73.926,25,M,coding;football;kabaddi;photography,"Love coding and football. new city, new friends",chill,together,party,relaxed,ambivert,1,english;hindi,either,False,False,False,18,32
1005,Pune,18.645,73.838,32,F,food festivals;music festivals;musicals;theatre,Love food festivals and music festivals.,chill,at_venue,home,on_time,ambivert,1,english;hindi,either,True,False,False,23,37
1006,Pune,18.469,73.795,33,M,food festivals;music festivals;musicals;theatre,"Love food festivals and music festivals. new city, new friends",front_row,together,party,relaxed,extrovert,3,english;marathi,duo,True,True,False,25,37
1007,Pune,18.585,73.839,23,F,anime;food festivals;hollywood films;music festivals,Love anime and food festivals. chalo saath chalte hain,depends,at_venue,food,relaxed,ambivert,2,english;marathi,duo,False,False,False,19,27
1008,Mumbai,19.086,72.826,22,F,coding;improv;pottery;stand-up comedy,Love coding and improv. ekdum mast vibe,depends,at_venue,party,on_time,introvert,2,english;marathi,either,False,False,False,18,29
1009,Hyderabad,17.362,78.549,25,F,food festivals;music festivals;musicals;theatre,"Love food festivals and music festivals. new city, new friends",front_row,together,home,on_time,extrovert,3,english;telugu,group,False,False,True,18,33
1010,Mumbai,19.11,72.908,32,F,ai;coding;pottery;tech,Love ai and coding. always up for a good show,depends,at_venue,party,early,introvert,3,english;hindi,duo,False,False,True,28,36
1011,Bengaluru,12.904,77.582,39,M,football;improv;kabaddi;stand-up comedy,Love football and improv. chalo saath chalte hain,chill,at_venue,food,early,ambivert,1,english;kannada,duo,False,False,False,33,48
1012,Bengaluru,12.963,77.629,22,F,ai;coding;photography;startups,"Love ai and coding. new city, new friends",depends,at_venue,party,on_time,ambivert,2,english;hindi,group,True,False,False,18,26
1013,Mumbai,19.095,72.811,33,F,coding;football;kabaddi;photography,Love coding and football. weekend pe plans chahiye,depends,together,party,on_time,ambivert,3,english;marathi,either,True,False,False,24,39
1014,Delhi,28.623,77.286,25,M,food festivals;improv;music festivals;stand-up comedy,Love food festivals and improv. always up for a good show,chill,together,home,on_time,introvert,2,english;hindi,duo,True,False,False,18,33
1015,Hyderabad,17.356,78.348,33,M,musicals;startups;tech;theatre,Love musicals and startups. ekdum mast vibe,front_row,together,party,relaxed,extrovert,1,english;telugu,group,False,False,False,27,40
1016,Delhi,28.526,77.143,27,M,coding;musicals;pottery;theatre,Love coding and musicals. weekend pe plans chahiye,depends,at_venue,party,relaxed,introvert,2,english;hindi,duo,False,False,False,19,35
1017,Pune,18.513,73.884,27,M,hip hop;improv;indie music;stand-up comedy,Love hip hop and improv. always up for a good show,front_row,together,home,early,ambivert,3,english;hindi,duo,False,False,False,21,33
1018,Mumbai,19.068,72.93,29,F,improv;musicals;stand-up comedy;theatre,"Love improv and musicals. new city, new friends",depends,together,food,early,extrovert,3,english;marathi,either,False,False,False,24,37
1019,Hyderabad,17.439,78.492,25,F,coding;food festivals;music festivals;pottery,Love coding and food festivals. chalo saath chalte hain,chill,together,food,relaxed,ambivert,1,english;hindi,either,False,False,True,19,34
1020,Delhi,28.608,77.263,32,M,coding;food festivals;music festivals;photography,"Love coding and food festivals. new city, new friends",depends,at_venue,party,on_time,introvert,2,english;hindi,either,True,True,False,24,38
1021,Bengaluru,12.916,77.633,20,F,ai;bollywood films;hollywood films;startups,Love ai and bollywood films. always up for a good show,depends,at_venue,home,early,introvert,1,english;kannada,either,False,False,False,18,28
1022,Mumbai,19.073,72.895,40,F,bollywood films;coding;hollywood films;photography,Love bollywood films and coding. weekend pe plans chahiye,depends,at_venue,party,on_time,extrovert,1,english;hindi,either,False,False,True,34,47
1023,Hyderabad,17.365,78.529,22,M,ai;bollywood films;hollywood films;tech,Love ai and bollywood films.,chill,at_venue,party,relaxed,extrovert,3,english;telugu,group,False,True,False,18,29
1024,Delhi,28.582,77.27,33,M,food festivals;improv;music festivals;stand-up comedy,"Love food festivals and improv. new city, new friends",front_row,together,party,early,extrovert,3,english;hindi,either,True,False,False,25,41
1025,Delhi,28.662,77.203,30,M,anime;bollywood films;improv;stand-up comedy,Love anime and bollywood films.,chill,together,food,early,introvert,3,english;hindi,either,True,False,False,23,36
1026,Pune,18.569,73.846,30,F,bollywood films;food festivals;hollywood films;music festivals,Love bollywood films and food festivals. weekend pe plans chahiye,chill,at_venue,home,relaxed,ambivert,3,english;marathi,group,False,False,False,23,38
1027,Mumbai,19.151,72.864,33,F,cricket;football;startups;tech,Love cricket and football.,depends,together,food,on_time,introvert,3,english;marathi,duo,True,False,False,27,39
1028,Hyderabad,17.382,78.498,27,F,bollywood music;edm;musicals;theatre,Love bollywood music and edm. weekend pe plans chahiye,depends,together,home,on_time,ambivert,1,english;telugu,duo,True,False,False,22,31
1029,Hyderabad,17.324,78.502,40,M,coding;food festivals;music festivals;photography,Love coding and food festivals. ekdum mast vibe,depends,together,food,early,extrovert,2,english;hindi,either,False,False,False,32,47
1030,Bengaluru,12.993,77.519,25,F,anime;bollywood films;cricket;kabaddi,Love anime and bollywood films. always up for a good show,front_row,together,party,early,ambivert,2,english;kannada,duo,True,False,False,20,30
1031,Bengaluru,12.949,77.616,23,M,cricket;kabaddi;musicals;theatre,Love cricket and kabaddi. ekdum mast vibe,depends,together,party,on_time,ambivert,3,english;kannada,group,False,False,False,18,28
1032,Mumbai,19.154,72.899,36,F,cricket;improv;kabaddi;stand-up comedy,Love cricket and improv. always up for a good show,front_row,at_venue,home,on_time,introvert,3,english;marathi,either,True,True,True,27,43
1033,Hyderabad,17.365,78.467,21,F,food festivals;improv;music festivals;stand-up comedy,Love food festivals and improv. chalo saath chalte hain,chill,together,food,early,ambivert,2,english;telugu,group,True,False,False,18,29
1034,Pune,18.544,73.871,30,F,bollywood music;food festivals;music festivals;rock,Love bollywood music and food festivals. chalo saath chalte hain,depends,at_venue,party,on_time,ambivert,2,english;marathi,group,True,False,False,25,38
1035,Mumbai,19.152,72.854,18,M,bollywood music;edm;improv;stand-up comedy,Love bollywood music and edm.,front_row,together,home,on_time,ambivert,1,english;hindi,group,False,False,False,18,23
1036,Hyderabad,17.36,78.414,19,F,food festivals;music festivals;rock;sufi,Love food festivals and music festivals.,depends,together,home,early,ambivert,3,english;hindi,duo,True,True,False,18,26
1037,Bengaluru,12.944,77.617,33,F,coding;improv;photography;stand-up comedy,Love coding and improv. weekend pe plans chahiye,chill,together,party,early,ambivert,1,english;hindi,duo,False,True,False,29,39
1038,Bengaluru,13.026,77.642,23,F,bollywood films;cricket;football;hollywood films,Love bollywood films and cricket. ekdum mast vibe,front_row,together,party,relaxed,ambivert,1,english;kannada,either,True,False,False,18,29
1039,Hyderabad,17.326,78.585,30,F,improv;musicals;stand-up comedy;theatre,Love improv and musicals. always up for a good show,chill,at_venue,home,on_time,ambivert,3,english;hindi,either,False,False,False,21,35
1040,Pune,18.52,73.803,39,M,coding;indie music;photography;rock,Love coding and indie music. weekend pe plans chahiye,depends,together,home,early,ambivert,3,english;hindi,duo,True,False,False,33,47
1041,Hyderabad,17.385,78.46,37,F,coding;improv;pottery;stand-up comedy,"Love coding and improv. new city, new friends",chill,at_venue,party,on_time,introvert,2,english;hindi,group,False,False,False,33,43
1042,Delhi,28.594,77.268,38,M,improv;musicals;stand-up comedy;theatre,Love improv and musicals. always up for a good show,chill,together,home,early,introvert,2,english;hindi,duo,True,False,False,30,46
1043,Mumbai,19.063,72.946,40,M,improv;stand-up comedy;startups;tech,Love improv and stand-up comedy. always up for a good show,depends,together,party,relaxed,introvert,1,english;hindi,either,True,False,False,32,48
1044,Bengaluru,12.972,77.61,18,F,bollywood music;indie music;musicals;theatre,Love bollywood music and indie music. ekdum mast vibe,chill,at_venue,home,relaxed,introvert,2,english;kannada,group,False,False,False,18,25
1045,Delhi,28.59,77.257,31,F,ai;musicals;tech;theatre,Love ai and musicals. chalo saath chalte hain,depends,at_venue,home,on_time,introvert,3,english;hindi,either,True,False,True,25,39
1046,Hyderabad,17.428,78.42,26,M,ai;musicals;startups;theatre,Love ai and musicals. weekend pe plans chahiye,front_row,together,food,relaxed,extrovert,1,english;hindi,either,False,False,False,20,32
1047,Delhi,28.607,77.115,25,M,coding;cricket;kabaddi;photography,Love coding and cricket. weekend pe plans chahiye,chill,together,party,early,ambivert,1,english;hindi,duo,False,False,False,18,29
1048,Mumbai,19.049,72.822,20,F,edm;hip hop;improv;stand-up comedy,Love edm and hip hop. always up for a good show,chill,together,party,on_time,extrovert,2,english;marathi,group,True,False,False,18,27
1049,Pune,18.477,73.83,18,M,ai;improv;stand-up comedy;startups,Love ai and improv. chalo saath chalte hain,depends,together,food,on_time,introvert,1,english;marathi,either,False,True,False,18,23
1050,Mumbai,19.087,72.939,38,M,food festivals;music festivals;startups;tech,Love food festivals and music festivals. always up for a good show,depends,together,food,early,extrovert,1,english;marathi,duo,True,False,False,34,46
1051,Pune,18.456,73.847,37,F,anime;food festivals;hollywood films;music festivals,Love anime and food festivals. always up for a good show,chill,at_venue,food,relaxed,ambivert,2,english;hindi,either,False,True,True,28,42
1052,Hyderabad,17.292,78.449,18,F,anime;bollywood films;improv;stand-up comedy,Love anime and bollywood films. always up for a good show,depends,at_venue,food,relaxed,ambivert,2,english;hindi,group,False,False,False,18,23
1053,Delhi,28.59,77.152,19,M,ai;edm;hip hop;startups,Love ai and edm. always up for a good show,front_row,together,home,on_time,extrovert,1,english;hindi,either,True,False,False,18,24
1054,Pune,18.496,73.889,28,M,food festivals;improv;music festivals;stand-up comedy,"Love food festivals and improv. new city, new friends",depends,together,food,relaxed,extrovert,3,english;hindi,either,True,True,False,19,34
1055,Pune,18.5,73.945,35,F,anime;hollywood films;improv;stand-up comedy,Love anime and hollywood films.,front_row,at_venue,food,relaxed,extrovert,3,english;hindi,either,True,False,False,27,44
1056,Mumbai,19.041,72.841,26,F,bollywood music;edm;improv;stand-up comedy,Love bollywood music and edm. weekend pe plans chahiye,chill,at_venue,home,relaxed,introvert,2,english;hindi,group,False,False,False,18,35
1057,Mumbai,19.084,72.905,39,M,coding;musicals;pottery;theatre,Love coding and musicals.,front_row,at_venue,food,early,extrovert,3,english;hindi,duo,False,False,False,32,43
1058,Delhi,28.646,77.155,33,M,food festivals;hip hop;music festivals;sufi,Love food festivals and hip hop.,chill,at_venue,party,early,introvert,2,english;hindi,group,False,False,False,29,42
1059,Mumbai,19.027,72.932,23,F,improv;rock;stand-up comedy;sufi,Love improv and rock. ekdum mast vibe,front_row,at_venue,food,relaxed,extrovert,1,english;hindi,group,False,False,False,18,27
1060,Mumbai,19.098,72.754,21,F,ai;photography;pottery;startups,Love ai and photography. chalo saath chalte hain,front_row,together,home,relaxed,ambivert,1,english;marathi,duo,True,False,False,18,26
1061,Mumbai,19.085,72.776,34,F,anime;coding;hollywood films;photography,Love anime and coding. chalo saath chalte hain,depends,at_venue,home,relaxed,extrovert,3,english;marathi,duo,True,False,False,25,41
1062,Bengaluru,12.875,77.601,31,F,improv;musicals;stand-up comedy;theatre,Love improv and musicals. ekdum mast vibe,front_row,together,party,on_time,ambivert,3,english;kannada,group,False,False,True,25,35
1063,Bengaluru,12.899,77.607,24,F,cricket;kabaddi;rock;sufi,Love cricket and kabaddi. chalo saath chalte hain,depends,together,home,relaxed,introvert,3,english;hindi,group,False,True,False,18,31
1064,Pune,18.465,73.984,26,F,anime;hollywood films;startups;tech,Love anime and hollywood films.,chill,at_venue,food,relaxed,ambivert,2,english;marathi,either,True,False,True,21,34
1065,Bengaluru,12.96,77.539,27,X,ai;football;kabaddi;tech,Love ai and football. always up for a good show,chill,at_venue,home,on_time,extrovert,3,english;hindi,either,True,False,False,23,36
1066,Bengaluru,12.949,77.517,35,M,bollywood music;improv;indie music;stand-up comedy,Love bollywood music and improv. ekdum mast vibe,chill,together,home,relaxed,introvert,1,english;hindi,duo,False,False,False,26,42
1067,Mumbai,19.031,72.95,30,M,coding;edm;hip hop;photography,"Love coding and edm. new city, new friends",depends,at_venue,party,on_time,extrovert,1,english;hindi,either,True,True,False,24,36
1068,Mumbai,19.008,72.921,18,M,coding;indie music;photography;sufi,Love coding and indie music. ekdum mast vibe,front_row,together,home,on_time,extrovert,3,english;hindi,duo,True,True,False,18,26
1069,Mumbai,19.029,72.829,27,M,bollywood films;hollywood films;improv;stand-up comedy,Love bollywood films and hollywood films.,chill,together,food,on_time,extrovert,3,english;hindi,group,True,False,False,20,35
1070,Delhi,28.637,77.279,31,F,indie music;startups;sufi;tech,"Love indie music and startups. new city, new friends",depends,together,party,early,extrovert,1,english;hindi,duo,False,False,False,24,38
1071,Delhi,28.648,77.2,20,M,coding;food festivals;music festivals;photography,"Love coding and food festivals. new city, new friends",chill,at_venue,home,on_time,ambivert,2,english;hindi,either,True,False,False,18,26
1072,Delhi,28.642,77.269,18,M,edm;photography;pottery;sufi,Love edm and photography. weekend pe plans chahiye,front_row,together,food,on_time,extrovert,2,english;hindi,either,True,False,False,18,23
1073,Pune,18.521,73.737,19,F,coding;improv;photography;stand-up comedy,Love coding and improv. chalo saath chalte hain,depends,at_venue,party,relaxed,extrovert,2,english;hindi,either,True,False,True,18,25
1074,Bengaluru,12.897,77.624,35,M,anime;coding;hollywood films;pottery,Love anime and coding. chalo saath chalte hain,chill,at_venue,party,relaxed,introvert,1,english;hindi,either,False,False,False,30,42
1075,Delhi,28.577,77.218,39,M,coding;edm;pottery;rock,Love coding and edm. chalo saath chalte hain,chill,at_venue,food,on_time,introvert,3,english;hindi,either,False,False,False,35,46
1076,Pune,18.469,73.839,31,M,food festivals;indie music;music festivals;rock,Love food festivals and indie music. always up for a good show,chill,together,food,relaxed,introvert,3,english;hindi,either,False,False,False,26,38
1077,Delhi,28.611,77.262,18,F,bollywood films;hollywood films;indie music;rock,Love bollywood films and hollywood films. chalo saath chalte hain,chill,together,home,on_time,ambivert,1,english;hindi,group,True,True,False,18,24
1078,Hyderabad,17.411,78.446,36,F,improv;musicals;stand-up comedy;theatre,Love improv and musicals. always up for a good show,front_row,at_venue,party,early,ambivert,3,english;hindi,duo,True,True,True,29,45
1079,Bengaluru,12.898,77.564,25,M,musicals;startups;tech;theatre,Love musicals and startups. ekdum mast vibe,chill,at_venue,home,on_time,extrovert,1,english;hindi,group,True,True,False,18,33
1080,Bengaluru,12.952,77.565,23,M,food festivals;music festivals;musicals;theatre,Love food festivals and music festivals.,chill,together,food,relaxed,ambivert,1,english;hindi,duo,True,True,False,19,28
1081,Pune,18.622,73.83,28,M,bollywood films;coding;hollywood films;photography,Love bollywood films and coding. chalo saath chalte hain,depends,at_venue,food,relaxed,ambivert,1,english;marathi,either,True,False,False,23,37
1082,Delhi,28.643,77.138,18,M,ai;cricket;kabaddi;tech,Love ai and cricket. ekdum mast vibe,chill,at_venue,home,on_time,extrovert,3,english;hindi,group,False,True,False,18,23
1083,Delhi,28.529,77.154,30,M,coding;hip hop;pottery;rock,Love coding and hip hop.,chill,together,food,on_time,introvert,1,english;hindi,either,True,False,False,26,38
1084,Delhi,28.613,77.265,36,M,food festivals;music festivals;photography;pottery,Love food festivals and music festivals.,front_row,at_venue,food,relaxed,ambivert,2,english;hindi,group,True,False,False,30,42
1085,Bengaluru,12.933,77.497,39,F,ai;cricket;kabaddi;tech,"Love ai and cricket. new city, new friends",depends,together,food,relaxed,introvert,3,english;hindi,either,True,False,False,34,46
1086,Hyderabad,17.348,78.46,18,M,improv;musicals;stand-up comedy;theatre,Love improv and musicals. chalo saath chalte hain,front_row,together,food,early,introvert,3,english;telugu,duo,False,False,False,18,24
1087,Bengaluru,13.009,77.605,25,M,food festivals;music festivals;startups;tech,"Love food festivals and music festivals. new city, new friends",chill,at_venue,home,on_time,ambivert,1,english;kannada,duo,True,False,False,19,30
1088,Hyderabad,17.449,78.415,39,M,ai;cricket;football;tech,Love ai and cricket. weekend pe plans chahiye,front_row,at_venue,party,on_time,ambivert,1,english;hindi,group,True,False,False,30,43
1089,Pune,18.513,73.873,29,M,edm;photography;pottery;rock,Love edm and photography. chalo saath chalte hain,depends,together,party,on_time,ambivert,3,english;hindi,either,False,False,False,24,38
1090,Mumbai,19.021,72.949,33,F,anime;bollywood films;cricket;kabaddi,Love anime and bollywood films. weekend pe plans chahiye,depends,together,party,early,introvert,2,english;marathi,group,True,False,True,24,39
1091,Bengaluru,12.995,77.581,38,X,anime;hollywood films;improv;stand-up comedy,"Love anime and hollywood films. new city, new friends",front_row,at_venue,party,on_time,extrovert,1,english;hindi,either,True,False,False,30,46
1092,Mumbai,19.114,72.902,40,F,anime;bollywood films;startups;tech,Love anime and bollywood films. ekdum mast vibe,front_row,together,home,relaxed,extrovert,3,english;hindi,group,False,False,False,35,46
1093,Mumbai,19.072,72.874,23,M,improv;indie music;stand-up comedy;sufi,Love improv and indie music. chalo saath chalte hain,chill,at_venue,home,relaxed,ambivert,1,english;marathi,duo,True,False,False,18,29
1094,Pune,18.536,73.786,22,M,improv;indie music;stand-up comedy;sufi,"Love improv and indie music. new city, new friends",chill,together,food,relaxed,introvert,3,english;marathi,either,False,True,False,18,31
1095,Delhi,28.626,77.226,35,M,food festivals;improv;music festivals;stand-up comedy,"Love food festivals and improv. new city, new friends",chill,at_venue,home,early,extrovert,1,english;hindi,group,True,False,False,30,39
1096,Delhi,28.521,77.214,38,M,football;kabaddi;photography;pottery,Love football and kabaddi. always up for a good show,front_row,at_venue,party,relaxed,extrovert,1,english;hindi,duo,True,False,False,30,44
1097,Delhi,28.621,77.148,21,F,improv;indie music;stand-up comedy;sufi,Love improv and indie music. ekdum mast vibe,depends,at_venue,party,relaxed,introvert,3,english;hindi,group,False,False,True,18,25
1098,Pune,18.595,73.783,36,F,coding;indie music;pottery;sufi,Love coding and indie music. ekdum mast vibe,depends,together,food,early,introvert,3,english;hindi,group,True,False,False,32,45
1099,Delhi,28.625,77.216,21,M,ai;coding;pottery;startups,"Love ai and coding. new city, new friends",front_row,at_venue,food,relaxed,extrovert,1,english;hindi,either,False,False,False,18,26
1100,Delhi,28.532,77.202,39,M,improv;musicals;stand-up comedy;theatre,Love improv and musicals. weekend pe plans chahiye,chill,together,food,on_time,ambivert,3,english;hindi,duo,True,False,False,34,46
1101,Mumbai,19.114,72.774,18,F,coding;improv;photography;stand-up comedy,Love coding and improv. weekend pe plans chahiye,chill,at_venue,party,early,ambivert,3,english;hindi,duo,False,False,False,18,23
1102,Bengaluru,12.99,77.639,18,F,ai;cricket;football;tech,Love ai and cricket. always up for a good show,front_row,together,home,early,extrovert,1,english;hindi,group,True,True,False,18,27
1103,Hyderabad,17.461,78.556,31,M,cricket;kabaddi;musicals;theatre,Love cricket and kabaddi. ekdum mast vibe,front_row,at_venue,party,on_time,introvert,1,english;hindi,group,False,False,False,24,37
1104,Pune,18.548,73.873,39,M,ai;anime;bollywood films;tech,Love ai and anime.,front_row,at_venue,party,on_time,extrovert,2,english;marathi,duo,False,False,False,30,44
1105,Bengaluru,13.053,77.63,26,M,edm;indie music;photography;pottery,Love edm and indie music. weekend pe plans chahiye,depends,together,party,on_time,extrovert,1,english;kannada,duo,False,False,False,18,31
1106,Mumbai,19.147,72.909,35,M,football;kabaddi;musicals;theatre,"Love football and kabaddi. new city, new friends",front_row,at_venue,party,on_time,extrovert,3,english;hindi,group,True,False,False,31,42
1107,Bengaluru,12.962,77.591,32,F,food festivals;improv;music festivals;stand-up comedy,Love food festivals and improv. chalo saath chalte hain,front_row,at_venue,party,relaxed,ambivert,1,english;kannada,group,True,False,False,24,37
1108,Mumbai,19.128,72.912,35,M,improv;musicals;stand-up comedy;theatre,"Love improv and musicals. new city, new friends",depends,together,home,on_time,extrovert,1,english;hindi,either,False,False,False,26,43
1109,Bengaluru,12.945,77.594,40,F,cricket;food festivals;kabaddi;music festivals,Love cricket and food festivals. weekend pe plans chahiye,chill,together,party,relaxed,introvert,3,english;hindi,either,True,False,False,32,48
1110,Mumbai,18.99,72.913,32,M,ai;musicals;startups;theatre,Love ai and musicals. always up for a good show,front_row,at_venue,party,on_time,extrovert,2,english;marathi,either,False,False,False,27,37
1111,Pune,18.495,73.815,29,F,anime;hollywood films;musicals;theatre,Love anime and hollywood films.,depends,at_venue,home,relaxed,introvert,2,english;hindi,either,False,False,False,21,35
1112,Mumbai,19.089,72.924,35,F,improv;stand-up comedy;startups;tech,Love improv and stand-up comedy. chalo saath chalte hain,front_row,together,home,early,introvert,3,english;hindi,group,False,False,False,31,42
1113,Mumbai,19.119,72.843,20,F,anime;bollywood films;improv;stand-up comedy,Love anime and bollywood films. always up for a good show,front_row,at_venue,food,relaxed,ambivert,2,english;hindi,either,True,False,True,18,28
1114,Hyderabad,17.332,78.52,27,F,cricket;football;musicals;theatre,Love cricket and football. always up for a good show,depends,at_venue,party,relaxed,extrovert,3,english;hindi,either,True,False,False,18,33
1115,Pune,18.456,73.851,35,M,bollywood films;edm;hollywood films;sufi,Love bollywood films and edm.,chill,at_venue,party,early,ambivert,1,english;marathi,either,True,True,False,27,44
1116,Pune,18.512,73.82,30,F,bollywood films;bollywood music;hollywood films;rock,Love bollywood films and bollywood music. chalo saath chalte hain,depends,together,home,early,extrovert,2,english;hindi,group,False,False,True,24,39
1117,Pune,18.546,73.847,29,M,coding;improv;pottery;stand-up comedy,Love coding and improv. chalo saath chalte hain,depends,at_venue,home,relaxed,ambivert,2,english;hindi,duo,True,False,False,20,38
1118,Delhi,28.668,77.207,25,F,bollywood music;musicals;rock;theatre,Love bollywood music and musicals. chalo saath chalte hain,depends,at_venue,party,relaxed,extrovert,1,english;hindi,group,True,False,True,18,31
1119,Hyderabad,17.38,78.511,22,M,coding;improv;pottery;stand-up comedy,Love coding and improv. ekdum mast vibe,front_row,at_venue,party,on_time,ambivert,3,english;hindi,either,True,False,False,18,28
1120,Delhi,28.625,77.128,31,F,ai;improv;stand-up comedy;tech,Love ai and improv. always up for a good show,depends,together,food,early,ambivert,1,english;hindi,duo,True,False,False,24,37
1121,Bengaluru,13.005,77.605,26,F,ai;improv;stand-up comedy;startups,Love ai and improv. ekdum mast vibe,front_row,together,party,relaxed,extrovert,2,english;hindi,group,False,True,False,19,33
1122,Pune,18.529,73.792,27,M,coding;food festivals;music festivals;pottery,Love coding and food festivals.,depends,together,food,on_time,introvert,2,english;marathi,group,True,False,False,20,36
1123,Hyderabad,17.344,78.551,24,F,edm;food festivals;music festivals;sufi,Love edm and food festivals. always up for a good show,chill,together,home,early,introvert,3,english;hindi,duo,False,False,False,20,31
1124,Hyderabad,17.377,78.516,24,F,coding;cricket;football;pottery,"Love coding and cricket. new city, new friends",chill,at_venue,home,relaxed,introvert,3,english;telugu,duo,False,False,False,20,28
1125,Hyderabad,17.411,78.424,33,M,improv;indie music;stand-up comedy;sufi,Love improv and indie music.,depends,at_venue,home,on_time,introvert,3,english;hindi,duo,True,False,False,26,41
1126,Hyderabad,17.414,78.419,22,M,musicals;startups;tech;theatre,Love musicals and startups. ekdum mast vibe,chill,together,home,relaxed,ambivert,1,english;telugu,group,True,False,False,18,29
1127,Delhi,28.618,77.201,27,F,ai;improv;stand-up comedy;tech,"Love ai and improv. new city, new friends",front_row,together,food,relaxed,introvert,3,english;hindi,duo,False,True,False,19,32
1128,Pune,18.471,73.877,35,M,coding;improv;pottery;stand-up comedy,Love coding and improv. weekend pe plans chahiye,chill,at_venue,home,early,extrovert,1,english;marathi,group,True,False,False,30,39
1129,Pune,18.473,73.8,40,F,bollywood films;coding;hollywood films;pottery,Love bollywood films and coding.,depends,together,home,relaxed,extrovert,1,english;marathi,group,False,True,True,35,49
1130,Mumbai,19.066,72.885,18,M,food festivals;music festivals;musicals;theatre,Love food festivals and music festivals.,front_row,together,food,on_time,ambivert,3,english;marathi,group,False,False,False,18,27
1131,Bengaluru,12.984,77.592,19,F,food festivals;music festivals;musicals;theatre,Love food festivals and music festivals. always up for a good show,depends,together,food,on_time,introvert,2,english;kannada,group,True,False,False,18,27
1132,Hyderabad,17.418,78.511,26,F,cricket;football;improv;stand-up comedy,Love cricket and football. chalo saath chalte hain,chill,together,party,early,ambivert,1,english;telugu,duo,False,False,True,18,34
1133,Bengaluru,12.956,77.63,36,M,cricket;food festivals;kabaddi;music festivals,"Love cricket and food festivals. new city, new friends",front_row,at_venue,home,relaxed,extrovert,2,english;kannada,either,False,False,False,29,45
1134,Hyderabad,17.421,78.529,25,M,improv;photography;pottery;stand-up comedy,Love improv and photography.,front_row,together,party,relaxed,ambivert,1,english;hindi,either,False,False,False,21,34
1135,Pune,18.599,73.836,21,F,coding;improv;pottery;stand-up comedy,"Love coding and improv. new city, new friends",chill,together,food,relaxed,introvert,3,english;marathi,duo,True,True,True,18,29
1136,Pune,18.498,73.912,25,M,edm;food festivals;music festivals;rock,Love edm and food festivals. always up for a good show,depends,at_venue,party,relaxed,ambivert,1,english;hindi,group,True,False,False,20,34
1137,Mumbai,19.005,72.909,35,M,coding;food festivals;music festivals;pottery,Love coding and food festivals. always up for a good show,chill,together,home,early,introvert,2,english;marathi,duo,False,False,False,31,42
1138,Mumbai,19.036,72.847,18,M,cricket;improv;kabaddi;stand-up comedy,Love cricket and improv.,depends,at_venue,home,early,extrovert,1,english;hindi,duo,False,False,False,18,27
1139,Mumbai,19.111,72.871,18,M,coding;musicals;pottery;theatre,Love coding and musicals. ekdum mast vibe,front_row,together,party,relaxed,extrovert,3,english;marathi,either,False,False,False,18,23
1140,Bengaluru,12.961,77.606,40,F,bollywood films;hollywood films;improv;stand-up comedy,Love bollywood films and hollywood films. always up for a good show,front_row,together,home,early,extrovert,3,english;kannada,group,False,False,True,35,49
1141,Mumbai,19.14,72.874,31,F,improv;stand-up comedy;startups;tech,"Love improv and stand-up comedy. new city, new friends",front_row,together,home,on_time,introvert,1,english;hindi,duo,True,False,False,24,38
1142,Bengaluru,12.91,77.565,34,M,food festivals;music festivals;musicals;theatre,Love food festivals and music festivals. weekend pe plans chahiye,front_row,at_venue,party,on_time,ambivert,2,english;hindi,either,False,False,False,29,42
1143,Pune,18.449,73.869,26,F,food festivals;music festivals;rock;sufi,Love food festivals and music festivals. always up for a good show,depends,at_venue,food,early,ambivert,3,english;marathi,group,False,False,False,18,31
1144,Hyderabad,17.276,78.577,30,F,anime;bollywood films;football;kabaddi,Love anime and bollywood films. ekdum mast vibe,chill,together,home,on_time,ambivert,2,english;telugu,group,True,False,False,22,38
1145,Delhi,28.626,77.208,39,M,improv;musicals;stand-up comedy;theatre,Love improv and musicals.,depends,together,food,relaxed,introvert,3,english;hindi,either,True,False,False,34,46
1146,Bengaluru,12.948,77.601,18,M,anime;hollywood films;photography;pottery,Love anime and hollywood films. always up for a good show,front_row,at_venue,food,on_time,introvert,1,english;kannada,group,True,False,False,18,25
1147,Bengaluru,12.973,77.691,29,F,ai;improv;stand-up comedy;tech,Love ai and improv. always up for a good show,chill,together,home,early,extrovert,1,english;hindi,duo,True,False,False,25,36
1148,Hyderabad,17.394,78.565,23,M,bollywood music;football;hip hop;kabaddi,Love bollywood music and football. ekdum mast vibe,chill,together,food,on_time,introvert,1,english;hindi,group,False,False,False,18,30
1149,Bengaluru,12.914,77.619,35,M,cricket;kabaddi;musicals;theatre,"Love cricket and kabaddi. new city, new friends",depends,together,food,relaxed,ambivert,1,english;kannada,duo,True,False,False,29,42
1150,Delhi,28.59,77.267,33,M,food festivals;hip hop;indie music;music festivals,Love food festivals and hip hop. weekend pe plans chahiye,chill,together,party,early,ambivert,1,english;hindi,either,True,True,False,28,41
1151,Delhi,28.619,77.126,39,F,cricket;kabaddi;musicals;theatre,Love cricket and kabaddi. ekdum mast vibe,chill,together,party,relaxed,introvert,2,english;hindi,duo,True,False,True,30,47
1152,Delhi,28.647,77.194,32,F,bollywood films;hollywood films;indie music;sufi,"Love bollywood films and hollywood films. new city, new friends",chill,at_venue,home,on_time,introvert,3,english;hindi,either,True,True,False,25,41
1153,Delhi,28.625,77.269,25,M,cricket;kabaddi;photography;pottery,Love cricket and kabaddi. ekdum mast vibe,front_row,at_venue,food,relaxed,ambivert,2,english;hindi,either,True,False,False,19,29
1154,Hyderabad,17.445,78.491,18,F,food festivals;music festivals;musicals;theatre,"Love food festivals and music festivals. new city, new friends",chill,together,party,on_time,introvert,2,english;hindi,duo,True,False,False,18,22
1155,Mumbai,19.02,72.927,32,F,food festivals;music festivals;photography;pottery,Love food festivals and music festivals. always up for a good show,chill,at_venue,home,on_time,ambivert,3,english;hindi,duo,True,False,False,27,37
1156,Delhi,28.652,77.279,22,F,ai;food festivals;music festivals;tech,Love ai and food festivals.,chill,at_venue,home,early,introvert,2,english;hindi,group,True,True,False,18,29
1157,Bengaluru,12.997,77.581,39,F,ai;bollywood films;hollywood films;startups,Love ai and bollywood films. always up for a good show,front_row,at_venue,home,early,introvert,3,english;hindi,group,False,True,False,33,45
1158,Bengaluru,12.979,77.527,19,M,football;kabaddi;rock;sufi,Love football and kabaddi. weekend pe plans chahiye,depends,at_venue,food,relaxed,extrovert,1,english;kannada,duo,True,False,False,18,24
1159,Pune,18.521,73.885,23,M,cricket;football;improv;stand-up comedy,Love cricket and football. weekend pe plans chahiye,front_row,together,party,relaxed,extrovert,3,english;marathi,duo,False,False,False,18,27
1160,Mumbai,18.994,72.888,28,M,anime;hollywood films;photography;pottery,Love anime and hollywood films. always up for a good show,chill,at_venue,food,relaxed,ambivert,1,english;marathi,group,True,False,False,20,33
1161,Mumbai,19.086,72.935,31,M,anime;bollywood films;improv;stand-up comedy,Love anime and bollywood films.,depends,together,home,on_time,ambivert,1,english;marathi,either,True,True,False,27,39
1162,Bengaluru,12.881,77.608,30,F,cricket;improv;kabaddi;stand-up comedy,Love cricket and improv. always up for a good show,front_row,together,home,on_time,introvert,1,english;hindi,duo,True,False,False,24,35
1163,Pune,18.621,73.931,31,F,ai;bollywood films;hollywood films;startups,Love ai and bollywood films. ekdum mast vibe,front_row,together,home,early,ambivert,1,english;marathi,duo,True,True,False,24,39
1164,Delhi,28.616,77.194,26,M,ai;improv;stand-up comedy;startups,Love ai and improv.,chill,at_venue,party,relaxed,ambivert,1,english;hindi,group,True,True,False,19,30
1165,Hyderabad,17.369,78.456,24,M,ai;coding;pottery;tech,Love ai and coding.,depends,at_venue,party,early,introvert,2,english;hindi,group,False,False,False,18,31
1166,Pune,18.541,73.83,20,F,football;kabaddi;musicals;theatre,Love football and kabaddi. weekend pe plans chahiye,depends,at_venue,food,early,introvert,1,english;hindi,duo,True,False,False,18,26
1167,Delhi,28.738,77.199,35,F,improv;stand-up comedy;startups;tech,Love improv and stand-up comedy. always up for a good show,depends,at_venue,food,early,introvert,2,english;hindi,either,True,False,False,29,39
1168,Pune,18.492,73.873,37,M,food festivals;improv;music festivals;stand-up comedy,Love food festivals and improv. always up for a good show,front_row,at_venue,food,early,ambivert,2,english;marathi,duo,True,False,False,29,46
1169,Bengaluru,12.959,77.642,28,M,ai;anime;hollywood films;tech,Love ai and anime. always up for a good show,chill,together,food,early,extrovert,2,english;hindi,group,False,False,False,23,32
1170,Delhi,28.705,77.219,21,F,musicals;photography;pottery;theatre,Love musicals and photography. weekend pe plans chahiye,depends,together,home,relaxed,ambivert,2,english;hindi,duo,True,False,True,18,26
1171,Delhi,28.66,77.203,20,F,ai;indie music;rock;tech,Love ai and indie music. chalo saath chalte hain,chill,at_venue,party,relaxed,introvert,3,english;hindi,duo,False,False,True,18,24
1172,Bengaluru,12.927,77.601,19,M,bollywood music;coding;hip hop;photography,Love bollywood music and coding. weekend pe plans chahiye,front_row,together,food,on_time,introvert,3,english;kannada,either,True,False,False,18,27
1173,Bengaluru,12.873,77.544,27,M,food festivals;improv;music festivals;stand-up comedy,"Love food festivals and improv. new city, new friends",chill,together,party,relaxed,extrovert,1,english;hindi,group,False,False,False,21,35
1174,Hyderabad,17.469,78.396,27,M,bollywood films;coding;hollywood films;pottery,Love bollywood films and coding.,front_row,at_venue,food,on_time,extrovert,1,english;telugu,group,False,False,False,22,36
1175,Pune,18.55,73.821,26,M,ai;food festivals;music festivals;startups,Love ai and food festivals. ekdum mast vibe,front_row,at_venue,home,relaxed,introvert,2,english;hindi,duo,True,False,False,21,30
1176,Mumbai,19.066,72.871,34,F,ai;improv;stand-up comedy;tech,Love ai and improv.,front_row,at_venue,food,relaxed,ambivert,1,english;hindi,either,True,False,False,26,38
1177,Pune,18.562,73.829,40,M,anime;bollywood films;food festivals;music festivals,Love anime and bollywood films. always up for a good show,depends,together,food,early,ambivert,3,english;hindi,group,False,False,False,36,49
1178,Mumbai,19.059,72.83,30,M,edm;rock;startups;tech,Love edm and rock. always up for a good show,depends,at_venue,party,on_time,ambivert,3,english;hindi,group,False,False,False,26,36
1179,Pune,18.504,73.85,40,M,coding;food festivals;music festivals;photography,Love coding and food festivals. chalo saath chalte hain,chill,together,food,on_time,introvert,3,english;hindi,duo,False,False,False,33,49
1180,Delhi,28.605,77.25,33,F,ai;cricket;football;tech,Love ai and cricket. weekend pe plans chahiye,depends,at_venue,party,on_time,extrovert,2,english;hindi,group,True,False,False,27,37
1181,Mumbai,19.085,72.953,31,F,bollywood films;hollywood films;improv;stand-up comedy,Love bollywood films and hollywood films.,depends,at_venue,party,on_time,extrovert,3,english;hindi,group,True,True,True,22,38
1182,Mumbai,19.088,72.841,23,M,ai;coding;pottery;startups,Love ai and coding. weekend pe plans chahiye,chill,at_venue,home,on_time,extrovert,2,english;hindi,group,False,False,False,18,29
1183,Pune,18.504,73.85,26,M,ai;musicals;tech;theatre,Love ai and musicals. always up for a good show,chill,at_venue,party,early,introvert,2,english;marathi,group,True,False,False,22,35
1184,Bengaluru,12.973,77.533,36,F,bollywood music;indie music;musicals;theatre,Love bollywood music and indie music. ekdum mast vibe,chill,together,food,early,introvert,2,english;kannada,either,False,False,True,29,42
1185,Hyderabad,17.367,78.501,29,F,food festivals;hip hop;music festivals;rock,Love food festivals and hip hop. ekdum mast vibe,depends,at_venue,home,early,ambivert,2,english;telugu,duo,True,False,True,25,37
1186,Hyderabad,17.411,78.466,19,M,anime;bollywood music;edm;hollywood films,Love anime and bollywood music.,front_row,at_venue,home,early,introvert,3,english;telugu,duo,True,False,False,18,27
1187,Bengaluru,13.028,77.589,21,F,anime;bollywood films;musicals;theatre,Love anime and bollywood films. chalo saath chalte hain,front_row,at_venue,food,relaxed,extrovert,2,english;hindi,duo,True,True,False,18,29
1188,Delhi,28.622,77.244,34,M,food festivals;improv;music festivals;stand-up comedy,Love food festivals and improv. ekdum mast vibe,front_row,at_venue,food,early,extrovert,3,english;hindi,either,True,False,False,27,38
1189,Mumbai,19.048,72.859,38,F,ai;photography;pottery;startups,Love ai and photography. weekend pe plans chahiye,chill,together,food,early,extrovert,1,english;marathi,either,True,False,False,30,44
1190,Mumbai,19.108,72.936,19,F,edm;improv;indie music;stand-up comedy,"Love edm and improv. new city, new friends",depends,together,food,relaxed,ambivert,3,english;hindi,group,True,False,False,18,26
1191,Pune,18.581,73.827,40,F,food festivals;indie music;music festivals;sufi,"Love food festivals and indie music. new city, new friends",depends,at_venue,party,relaxed,extrovert,1,english;hindi,either,True,False,False,31,48
1192,Delhi,28.585,77.268,19,F,ai;musicals;startups;theatre,Love ai and musicals. ekdum mast vibe,front_row,together,food,early,introvert,2,english;hindi,duo,True,False,False,18,28
1193,Bengaluru,12.974,77.52,37,M,anime;coding;hollywood films;photography,Love anime and coding. weekend pe plans chahiye,front_row,together,party,relaxed,extrovert,1,english;hindi,either,True,False,False,30,45
1194,Delhi,28.679,77.176,31,F,ai;anime;bollywood films;startups,Love ai and anime.,chill,together,food,relaxed,ambivert,2,english;hindi,duo,False,True,True,26,35
1195,Mumbai,19.069,72.865,39,M,football;indie music;kabaddi;sufi,Love football and indie music. always up for a good show,front_row,at_venue,food,on_time,introvert,1,english;marathi,duo,False,False,False,33,43
1196,Pune,18.542,73.857,22,F,coding;musicals;photography;theatre,Love coding and musicals. chalo saath chalte hain,chill,together,party,early,introvert,3,english;hindi,group,True,False,False,18,29
1197,Mumbai,19.075,72.768,40,F,cricket;improv;kabaddi;stand-up comedy,"Love cricket and improv. new city, new friends",front_row,together,home,early,ambivert,2,english;marathi,either,False,False,False,36,45
1198,Hyderabad,17.388,78.547,35,M,food festivals;improv;music festivals;stand-up comedy,Love food festivals and improv. weekend pe plans chahiye,chill,at_venue,home,relaxed,ambivert,2,english;telugu,either,False,False,False,26,43
1199,Mumbai,19.042,72.948,19,F,bollywood music;cricket;kabaddi;rock,Love bollywood music and cricket. weekend pe plans chahiye,chill,at_venue,food,relaxed,introvert,1,english;marathi,duo,False,False,False,18,26
1200,Hyderabad,17.433,78.477,29,M,bollywood films;hip hop;hollywood films;indie music,Love bollywood films and hip hop.,front_row,together,food,early,extrovert,2,english;hindi,duo,False,False,False,20,38
1201,Hyderabad,17.4,78.493,39,M,ai;bollywood films;hollywood films;tech,Love ai and bollywood films. always up for a good show,depends,together,home,on_time,introvert,1,english;telugu,duo,True,False,False,35,45
1202,Hyderabad,17.406,78.569,20,M,football;kabaddi;musicals;theatre,"Love football and kabaddi. new city, new friends",chill,at_venue,home,relaxed,introvert,3,english;telugu,group,False,False,False,18,25
1203,Hyderabad,17.436,78.504,36,F,hip hop;indie music;startups;tech,Love hip hop and indie music.,chill,together,party,early,extrovert,3,english;hindi,either,True,False,False,29,40
1204,Delhi,28.652,77.25,19,M,coding;cricket;kabaddi;photography,Love coding and cricket.,front_row,at_venue,home,early,ambivert,1,english;hindi,either,False,False,False,18,26
1205,Mumbai,19.063,72.895,29,M,anime;bollywood films;photography;pottery,Love anime and bollywood films. chalo saath chalte hain,front_row,at_venue,home,early,extrovert,1,english;hindi,group,False,False,False,23,35
1206,Bengaluru,13.059,77.572,18,M,anime;bollywood films;food festivals;music festivals,Love anime and bollywood films.,front_row,together,food,on_time,introvert,3,english;hindi,group,True,True,False,18,24
1207,Pune,18.541,73.843,25,M,bollywood films;hollywood films;musicals;theatre,Love bollywood films and hollywood films. always up for a good show,front_row,together,home,relaxed,ambivert,2,english;marathi,duo,True,False,False,20,32
1208,Pune,18.431,73.891,22,F,cricket;football;improv;stand-up comedy,Love cricket and football. always up for a good show,front_row,at_venue,party,early,extrovert,1,english;marathi,group,True,False,False,18,26
1209,Bengaluru,12.978,77.574,33,X,ai;bollywood films;hollywood films;startups,Love ai and bollywood films. chalo saath chalte hain,front_row,at_venue,home,on_time,introvert,2,english;hindi,duo,True,False,False,29,42
1210,Pune,18.561,73.921,30,M,food festivals;improv;music festivals;stand-up comedy,"Love food festivals and improv. new city, new friends",chill,together,food,relaxed,extrovert,2,english;marathi,either,False,True,False,24,39
1211,Pune,18.582,73.88,22,M,bollywood music;hip hop;startups;tech,Love bollywood music and hip hop. chalo saath chalte hain,front_row,together,party,on_time,extrovert,3,english;hindi,duo,True,False,False,18,28
1212,Mumbai,19.123,72.856,32,F,coding;food festivals;music festivals;pottery,Love coding and food festivals. always up for a good show,front_row,together,home,relaxed,ambivert,1,english;marathi,group,True,False,False,27,40
1213,Bengaluru,12.97,77.665,35,M,anime;hollywood films;photography;pottery,Love anime and hollywood films. always up for a good show,depends,together,home,on_time,introvert,1,english;kannada,group,True,False,False,28,41
1214,Pune,18.427,73.884,18,F,anime;hollywood films;musicals;theatre,"Love anime and hollywood films. new city, new friends",front_row,together,home,relaxed,introvert,1,english;hindi,group,True,False,False,18,24
1215,Mumbai,19.051,72.874,19,F,bollywood films;hollywood films;startups;tech,Love bollywood films and hollywood films.,front_row,together,party,early,introvert,1,english;marathi,duo,True,False,False,18,26
1216,Mumbai,19.164,72.849,21,M,edm;hip hop;musicals;theatre,Love edm and hip hop. always up for a good show,front_row,together,food,early,extrovert,2,english;hindi,duo,False,False,False,18,29
1217,Bengaluru,13.035,77.639,38,M,anime;hip hop;hollywood films;indie music,Love anime and hip hop.,depends,together,food,early,ambivert,2,english;kannada,duo,False,False,False,30,44
1218,Mumbai,19.005,72.906,21,M,bollywood films;hollywood films;musicals;theatre,Love bollywood films and hollywood films. chalo saath chalte hain,chill,together,home,relaxed,introvert,1,english;hindi,either,True,False,False,18,30
1219,Bengaluru,12.878,77.634,40,M,anime;bollywood films;improv;stand-up comedy,Love anime and bollywood films. ekdum mast vibe,front_row,together,home,on_time,ambivert,2,english;hindi,either,False,False,False,32,45
1220,Pune,18.549,73.884,18,M,anime;bollywood films;musicals;theatre,Love anime and bollywood films. chalo saath chalte hain,depends,at_venue,party,on_time,introvert,1,english;hindi,duo,False,False,False,18,25
1221,Pune,18.536,73.798,36,M,bollywood music;food festivals;hip hop;music festivals,Love bollywood music and food festivals. ekdum mast vibe,depends,at_venue,home,early,introvert,2,english;hindi,duo,True,True,False,29,42
1222,Delhi,28.658,77.138,30,M,food festivals;indie music;music festivals;sufi,Love food festivals and indie music. chalo saath chalte hain,depends,at_venue,food,early,extrovert,1,english;hindi,group,False,False,False,25,36
1223,Pune,18.588,73.924,26,F,football;kabaddi;musicals;theatre,"Love football and kabaddi. new city, new friends",front_row,together,home,on_time,ambivert,2,english;marathi,either,True,False,False,22,35
1224,Pune,18.608,73.745,22,F,food festivals;improv;music festivals;stand-up comedy,Love food festivals and improv.,depends,together,party,on_time,ambivert,2,english;hindi,duo,True,False,False,18,29
1225,Hyderabad,17.428,78.512,27,M,cricket;kabaddi;musicals;theatre,"Love cricket and kabaddi. new city, new friends",depends,together,home,relaxed,extrovert,1,english;hindi,group,True,False,False,22,32
1226,Hyderabad,17.321,78.476,27,F,cricket;improv;kabaddi;stand-up comedy,Love cricket and improv. ekdum mast vibe,front_row,at_venue,food,early,introvert,3,english;hindi,either,False,False,False,20,35
1227,Mumbai,19.061,72.896,32,F,cricket;football;musicals;theatre,Love cricket and football.,chill,at_venue,home,relaxed,ambivert,2,english;marathi,duo,False,False,False,26,40
1228,Mumbai,19.158,72.881,32,M,bollywood music;food festivals;music festivals;sufi,Love bollywood music and food festivals. chalo saath chalte hain,front_row,together,home,relaxed,introvert,2,english;marathi,duo,True,False,False,25,37
1229,Pune,18.413,73.867,24,M,coding;indie music;photography;sufi,Love coding and indie music. chalo saath chalte hain,chill,at_venue,party,early,extrovert,1,english;marathi,group,True,False,False,18,28
1230,Bengaluru,12.917,77.631,18,F,cricket;hip hop;kabaddi;sufi,"Love cricket and hip hop. new city, new friends",chill,at_venue,food,relaxed,introvert,1,english;hindi,duo,False,False,False,18,23
1231,Bengaluru,12.892,77.666,34,F,cricket;football;rock;sufi,Love cricket and football. always up for a good show,front_row,together,party,early,introvert,1,english;kannada,duo,True,True,False,25,43
1232,Pune,18.657,73.881,21,F,ai;photography;pottery;startups,"Love ai and photography. new city, new friends",front_row,at_venue,food,relaxed,introvert,3,english;hindi,group,True,False,False,18,25
1233,Delhi,28.647,77.283,36,M,musicals;startups;tech;theatre,Love musicals and startups. chalo saath chalte hain,chill,together,party,on_time,extrovert,3,english;hindi,either,True,True,False,29,44
1234,Mumbai,19.097,72.887,23,F,indie music;rock;startups;tech,"Love indie music and rock. new city, new friends",depends,at_venue,party,on_time,introvert,1,english;hindi,duo,True,False,False,18,32
1235,Mumbai,19.096,72.912,35,F,bollywood music;football;kabaddi;sufi,"Love bollywood music and football. new city, new friends",front_row,together,food,relaxed,extrovert,1,english;marathi,either,True,False,False,26,41
1236,Delhi,28.702,77.137,18,F,ai;bollywood films;hollywood films;tech,"Love ai and bollywood films. new city, new friends",depends,together,food,on_time,introvert,2,english;hindi,either,False,False,False,18,23
1237,Mumbai,19.05,72.883,31,F,coding;football;kabaddi;photography,"Love coding and football. new city, new friends",depends,at_venue,food,on_time,introvert,2,english;hindi,duo,False,True,False,26,40
1238,Pune,18.504,73.81,34,M,ai;football;kabaddi;tech,Love ai and football. chalo saath chalte hain,chill,together,food,early,ambivert,3,english;marathi,either,False,False,False,29,38
1239,Pune,18.514,73.889,34,M,ai;football;kabaddi;tech,Love ai and football. always up for a good show,front_row,at_venue,food,relaxed,extrovert,2,english;hindi,group,True,False,False,29,38
1240,Delhi,28.66,77.254,23,M,bollywood music;coding;pottery;rock,Love bollywood music and coding. always up for a good show,chill,at_venue,party,relaxed,extrovert,3,english;hindi,duo,True,True,False,18,29
1241,Mumbai,19.101,72.931,40,M,coding;improv;photography;stand-up comedy,Love coding and improv.,front_row,at_venue,party,relaxed,introvert,2,english;marathi,duo,True,False,False,36,49
1242,Bengaluru,12.938,77.558,30,F,edm;food festivals;indie music;music festivals,Love edm and food festivals. ekdum mast vibe,chill,together,party,on_time,extrovert,2,english;kannada,either,True,False,False,23,34
1243,Mumbai,19.047,72.793,37,F,coding;food festivals;music festivals;photography,Love coding and food festivals. weekend pe plans chahiye,depends,at_venue,party,on_time,extrovert,2,english;hindi,either,True,False,False,30,46
1244,Mumbai,19.008,72.865,33,F,anime;bollywood films;improv;stand-up comedy,Love anime and bollywood films. ekdum mast vibe,front_row,at_venue,party,on_time,introvert,2,english;hindi,group,True,False,True,28,42
1245,Mumbai,19.084,72.836,20,M,bollywood music;improv;rock;stand-up comedy,Love bollywood music and improv. always up for a good show,depends,at_venue,party,relaxed,extrovert,1,english;hindi,duo,False,False,False,18,24
1246,Delhi,28.641,77.251,28,M,anime;bollywood films;food festivals;music festivals,Love anime and bollywood films. always up for a good show,front_row,together,party,relaxed,introvert,2,english;hindi,either,True,True,False,19,35
1247,Pune,18.361,73.853,26,M,anime;coding;hollywood films;pottery,"Love anime and coding. new city, new friends",front_row,at_venue,home,relaxed,extrovert,2,english;hindi,group,False,False,False,18,33
1248,Bengaluru,12.92,77.615,37,F,coding;improv;photography;stand-up comedy,Love coding and improv. weekend pe plans chahiye,depends,at_venue,home,relaxed,ambivert,1,english;hindi,duo,False,False,False,33,44
1249,Pune,18.497,73.888,34,M,ai;cricket;football;tech,Love ai and cricket. ekdum mast vibe,depends,together,home,relaxed,extrovert,1,english;hindi,duo,False,False,False,26,40
1250,Delhi,28.521,77.235,35,F,ai;cricket;football;startups,Love ai and cricket. weekend pe plans chahiye,chill,together,party,relaxed,extrovert,3,english;hindi,duo,False,False,True,27,40
1251,Hyderabad,17.338,78.491,18,M,coding;food festivals;music festivals;photography,Love coding and food festivals. chalo saath chalte hain,front_row,at_venue,food,on_time,ambivert,3,english;hindi,either,True,False,False,18,26
1252,Mumbai,19.099,72.888,40,M,coding;improv;photography;stand-up comedy,Love coding and improv. ekdum mast vibe,front_row,together,food,on_time,ambivert,1,english;hindi,duo,False,False,False,33,47
1253,Pune,18.576,73.918,21,F,cricket;football;photography;pottery,Love cricket and football. weekend pe plans chahiye,front_row,together,food,on_time,ambivert,2,english;hindi,group,True,False,False,18,27
1254,Hyderabad,17.431,78.434,37,M,anime;cricket;hollywood films;kabaddi,Love anime and cricket. always up for a good show,depends,together,party,early,extrovert,3,english;telugu,group,False,False,False,28,41
1255,Mumbai,19.073,72.937,20,M,ai;improv;stand-up comedy;startups,Love ai and improv. ekdum mast vibe,chill,at_venue,home,on_time,extrovert,1,english;hindi,group,False,False,False,18,27
1256,Mumbai,19.154,72.839,22,M,anime;hollywood films;improv;stand-up comedy,Love anime and hollywood films. weekend pe plans chahiye,depends,at_venue,food,relaxed,extrovert,2,english;hindi,either,False,False,False,18,28
1257,Mumbai,19.049,72.779,34,M,coding;musicals;photography;theatre,"Love coding and musicals. new city, new friends",front_row,together,party,on_time,ambivert,1,english;hindi,group,False,False,False,27,40
1258,Hyderabad,17.467,78.595,29,X,ai;food festivals;music festivals;startups,Love ai and food festivals. weekend pe plans chahiye,depends,at_venue,home,relaxed,ambivert,3,english;telugu,either,True,False,False,23,37
1259,Hyderabad,17.369,78.577,29,F,bollywood films;hollywood films;improv;stand-up comedy,"Love bollywood films and hollywood films. new city, new friends",chill,together,home,early,introvert,1,english;hindi,duo,True,False,False,20,37
1260,Bengaluru,12.969,77.561,26,M,food festivals;football;kabaddi;music festivals,"Love food festivals and football. new city, new friends",depends,together,party,on_time,introvert,3,english;kannada,either,True,False,False,18,33
1261,Mumbai,19.14,72.885,38,M,food festivals;music festivals;startups;tech,Love food festivals and music festivals.,front_row,at_venue,party,relaxed,introvert,1,english;hindi,group,False,False,False,31,43
1262,Hyderabad,17.373,78.448,27,M,ai;coding;photography;tech,Love ai and coding. chalo saath chalte hain,front_row,at_venue,food,relaxed,introvert,1,english;hindi,either,False,False,False,23,34
1263,Hyderabad,17.391,78.585,22,F,food festivals;football;kabaddi;music festivals,"Love food festivals and football. new city, new friends",depends,together,food,relaxed,ambivert,3,english;hindi,either,True,False,False,18,29
1264,Pune,18.529,73.82,35,F,cricket;food festivals;kabaddi;music festivals,"Love cricket and food festivals. new city, new friends",chill,at_venue,home,relaxed,extrovert,2,english;hindi,duo,False,False,True,31,40
1265,Hyderabad,17.377,78.552,40,F,musicals;photography;pottery;theatre,Love musicals and photography. chalo saath chalte hain,chill,together,home,relaxed,ambivert,1,english;telugu,either,False,False,True,33,48
1266,Mumbai,19.013,72.874,39,F,food festivals;indie music;music festivals;rock,Love food festivals and indie music. weekend pe plans chahiye,depends,at_venue,party,on_time,ambivert,2,english;hindi,duo,False,False,False,32,44
1267,Mumbai,19.005,72.995,39,F,food festivals;music festivals;musicals;theatre,"Love food festivals and music festivals. new city, new friends",chill,together,home,early,ambivert,3,english;hindi,either,False,False,True,30,46
1268,Bengaluru,12.962,77.552,31,M,cricket;football;improv;stand-up comedy,Love cricket and football. always up for a good show,front_row,together,party,on_time,extrovert,2,english;kannada,either,False,False,False,25,38
1269,Delhi,28.529,77.2,32,F,coding;edm;indie music;pottery,Love coding and edm. chalo saath chalte hain,front_row,at_venue,food,on_time,extrovert,1,english;hindi,group,False,False,False,24,39
1270,Delhi,28.612,77.157,37,M,coding;indie music;pottery;rock,Love coding and indie music. always up for a good show,depends,together,party,early,ambivert,2,english;hindi,either,True,True,False,31,45
1271,Mumbai,18.994,72.822,21,F,ai;photography;pottery;startups,Love ai and photography. ekdum mast vibe,depends,together,food,early,ambivert,1,english;marathi,duo,False,True,False,18,30
1272,Delhi,28.567,77.228,37,F,bollywood films;hollywood films;improv;stand-up comedy,Love bollywood films and hollywood films. chalo saath chalte hain,chill,together,home,on_time,ambivert,3,english;hindi,group,False,True,False,28,41
1273,Hyderabad,17.32,78.49,30,F,anime;bollywood films;improv;stand-up comedy,Love anime and bollywood films. weekend pe plans chahiye,depends,together,home,on_time,introvert,3,english;hindi,group,True,False,False,24,39
1274,Delhi,28.585,77.241,28,F,coding;improv;pottery;stand-up comedy,Love coding and improv. weekend pe plans chahiye,front_row,together,food,early,extrovert,3,english;hindi,group,True,False,True,24,37
1275,Bengaluru,13.056,77.63,18,M,hip hop;indie music;photography;pottery,Love hip hop and indie music. ekdum mast vibe,chill,at_venue,party,early,introvert,2,english;kannada,group,True,False,False,18,26
1276,Bengaluru,12.979,77.571,23,M,improv;indie music;rock;stand-up comedy,Love improv and indie music. always up for a good show,chill,together,home,on_time,extrovert,1,english;kannada,either,False,True,False,18,27
1277,Hyderabad,17.4,78.431,21,M,cricket;improv;kabaddi;stand-up comedy,Love cricket and improv. always up for a good show,depends,together,home,relaxed,introvert,2,english;telugu,either,False,False,False,18,25
1278,Pune,18.482,73.857,40,M,football;kabaddi;musicals;theatre,Love football and kabaddi. ekdum mast vibe,chill,together,party,early,introvert,2,english;hindi,either,True,False,False,35,44
1279,Bengaluru,12.979,77.543,27,M,food festivals;hip hop;music festivals;rock,Love food festivals and hip hop.,front_row,at_venue,party,relaxed,extrovert,2,english;kannada,group,False,True,False,23,34
1280,Mumbai,19.058,72.849,32,F,ai;anime;hollywood films;tech,Love ai and anime. ekdum mast vibe,chill,together,home,on_time,introvert,1,english;marathi,either,False,True,True,25,40
1281,Delhi,28.58,77.273,22,F,improv;photography;pottery;stand-up comedy,Love improv and photography. chalo saath chalte hain,depends,together,home,on_time,extrovert,2,english;hindi,duo,False,True,False,18,26
1282,Bengaluru,12.938,77.586,22,M,ai;hip hop;rock;startups,Love ai and hip hop. ekdum mast vibe,depends,together,party,relaxed,introvert,2,english;hindi,either,True,False,False,18,30
1283,Delhi,28.628,77.214,23,F,coding;musicals;pottery;theatre,Love coding and musicals. ekdum mast vibe,chill,at_venue,party,early,introvert,3,english;hindi,duo,True,True,False,18,30
1284,Bengaluru,12.956,77.728,32,F,indie music;musicals;sufi;theatre,"Love indie music and musicals. new city, new friends",chill,together,food,relaxed,ambivert,3,english;hindi,either,False,False,True,27,36
1285,Mumbai,19.04,72.877,39,M,cricket;football;musicals;theatre,Love cricket and football. weekend pe plans chahiye,chill,together,home,relaxed,ambivert,3,english;marathi,group,True,False,False,33,48
1286,Pune,18.43,73.845,39,M,anime;bollywood films;musicals;theatre,Love anime and bollywood films. chalo saath chalte hain,chill,together,party,early,extrovert,1,english;marathi,group,True,False,False,33,46
1287,Hyderabad,17.356,78.411,34,F,ai;anime;hollywood films;tech,"Love ai and anime. new city, new friends",chill,together,home,on_time,extrovert,1,english;hindi,group,False,True,False,26,42
1288,Mumbai,19.111,72.901,22,M,coding;photography;startups;tech,Love coding and photography.,depends,together,food,early,extrovert,1,english;marathi,duo,False,True,False,18,31
1289,Bengaluru,13.072,77.557,23,M,anime;bollywood films;food festivals;music festivals,Love anime and bollywood films. weekend pe plans chahiye,depends,together,home,on_time,extrovert,1,english;hindi,either,True,False,False,18,31
1290,Bengaluru,12.951,77.546,28,F,football;kabaddi;photography;pottery,Love football and kabaddi. always up for a good show,depends,at_venue,home,early,ambivert,1,english;kannada,duo,False,False,False,22,36
1291,Delhi,28.609,77.137,37,F,football;kabaddi;photography;pottery,Love football and kabaddi. ekdum mast vibe,depends,together,food,on_time,introvert,3,english;hindi,duo,False,False,False,29,46
1292,Bengaluru,12.943,77.553,30,M,football;kabaddi;musicals;theatre,Love football and kabaddi. always up for a good show,front_row,together,food,relaxed,introvert,2,english;hindi,group,True,True,False,26,37
1293,Hyderabad,17.451,78.52,30,F,coding;hip hop;photography;rock,Love coding and hip hop. chalo saath chalte hain,chill,together,party,on_time,extrovert,2,english;telugu,group,True,False,True,23,34
1294,Hyderabad,17.391,78.574,29,M,coding;edm;pottery;rock,Love coding and edm. chalo saath chalte hain,front_row,together,home,on_time,extrovert,1,english;hindi,either,True,False,False,25,34
1295,Hyderabad,17.302,78.519,26,M,food festivals;improv;music festivals;stand-up comedy,Love food festivals and improv. weekend pe plans chahiye,front_row,at_venue,party,early,ambivert,2,english;hindi,duo,True,False,False,22,30
1296,Bengaluru,12.906,77.575,22,F,ai;bollywood films;hollywood films;startups,Love ai and bollywood films. always up for a good show,front_row,at_venue,food,early,introvert,3,english;hindi,either,True,False,True,18,30
1297,Delhi,28.593,77.236,31,M,musicals;photography;pottery;theatre,Love musicals and photography. ekdum mast vibe,chill,at_venue,food,early,introvert,3,english;hindi,duo,True,False,False,25,39
1298,Mumbai,19.075,72.786,32,F,food festivals;music festivals;musicals;theatre,Love food festivals and music festivals. always up for a good show,chill,together,party,relaxed,extrovert,1,english;marathi,either,False,True,False,23,41
1299,Mumbai,19.023,72.777,38,M,cricket;food festivals;football;music festivals,Love cricket and food festivals. ekdum mast vibe,front_row,at_venue,food,early,introvert,3,english;marathi,either,True,False,False,32,45
1300,Pune,18.506,73.848,36,F,food festivals;hip hop;music festivals;rock,Love food festivals and hip hop. always up for a good show,chill,at_venue,home,early,ambivert,3,english;marathi,either,True,True,False,29,40
1301,Bengaluru,12.949,77.453,24,M,ai;musicals;startups;theatre,Love ai and musicals.,depends,at_venue,home,relaxed,introvert,2,english;kannada,either,True,False,False,18,31
1302,Mumbai,19.058,72.901,40,M,food festivals;improv;music festivals;stand-up comedy,Love food festivals and improv. weekend pe plans chahiye,front_row,together,home,on_time,ambivert,3,english;hindi,either,False,True,False,35,49
1303,Delhi,28.624,77.141,38,F,ai;improv;stand-up comedy;startups,Love ai and improv. weekend pe plans chahiye,front_row,together,food,on_time,ambivert,2,english;hindi,either,True,False,False,29,42
1304,Delhi,28.694,77.203,18,F,food festivals;music festivals;musicals;theatre,Love food festivals and music festivals. chalo saath chalte hain,depends,at_venue,food,relaxed,extrovert,3,english;hindi,duo,True,False,False,18,23
1305,Pune,18.489,73.829,38,F,ai;anime;hollywood films;startups,Love ai and anime.,chill,together,party,early,introvert,2,english;marathi,either,False,False,False,32,46
1306,Delhi,28.671,77.344,36,M,coding;cricket;kabaddi;photography,Love coding and cricket. ekdum mast vibe,depends,together,party,early,introvert,3,english;hindi,duo,False,True,False,28,43
1307,Delhi,28.593,77.078,19,M,cricket;food festivals;kabaddi;music festivals,Love cricket and food festivals. weekend pe plans chahiye,chill,together,home,relaxed,introvert,2,english;hindi,group,True,False,False,18,24
1308,Pune,18.508,73.752,24,F,football;improv;kabaddi;stand-up comedy,"Love football and improv. new city, new friends",front_row,at_venue,food,relaxed,extrovert,1,english;hindi,either,True,True,False,18,28
1309,Pune,18.497,73.904,25,F,cricket;food festivals;football;music festivals,Love cricket and food festivals. chalo saath chalte hain,chill,at_venue,party,relaxed,ambivert,1,english;marathi,duo,False,False,False,20,30
1310,Pune,18.466,73.894,18,F,cricket;food festivals;kabaddi;music festivals,"Love cricket and food festivals. new city, new friends",front_row,at_venue,food,relaxed,extrovert,2,english;hindi,either,False,False,False,18,25
1311,Mumbai,19.102,72.845,22,F,bollywood music;food festivals;music festivals;rock,Love bollywood music and food festivals. ekdum mast vibe,front_row,at_venue,party,early,introvert,1,english;marathi,either,True,False,False,18,30
1312,Delhi,28.592,77.185,22,F,cricket;food festivals;football;music festivals,Love cricket and food festivals. ekdum mast vibe,depends,together,party,on_time,introvert,2,english;hindi,either,True,False,False,18,28
1313,Pune,18.526,73.904,33,F,ai;coding;photography;startups,Love ai and coding. ekdum mast vibe,depends,together,home,early,ambivert,3,english;marathi,either,False,False,True,26,38
1314,Delhi,28.647,77.248,28,X,anime;football;hollywood films;kabaddi,Love anime and football. weekend pe plans chahiye,chill,at_venue,party,relaxed,ambivert,2,english;hindi,duo,True,True,False,19,35
1315,Pune,18.451,73.872,29,M,improv;musicals;stand-up comedy;theatre,"Love improv and musicals. new city, new friends",chill,together,home,on_time,extrovert,2,english;marathi,duo,True,True,False,21,34
1316,Delhi,28.661,77.073,28,F,bollywood films;cricket;hollywood films;kabaddi,Love bollywood films and cricket. ekdum mast vibe,depends,at_venue,party,on_time,extrovert,1,english;hindi,duo,True,False,False,22,35
1317,Pune,18.52,73.883,24,M,coding;improv;photography;stand-up comedy,Love coding and improv. weekend pe plans chahiye,depends,together,home,on_time,ambivert,1,english;hindi,either,False,True,False,18,30
1318,Delhi,28.614,77.191,20,F,cricket;football;hip hop;rock,"Love cricket and football. new city, new friends",depends,at_venue,party,relaxed,extrovert,3,english;hindi,group,True,False,False,18,25
1319,Delhi,28.539,77.145,33,M,ai;coding;pottery;tech,Love ai and coding.,depends,at_venue,home,early,introvert,3,english;hindi,group,True,False,False,24,38
1320,Bengaluru,13.008,77.63,23,M,ai;anime;bollywood films;startups,Love ai and anime. weekend pe plans chahiye,chill,together,food,early,introvert,3,english;hindi,duo,False,True,False,19,32
1321,Delhi,28.676,77.207,33,F,food festivals;football;kabaddi;music festivals,Love food festivals and football. chalo saath chalte hain,front_row,at_venue,food,relaxed,extrovert,3,english;hindi,duo,True,False,False,24,41
1322,Hyderabad,17.433,78.519,25,F,anime;bollywood music;hollywood films;rock,Love anime and bollywood music. ekdum mast vibe,depends,at_venue,home,relaxed,introvert,1,english;hindi,group,False,False,False,21,33
1323,Mumbai,19.048,72.899,37,F,coding;cricket;kabaddi;photography,Love coding and cricket. weekend pe plans chahiye,depends,at_venue,food,on_time,extrovert,3,english;hindi,duo,True,False,False,32,42
1324,Mumbai,19.133,72.84,24,M,bollywood music;improv;rock;stand-up comedy,Love bollywood music and improv. ekdum mast vibe,front_row,together,home,relaxed,extrovert,2,english;hindi,group,True,False,False,18,29
1325,Delhi,28.643,77.261,20,F,ai;coding;pottery;tech,"Love ai and coding. new city, new friends",depends,together,home,on_time,extrovert,1,english;hindi,group,False,False,True,18,28
1326,Pune,18.517,73.943,27,M,coding;improv;photography;stand-up comedy,Love coding and improv.,depends,at_venue,party,early,introvert,2,english;marathi,duo,True,False,False,23,32
1327,Mumbai,19.089,72.895,26,M,cricket;improv;kabaddi;stand-up comedy,Love cricket and improv. chalo saath chalte hain,front_row,at_venue,home,early,extrovert,3,english;marathi,group,False,False,False,19,34
1328,Delhi,28.552,77.198,35,F,food festivals;hip hop;indie music;music festivals,Love food festivals and hip hop.,chill,together,party,relaxed,extrovert,3,english;hindi,duo,True,False,False,26,39
1329,Hyderabad,17.452,78.446,25,M,coding;improv;pottery;stand-up comedy,Love coding and improv. ekdum mast vibe,chill,together,home,on_time,introvert,3,english;telugu,group,True,False,False,20,29
1330,Hyderabad,17.447,78.424,35,M,coding;musicals;pottery;theatre,Love coding and musicals. ekdum mast vibe,front_row,at_venue,home,relaxed,introvert,2,english;hindi,duo,True,False,False,28,39
1331,Pune,18.514,73.782,36,M,anime;bollywood films;bollywood music;edm,Love anime and bollywood films. always up for a good show,front_row,at_venue,food,early,introvert,1,english;hindi,group,True,False,False,28,40
1332,Mumbai,19.132,72.818,39,M,anime;bollywood films;food festivals;music festivals,Love anime and bollywood films. ekdum mast vibe,chill,together,food,on_time,ambivert,1,english;hindi,either,False,False,False,35,43
1333,Mumbai,19.076,72.9,26,F,anime;coding;hollywood films;photography,Love anime and coding. weekend pe plans chahiye,front_row,together,party,on_time,ambivert,3,english;marathi,either,True,False,False,19,34
1334,Pune,18.48,73.944,27,F,anime;hollywood films;photography;pottery,"Love anime and hollywood films. new city, new friends",depends,at_venue,food,on_time,ambivert,1,english;hindi,duo,True,False,True,21,33
1335,Bengaluru,13.018,77.534,21,F,ai;food festivals;music festivals;tech,Love ai and food festivals. always up for a good show,front_row,together,home,relaxed,introvert,2,english;hindi,either,True,False,False,18,26
1336,Mumbai,19.052,72.904,26,F,bollywood music;improv;rock;stand-up comedy,Love bollywood music and improv. always up for a good show,chill,at_venue,home,on_time,introvert,2,english;marathi,either,False,True,False,20,34
1337,Mumbai,19.07,72.867,26,F,bollywood music;edm;musicals;theatre,Love bollywood music and edm. ekdum mast vibe,depends,together,party,early,ambivert,3,english;hindi,group,True,False,False,20,31
1338,Mumbai,19.126,72.906,36,F,bollywood films;hollywood films;musicals;theatre,Love bollywood films and hollywood films. ekdum mast vibe,front_row,at_venue,party,early,ambivert,1,english;hindi,duo,False,False,True,31,45
1339,Bengaluru,13.001,77.596,30,M,coding;musicals;pottery;theatre,Love coding and musicals. always up for a good show,front_row,together,party,early,introvert,2,english;hindi,either,False,False,False,21,34
1340,Pune,18.427,73.874,34,M,ai;football;kabaddi;startups,Love ai and football.,chill,at_venue,food,early,introvert,2,english;hindi,either,True,True,False,29,40
1341,Mumbai,19.001,72.793,25,M,coding;improv;photography;stand-up comedy,Love coding and improv. always up for a good show,chill,at_venue,food,on_time,introvert,2,english;hindi,group,False,False,False,19,29
1342,Hyderabad,17.371,78.433,36,F,improv;musicals;stand-up comedy;theatre,Love improv and musicals. weekend pe plans chahiye,front_row,at_venue,food,on_time,ambivert,3,english;hindi,group,True,True,False,28,44
1343,Bengaluru,12.904,77.588,39,M,bollywood music;food festivals;music festivals;sufi,"Love bollywood music and food festivals. new city, new friends",chill,at_venue,home,on_time,introvert,3,english;hindi,either,True,False,False,32,48
1344,Bengaluru,12.962,77.573,24,F,anime;bollywood films;musicals;theatre,Love anime and bollywood films. chalo saath chalte hain,front_row,together,food,early,introvert,1,english;kannada,either,True,False,False,18,32
1345,Hyderabad,17.372,78.401,30,M,edm;food festivals;hip hop;music festivals,"Love edm and food festivals. new city, new friends",depends,at_venue,party,early,extrovert,1,english;hindi,duo,False,False,False,24,37
1346,Pune,18.469,73.856,20,X,coding;pottery;startups;tech,Love coding and pottery. weekend pe plans chahiye,chill,at_venue,home,early,introvert,2,english;marathi,group,False,False,False,18,28
1347,Mumbai,19.059,72.795,36,M,ai;anime;bollywood films;startups,Love ai and anime. ekdum mast vibe,chill,at_venue,home,early,extrovert,1,english;marathi,either,True,False,False,32,45
1348,Hyderabad,17.389,78.512,40,X,improv;musicals;stand-up comedy;theatre,Love improv and musicals. ekdum mast vibe,chill,together,home,early,ambivert,1,english;hindi,either,True,False,False,32,48
1349,Pune,18.46,73.817,20,M,bollywood music;cricket;football;indie music,Love bollywood music and cricket.,depends,together,party,relaxed,extrovert,1,english;marathi,duo,True,False,False,18,29
1350,Hyderabad,17.333,78.383,36,F,ai;improv;stand-up comedy;tech,Love ai and improv. weekend pe plans chahiye,chill,together,party,relaxed,extrovert,1,english;telugu,either,False,True,False,29,45
1351,Hyderabad,17.409,78.409,18,F,bollywood music;food festivals;hip hop;music festivals,Love bollywood music and food festivals. chalo saath chalte hain,depends,together,home,early,ambivert,1,english;telugu,either,True,True,True,18,22
1352,Hyderabad,17.354,78.49,33,X,anime;hollywood films;musicals;theatre,"Love anime and hollywood films. new city, new friends",front_row,together,home,on_time,extrovert,1,english;hindi,group,True,False,False,25,37
1353,Pune,18.493,73.79,24,M,anime;bollywood films;coding;photography,Love anime and bollywood films. always up for a good show,depends,together,food,relaxed,ambivert,1,english;hindi,either,False,False,False,18,30
1354,Mumbai,19.004,72.875,33,M,football;kabaddi;musicals;theatre,"Love football and kabaddi. new city, new friends",depends,together,food,relaxed,ambivert,1,english;marathi,either,True,False,False,28,42
1355,Mumbai,19.088,72.9,34,F,bollywood music;musicals;sufi;theatre,Love bollywood music and musicals. chalo saath chalte hain,front_row,at_venue,home,on_time,ambivert,3,english;hindi,group,True,False,True,30,40
1356,Hyderabad,17.479,78.586,19,M,anime;hollywood films;improv;stand-up comedy,Love anime and hollywood films.,chill,at_venue,home,on_time,extrovert,3,english;telugu,duo,True,False,False,18,23
1357,Bengaluru,13.036,77.595,18,M,edm;musicals;rock;theatre,"Love edm and musicals. new city, new friends",front_row,at_venue,party,on_time,introvert,1,english;kannada,group,False,False,False,18,26
1358,Hyderabad,17.397,78.496,40,M,improv;musicals;stand-up comedy;theatre,"Love improv and musicals. new city, new friends",chill,together,food,early,introvert,1,english;telugu,either,False,True,False,35,45
1359,Delhi,28.573,77.143,28,M,cricket;food festivals;kabaddi;music festivals,Love cricket and food festivals. chalo saath chalte hain,depends,at_venue,party,relaxed,extrovert,1,english;hindi,either,False,False,False,23,35
1360,Mumbai,19.134,72.855,35,F,food festivals;improv;music festivals;stand-up comedy,"Love food festivals and improv. new city, new friends",chill,together,food,early,extrovert,1,english;hindi,duo,True,False,True,28,40
1361,Bengaluru,13.003,77.718,22,F,improv;stand-up comedy;startups;tech,Love improv and stand-up comedy. ekdum mast vibe,depends,at_venue,home,early,introvert,2,english;kannada,either,True,False,True,18,30
1362,Pune,18.516,73.845,38,M,cricket;football;indie music;sufi,Love cricket and football. chalo saath chalte hain,depends,together,food,on_time,extrovert,3,english;hindi,duo,True,False,False,31,46
1363,Bengaluru,13.026,77.586,40,F,food festivals;music festivals;musicals;theatre,Love food festivals and music festivals. weekend pe plans chahiye,depends,together,food,on_time,extrovert,1,english;hindi,duo,True,True,False,31,44
1364,Bengaluru,12.92,77.531,18,M,bollywood music;musicals;rock;theatre,Love bollywood music and musicals.,chill,together,party,early,extrovert,3,english;kannada,either,True,True,False,18,26
1365,Hyderabad,17.425,78.502,37,M,bollywood music;hip hop;musicals;theatre,"Love bollywood music and hip hop. new city, new friends",front_row,together,food,early,ambivert,3,english;telugu,group,False,False,False,28,45
1366,Hyderabad,17.42,78.455,28,F,food festivals;improv;music festivals;stand-up comedy,Love food festivals and improv.,chill,at_venue,party,on_time,extrovert,2,english;hindi,either,False,False,True,19,36
1367,Hyderabad,17.43,78.413,40,F,coding;food festivals;music festivals;pottery,"Love coding and food festivals. new city, new friends",chill,together,food,on_time,extrovert,1,english;telugu,group,True,False,False,35,45
1368,Mumbai,19.114,72.921,36,F,bollywood music;improv;rock;stand-up comedy,Love bollywood music and improv. chalo saath chalte hain,front_row,at_venue,party,early,ambivert,1,english;hindi,duo,False,False,False,28,45
1369,Pune,18.566,73.798,20,F,anime;hollywood films;improv;stand-up comedy,Love anime and hollywood films. ekdum mast vibe,chill,at_venue,home,on_time,extrovert,3,english;hindi,duo,True,False,False,18,29
1370,Hyderabad,17.358,78.472,37,F,football;kabaddi;musicals;theatre,Love football and kabaddi. weekend pe plans chahiye,front_row,together,party,relaxed,extrovert,1,english;telugu,duo,True,False,True,30,45
1371,Bengaluru,13.076,77.557,37,M,improv;musicals;stand-up comedy;theatre,Love improv and musicals.,chill,at_venue,food,on_time,ambivert,2,english;hindi,group,True,True,False,32,41
1372,Pune,18.583,73.934,37,F,improv;musicals;stand-up comedy;theatre,Love improv and musicals. chalo saath chalte hain,chill,at_venue,food,relaxed,introvert,3,english;marathi,group,False,False,False,29,46
1373,Bengaluru,12.934,77.621,22,M,anime;bollywood films;improv;stand-up comedy,Love anime and bollywood films. ekdum mast vibe,chill,at_venue,food,on_time,introvert,3,english;hindi,group,True,True,False,18,27
1374,Bengaluru,12.973,77.553,36,F,edm;musicals;sufi;theatre,"Love edm and musicals. new city, new friends",depends,at_venue,home,early,introvert,1,english;kannada,duo,False,False,False,31,43
1375,Delhi,28.503,77.23,39,M,improv;stand-up comedy;startups;tech,Love improv and stand-up comedy. always up for a good show,chill,at_venue,food,on_time,introvert,2,english;hindi,either,False,False,False,35,46
1376,Mumbai,19.194,72.915,19,F,edm;food festivals;indie music;music festivals,Love edm and food festivals.,front_row,together,food,relaxed,ambivert,1,english;marathi,duo,True,False,False,18,27
1377,Mumbai,19.152,72.897,27,M,ai;hip hop;rock;startups,Love ai and hip hop. always up for a good show,depends,at_venue,party,early,introvert,3,english;hindi,duo,True,False,False,19,34
1378,Hyderabad,17.357,78.399,29,F,bollywood films;hollywood films;photography;pottery,Love bollywood films and hollywood films.,chill,at_venue,home,relaxed,ambivert,1,english;hindi,duo,True,True,False,24,38
1379,Mumbai,19.086,72.853,31,M,cricket;football;indie music;rock,Love cricket and football. chalo saath chalte hain,front_row,at_venue,food,relaxed,extrovert,1,english;marathi,either,True,False,False,24,38
1380,Mumbai,19.048,72.832,28,M,musicals;startups;tech;theatre,"Love musicals and startups. new city, new friends",front_row,at_venue,home,early,extrovert,3,english;hindi,either,False,True,False,19,37
1381,Bengaluru,12.98,77.527,18,M,cricket;football;musicals;theatre,Love cricket and football. chalo saath chalte hain,chill,at_venue,food,relaxed,ambivert,2,english;kannada,either,True,False,False,18,23
1382,Delhi,28.578,77.165,23,M,anime;bollywood films;food festivals;music festivals,Love anime and bollywood films. ekdum mast vibe,depends,at_venue,food,relaxed,extrovert,2,english;hindi,either,False,False,False,18,30
1383,Hyderabad,17.334,78.468,35,F,anime;bollywood films;improv;stand-up comedy,Love anime and bollywood films.,chill,together,food,early,introvert,3,english;hindi,either,True,False,False,29,41
1384,Hyderabad,17.447,78.556,36,F,coding;food festivals;music festivals;pottery,Love coding and food festivals.,front_row,together,home,relaxed,ambivert,1,english;hindi,duo,True,False,False,27,44
1385,Bengaluru,12.921,77.591,30,M,coding;photography;startups;tech,"Love coding and photography. new city, new friends",front_row,at_venue,party,relaxed,extrovert,1,english;hindi,group,False,False,False,22,34
1386,Hyderabad,17.363,78.492,20,F,bollywood films;cricket;hollywood films;kabaddi,Love bollywood films and cricket.,depends,together,party,early,extrovert,2,english;telugu,group,False,True,True,18,28
1387,Pune,18.571,73.895,33,M,musicals;startups;tech;theatre,Love musicals and startups. chalo saath chalte hain,chill,at_venue,party,on_time,ambivert,2,english;marathi,group,True,True,False,27,39
1388,Mumbai,19.07,72.922,39,M,anime;food festivals;hollywood films;music festivals,"Love anime and food festivals. new city, new friends",depends,together,food,relaxed,extrovert,1,english;hindi,duo,True,False,False,35,44
1389,Bengaluru,12.924,77.571,35,F,anime;bollywood films;photography;pottery,"Love anime and bollywood films. new city, new friends",depends,at_venue,party,relaxed,ambivert,2,english;kannada,either,True,True,False,30,40
1390,Hyderabad,17.346,78.541,39,F,cricket;food festivals;kabaddi;music festivals,Love cricket and food festivals. always up for a good show,depends,together,food,early,ambivert,1,english;telugu,either,False,True,True,35,45
1391,Delhi,28.609,77.263,28,M,bollywood films;hollywood films;musicals;theatre,Love bollywood films and hollywood films.,chill,together,food,early,introvert,1,english;hindi,either,False,False,False,19,35
1392,Pune,18.517,73.856,22,F,cricket;kabaddi;musicals;theatre,Love cricket and kabaddi. weekend pe plans chahiye,depends,at_venue,home,on_time,introvert,2,english;hindi,duo,True,False,True,18,31
1393,Hyderabad,17.411,78.53,30,F,coding;hip hop;photography;sufi,Love coding and hip hop. ekdum mast vibe,front_row,together,home,early,introvert,2,english;hindi,duo,False,False,False,22,34
1394,Mumbai,18.955,72.966,39,F,ai;hip hop;startups;sufi,Love ai and hip hop. always up for a good show,chill,together,home,early,extrovert,1,english;marathi,either,True,False,False,34,44
1395,Pune,18.439,73.848,27,M,edm;improv;indie music;stand-up comedy,Love edm and improv. always up for a good show,front_row,at_venue,home,relaxed,introvert,1,english;marathi,group,True,False,False,18,36
1396,Delhi,28.637,77.217,35,M,improv;musicals;stand-up comedy;theatre,"Love improv and musicals. new city, new friends",depends,together,home,on_time,ambivert,1,english;hindi,either,False,False,False,26,40
1397,Bengaluru,12.993,77.596,26,F,bollywood music;improv;stand-up comedy;sufi,Love bollywood music and improv. always up for a good show,chill,together,home,on_time,ambivert,2,english;kannada,either,False,False,False,18,30
1398,Hyderabad,17.436,78.5,38,F,anime;bollywood films;food festivals;music festivals,Love anime and bollywood films. always up for a good show,chill,at_venue,food,on_time,introvert,3,english;hindi,duo,False,True,False,29,45
1399,Pune,18.51,73.851,24,F,coding;cricket;kabaddi;photography,Love coding and cricket. chalo saath chalte hain,front_row,at_venue,party,on_time,introvert,1,english;marathi,either,False,False,True,18,30
1400,Hyderabad,17.419,78.451,35,M,food festivals;music festivals;musicals;theatre,"Love food festivals and music festivals. new city, new friends",front_row,at_venue,food,relaxed,introvert,3,english;telugu,either,True,False,False,27,42
1401,Delhi,28.606,77.309,38,F,food festivals;music festivals;musicals;theatre,Love food festivals and music festivals. weekend pe plans chahiye,depends,together,party,on_time,extrovert,1,english;hindi,group,False,False,False,32,45
1402,Hyderabad,17.406,78.473,18,M,ai;food festivals;music festivals;tech,Love ai and food festivals. chalo saath chalte hain,depends,at_venue,home,on_time,ambivert,2,english;hindi,either,False,True,False,18,24
1403,Pune,18.499,73.83,25,F,bollywood music;food festivals;music festivals;sufi,Love bollywood music and food festivals. ekdum mast vibe,chill,at_venue,food,relaxed,extrovert,2,english;hindi,group,True,False,False,18,33
1404,Mumbai,19.064,72.93,25,M,bollywood music;indie music;musicals;theatre,Love bollywood music and indie music. always up for a good show,chill,at_venue,party,on_time,introvert,2,english;marathi,group,False,False,False,21,29
1405,Pune,18.528,73.921,36,F,coding;musicals;pottery;theatre,Love coding and musicals. always up for a good show,depends,together,home,early,extrovert,2,english;hindi,group,False,True,False,31,44
1406,Mumbai,19.063,72.886,29,X,food festivals;improv;music festivals;stand-up comedy,Love food festivals and improv. ekdum mast vibe,depends,at_venue,food,relaxed,extrovert,3,english;hindi,group,True,True,False,20,37
1407,Mumbai,19.109,72.941,19,M,coding;musicals;photography;theatre,"Love coding and musicals. new city, new friends",chill,at_venue,food,on_time,introvert,2,english;marathi,group,True,False,False,18,28
1408,Hyderabad,17.363,78.416,21,F,cricket;edm;indie music;kabaddi,Love cricket and edm. always up for a good show,front_row,together,party,early,introvert,3,english;telugu,duo,False,False,True,18,29
1409,Bengaluru,12.93,77.657,23,M,cricket;food festivals;kabaddi;music festivals,Love cricket and food festivals. ekdum mast vibe,chill,at_venue,home,relaxed,introvert,3,english;kannada,either,True,False,False,18,29
1410,Bengaluru,13.013,77.653,24,F,ai;bollywood music;rock;tech,Love ai and bollywood music. ekdum mast vibe,depends,at_venue,party,on_time,introvert,3,english;hindi,duo,True,False,False,18,30
1411,Pune,18.562,73.884,27,M,bollywood films;hollywood films;improv;stand-up comedy,Love bollywood films and hollywood films. weekend pe plans chahiye,chill,together,home,early,extrovert,2,english;marathi,duo,True,True,False,22,35
1412,Hyderabad,17.405,78.483,21,M,cricket;food festivals;football;music festivals,Love cricket and food festivals. ekdum mast vibe,chill,together,party,early,extrovert,2,english;telugu,duo,False,False,False,18,30
1413,Pune,18.511,73.822,22,F,food festivals;hip hop;indie music;music festivals,Love food festivals and hip hop. weekend pe plans chahiye,chill,together,food,relaxed,ambivert,3,english;hindi,duo,False,False,False,18,28
1414,Pune,18.434,73.83,23,F,coding;musicals;pottery;theatre,Love coding and musicals.,chill,together,party,early,extrovert,3,english;marathi,group,False,False,False,18,31
1415,Hyderabad,17.436,78.568,39,F,anime;food festivals;hollywood films;music festivals,Love anime and food festivals. chalo saath chalte hain,chill,together,food,relaxed,introvert,3,english;hindi,group,False,False,True,31,44
1416,Delhi,28.616,77.203,19,M,food festivals;music festivals;musicals;theatre,Love food festivals and music festivals. chalo saath chalte hain,chill,together,home,on_time,extrovert,2,english;hindi,duo,True,False,False,18,28
1417,Delhi,28.583,77.318,31,F,anime;hollywood films;improv;stand-up comedy,Love anime and hollywood films. always up for a good show,chill,together,food,early,ambivert,3,english;hindi,group,True,False,False,23,36
1418,Bengaluru,12.944,77.692,32,M,food festivals;hip hop;indie music;music festivals,"Love food festivals and hip hop. new city, new friends",front_row,at_venue,food,relaxed,extrovert,1,english;hindi,either,True,False,False,27,39
1419,Bengaluru,12.98,77.634,19,X,ai;cricket;football;startups,Love ai and cricket. always up for a good show,front_row,together,food,on_time,introvert,3,english;kannada,group,True,False,False,18,27
1420,Bengaluru,12.946,77.618,30,X,anime;edm;hollywood films;rock,Love anime and edm. chalo saath chalte hain,front_row,at_venue,food,early,introvert,2,english;hindi,either,True,False,False,23,38
1421,Mumbai,19.062,72.805,25,M,edm;musicals;sufi;theatre,Love edm and musicals. always up for a good show,depends,at_venue,party,early,extrovert,2,english;hindi,duo,False,True,False,18,31
1422,Mumbai,19.091,72.851,34,M,bollywood music;hip hop;improv;stand-up comedy,Love bollywood music and hip hop.,front_row,together,food,on_time,extrovert,2,english;marathi,either,True,True,False,28,42
1423,Pune,18.434,73.84,39,F,coding;indie music;photography;sufi,Love coding and indie music. always up for a good show,depends,at_venue,home,on_time,ambivert,2,english;hindi,either,True,True,True,32,43
1424,Delhi,28.558,77.158,19,F,indie music;startups;sufi;tech,Love indie music and startups. chalo saath chalte hain,depends,at_venue,home,early,introvert,3,english;hindi,either,False,False,False,18,27
1425,Mumbai,19.127,72.844,28,M,cricket;improv;kabaddi;stand-up comedy,Love cricket and improv. chalo saath chalte hain,depends,at_venue,food,relaxed,extrovert,3,english;marathi,duo,False,False,False,19,36
1426,Pune,18.497,73.888,34,M,indie music;musicals;rock;theatre,Love indie music and musicals. ekdum mast vibe,chill,together,food,relaxed,extrovert,2,english;marathi,either,False,False,False,27,41
1427,Mumbai,19.036,72.916,32,M,anime;bollywood films;photography;pottery,Love anime and bollywood films. chalo saath chalte hain,depends,together,food,relaxed,introvert,1,english;hindi,either,True,False,False,26,41
1428,Hyderabad,17.344,78.5,24,F,bollywood music;improv;indie music;stand-up comedy,Love bollywood music and improv. ekdum mast vibe,chill,together,party,relaxed,extrovert,1,english;telugu,duo,False,True,False,18,33
1429,Mumbai,19.143,72.901,22,M,coding;musicals;pottery;theatre,"Love coding and musicals. new city, new friends",depends,together,party,on_time,ambivert,3,english;hindi,group,True,False,False,18,27
1430,Hyderabad,17.42,78.501,32,M,improv;photography;pottery;stand-up comedy,Love improv and photography. weekend pe plans chahiye,front_row,at_venue,food,relaxed,extrovert,3,english;hindi,either,True,False,False,28,37
1431,Mumbai,19.091,72.855,28,F,food festivals;music festivals;musicals;theatre,Love food festivals and music festivals.,chill,at_venue,food,early,extrovert,3,english;hindi,group,False,False,False,23,36
1432,Hyderabad,17.4,78.481,25,F,coding;musicals;photography;theatre,"Love coding and musicals. new city, new friends",chill,at_venue,party,relaxed,ambivert,3,english;hindi,duo,False,False,False,19,31
1433,Mumbai,19.055,72.899,32,F,bollywood films;food festivals;hollywood films;music festivals,Love bollywood films and food festivals. chalo saath chalte hain,front_row,together,home,relaxed,ambivert,3,english;hindi,duo,False,True,False,23,40
1434,Pune,18.512,73.962,35,M,anime;hollywood films;startups;tech,Love anime and hollywood films. ekdum mast vibe,chill,together,food,relaxed,ambivert,2,english;hindi,either,True,False,False,30,40
1435,Mumbai,19.109,72.914,29,M,coding;cricket;kabaddi;photography,Love coding and cricket. chalo saath chalte hain,chill,together,home,early,extrovert,2,english;hindi,either,False,False,False,21,38
1436,Mumbai,19.101,72.903,26,M,ai;food festivals;music festivals;tech,Love ai and food festivals.,depends,at_venue,party,on_time,introvert,1,english;hindi,duo,False,False,False,22,31
1437,Mumbai,19.017,72.93,21,M,anime;bollywood films;improv;stand-up comedy,"Love anime and bollywood films. new city, new friends",front_row,at_venue,party,on_time,ambivert,3,english;marathi,either,True,False,False,18,27
1438,Hyderabad,17.419,78.459,35,F,ai;cricket;kabaddi;tech,"Love ai and cricket. new city, new friends",depends,at_venue,food,early,ambivert,3,english;hindi,duo,True,False,False,26,41
1439,Delhi,28.508,77.216,39,F,coding;food festivals;music festivals;photography,Love coding and food festivals. always up for a good show,chill,at_venue,party,early,introvert,3,english;hindi,group,False,False,True,35,43
1440,Pune,18.486,73.869,40,M,hip hop;indie music;photography;pottery,Love hip hop and indie music. weekend pe plans chahiye,front_row,at_venue,home,early,extrovert,2,english;hindi,duo,False,True,False,34,47
1441,Delhi,28.665,77.246,27,M,coding;food festivals;music festivals;photography,Love coding and food festivals. weekend pe plans chahiye,chill,together,party,relaxed,ambivert,3,english;hindi,either,True,False,False,23,34
1442,Bengaluru,12.999,77.608,18,M,anime;hollywood films;improv;stand-up comedy,Love anime and hollywood films. ekdum mast vibe,depends,at_venue,food,relaxed,extrovert,1,english;hindi,either,True,False,False,18,27
1443,Hyderabad,17.394,78.409,18,F,coding;musicals;pottery;theatre,Love coding and musicals.,depends,together,food,relaxed,extrovert,3,english;hindi,either,True,True,False,18,26
1444,Mumbai,19.067,72.965,40,X,improv;photography;pottery;stand-up comedy,"Love improv and photography. new city, new friends",front_row,at_venue,home,relaxed,ambivert,1,english;marathi,group,True,False,False,32,45
1445,Mumbai,19.083,72.804,39,M,improv;musicals;stand-up comedy;theatre,Love improv and musicals. weekend pe plans chahiye,front_row,together,party,early,extrovert,2,english;marathi,either,True,False,False,33,43
1446,Delhi,28.643,77.248,19,F,anime;bollywood films;improv;stand-up comedy,Love anime and bollywood films. weekend pe plans chahiye,chill,at_venue,food,on_time,extrovert,1,english;hindi,either,True,False,True,18,27
1447,Delhi,28.598,77.212,35,F,hip hop;improv;stand-up comedy;sufi,Love hip hop and improv.,front_row,together,party,early,extrovert,3,english;hindi,duo,True,False,False,29,39
1448,Mumbai,19.091,72.87,23,M,bollywood films;hollywood films;indie music;sufi,Love bollywood films and hollywood films. ekdum mast vibe,depends,at_venue,food,on_time,introvert,2,english;hindi,duo,False,False,False,18,32
1449,Bengaluru,12.953,77.59,36,M,anime;bollywood films;edm;rock,Love anime and bollywood films. weekend pe plans chahiye,chill,at_venue,food,early,introvert,3,english;hindi,group,True,False,False,30,44
1450,Hyderabad,17.372,78.4,34,M,anime;food festivals;hollywood films;music festivals,Love anime and food festivals. always up for a good show,depends,together,party,relaxed,introvert,1,english;hindi,duo,True,True,False,29,42
1451,Mumbai,19.03,72.955,32,F,cricket;football;musicals;theatre,Love cricket and football. chalo saath chalte hain,chill,together,home,relaxed,extrovert,3,english;hindi,duo,True,False,False,28,37
1452,Mumbai,19.158,72.926,39,M,improv;musicals;stand-up comedy;theatre,Love improv and musicals. ekdum mast vibe,front_row,together,home,early,ambivert,1,english;marathi,duo,False,False,False,31,48
1453,Hyderabad,17.409,78.414,35,M,football;hip hop;kabaddi;rock,Love football and hip hop. always up for a good show,chill,together,food,early,extrovert,3,english;telugu,duo,True,True,False,27,40
1454,Mumbai,19.165,72.92,22,M,food festivals;football;kabaddi;music festivals,Love food festivals and football. chalo saath chalte hain,chill,together,food,on_time,ambivert,3,english;hindi,either,False,False,False,18,30
1455,Bengaluru,12.986,77.664,30,F,bollywood films;hollywood films;photography;pottery,Love bollywood films and hollywood films. chalo saath chalte hain,depends,at_venue,home,on_time,introvert,1,english;hindi,duo,True,False,True,25,34
1456,Pune,18.502,73.844,39,M,bollywood films;cricket;hollywood films;kabaddi,Love bollywood films and cricket. chalo saath chalte hain,front_row,at_venue,party,early,extrovert,3,english;marathi,either,False,False,False,34,46
1457,Hyderabad,17.4,78.499,36,X,coding;cricket;kabaddi;photography,"Love coding and cricket. new city, new friends",depends,at_venue,party,relaxed,extrovert,2,english;hindi,either,False,False,False,32,40
1458,Hyderabad,17.346,78.464,28,M,food festivals;improv;music festivals;stand-up comedy,Love food festivals and improv. chalo saath chalte hain,front_row,together,party,on_time,introvert,2,english;hindi,either,True,True,False,22,35
1459,Bengaluru,13.007,77.582,21,F,improv;stand-up comedy;startups;tech,Love improv and stand-up comedy. ekdum mast vibe,front_row,at_venue,home,early,extrovert,1,english;hindi,duo,False,False,False,18,27
1460,Mumbai,19.175,72.878,20,M,coding;food festivals;music festivals;pottery,Love coding and food festivals. chalo saath chalte hain,depends,at_venue,food,on_time,extrovert,2,english;marathi,either,False,False,False,18,26
1461,Hyderabad,17.325,78.457,32,X,anime;hollywood films;musicals;theatre,Love anime and hollywood films.,depends,at_venue,home,on_time,introvert,3,english;telugu,group,True,False,False,28,38
1462,Hyderabad,17.435,78.513,18,M,ai;food festivals;music festivals;startups,Love ai and food festivals. weekend pe plans chahiye,chill,together,food,early,introvert,3,english;hindi,group,False,False,False,18,25
1463,Bengaluru,12.921,77.644,39,F,coding;edm;hip hop;photography,"Love coding and edm. new city, new friends",chill,together,food,early,ambivert,1,english;hindi,group,False,False,False,31,43
1464,Bengaluru,12.981,77.568,27,M,anime;bollywood films;food festivals;music festivals,Love anime and bollywood films. ekdum mast vibe,front_row,at_venue,food,early,introvert,2,english;kannada,either,True,False,False,19,36
1465,Hyderabad,17.408,78.44,34,F,cricket;football;improv;stand-up comedy,Love cricket and football. weekend pe plans chahiye,depends,at_venue,party,relaxed,extrovert,2,english;hindi,duo,True,False,False,30,40
1466,Delhi,28.592,77.219,26,F,ai;food festivals;music festivals;startups,Love ai and food festivals. ekdum mast vibe,depends,together,food,relaxed,ambivert,3,english;hindi,either,True,True,False,21,31
1467,Pune,18.514,73.973,31,M,anime;bollywood films;bollywood music;hip hop,Love anime and bollywood films.,depends,together,food,relaxed,ambivert,2,english;hindi,duo,True,False,False,27,39
1468,Mumbai,19.016,72.866,21,M,football;improv;kabaddi;stand-up comedy,Love football and improv. chalo saath chalte hain,front_row,together,food,relaxed,ambivert,3,english;hindi,group,False,True,False,18,30
1469,Hyderabad,17.33,78.419,27,F,ai;cricket;kabaddi;startups,Love ai and cricket. always up for a good show,front_row,together,party,relaxed,introvert,3,english;telugu,group,False,False,False,20,34
1470,Delhi,28.697,77.18,34,F,anime;hollywood films;startups;tech,Love anime and hollywood films. always up for a good show,depends,at_venue,food,early,introvert,3,english;hindi,duo,True,False,False,29,38
1471,Mumbai,19.094,72.811,33,M,indie music;musicals;rock;theatre,"Love indie music and musicals. new city, new friends",front_row,together,food,on_time,extrovert,3,english;hindi,duo,False,False,False,26,41
1472,Mumbai,19.093,72.91,20,M,anime;bollywood films;cricket;kabaddi,Love anime and bollywood films. weekend pe plans chahiye,chill,together,food,on_time,extrovert,3,english;hindi,duo,True,False,False,18,29
1473,Pune,18.496,73.79,27,M,edm;indie music;musicals;theatre,Love edm and indie music. always up for a good show,depends,together,food,early,introvert,2,english;hindi,duo,True,False,False,21,36
1474,Delhi,28.532,77.26,19,M,food festivals;music festivals;musicals;theatre,Love food festivals and music festivals. ekdum mast vibe,depends,together,party,relaxed,introvert,1,english;hindi,duo,False,False,False,18,28
1475,Bengaluru,13.01,77.509,33,F,coding;football;kabaddi;photography,Love coding and football. ekdum mast vibe,front_row,together,home,relaxed,extrovert,1,english;kannada,duo,True,False,False,27,38
1476,Hyderabad,17.333,78.543,33,F,anime;bollywood films;musicals;theatre,Love anime and bollywood films. chalo saath chalte hain,chill,together,food,early,introvert,3,english;hindi,group,True,False,False,29,38
1477,Pune,18.508,73.839,25,F,improv;musicals;stand-up comedy;theatre,Love improv and musicals. weekend pe plans chahiye,front_row,at_venue,home,relaxed,introvert,3,english;marathi,either,True,False,False,18,34
1478,Pune,18.626,73.804,32,F,food festivals;improv;music festivals;stand-up comedy,Love food festivals and improv. weekend pe plans chahiye,front_row,at_venue,home,early,ambivert,3,english;hindi,group,True,True,False,28,37
1479,Hyderabad,17.384,78.522,34,M,anime;bollywood films;musicals;theatre,Love anime and bollywood films.,depends,at_venue,party,on_time,extrovert,1,english;telugu,group,False,False,False,25,43
1480,Pune,18.491,73.833,28,M,anime;cricket;hollywood films;kabaddi,Love anime and cricket. ekdum mast vibe,front_row,together,home,early,extrovert,2,english;hindi,either,True,False,False,19,36
1481,Mumbai,19.051,72.917,34,F,cricket;kabaddi;musicals;theatre,Love cricket and kabaddi.,depends,together,home,relaxed,ambivert,3,english;marathi,duo,True,False,False,27,38
1482,Pune,18.484,73.8,22,M,food festivals;football;kabaddi;music festivals,Love food festivals and football.,front_row,at_venue,home,relaxed,extrovert,1,english;marathi,duo,False,False,False,18,28
1483,Mumbai,19.196,72.874,33,M,improv;musicals;stand-up comedy;theatre,Love improv and musicals. chalo saath chalte hain,front_row,together,home,on_time,extrovert,1,english;marathi,duo,True,False,False,29,39
1484,Hyderabad,17.397,78.43,40,F,food festivals;music festivals;musicals;theatre,Love food festivals and music festivals.,front_row,together,food,early,ambivert,3,english;hindi,either,False,False,False,31,44
1485,Bengaluru,12.916,77.631,18,F,food festivals;improv;music festivals;stand-up comedy,Love food festivals and improv. chalo saath chalte hain,depends,at_venue,food,early,ambivert,1,english;kannada,group,True,False,True,18,23
1486,Hyderabad,17.427,78.394,23,M,food festivals;improv;music festivals;stand-up comedy,Love food festivals and improv. always up for a good show,depends,at_venue,home,early,extrovert,3,english;telugu,group,False,False,False,18,29
1487,Pune,18.497,73.934,26,F,hip hop;indie music;musicals;theatre,"Love hip hop and indie music. new city, new friends",chill,at_venue,party,on_time,ambivert,3,english;hindi,duo,True,True,False,19,30
1488,Pune,18.486,73.926,32,M,bollywood music;food festivals;indie music;music festivals,Love bollywood music and food festivals. always up for a good show,front_row,together,home,relaxed,extrovert,1,english;marathi,duo,True,False,False,24,40
1489,Delhi,28.669,77.179,22,M,ai;improv;stand-up comedy;tech,Love ai and improv.,chill,at_venue,food,relaxed,extrovert,3,english;hindi,group,True,False,False,18,27
1490,Mumbai,19.036,72.878,30,M,ai;improv;stand-up comedy;tech,Love ai and improv. always up for a good show,front_row,together,party,early,introvert,3,english;marathi,either,True,True,False,26,39
1491,Pune,18.42,73.838,25,F,anime;edm;hip hop;hollywood films,Love anime and edm.,depends,at_venue,food,early,extrovert,3,english;hindi,either,False,False,False,19,32
1492,Hyderabad,17.446,78.442,37,M,improv;musicals;stand-up comedy;theatre,Love improv and musicals. chalo saath chalte hain,front_row,together,party,relaxed,extrovert,2,english;telugu,duo,True,True,False,31,44
1493,Delhi,28.703,77.241,23,F,ai;improv;stand-up comedy;tech,Love ai and improv. chalo saath chalte hain,front_row,at_venue,food,on_time,ambivert,3,english;hindi,either,True,False,False,19,29
1494,Pune,18.557,73.818,24,M,anime;bollywood films;musicals;theatre,Love anime and bollywood films. always up for a good show,depends,at_venue,food,on_time,ambivert,2,english;marathi,group,False,True,False,19,29
1495,Pune,18.545,73.956,23,M,musicals;startups;tech;theatre,Love musicals and startups. always up for a good show,front_row,at_venue,food,on_time,extrovert,1,english;hindi,group,False,True,False,18,27
1496,Bengaluru,13.021,77.597,35,M,ai;indie music;rock;startups,Love ai and indie music.,front_row,at_venue,home,early,extrovert,3,english;kannada,group,True,False,False,27,43
1497,Hyderabad,17.444,78.543,39,F,food festivals;music festivals;musicals;theatre,Love food festivals and music festivals. weekend pe plans chahiye,depends,at_venue,home,relaxed,extrovert,1,english;telugu,duo,False,False,False,31,47
1498,Bengaluru,12.84,77.585,35,F,anime;hip hop;hollywood films;rock,Love anime and hip hop.,front_row,together,food,on_time,introvert,2,english;hindi,either,True,False,True,26,43
1499,Delhi,28.581,77.306,25,F,ai;anime;hollywood films;tech,Love ai and anime. ekdum mast vibe,front_row,at_venue,party,on_time,extrovert,3,english;hindi,either,True,False,False,20,32
1500,Pune,18.581,73.859,32,M,coding;cricket;football;pottery,Love coding and cricket. chalo saath chalte hain,chill,at_venue,party,early,ambivert,1,english;marathi,duo,False,True,False,25,39
